lag,autocorrelation,asset
1,0.9390390299125972,ETHUSD
2,0.8948946338445651,ETHUSD
4,0.8172427803623455,ETHUSD
8,0.6904376490307115,ETHUSD
16,0.5019589064787188,ETHUSD
