regime,rows,realized_mean,sharpe,hit_rate,calibration_slope,prediction_correlation,turnover_mean,cost_mean,asset
all,43800,0.0038125092055075753,0.0015257216399932453,0.5188812785388128,0.10485773373568463,0.041212839687258175,,,ETHUSD
