{
  "prediction_distribution": {
    "rows": 43800,
    "mean": 0.000996978874049274,
    "std": 0.9821270382704278,
    "min": -4.3813700675964355,
    "max": 3.826953649520874,
    "median": 0.032305292785167694,
    "q01": -2.5821135115623473,
    "q05": -1.6731281101703641,
    "q25": -0.5998059064149857,
    "q75": 0.632140263915062,
    "q95": 1.5647774994373318,
    "q99": 2.2620153760910053,
    "skew": -0.21760372723477067,
    "kurtosis": 0.49119616356550866,
    "positive_rate": 0.5149086757990867,
    "negative_rate": 0.4850913242009132,
    "zero_rate": 0.0
  },
  "expected_net_return_distribution": {
    "rows": 0,
    "mean": null,
    "std": null,
    "min": null,
    "max": null,
    "median": null,
    "q01": null,
    "q05": null,
    "q25": null,
    "q75": null,
    "q95": null,
    "q99": null,
    "skew": null,
    "kurtosis": null,
    "positive_rate": null,
    "negative_rate": null,
    "zero_rate": null
  },
  "prediction_vs_realized": {
    "evaluation_rows": 43800,
    "correlation": 0.041212839687258175,
    "spearman_rank_correlation": 0.046412144458466406,
    "calibration_slope": 0.10485773373568463,
    "calibration_intercept": 0.003707968260192414,
    "directional_accuracy": 0.5188812785388128,
    "mean_prediction": 0.000996978874049274,
    "mean_realized": 0.0038125092055075753
  },
  "quantile_monotonicity": {
    "monotonicity": 0.8060606060606059,
    "monotonic_increasing_steps": 5,
    "quantile_count": 10
  },
  "residuals": {
    "ETHUSD": {
      "rows": 43800,
      "distribution": {
        "rows": 43800,
        "mean": 0.002815530331458312,
        "std": 2.646961805598822,
        "min": -6.710460424423218,
        "max": 8.175525665283203,
        "median": -0.034076655271726375,
        "q01": -5.304266695976257,
        "q05": -4.322312246808261,
        "q25": -1.937962471373682,
        "q75": 1.9473564980563882,
        "q95": 4.281492786711796,
        "q99": 5.646008086204533,
        "skew": 0.0495241913227898,
        "kurtosis": -0.6644014249349701,
        "positive_rate": 0.4944292237442922,
        "negative_rate": 0.5055707762557078,
        "zero_rate": 0.0
      },
      "autocorrelation": [
        {
          "lag": 1,
          "autocorrelation": 0.9466819731857272
        },
        {
          "lag": 2,
          "autocorrelation": 0.8988226388361418
        },
        {
          "lag": 4,
          "autocorrelation": 0.8093692837203873
        },
        {
          "lag": 8,
          "autocorrelation": 0.6454964868577803
        }
      ],
      "residual_vs_forecast_abs_correlation": 0.0472088553490932,
      "residual_vs_volatility_correlation": null
    }
  },
  "turnover_cost": {
    "rows": 73965,
    "total_turnover": 626.0,
    "avg_turnover": 0.00846346244845535,
    "rebalance_frequency": 0.0083823430000676,
    "churn_frequency": 0.0083823430000676,
    "total_cost": 0.0626,
    "gross_pnl": 1.253608251023739,
    "net_pnl": 1.1910082510237392,
    "cost_to_abs_gross_pnl": 0.002559939961630868,
    "turnover_vs_net_pnl_correlation": -0.002321281436459972
  },
  "residual_diagnostics": {
    "ETHUSD": {
      "rows": 43800,
      "distribution": {
        "rows": 43800,
        "mean": 0.002815530331458312,
        "std": 2.646961805598822,
        "min": -6.710460424423218,
        "max": 8.175525665283203,
        "median": -0.034076655271726375,
        "q01": -5.304266695976257,
        "q05": -4.322312246808261,
        "q25": -1.937962471373682,
        "q75": 1.9473564980563882,
        "q95": 4.281492786711796,
        "q99": 5.646008086204533,
        "skew": 0.0495241913227898,
        "kurtosis": -0.6644014249349701,
        "positive_rate": 0.4944292237442922,
        "negative_rate": 0.5055707762557078,
        "zero_rate": 0.0
      },
      "autocorrelation": [
        {
          "lag": 1,
          "autocorrelation": 0.9466819731857272
        },
        {
          "lag": 2,
          "autocorrelation": 0.8988226388361418
        },
        {
          "lag": 4,
          "autocorrelation": 0.8093692837203873
        },
        {
          "lag": 8,
          "autocorrelation": 0.6454964868577803
        }
      ],
      "residual_vs_forecast_abs_correlation": 0.0472088553490932,
      "residual_vs_volatility_correlation": null
    }
  }
}