trade_id,asset,side,signal_timestamp,entry_timestamp,exit_timestamp,entry_price,exit_price,raw_entry_price,raw_exit_price,bars_held,position_size,gross_return,net_return,entry_cost,exit_cost,holding_cost,total_cost,entry_turnover,exit_turnover,holding_turnover,total_turnover,trade_r,gross_trade_r,total_cost_r,max_favorable_r,max_adverse_r,time_to_mfe,time_to_mae,exit_reason,risk_distance,risk_distance_source,cost_return,gross_r_multiple,net_r_multiple,mfe_r_multiple,mae_r_multiple,cost_component_reconciliation,gross_pnl_currency,net_pnl_currency,cost_currency,return_unit,r_multiple_unit,currency_pnl_available,was_ever_positive,was_ever_0_5r,lost_but_reached_0_5r,was_ever_1r,lost_but_reached_1r,was_ever_1_5r,lost_but_reached_1_5r,was_ever_2r,lost_but_reached_2r,lost_but_was_positive,giveback_r,capture_ratio,positive_mfe_capture_ratio,abs_mae_r,pred_prob,pred_is_oos
0,ETHUSD,long,2022-03-18 00:00:00,2022-03-18 00:00:00,2022-03-18 12:00:00,2809.1,2804.1,2809.1,2804.1,24,1.0,-0.001779929514791334,-0.001979314381474806,0.0001,9.938486668347188e-05,0.0,0.00019938486668347188,1.0,1.0,0.0,2.0,-0.3021536549755922,-0.27163199723794745,0.03052165773764473,0.3123767968236396,-2.156758058069293,17,1,position_exit,18.407257064122824,atr_48,0.00019938486668347188,-0.27163199723794745,-0.3021536549755922,0.3123767968236396,-2.156758058069293,0.0,,,,fractional_return,R,False,True,False,False,False,False,False,False,False,False,True,0.6145304517992318,-0.9672730434782608,-0.9672730434782608,2.156758058069293,0.5836385488510132,True
1,ETHUSD,short,2022-03-24 05:30:00,2022-03-24 05:30:00,2022-03-24 17:30:00,3049.5,3099.45,3049.5,3099.45,24,1.0,-0.01677584747175176,-0.016971814464463608,0.0001,9.596699271184903e-05,0.0,0.00019596699271184903,1.0,1.0,0.0,2.0,-2.5205992372830166,-2.490193451772782,0.03040578551023474,2.260866327085002,-4.005746623622516,16,20,position_exit,20.058682575219265,atr_48,0.00019596699271184903,-2.490193451772782,-2.5205992372830166,2.260866327085002,-4.005746623622516,0.0,,,,fractional_return,R,False,True,True,True,True,True,True,True,True,True,True,4.781465564368018,-1.11488202866593,-1.11488202866593,4.005746623622516,0.3365729749202728,True
2,ETHUSD,short,2022-03-25 18:00:00,2022-03-25 18:00:00,2022-03-26 07:00:00,3125.0,3120.15,3125.0,3120.15,24,1.0,0.001236421651939823,0.001036251670329058,0.0001,0.00010016998161076493,0.0,0.00020016998161076494,1.0,1.0,0.0,2.0,0.2115256809145583,0.24281646211493743,0.03129078120037912,2.080211134201213,-0.4080317868529483,3,22,position_exit,19.973934047783615,atr_48,0.00020016998161076494,0.24281646211493743,0.2115256809145583,2.080211134201213,-0.4080317868529483,0.0,,,,fractional_return,R,False,True,True,False,True,False,True,False,True,False,False,1.8686854532866548,0.10168471720818029,0.10168471720818029,0.4080317868529483,0.37867870926856995,True
3,ETHUSD,long,2022-03-28 13:30:00,2022-03-28 13:30:00,2022-03-29 01:30:00,3380.3,3390.8500000000004,3380.3,3390.8500000000004,24,1.0,0.003121024761115976,0.0029208542905958534,0.0001,0.00010017047052012237,0.0,0.00020017047052012238,1.0,1.0,0.0,2.0,0.5954139873923531,0.6361814601860369,0.04076747279368386,3.147741442816155,-3.7899530590229347,12,20,reversal,16.583318848862827,atr_48,0.00020017047052012238,0.6361814601860369,0.5954139873923531,3.147741442816155,-3.7899530590229347,0.0,,,,fractional_return,R,False,True,True,False,True,False,True,False,True,False,False,2.5523274554238022,0.18915593869732217,0.18915593869732217,3.7899530590229347,0.6551835536956787,True
4,ETHUSD,short,2022-03-29 01:30:00,2022-03-29 01:30:00,2022-03-29 13:30:00,3390.8500000000004,3445.45,3390.8500000000004,3445.45,24,1.0,-0.016144767156005657,-0.016341152932975667,0.0001,9.638577697000947e-05,0.0,0.00019638577697000947,1.0,1.0,0.0,2.0,-2.7366606227671024,-2.703086408307,0.033574214460102135,1.081729634093581,-4.576929275604106,3,21,position_exit,20.199132307500516,atr_48,0.00019638577697000947,-2.703086408307,-2.7366606227671024,1.081729634093581,-4.576929275604106,0.0,,,,fractional_return,R,False,True,True,True,True,True,False,False,False,False,True,3.8183902568606833,-2.529893363844327,-2.529893363844327,4.576929275604106,0.3259502947330475,True
5,ETHUSD,short,2022-03-30 11:00:00,2022-03-30 11:00:00,2022-03-30 23:00:00,3413.3,3391.65,3413.3,3391.65,24,1.0,0.005836750693178461,0.005635550367325326,0.0001,0.00010120032585313474,0.0,0.00020120032585313474,1.0,1.0,0.0,2.0,0.9883816260852919,1.0205616069919488,0.03217998090665685,2.9768344333275465,-1.623942141379783,8,14,position_exit,21.213809976462194,atr_48,0.00020120032585313474,1.0205616069919488,0.9883816260852919,2.9768344333275465,-1.623942141379783,0.0,,,,fractional_return,R,False,True,True,False,True,False,True,False,True,False,False,1.9884528072422545,0.332024386381632,0.332024386381632,1.623942141379783,0.35478273034095764,True
6,ETHUSD,short,2022-04-03 06:00:00,2022-04-03 06:00:00,2022-04-03 18:00:00,3502.35,3496.9,3502.35,3496.9,24,1.0,0.0013701430416444005,0.0011697929798717421,0.0001,0.00010035006177265835,0.0,0.00020035006177265835,1.0,1.0,0.0,2.0,0.2126664922351459,0.24403096362830656,0.03136447139316066,1.3612002374863834,-0.7970185601071644,6,18,position_exit,22.333231484103525,atr_48,0.00020035006177265835,0.24403096362830656,0.2126664922351459,1.3612002374863834,-0.7970185601071644,0.0,,,,fractional_return,R,False,True,True,False,True,False,False,False,False,False,False,1.1485337452512376,0.15623453947367774,0.15623453947367774,0.7970185601071644,0.39163997769355774,True
7,ETHUSD,long,2022-04-04 15:30:00,2022-04-04 15:30:00,2022-04-05 03:30:00,3425.2,3524.6,3425.2,3524.6,24,1.0,0.029020203199813244,0.028814425505225838,0.0001,0.00010577769458740569,0.0,0.0002057776945874057,1.0,1.0,0.0,2.0,4.693390021318769,4.725960159626116,0.03257013830734679,5.790965266020737,-0.7583406895979439,14,5,position_exit,21.032763003203968,atr_48,0.0002057776945874057,4.725960159626116,4.693390021318769,5.790965266020737,-0.7583406895979439,0.0,,,,fractional_return,R,False,True,True,False,True,False,True,False,True,False,False,1.097575244701968,0.810467651888341,0.810467651888341,0.7583406895979439,0.5985636115074158,True
8,ETHUSD,short,2022-04-07 19:00:00,2022-04-07 19:00:00,2022-04-08 07:00:00,3224.65,3250.65,3224.65,3250.65,24,1.0,-0.008281692376641114,-0.008479526347958122,0.0001,9.783397131700741e-05,0.0,0.00019783397131700742,1.0,1.0,0.0,2.0,-1.040884199507897,-1.0156900088386542,0.02519419066924282,1.0098302587876584,-2.0118475175073343,4,15,position_exit,25.598361482090926,atr_48,0.00019783397131700742,-1.0156900088386542,-1.040884199507897,1.0098302587876584,-2.0118475175073343,0.0,,,,fractional_return,R,False,True,True,True,True,True,False,False,False,False,True,2.0507144582955554,-1.030751644100584,-1.030751644100584,2.0118475175073343,0.3915212154388428,True
9,ETHUSD,short,2022-04-11 18:00:00,2022-04-11 18:00:00,2022-04-12 06:00:00,3025.9,3015.8,3025.9,3015.8,24,1.0,0.002765569099012044,0.0025651503800907527,0.0001,0.00010041871892129137,0.0,0.00020041871892129137,1.0,1.0,0.0,2.0,0.4622165292963623,0.491677245686939,0.029460716390576677,3.6754091137984384,-0.6912689988865849,7,2,position_exit,20.541930887789725,atr_48,0.00020041871892129137,0.491677245686939,0.4622165292963623,3.6754091137984384,-0.6912689988865849,0.0,,,,fractional_return,R,False,True,True,False,True,False,True,False,True,False,False,3.213192584502076,0.12575920529801204,0.12575920529801204,0.6912689988865849,0.40090566873550415,True
10,ETHUSD,long,2022-04-12 18:00:00,2022-04-12 18:00:00,2022-04-13 06:00:00,3011.0,3056.7,3011.0,3056.7,24,1.0,0.015177681833277168,0.014974345951676904,0.0001,0.00010333588160026394,0.0,0.00020333588160026395,1.0,1.0,0.0,2.0,2.0434484266243516,2.070735004739319,0.027286578114967684,2.689236816877021,-1.9619874333744696,23,5,position_exit,22.069458378501164,atr_48,0.00020333588160026395,2.070735004739319,2.0434484266243516,2.689236816877021,-1.9619874333744696,0.0,,,,fractional_return,R,False,True,True,False,True,False,True,False,True,False,False,0.6457883902526693,0.7598618365627554,0.7598618365627554,1.9619874333744696,0.5706661939620972,True
11,ETHUSD,short,2022-04-14 01:30:00,2022-04-14 01:30:00,2022-04-14 13:30:00,3140.2,3047.1,3140.2,3047.1,24,1.0,0.030203035897709896,0.029998484809878656,0.0001,0.00010455108783123954,0.0,0.00020455108783123954,1.0,1.0,0.0,2.0,4.730865209002442,4.76299573360538,0.032130524602937985,4.929265724305868,-0.2148719879822118,24,1,position_exit,19.546521812549948,atr_48,0.00020455108783123954,4.76299573360538,4.730865209002442,4.929265724305868,-0.2148719879822118,0.0,,,,fractional_return,R,False,True,True,False,True,False,True,False,True,False,False,0.19840051530342606,0.9597504929942959,0.9597504929942959,0.2148719879822118,0.40908312797546387,True
12,ETHUSD,short,2022-04-18 13:30:00,2022-04-18 13:30:00,2022-04-19 01:30:00,2923.5,3053.3,2923.5,3053.3,24,1.0,-0.04314788788287127,-0.04333890651582917,0.0001,9.101863295789556e-05,0.0,0.00019101863295789556,1.0,1.0,0.0,2.0,-8.638127745073607,-8.599390736110557,0.03873700896304958,1.8351550338232707,-11.275934539953877,5,21,position_exit,15.094092591344186,atr_48,0.00019101863295789556,-8.599390736110557,-8.638127745073607,1.8351550338232707,-11.275934539953877,0.0,,,,fractional_return,R,False,True,True,True,True,True,True,True,False,False,True,10.473282778896877,-4.7070288808664635,-4.7070288808664635,11.275934539953877,0.37688055634498596,True
13,ETHUSD,long,2022-04-20 00:00:00,2022-04-20 00:00:00,2022-04-20 12:00:00,3068.15,3148.8,3068.15,3148.8,24,1.0,0.026286198523540527,0.026080757638154095,0.0001,0.00010544088538643201,0.0,0.00020544088538643202,1.0,1.0,0.0,2.0,4.835521412923082,4.872594820982593,0.037073408059510794,5.972176045308474,-0.0030208275393678327,23,1,position_exit,16.551755884298306,atr_48,0.00020544088538643202,4.872594820982593,4.835521412923082,5.972176045308474,-0.0030208275393678327,0.0,,,,fractional_return,R,False,True,True,False,True,False,True,False,True,False,False,1.1366546323853912,0.8096749620637345,0.8096749620637345,0.0030208275393678327,0.6122561693191528,True
14,ETHUSD,long,2022-04-21 04:30:00,2022-04-21 04:30:00,2022-04-21 16:30:00,3084.8500000000004,3079.7,3084.8500000000004,3079.7,24,1.0,-0.0016694490818037755,-0.0018694390651085024,0.0001,9.998998330472694e-05,0.0,0.00019998998330472695,1.0,1.0,0.0,2.0,-0.35572047635964144,-0.31766429394503076,0.03805618241461066,5.819733229846661,-1.0547688206717605,16,3,position_exit,16.212083316142895,atr_48,0.00019998998330472695,-0.31766429394503076,-0.35572047635964144,5.819733229846661,-1.0547688206717605,0.0,,,,fractional_return,R,False,True,True,True,True,True,True,True,True,True,True,6.175453706206302,-0.061123158452576355,-0.061123158452576355,1.0547688206717605,0.6191257238388062,True
15,ETHUSD,long,2022-04-25 11:30:00,2022-04-25 11:30:00,2022-04-25 23:30:00,2862.9,3007.3,2862.9,3007.3,24,1.0,0.05043836669111723,0.05022807647280736,0.0001,0.00011029021830987204,0.0,0.00021029021830987205,1.0,1.0,0.0,2.0,9.157353087711197,9.193808703969639,0.03645561625844137,10.397153472009961,-1.282931062222915,17,4,position_exit,15.70622194234388,atr_48,0.00021029021830987205,9.193808703969639,9.157353087711197,10.397153472009961,-1.282931062222915,0.0,,,,fractional_return,R,False,True,True,False,True,False,True,False,True,False,False,1.2398003842987642,0.8807557868952869,0.8807557868952869,1.282931062222915,0.5702452063560486,True
16,ETHUSD,short,2022-04-28 01:00:00,2022-04-28 01:00:00,2022-04-28 13:00:00,2894.95,2908.2,2894.95,2908.2,24,1.0,-0.0048019900273083005,-0.0050008050402198245,0.0001,9.881501291152403e-05,0.0,0.00019881501291152404,1.0,1.0,0.0,2.0,-0.6491183300867364,-0.621941144917254,0.027177185169482334,1.1382696425844083,-2.452560363918983,1,16,position_exit,21.304266662986,atr_48,0.00019881501291152404,-0.621941144917254,-0.6491183300867364,1.1382696425844083,-2.452560363918983,0.0,,,,fractional_return,R,False,True,True,True,True,True,False,False,False,False,True,1.7873879726711448,-0.5702676288659794,-0.5702676288659794,2.452560363918983,0.38370442390441895,True
17,ETHUSD,long,2022-04-29 16:30:00,2022-04-29 16:30:00,2022-04-30 04:30:00,2814.9,2821.8,2814.9,2821.8,24,1.0,0.0024512416071620358,0.002250988722156455,0.0001,0.00010025288500558069,0.0,0.0002002528850055807,1.0,1.0,0.0,2.0,0.3037083186988809,0.33068972466905194,0.026981405970171075,1.1094879892881857,-1.8499454162645228,19,6,position_exit,20.865480495063707,atr_48,0.0002002528850055807,0.33068972466905194,0.3037083186988809,1.1094879892881857,-1.8499454162645228,0.0,,,,fractional_return,R,False,True,True,False,True,False,False,False,False,False,False,0.8057796705893048,0.273737365010802,0.273737365010802,1.8499454162645228,0.5703443288803101,True
18,ETHUSD,short,2022-05-01 22:30:00,2022-05-01 22:30:00,2022-05-02 10:30:00,2807.55,2806.0,2807.55,2806.0,24,1.0,0.00011064857811238227,-8.901320350496178e-05,0.0001,9.966178161734404e-05,0.0,0.00019966178161734405,1.0,1.0,0.0,2.0,0.05512159737256959,0.0864333234807405,0.03131172610817091,0.2871816876940446,-3.7389382834728684,24,15,position_exit,17.93289830334432,atr_48,0.00019966178161734405,0.0864333234807405,0.05512159737256959,0.2871816876940446,-3.7389382834728684,0.0,,,,fractional_return,R,False,True,False,False,False,False,False,False,False,False,False,0.23206009032147504,0.19193980582527465,0.19193980582527465,3.7389382834728684,0.4106268882751465,True
19,ETHUSD,long,2022-05-05 14:30:00,2022-05-05 14:30:00,2022-05-06 02:30:00,2830.2,2745.8,2830.2,2745.8,24,1.0,-0.029821214048477374,-0.030015609298813195,0.0001,9.43952503358215e-05,0.0,0.0001943952503358215,1.0,1.0,0.0,2.0,-5.157517032320647,-5.123157881994531,0.03435915032611608,0.0,-8.598285710717139,1,9,position_exit,16.474214135899576,atr_48,0.0001943952503358215,-5.123157881994531,-5.157517032320647,0.0,-8.598285710717139,0.0,,,,fractional_return,R,False,False,False,False,False,False,False,False,False,False,False,5.157517032320647,,,8.598285710717139,0.5857795476913452,True
20,ETHUSD,short,2022-05-07 15:00:00,2022-05-07 15:00:00,2022-05-08 03:00:00,2694.95,2538.25,2694.95,2538.25,24,1.0,0.06077262078940171,0.06056093258362294,0.0001,0.00011168820577877056,0.0,0.00021168820577877057,1.0,1.0,0.0,2.0,8.967952252627336,8.99890515556158,0.030952902934244683,10.156071325852372,-0.2900093875914976,24,6,position_exit,17.413229419709435,atr_48,0.00021168820577877057,8.99890515556158,8.967952252627336,10.156071325852372,-0.2900093875914976,0.0,,,,fractional_return,R,False,True,True,False,True,False,True,False,True,False,False,1.1881190732250353,0.8830139100932989,0.8830139100932989,0.2900093875914976,0.38507428765296936,True
21,ETHUSD,short,2022-05-08 22:00:00,2022-05-08 22:00:00,2022-05-09 10:00:00,2532.3,2420.5,2532.3,2420.5,24,1.0,0.04519292221625992,0.044984922622411494,0.0001,0.00010799959384842914,0.0,0.00020799959384842914,1.0,1.0,0.0,2.0,5.759571596509563,5.785781497198931,0.026209900689368213,6.21790381832246,-0.5537375851523024,24,1,position_exit,19.32323231600189,atr_48,0.00020799959384842914,5.785781497198931,5.759571596509563,6.21790381832246,-0.5537375851523024,0.0,,,,fractional_return,R,False,True,True,False,True,False,True,False,True,False,False,0.45833222181289734,0.9262883062838126,0.9262883062838126,0.5537375851523024,0.41466012597084045,True
22,ETHUSD,long,2022-05-12 21:30:00,2022-05-12 21:30:00,2022-05-13 09:30:00,1908.9,2073.9,1908.9,2073.9,24,1.0,0.08643721515008651,0.08621969761904791,0.0001,0.00011751753103860238,0.0,0.00021751753103860239,1.0,1.0,0.0,2.0,2.9121867887790174,2.9189406868118115,0.006753898032794022,4.051135862302454,-0.2839333213535158,16,2,position_exit,56.52735622395255,atr_48,0.00021751753103860239,2.9189406868118115,2.9121867887790174,4.051135862302454,-0.2839333213535158,0.0,,,,fractional_return,R,False,True,True,False,True,False,True,False,True,False,False,1.1389490735234364,0.7188568558951964,0.7188568558951964,0.2839333213535158,0.695315420627594,True
23,ETHUSD,short,2022-05-13 23:30:00,2022-05-13 23:30:00,2022-05-14 11:30:00,2005.65,1981.8,2005.65,1981.8,24,1.0,0.011065712622663426,0.010863004675235377,0.0001,0.00010270794742804909,0.0,0.0002027079474280491,1.0,1.0,0.0,2.0,0.594549250110309,0.6047199551675995,0.010170705057290475,0.9774404306797039,-1.5377889006672854,24,4,position_exit,39.43974363040501,atr_48,0.0002027079474280491,0.6047199551675995,0.594549250110309,0.9774404306797039,-1.5377889006672854,0.0,,,,fractional_return,R,False,True,True,False,False,False,False,False,False,False,False,0.38289118056939486,0.6082715953307399,0.6082715953307399,1.5377889006672854,0.3146328330039978,True
24,ETHUSD,long,2022-05-18 20:00:00,2022-05-18 20:00:00,2022-05-19 08:00:00,1953.3,1949.7,1953.3,1949.7,24,1.0,-0.0018430348640759986,-0.002042702346797598,0.0001,9.96674827215994e-05,0.0,0.0001996674827215994,1.0,1.0,0.0,2.0,-0.2056784211888051,-0.18554382389872767,0.02013459729007744,0.9483350999268589,-2.7058474318565136,2,12,position_exit,19.402424313324694,atr_48,0.0001996674827215994,-0.18554382389872767,-0.2056784211888051,0.9483350999268589,-2.7058474318565136,0.0,,,,fractional_return,R,False,True,True,True,False,False,False,False,False,False,True,1.1540135211156641,-0.2168836956521679,-0.2168836956521679,2.7058474318565136,0.6337908506393433,True
25,ETHUSD,long,2022-05-20 15:00:00,2022-05-20 15:00:00,2022-05-21 03:00:00,1965.5,1949.1,1965.5,1949.1,24,1.0,-0.008343932841516244,-0.00854268146781989,0.0001,9.874862630364642e-05,0.0,0.00019874862630364643,1.0,1.0,0.0,2.0,-0.9111901142038729,-0.8898605899413162,0.021329524262556677,0.5751537959376719,-2.4091347678898964,16,6,position_exit,18.429853153831235,atr_48,0.00019874862630364643,-0.8898605899413162,-0.9111901142038729,0.5751537959376719,-2.4091347678898964,0.0,,,,fractional_return,R,False,True,True,True,False,False,False,False,False,False,True,1.4863439101415448,-1.584254716981154,-1.584254716981154,2.4091347678898964,0.6350130438804626,True
26,ETHUSD,long,2022-05-23 22:00:00,2022-05-23 22:00:00,2022-05-24 10:00:00,1968.2,1970.1,1968.2,1970.1,24,1.0,0.00096534904989376,0.0007651405883544182,0.0001,0.00010020846153934179,0.0,0.0002002084615393418,1.0,1.0,0.0,2.0,0.10397082604831961,0.13114034460010288,0.027169518551783265,1.6012926288013742,-1.2147737184010496,13,22,position_exit,14.488295007868793,atr_48,0.0002002084615393418,0.13114034460010288,0.10397082604831961,1.6012926288013742,-1.2147737184010496,0.0,,,,fractional_return,R,False,True,True,False,True,False,True,False,False,False,False,1.4973218027530546,0.06492931034482158,0.06492931034482158,1.2147737184010496,0.6338929533958435,True
27,ETHUSD,long,2022-05-26 03:00:00,2022-05-26 03:00:00,2022-05-26 15:00:00,1935.9,1850.1,1935.9,1850.1,24,1.0,-0.04432047109871384,-0.04451170591352849,0.0001,9.123481481464477e-05,0.0,0.00019123481481464477,1.0,1.0,0.0,2.0,-6.262363542449795,-6.23423102997676,0.02813251247303493,0.9155164449616136,-14.444815020505576,2,20,position_exit,13.762723836739177,atr_48,0.00019123481481464477,-6.23423102997676,-6.262363542449795,0.9155164449616136,-14.444815020505576,0.0,,,,fractional_return,R,False,True,True,True,False,False,False,False,False,False,True,7.1778799874114085,-6.840252380952445,-6.840252380952445,14.444815020505576,0.5759641528129578,True
28,ETHUSD,long,2022-05-31 06:00:00,2022-05-31 06:00:00,2022-05-31 18:00:00,1968.8,1960.0,1968.8,1960.0,24,1.0,-0.004469727752946406,-0.00466913873323882,0.0001,9.941098029241377e-05,0.0,0.00019941098029241378,1.0,1.0,0.0,2.0,-0.6061284581321803,-0.5801685525359793,0.025959905596200955,1.9580688648089433,-2.6503154331757406,20,16,position_exit,15.168005851979059,atr_48,0.00019941098029241378,-0.5801685525359793,-0.6061284581321803,1.9580688648089433,-2.6503154331757406,0.0,,,,fractional_return,R,False,True,True,True,True,True,True,True,False,False,True,2.5641973229411237,-0.30955420875420675,-0.30955420875420675,2.6503154331757406,0.6054856777191162,True
29,ETHUSD,short,2022-06-01 14:00:00,2022-06-01 14:00:00,2022-06-02 02:00:00,1921.0,1827.6,1921.0,1827.6,24,1.0,0.04935009608009522,0.049140003004343846,0.0001,0.00011009307575137192,0.0,0.00021009307575137193,1.0,1.0,0.0,2.0,6.110072914451215,6.135310454887701,0.025237540436486645,10.424772689407668,-0.3153050340841612,13,1,position_exit,15.223353518417783,atr_48,0.00021009307575137193,6.135310454887701,6.110072914451215,10.424772689407668,-0.3153050340841612,0.0,,,,fractional_return,R,False,True,True,False,True,False,True,False,True,False,False,4.314699774956453,0.5861109010712048,0.5861109010712048,0.3153050340841612,0.39539894461631775,True
30,ETHUSD,short,2022-06-03 21:30:00,2022-06-03 21:30:00,2022-06-04 09:30:00,1787.35,1772.15,1787.35,1772.15,24,1.0,0.008372319702697473,0.008170746191005218,0.0001,0.00010157351169225457,0.0,0.00020157351169225457,1.0,1.0,0.0,2.0,0.992462145665598,1.0163647716472255,0.023902625981627505,2.724793713462167,-0.42794306174621144,10,1,position_exit,14.955260575752867,atr_48,0.00020157351169225457,1.0163647716472255,0.992462145665598,2.724793713462167,-0.42794306174621144,0.0,,,,fractional_return,R,False,True,True,False,True,False,True,False,True,False,False,1.7323315677965692,0.36423386503067035,0.36423386503067035,0.42794306174621144,0.41780343651771545,True
31,ETHUSD,long,2022-06-07 00:00:00,2022-06-07 00:00:00,2022-06-07 12:30:00,1808.0,1749.6,1808.0,1749.6,25,1.0,-0.03230088495575256,-0.03249374039048647,0.0001,9.285543473390731e-05,0.0,0.00019285543473390732,1.0,1.0,0.0,2.0,-4.4702749668801935,-4.442766331512472,0.02750863536772102,0.03803738297527796,-6.32181305049119,1,4,position_exit,13.144963214871284,atr_48,0.00019285543473390732,-4.442766331512472,-4.4702749668801935,0.03803738297527796,-6.32181305049119,0.0,,,,fractional_return,R,False,True,False,False,False,False,False,False,False,False,True,4.508312349855472,-117.52320000000019,-117.52320000000019,6.32181305049119,0.6031893491744995,True
32,ETHUSD,long,2022-06-11 08:30:00,2022-06-11 08:30:00,2022-06-11 20:30:00,1577.5,1521.65,1577.5,1521.65,24,1.0,-0.03540412044373964,-0.035598031458319745,0.0001,9.391101458010595e-05,0.0,0.00019391101458010596,1.0,1.0,0.0,2.0,-4.049531561909051,-4.026784017459481,0.02274754444956971,2.5126843869017508,-5.584143637461728,2,14,position_exit,13.869628904317537,atr_48,0.00019391101458010596,-4.026784017459481,-4.049531561909051,2.5126843869017508,-5.584143637461728,0.0,,,,fractional_return,R,False,True,True,True,True,True,True,True,True,True,True,6.562215948810802,-1.6116355810616945,-1.6116355810616945,5.584143637461728,0.6470282673835754,True
33,ETHUSD,short,2022-06-15 01:30:00,2022-06-15 01:30:00,2022-06-15 13:30:00,1219.25,1137.95,1219.25,1137.95,24,1.0,0.06235429854855301,0.06214066964394371,0.0001,0.00011362890460929762,0.0,0.00021362890460929762,1.0,1.0,0.0,2.0,2.8079399897219393,2.8163874198860133,0.00844743016407386,7.14143009359781,-0.03810610285208315,15,1,position_exit,28.866767201825656,atr_48,0.00021362890460929762,2.8163874198860133,2.8079399897219393,7.14143009359781,-0.03810610285208315,0.0,,,,fractional_return,R,False,True,True,False,True,False,True,False,True,False,False,4.333490103875871,0.393190152801358,0.393190152801358,0.03810610285208315,0.4007466435432434,True
34,ETHUSD,long,2022-06-18 20:00:00,2022-06-18 20:00:00,2022-06-19 08:00:00,900.1500000000001,960.45,900.1500000000001,960.45,24,1.0,0.06698883519413346,0.06677614791034725,0.0001,0.00011268728378620593,0.0,0.00021268728378620594,1.0,1.0,0.0,2.0,3.4813013619543023,3.49172616230255,0.010424800348247573,6.404393259546634,-0.7875203284795222,5,1,position_exit,17.269395478663856,atr_48,0.00021268728378620594,3.49172616230255,3.4813013619543023,6.404393259546634,-0.7875203284795222,0.0,,,,fractional_return,R,False,True,True,False,True,False,True,False,True,False,False,2.9230918975923315,0.5435801989150091,0.5435801989150091,0.7875203284795222,0.802818238735199,True
35,ETHUSD,long,2022-06-19 20:00:00,2022-06-19 20:00:00,2022-06-20 08:00:00,1124.1,1114.45,1124.1,1114.45,24,1.0,-0.008584645494173149,-0.00877969861889527,0.0001,9.50531247221221e-05,0.0,0.0001950531247221221,1.0,1.0,0.0,2.0,-0.4598669237518377,-0.44939713475336585,0.010469788998471827,1.5251560790852787,-3.3739712344955164,1,13,position_exit,21.47321211848823,atr_48,0.0001950531247221221,-0.44939713475336585,-0.4598669237518377,1.5251560790852787,-3.3739712344955164,0.0,,,,fractional_return,R,False,True,True,True,True,True,True,True,False,False,True,1.9850230028371163,-0.30152122137404164,-0.30152122137404164,3.3739712344955164,0.6367266178131104,True
36,ETHUSD,long,2022-06-20 20:00:00,2022-06-20 20:00:00,2022-06-21 08:00:00,1116.85,1156.05,1116.85,1156.05,24,1.0,0.03509871513632157,0.03489247569011056,0.0001,0.00010623944621100953,0.0,0.00020623944621100954,1.0,1.0,0.0,2.0,1.8684161002645525,1.8791237500617795,0.010707649797227018,2.3680794197207136,-1.3038817857571428,24,4,position_exit,20.860786842117918,atr_48,0.00020623944621100954,1.8791237500617795,1.8684161002645525,2.3680794197207136,-1.3038817857571428,0.0,,,,fractional_return,R,False,True,True,False,True,False,True,False,True,False,False,0.49966331945616105,0.7890006072874489,0.7890006072874489,1.3038817857571428,0.6351490616798401,True
37,ETHUSD,long,2022-06-25 15:30:00,2022-06-25 15:30:00,2022-06-26 03:30:00,1183.05,1232.6,1183.05,1232.6,24,1.0,0.04188326782469032,0.04167480439330551,0.0001,0.00010846343138480882,0.0,0.00020846343138480883,1.0,1.0,0.0,2.0,3.7243813565958153,3.7422512672384243,0.01786991064260917,5.44533433638529,-0.27566533048273967,12,1,position_exit,13.240692957681896,atr_48,0.00020846343138480883,3.7422512672384243,3.7243813565958153,5.44533433638529,-0.27566533048273967,0.0,,,,fractional_return,R,False,True,True,False,True,False,True,False,True,False,False,1.720952979789475,0.6839582524271827,0.6839582524271827,0.27566533048273967,0.6092800498008728,True
38,ETHUSD,long,2022-07-02 00:00:00,2022-07-02 00:00:00,2022-07-02 12:00:00,1061.6,1045.25,1061.6,1045.25,24,1.0,-0.01540128108515415,-0.015597927256499666,0.0001,9.664617134551587e-05,0.0,0.00019664617134551587,1.0,1.0,0.0,2.0,-1.184901827551314,-1.169712025879465,0.015189801671848892,0.13950693886637852,-2.5433188085636185,1,18,position_exit,13.97779935425296,atr_48,0.00019664617134551587,-1.169712025879465,-1.184901827551314,0.13950693886637852,-2.5433188085636185,0.0,,,,fractional_return,R,False,True,False,False,False,False,False,False,False,False,True,1.3244087664176925,-8.4934974358962,-8.4934974358962,2.5433188085636185,0.6157329082489014,True
39,ETHUSD,long,2022-07-05 02:00:00,2022-07-05 02:00:00,2022-07-05 14:00:00,1145.15,1100.05,1145.15,1100.05,24,1.0,-0.03938348687944759,-0.039575076679473575,0.0001,9.158980002598191e-05,0.0,0.00019158980002598192,1.0,1.0,0.0,2.0,-4.56971494638243,-4.546625949901147,0.023088996481282854,2.706805027823614,-5.968076634903487,8,23,position_exit,9.919443670306924,atr_48,0.00019158980002598192,-4.546625949901147,-4.56971494638243,2.706805027823614,-5.968076634903487,0.0,,,,fractional_return,R,False,True,True,True,True,True,True,True,True,True,True,7.276519974206044,-1.6882320297951692,-1.6882320297951692,5.968076634903487,0.5825893878936768,True
40,ETHUSD,long,2022-07-06 13:00:00,2022-07-06 13:00:00,2022-07-07 01:00:00,1141.55,1184.45,1141.55,1184.45,24,1.0,0.03758048267706182,0.03737306454776457,0.0001,0.00010741812929725433,0.0,0.00020741812929725434,1.0,1.0,0.0,2.0,3.4855586977017268,3.5042077811168033,0.018649083415076356,5.011262176492212,-1.2252474759149636,20,1,position_exit,12.242424730398753,atr_48,0.00020741812929725434,3.5042077811168033,3.4855586977017268,5.011262176492212,-1.2252474759149636,0.0,,,,fractional_return,R,False,True,True,False,True,False,True,False,True,False,False,1.5257034787904855,0.6955450692746535,0.6955450692746535,1.2252474759149636,0.594713032245636,True
41,ETHUSD,long,2022-07-07 14:30:00,2022-07-07 14:30:00,2022-07-08 02:30:00,1222.15,1253.05,1222.15,1253.05,24,1.0,0.025283312195719887,0.02507892848627402,0.0001,0.00010438370944586559,0.0,0.0002043837094458656,1.0,1.0,0.0,2.0,2.8315135572454833,2.8540904285545965,0.022576871309113376,4.913838537187854,-0.877471167354977,21,2,position_exit,10.826566562450727,atr_48,0.0002043837094458656,2.8540904285545965,2.8315135572454833,4.913838537187854,-0.877471167354977,0.0,,,,fractional_return,R,False,True,True,False,True,False,True,False,True,False,False,2.082324979942371,0.5762325187969919,0.5762325187969919,0.877471167354977,0.5970501899719238,True
42,ETHUSD,long,2022-07-08 23:30:00,2022-07-08 23:30:00,2022-07-09 11:30:00,1213.2,1209.45,1213.2,1209.45,24,1.0,-0.003090999010880502,-0.003291359862759635,0.0001,0.00010036085187913332,0.0,0.00020036085187913333,1.0,1.0,0.0,2.0,-0.3159720469625411,-0.2967698505523987,0.019202196410142404,1.0723283933293302,-0.7439030920513352,18,7,position_exit,12.636054481342564,atr_48,0.00020036085187913333,-0.2967698505523987,-0.3159720469625411,1.0723283933293302,-0.7439030920513352,0.0,,,,fractional_return,R,False,True,True,True,True,True,False,False,False,False,True,1.3883004402918713,-0.294659778597787,-0.294659778597787,0.7439030920513352,0.5952246785163879,True
43,ETHUSD,long,2022-07-11 21:00:00,2022-07-11 21:00:00,2022-07-12 09:00:00,1130.1999999999998,1064.75,1130.1999999999998,1064.75,24,1.0,-0.057910104406299956,-0.0580986191298003,0.0001,8.85147235003437e-05,0.0,0.0001885147235003437,1.0,1.0,0.0,2.0,-7.936989463379402,-7.909672391608597,0.027317071770805376,0.47735990751499163,-8.465585195296892,1,22,position_exit,8.274678995483553,atr_48,0.0001885147235003437,-7.909672391608597,-7.936989463379402,0.47735990751499163,-8.465585195296892,0.0,,,,fractional_return,R,False,True,False,False,False,False,False,False,False,False,True,8.414349370894394,-16.626845569619057,-16.626845569619057,8.465585195296892,0.588596522808075,True
44,ETHUSD,long,2022-07-12 22:00:00,2022-07-12 22:00:00,2022-07-13 10:00:00,1046.85,1069.0,1046.85,1069.0,24,1.0,0.021158714237952125,0.020954115421980113,0.0001,0.00010459881597201246,0.0,0.00020459881597201246,1.0,1.0,0.0,2.0,2.451062423588945,2.4744518586063906,0.023389435017445503,3.518972169124198,-1.3740748469913484,21,3,position_exit,8.951477444574312,atr_48,0.00020459881597201246,2.4744518586063906,2.451062423588945,3.518972169124198,-1.3740748469913484,0.0,,,,fractional_return,R,False,True,True,False,True,False,True,False,True,False,False,1.0679097455352529,0.6965279365079394,0.6965279365079394,1.3740748469913484,0.6001636981964111,True
45,ETHUSD,long,2022-07-15 00:00:00,2022-07-15 00:00:00,2022-07-15 12:00:00,1183.85,1218.25,1183.85,1218.25,24,1.0,0.029057735354986347,0.028852584453689323,0.0001,0.00010515090129702429,0.0,0.0002051509012970243,1.0,1.0,0.0,2.0,2.824094064106171,2.843666591398187,0.019572527292015897,3.7777780007818875,-0.264527124781211,18,1,position_exit,12.09705810943404,atr_48,0.0002051509012970243,2.843666591398187,2.824094064106171,3.7777780007818875,-0.264527124781211,0.0,,,,fractional_return,R,False,True,True,False,True,False,True,False,True,False,False,0.9536839366757164,0.7475542669584258,0.7475542669584258,0.264527124781211,0.6291432976722717,True
46,ETHUSD,long,2022-07-16 10:30:00,2022-07-16 10:30:00,2022-07-16 22:30:00,1197.9,1357.55,1197.9,1357.55,24,1.0,0.13327489773770762,0.1330488467355373,0.0001,0.00012605100217032438,0.0,0.00022605100217032437,1.0,1.0,0.0,2.0,12.988692319874518,13.0082131950218,0.019520875147280462,18.19031378508374,-0.17518107340618902,11,1,position_exit,12.273015333197137,atr_48,0.00022605100217032437,13.0082131950218,12.988692319874518,18.19031378508374,-0.17518107340618902,0.0,,,,fractional_return,R,False,True,True,False,True,False,True,False,True,False,False,5.201621465209223,0.7140444344904808,0.7140444344904808,0.17518107340618902,0.5992333889007568,True
47,ETHUSD,short,2022-07-17 11:30:00,2022-07-17 11:30:00,2022-07-17 23:30:00,1363.05,1338.15,1363.05,1338.15,24,1.0,0.01635763753010222,0.016154969129163144,0.0001,0.00010266840093907667,0.0,0.00020266840093907668,1.0,1.0,0.0,2.0,1.5776233385387655,1.5950866547212377,0.01746331618247225,2.7994091088882946,-1.1402627491581572,12,11,position_exit,15.610437167347166,atr_48,0.00020266840093907668,1.5950866547212377,1.5776233385387655,2.7994091088882946,-1.1402627491581572,0.0,,,,fractional_return,R,False,True,True,False,True,False,True,False,True,False,False,1.2217857703495292,0.563555835240271,0.563555835240271,1.1402627491581572,0.23220929503440857,True
48,ETHUSD,short,2022-07-19 22:00:00,2022-07-19 22:00:00,2022-07-20 10:00:00,1562.85,1595.05,1562.85,1595.05,24,1.0,-0.022036830026453735,-0.02223526786747565,0.0001,9.843784102191452e-05,0.0,0.00019843784102191453,1.0,1.0,0.0,2.0,-1.44997503722534,-1.4360352380219696,0.013939799203370387,2.2923046967182903,-1.9979620702914413,5,24,position_exit,22.422848094140864,atr_48,0.00019843784102191453,-1.4360352380219696,-1.44997503722534,2.2923046967182903,-1.9979620702914413,0.0,,,,fractional_return,R,False,True,True,True,True,True,True,True,True,True,True,3.7422797339436302,-0.6325402723735433,-0.6325402723735433,1.9979620702914413,0.40640896558761597,True
49,ETHUSD,long,2022-07-24 22:30:00,2022-07-24 22:30:00,2022-07-25 10:30:00,1605.35,1547.05,1605.35,1547.05,24,1.0,-0.03631606814713306,-0.03650863335440868,0.0001,9.256520727561898e-05,0.0,0.000192565207275619,1.0,1.0,0.0,2.0,-3.3784651477641483,-3.3599611558548803,0.01850399190926805,0.6051388016548246,-6.062914469913089,2,11,position_exit,17.35139107141451,atr_48,0.000192565207275619,-3.3599611558548803,-3.3784651477641483,0.6051388016548246,-6.062914469913089,0.0,,,,fractional_return,R,False,True,True,True,False,False,False,False,False,False,True,3.983603949418973,-5.582959047619043,-5.582959047619043,6.062914469913089,0.6694898009300232,True
50,ETHUSD,long,2022-07-26 21:00:00,2022-07-26 21:00:00,2022-07-27 09:00:00,1384.95,1460.25,1384.95,1460.25,24,1.0,0.054370193869814676,0.0541592798364563,0.0001,0.0001109140333583781,0.0,0.0002109140333583781,1.0,1.0,0.0,2.0,4.620339396385224,4.637398000264284,0.017058603879059827,5.530389647061524,-1.0869863838600942,22,1,position_exit,16.237553903225177,atr_48,0.0002109140333583781,4.637398000264284,4.620339396385224,5.530389647061524,-1.0869863838600942,0.0,,,,fractional_return,R,False,True,True,False,True,False,True,False,True,False,False,0.9100502506763002,0.8354455456570155,0.8354455456570155,1.0869863838600942,0.6004132628440857,True
51,ETHUSD,long,2022-07-27 21:30:00,2022-07-27 21:30:00,2022-07-28 09:30:00,1607.15,1619.45,1607.15,1619.45,24,1.0,0.007653299318670204,0.007452332455278654,0.0001,0.00010096686339154956,0.0,0.00020096686339154957,1.0,1.0,0.0,2.0,0.6507522870947838,0.6682144138462138,0.017462126751430027,3.713207738730799,-0.2987950631019667,10,23,position_exit,18.407265310548564,atr_48,0.00020096686339154957,0.6682144138462138,0.6507522870947838,3.713207738730799,-0.2987950631019667,0.0,,,,fractional_return,R,False,True,True,False,True,False,True,False,True,False,False,3.062455451636015,0.17525340160936315,0.17525340160936315,0.2987950631019667,0.6234062910079956,True
52,ETHUSD,short,2022-07-28 22:00:00,2022-07-28 22:00:00,2022-07-29 10:00:00,1748.75,1720.35,1748.75,1720.35,24,1.0,0.015498464489687835,0.01529588330758802,0.0001,0.00010258118209981468,0.0,0.00020258118209981468,1.0,1.0,0.0,2.0,1.3276152473185618,1.3441688763503767,0.016553629031814888,2.6173429176822482,-0.15145564803948075,20,17,position_exit,21.12829756712595,atr_48,0.00020258118209981468,1.3441688763503767,1.3276152473185618,2.6173429176822482,-0.15145564803948075,0.0,,,,fractional_return,R,False,True,True,False,True,False,True,False,True,False,False,1.2897276703636864,0.5072377938517179,0.5072377938517179,0.15145564803948075,0.4073794186115265,True
53,ETHUSD,short,2022-07-29 23:00:00,2022-07-29 23:00:00,2022-07-30 11:00:00,1761.8000000000002,1700.15,1761.8000000000002,1700.15,24,1.0,0.035325616921119796,0.03511771429311983,0.0001,0.00010790262799996739,0.0,0.0002079026279999674,1.0,1.0,0.0,2.0,2.8255382671207325,2.841780436701856,0.016242169581123515,3.8005644283222786,-0.1889910752713274,22,1,reversal,21.694146107765633,atr_48,0.0002079026279999674,2.841780436701856,2.8255382671207325,3.8005644283222786,-0.1889910752713274,0.0,,,,fractional_return,R,False,True,True,False,True,False,True,False,True,False,False,0.9750261612015461,0.7434522741055171,0.7434522741055171,0.1889910752713274,0.36321479082107544,True
54,ETHUSD,long,2022-07-30 11:00:00,2022-07-30 11:00:00,2022-07-30 23:00:00,1700.15,1684.45,1700.15,1684.45,24,1.0,-0.00923447931064958,-0.00943352233773509,0.0001,9.904302708551036e-05,0.0,0.00019904302708551036,1.0,1.0,0.0,2.0,-0.8173892156581813,-0.800061513964341,0.017327701693840392,2.2880740112738027,-1.314750768170706,9,22,position_exit,19.62349110158522,atr_48,0.00019904302708551036,-0.800061513964341,-0.8173892156581813,2.2880740112738027,-1.314750768170706,0.0,,,,fractional_return,R,False,True,True,True,True,True,True,True,True,True,True,3.105463226931984,-0.3572389755011156,-0.3572389755011156,1.314750768170706,0.5696796774864197,True
55,ETHUSD,long,2022-08-02 09:30:00,2022-08-02 09:30:00,2022-08-02 21:30:00,1570.65,1657.05,1570.65,1657.05,24,1.0,0.055009072676916126,0.05479925596791135,0.0001,0.00010981670900477311,0.0,0.00020981670900477312,1.0,1.0,0.0,2.0,5.780341173072495,5.801433816646838,0.021092643574343456,7.208147224734243,-0.5035966854728167,15,1,position_exit,14.892870061204638,atr_48,0.00020981670900477312,5.801433816646838,5.780341173072495,7.208147224734243,-0.5035966854728167,0.0,,,,fractional_return,R,False,True,True,False,True,False,True,False,True,False,False,1.4278060516617481,0.8019177456916622,0.8019177456916622,0.5035966854728167,0.5680820941925049,True
56,ETHUSD,short,2022-08-04 00:30:00,2022-08-04 00:30:00,2022-08-04 12:30:00,1641.05,1617.55,1641.05,1617.55,24,1.0,0.013909957043949817,0.013707002778435173,0.0001,0.00010295426551464323,0.0,0.00020295426551464324,1.0,1.0,0.0,2.0,1.5704572117054307,1.5927014906952646,0.022244278989833735,2.3246664310998937,-1.504594599720636,21,9,position_exit,14.75480505122244,atr_48,0.00020295426551464324,1.5927014906952646,1.5704572117054307,2.3246664310998937,-1.504594599720636,0.0,,,,fractional_return,R,False,True,True,False,True,False,True,False,True,False,False,0.754209219394463,0.6755623906705548,0.6755623906705548,1.504594599720636,0.40804025530815125,True
57,ETHUSD,long,2022-08-11 20:00:00,2022-08-11 20:00:00,2022-08-12 08:00:00,1896.35,1894.5,1896.35,1894.5,24,1.0,-0.0009755583093837839,-0.0011750711147726633,0.0001,9.95128053888795e-05,0.0,0.0001995128053888795,1.0,1.0,0.0,2.0,-0.13229844537044444,-0.10979025597407231,0.022508189396372134,1.068229517585621,-2.243281986929801,13,8,position_exit,16.85031138315953,atr_48,0.0001995128053888795,-0.10979025597407231,-0.13229844537044444,1.068229517585621,-2.243281986929801,0.0,,,,fractional_return,R,False,True,True,True,True,True,False,False,False,False,True,1.2005279629560652,-0.12384833333332827,-0.12384833333332827,2.243281986929801,0.623070240020752,True
58,ETHUSD,long,2022-08-12 20:30:00,2022-08-12 20:30:00,2022-08-13 09:30:00,1933.1,2003.55,1933.1,2003.55,26,1.0,0.03644405359267533,0.03623714239537579,0.0001,0.00010691119729954188,0.0,0.00020691119729954188,1.0,1.0,0.0,2.0,4.88023028110295,4.907160107087366,0.02692982598441613,6.101734923787845,-1.0169558206312994,19,3,position_exit,14.356572531279296,atr_48,0.00020691119729954188,4.907160107087366,4.88023028110295,6.101734923787845,-1.0169558206312994,0.0,,,,fractional_return,R,False,True,True,False,True,False,True,False,True,False,False,1.221504642684895,0.799810273972602,0.799810273972602,1.0169558206312994,0.6485178470611572,True
59,ETHUSD,short,2022-08-17 05:00:00,2022-08-17 05:00:00,2022-08-17 17:00:00,1912.55,1843.05,1912.55,1843.05,24,1.0,0.03647740781849862,0.03626997043064728,0.0001,0.00010743738785133913,0.0,0.00020743738785133914,1.0,1.0,0.0,2.0,4.9515367556126515,4.978939549382932,0.027402793770280074,6.6696298136338195,-3.1664622745715945,17,3,position_exit,13.958795705525995,atr_48,0.00020743738785133914,4.978939549382932,4.9515367556126515,6.6696298136338195,-3.1664622745715945,0.0,,,,fractional_return,R,False,True,True,False,True,False,True,False,True,False,False,1.718093058021168,0.7424005370569288,0.7424005370569288,3.1664622745715945,0.34685859084129333,True
60,ETHUSD,short,2022-08-21 09:00:00,2022-08-21 09:00:00,2022-08-21 23:30:00,1608.15,1617.95,1608.15,1617.95,29,1.0,-0.006801748114114159,-0.007000148719279009,0.0001,9.840060516485014e-05,0.0,0.00019840060516485014,1.0,1.0,0.0,2.0,-0.6535584710460343,-0.6327906687214544,0.020767802324579834,1.7434028628040152,-2.4762777699456975,26,24,position_exit,15.486954034579446,atr_48,0.00019840060516485014,-0.6327906687214544,-0.6535584710460343,1.7434028628040152,-2.4762777699456975,0.0,,,,fractional_return,R,False,True,True,True,True,True,True,True,False,False,True,2.3969613338500495,-0.3748751851851835,-0.3748751851851835,2.4762777699456975,0.38967496156692505,True
61,ETHUSD,long,2022-08-26 13:00:00,2022-08-26 13:00:00,2022-08-27 01:00:00,1688.95,1510.95,1688.95,1510.95,24,1.0,-0.10539092335474709,-0.10557012039580815,0.0001,7.919704106106326e-05,0.0,0.00017919704106106327,1.0,1.0,0.0,2.0,-13.752348829204657,-13.72630047506156,0.026048354143095757,0.994771214203889,-15.61173893919221,2,21,position_exit,12.967805879187685,atr_48,0.00017919704106106327,-13.72630047506156,-13.752348829204657,0.994771214203889,-15.61173893919221,0.0,,,,fractional_return,R,False,True,True,True,False,False,False,False,False,False,True,14.747120043408545,-13.824634883721078,-13.824634883721078,15.61173893919221,0.5763076543807983,True
62,ETHUSD,long,2022-08-27 16:00:00,2022-08-27 16:00:00,2022-08-28 04:00:00,1453.15,1485.05,1453.15,1485.05,24,1.0,0.02195231049788382,0.021747472674534807,0.0001,0.00010483782334901334,0.0,0.00020483782334901335,1.0,1.0,0.0,2.0,2.175847845203373,2.1958535162829125,0.020005671079539364,3.951159618640734,-0.04130132005548754,21,1,position_exit,14.527380703426616,atr_48,0.00020483782334901335,2.1958535162829125,2.175847845203373,3.951159618640734,-0.04130132005548754,0.0,,,,fractional_return,R,False,True,True,False,True,False,True,False,True,False,False,1.7753117734373607,0.5506858885017412,0.5506858885017412,0.04130132005548754,0.5703566670417786,True
63,ETHUSD,short,2022-08-28 16:30:00,2022-08-28 16:30:00,2022-08-29 04:30:00,1481.35,1449.85,1481.35,1449.85,24,1.0,0.021011780107541345,0.02080763369028693,0.0001,0.00010414641725441384,0.0,0.00020414641725441385,1.0,1.0,0.0,2.0,2.596752181908632,2.6214075602539153,0.024655378345283408,4.901616041236674,-1.1234603829659637,15,5,position_exit,12.016445087595933,atr_48,0.00020414641725441385,2.6214075602539153,2.596752181908632,4.901616041236674,-1.1234603829659637,0.0,,,,fractional_return,R,False,True,True,False,True,False,True,False,True,False,False,2.304863859328042,0.5297747028862492,0.5297747028862492,1.1234603829659637,0.35418862104415894,True
64,ETHUSD,long,2022-08-29 23:00:00,2022-08-29 23:00:00,2022-08-30 11:00:00,1544.05,1581.75,1544.05,1581.75,24,1.0,0.024416307762053835,0.024211195139082653,0.0001,0.00010511262297118193,0.0,0.00020511262297118193,1.0,1.0,0.0,2.0,2.914152541252641,2.9382202279527494,0.024067686700108424,4.797014722294201,-1.5665312090676373,22,5,position_exit,12.830896622840319,atr_48,0.00020511262297118193,2.9382202279527494,2.914152541252641,4.797014722294201,-1.5665312090676373,0.0,,,,fractional_return,R,False,True,True,False,True,False,True,False,True,False,False,1.8828621810415602,0.6074929325751434,0.6074929325751434,1.5665312090676373,0.5745095014572144,True
65,ETHUSD,long,2022-09-06 01:00:00,2022-09-06 01:00:00,2022-09-06 13:00:00,1659.0500000000002,1663.0,1659.0500000000002,1663.0,24,1.0,0.0023808806244538516,0.002180239690786401,0.0001,0.00010064093366745083,0.0,0.00020064093366745084,1.0,1.0,0.0,2.0,0.3492092776403397,0.38123388950810977,0.03202461186777006,2.6300312630623752,-3.3104613696528697,22,2,position_exit,10.361093566724456,atr_48,0.00020064093366745084,0.38123388950810977,0.3492092776403397,2.6300312630623752,-3.3104613696528697,0.0,,,,fractional_return,R,False,True,True,False,True,False,True,False,True,False,False,2.2808219854220355,0.1327776146788935,0.1327776146788935,3.3104613696528697,0.6225283145904541,True
66,ETHUSD,short,2022-09-07 16:00:00,2022-09-07 16:00:00,2022-09-08 04:00:00,1543.9,1637.35,1543.9,1637.35,24,1.0,-0.05915858126605811,-0.05934719846237679,0.0001,8.861719631868556e-05,0.0,0.00018861719631868556,1.0,1.0,0.0,2.0,-7.033118345916888,-7.009955861477007,0.02316248443988095,0.03375580671658618,-8.480208776243733,1,12,reversal,13.331039716462605,atr_48,0.00018861719631868556,-7.009955861477007,-7.033118345916888,0.03375580671658618,-8.480208776243733,0.0,,,,fractional_return,R,False,True,False,False,False,False,False,False,False,False,True,7.066874152633474,-208.35284444442297,-208.35284444442297,8.480208776243733,0.40151268243789673,True
67,ETHUSD,long,2022-09-08 04:00:00,2022-09-08 04:00:00,2022-09-08 16:00:00,1637.35,1621.35,1637.35,1621.35,24,1.0,-0.009771887501144993,-0.009970442300974103,0.0001,9.855479982910928e-05,0.0,0.00019855479982910929,1.0,1.0,0.0,2.0,-1.150309183150639,-1.127238141023087,0.023071042127551893,1.2258714783626135,-2.966045358566991,22,6,position_exit,14.193983877690938,atr_48,0.00019855479982910929,-1.127238141023087,-1.150309183150639,1.2258714783626135,-2.966045358566991,0.0,,,,fractional_return,R,False,True,True,True,True,True,False,False,False,False,True,2.3761806615132524,-0.9383603448275813,-0.9383603448275813,2.966045358566991,0.7357545495033264,True
68,ETHUSD,long,2022-09-09 05:00:00,2022-09-09 05:00:00,2022-09-09 17:00:00,1706.65,1712.45,1706.65,1712.45,24,1.0,0.003398470688190658,0.0031975725330322113,0.0001,0.00010089815515844655,0.0,0.00020089815515844656,1.0,1.0,0.0,2.0,0.3803260873944776,0.4041078333894467,0.023781745994969128,2.7381789400354073,-1.4979859341160642,15,9,position_exit,14.352604727685097,atr_48,0.00020089815515844656,0.4041078333894467,0.3803260873944776,2.7381789400354073,-1.4979859341160642,0.0,,,,fractional_return,R,False,True,True,False,True,False,True,False,True,False,False,2.3578528526409297,0.13889745547073692,0.13889745547073692,1.4979859341160642,0.6061096787452698,True
69,ETHUSD,long,2022-09-14 07:30:00,2022-09-14 07:30:00,2022-09-14 20:00:00,1611.95,1598.15,1611.95,1598.15,25,1.0,-0.008561059586215336,-0.008759455317782439,0.0001,9.839573156710255e-05,0.0,0.00019839573156710255,1.0,1.0,0.0,2.0,-0.8855663986542658,-0.8653504329953263,0.020215965658939433,0.06897720842715822,-3.2670114173229545,10,21,position_exit,15.947296579297472,atr_48,0.00019839573156710255,-0.8653504329953263,-0.8855663986542658,0.06897720842715822,-3.2670114173229545,0.0,,,,fractional_return,R,False,True,False,False,False,False,False,False,False,False,True,0.954543607081424,-12.838536363637383,-12.838536363637383,3.2670114173229545,0.5882148146629333,True
70,ETHUSD,long,2022-09-16 08:30:00,2022-09-16 08:30:00,2022-09-16 20:30:00,1451.45,1437.9,1451.45,1437.9,24,1.0,-0.009335492094113218,-0.00953309497158028,0.0001,9.76028774670624e-05,0.0,0.0001976028774670624,1.0,1.0,0.0,2.0,-0.8518469511956013,-0.8339800819708544,0.017866869224746874,1.8864567905835172,-2.7912174699172314,6,17,position_exit,16.247390426853737,atr_48,0.0001976028774670624,-0.8339800819708544,-0.8518469511956013,1.8864567905835172,-2.7912174699172314,0.0,,,,fractional_return,R,False,True,True,True,True,True,True,True,False,False,True,2.7383037417791183,-0.4515592169657428,-0.4515592169657428,2.7912174699172314,0.6926871538162231,True
71,ETHUSD,short,2022-09-27 16:30:00,2022-09-27 16:30:00,2022-09-28 04:30:00,1331.85,1283.95,1331.85,1283.95,24,1.0,0.0360355428303456,0.03582846280912788,0.0001,0.0001070800212177204,0.0,0.0002070800212177204,1.0,1.0,0.0,2.0,4.342399251483753,4.366682197978021,0.0242829464942674,5.8617466665968125,-0.7566484810692791,20,15,position_exit,10.969426632920486,atr_48,0.0002070800212177204,4.366682197978021,4.342399251483753,5.8617466665968125,-0.7566484810692791,0.0,,,,fractional_return,R,False,True,True,False,True,False,True,False,True,False,False,1.5193474151130593,0.7408029548989098,0.7408029548989098,0.7566484810692791,0.4149056673049927,True
72,ETHUSD,long,2022-09-29 00:30:00,2022-09-29 00:30:00,2022-09-29 12:30:00,1334.25,1319.75,1334.25,1319.75,24,1.0,-0.010867528574105223,-0.011066484279931954,0.0001,9.895570582673105e-05,0.0,0.00019895570582673106,1.0,1.0,0.0,2.0,-1.2466884832819978,-1.2241597231358732,0.022528760146124677,1.485876629461466,-1.8066909017315722,2,24,position_exit,11.84485956036523,atr_48,0.00019895570582673106,-1.2241597231358732,-1.2466884832819978,1.485876629461466,-1.8066909017315722,0.0,,,,fractional_return,R,False,True,True,True,True,True,False,False,False,False,True,2.7325651127434636,-0.8390255681818224,-0.8390255681818224,1.8066909017315722,0.5722681879997253,True
73,ETHUSD,long,2022-09-30 02:00:00,2022-09-30 02:00:00,2022-09-30 14:00:00,1327.45,1340.85,1327.45,1340.85,24,1.0,0.010094542167313092,0.009892932581641256,0.0001,0.00010160958567183584,0.0,0.00020160958567183584,1.0,1.0,0.0,2.0,1.1355343758483005,1.1584871180095206,0.022952742161220206,1.9192846283441547,-1.015837584821811,13,21,position_exit,11.566809670722416,atr_48,0.00020160958567183584,1.1584871180095206,1.1355343758483005,1.9192846283441547,-1.015837584821811,0.0,,,,fractional_return,R,False,True,True,False,True,False,True,False,False,False,False,0.7837502524958542,0.5916445945945873,0.5916445945945873,1.015837584821811,0.5680167078971863,True
74,ETHUSD,long,2022-10-03 07:00:00,2022-10-03 07:00:00,2022-10-03 20:00:00,1293.85,1316.55,1293.85,1316.55,26,1.0,0.017544537620281186,0.017340984791513803,0.0001,0.00010355282876738378,0.0,0.0002035528287673838,1.0,1.0,0.0,2.0,3.0621521345787075,3.097461834976811,0.035309700398103425,4.884983863091197,-1.0370356804327503,22,4,position_exit,7.32858101548489,atr_48,0.0002035528287673838,3.097461834976811,3.0621521345787075,4.884983863091197,-1.0370356804327503,0.0,,,,fractional_return,R,False,True,True,False,True,False,True,False,True,False,False,1.8228317285124893,0.6268499999999981,0.6268499999999981,1.0370356804327503,0.6297082901000977,True
75,ETHUSD,long,2022-10-04 14:00:00,2022-10-04 14:00:00,2022-10-05 02:00:00,1350.65,1356.5,1350.65,1356.5,24,1.0,0.0043312479176695895,0.004130502757931254,0.0001,0.00010074515973833584,0.0,0.00020074515973833584,1.0,1.0,0.0,2.0,0.8007901660518526,0.8395576368989495,0.038767470847096884,2.6693627429607907,-1.7221695115876154,13,6,position_exit,6.967955197939585,atr_48,0.00020074515973833584,0.8395576368989495,0.8007901660518526,2.6693627429607907,-1.7221695115876154,0.0,,,,fractional_return,R,False,True,True,False,True,False,True,False,True,False,False,1.868572576908938,0.29999301075268475,0.29999301075268475,1.7221695115876154,0.6019460558891296,True
76,ETHUSD,long,2022-10-05 16:00:00,2022-10-05 16:00:00,2022-10-06 04:00:00,1338.05,1376.7,1338.05,1376.7,24,1.0,0.028885318186914866,0.028679831642689058,0.0001,0.00010548654422580803,0.0,0.00020548654422580803,1.0,1.0,0.0,2.0,5.734574826269005,5.774557473760676,0.03998264749167117,6.88016485554148,-0.14193608279619382,20,1,reversal,6.693153575078942,atr_48,0.00020548654422580803,5.774557473760676,5.734574826269005,6.88016485554148,-0.14193608279619382,0.0,,,,fractional_return,R,False,True,True,False,True,False,True,False,True,False,False,1.1455900292724754,0.8334938110749215,0.8334938110749215,0.14193608279619382,0.5739016532897949,True
77,ETHUSD,short,2022-10-06 04:00:00,2022-10-06 04:00:00,2022-10-06 16:00:00,1376.7,1364.0,1376.7,1364.0,24,1.0,0.008850478194603717,0.008648536343859536,0.0001,0.00010194185074418058,0.0,0.00020194185074418058,1.0,1.0,0.0,2.0,1.6820974047365531,1.719373974028603,0.037276569292049914,3.7298230696447057,-0.4941507878113499,20,19,position_exit,7.386409351214695,atr_48,0.00020194185074418058,1.719373974028603,1.6820974047365531,3.7298230696447057,-0.4941507878113499,0.0,,,,fractional_return,R,False,True,True,False,True,False,True,False,True,False,False,2.0477256649081523,0.4509858439201476,0.4509858439201476,0.4941507878113499,0.4054850935935974,True
78,ETHUSD,short,2022-10-10 08:30:00,2022-10-10 08:30:00,2022-10-10 20:30:00,1306.75,1307.35,1306.75,1307.35,24,1.0,-0.0006463833303664845,-0.000846190613930653,0.0001,9.980728356416843e-05,0.0,0.00019980728356416844,1.0,1.0,0.0,2.0,-0.17923924525692836,-0.1248546434714716,0.05438460178545675,1.602301257884138,-2.663565727391836,15,8,position_exit,4.805588188932715,atr_48,0.00019980728356416844,-0.1248546434714716,-0.17923924525692836,1.602301257884138,-2.663565727391836,0.0,,,,fractional_return,R,False,True,True,True,True,True,True,True,False,False,True,1.7815405031410663,-0.11186363636362388,-0.11186363636362388,2.663565727391836,0.3825708329677582,True
79,ETHUSD,short,2022-10-12 09:00:00,2022-10-12 09:00:00,2022-10-12 21:00:00,1303.75,1299.9,1303.75,1299.9,24,1.0,0.0028449947351574245,0.002644354636446966,0.0001,0.0001006400987104584,0.0,0.0002006400987104584,1.0,1.0,0.0,2.0,0.6514524305334106,0.6987788138339862,0.04732638330057564,3.0764417907756823,-0.45375247651558615,7,1,position_exit,5.5096118024473775,atr_48,0.0002006400987104584,0.6987788138339862,0.6514524305334106,3.0764417907756823,-0.45375247651558615,0.0,,,,fractional_return,R,False,True,True,False,True,False,True,False,True,False,False,2.4249893602422716,0.211755162241882,0.211755162241882,0.45375247651558615,0.4094430208206177,True
80,ETHUSD,long,2022-10-13 10:00:00,2022-10-13 10:00:00,2022-10-13 22:00:00,1242.6,1294.5500000000002,1242.6,1294.5500000000002,24,1.0,0.041807500402382125,0.04159911713302766,0.0001,0.00010838326935446183,0.0,0.00020838326935446183,1.0,1.0,0.0,2.0,9.422805199179486,9.468098980868135,0.04529378168864941,10.68920125559026,-9.13092894978807,20,5,position_exit,5.486845892187425,atr_48,0.00020838326935446183,9.468098980868135,9.422805199179486,10.68920125559026,-9.13092894978807,0.0,,,,fractional_return,R,False,True,True,False,True,False,True,False,True,False,False,1.266396056410775,0.8815256606990656,0.8815256606990656,9.13092894978807,0.6342718601226807,True
81,ETHUSD,long,2022-10-14 10:00:00,2022-10-14 10:00:00,2022-10-14 22:00:00,1332.55,1291.9,1332.55,1291.9,24,1.0,-0.030505421935386856,-0.030699322411541496,0.0001,9.390047615464034e-05,0.0,0.00019390047615464034,1.0,1.0,0.0,2.0,-4.912945144495106,-4.880944638820028,0.032000505675078235,1.2487533639293706,-5.199136601744348,5,23,position_exit,8.328305893227059,atr_48,0.00019390047615464034,-4.880944638820028,-4.912945144495106,1.2487533639293706,-5.199136601744348,0.0,,,,fractional_return,R,False,True,True,True,True,True,False,False,False,False,True,6.161698508424477,-3.9342798076922594,-3.9342798076922594,5.199136601744348,0.7013539671897888,True
82,ETHUSD,long,2022-10-15 21:00:00,2022-10-15 21:00:00,2022-10-16 09:00:00,1276.65,1285.95,1276.65,1285.95,24,1.0,0.007284690400658045,0.007083016401128406,0.0001,0.00010167399952963904,0.0,0.00020167399952963905,1.0,1.0,0.0,2.0,1.5291645565521226,1.5723326971503373,0.043168140598214805,2.2147912185666,-2.113350399395625,22,4,position_exit,5.9147787340777676,atr_48,0.00020167399952963905,1.5723326971503373,1.5291645565521226,2.2147912185666,-2.113350399395625,0.0,,,,fractional_return,R,False,True,True,False,True,False,True,False,True,False,False,0.6856266620144773,0.6904328244274822,0.6904328244274822,2.113350399395625,0.6285231113433838,True
83,ETHUSD,long,2022-10-16 21:30:00,2022-10-16 21:30:00,2022-10-17 09:30:00,1293.45,1317.9,1293.45,1317.9,24,1.0,0.018902934013685035,0.01869967382813531,0.0001,0.00010326018554972513,0.0,0.00020326018554972514,1.0,1.0,0.0,2.0,4.66044602482338,4.710282548027851,0.049836523204471274,5.182274050795432,-0.43346158417438513,24,1,position_exit,5.190771413540154,atr_48,0.00020326018554972514,4.710282548027851,4.66044602482338,5.182274050795432,-0.43346158417438513,0.0,,,,fractional_return,R,False,True,True,False,True,False,True,False,True,False,False,0.5218280259720522,0.8993052044609728,0.8993052044609728,0.43346158417438513,0.6446612477302551,True
84,ETHUSD,short,2022-10-21 08:30:00,2022-10-21 08:30:00,2022-10-21 20:30:00,1278.3000000000002,1302.8000000000002,1278.3000000000002,1302.8000000000002,24,1.0,-0.019172310709474005,-0.01936838002122887,0.0001,9.606931175486508e-05,0.0,0.00019606931175486508,1.0,1.0,0.0,2.0,-4.443043880356156,-4.397159076701079,0.045884803655077466,4.343316312496625,-5.177879157666355,7,23,position_exit,5.571779317654539,atr_48,0.00019606931175486508,-4.397159076701079,-4.443043880356156,4.343316312496625,-5.177879157666355,0.0,,,,fractional_return,R,False,True,True,True,True,True,True,True,True,True,True,8.786360192852781,-1.0229611570247819,-1.0229611570247819,5.177879157666355,0.4045451879501343,True
85,ETHUSD,short,2022-10-23 22:00:00,2022-10-23 22:00:00,2022-10-24 11:00:00,1361.6,1348.45,1361.6,1348.45,26,1.0,0.009539142780816023,0.009337383158115387,0.0001,0.00010175962270063685,0.0,0.00020175962270063685,1.0,1.0,0.0,2.0,2.7906027710834653,2.8496147162957595,0.05901194521229424,6.2734863906283325,-2.091162130209477,19,1,position_exit,4.6146589308373835,atr_48,0.00020175962270063685,2.8496147162957595,2.7906027710834653,6.2734863906283325,-2.091162130209477,0.0,,,,fractional_return,R,False,True,True,False,True,False,True,False,True,False,False,3.482883619544867,0.44482487046631936,0.44482487046631936,2.091162130209477,0.35447147488594055,True
86,ETHUSD,long,2022-10-25 01:00:00,2022-10-25 01:00:00,2022-10-25 15:30:00,1337.55,1408.75,1337.55,1408.75,29,1.0,0.0532316548914058,0.053022327324212304,0.0001,0.00010932756719349576,0.0,0.00020932756719349577,1.0,1.0,0.0,2.0,11.746697181903489,11.790997881951252,0.044300700047763736,13.314553788046084,-0.23184546397092887,29,1,position_exit,6.038505028398614,atr_48,0.00020932756719349577,11.790997881951252,11.746697181903489,13.314553788046084,-0.23184546397092887,0.0,,,,fractional_return,R,False,True,True,False,True,False,True,False,True,False,False,1.5678566061425947,0.882244900497512,0.882244900497512,0.23184546397092887,0.6574720740318298,True
87,ETHUSD,short,2022-10-27 11:00:00,2022-10-27 11:00:00,2022-10-27 23:00:00,1554.0,1516.65,1554.0,1516.65,24,1.0,0.022812961189873526,0.022608469442815915,0.0001,0.0001044917470576113,0.0,0.0002044917470576113,1.0,1.0,0.0,2.0,2.8394341469249933,2.863260151073687,0.02382600414869355,3.8061811646802983,-1.782350696451496,24,4,position_exit,13.04457088399534,atr_48,0.0002044917470576113,2.863260151073687,2.8394341469249933,3.8061811646802983,-1.782350696451496,0.0,,,,fractional_return,R,False,True,True,False,True,False,True,False,True,False,False,0.966747017755305,0.7460060422960694,0.7460060422960694,1.782350696451496,0.38617849349975586,True
88,ETHUSD,long,2022-11-04 14:00:00,2022-11-04 14:00:00,2022-11-05 02:00:00,1654.85,1651.8,1654.85,1651.8,24,1.0,-0.001843067347493621,-0.0020428247028426716,0.0001,9.975735534905059e-05,0.0,0.0001997573553490506,1.0,1.0,0.0,2.0,-0.2866925910517812,-0.25862767274123444,0.02806491831054677,1.0472300847063372,-3.9430120598254366,1,4,position_exit,11.793014906999455,atr_48,0.0001997573553490506,-0.25862767274123444,-0.2866925910517812,1.0472300847063372,-3.9430120598254366,0.0,,,,fractional_return,R,False,True,True,True,True,True,False,False,False,False,True,1.3339226757581184,-0.2737627530364305,-0.2737627530364305,3.9430120598254366,0.6464025974273682,True
89,ETHUSD,long,2022-11-06 23:30:00,2022-11-06 23:30:00,2022-11-07 11:30:00,1568.65,1580.25,1568.65,1580.25,24,1.0,0.007394893698401628,0.007193431167882958,0.0001,0.00010146253051867013,0.0,0.00020146253051867014,1.0,1.0,0.0,2.0,1.3511143708112727,1.3886719617208136,0.03755759090954089,3.1963397739608412,-2.609745583233985,6,16,position_exit,8.35330468228467,atr_48,0.00020146253051867014,1.3886719617208136,1.3511143708112727,3.1963397739608412,-2.609745583233985,0.0,,,,fractional_return,R,False,True,True,False,True,False,True,False,True,False,False,1.8452254031495685,0.42270674157303323,0.42270674157303323,2.609745583233985,0.6720648407936096,True
90,ETHUSD,long,2022-11-10 12:00:00,2022-11-10 12:00:00,2022-11-11 00:00:00,1189.95,1285.1999999999998,1189.95,1285.1999999999998,24,1.0,0.08004538005798567,0.07982839444472467,0.0001,0.0001169856132610004,0.0,0.0002169856132610004,1.0,1.0,0.0,2.0,3.520331863755447,3.529149736151317,0.008817872395870384,5.863390506519123,-0.044461728959388463,8,2,position_exit,26.98950373918501,atr_48,0.0002169856132610004,3.529149736151317,3.520331863755447,5.863390506519123,-0.044461728959388463,0.0,,,,fractional_return,R,False,True,True,False,True,False,True,False,True,False,False,2.3430586427636766,0.6003918483412316,0.6003918483412316,0.044461728959388463,0.6184229254722595,True
91,ETHUSD,long,2022-11-11 16:00:00,2022-11-11 16:00:00,2022-11-12 04:00:00,1233.3,1255.3000000000002,1233.3,1255.3000000000002,24,1.0,0.017838319954593507,0.01763467734006352,0.0001,0.00010364261452998633,0.0,0.00020364261452998633,1.0,1.0,0.0,2.0,0.7927930656083316,0.8017825052788811,0.008989439670549399,2.1283681049220937,-0.06195592086246001,15,1,position_exit,27.438862603204402,atr_48,0.00020364261452998633,0.8017825052788811,0.7927930656083316,2.1283681049220937,-0.06195592086246001,0.0,,,,fractional_return,R,False,True,True,False,True,False,True,False,True,False,False,1.335575039313762,0.3724886986301417,0.3724886986301417,0.06195592086246001,0.5700599551200867,True
92,ETHUSD,long,2022-11-17 15:30:00,2022-11-17 15:30:00,2022-11-18 03:30:00,1192.6999999999998,1219.25,1192.6999999999998,1219.25,24,1.0,0.022260417540035604,0.022055606805148287,0.0001,0.00010481073488731738,0.0,0.00020481073488731738,1.0,1.0,0.0,2.0,2.617028640524976,2.640754652381058,0.023726011856081853,3.8939941484262883,-0.35309525483811566,22,1,position_exit,10.053944229942436,atr_48,0.00020481073488731738,2.640754652381058,2.617028640524976,3.8939941484262883,-0.35309525483811566,0.0,,,,fractional_return,R,False,True,True,False,True,False,True,False,True,False,False,1.2769655079013122,0.6720679438058779,0.6720679438058779,0.35309525483811566,0.5977922677993774,True
93,ETHUSD,long,2022-11-21 02:30:00,2022-11-21 02:30:00,2022-11-21 14:30:00,1121.55,1133.45,1121.55,1133.45,24,1.0,0.01061031608042362,0.01040793666310047,0.0001,0.00010237941732315079,0.0,0.0002023794173231508,1.0,1.0,0.0,2.0,1.5210360939859122,1.5502578021883378,0.029221708202425496,2.937673398264427,-2.110434991214366,21,13,position_exit,7.676142628150039,atr_48,0.0002023794173231508,1.5502578021883378,1.5210360939859122,2.937673398264427,-2.110434991214366,0.0,,,,fractional_return,R,False,True,True,False,True,False,True,False,True,False,False,1.4166373042785148,0.517768957871402,0.517768957871402,2.110434991214366,0.6069143414497375,True
94,ETHUSD,short,2022-11-22 22:30:00,2022-11-22 22:30:00,2022-11-23 11:00:00,1136.35,1174.5,1136.35,1174.5,25,1.0,-0.03331622956611435,-0.033509626707851625,0.0001,9.339714173727262e-05,0.0,0.00019339714173727263,1.0,1.0,0.0,2.0,-3.7636629130497843,-3.7413745202003494,0.022288392849434634,0.9169554852915555,-4.172882983866977,5,24,position_exit,10.19678724864924,atr_48,0.00019339714173727263,-3.7413745202003494,-3.7636629130497843,0.9169554852915555,-4.172882983866977,0.0,,,,fractional_return,R,False,True,True,True,False,False,False,False,False,False,True,4.680618398341339,-4.104520855615023,-4.104520855615023,4.172882983866977,0.3480946719646454,True
95,ETHUSD,long,2022-11-28 21:00:00,2022-11-28 21:00:00,2022-11-29 09:00:00,1171.2,1213.95,1171.2,1213.95,24,1.0,0.036501024590164244,0.03629366218237706,0.0001,0.00010736240778718162,0.0,0.00020736240778718162,1.0,1.0,0.0,2.0,7.04962341572256,7.088463219806948,0.03883980408438783,8.365215659397915,-2.097521865042305,23,6,position_exit,6.030926404547851,atr_48,0.00020736240778718162,7.088463219806948,7.04962341572256,8.365215659397915,-2.097521865042305,0.0,,,,fractional_return,R,False,True,True,False,True,False,True,False,True,False,False,1.315592243675355,0.842730624380574,0.842730624380574,2.097521865042305,0.5738160610198975,True
96,ETHUSD,long,2022-11-29 22:00:00,2022-11-29 22:00:00,2022-11-30 10:00:00,1218.8000000000002,1266.95,1218.8000000000002,1266.95,24,1.0,0.03950607154578267,0.03929822995036081,0.0001,0.00010784159542186486,0.0,0.00020784159542186487,1.0,1.0,0.0,2.0,7.726915860140784,7.766232513045874,0.03931665290508968,10.177554965175396,-1.0000133246290066,8,4,position_exit,6.1999173884012,atr_48,0.00020784159542186487,7.766232513045874,7.726915860140784,10.177554965175396,-1.0000133246290066,0.0,,,,fractional_return,R,False,True,True,False,True,False,True,False,True,False,False,2.450639105034612,0.7592114104595868,0.7592114104595868,1.0000133246290066,0.6026818156242371,True
97,ETHUSD,long,2022-12-01 05:30:00,2022-12-01 05:30:00,2022-12-01 17:30:00,1282.45,1274.9499999999998,1282.45,1274.9499999999998,24,1.0,-0.005848181215641901,-0.006046919771531489,0.0001,9.873855588958822e-05,0.0,0.00019873855588958822,1.0,1.0,0.0,2.0,-1.0675430097754335,-1.032241719297744,0.03530129047768937,2.03695699274748,-2.6425388014021505,16,19,position_exit,7.265740048854679,atr_48,0.00019873855588958822,-1.032241719297744,-1.0675430097754335,2.03695699274748,-2.6425388014021505,0.0,,,,fractional_return,R,False,True,True,True,True,True,True,True,True,True,True,3.1045000025229137,-0.5240871621621792,-0.5240871621621792,2.6425388014021505,0.6437786221504211,True
98,ETHUSD,short,2022-12-05 13:30:00,2022-12-05 13:30:00,2022-12-06 01:30:00,1286.15,1263.6,1286.15,1263.6,24,1.0,0.01742577682196389,0.0172224623526962,0.0001,0.00010331446926769025,0.0,0.00020331446926769026,1.0,1.0,0.0,2.0,4.279008372562476,4.328382646090361,0.04937427352788535,7.447505395490264,-0.33590552685845104,12,1,position_exit,5.209798172619653,atr_48,0.00020331446926769026,4.328382646090361,4.279008372562476,7.447505395490264,-0.33590552685845104,0.0,,,,fractional_return,R,False,True,True,False,True,False,True,False,True,False,False,3.168497022927788,0.5745559278350535,0.5745559278350535,0.33590552685845104,0.27366191148757935,True
99,ETHUSD,short,2022-12-07 06:30:00,2022-12-07 06:30:00,2022-12-07 18:30:00,1250.25,1229.45,1250.25,1229.45,24,1.0,0.016530355373312045,0.01632741249394698,0.0001,0.0001029428793650645,0.0,0.0002029428793650645,1.0,1.0,0.0,2.0,3.8352619668081154,3.881929100051767,0.04666713324365127,5.776235848394357,-0.16796808605994956,3,1,position_exit,5.3581607144042325,atr_48,0.0002029428793650645,3.881929100051767,3.8352619668081154,5.776235848394357,-0.16796808605994956,0.0,,,,fractional_return,R,False,True,True,False,True,False,True,False,True,False,False,1.9409738815862418,0.6639725363489474,0.6639725363489474,0.16796808605994956,0.3711768388748169,True
100,ETHUSD,short,2022-12-08 07:00:00,2022-12-08 07:00:00,2022-12-08 19:00:00,1232.65,1281.75,1232.65,1281.75,24,1.0,-0.03899626906293474,-0.03918805875223952,0.0001,9.178968930477768e-05,0.0,0.0001917896893047777,1.0,1.0,0.0,2.0,-9.571832634512049,-9.524012779714026,0.04781985479802247,0.7176954640518239,-11.560716123644726,9,23,position_exit,5.1553899743375,atr_48,0.0001917896893047777,-9.524012779714026,-9.571832634512049,0.7176954640518239,-11.560716123644726,0.0,,,,fractional_return,R,False,True,True,True,False,False,False,False,False,False,True,10.289528098563872,-13.336899999998995,-13.336899999998995,11.560716123644726,0.41251227259635925,True
101,ETHUSD,long,2022-12-09 13:30:00,2022-12-09 13:30:00,2022-12-10 01:30:00,1275.35,1265.65,1275.35,1265.65,24,1.0,-0.007605755282863114,-0.007804365331476881,0.0001,9.861004861376763e-05,0.0,0.00019861004861376763,1.0,1.0,0.0,2.0,-1.7658804932547656,-1.7206348910224858,0.04524560223227976,0.48780886085689945,-3.379185017935968,6,16,position_exit,5.637453971560231,atr_48,0.00019861004861376763,-1.7206348910224858,-1.7658804932547656,0.48780886085689945,-3.379185017935968,0.0,,,,fractional_return,R,False,True,False,False,False,False,False,False,False,False,True,2.253689354111665,-3.6200254545453885,-3.6200254545453885,3.379185017935968,0.5817259550094604,True
102,ETHUSD,long,2022-12-14 18:00:00,2022-12-14 18:00:00,2022-12-15 06:00:00,1343.5,1291.0,1343.5,1291.0,24,1.0,-0.03907703758838843,-0.03926919396538864,0.0001,9.215637700020771e-05,0.0,0.0001921563770002077,1.0,1.0,0.0,2.0,-9.570080207926885,-9.521349036761594,0.048731171165292186,1.3873965739281342,-11.180784154597202,1,15,position_exit,5.513924528688041,atr_48,0.0001921563770002077,-9.521349036761594,-9.570080207926885,1.3873965739281342,-11.180784154597202,0.0,,,,fractional_return,R,False,True,True,True,True,True,False,False,False,False,True,10.95747678185502,-6.89786928104567,-6.89786928104567,11.180784154597202,0.5893514156341553,True
103,ETHUSD,long,2022-12-15 18:30:00,2022-12-15 18:30:00,2022-12-16 06:30:00,1272.05,1271.25,1272.05,1271.25,24,1.0,-0.0006289060964588256,-0.0008285109237060606,0.0001,9.960482724723505e-05,0.0,0.00019960482724723505,1.0,1.0,0.0,2.0,-0.18536977008348227,-0.14064340822524804,0.04472636185823424,0.6504757630418172,-2.118441336392911,2,10,position_exit,5.688144294105211,atr_48,0.00019960482724723505,-0.14064340822524804,-0.18536977008348227,0.6504757630418172,-2.118441336392911,0.0,,,,fractional_return,R,False,True,True,True,False,False,False,False,False,False,True,0.8358455331252994,-0.28497567567565985,-0.28497567567565985,2.118441336392911,0.6628921031951904,True
104,ETHUSD,short,2022-12-17 22:30:00,2022-12-17 22:30:00,2022-12-18 10:30:00,1186.0,1180.65,1186.0,1180.65,24,1.0,0.004354943212364848,0.004154116268017205,0.0001,0.00010082694434764292,0.0,0.00020082694434764292,1.0,1.0,0.0,2.0,0.8932364320799193,0.9346766765035933,0.04144024442367404,2.349794635322126,-1.851882760923023,22,12,position_exit,5.723904462891924,atr_48,0.00020082694434764292,0.9346766765035933,0.8932364320799193,2.349794635322126,-1.851882760923023,0.0,,,,fractional_return,R,False,True,True,False,True,False,True,False,True,False,False,1.4565582032422069,0.3801338289962809,0.3801338289962809,1.851882760923023,0.3079497218132019,True
105,ETHUSD,short,2022-12-19 05:30:00,2022-12-19 05:30:00,2022-12-19 17:30:00,1179.25,1173.5,1179.25,1173.5,24,1.0,0.004802863179139916,0.00460183548186488,0.0001,0.00010102769727503577,0.0,0.00020102769727503578,1.0,1.0,0.0,2.0,1.1266436702739921,1.1748322232937904,0.048188553019798346,2.860461065410968,-2.0840502047993827,24,18,position_exit,4.894315874209807,atr_48,0.00020102769727503578,1.1748322232937904,1.1266436702739921,2.860461065410968,-2.0840502047993827,0.0,,,,fractional_return,R,False,True,True,False,True,False,True,False,True,False,False,1.733817395136976,0.39386785714285716,0.39386785714285716,2.0840502047993827,0.40897512435913086,True
106,ETHUSD,long,2022-12-26 01:30:00,2022-12-26 01:30:00,2022-12-26 14:00:00,1221.0,1217.1999999999998,1221.0,1217.1999999999998,25,1.0,-0.003112203112202616,-0.0033114478648645918,0.0001,9.92447526619756e-05,0.0,0.0001992447526619756,1.0,1.0,0.0,2.0,-1.2791688332090805,-1.2019290752669305,0.07723975794215009,0.8223725251825684,-2.530377000561838,1,23,position_exit,3.1615842217281074,atr_48,0.0001992447526619756,-1.2019290752669305,-1.2791688332090805,0.8223725251825684,-2.530377000561838,0.0,,,,fractional_return,R,False,True,True,True,False,False,False,False,False,False,True,2.101541358391649,-1.5554615384616628,-1.5554615384616628,2.530377000561838,0.619954526424408,True
107,ETHUSD,long,2022-12-29 08:00:00,2022-12-29 08:00:00,2022-12-29 21:00:00,1192.85,1195.3000000000002,1192.85,1195.3000000000002,26,1.0,0.0020539045143981305,0.0018534199295798803,0.0001,0.00010048458481825015,0.0,0.00020048458481825016,1.0,1.0,0.0,2.0,0.5822485229903931,0.645061738932024,0.06281321594163095,3.475434675062018,-0.7898715170595332,14,1,position_exit,3.798086062361314,atr_48,0.00020048458481825016,0.645061738932024,0.5822485229903931,3.475434675062018,-0.7898715170595332,0.0,,,,fractional_return,R,False,True,True,False,True,False,True,False,True,False,False,2.893186152071625,0.16753257575759298,0.16753257575759298,0.7898715170595332,0.75645512342453,True
108,ETHUSD,long,2022-12-30 09:00:00,2022-12-30 09:00:00,2022-12-30 21:30:00,1194.1,1198.5,1194.1,1198.5,25,1.0,0.003684783518968393,0.003483935180889741,0.0001,0.00010084833807865187,0.0,0.00020084833807865188,1.0,1.0,0.0,2.0,1.1132893649085367,1.1771836848195838,0.06389431991104709,1.872792225849299,-3.304140569891239,24,11,position_exit,3.737734439187746,atr_48,0.00020084833807865188,1.1771836848195838,1.1132893649085367,1.872792225849299,-3.304140569891239,0.0,,,,fractional_return,R,False,True,True,False,True,False,True,False,False,False,False,0.7595028609407624,0.5944542857142987,0.5944542857142987,3.304140569891239,0.6944466829299927,True
109,ETHUSD,long,2023-01-04 01:00:00,2023-01-04 01:00:00,2023-01-04 13:00:00,1225.55,1252.2,1225.55,1252.2,24,1.0,0.021745338827465543,0.021541106041369273,0.0001,0.00010423278609627004,0.0,0.00020423278609627005,1.0,1.0,0.0,2.0,9.060427153764062,9.14453283644856,0.08410568268449903,12.112645745839876,-0.8921495450193375,14,1,position_exit,2.9143096182866444,atr_48,0.00020423278609627005,9.14453283644856,9.060427153764062,12.112645745839876,-0.8921495450193375,0.0,,,,fractional_return,R,False,True,True,False,True,False,True,False,True,False,False,3.052218592075814,0.7480138810198336,0.7480138810198336,0.8921495450193375,0.6474457383155823,True
110,ETHUSD,long,2023-01-05 07:00:00,2023-01-05 07:00:00,2023-01-05 19:00:00,1248.4499999999998,1252.4,1248.4499999999998,1252.4,24,1.0,0.0031639232648488225,0.002963364584885664,0.0001,0.00010055867996315868,0.0,0.00020055867996315868,1.0,1.0,0.0,2.0,1.0412425695269028,1.1115036712143704,0.07026110168746759,2.082310675186297,-1.7164993403562254,10,15,position_exit,3.5537444475416895,atr_48,0.00020055867996315868,1.1115036712143704,1.0412425695269028,2.082310675186297,-1.7164993403562254,0.0,,,,fractional_return,R,False,True,True,False,True,False,True,False,True,False,False,1.0410681056593944,0.5000418918919226,0.5000418918919226,1.7164993403562254,0.5800797939300537,True
111,ETHUSD,short,2023-01-06 09:00:00,2023-01-06 09:00:00,2023-01-06 21:00:00,1248.15,1266.8,1248.15,1266.8,24,1.0,-0.014984748492688937,-0.01518181566476573,0.0001,9.706717207679247e-05,0.0,0.00019706717207679247,1.0,1.0,0.0,2.0,-6.079388137609957,-5.999090393114875,0.0802977444950819,3.7635044289246555,-8.974510561281864,9,22,position_exit,3.108804631682892,atr_48,0.00019706717207679247,-5.999090393114875,-6.079388137609957,3.7635044289246555,-8.974510561281864,0.0,,,,fractional_return,R,False,True,True,True,True,True,True,True,True,True,True,9.842892566534612,-1.6153529914529734,-1.6153529914529734,8.974510561281864,0.36805596947669983,True
112,ETHUSD,short,2023-01-09 08:00:00,2023-01-09 08:00:00,2023-01-09 20:00:00,1309.35,1325.0,1309.35,1325.0,24,1.0,-0.012008441195154207,-0.012205630269243706,0.0001,9.718907408949881e-05,0.0,0.00019718907408949882,1.0,1.0,0.0,2.0,-4.2547827294120095,-4.1847595358243845,0.07002319358762461,0.26739677545203583,-9.479215689774682,1,20,position_exit,3.7397608789765475,atr_48,0.00019718907408949882,-4.1847595358243845,-4.2547827294120095,0.26739677545203583,-9.479215689774682,0.0,,,,fractional_return,R,False,True,False,False,False,False,False,False,False,False,True,4.522179504864045,-15.911870000000091,-15.911870000000091,9.479215689774682,0.3282688856124878,True
113,ETHUSD,short,2023-01-10 10:00:00,2023-01-10 10:00:00,2023-01-10 22:00:00,1333.3,1338.8000000000002,1333.3,1338.8000000000002,24,1.0,-0.0041695616774262145,-0.004368706653054444,0.0001,9.91449756282293e-05,0.0,0.0001991449756282293,1.0,1.0,0.0,2.0,-1.1893861651944402,-1.1343869603148848,0.0549992048795554,2.0522091372968525,-2.763779139676122,7,20,position_exit,4.848433728886948,atr_48,0.0001991449756282293,-1.1343869603148848,-1.1893861651944402,2.0522091372968525,-2.763779139676122,0.0,,,,fractional_return,R,False,True,True,True,True,True,True,True,True,True,True,3.2415953024912927,-0.5795638190954976,-0.5795638190954976,2.763779139676122,0.38222363591194153,True
114,ETHUSD,short,2023-01-11 19:00:00,2023-01-11 19:00:00,2023-01-12 07:00:00,1340.75,1401.05,1340.75,1401.05,24,1.0,-0.04387306906810873,-0.04406442175732095,0.0001,9.135268921222081e-05,0.0,0.00019135268921222082,1.0,1.0,0.0,2.0,-13.207222026245926,-13.14875042712431,0.05847159912161504,0.1962500063750097,-16.73576443253386,4,11,position_exit,4.585987112175178,atr_48,0.00019135268921222082,-13.14875042712431,-13.207222026245926,0.1962500063750097,-16.73576443253386,0.0,,,,fractional_return,R,False,True,False,False,False,False,False,False,False,False,True,13.403472032620936,-67.29794444443759,-67.29794444443759,16.73576443253386,0.4023178815841675,True
115,ETHUSD,long,2023-01-13 15:00:00,2023-01-13 15:00:00,2023-01-14 03:00:00,1423.85,1554.05,1423.85,1554.05,24,1.0,0.09144221652561679,0.09122365809635835,0.0001,0.00011855842925844193,0.0,0.00021855842925844193,1.0,1.0,0.0,2.0,19.01224109239894,19.05391531254913,0.04167422015018905,25.134485060908695,-2.42930103063221,19,2,position_exit,6.833241245396363,atr_48,0.00021855842925844193,19.05391531254913,19.01224109239894,25.134485060908695,-2.42930103063221,0.0,,,,fractional_return,R,False,True,True,False,True,False,True,False,True,False,False,6.122243968509753,0.756420553129549,0.756420553129549,2.42930103063221,0.5745185017585754,True
116,ETHUSD,short,2023-01-14 22:30:00,2023-01-14 22:30:00,2023-01-15 10:30:00,1551.35,1532.05,1551.35,1532.05,24,1.0,0.01235369672444575,0.01215106706290725,0.0001,0.00010262966153850037,0.0,0.00020262966153850037,1.0,1.0,0.0,2.0,1.8079424227468008,1.8374820894774837,0.029539666730682913,3.294138875436317,-0.2856189776389878,4,2,position_exit,10.503503740538884,atr_48,0.00020262966153850037,1.8374820894774837,1.8079424227468008,3.294138875436317,-0.2856189776389878,0.0,,,,fractional_return,R,False,True,True,False,True,False,True,False,True,False,False,1.4861964526895162,0.5488361271676302,0.5488361271676302,0.2856189776389878,0.4149872958660126,True
117,ETHUSD,short,2023-01-15 22:30:00,2023-01-15 22:30:00,2023-01-16 10:30:00,1557.85,1547.25,1557.85,1547.25,24,1.0,0.006272106887361462,0.006070946925448739,0.0001,0.00010115996191272245,0.0,0.00020115996191272245,1.0,1.0,0.0,2.0,1.118405634483376,1.1522749073982899,0.03386927291491399,3.60901197411541,-2.896993045487245,19,7,position_exit,9.199193640286365,atr_48,0.00020115996191272245,1.1522749073982899,1.118405634483376,3.60901197411541,-2.896993045487245,0.0,,,,fractional_return,R,False,True,True,False,True,False,True,False,True,False,False,2.490606339632034,0.309892469879517,0.309892469879517,2.896993045487245,0.3871098756790161,True
118,ETHUSD,short,2023-01-19 16:00:00,2023-01-19 16:00:00,2023-01-20 04:00:00,1536.85,1556.5500000000002,1536.85,1556.5500000000002,24,1.0,-0.012861794740534727,-0.01305935241207501,0.0001,9.755767154028269e-05,0.0,0.0001975576715402827,1.0,1.0,0.0,2.0,-2.178330933278779,-2.144865586311042,0.03346534696773685,1.409949712828793,-2.961438779069042,3,8,position_exit,9.184724733209196,atr_48,0.0001975576715402827,-2.144865586311042,-2.178330933278779,1.409949712828793,-2.961438779069042,0.0,,,,fractional_return,R,False,True,True,True,True,True,False,False,False,False,True,3.588280646107572,-1.544970656370699,-1.544970656370699,2.961438779069042,0.39918938279151917,True
119,ETHUSD,long,2023-01-20 22:00:00,2023-01-20 22:00:00,2023-01-21 10:00:00,1652.0,1635.05,1652.0,1635.05,24,1.0,-0.010260290556900808,-0.010459862820520804,0.0001,9.957226361999591e-05,0.0,0.00019957226361999592,1.0,1.0,0.0,2.0,-1.8406421140523266,-1.8054491697638329,0.03519294428849373,2.9025657743990743,-3.3286304752282962,24,24,position_exit,9.388245475898522,atr_48,0.00019957226361999592,-1.8054491697638329,-1.8406421140523266,2.9025657743990743,-3.3286304752282962,0.0,,,,fractional_return,R,False,True,True,True,True,True,True,True,True,True,True,4.743207888451401,-0.6341431192660568,-0.6341431192660568,3.3286304752282962,0.6221296191215515,True
120,ETHUSD,long,2023-01-21 22:30:00,2023-01-21 22:30:00,2023-01-22 10:30:00,1628.0500000000002,1625.65,1628.0500000000002,1625.65,24,1.0,-0.0014741561991337138,-0.0016737653987900503,0.0001,9.96091996563365e-05,0.0,0.0001996091996563365,1.0,1.0,0.0,2.0,-0.26965322986383583,-0.23743960129042999,0.03221362857340583,1.5730373585490256,-2.2606228706192524,1,8,position_exit,10.107833684678711,atr_48,0.0001996091996563365,-0.23743960129042999,-0.26965322986383583,1.5730373585490256,-2.2606228706192524,0.0,,,,fractional_return,R,False,True,True,True,True,True,True,True,False,False,True,1.8426905884128615,-0.17142201257862355,-0.17142201257862355,2.2606228706192524,0.6817556619644165,True
121,ETHUSD,short,2023-01-23 15:00:00,2023-01-23 15:00:00,2023-01-24 03:00:00,1621.65,1635.6,1621.65,1635.6,24,1.0,-0.008751619045433534,-0.008949831554807441,0.0001,9.821250937390733e-05,0.0,0.00019821250937390733,1.0,1.0,0.0,2.0,-1.5412369271683573,-1.5062181646352983,0.035018762533058974,1.1715030169385707,-2.1432566715420016,9,22,position_exit,9.2616065371762,atr_48,0.00019821250937390733,-1.5062181646352983,-1.5412369271683573,1.1715030169385707,-2.1432566715420016,0.0,,,,fractional_return,R,False,True,True,True,True,True,False,False,False,False,True,2.7127399441069278,-1.3156064516128976,-1.3156064516128976,2.1432566715420016,0.3464658856391907,True
122,ETHUSD,short,2023-01-25 14:30:00,2023-01-25 14:30:00,2023-01-26 02:30:00,1536.5500000000002,1614.5,1536.5500000000002,1614.5,24,1.0,-0.04939116684485623,-0.04958105351804665,0.0001,8.988667319042029e-05,0.0,0.0001898866731904203,1.0,1.0,0.0,2.0,-9.029098440999915,-8.993641916339104,0.03545652466081048,1.1999214359195345,-11.918450416392933,1,15,position_exit,8.667234111065172,atr_48,0.0001898866731904203,-8.993641916339104,-9.029098440999915,1.1999214359195345,-11.918450416392933,0.0,,,,fractional_return,R,False,True,True,True,True,True,False,False,False,False,True,10.22901987691945,-7.524741346153764,-7.524741346153764,11.918450416392933,0.4103749990463257,True
123,ETHUSD,short,2023-01-26 14:30:00,2023-01-26 14:30:00,2023-01-27 02:30:00,1605.5,1571.45,1605.5,1571.45,24,1.0,0.021139672130360276,0.020935235811656794,0.0001,0.00010443631870348255,0.0,0.00020443631870348256,1.0,1.0,0.0,2.0,3.3489797427082357,3.3808621164406616,0.03188237373242578,5.083704562753641,-1.0822730416799873,22,1,position_exit,10.071395646222763,atr_48,0.00020443631870348256,3.3808621164406616,3.3489797427082357,5.083704562753641,-1.0822730416799873,0.0,,,,fractional_return,R,False,True,True,False,True,False,True,False,True,False,False,1.7347248200454053,0.6587675781250015,0.6587675781250015,1.0822730416799873,0.39823997020721436,True
124,ETHUSD,long,2023-01-31 01:30:00,2023-01-31 01:30:00,2023-01-31 14:00:00,1570.35,1582.5500000000002,1570.35,1582.5500000000002,25,1.0,0.007768968701245216,0.0075671193514190715,0.0001,0.00010184934982614422,0.0,0.00020184934982614422,1.0,1.0,0.0,2.0,1.2556652306304399,1.2888445257284333,0.033179295097993444,2.0072168843311218,-0.9085297476446034,25,9,position_exit,9.46584305279571,atr_48,0.00020184934982614422,1.2888445257284333,1.2556652306304399,2.0072168843311218,-0.9085297476446034,0.0,,,,fractional_return,R,False,True,True,False,True,False,True,False,True,False,False,0.7515516537006819,0.6255752631579091,0.6255752631579091,0.9085297476446034,0.5740082859992981,True
125,ETHUSD,long,2023-02-01 06:00:00,2023-02-01 06:00:00,2023-02-01 18:00:00,1579.15,1582.45,1579.15,1582.45,24,1.0,0.0020897318177501845,0.0018900203998983844,0.0001,9.971141785180002e-05,0.0,0.00019971141785180002,1.0,1.0,0.0,2.0,0.37716477089799527,0.4170820509432728,0.039917280045277476,1.2322878777869593,-1.5735368285587672,17,6,position_exit,7.912112239154561,atr_48,0.00019971141785180002,0.4170820509432728,0.37716477089799527,1.2322878777869593,-1.5735368285587672,0.0,,,,fractional_return,R,False,True,True,False,True,False,False,False,False,False,False,0.855123106888964,0.30606871794871326,0.30606871794871326,1.5735368285587672,0.605093240737915,True
126,ETHUSD,short,2023-02-03 13:00:00,2023-02-03 13:00:00,2023-02-04 01:00:00,1648.4,1660.3,1648.4,1660.3,24,1.0,-0.007653680212976521,-0.007852017340870043,0.0001,9.833712789352198e-05,0.0,0.00019833712789352198,1.0,1.0,0.0,2.0,-1.3199120429051996,-1.2843306865406021,0.03558135636459753,2.2340878328899856,-2.9032349132724966,2,7,position_exit,9.265526491508979,atr_48,0.00019833712789352198,-1.2843306865406021,-1.3199120429051996,2.2340878328899856,-2.9032349132724966,0.0,,,,fractional_return,R,False,True,True,True,True,True,True,True,True,True,True,3.553999875795185,-0.5908057971014413,-0.5908057971014413,2.9032349132724966,0.35241085290908813,True
127,ETHUSD,short,2023-02-08 15:30:00,2023-02-08 15:30:00,2023-02-09 03:30:00,1653.15,1619.35,1653.15,1619.35,24,1.0,0.02047369532798693,0.02026947812607549,0.0001,0.00010421720191143855,0.0,0.00020421720191143855,1.0,1.0,0.0,2.0,4.367807755432698,4.4109555134627625,0.04314775803006466,5.61809570575656,-0.8613108399069135,23,5,position_exit,7.6627388095025095,atr_48,0.00020421720191143855,4.4109555134627625,4.367807755432698,5.61809570575656,-0.8613108399069135,0.0,,,,fractional_return,R,False,True,True,False,True,False,True,False,True,False,False,1.2502879503238624,0.777453426248549,0.777453426248549,0.8613108399069135,0.3993842899799347,True
128,ETHUSD,short,2023-02-09 16:00:00,2023-02-09 16:00:00,2023-02-10 04:00:00,1625.75,1545.05,1625.75,1545.05,24,1.0,0.051194293085543796,0.05098397273832611,0.0001,0.0001103203472176851,0.0,0.0002103203472176851,1.0,1.0,0.0,2.0,10.420291157089405,10.462445608011897,0.04215445092249153,13.081298164168535,-0.6482308307318396,11,4,position_exit,7.713301748321814,atr_48,0.0002103203472176851,10.462445608011897,10.420291157089405,13.081298164168535,-0.6482308307318396,0.0,,,,fractional_return,R,False,True,True,False,True,False,True,False,True,False,False,2.66100700707913,0.7965792864221999,0.7965792864221999,0.6482308307318396,0.3733438551425934,True
129,ETHUSD,short,2023-02-10 19:30:00,2023-02-10 19:30:00,2023-02-11 08:00:00,1534.45,1520.3,1534.45,1520.3,25,1.0,0.009128640655901687,0.008926864809831292,0.0001,0.00010177584607039555,0.0,0.00020177584607039556,1.0,1.0,0.0,2.0,1.527972441839322,1.5618462940788884,0.03387385223956657,4.536528811776828,-0.12141561296725259,4,1,position_exit,9.059790360705865,atr_48,0.00020177584607039556,1.5618462940788884,1.527972441839322,4.536528811776828,-0.12141561296725259,0.0,,,,fractional_return,R,False,True,True,False,True,False,True,False,True,False,False,3.008556369937506,0.3368153284671544,0.3368153284671544,0.12141561296725259,0.33088037371635437,True
130,ETHUSD,long,2023-02-15 12:00:00,2023-02-15 12:00:00,2023-02-16 00:00:00,1586.65,1695.85,1586.65,1695.85,24,1.0,0.06882425235559086,0.06861181845334507,0.0001,0.00011243390224578995,0.0,0.00021243390224578995,1.0,1.0,0.0,2.0,14.590333101822347,14.632855483053458,0.04252238123111138,16.703163332990975,-2.4991094758145493,24,5,position_exit,7.462658271071294,atr_48,0.00021243390224578995,14.632855483053458,14.590333101822347,16.703163332990975,-2.4991094758145493,0.0,,,,fractional_return,R,False,True,True,False,True,False,True,False,True,False,False,2.112830231168628,0.8735071801042916,0.8735071801042916,2.4991094758145493,0.6461585164070129,True
131,ETHUSD,short,2023-02-16 14:30:00,2023-02-16 14:30:00,2023-02-17 02:30:00,1679.0500000000002,1658.1999999999998,1679.0500000000002,1658.1999999999998,24,1.0,0.011226122532253857,0.011024090871792236,0.0001,0.00010203166046162124,0.0,0.00020203166046162124,1.0,1.0,0.0,2.0,2.3154171674933655,2.353319723675985,0.03790255618261961,5.451575187220553,-7.020455003004474,19,3,position_exit,8.859824608715632,atr_48,0.00020203166046162124,2.353319723675985,2.3154171674933655,5.451575187220553,-7.020455003004474,0.0,,,,fractional_return,R,False,True,True,False,True,False,True,False,True,False,False,3.1361580197271874,0.42472443064182785,0.42472443064182785,7.020455003004474,0.3354071080684662,True
132,ETHUSD,short,2023-02-18 12:00:00,2023-02-18 12:00:00,2023-02-19 00:00:00,1696.5,1698.05,1696.5,1698.05,24,1.0,-0.001004016513596384,-0.0012041671561735523,0.0001,0.00010015064257716819,0.0,0.0002001506425771682,1.0,1.0,0.0,2.0,-0.21192308652806746,-0.17386375065818177,0.03805933586988568,1.7666800470106085,-1.8676331925540821,16,12,position_exit,8.915026819174477,atr_48,0.0002001506425771682,-0.17386375065818177,-0.21192308652806746,1.7666800470106085,-1.8676331925540821,0.0,,,,fractional_return,R,False,True,True,True,True,True,True,True,False,False,True,1.978603133538676,-0.11995555555555268,-0.11995555555555268,1.8676331925540821,0.3957112431526184,True
133,ETHUSD,long,2023-02-23 02:00:00,2023-02-23 02:00:00,2023-02-23 14:00:00,1650.1,1664.75,1650.1,1664.75,24,1.0,0.008878249803042193,0.008677020519362033,0.0001,0.0001012292836801599,0.0,0.0002012292836801599,1.0,1.0,0.0,2.0,1.5645297739430521,1.6005861173176017,0.0360563433745496,3.086454458308667,-2.2943555265303366,2,20,position_exit,9.15289708032193,atr_48,0.0002012292836801599,1.6005861173176017,1.5645297739430521,3.086454458308667,-2.2943555265303366,0.0,,,,fractional_return,R,False,True,True,False,True,False,True,False,True,False,False,1.5219246843656147,0.5069019469026581,0.5069019469026581,2.2943555265303366,0.6147254705429077,True
134,ETHUSD,long,2023-02-24 02:30:00,2023-02-24 02:30:00,2023-02-24 14:30:00,1648.9,1636.9499999999998,1648.9,1636.9499999999998,24,1.0,-0.007247255746255288,-0.007445650830553929,0.0001,9.83950842986415e-05,0.0,0.0001983950842986415,1.0,1.0,0.0,2.0,-1.32364100653408,-1.2880939257936435,0.03554708074043666,0.9485545227601215,-2.031846903866929,12,23,position_exit,9.277273776939383,atr_48,0.0001983950842986415,-1.2880939257936435,-1.32364100653408,0.9485545227601215,-2.031846903866929,0.0,,,,fractional_return,R,False,True,True,True,False,False,False,False,False,False,True,2.2721955292942013,-1.3954295454546195,-1.3954295454546195,2.031846903866929,0.6580382585525513,True
135,ETHUSD,long,2023-03-03 13:00:00,2023-03-03 13:00:00,2023-03-04 01:00:00,1569.95,1571.9,1569.95,1571.9,24,1.0,0.0012420777731778632,0.0010416610382495417,0.0001,0.00010041673492832146,0.0,0.00020041673492832146,1.0,1.0,0.0,2.0,0.2162736856331889,0.2577818515685824,0.0415081659353935,1.4012757059625058,-2.97440597963742,2,16,position_exit,7.564535626284193,atr_48,0.00020041673492832146,0.2577818515685824,0.2162736856331889,1.4012757059625058,-2.97440597963742,0.0,,,,fractional_return,R,False,True,True,False,True,False,False,False,False,False,False,1.185002020329317,0.15434056603774146,0.15434056603774146,2.97440597963742,0.6427801847457886,True
136,ETHUSD,long,2023-03-06 01:30:00,2023-03-06 01:30:00,2023-03-06 13:30:00,1562.15,1570.45,1562.15,1570.45,24,1.0,0.00531319015459486,0.005112355196683849,0.0001,0.00010083495791101135,0.0,0.00020083495791101136,1.0,1.0,0.0,2.0,1.538169186787194,1.5983339426551146,0.06016475586792052,1.7716472617381742,-1.3094784108500157,24,7,position_exit,5.192907300843646,atr_48,0.00020083495791101136,1.5983339426551146,1.538169186787194,1.7716472617381742,-1.3094784108500157,0.0,,,,fractional_return,R,False,True,True,False,True,False,True,False,False,False,False,0.23347807495098016,0.8682141304347947,0.8682141304347947,1.3094784108500157,0.6135760545730591,True
137,ETHUSD,short,2023-03-08 15:00:00,2023-03-08 15:00:00,2023-03-09 03:00:00,1557.95,1541.25,1557.95,1541.25,24,1.0,0.010646999421940695,0.010444988082350948,0.0001,0.00010201133958974715,0.0,0.00020201133958974715,1.0,1.0,0.0,2.0,3.033948723056206,3.0916326644890284,0.057683941432822385,5.766727993942111,-1.3884577834531526,16,1,position_exit,5.401676658362047,atr_48,0.00020201133958974715,3.0916326644890284,3.033948723056206,5.766727993942111,-1.3884577834531526,0.0,,,,fractional_return,R,False,True,True,False,True,False,True,False,True,False,False,2.732779270885905,0.526112680577849,0.526112680577849,1.3884577834531526,0.40133458375930786,True
138,ETHUSD,short,2023-03-09 15:00:00,2023-03-09 15:00:00,2023-03-10 03:00:00,1537.85,1427.6,1537.85,1427.6,24,1.0,0.07450802855580752,0.0742929564637036,0.0001,0.00011507209210391842,0.0,0.00021507209210391842,1.0,1.0,0.0,2.0,19.951965386652194,20.00778210813063,0.05581672147843754,23.047513176712837,-0.2631408984742887,11,1,position_exit,5.510355890731003,atr_48,0.00021507209210391842,20.00778210813063,19.951965386652194,23.047513176712837,-0.2631408984742887,0.0,,,,fractional_return,R,False,True,True,False,True,False,True,False,True,False,False,3.0955477900606425,0.8656884251968504,0.8656884251968504,0.2631408984742887,0.40762996673583984,True
139,ETHUSD,long,2023-03-13 13:00:00,2023-03-13 13:00:00,2023-03-14 01:00:00,1596.85,1680.0,1596.85,1680.0,24,1.0,0.05207126530356643,0.051861296759558195,0.0001,0.00010996854400823217,0.0,0.00020996854400823217,1.0,1.0,0.0,2.0,5.402813136078974,5.423644758768184,0.020831622689209777,6.72818949930172,-0.867522252454784,5,1,position_exit,15.331018844030096,atr_48,0.00020996854400823217,5.423644758768184,5.402813136078974,6.72818949930172,-0.867522252454784,0.0,,,,fractional_return,R,False,True,True,False,True,False,True,False,True,False,False,1.3253763632227464,0.8030114396509939,0.8030114396509939,0.867522252454784,0.6308534145355225,True
140,ETHUSD,short,2023-03-14 14:00:00,2023-03-14 14:00:00,2023-03-15 02:00:00,1747.4,1711.75,1747.4,1711.75,24,1.0,0.019397061163205942,0.01919335813275258,0.0001,0.00010370303045336157,0.0,0.00020370303045336158,1.0,1.0,0.0,2.0,2.2489176148060603,2.2711822083027684,0.02226459349670826,5.029728901697159,-2.252069875554066,14,1,position_exit,15.696671041924452,atr_48,0.00020370303045336158,2.2711822083027684,2.2489176148060603,5.029728901697159,-2.252069875554066,0.0,,,,fractional_return,R,False,True,True,False,True,False,True,False,True,False,False,2.780811286891099,0.44712501583280523,0.44712501583280523,2.252069875554066,0.3822140395641327,True
141,ETHUSD,long,2023-03-15 14:00:00,2023-03-15 14:00:00,2023-03-16 02:00:00,1665.75,1657.85,1665.75,1657.85,24,1.0,-0.0047426084346389175,-0.004941226769923257,0.0001,9.861833528433958e-05,0.0,0.0001986183352843396,1.0,1.0,0.0,2.0,-0.4988217547858501,-0.4786371999548433,0.02018455483100686,0.3059642860470771,-3.089936354138826,16,6,position_exit,16.505194332461855,atr_48,0.0001986183352843396,-0.4786371999548433,-0.4988217547858501,0.3059642860470771,-3.089936354138826,0.0,,,,fractional_return,R,False,True,False,False,False,False,False,False,False,False,True,0.8047860408329273,-1.6303267326733,-1.6303267326733,3.089936354138826,0.6131035685539246,True
142,ETHUSD,short,2023-03-18 17:30:00,2023-03-18 17:30:00,2023-03-19 05:30:00,1790.0,1780.9499999999998,1790.0,1780.9499999999998,24,1.0,0.00482170501533874,0.004620843634982386,0.0001,0.00010086138035635414,0.0,0.00020086138035635415,1.0,1.0,0.0,2.0,0.579718310433343,0.6035953416269846,0.023877031193641565,2.374363995792283,-1.0371168577126402,12,6,position_exit,14.993488809250925,atr_48,0.00020086138035635415,0.6035953416269846,0.579718310433343,2.374363995792283,-1.0371168577126402,0.0,,,,fractional_return,R,False,True,True,False,True,False,True,False,True,False,False,1.79464568535894,0.24415730337079228,0.24415730337079228,1.0371168577126402,0.39998307824134827,True
143,ETHUSD,short,2023-03-20 07:00:00,2023-03-20 07:00:00,2023-03-20 19:00:00,1774.75,1751.9,1774.75,1751.9,24,1.0,0.012449947914985549,0.012248442824446482,0.0001,0.00010150509053906695,0.0,0.00020150509053906696,1.0,1.0,0.0,2.0,1.658642181339544,1.6848139410051803,0.026171759665636375,2.0424221516780467,-2.477450696620312,24,2,position_exit,13.56232842326039,atr_48,0.00020150509053906696,1.6848139410051803,1.658642181339544,2.0424221516780467,-2.477450696620312,0.0,,,,fractional_return,R,False,True,True,False,True,False,True,False,True,False,False,0.38377997033850275,0.8120956678700383,0.8120956678700383,2.477450696620312,0.40818658471107483,True
144,ETHUSD,long,2023-03-23 16:00:00,2023-03-23 16:00:00,2023-03-24 04:00:00,1830.25,1814.45,1830.25,1814.45,24,1.0,-0.008632700450757813,-0.00883101043409329,0.0001,9.830998333547622e-05,0.0,0.00019830998333547623,1.0,1.0,0.0,2.0,-1.3161221211626246,-1.286320994576255,0.029801126586369596,0.42334615011370913,-2.7069729790924435,2,6,position_exit,12.283092685745094,atr_48,0.00019830998333547623,-1.286320994576255,-1.3161221211626246,0.42334615011370913,-2.7069729790924435,0.0,,,,fractional_return,R,False,True,False,False,False,False,False,False,False,False,True,1.7394682712763339,-3.108855769230733,-3.108855769230733,2.7069729790924435,0.6390929818153381,True
145,ETHUSD,long,2023-03-24 17:30:00,2023-03-24 17:30:00,2023-03-25 08:00:00,1738.7,1745.45,1738.7,1745.45,24,1.0,0.0038822108471843197,0.003681211534479978,0.0001,0.0001009993127043419,0.0,0.0002009993127043419,1.0,1.0,0.0,2.0,0.4925411772344328,0.5192936472952397,0.02675247006080692,2.307971765756621,-0.11924520789742192,4,7,position_exit,12.99842591019094,atr_48,0.0002009993127043419,0.5192936472952397,0.4925411772344328,2.307971765756621,-0.11924520789742192,0.0,,,,fractional_return,R,False,True,True,False,True,False,True,False,True,False,False,1.8154305885221882,0.21340866666666666,0.21340866666666666,0.11924520789742192,0.5970942974090576,True
146,ETHUSD,short,2023-03-29 12:00:00,2023-03-29 12:00:00,2023-03-30 00:00:00,1808.65,1796.85,1808.65,1796.85,24,1.0,0.006360643067850225,0.006159172941035074,0.0001,0.00010147012681515086,0.0,0.00020147012681515086,1.0,1.0,0.0,2.0,1.256857948757566,1.296605500249537,0.039747551491971005,2.741551460273373,-0.8405959387210702,20,4,reversal,9.10068636738717,atr_48,0.00020147012681515086,1.296605500249537,1.256857948757566,2.741551460273373,-0.8405959387210702,0.0,,,,fractional_return,R,False,True,True,False,True,False,True,False,True,False,False,1.484693511515807,0.45844769539078384,0.45844769539078384,0.8405959387210702,0.38052114844322205,True
147,ETHUSD,long,2023-03-30 00:00:00,2023-03-30 00:00:00,2023-03-30 12:00:00,1796.85,1799.55,1796.85,1799.55,24,1.0,0.0015026296018032514,0.0013020385950412994,0.0001,0.00010059100676195207,0.0,0.00020059100676195207,1.0,1.0,0.0,2.0,0.266674184744472,0.30761816212304915,0.040943977378577155,3.6287549865255526,-3.2527772328195894,5,6,position_exit,8.777115048623264,atr_48,0.00020059100676195207,0.30761816212304915,0.266674184744472,3.6287549865255526,-3.2527772328195894,0.0,,,,fractional_return,R,False,True,True,False,True,False,True,False,True,False,False,3.3620808017810804,0.07348916797488338,0.07348916797488338,3.2527772328195894,0.583848237991333,True
148,ETHUSD,long,2023-03-31 15:00:00,2023-03-31 15:00:00,2023-04-01 03:00:00,1828.25,1826.9,1828.25,1826.9,24,1.0,-0.0007384110488170004,-0.0009384174489266428,0.0001,0.00010000640010964243,0.0,0.00020000640010964243,1.0,1.0,0.0,2.0,-0.18946599214488255,-0.1490858213479368,0.04038017079694575,1.6012921552186883,-1.4466846367837705,22,11,position_exit,9.05518705799176,atr_48,0.00020000640010964243,-0.1490858213479368,-0.18946599214488255,1.6012921552186883,-1.4466846367837705,0.0,,,,fractional_return,R,False,True,True,True,True,True,True,True,False,False,True,1.7907581473635708,-0.11832068965516615,-0.11832068965516615,1.4466846367837705,0.6250066161155701,True
149,ETHUSD,short,2023-04-04 23:00:00,2023-04-04 23:00:00,2023-04-05 11:00:00,1864.4,1915.85,1864.4,1915.85,24,1.0,-0.027261334753298394,-0.02745596686175511,0.0001,9.463210845671596e-05,0.0,0.00019463210845671597,1.0,1.0,0.0,2.0,-5.656556143921835,-5.615855653039321,0.040700490882513304,0.021830342674599094,-6.554560388046883,1,7,position_exit,9.161560264134442,atr_48,0.00019463210845671597,-5.615855653039321,-5.656556143921835,0.021830342674599094,-6.554560388046883,0.0,,,,fractional_return,R,False,True,False,False,False,False,False,False,False,False,True,5.678386486596434,-259.11439999994025,-259.11439999994025,6.554560388046883,0.3468272387981415,True
150,ETHUSD,long,2023-04-06 02:30:00,2023-04-06 02:30:00,2023-04-06 14:30:00,1894.65,1868.55,1894.65,1868.55,24,1.0,-0.013775631383105336,-0.013972908614520385,0.0001,9.727723141504949e-05,0.0,0.0001972772314150495,1.0,1.0,0.0,2.0,-2.8497231447428946,-2.80894182951462,0.040781315228274696,0.6295904100636086,-4.186507171192276,2,16,position_exit,9.291755253084101,atr_48,0.0001972772314150495,-2.80894182951462,-2.8497231447428946,0.6295904100636086,-4.186507171192276,0.0,,,,fractional_return,R,False,True,True,True,False,False,False,False,False,False,True,3.4793135548065033,-4.526312820512914,-4.526312820512914,4.186507171192276,0.5759251117706299,True
151,ETHUSD,short,2023-04-11 06:00:00,2023-04-11 06:00:00,2023-04-11 18:00:00,1921.95,1907.65,1921.95,1907.65,24,1.0,0.00743357569643166,0.007232099055628272,0.0001,0.00010147664080338856,0.0,0.00020147664080338856,1.0,1.0,0.0,2.0,1.844901989338594,1.8958635983289196,0.05096160899032558,3.732067153353806,-0.782209456653175,22,3,position_exit,7.542736730957055,atr_48,0.00020147664080338856,1.8958635983289196,1.844901989338594,3.732067153353806,-0.782209456653175,0.0,,,,fractional_return,R,False,True,True,False,True,False,True,False,True,False,False,1.8871651640152118,0.494337833037297,0.494337833037297,0.782209456653175,0.3883148729801178,True
152,ETHUSD,short,2023-04-15 09:30:00,2023-04-15 09:30:00,2023-04-15 21:30:00,2108.5,2089.8500000000004,2108.5,2089.8500000000004,24,1.0,0.008778893536279586,0.008577316210911512,0.0001,0.00010157732536807415,0.0,0.00020157732536807416,1.0,1.0,0.0,2.0,1.7096224029292402,1.74917341796165,0.03955101503240977,2.27439439064723,-0.3986052024845661,23,3,reversal,10.662178951777628,atr_48,0.00020157732536807416,1.74917341796165,1.7096224029292402,2.27439439064723,-0.3986052024845661,0.0,,,,fractional_return,R,False,True,True,False,True,False,True,False,True,False,False,0.56477198771799,0.751682474226789,0.751682474226789,0.3986052024845661,0.4136030375957489,True
153,ETHUSD,long,2023-04-15 21:30:00,2023-04-15 21:30:00,2023-04-16 09:30:00,2089.8500000000004,2089.9,2089.8500000000004,2089.9,24,1.0,2.3925162092819363e-05,-0.00017630885039632282,0.0001,0.00010023401248914218,0.0,0.0002002340124891422,1.0,1.0,0.0,2.0,-0.0374521729476407,0.00508902532100559,0.04254119826864629,1.4554612418155135,-1.496173444383836,18,7,position_exit,9.825064102814714,atr_48,0.0002002340124891422,0.00508902532100559,-0.0374521729476407,1.4554612418155135,-1.496173444383836,0.0,,,,fractional_return,R,False,True,True,True,True,True,False,False,False,False,True,1.4929134147631542,-0.025732167832187413,-0.025732167832187413,1.496173444383836,0.6384724974632263,True
154,ETHUSD,long,2023-04-21 05:30:00,2023-04-21 05:30:00,2023-04-21 17:30:00,1928.1,1881.4,1928.1,1881.4,24,1.0,-0.02422073543903358,-0.024415925614594935,0.0001,9.519017556135498e-05,0.0,0.00019519017556135498,1.0,1.0,0.0,2.0,-4.250100635324088,-4.2152933245783935,0.034807310745694355,0.528039956076751,-4.941912409436144,5,24,position_exit,11.078707080169961,atr_48,0.00019519017556135498,-4.2152933245783935,-4.250100635324088,0.528039956076751,-4.941912409436144,0.0,,,,fractional_return,R,False,True,True,True,False,False,False,False,False,False,True,4.778140591400839,-8.048823931623714,-8.048823931623714,4.941912409436144,0.6169171333312988,True
155,ETHUSD,short,2023-04-22 06:00:00,2023-04-22 06:00:00,2023-04-22 18:00:00,1855.2,1876.55,1855.2,1876.55,24,1.0,-0.011507418916621215,-0.011704811739209786,0.0001,9.739282258857127e-05,0.0,0.00019739282258857127,1.0,1.0,0.0,2.0,-2.0330384836681312,-1.9983100084671175,0.0347284752010137,1.0950926041716846,-3.018524485857837,8,22,position_exit,10.684027958393337,atr_48,0.00019739282258857127,-1.9983100084671175,-2.0330384836681312,1.0950926041716846,-3.018524485857837,0.0,,,,fractional_return,R,False,True,True,True,True,True,False,False,False,False,True,3.128131087839816,-1.8564991452991302,-1.8564991452991302,3.018524485857837,0.38386210799217224,True
156,ETHUSD,long,2023-04-27 20:00:00,2023-04-27 20:00:00,2023-04-28 08:00:00,1916.7,1915.25,1916.7,1915.25,24,1.0,-0.0007565085824594586,-0.0009565872601349223,0.0001,0.00010007867767546372,0.0,0.00020007867767546372,1.0,1.0,0.0,2.0,-0.1266445471736812,-0.10016395944115056,0.026480587732530654,0.6320691233699898,-1.4817358138018044,2,5,position_exit,14.47626479713959,atr_48,0.00020007867767546372,-0.10016395944115056,-0.1266445471736812,0.6320691233699898,-1.4817358138018044,0.0,,,,fractional_return,R,False,True,True,True,False,False,False,False,False,False,True,0.758713670543671,-0.20036502732241232,-0.20036502732241232,1.4817358138018044,0.6269383430480957,True
157,ETHUSD,long,2023-05-01 15:00:00,2023-05-01 15:00:00,2023-05-02 03:00:00,1829.75,1825.2,1829.75,1825.2,24,1.0,-0.0024866785079921128,-0.0026863788550346435,0.0001,9.97003470425307e-05,0.0,0.0001997003470425307,1.0,1.0,0.0,2.0,-0.623342622639314,-0.5769401505322219,0.04640247210709203,1.5342804003164623,-2.948100769203142,4,12,position_exit,7.8864332735425355,atr_48,0.0001997003470425307,-0.5769401505322219,-0.623342622639314,1.5342804003164623,-2.948100769203142,0.0,,,,fractional_return,R,False,True,True,True,True,True,True,True,False,False,True,2.157623022955776,-0.40627685950413145,-0.40627685950413145,2.948100769203142,0.6076014637947083,True
158,ETHUSD,long,2023-05-02 16:00:00,2023-05-02 16:00:00,2023-05-03 04:00:00,1861.45,1862.75,1861.45,1862.75,24,1.0,0.0006983802949318552,0.0004982130245241301,0.0001,0.00010016727040772508,0.0,0.00020016727040772508,1.0,1.0,0.0,2.0,0.11177707244596334,0.1566332088473277,0.04485613640136436,2.4519121538793973,-0.9397992530839937,6,2,position_exit,8.29964481712866,atr_48,0.00020016727040772508,0.1566332088473277,0.11177707244596334,2.4519121538793973,-0.9397992530839937,0.0,,,,fractional_return,R,False,True,True,False,True,False,True,False,True,False,False,2.340135081433434,0.04558771498771295,0.04558771498771295,0.9397992530839937,0.6050399541854858,True
159,ETHUSD,short,2023-05-03 16:00:00,2023-05-03 16:00:00,2023-05-04 04:00:00,1861.85,1904.5,1861.85,1904.5,24,1.0,-0.022652587607853714,-0.02284806014839247,0.0001,9.547254053875473e-05,0.0,0.00019547254053875474,1.0,1.0,0.0,2.0,-6.134157263733603,-6.081064508957507,0.05309275477609617,0.7841935474622794,-7.7777741843759065,1,12,position_exit,7.013574668904753,atr_48,0.00019547254053875474,-6.081064508957507,-6.134157263733603,0.7841935474622794,-7.7777741843759065,0.0,,,,fractional_return,R,False,True,True,True,False,False,False,False,False,False,True,6.918350811195882,-7.822249090909107,-7.822249090909107,7.7777741843759065,0.3970002233982086,True
160,ETHUSD,long,2023-05-05 15:00:00,2023-05-05 15:00:00,2023-05-06 03:00:00,1953.5,1973.2,1953.5,1973.2,24,1.0,0.010084463782953579,0.009882011681085157,0.0001,0.00010245210186842221,0.0,0.00020245210186842222,1.0,1.0,0.0,2.0,2.3319894520782385,2.3791743981367164,0.04718494605847781,7.982915112529765,-0.7668912400085227,19,1,position_exit,8.280183249882134,atr_48,0.00020245210186842222,2.3791743981367164,2.3319894520782385,7.982915112529765,-0.7668912400085227,0.0,,,,fractional_return,R,False,True,True,False,True,False,True,False,True,False,False,5.650925660451527,0.29212254160363194,0.29212254160363194,0.7668912400085227,0.5682852864265442,True
161,ETHUSD,short,2023-05-07 16:00:00,2023-05-07 16:00:00,2023-05-08 04:00:00,1917.25,1863.95,1917.25,1863.95,24,1.0,0.027876270560294625,0.027670916998826067,0.0001,0.00010535356146855754,0.0,0.00020535356146855754,1.0,1.0,0.0,2.0,6.027939124655298,6.0716194714910054,0.043680346835707845,8.429640542032548,-1.002443740133595,19,2,position_exit,8.778547511132329,atr_48,0.00020535356146855754,6.0716194714910054,6.027939124655298,8.429640542032548,-1.002443740133595,0.0,,,,fractional_return,R,False,True,True,False,True,False,True,False,True,False,False,2.40170141737725,0.7150885135135129,0.7150885135135129,1.002443740133595,0.40715575218200684,True
162,ETHUSD,short,2023-05-09 07:30:00,2023-05-09 07:30:00,2023-05-09 19:30:00,1849.55,1853.15,1849.55,1853.15,24,1.0,-0.0020724668119125322,-0.0022722315111779468,0.0001,9.976469926541451e-05,0.0,0.00019976469926541451,1.0,1.0,0.0,2.0,-0.4262388293037838,-0.3865225623486747,0.039716266955109124,1.4709330844935167,-0.9663064058716502,7,19,position_exit,9.313815933861694,atr_48,0.00019976469926541451,-0.3865225623486747,-0.4262388293037838,1.4709330844935167,-0.9663064058716502,0.0,,,,fractional_return,R,False,True,True,True,True,True,False,False,False,False,True,1.8971719137973004,-0.28977445255475354,-0.28977445255475354,0.9663064058716502,0.40965911746025085,True
163,ETHUSD,long,2023-05-12 12:30:00,2023-05-12 12:30:00,2023-05-13 00:30:00,1773.05,1809.15,1773.05,1809.15,24,1.0,0.020360395927920605,0.020156630122670105,0.0001,0.0001037658052504998,0.0,0.0002037658052504998,1.0,1.0,0.0,2.0,3.894678580103819,3.933315505628778,0.038636925524958884,4.821307787370436,-3.116144694210035,19,13,position_exit,9.178007700714364,atr_48,0.0002037658052504998,3.933315505628778,3.894678580103819,4.821307787370436,-3.116144694210035,0.0,,,,fractional_return,R,False,True,True,False,True,False,True,False,True,False,False,0.9266292072666173,0.8078054237288167,0.8078054237288167,3.116144694210035,0.5942592620849609,True
164,ETHUSD,long,2023-05-13 19:30:00,2023-05-13 19:30:00,2023-05-14 07:30:00,1793.85,1806.3,1793.85,1806.3,24,1.0,0.006940379630403948,0.0067389765406804525,0.0001,0.0001014030897234953,0.0,0.0002014030897234953,1.0,1.0,0.0,2.0,1.5090823680154775,1.5538597381567212,0.04477737014124376,2.084293785318652,-0.3432220305165436,22,10,position_exit,8.012306191013714,atr_48,0.0002014030897234953,1.5538597381567212,1.5090823680154775,2.084293785318652,-0.3432220305165436,0.0,,,,fractional_return,R,False,True,True,False,True,False,True,False,True,False,False,0.5752114173031746,0.7240257485029948,0.7240257485029948,0.3432220305165436,0.600318431854248,True
165,ETHUSD,long,2023-05-23 04:00:00,2023-05-23 04:00:00,2023-05-23 16:00:00,1862.75,1854.05,1862.75,1854.05,24,1.0,-0.0046705140249626576,-0.004869714901355349,0.0001,9.920087639269112e-05,0.0,0.00019920087639269113,1.0,1.0,0.0,2.0,-1.5871132849827374,-1.5219409735245129,0.06517231145822462,0.11370823365414558,-3.5162084560738402,1,19,position_exit,5.716384637344098,atr_48,0.00019920087639269113,-1.5219409735245129,-1.5871132849827374,0.11370823365414558,-3.5162084560738402,0.0,,,,fractional_return,R,False,True,False,False,False,False,False,False,False,False,True,1.700821518636883,-13.957769230767349,-13.957769230767349,3.5162084560738402,0.6031718254089355,True
166,ETHUSD,long,2023-05-26 12:30:00,2023-05-26 12:30:00,2023-05-27 00:30:00,1814.65,1827.3,1814.65,1827.3,24,1.0,0.006971041247622933,0.00676964608877717,0.0001,0.00010139515884576297,0.0,0.00020139515884576298,1.0,1.0,0.0,2.0,2.286638975861723,2.3541806992758083,0.06754172341408525,4.3919892887675465,0.0,15,1,position_exit,5.373419297801248,atr_48,0.00020139515884576298,2.3541806992758083,2.286638975861723,4.3919892887675465,0.0,0.0,,,,fractional_return,R,False,True,True,False,True,False,True,False,True,False,False,2.1053503129058235,0.5206385593220301,0.5206385593220301,0.0,0.5907337665557861,True
167,ETHUSD,long,2023-05-28 22:00:00,2023-05-28 22:00:00,2023-05-29 10:00:00,1905.55,1903.35,1905.55,1903.35,24,1.0,-0.0011545223163912377,-0.0013543706276402112,0.0001,9.98483112489735e-05,0.0,0.0001998483112489735,1.0,1.0,0.0,2.0,-0.4401022622185935,-0.37511961012157896,0.06498265209701455,3.725619764161992,-2.037581518614906,4,13,position_exit,5.864796029423814,atr_48,0.0001998483112489735,-0.37511961012157896,-0.4401022622185935,3.725619764161992,-2.037581518614906,0.0,,,,fractional_return,R,False,True,True,True,True,True,True,True,True,True,True,4.165722026380585,-0.11812860411899448,-0.11812860411899448,2.037581518614906,0.7120673060417175,True
168,ETHUSD,long,2023-05-30 05:00:00,2023-05-30 05:00:00,2023-05-30 17:00:00,1896.85,1899.65,1896.85,1899.65,24,1.0,0.0014761314811393422,0.0012755932437982231,0.0001,0.00010053823734111908,0.0,0.00020053823734111909,1.0,1.0,0.0,2.0,0.39901606572975423,0.4615513250861555,0.06253525935640122,3.387457046614273,-0.78298885505682,11,22,position_exit,6.066497587191456,atr_48,0.00020053823734111909,0.4615513250861555,0.39901606572975423,3.387457046614273,-0.78298885505682,0.0,,,,fractional_return,R,False,True,True,False,True,False,True,False,True,False,False,2.9884409808845187,0.11779221411192993,0.11779221411192993,0.78298885505682,0.603430449962616,True
169,ETHUSD,long,2023-06-06 09:30:00,2023-06-06 09:30:00,2023-06-06 21:30:00,1817.65,1880.15,1817.65,1880.15,24,1.0,0.03438505762935651,0.034178322987098886,0.0001,0.00010673464225762217,0.0,0.00020673464225762217,1.0,1.0,0.0,2.0,10.585539689072899,10.647470488218211,0.06193079914531146,13.637280201309876,-3.2879388867618142,20,5,position_exit,5.86993878679057,atr_48,0.00020673464225762217,10.647470488218211,10.585539689072899,13.637280201309876,-3.2879388867618142,0.0,,,,fractional_return,R,False,True,True,False,True,False,True,False,True,False,False,3.051740512236977,0.7762207370393509,0.7762207370393509,3.2879388867618142,0.5811030864715576,True
170,ETHUSD,short,2023-06-07 10:00:00,2023-06-07 10:00:00,2023-06-07 22:00:00,1857.15,1828.15,1857.15,1828.15,24,1.0,0.015554415478422845,0.015350996155505392,0.0001,0.00010341932291745301,0.0,0.00020341932291745302,1.0,1.0,0.0,2.0,3.9311067163178084,3.9821092975728947,0.05100258125508622,4.840322508256708,-2.7394165685027074,23,3,position_exit,7.282572584754409,atr_48,0.00020341932291745302,3.9821092975728947,3.9311067163178084,4.840322508256708,-2.7394165685027074,0.0,,,,fractional_return,R,False,True,True,False,True,False,True,False,True,False,False,0.9092157919388999,0.8121580141843971,0.8121580141843971,2.7394165685027074,0.41553404927253723,True
171,ETHUSD,long,2023-06-11 04:00:00,2023-06-11 04:00:00,2023-06-11 16:00:00,1746.85,1748.35,1746.85,1748.35,24,1.0,0.0008586884964365549,0.0006589274485506724,0.0001,9.976104788588244e-05,0.0,0.00019976104788588245,1.0,1.0,0.0,2.0,0.14375699703564096,0.1874064604203449,0.043649463384703935,1.6616706157270809,-0.8308353078635404,3,19,position_exit,8.003993014091202,atr_48,0.00019976104788588245,0.1874064604203449,0.14375699703564096,1.6616706157270809,-0.8308353078635404,0.0,,,,fractional_return,R,False,True,True,False,True,False,True,False,False,False,False,1.51791361869144,0.08651353383458528,0.08651353383458528,0.8308353078635404,0.5808297991752625,True
172,ETHUSD,long,2023-06-12 17:00:00,2023-06-12 17:00:00,2023-06-13 05:00:00,1727.85,1747.0500000000002,1727.85,1747.0500000000002,24,1.0,0.011112075701015245,0.010909863396995956,0.0001,0.00010221230401928913,0.0,0.00020221230401928914,1.0,1.0,0.0,2.0,2.497571425805474,2.5433477106157594,0.04577628481028518,3.6163225260317557,-0.2384388478701879,19,1,position_exit,7.549105425050922,atr_48,0.00020221230401928914,2.5433477106157594,2.497571425805474,3.6163225260317557,-0.2384388478701879,0.0,,,,fractional_return,R,False,True,True,False,True,False,True,False,True,False,False,1.1187511002262815,0.6906384615384669,0.6906384615384669,0.2384388478701879,0.583460807800293,True
173,ETHUSD,short,2023-06-16 15:30:00,2023-06-16 15:30:00,2023-06-17 03:30:00,1679.75,1717.95,1679.75,1717.95,24,1.0,-0.02248056375981089,-0.022676094881393993,0.0001,9.553112158310348e-05,0.0,0.00019553112158310348,1.0,1.0,0.0,2.0,-5.598333327653383,-5.549527989224587,0.04880533842879575,0.5738386271580457,-6.9514375467119285,2,11,position_exit,6.883468301118989,atr_48,0.00019553112158310348,-5.549527989224587,-5.598333327653383,0.5738386271580457,-6.9514375467119285,0.0,,,,fractional_return,R,False,True,True,True,False,False,False,False,False,False,True,6.172171954811429,-9.75593670886066,-9.75593670886066,6.9514375467119285,0.3970739543437958,True
174,ETHUSD,long,2023-06-17 16:00:00,2023-06-17 16:00:00,2023-06-18 04:00:00,1730.35,1728.65,1730.35,1728.65,24,1.0,-0.000982460195914192,-0.0011822594922992202,0.0001,9.979929638502813e-05,0.0,0.00019979929638502814,1.0,1.0,0.0,2.0,-0.3005922096970667,-0.2497503782788488,0.05084183141821791,0.2497503782788822,-1.4838110709509529,12,17,position_exit,6.806796497027729,atr_48,0.00019979929638502814,-0.2497503782788488,-0.3005922096970667,0.2497503782788822,-1.4838110709509529,0.0,,,,fractional_return,R,False,True,False,False,False,False,False,False,False,False,True,0.5503425879759489,-1.2035705882351548,-1.2035705882351548,1.4838110709509529,0.5768846273422241,True
175,ETHUSD,short,2023-06-21 10:00:00,2023-06-21 10:00:00,2023-06-21 22:00:00,1817.05,1880.25,1817.05,1880.25,24,1.0,-0.0346721788287182,-0.034865477227690844,0.0001,9.329839897264111e-05,0.0,0.00019329839897264112,1.0,1.0,0.0,2.0,-8.714500051059,-8.664676788531779,0.049823262527220434,1.0899395643801897,-11.214724071232572,1,13,position_exit,7.293982400318619,atr_48,0.00019329839897264112,-8.664676788531779,-8.714500051059,1.0899395643801897,-11.214724071232572,0.0,,,,fractional_return,R,False,True,True,True,True,True,False,False,False,False,True,9.80443961543919,-7.9953974842766895,-7.9953974842766895,11.214724071232572,0.304707795381546,True
176,ETHUSD,long,2023-06-22 22:30:00,2023-06-22 22:30:00,2023-06-23 10:30:00,1870.95,1879.15,1870.95,1879.15,24,1.0,0.0043828001817256546,0.004182045896736986,0.0001,0.00010075428498866898,0.0,0.00020075428498866899,1.0,1.0,0.0,2.0,0.8061927409264694,0.8447407329844512,0.03854799205798171,1.84915806793547,-0.6696115566340125,22,7,position_exit,9.707120397793082,atr_48,0.00020075428498866899,0.8447407329844512,0.8061927409264694,1.84915806793547,-0.6696115566340125,0.0,,,,fractional_return,R,False,True,True,False,True,False,True,False,False,False,False,1.0429653270090005,0.4359782729805028,0.4359782729805028,0.6696115566340125,0.6506497263908386,True
177,ETHUSD,long,2023-06-27 07:00:00,2023-06-27 07:00:00,2023-06-27 19:00:00,1873.05,1895.85,1873.05,1895.85,24,1.0,0.012172659565948374,0.011970128388723689,0.0001,0.00010253117722468516,0.0,0.00020253117722468517,1.0,1.0,0.0,2.0,2.824333444395535,2.871513161297003,0.04717971690146809,4.949581896446154,-0.8941992739126535,20,17,position_exit,7.940064599843821,atr_48,0.00020253117722468517,2.871513161297003,2.824333444395535,4.949581896446154,-0.8941992739126535,0.0,,,,fractional_return,R,False,True,True,False,True,False,True,False,True,False,False,2.125248452050619,0.5706206106870224,0.5706206106870224,0.8941992739126535,0.632023274898529,True
178,ETHUSD,long,2023-06-28 13:30:00,2023-06-28 13:30:00,2023-06-29 01:30:00,1857.15,1835.65,1857.15,1835.65,24,1.0,-0.011576878550467518,-0.011774725580324774,0.0001,9.784702985725655e-05,0.0,0.00019784702985725655,1.0,1.0,0.0,2.0,-2.801473061232552,-2.7538972447846284,0.04757581644792347,1.4025662711809852,-5.001845925992569,2,12,position_exit,7.807117727691917,atr_48,0.00019784702985725655,-2.7538972447846284,-2.801473061232552,1.4025662711809852,-5.001845925992569,0.0,,,,fractional_return,R,False,True,True,True,True,True,False,False,False,False,True,4.2040393324135374,-1.9973908675799419,-1.9973908675799419,5.001845925992569,0.5923507213592529,True
179,ETHUSD,short,2023-06-30 04:30:00,2023-06-30 04:30:00,2023-06-30 16:30:00,1886.7,1898.0,1886.7,1898.0,24,1.0,-0.007254916969009373,-0.007455351000660637,0.0001,0.00010043403165126427,0.0,0.00020043403165126428,1.0,1.0,0.0,2.0,-1.4656993852143858,-1.4183369716838388,0.04736241353054707,7.625130179627748,-3.219499409176143,18,16,position_exit,7.96707709493371,atr_48,0.00020043403165126428,-1.4183369716838388,-1.4656993852143858,7.625130179627748,-3.219499409176143,0.0,,,,fractional_return,R,False,True,True,True,True,True,True,True,True,True,True,9.090829564842133,-0.1922195884773655,-0.1922195884773655,3.219499409176143,0.37020596861839294,True
180,ETHUSD,short,2023-07-02 22:30:00,2023-07-02 22:30:00,2023-07-03 10:30:00,1942.1,1962.1,1942.1,1962.1,24,1.0,-0.010315917222561866,-0.010514069600691567,0.0001,9.815237812970121e-05,0.0,0.0001981523781297012,1.0,1.0,0.0,2.0,-2.611031531576828,-2.5612887429009485,0.04974278867587932,1.4151120304527682,-4.322174753645351,2,19,position_exit,7.8085690476848555,atr_48,0.0001981523781297012,-2.5612887429009485,-2.611031531576828,1.4151120304527682,-4.322174753645351,0.0,,,,fractional_return,R,False,True,True,True,True,True,False,False,False,False,True,4.0261435620295964,-1.845105882352949,-1.845105882352949,4.322174753645351,0.4084981381893158,True
181,ETHUSD,long,2023-07-07 08:00:00,2023-07-07 08:00:00,2023-07-07 20:00:00,1857.7,1863.6,1857.7,1863.6,24,1.0,0.0031759702858371597,0.002975304755073571,0.0001,0.0001006655307635885,0.0,0.0002006655307635885,1.0,1.0,0.0,2.0,0.7179982988551467,0.7662513544902869,0.048253055635140304,2.636424151890364,-0.6558592101993226,12,9,position_exit,7.69982325698408,atr_48,0.0002006655307635885,0.7662513544902869,0.7179982988551467,2.636424151890364,-0.6558592101993226,0.0,,,,fractional_return,R,False,True,True,False,True,False,True,False,True,False,False,1.9184258530352176,0.2723379310344767,0.2723379310344767,0.6558592101993226,0.6724355816841125,True
182,ETHUSD,short,2023-07-12 06:00:00,2023-07-12 06:00:00,2023-07-12 18:00:00,1888.65,1887.95,1888.65,1887.95,24,1.0,0.00030373110392467595,0.00010364590112210692,0.0001,0.00010008520280256902,0.0,0.00020008520280256903,1.0,1.0,0.0,2.0,0.0653084705411932,0.14185598839119917,0.07654751785000598,1.9353209844798427,-2.776324344227538,20,18,position_exit,4.934581951307132,atr_48,0.00020008520280256903,0.14185598839119917,0.0653084705411932,1.9353209844798427,-2.776324344227538,0.0,,,,fractional_return,R,False,True,True,False,True,False,True,False,False,False,False,1.8700125139386494,0.033745549738224016,0.033745549738224016,2.776324344227538,0.4153207540512085,True
183,ETHUSD,short,2023-07-13 09:00:00,2023-07-13 09:00:00,2023-07-13 21:00:00,1877.15,1976.55,1877.15,1976.55,24,1.0,-0.05112176801332102,-0.051311106051806665,0.0001,8.933803848564245e-05,0.0,0.00018933803848564246,1.0,1.0,0.0,2.0,-20.37299796386613,-20.29633946562088,0.07665849824525209,0.05104713145276888,-27.87173377321181,7,18,position_exit,4.897434838847142,atr_48,0.00018933803848564246,-20.29633946562088,-20.37299796386613,0.05104713145276888,-27.87173377321181,0.0,,,,fractional_return,R,False,True,False,False,False,False,False,False,False,False,True,20.4240450953189,-399.10171999999943,-399.10171999999943,27.87173377321181,0.36244070529937744,True
184,ETHUSD,short,2023-07-15 07:30:00,2023-07-15 07:30:00,2023-07-15 19:30:00,1942.5,1934.45,1942.5,1934.45,24,1.0,0.004134467157719479,0.003933859635529613,0.0001,0.00010060752218986621,0.0,0.00020060752218986622,1.0,1.0,0.0,2.0,0.9199469038443762,0.9665956504532051,0.04664874660882885,1.476910124294962,-0.5703514707643168,20,5,position_exit,8.32819803836855,atr_48,0.00020060752218986622,0.9665956504532051,0.9199469038443762,1.476910124294962,-0.5703514707643168,0.0,,,,fractional_return,R,False,True,True,False,True,False,False,False,False,False,False,0.5569632204505859,0.6228861788617872,0.6228861788617872,0.5703514707643168,0.4151504933834076,True
185,ETHUSD,long,2023-07-23 19:00:00,2023-07-23 19:00:00,2023-07-24 07:00:00,1894.75,1873.45,1894.75,1873.45,24,1.0,-0.0112415886000784,-0.011439143053700529,0.0001,9.755445362212853e-05,0.0,0.00019755445362212853,1.0,1.0,0.0,2.0,-5.097044782644147,-5.007947980428956,0.08909680221519047,0.3056494072562173,-7.370853013448246,1,18,position_exit,4.253239067825841,atr_48,0.00019755445362212853,-5.007947980428956,-5.097044782644147,0.3056494072562173,-7.370853013448246,0.0,,,,fractional_return,R,False,True,False,False,False,False,False,False,False,False,True,5.402694189900364,-16.676115384615937,-16.676115384615937,7.370853013448246,0.6319677829742432,True
186,ETHUSD,long,2023-07-25 01:00:00,2023-07-25 01:00:00,2023-07-25 17:30:00,1846.1,1860.5,1846.1,1860.5,33,1.0,0.007800227506635782,0.0075986992042684776,0.0001,0.00010152830236730423,0.0,0.00020152830236730424,1.0,1.0,0.0,2.0,2.9116782562385985,2.9882990745942712,0.0766208183556729,4.482448611891407,-0.1971447306155553,25,1,position_exit,4.818794786112637,atr_48,0.00020152830236730424,2.9882990745942712,2.9116782562385985,4.482448611891407,-0.1971447306155553,0.0,,,,fractional_return,R,False,True,True,False,True,False,True,False,True,False,False,1.570770355652808,0.6495731481481484,0.6495731481481484,0.1971447306155553,0.666885495185852,True
187,ETHUSD,long,2023-07-26 05:30:00,2023-07-26 05:30:00,2023-07-26 17:30:00,1859.2,1857.55,1859.2,1857.55,24,1.0,-0.0008874784853704076,-0.0010873555359834919,0.0001,9.987705061308425e-05,0.0,0.00019987705061308425,1.0,1.0,0.0,2.0,-0.4824642918671656,-0.39373347128399444,0.08873082058317117,1.0618872407355737,-2.5294392700667663,21,8,position_exit,4.190652104377403,atr_48,0.00019987705061308425,-0.39373347128399444,-0.4824642918671656,1.0618872407355737,-2.5294392700667663,0.0,,,,fractional_return,R,False,True,True,True,True,True,False,False,False,False,True,1.5443515326027393,-0.4543460674157461,-0.4543460674157461,2.5294392700667663,0.6778571605682373,True
188,ETHUSD,short,2023-07-27 08:30:00,2023-07-27 08:30:00,2023-07-27 20:30:00,1879.3,1858.5,1879.3,1858.5,24,1.0,0.011161148631520623,0.010959045914987975,0.0001,0.00010210271653264833,0.0,0.00020210271653264833,1.0,1.0,0.0,2.0,4.329484727729703,4.409159080224569,0.07967435249486589,5.023897605832823,-1.3990600927635972,22,2,position_exit,4.717452834326077,atr_48,0.00020210271653264833,4.409159080224569,4.329484727729703,5.023897605832823,-1.3990600927635972,0.0,,,,fractional_return,R,False,True,True,False,True,False,True,False,True,False,False,0.6944128781031198,0.8617780590717263,0.8617780590717263,1.3990600927635972,0.3961411416530609,True
189,ETHUSD,short,2023-08-02 15:00:00,2023-08-02 15:00:00,2023-08-03 03:00:00,1838.8,1840.35,1838.8,1840.35,24,1.0,-0.0009287638069533921,-0.001128549072145102,0.0001,9.97852651917098e-05,0.0,0.0001997852651917098,1.0,1.0,0.0,2.0,-0.3974279100727319,-0.32121499072497656,0.0762129193477554,3.7406003758619244,-1.4506483452096142,3,3,position_exit,4.825428590681997,atr_48,0.0001997852651917098,-0.32121499072497656,-0.3974279100727319,3.7406003758619244,-1.4506483452096142,0.0,,,,fractional_return,R,False,True,True,True,True,True,True,True,True,True,True,4.138028285934657,-0.10624709141274012,-0.10624709141274012,1.4506483452096142,0.40278735756874084,True
190,ETHUSD,long,2023-08-03 15:00:00,2023-08-03 15:00:00,2023-08-04 03:00:00,1839.5,1833.9,1839.5,1833.9,24,1.0,-0.003044305517803658,-0.0032436758157103895,0.0001,9.937029790673133e-05,0.0,0.00019937029790673133,1.0,1.0,0.0,2.0,-1.2840793512068969,-1.2049203851871872,0.07915896601970954,3.851441945509127,-2.3130168108504416,4,22,position_exit,4.647609973940258,atr_48,0.00019937029790673133,-1.2049203851871872,-1.2840793512068969,3.851441945509127,-2.3130168108504416,0.0,,,,fractional_return,R,False,True,True,True,True,True,True,True,True,True,True,5.135521296716024,-0.33340223463686475,-0.33340223463686475,2.3130168108504416,0.6363540291786194,True
191,ETHUSD,long,2023-08-08 12:30:00,2023-08-08 12:30:00,2023-08-09 00:30:00,1843.5,1854.4,1843.5,1854.4,24,1.0,0.005912666124219923,0.005711292965012271,0.0001,0.00010137315920765175,0.0,0.00020137315920765175,1.0,1.0,0.0,2.0,2.686169173429044,2.780211748822707,0.0940425753936627,7.907024239770935,-2.4868866560569876,17,2,position_exit,3.9205646852674962,atr_48,0.00020137315920765175,2.780211748822707,2.686169173429044,7.907024239770935,-2.4868866560569876,0.0,,,,fractional_return,R,False,True,True,False,True,False,True,False,True,False,False,5.220855066341891,0.3397193548387126,0.3397193548387126,2.4868866560569876,0.6007663011550903,True
192,ETHUSD,long,2023-08-09 16:30:00,2023-08-09 16:30:00,2023-08-10 04:30:00,1847.7,1850.9,1847.7,1850.9,24,1.0,0.0017318828814203435,0.0015315411105700782,0.0001,0.00010034177085026527,0.0,0.00020034177085026528,1.0,1.0,0.0,2.0,0.6206634869550924,0.7016962466370456,0.08103275968195317,2.159908759179605,-0.6030202119537025,13,6,position_exit,4.560377820654433,atr_48,0.00020034177085026528,0.7016962466370456,0.6206634869550924,2.159908759179605,-0.6030202119537025,0.0,,,,fractional_return,R,False,True,True,False,True,False,True,False,True,False,False,1.5392452722245127,0.2873563451776723,0.2873563451776723,0.6030202119537025,0.6120852828025818,True
193,ETHUSD,long,2023-08-10 17:30:00,2023-08-10 17:30:00,2023-08-11 05:30:00,1846.55,1847.7,1846.55,1847.7,24,1.0,0.0006227830278091595,0.00042274157943200663,0.0001,0.00010004144837715287,0.0,0.00020004144837715288,1.0,1.0,0.0,2.0,0.1919808204111382,0.2827984775939242,0.09081765718278598,1.6107217636869946,-0.9590557066227638,15,19,position_exit,4.0664999676957185,atr_48,0.00020004144837715288,0.2827984775939242,0.1919808204111382,1.6107217636869946,-0.9590557066227638,0.0,,,,fractional_return,R,False,True,True,False,True,False,True,False,False,False,False,1.4187409432758564,0.11918931297711396,0.11918931297711396,0.9590557066227638,0.6603476405143738,True
194,ETHUSD,long,2023-08-15 08:30:00,2023-08-15 08:30:00,2023-08-15 20:30:00,1840.7,1827.6,1840.7,1827.6,24,1.0,-0.007116857717172298,-0.007315538492420726,0.0001,9.868077524842764e-05,0.0,0.00019868077524842764,1.0,1.0,0.0,2.0,-5.733377638080615,-5.5766607013927745,0.1567169366878408,1.1493880834931747,-11.7493004090412,9,21,position_exit,2.349076033391883,atr_48,0.00019868077524842764,-5.5766607013927745,-5.733377638080615,1.1493880834931747,-11.7493004090412,0.0,,,,fractional_return,R,False,True,True,True,True,True,False,False,False,False,True,6.88276572157379,-4.988199999999966,-4.988199999999966,11.7493004090412,0.5933922529220581,True
195,ETHUSD,short,2023-08-16 09:30:00,2023-08-16 09:30:00,2023-08-16 21:30:00,1822.2,1809.8,1822.2,1809.8,24,1.0,0.006715790952370515,0.006514223167016997,0.0001,0.00010156778535351804,0.0,0.00020156778535351805,1.0,1.0,0.0,2.0,4.134246788575519,4.259432895381388,0.1251861068058695,8.724967382474746,-1.683162998981296,22,17,position_exit,2.911185668271879,atr_48,0.00020156778535351805,4.259432895381388,4.134246788575519,8.724967382474746,-1.683162998981296,0.0,,,,fractional_return,R,False,True,True,False,True,False,True,False,True,False,False,4.590720593899228,0.47384094488189166,0.47384094488189166,1.683162998981296,0.37340646982192993,True
196,ETHUSD,short,2023-08-19 15:30:00,2023-08-19 15:30:00,2023-08-20 03:30:00,1683.0,1668.35,1683.0,1668.35,24,1.0,0.008622985686908446,0.008421340598108173,0.0001,0.00010164508880027298,0.0,0.000201645088800273,1.0,1.0,0.0,2.0,1.9259577996835322,1.9712494421565625,0.045291642473030365,2.5969361251618657,-1.7088647041220668,14,2,position_exit,7.4318346966647075,atr_48,0.000201645088800273,1.9712494421565625,1.9259577996835322,2.5969361251618657,-1.7088647041220668,0.0,,,,fractional_return,R,False,True,True,False,True,False,True,False,True,False,False,0.6709783254783335,0.7416269430051878,0.7416269430051878,1.7088647041220668,0.40725767612457275,True
197,ETHUSD,long,2023-08-23 07:30:00,2023-08-23 07:30:00,2023-08-23 19:30:00,1644.6,1686.65,1644.6,1686.65,24,1.0,0.025568527301472077,0.0253637369664359,0.0001,0.00010479033503617571,0.0,0.00020479033503617572,1.0,1.0,0.0,2.0,5.812303190646725,5.858126135917257,0.04582294527053261,7.543817604278685,-1.4697557843977773,24,11,position_exit,7.17806326193351,atr_48,0.00020479033503617572,5.858126135917257,5.812303190646725,7.543817604278685,-1.4697557843977773,0.0,,,,fractional_return,R,False,True,True,False,True,False,True,False,True,False,False,1.7315144136319596,0.7704723915050805,0.7704723915050805,1.4697557843977773,0.5801944732666016,True
198,ETHUSD,long,2023-08-30 14:30:00,2023-08-30 14:30:00,2023-08-31 02:30:00,1702.8,1699.8,1702.8,1699.8,24,1.0,-0.0017618040873856877,-0.0019614299999998197,0.0001,9.962591261413198e-05,0.0,0.00019962591261413198,1.0,1.0,0.0,2.0,-0.5293949692616885,-0.47542475147432334,0.05397021778736519,0.8953832819433233,-1.0300869615277006,2,4,position_exit,6.310146854358767,atr_48,0.00019962591261413198,-0.47542475147432334,-0.5293949692616885,0.8953832819433233,-1.0300869615277006,0.0,,,,fractional_return,R,False,True,True,True,False,False,False,False,False,False,True,1.4247782512050118,-0.5912495575221144,-0.5912495575221144,1.0300869615277006,0.6041554808616638,True
199,ETHUSD,long,2023-08-31 15:30:00,2023-08-31 15:30:00,2023-09-01 03:30:00,1688.9,1651.7,1688.9,1651.7,24,1.0,-0.022026170880454554,-0.022221619696843997,0.0001,9.5448816389443e-05,0.0,0.000195448816389443,1.0,1.0,0.0,2.0,-6.90823060248666,-6.846067572789434,0.06216302969722614,0.01840340745371828,-10.66477461943945,1,11,position_exit,5.433776340136661,atr_48,0.000195448816389443,-6.846067572789434,-6.90823060248666,0.01840340745371828,-10.66477461943945,0.0,,,,fractional_return,R,False,True,False,False,False,False,False,False,False,False,True,6.926634009940378,-375.37780000034184,-375.37780000034184,10.66477461943945,0.5871158838272095,True
200,ETHUSD,long,2023-09-01 15:30:00,2023-09-01 15:30:00,2023-09-02 03:30:00,1634.2,1631.5,1634.2,1631.5,24,1.0,-0.0016521845551338288,-0.0018517554151874505,0.0001,9.957086005362167e-05,0.0,0.00019957086005362168,1.0,1.0,0.0,2.0,-0.5229201404193939,-0.4664549097845827,0.05646523063481128,0.41462658647515405,-5.502440324681027,2,4,position_exit,5.788340830728857,atr_48,0.00019957086005362168,-0.4664549097845827,-0.5229201404193939,0.41462658647515405,-5.502440324681027,0.0,,,,fractional_return,R,False,True,False,False,False,False,False,False,False,False,True,0.937546726894548,-1.261183333333424,-1.261183333333424,5.502440324681027,0.6484394073486328,True
201,ETHUSD,long,2023-09-07 14:30:00,2023-09-07 14:30:00,2023-09-08 02:30:00,1631.1999999999998,1645.6,1631.1999999999998,1645.6,24,1.0,0.008827856792545052,0.008626049205799013,0.0001,0.00010180758674603893,0.0,0.00020180758674603894,1.0,1.0,0.0,2.0,3.1409532019187343,3.2137627831958033,0.07280958127706891,6.08159971125596,-0.7141695073768001,13,2,position_exit,4.480728968328074,atr_48,0.00020180758674603894,3.2137627831958033,3.1409532019187343,6.08159971125596,-0.7141695073768001,0.0,,,,fractional_return,R,False,True,True,False,True,False,True,False,True,False,False,2.9406465093372254,0.516468256880733,0.516468256880733,0.7141695073768001,0.5824402570724487,True
202,ETHUSD,long,2023-09-10 15:30:00,2023-09-10 15:30:00,2023-09-11 03:30:00,1619.3000000000002,1611.9,1619.3000000000002,1611.9,24,1.0,-0.004569875872290741,-0.004768933418143773,0.0001,9.905754585303192e-05,0.0,0.00019905754585303193,1.0,1.0,0.0,2.0,-2.6455439592321097,-2.5346167976008913,0.11092716163121821,2.757252056849491,-7.449718290245772,11,2,position_exit,2.9195734862186917,atr_48,0.00019905754585303193,-2.5346167976008913,-2.6455439592321097,2.757252056849491,-7.449718290245772,0.0,,,,fractional_return,R,False,True,True,True,True,True,True,True,True,True,True,5.4027960160816,-0.9594857142857581,-0.9594857142857581,7.449718290245772,0.6915326714515686,True
203,ETHUSD,long,2023-09-13 05:00:00,2023-09-13 05:00:00,2023-09-13 17:30:00,1584.6,1597.8000000000002,1584.6,1597.8000000000002,25,1.0,0.008330177962892371,0.008128171799507422,0.0001,0.00010200616338494903,0.0,0.00020200616338494903,1.0,1.0,0.0,2.0,1.9120831746832445,1.9591198615407817,0.047036686857537244,4.8755369281525125,-0.4452545139865321,20,1,position_exit,6.737719452049717,atr_48,0.00020200616338494903,1.9591198615407817,1.9120831746832445,4.8755369281525125,-0.4452545139865321,0.0,,,,fractional_return,R,False,True,True,False,True,False,True,False,True,False,False,2.9634537534692678,0.3921789954337994,0.3921789954337994,0.4452545139865321,0.5794469714164734,True
204,ETHUSD,short,2023-09-19 11:00:00,2023-09-19 11:00:00,2023-09-19 23:00:00,1644.75,1643.9,1644.75,1643.9,24,1.0,0.0004154752339753376,0.00021529237244499733,0.0001,0.00010018286153034026,0.0,0.00020018286153034026,1.0,1.0,0.0,2.0,0.10348941115785112,0.16882448802260705,0.06533507686475593,1.926585333905215,-3.0388407844072427,6,10,position_exit,5.03481461697717,atr_48,0.00020018286153034026,0.16882448802260705,0.10348941115785112,1.926585333905215,-3.0388407844072427,0.0,,,,fractional_return,R,False,True,True,False,True,False,True,False,False,False,False,1.823095922747364,0.05371649484535246,0.05371649484535246,3.0388407844072427,0.40927189588546753,True
205,ETHUSD,short,2023-09-20 13:30:00,2023-09-20 13:30:00,2023-09-21 01:30:00,1631.25,1617.5,1631.25,1617.5,24,1.0,0.008334424603261947,0.008132592663398164,0.0001,0.00010183193986378356,0.0,0.00020183193986378356,1.0,1.0,0.0,2.0,2.6083118720742213,2.6717041244823947,0.06339225240817319,4.945081452223742,-1.700175351943342,11,10,position_exit,5.146527968423102,atr_48,0.00020183193986378356,2.6717041244823947,2.6083118720742213,4.945081452223742,-1.700175351943342,0.0,,,,fractional_return,R,False,True,True,False,True,False,True,False,True,False,False,2.3367695801495207,0.5274557956778034,0.5274557956778034,1.700175351943342,0.41646021604537964,True
206,ETHUSD,long,2023-09-22 00:00:00,2023-09-22 00:00:00,2023-09-22 12:00:00,1582.1999999999998,1598.8000000000002,1582.1999999999998,1598.8000000000002,24,1.0,0.010491720389331105,0.010289752224117876,0.0001,0.0001019681652132288,0.0,0.0002019681652132288,1.0,1.0,0.0,2.0,2.969676203959722,3.0273862095101665,0.057710005550444345,3.6474532644700415,0.0,16,1,position_exit,5.483277933900035,atr_48,0.0002019681652132288,3.0273862095101665,2.969676203959722,3.6474532644700415,0.0,0.0,,,,fractional_return,R,False,True,True,False,True,False,True,False,True,False,False,0.6777770605103193,0.814178000000009,0.814178000000009,0.0,0.5936294198036194,True
207,ETHUSD,long,2023-09-27 10:00:00,2023-09-27 10:00:00,2023-09-27 22:00:00,1614.45,1595.9499999999998,1614.45,1595.9499999999998,24,1.0,-0.01145901080863454,-0.011656637896497402,0.0001,9.762708786286165e-05,0.0,0.00019762708786286165,1.0,1.0,0.0,2.0,-4.51513523783226,-4.4376820934456305,0.0774531443866293,4.425688358057896,-7.448109675755942,3,16,position_exit,4.168843015439156,atr_48,0.00019762708786286165,-4.4376820934456305,-4.51513523783226,4.425688358057896,-7.448109675755942,0.0,,,,fractional_return,R,False,True,True,True,True,True,True,True,True,True,True,8.940823595890155,-1.020210840108411,-1.020210840108411,7.448109675755942,0.6612774729728699,True
208,ETHUSD,short,2023-09-28 10:00:00,2023-09-28 10:00:00,2023-09-28 22:00:00,1620.1999999999998,1652.05,1620.1999999999998,1652.05,24,1.0,-0.019592127977976048,-0.019788288918717645,0.0001,9.616094074159651e-05,0.0,0.0001961609407415965,1.0,1.0,0.0,2.0,-6.707873069571172,-6.640314901884931,0.06755816768624125,0.0,-9.84059225648255,1,13,position_exit,4.796459274989977,atr_48,0.0001961609407415965,-6.640314901884931,-6.707873069571172,0.0,-9.84059225648255,0.0,,,,fractional_return,R,False,False,False,False,False,False,False,False,False,False,False,6.707873069571172,,,9.84059225648255,0.3517962396144867,True
209,ETHUSD,short,2023-09-29 12:30:00,2023-09-29 12:30:00,2023-09-30 00:30:00,1673.5,1671.25,1673.5,1671.25,24,1.0,0.0012599545140596913,0.0010595201033183343,0.0001,0.00010043441074135692,0.0,0.00020043441074135693,1.0,1.0,0.0,2.0,0.3171387366767734,0.3725589503068658,0.05542021363009243,2.7569362322708217,-1.6723757324885824,3,4,position_exit,6.039312699766685,atr_48,0.00020043441074135693,0.3725589503068658,0.3171387366767734,2.7569362322708217,-1.6723757324885824,0.0,,,,fractional_return,R,False,True,True,False,True,False,True,False,True,False,False,2.4397974955940485,0.11503303303303243,0.11503303303303243,1.6723757324885824,0.35865190625190735,True
210,ETHUSD,long,2023-10-04 13:00:00,2023-10-04 13:00:00,2023-10-05 01:30:00,1641.2,1647.2,1641.2,1647.2,25,1.0,0.003655861564708651,0.003455219631366857,0.0001,0.00010064193334179414,0.0,0.00020064193334179414,1.0,1.0,0.0,2.0,0.9897347160907403,1.0470133250603766,0.05727860896963634,2.338329759301484,-2.3383297593015238,23,3,position_exit,5.73058609321329,atr_48,0.00020064193334179414,1.0470133250603766,0.9897347160907403,2.338329759301484,-2.3383297593015238,0.0,,,,fractional_return,R,False,True,True,False,True,False,True,False,True,False,False,1.3485950432107434,0.4232656716417954,0.4232656716417954,2.3383297593015238,0.6279707551002502,True
211,ETHUSD,long,2023-10-05 16:00:00,2023-10-05 16:00:00,2023-10-06 04:00:00,1618.3,1622.6999999999998,1618.3,1622.6999999999998,24,1.0,0.0027189025520604204,0.0025182637607363834,0.0001,0.00010063879132403705,0.0,0.00020063879132403706,1.0,1.0,0.0,2.0,0.6914485363632632,0.746349313354226,0.054900776990962796,1.1873739076090715,-1.5351048376945275,21,2,position_exit,5.895362829806172,atr_48,0.00020063879132403706,0.746349313354226,0.6914485363632632,1.1873739076090715,-1.5351048376945275,0.0,,,,fractional_return,R,False,True,True,False,True,False,False,False,False,False,False,0.49592537124580827,0.5823342857142472,0.5823342857142472,1.5351048376945275,0.5820506811141968,True
212,ETHUSD,long,2023-10-09 10:30:00,2023-10-09 10:30:00,2023-10-09 22:30:00,1595.7,1577.0,1595.7,1577.0,24,1.0,-0.011718994798521232,-0.011916797772137833,0.0001,9.780297361660093e-05,0.0,0.00019780297361660093,1.0,1.0,0.0,2.0,-4.3590542339256055,-4.2859095718528195,0.07314466207278639,0.3896281428957203,-10.668935324585457,7,12,position_exit,4.363134519405165,atr_48,0.00019780297361660093,-4.2859095718528195,-4.3590542339256055,0.3896281428957203,-10.668935324585457,0.0,,,,fractional_return,R,False,True,False,False,False,False,False,False,False,False,True,4.748682376821326,-11.187729411764433,-11.187729411764433,10.668935324585457,0.6514478325843811,True
213,ETHUSD,long,2023-10-10 10:30:00,2023-10-10 10:30:00,2023-10-10 22:30:00,1585.9,1568.1999999999998,1585.9,1568.1999999999998,24,1.0,-0.011160855034995643,-0.011358512096601214,0.0001,9.765706160557172e-05,0.0,0.00019765706160557173,1.0,1.0,0.0,2.0,-3.7477586640408544,-3.6817819632996476,0.06597670074120701,0.4368215888660342,-7.0723495340218125,7,20,position_exit,4.807454698957069,atr_48,0.00019765706160557173,-3.6817819632996476,-3.7477586640408544,0.4368215888660342,-7.0723495340218125,0.0,,,,fractional_return,R,False,True,False,False,False,False,False,False,False,False,True,4.184580252906889,-8.579609523810024,-8.579609523810024,7.0723495340218125,0.7394699454307556,True
214,ETHUSD,long,2023-10-11 12:30:00,2023-10-11 12:30:00,2023-10-12 00:30:00,1572.5,1561.2,1572.5,1561.2,24,1.0,-0.007186009538950544,-0.007384746810174869,0.0001,9.873727122432516e-05,0.0,0.00019873727122432516,1.0,1.0,0.0,2.0,-2.034476798312607,-1.9793867855639462,0.055090012748660495,0.6218427512169865,-4.151457240519098,3,11,position_exit,5.7088387587575395,atr_48,0.00019873727122432516,-1.9793867855639462,-2.034476798312607,0.6218427512169865,-4.151457240519098,0.0,,,,fractional_return,R,False,True,True,True,False,False,False,False,False,False,True,2.6563195495295933,-3.2716901408450996,-3.2716901408450996,4.151457240519098,0.618630588054657,True
215,ETHUSD,long,2023-10-12 12:30:00,2023-10-12 12:30:00,2023-10-13 00:30:00,1549.0,1544.0500000000002,1549.0,1544.0500000000002,24,1.0,-0.003195610071013655,-0.003394951298256732,0.0001,9.934122724307723e-05,0.0,0.00019934122724307723,1.0,1.0,0.0,2.0,-0.9418577383976914,-0.8863827151352831,0.055475023262408246,0.6446419746438496,-4.861674892105839,1,9,position_exit,5.584495179651975,atr_48,0.00019934122724307723,-0.8863827151352831,-0.9418577383976914,0.6446419746438496,-4.861674892105839,0.0,,,,fractional_return,R,False,True,True,True,False,False,False,False,False,False,True,1.586499713041541,-1.461055555555542,-1.461055555555542,4.861674892105839,0.6241684556007385,True
216,ETHUSD,long,2023-10-16 10:30:00,2023-10-16 10:30:00,2023-10-16 22:30:00,1585.6999999999998,1602.6,1585.6999999999998,1602.6,24,1.0,0.01065775367345645,0.010456042101910423,0.0001,0.00010171157154602603,0.0,0.00020171157154602604,1.0,1.0,0.0,2.0,3.7518455376799817,3.823597955165254,0.07175241748527231,12.353162624380015,-4.072471194850493,6,6,position_exit,4.419920765249411,atr_48,0.00020171157154602604,3.823597955165254,3.7518455376799817,12.353162624380015,-4.072471194850493,0.0,,,,fractional_return,R,False,True,True,False,True,False,True,False,True,False,False,8.601317086700034,0.30371538461538555,0.30371538461538555,4.072471194850493,0.5820317268371582,True
217,ETHUSD,short,2023-10-17 10:30:00,2023-10-17 10:30:00,2023-10-17 22:30:00,1587.1,1562.3000000000002,1587.1,1562.3000000000002,24,1.0,0.01569205167565535,0.015488936420134714,0.0001,0.00010311525552063614,0.0,0.00020311525552063614,1.0,1.0,0.0,2.0,4.213964480683512,4.268599106832332,0.05463462614881991,5.817687492376342,0.0,16,1,position_exit,5.809868619497383,atr_48,0.00020311525552063614,4.268599106832332,4.213964480683512,5.817687492376342,0.0,0.0,,,,fractional_return,R,False,True,True,False,True,False,True,False,True,False,False,1.6037230116928294,0.7243366863905302,0.7243366863905302,0.0,0.3070002794265747,True
218,ETHUSD,short,2023-10-18 10:30:00,2023-10-18 10:30:00,2023-10-18 22:30:00,1581.5,1565.0,1581.5,1565.0,24,1.0,0.01049220052963129,0.010290041076564949,0.0001,0.00010215945306634175,0.0,0.00020215945306634175,1.0,1.0,0.0,2.0,2.760829430580972,2.814788064817442,0.05395863423647013,4.316008366053443,-0.7250211682105533,22,1,position_exit,5.861897812569464,atr_48,0.00020215945306634175,2.814788064817442,2.760829430580972,4.316008366053443,-0.7250211682105533,0.0,,,,fractional_return,R,False,True,True,False,True,False,True,False,True,False,False,1.5551789354724708,0.6396719367588886,0.6396719367588886,0.7250211682105533,0.4027661979198456,True
219,ETHUSD,short,2023-10-19 15:30:00,2023-10-19 15:30:00,2023-10-20 03:30:00,1561.7,1587.45,1561.7,1587.45,24,1.0,-0.01638463051830752,-0.01658106346402133,0.0001,9.64329457138092e-05,0.0,0.0001964329457138092,1.0,1.0,0.0,2.0,-4.803869707082458,-4.746298488829986,0.05757121825247215,0.23040283926359156,-6.2024444329758595,4,23,position_exit,5.425280365446981,atr_48,0.0001964329457138092,-4.746298488829986,-4.803869707082458,0.23040283926359156,-6.2024444329758595,0.0,,,,fractional_return,R,False,True,False,False,False,False,False,False,False,False,True,5.03427254634605,-20.849871999999998,-20.849871999999998,6.2024444329758595,0.41456541419029236,True
220,ETHUSD,short,2023-10-20 20:30:00,2023-10-20 20:30:00,2023-10-21 08:30:00,1603.4,1606.65,1603.4,1606.65,24,1.0,-0.002061346611655135,-0.0022608035479599886,0.0001,9.945693630485372e-05,0.0,0.00019945693630485373,1.0,1.0,0.0,2.0,-0.553930559311592,-0.5041824856225352,0.0497480736890568,1.6133839539921266,-1.1557413901193216,13,5,position_exit,6.4460787367238455,atr_48,0.00019945693630485373,-0.5041824856225352,-0.553930559311592,1.6133839539921266,-1.1557413901193216,0.0,,,,fractional_return,R,False,True,True,True,True,True,True,True,False,False,True,2.167314513303719,-0.3433346153846124,-0.3433346153846124,1.1557413901193216,0.31648343801498413,True
221,ETHUSD,short,2023-10-22 06:00:00,2023-10-22 06:00:00,2023-10-22 18:00:00,1641.85,1635.15,1641.85,1635.15,24,1.0,0.00398499057542967,0.003784286362483291,0.0001,0.00010070421294637874,0.0,0.00020070421294637875,1.0,1.0,0.0,2.0,1.068376193400207,1.1234363099836928,0.05506011658348585,3.2780865462957816,-0.9641431018517027,18,1,position_exit,5.963844982095222,atr_48,0.00020070421294637875,1.1234363099836928,1.068376193400207,3.2780865462957816,-0.9641431018517027,0.0,,,,fractional_return,R,False,True,True,False,True,False,True,False,True,False,False,2.2097103528955744,0.3259145780051066,0.3259145780051066,0.9641431018517027,0.41118380427360535,True
222,ETHUSD,long,2023-10-25 05:00:00,2023-10-25 05:00:00,2023-10-25 17:00:00,1786.1,1789.45,1786.1,1789.45,24,1.0,0.0018755948715081239,0.001675540473097481,0.0001,0.00010005439841064287,0.0,0.00020005439841064288,1.0,1.0,0.0,2.0,0.23224792084403076,0.2599691707467636,0.02772124990273287,2.351362947351243,-1.9711095334231497,21,6,position_exit,12.886143346833139,atr_48,0.00020005439841064288,0.2599691707467636,0.23224792084403076,2.351362947351243,-1.9711095334231497,0.0,,,,fractional_return,R,False,True,True,False,True,False,True,False,True,False,False,2.1191150265072123,0.09877161716172007,0.09877161716172007,1.9711095334231497,0.6137095093727112,True
223,ETHUSD,short,2023-10-26 06:30:00,2023-10-26 06:30:00,2023-10-26 18:30:00,1813.8,1783.25,1813.8,1783.25,24,1.0,0.016157798447559157,0.015954696421624392,0.0001,0.00010310202593476489,0.0,0.0002031020259347649,1.0,1.0,0.0,2.0,2.78740815463538,2.820904432604997,0.033496277969616704,4.672267243529082,-4.792305730022908,21,3,position_exit,10.829859972175024,atr_48,0.0002031020259347649,2.820904432604997,2.78740815463538,4.672267243529082,-4.792305730022908,0.0,,,,fractional_return,R,False,True,True,False,True,False,True,False,True,False,False,1.8848590888937018,0.5965857707509856,0.5965857707509856,4.792305730022908,0.4088999629020691,True
224,ETHUSD,short,2023-11-03 17:00:00,2023-11-03 17:00:00,2023-11-04 05:00:00,1810.05,1827.75,1810.05,1827.75,24,1.0,-0.009847885462669903,-0.010045757469340777,0.0001,9.78720066708739e-05,0.0,0.0001978720066708739,1.0,1.0,0.0,2.0,-2.147222732721791,-2.104186763775222,0.043035968946568706,1.129365777167489,-3.6318025781543937,1,18,position_exit,8.411800846158556,atr_48,0.0001978720066708739,-2.104186763775222,-2.147222732721791,1.129365777167489,-3.6318025781543937,0.0,,,,fractional_return,R,False,True,True,True,True,True,False,False,False,False,True,3.27658850988928,-1.901264210526321,-1.901264210526321,3.6318025781543937,0.41665810346603394,True
225,ETHUSD,short,2023-11-05 08:30:00,2023-11-05 08:30:00,2023-11-05 23:30:00,1881.15,1893.65,1881.15,1893.65,30,1.0,-0.006982930511983065,-0.007181317741591697,0.0001,9.838722960863197e-05,0.0,0.00019838722960863198,1.0,1.0,0.0,2.0,-1.7129591696956097,-1.6629082907959178,0.050050878899691856,3.019841456085393,-4.243741958111164,26,18,position_exit,7.516950916166955,atr_48,0.00019838722960863198,-1.6629082907959178,-1.7129591696956097,3.019841456085393,-4.243741958111164,0.0,,,,fractional_return,R,False,True,True,True,True,True,True,True,True,True,True,4.732800625781003,-0.5672348017621134,-0.5672348017621134,4.243741958111164,0.40697401762008667,True
226,ETHUSD,short,2023-11-06 12:00:00,2023-11-06 12:00:00,2023-11-07 00:00:00,1903.3,1894.85,1903.3,1894.85,24,1.0,0.004203845492075864,0.004003380371763843,0.0001,0.00010046512031202112,0.0,0.00020046512031202113,1.0,1.0,0.0,2.0,0.9731129873834914,1.0190182522226725,0.04590526483918112,2.5324713960563323,-1.429037430631804,18,5,position_exit,8.292295041397923,atr_48,0.00020046512031202113,1.0190182522226725,0.9731129873834914,2.5324713960563323,-1.429037430631804,0.0,,,,fractional_return,R,False,True,True,False,True,False,True,False,True,False,False,1.559358408672841,0.3842542857142879,0.3842542857142879,1.429037430631804,0.35554906725883484,True
227,ETHUSD,long,2023-11-10 22:30:00,2023-11-10 22:30:00,2023-11-11 10:30:00,2082.75,2062.85,2082.75,2062.85,24,1.0,-0.009554675309086158,-0.009752636848397667,0.0001,9.796153931150861e-05,0.0,0.00019796153931150862,1.0,1.0,0.0,2.0,-1.5082634426422385,-1.4773395339553492,0.030923908686889347,0.8388912931505347,-3.760163185670263,1,7,position_exit,13.470160069920354,atr_48,0.00019796153931150862,-1.4773395339553492,-1.5082634426422385,0.8388912931505347,-3.760163185670263,0.0,,,,fractional_return,R,False,True,True,True,False,False,False,False,False,False,True,2.347154735792773,-1.7979247787610408,-1.7979247787610408,3.760163185670263,0.5963794589042664,True
228,ETHUSD,long,2023-11-12 00:30:00,2023-11-12 00:30:00,2023-11-12 12:30:00,2034.25,2045.4,2034.25,2045.4,24,1.0,0.005481135553643934,0.00528031480889779,0.0001,0.00010082074474614408,0.0,0.00020082074474614409,1.0,1.0,0.0,2.0,0.9024893749733399,0.9366672280432403,0.034177853069900385,2.2135588752412128,-0.6720482353673418,14,1,position_exit,11.903907456325953,atr_48,0.00020082074474614409,0.9366672280432403,0.9024893749733399,2.2135588752412128,-0.6720482353673418,0.0,,,,fractional_return,R,False,True,True,False,True,False,True,False,True,False,False,1.3110695002678727,0.40770967741935266,0.40770967741935266,0.6720482353673418,0.5703644156455994,True
229,ETHUSD,long,2023-11-15 13:00:00,2023-11-15 13:00:00,2023-11-16 01:00:00,2010.3,2065.7,2010.3,2065.7,24,1.0,0.027558075909069224,0.027351962781675176,0.0001,0.00010611312739404752,0.0,0.00020611312739404752,1.0,1.0,0.0,2.0,5.037066132238396,5.073889380693298,0.03682324845490167,6.580486498245758,-0.6685810916798002,24,8,position_exit,10.918645607608811,atr_48,0.00020611312739404752,5.073889380693298,5.037066132238396,6.580486498245758,-0.6685810916798002,0.0,,,,fractional_return,R,False,True,True,False,True,False,True,False,True,False,False,1.5434203660073624,0.7654549756436988,0.7654549756436988,0.6685810916798002,0.5956421494483948,True
230,ETHUSD,long,2023-11-17 10:00:00,2023-11-17 10:00:00,2023-11-17 22:00:00,1961.9,1954.9,1961.9,1954.9,24,1.0,-0.0035679698251698255,-0.0037668079601400617,0.0001,9.883813497023616e-05,0.0,0.00019883813497023617,1.0,1.0,0.0,2.0,-0.6076674815731876,-0.5754131106642669,0.03225437090892073,0.7644774184539509,-4.484112169533695,6,13,position_exit,12.165172934483676,atr_48,0.00019883813497023617,-0.5754131106642669,-0.6076674815731876,0.7644774184539509,-4.484112169533695,0.0,,,,fractional_return,R,False,True,True,True,False,False,False,False,False,False,True,1.3721449000271386,-0.794879569892477,-0.794879569892477,4.484112169533695,0.5851233005523682,True
231,ETHUSD,short,2023-11-23 08:30:00,2023-11-23 08:30:00,2023-11-23 20:30:00,2082.1,2066.3500000000004,2082.1,2066.3500000000004,24,1.0,0.007324492829375195,0.0071230063004426025,0.0001,0.00010148652893259289,0.0,0.0002014865289325929,1.0,1.0,0.0,2.0,1.3822505241225393,1.419788839588016,0.03753831546547674,3.745538176818013,-0.5904518666223512,15,3,position_exit,11.09319890454257,atr_48,0.0002014865289325929,1.419788839588016,1.3822505241225393,3.745538176818013,-0.5904518666223512,0.0,,,,fractional_return,R,False,True,True,False,True,False,True,False,True,False,False,2.3632876526954734,0.3690392298435515,0.3690392298435515,0.5904518666223512,0.4066060185432434,True
232,ETHUSD,short,2023-11-24 17:00:00,2023-11-24 17:00:00,2023-11-25 05:00:00,2108.15,2085.65,2108.15,2085.65,24,1.0,0.010667072992213145,0.010465022259824375,0.0001,0.00010205073238876991,0.0,0.00020205073238876992,1.0,1.0,0.0,2.0,2.0468395667380443,2.085928003362839,0.039088436624794394,3.893732272943966,-0.13442647132781052,10,1,position_exit,10.786565961877168,atr_48,0.00020205073238876992,2.085928003362839,2.0468395667380443,3.893732272943966,-0.13442647132781052,0.0,,,,fractional_return,R,False,True,True,False,True,False,True,False,True,False,False,1.8468927062059217,0.5256754761904762,0.5256754761904762,0.13442647132781052,0.41110554337501526,True
233,ETHUSD,long,2023-11-27 20:00:00,2023-11-27 20:00:00,2023-11-28 08:00:00,1990.1,2009.9,1990.1,2009.9,24,1.0,0.009949248781467857,0.009747037910155187,0.0001,0.00010221087131266912,0.0,0.00020221087131266913,1.0,1.0,0.0,2.0,2.0318813098981754,2.0735641380922907,0.04168282819411545,5.231036802914599,-0.03141763845593875,9,1,position_exit,9.548776252571802,atr_48,0.00020221087131266913,2.0735641380922907,2.0318813098981754,5.231036802914599,-0.03141763845593875,0.0,,,,fractional_return,R,False,True,True,False,True,False,True,False,True,False,False,3.199155493016424,0.38842802802803134,0.38842802802803134,0.03141763845593875,0.6031578779220581,True
234,ETHUSD,short,2023-11-29 08:30:00,2023-11-29 08:30:00,2023-11-29 21:30:00,2072.15,2028.85,2072.15,2028.85,24,1.0,0.02112354034475672,0.020919333395577278,0.0001,0.00010420694917944182,0.0,0.00020420694917944182,1.0,1.0,0.0,2.0,5.087087468615999,5.136247166379571,0.0491596977635722,6.174172402079825,-0.32620507407722305,22,2,position_exit,8.430279656989603,atr_48,0.00020420694917944182,5.136247166379571,5.087087468615999,6.174172402079825,-0.32620507407722305,0.0,,,,fractional_return,R,False,True,True,False,True,False,True,False,True,False,False,1.0870849334638262,0.8239302593659951,0.8239302593659951,0.32620507407722305,0.4059041738510132,True
235,ETHUSD,short,2023-12-01 15:00:00,2023-12-01 15:00:00,2023-12-02 03:00:00,2073.85,2094.0,2073.85,2094.0,24,1.0,-0.009792162611556132,-0.009990255821445526,0.0001,9.809320988939393e-05,0.0,0.00019809320988939394,1.0,1.0,0.0,2.0,-2.576263570055105,-2.5243030161100934,0.051960553945011353,0.037582675177783416,-4.516184800534437,1,3,position_exit,7.982401427801203,atr_48,0.00019809320988939394,-2.5243030161100934,-2.576263570055105,0.037582675177783416,-4.516184800534437,0.0,,,,fractional_return,R,False,True,False,False,False,False,False,False,False,False,True,2.6138462452328883,-68.54923333339599,-68.54923333339599,4.516184800534437,0.2619737386703491,True
236,ETHUSD,short,2023-12-03 00:30:00,2023-12-03 00:30:00,2023-12-03 12:30:00,2166.95,2153.15,2166.95,2153.15,24,1.0,0.006349797627958731,0.006148777265231997,0.0001,0.00010102036272673373,0.0,0.00020102036272673374,1.0,1.0,0.0,2.0,1.6028677106739626,1.6548380185627245,0.051970307888761835,1.9306443549898724,-1.3430569426016907,24,3,position_exit,8.339184769265474,atr_48,0.00020102036272673374,1.6548380185627245,1.6028677106739626,1.9306443549898724,-1.3430569426016907,0.0,,,,fractional_return,R,False,True,True,False,True,False,True,False,False,False,False,0.3277766443159098,0.8302242236024723,0.8302242236024723,1.3430569426016907,0.40595412254333496,True
237,ETHUSD,short,2023-12-04 00:30:00,2023-12-04 00:30:00,2023-12-04 12:30:00,2210.6,2253.75,2210.6,2253.75,24,1.0,-0.019642048359534314,-0.019838682175411404,0.0001,9.663381587708972e-05,0.0,0.00019663381587708972,1.0,1.0,0.0,2.0,-5.289337273741433,-5.235691757178656,0.053645516562776885,0.6491529756872602,-7.656365002965748,3,20,position_exit,8.241508859041813,atr_48,0.00019663381587708972,-5.235691757178656,-5.289337273741433,0.6491529756872602,-7.656365002965748,0.0,,,,fractional_return,R,False,True,True,True,False,False,False,False,False,False,True,5.938490249428693,-8.148059813084267,-8.148059813084267,7.656365002965748,0.40509146451950073,True
238,ETHUSD,short,2023-12-06 10:00:00,2023-12-06 10:00:00,2023-12-06 22:00:00,2286.75,2255.95,2286.75,2255.95,24,1.0,0.013388107207450206,0.013185068710021008,0.0001,0.00010303849742919766,0.0,0.00020303849742919766,1.0,1.0,0.0,2.0,2.324014340601889,2.3590438439140344,0.03502950331214537,3.948334745252214,-0.049785016186504154,3,1,position_exit,13.056137163138947,atr_48,0.00020303849742919766,2.3590438439140344,2.324014340601889,3.948334745252214,-0.049785016186504154,0.0,,,,fractional_return,R,False,True,True,False,True,False,True,False,True,False,False,1.6243204046503252,0.5886062075654718,0.5886062075654718,0.049785016186504154,0.33530840277671814,True
239,ETHUSD,short,2023-12-08 07:00:00,2023-12-08 07:00:00,2023-12-08 19:00:00,2359.1000000000004,2351.65,2359.1000000000004,2351.65,24,1.0,0.002937707008277668,0.002736887394371168,0.0001,0.00010081961390649993,0.0,0.00020081961390649994,1.0,1.0,0.0,2.0,0.5491602615469612,0.5862909739394585,0.03713071239249734,1.566065823006056,-1.3889980791987717,14,16,position_exit,12.707001013407336,atr_48,0.00020081961390649994,0.5862909739394585,0.5491602615469612,1.566065823006056,-1.3889980791987717,0.0,,,,fractional_return,R,False,True,True,False,True,False,True,False,False,False,False,1.0169055614590947,0.35066231155779304,0.35066231155779304,1.3889980791987717,0.3906075656414032,True
240,ETHUSD,short,2023-12-13 15:00:00,2023-12-13 15:00:00,2023-12-14 03:00:00,2212.3,2251.85,2212.3,2251.85,24,1.0,-0.01783814758252289,-0.018034524382066985,0.0001,9.63767995440957e-05,0.0,0.0001963767995440957,1.0,1.0,0.0,2.0,-3.2284633823029365,-3.192745001684846,0.0357183806180907,0.9202855377802222,-5.699312190112551,3,14,position_exit,12.387459687237397,atr_48,0.0001963767995440957,-3.192745001684846,-3.2284633823029365,0.9202855377802222,-5.699312190112551,0.0,,,,fractional_return,R,False,True,True,True,False,False,False,False,False,False,True,4.148748920083158,-3.5081105263157375,-3.5081105263157375,5.699312190112551,0.4000963866710663,True
241,ETHUSD,long,2023-12-18 12:30:00,2023-12-18 12:30:00,2023-12-19 00:30:00,2126.2,2213.75,2126.2,2213.75,24,1.0,0.04117674724861198,0.04096859520364893,0.0001,0.00010815204496305028,0.0,0.0002081520449630503,1.0,1.0,0.0,2.0,8.253062759760773,8.29334444785909,0.0402816880983163,9.2216685551009,-0.05209982234517678,19,1,position_exit,10.55665787794465,atr_48,0.0002081520449630503,8.29334444785909,8.253062759760773,9.2216685551009,-0.05209982234517678,0.0,,,,fractional_return,R,False,True,True,False,True,False,True,False,True,False,False,0.9686057953401264,0.894964149974318,0.894964149974318,0.05209982234517678,0.6017327308654785,True
242,ETHUSD,short,2023-12-27 17:30:00,2023-12-27 17:30:00,2023-12-28 05:30:00,2347.1,2391.0,2347.1,2391.0,24,1.0,-0.018880213989476813,-0.01907668591918743,0.0001,9.647192971061766e-05,0.0,0.00019647192971061767,1.0,1.0,0.0,2.0,-3.6888602045593557,-3.6498327672562705,0.03902743730308508,0.9228506541354029,-8.25161508314774,1,15,position_exit,12.027948347069481,atr_48,0.00019647192971061767,-3.6498327672562705,-3.6888602045593557,0.9228506541354029,-8.25161508314774,0.0,,,,fractional_return,R,False,True,True,True,False,False,False,False,False,False,True,4.611710858694758,-3.9972450450450863,-3.9972450450450863,8.25161508314774,0.4000145494937897,True
243,ETHUSD,short,2023-12-29 11:00:00,2023-12-29 11:00:00,2023-12-29 23:00:00,2374.2,2294.7,2374.2,2294.7,24,1.0,0.034027720186413424,0.03382034404950307,0.0001,0.00010737613691035328,0.0,0.00020737613691035328,1.0,1.0,0.0,2.0,5.343215955327716,5.375321839886859,0.032105884559143094,7.978465120838357,-0.8215114510015827,22,7,position_exit,14.789812102055146,atr_48,0.00020737613691035328,5.375321839886859,5.343215955327716,7.978465120838357,-0.8215114510015827,0.0,,,,fractional_return,R,False,True,True,False,True,False,True,False,True,False,False,2.6352491655106407,0.6697047457627119,0.6697047457627119,0.8215114510015827,0.40795862674713135,True
244,ETHUSD,short,2024-01-04 12:00:00,2024-01-04 12:00:00,2024-01-05 00:00:00,2233.15,2273.05,2233.15,2273.05,24,1.0,-0.018078121372560818,-0.018274667140844914,0.0001,9.654576828409542e-05,0.0,0.00019654576828409542,1.0,1.0,0.0,2.0,-2.701762033821971,-2.671854009851545,0.029908023970425888,0.15401664718443672,-4.272287865376628,1,17,position_exit,14.933450649954125,atr_48,0.00019654576828409542,-2.671854009851545,-2.701762033821971,0.15401664718443672,-4.272287865376628,0.0,,,,fractional_return,R,False,True,False,False,False,False,False,False,False,False,True,2.8557786810064076,-17.542013043476913,-17.542013043476913,4.272287865376628,0.4061451554298401,True
245,ETHUSD,long,2024-01-06 05:30:00,2024-01-06 05:30:00,2024-01-06 17:30:00,2236.8,2250.0,2236.8,2250.0,24,1.0,0.00590128755364816,0.0057003542770919235,0.0001,0.0001009332765562366,0.0,0.0002009332765562366,1.0,1.0,0.0,2.0,1.0185116431320114,1.05424082302508,0.03572917989306866,1.3657210661915924,-1.5174678513239996,24,2,position_exit,12.520858338726839,atr_48,0.0002009332765562366,1.05424082302508,1.0185116431320114,1.3657210661915924,-1.5174678513239996,0.0,,,,fractional_return,R,False,True,True,False,True,False,False,False,False,False,False,0.347209423059581,0.745768421052625,0.745768421052625,1.5174678513239996,0.5700613260269165,True
246,ETHUSD,short,2024-01-09 07:00:00,2024-01-09 07:00:00,2024-01-09 19:00:00,2310.6,2271.5,2310.6,2271.5,24,1.0,0.016689997597593598,0.016486892554439248,0.0001,0.00010310504315435018,0.0,0.00020310504315435018,1.0,1.0,0.0,2.0,3.09643099214458,3.1334651847578874,0.03703419261330738,6.010483090967792,-0.15226557163785895,11,2,position_exit,12.478198318651827,atr_48,0.00020310504315435018,3.1334651847578874,3.09643099214458,6.010483090967792,-0.15226557163785895,0.0,,,,fractional_return,R,False,True,True,False,True,False,True,False,True,False,False,2.914052098823212,0.5151717333333352,0.5151717333333352,0.15226557163785895,0.3358509838581085,True
247,ETHUSD,long,2024-01-12 00:00:00,2024-01-12 00:00:00,2024-01-12 12:00:00,2606.65,2675.15,2606.65,2675.15,24,1.0,0.026278940402432616,0.02607476127347419,0.0001,0.00010417912895842604,0.0,0.00020417912895842605,1.0,1.0,0.0,2.0,2.744598596126076,2.765646986542046,0.021048390415970293,2.991743674492925,-1.0416597409165553,24,2,position_exit,24.768164676594235,atr_48,0.00020417912895842605,2.765646986542046,2.744598596126076,2.991743674492925,-1.0416597409165553,0.0,,,,fractional_return,R,False,True,True,False,True,False,True,False,True,False,False,0.24714507836684918,0.9173909581646436,0.9173909581646436,1.0416597409165553,0.5861638784408569,True
248,ETHUSD,short,2024-01-18 18:30:00,2024-01-18 18:30:00,2024-01-19 06:30:00,2460.3,2468.1,2460.3,2468.1,24,1.0,-0.003477691910095948,-0.003677270623050677,0.0001,9.957871295472884e-05,0.0,0.00019957871295472884,1.0,1.0,0.0,2.0,-0.6572006222403327,-0.6182016113576825,0.038999010882650245,2.8611638679504288,-0.9391909095626587,4,11,position_exit,12.617243075231585,atr_48,0.00019957871295472884,-0.6182016113576825,-0.6572006222403327,2.8611638679504288,-0.9391909095626587,0.0,,,,fractional_return,R,False,True,True,True,True,True,True,True,True,True,True,3.5183644901907614,-0.22969695290857736,-0.22969695290857736,0.9391909095626587,0.3849807381629944,True
249,ETHUSD,long,2024-01-22 17:00:00,2024-01-22 17:00:00,2024-01-23 05:00:00,2363.8500000000004,2343.5,2363.8500000000004,2343.5,24,1.0,-0.008608837278169412,-0.008807088676946684,0.0001,9.82513987772716e-05,0.0,0.0001982513987772716,1.0,1.0,0.0,2.0,-1.7524319842193747,-1.7126439411694165,0.03978804304995827,1.4012541336840125,-5.137931823508173,2,11,position_exit,11.882212940364655,atr_48,0.0001982513987772716,-1.7126439411694165,-1.7524319842193747,1.4012541336840125,-5.137931823508173,0.0,,,,fractional_return,R,False,True,True,True,True,True,False,False,False,False,True,3.153686117903387,-1.2506168168168659,-1.2506168168168659,5.137931823508173,0.5847927331924438,True
250,ETHUSD,short,2024-01-24 10:30:00,2024-01-24 10:30:00,2024-01-24 22:30:00,2255.55,2221.3500000000004,2255.55,2221.3500000000004,24,1.0,0.015125382446079305,0.014922275967966359,0.0001,0.00010310647811294657,0.0,0.00020310647811294658,1.0,1.0,0.0,2.0,2.2724831673612225,2.302858681389338,0.030375514028115495,3.9929684153914877,-0.04713453441438965,20,1,position_exit,14.85110670332867,atr_48,0.00020310647811294658,2.302858681389338,2.2724831673612225,3.9929684153914877,-0.04713453441438965,0.0,,,,fractional_return,R,False,True,True,False,True,False,True,False,True,False,False,1.7204852480302653,0.5691212478920694,0.5691212478920694,0.04713453441438965,0.3673182427883148,True
251,ETHUSD,short,2024-01-25 20:30:00,2024-01-25 20:30:00,2024-01-26 08:30:00,2221.35,2209.4,2221.35,2209.4,24,1.0,0.005191751640939879,0.004990906910487869,0.0001,0.00010084473045201001,0.0,0.00020084473045201,1.0,1.0,0.0,2.0,0.9003186235849213,0.9350825677153746,0.0347639441304532,2.007101913129691,-1.2363434786529968,22,12,position_exit,12.77962012402441,atr_48,0.00020084473045201,0.9350825677153746,0.9003186235849213,2.007101913129691,-1.2363434786529968,0.0,,,,fractional_return,R,False,True,True,False,True,False,True,False,True,False,False,1.1067832895447696,0.44856647173488406,0.44856647173488406,1.2363434786529968,0.41689494252204895,True
252,ETHUSD,long,2024-02-01 10:30:00,2024-02-01 10:30:00,2024-02-01 22:30:00,2267.0,2296.8500000000004,2267.0,2296.8500000000004,24,1.0,0.013167181296867447,0.01296443228804578,0.0001,0.00010274900882166768,0.0,0.0002027490088216677,1.0,1.0,0.0,2.0,2.6016302288910347,2.6417566090091156,0.04012638011808102,3.933872069361919,-0.5000309829447357,13,3,position_exit,11.299299828834975,atr_48,0.0002027490088216677,2.6417566090091156,2.6016302288910347,3.933872069361919,-0.5000309829447357,0.0,,,,fractional_return,R,False,True,True,False,True,False,True,False,True,False,False,1.3322418404708842,0.6613408323959614,0.6613408323959614,0.5000309829447357,0.5759744048118591,True
253,ETHUSD,long,2024-02-08 10:00:00,2024-02-08 10:00:00,2024-02-08 22:00:00,2423.45,2427.7,2423.45,2427.7,24,1.0,0.0017536982401122891,0.0015534379737565107,0.0001,0.00010026026635577842,0.0,0.00020026026635577843,1.0,1.0,0.0,2.0,0.4174950616497765,0.47123716560165035,0.053742103951873864,4.218958623798326,-1.1198812641356264,10,13,position_exit,9.018813264810783,atr_48,0.00020026026635577843,0.47123716560165035,0.4174950616497765,4.218958623798326,-1.1198812641356264,0.0,,,,fractional_return,R,False,True,True,False,True,False,True,False,True,False,False,3.801463562148549,0.09895689881734511,0.09895689881734511,1.1198812641356264,0.5849665999412537,True
254,ETHUSD,short,2024-02-09 10:30:00,2024-02-09 10:30:00,2024-02-09 22:30:00,2474.55,2496.65,2474.55,2496.65,24,1.0,-0.009303069877353631,-0.009501007667313988,0.0001,9.793778996035626e-05,0.0,0.00019793778996035627,1.0,1.0,0.0,2.0,-2.324499148362102,-2.273584235511558,0.050914912850544336,0.864167763723863,-5.020403198776692,1,16,position_exit,9.720334815317452,atr_48,0.00019793778996035627,-2.273584235511558,-2.324499148362102,0.864167763723863,-5.020403198776692,0.0,,,,fractional_return,R,False,True,True,True,False,False,False,False,False,False,True,3.188666912085965,-2.689870238095198,-2.689870238095198,5.020403198776692,0.3609430491924286,True
255,ETHUSD,long,2024-02-13 07:30:00,2024-02-13 07:30:00,2024-02-13 19:30:00,2649.25,2611.45,2649.25,2611.45,24,1.0,-0.014268189110125284,-0.014466057824478296,0.0001,9.786871435301112e-05,0.0,0.00019786871435301112,1.0,1.0,0.0,2.0,-3.1308448283842805,-3.0875658139263735,0.04327901445790691,3.014052342166215,-4.774291582645373,9,13,position_exit,12.242654012265717,atr_48,0.00019786871435301112,-3.0875658139263735,-3.1308448283842805,3.014052342166215,-4.774291582645373,0.0,,,,fractional_return,R,False,True,True,True,True,True,True,True,True,True,True,6.144897170550495,-1.0387493224932272,-1.0387493224932272,4.774291582645373,0.644618034362793,True
256,ETHUSD,long,2024-02-14 09:00:00,2024-02-14 09:00:00,2024-02-14 21:00:00,2728.75,2760.35,2728.75,2760.35,24,1.0,0.011580393953275259,0.011377901110215527,0.0001,0.00010249284305973169,0.0,0.0002024928430597317,1.0,1.0,0.0,2.0,2.135537579329611,2.173067696267523,0.03753011693791152,2.9329537103104526,-0.2131806917224412,11,1,position_exit,14.541654663716324,atr_48,0.0002024928430597317,2.173067696267523,2.135537579329611,2.9329537103104526,-0.2131806917224412,0.0,,,,fractional_return,R,False,True,True,False,True,False,True,False,True,False,False,0.7974161309808414,0.7281184056271944,0.7281184056271944,0.2131806917224412,0.5731447339057922,True
257,ETHUSD,short,2024-02-15 09:00:00,2024-02-15 09:00:00,2024-02-15 21:00:00,2786.15,2828.5,2786.15,2828.5,24,1.0,-0.015310256012206702,-0.015507119800362679,0.0001,9.686378815597649e-05,0.0,0.0001968637881559765,1.0,1.0,0.0,2.0,-2.7794081670763817,-2.7433123945704434,0.03609577250593841,0.5246949326096905,-5.357070484792843,6,12,position_exit,15.437541886887878,atr_48,0.0001968637881559765,-2.7433123945704434,-2.7794081670763817,0.5246949326096905,-5.357070484792843,0.0,,,,fractional_return,R,False,True,True,True,False,False,False,False,False,False,True,3.3041030996860723,-5.297188888888937,-5.297188888888937,5.357070484792843,0.3775482773780823,True
258,ETHUSD,short,2024-02-19 16:30:00,2024-02-19 16:30:00,2024-02-20 04:30:00,2897.45,2924.3500000000004,2897.45,2924.3500000000004,24,1.0,-0.009682565272174815,-0.009880860443171824,0.0001,9.829517099700932e-05,0.0,0.00019829517099700933,1.0,1.0,0.0,2.0,-1.910902275238021,-1.870604993175011,0.04029728206300986,0.664099542186635,-6.0290502939877575,1,11,position_exit,14.380374316409098,atr_48,0.00019829517099700933,-1.870604993175011,-1.910902275238021,0.664099542186635,-6.0290502939877575,0.0,,,,fractional_return,R,False,True,True,True,False,False,False,False,False,False,True,2.575001817424656,-2.8774335078535427,-2.8774335078535427,6.0290502939877575,0.4078943729400635,True
259,ETHUSD,short,2024-02-25 17:00:00,2024-02-25 17:00:00,2024-02-26 06:00:00,3047.8500000000004,3104.05,3047.8500000000004,3104.05,26,1.0,-0.018363800071774405,-0.018560021239879987,0.0001,9.622116810558143e-05,0.0,0.00019622116810558143,1.0,1.0,0.0,2.0,-4.116462974601118,-4.072293086756032,0.04416988784508688,0.14492146216213686,-6.122931776350248,1,15,position_exit,13.80057839716258,atr_48,0.00019622116810558143,-4.072293086756032,-4.116462974601118,0.14492146216213686,-6.122931776350248,0.0,,,,fractional_return,R,False,True,False,False,False,False,False,False,False,False,True,4.261384436763255,-28.4047849999999,-28.4047849999999,6.122931776350248,0.41612356901168823,True
260,ETHUSD,short,2024-02-26 20:00:00,2024-02-26 20:00:00,2024-02-27 08:00:00,3178.6,3230.15,3178.6,3230.15,24,1.0,-0.016293097614135665,-0.01649020657748612,0.0001,9.710896335045635e-05,0.0,0.00019710896335045636,1.0,1.0,0.0,2.0,-3.008565139021798,-2.971915169831396,0.03664996919040172,0.7062262042761033,-5.52585972896873,9,12,position_exit,17.345717173658336,atr_48,0.00019710896335045636,-2.971915169831396,-3.008565139021798,0.7062262042761033,-5.52585972896873,0.0,,,,fractional_return,R,False,True,True,True,False,False,False,False,False,False,True,3.714791343297901,-4.260058775510378,-4.260058775510378,5.52585972896873,0.40886053442955017,True
261,ETHUSD,short,2024-02-28 04:00:00,2024-02-28 04:00:00,2024-02-28 16:00:00,3266.25,3381.65,3266.25,3381.65,24,1.0,-0.0350474517997581,-0.03524135885421864,0.0001,9.390705446054035e-05,0.0,0.00019390705446054035,1.0,1.0,0.0,2.0,-6.259348144303204,-6.224115014896952,0.03523312940625156,0.7955432969647311,-6.542332333682849,3,24,position_exit,18.540788485398945,atr_48,0.00019390705446054035,-6.224115014896952,-6.259348144303204,0.7955432969647311,-6.542332333682849,0.0,,,,fractional_return,R,False,True,True,True,False,False,False,False,False,False,True,7.0548914412679355,-7.868016949152549,-7.868016949152549,6.542332333682849,0.41260063648223877,True
262,ETHUSD,short,2024-02-29 11:30:00,2024-02-29 11:30:00,2024-02-29 23:30:00,3513.7,3340.85,3513.7,3340.85,24,1.0,0.050621249885522523,0.05041149373106557,0.0001,0.00010975615445695261,0.0,0.00020975615445695261,1.0,1.0,0.0,2.0,5.532483707020581,5.555068426639537,0.02258471961895673,6.789170987142627,-0.13015925442806567,22,1,position_exit,31.11572832678195,atr_48,0.00020975615445695261,5.555068426639537,5.532483707020581,6.789170987142627,-0.13015925442806567,0.0,,,,fractional_return,R,False,True,True,False,True,False,True,False,True,False,False,1.256687280122046,0.8148982721893486,0.8148982721893486,0.13015925442806567,0.406682550907135,True
263,ETHUSD,long,2024-03-04 23:00:00,2024-03-04 23:00:00,2024-03-05 11:30:00,3624.55,3732.15,3624.55,3732.15,25,1.0,0.029686443834406884,0.029480307182271126,0.0001,0.00010613665213575771,0.0,0.00020613665213575771,1.0,1.0,0.0,2.0,4.4408214845146,4.470942590399418,0.030121105884818266,4.907233456562931,-0.625350241501042,25,1,position_exit,24.06651345312562,atr_48,0.00020613665213575771,4.470942590399418,4.4408214845146,4.907233456562931,-0.625350241501042,0.0,,,,fractional_return,R,False,True,True,False,True,False,True,False,True,False,False,0.4664119720483315,0.9049541913632513,0.9049541913632513,0.625350241501042,0.6069127321243286,True
264,ETHUSD,long,2024-03-08 14:00:00,2024-03-08 14:00:00,2024-03-09 02:00:00,3966.65,3924.55,3966.65,3924.55,24,1.0,-0.010613489972647216,-0.010811056149143794,0.0001,9.756617649657748e-05,0.0,0.00019756617649657748,1.0,1.0,0.0,2.0,-1.419826940878674,-1.3935666503624728,0.02626029051620102,1.0642082615000885,-4.64246372240706,3,4,position_exit,30.21025222514439,atr_48,0.00019756617649657748,-1.3935666503624728,-1.419826940878674,1.0642082615000885,-4.64246372240706,0.0,,,,fractional_return,R,False,True,True,True,True,True,False,False,False,False,True,2.484035202378762,-1.334162674961113,-1.334162674961113,4.64246372240706,0.5732381939888,True
265,ETHUSD,short,2024-03-12 06:30:00,2024-03-12 06:30:00,2024-03-12 18:30:00,4031.2,3969.35,4031.2,3969.35,24,1.0,0.014023516272229086,0.013820124699133185,0.0001,0.00010339157309590127,0.0,0.00020339157309590128,1.0,1.0,0.0,2.0,2.636357070363701,2.6711769524353497,0.03481988207164882,8.585771675733994,-1.4338411450421096,21,9,position_exit,23.15458732286919,atr_48,0.00020339157309590128,2.6711769524353497,2.636357070363701,8.585771675733994,-1.4338411450421096,0.0,,,,fractional_return,R,False,True,True,False,True,False,True,False,True,False,False,5.949414605370293,0.3070611670020121,0.3070611670020121,1.4338411450421096,0.4050276279449463,True
266,ETHUSD,long,2024-03-13 13:30:00,2024-03-13 13:30:00,2024-03-14 01:30:00,3971.15,3984.7,3971.15,3984.7,24,1.0,0.0034121098422363882,0.0032118113640875467,0.0001,0.00010029847814884149,0.0,0.0002002984781488415,1.0,1.0,0.0,2.0,0.48611780098702506,0.5163856202623752,0.030267819275350154,1.9416861514663066,-0.7431379774993742,13,3,position_exit,26.24008002607621,atr_48,0.0002002984781488415,0.5163856202623752,0.48611780098702506,1.9416861514663066,-0.7431379774993742,0.0,,,,fractional_return,R,False,True,True,False,True,False,True,False,False,False,False,1.4555683504792816,0.2503585868498483,0.2503585868498483,0.7431379774993742,0.5755497217178345,True
267,ETHUSD,long,2024-03-14 13:30:00,2024-03-14 13:30:00,2024-03-15 01:30:00,3878.15,3877.7,3878.15,3877.7,24,1.0,-0.000116034707270396,-0.00031638824516866393,0.0001,0.00010035353789826793,0.0,0.00020035353789826793,1.0,1.0,0.0,2.0,-0.04759029271655517,-0.017473162147188012,0.030117130569367156,2.059891670906127,-6.065128727531372,22,12,position_exit,25.75378149699665,atr_48,0.00020035353789826793,-0.017473162147188012,-0.04759029271655517,2.059891670906127,-6.065128727531372,0.0,,,,fractional_return,R,False,True,True,True,True,True,True,True,True,True,True,2.107481963622682,-0.023103298774746074,-0.023103298774746074,6.065128727531372,0.6388797760009766,True
268,ETHUSD,long,2024-03-16 18:00:00,2024-03-16 18:00:00,2024-03-17 06:00:00,3599.85,3519.75,3599.85,3519.75,24,1.0,-0.022250927121963637,-0.02244716434059768,0.0001,9.62372186340433e-05,0.0,0.0001962372186340433,1.0,1.0,0.0,2.0,-2.425202246886172,-2.403597773861861,0.021604473024311188,1.089270901263247,-3.948982110364807,3,10,position_exit,33.32504334587697,atr_48,0.0001962372186340433,-2.403597773861861,-2.425202246886172,1.089270901263247,-3.948982110364807,0.0,,,,fractional_return,R,False,True,True,True,True,True,False,False,False,False,True,3.514473148149419,-2.226445454545441,-2.226445454545441,3.948982110364807,0.5724233388900757,True
269,ETHUSD,long,2024-03-21 00:30:00,2024-03-21 00:30:00,2024-03-21 12:30:00,3517.1,3542.65,3517.1,3542.65,24,1.0,0.007264507690995403,0.007062911341871869,0.0001,0.00010159634912353396,0.0,0.00020159634912353397,1.0,1.0,0.0,2.0,0.5250119644473561,0.5398753346186858,0.014863370171329677,1.4822800283170483,-1.4579803557216848,17,9,position_exit,47.32574052127453,atr_48,0.00020159634912353397,0.5398753346186858,0.5250119644473561,1.4822800283170483,-1.4579803557216848,0.0,,,,fractional_return,R,False,True,True,False,True,False,False,False,False,False,False,0.9572680638696922,0.35419215965787815,0.35419215965787815,1.4579803557216848,0.568988561630249,True
270,ETHUSD,long,2024-04-01 12:00:00,2024-04-01 12:00:00,2024-04-02 00:00:00,3552.8,3498.6000000000004,3552.8,3498.6000000000004,24,1.0,-0.015255573069128392,-0.015452659863065099,0.0001,9.708679393670713e-05,0.0,0.00019708679393670714,1.0,1.0,0.0,2.0,-3.3663946250657317,-3.322832414722462,0.04356221034326939,1.124981085058249,-8.368387907926525,3,11,position_exit,16.31138535902565,atr_48,0.00019708679393670714,-3.322832414722462,-3.3663946250657317,1.124981085058249,-8.368387907926525,0.0,,,,fractional_return,R,False,True,True,True,True,True,False,False,False,False,True,4.491375710123981,-2.992401089918261,-2.992401089918261,8.368387907926525,0.5769768357276917,True
271,ETHUSD,short,2024-04-03 08:30:00,2024-04-03 08:30:00,2024-04-03 20:30:00,3344.8,3307.15,3344.8,3307.15,24,1.0,0.01061400270532098,0.010411824231280065,0.0001,0.00010217847404091493,0.0,0.00020217847404091494,1.0,1.0,0.0,2.0,1.5413020206121513,1.5691830482876494,0.027881027675498105,2.561123461282238,-0.9502622443813707,19,16,position_exit,23.99337670712487,atr_48,0.00020217847404091494,1.5691830482876494,1.5413020206121513,2.561123461282238,-0.9502622443813707,0.0,,,,fractional_return,R,False,True,True,False,True,False,True,False,True,False,False,1.0198214406700867,0.6018069975589898,0.6018069975589898,0.9502622443813707,0.4056129455566406,True
272,ETHUSD,long,2024-04-08 08:00:00,2024-04-08 08:00:00,2024-04-08 20:00:00,3560.85,3685.85,3560.85,3685.85,24,1.0,0.035103977982785084,0.034896508424112405,0.0001,0.00010746955867267935,0.0,0.00020746955867267936,1.0,1.0,0.0,2.0,7.071566887275356,7.112087007307308,0.040520120031952364,8.560107921995092,-0.06827603527013981,21,1,position_exit,17.575712989952013,atr_48,0.00020746955867267936,7.112087007307308,7.071566887275356,8.560107921995092,-0.06827603527013981,0.0,,,,fractional_return,R,False,True,True,False,True,False,True,False,True,False,False,1.488541034719736,0.8261072116982371,0.8261072116982371,0.06827603527013981,0.6805515885353088,True
273,ETHUSD,long,2024-04-09 12:00:00,2024-04-09 12:00:00,2024-04-10 00:00:00,3627.7,3517.15,3627.7,3517.15,24,1.0,-0.030473853957052932,-0.030667431139289603,0.0001,9.357718223667053e-05,0.0,0.00019357718223667053,1.0,1.0,0.0,2.0,-5.06479998107497,-5.031776416522787,0.033023564552184095,0.7054955626965481,-7.942514560680493,1,10,position_exit,21.970372061244205,atr_48,0.00019357718223667053,-5.031776416522787,-5.06479998107497,0.7054955626965481,-7.942514560680493,0.0,,,,fractional_return,R,False,True,True,True,False,False,False,False,False,False,True,5.770295543771518,-7.179067096774174,-7.179067096774174,7.942514560680493,0.6043136715888977,True
274,ETHUSD,short,2024-04-13 11:00:00,2024-04-13 11:00:00,2024-04-13 23:00:00,3277.15,3028.25,3277.15,3028.25,24,1.0,0.07496088358737629,0.0747456382131273,0.0001,0.0001152453742489957,0.0,0.0002152453742489957,1.0,1.0,0.0,2.0,9.907831370241485,9.933990612777977,0.02615924253649284,16.992352363962322,-0.8181872541661248,18,9,position_exit,25.05538908803104,atr_48,0.0002152453742489957,9.933990612777977,9.907831370241485,16.992352363962322,-0.8181872541661248,0.0,,,,fractional_return,R,False,True,True,False,True,False,True,False,True,False,False,7.084520993720837,0.5830759130945393,0.5830759130945393,0.8181872541661248,0.41515907645225525,True
275,ETHUSD,long,2024-04-14 14:30:00,2024-04-14 14:30:00,2024-04-15 02:30:00,3036.95,3140.65,3036.95,3140.65,24,1.0,0.03414610052849065,0.03393927341872538,0.0001,0.00010682710976527296,0.0,0.00020682710976527297,1.0,1.0,0.0,2.0,2.7306536337093563,2.7467418063783646,0.0160881726690082,3.6512859981606325,-1.4726985962838615,17,5,position_exit,37.7538215492962,atr_48,0.00020682710976527297,2.7467418063783646,2.7306536337093563,3.6512859981606325,-1.4726985962838615,0.0,,,,fractional_return,R,False,True,True,False,True,False,True,False,True,False,False,0.9206323644512762,0.7478607907145447,0.7478607907145447,1.4726985962838615,0.5705971717834473,True
276,ETHUSD,long,2024-04-16 04:00:00,2024-04-16 04:00:00,2024-04-16 16:00:00,3035.95,3017.45,3035.95,3017.45,24,1.0,-0.006093644493485595,-0.0062921852782487075,0.0001,9.854078476311265e-05,0.0,0.00019854078476311265,1.0,1.0,0.0,2.0,-0.547723492942463,-0.5303178865880104,0.01740560635445265,2.645856266598565,-1.2684630530551058,7,1,position_exit,34.884736999964986,atr_48,0.00019854078476311265,-0.5303178865880104,-0.547723492942463,2.645856266598565,-1.2684630530551058,0.0,,,,fractional_return,R,False,True,True,True,True,True,True,True,True,True,True,3.193579759541028,-0.2070118093174427,-0.2070118093174427,1.2684630530551058,0.6255555152893066,True
277,ETHUSD,short,2024-04-26 10:00:00,2024-04-26 10:00:00,2024-04-26 22:00:00,3140.0,3128.55,3140.0,3128.55,24,1.0,0.003259898168904929,0.0030599378257289978,0.0001,9.996034317593114e-05,0.0,0.00019996034317593114,1.0,1.0,0.0,2.0,0.6066861603016055,0.6418921211840131,0.035205960882407565,2.1050697948000168,-1.5781015905091977,11,8,position_exit,17.837888364916406,atr_48,0.00019996034317593114,0.6418921211840131,0.6066861603016055,2.1050697948000168,-1.5781015905091977,0.0,,,,fractional_return,R,False,True,True,False,True,False,True,False,True,False,False,1.4983836344984112,0.28820239680425475,0.28820239680425475,1.5781015905091977,0.4031614363193512,True
278,ETHUSD,long,2024-04-27 12:00:00,2024-04-27 12:00:00,2024-04-28 00:00:00,3132.35,3259.75,3132.35,3259.75,24,1.0,0.040672338659473395,0.040464351861860814,0.0001,0.00010798679761258043,0.0,0.00020798679761258043,1.0,1.0,0.0,2.0,7.785915801124327,7.82439104648454,0.03847524536021323,9.289161269864909,-0.18424782684029514,12,1,position_exit,16.282417282459352,atr_48,0.00020798679761258043,7.82439104648454,7.785915801124327,9.289161269864909,-0.18424782684029514,0.0,,,,fractional_return,R,False,True,True,False,True,False,True,False,True,False,False,1.503245468740582,0.8381720991735518,0.8381720991735518,0.18424782684029514,0.5806818008422852,True
279,ETHUSD,long,2024-04-29 03:00:00,2024-04-29 03:00:00,2024-04-29 15:00:00,3204.2,3172.95,3204.2,3172.95,24,1.0,-0.00975282441795089,-0.009950948206572163,0.0001,9.812378862127388e-05,0.0,0.0001981237886212739,1.0,1.0,0.0,2.0,-1.800376586607389,-1.7641983820896818,0.03617820451770726,0.17218576209196323,-4.953869056907827,6,21,position_exit,17.71342742247874,atr_48,0.0001981237886212739,-1.7641983820896818,-1.800376586607389,0.17218576209196323,-4.953869056907827,0.0,,,,fractional_return,R,False,True,False,False,False,False,False,False,False,False,True,1.9725623486993524,-10.456013114753473,-10.456013114753473,4.953869056907827,0.5705838799476624,True
280,ETHUSD,short,2024-05-02 08:00:00,2024-05-02 08:00:00,2024-05-02 20:00:00,2942.05,2988.3,2942.05,2988.3,24,1.0,-0.01581284851870679,-0.016009290561560308,0.0001,9.64420428535174e-05,0.0,0.0001964420428535174,1.0,1.0,0.0,2.0,-1.8328132996153133,-1.8097884857152118,0.02302481390010136,0.30717491054843393,-2.7743568353990886,2,8,position_exit,25.555472567680983,atr_48,0.0001964420428535174,-1.8097884857152118,-1.8328132996153133,0.30717491054843393,-2.7743568353990886,0.0,,,,fractional_return,R,False,True,False,False,False,False,False,False,False,False,True,2.139988210163747,-5.966676433120743,-5.966676433120743,2.7743568353990886,0.34573283791542053,True
281,ETHUSD,long,2024-05-13 05:30:00,2024-05-13 05:30:00,2024-05-13 17:30:00,2873.95,2940.55,2873.95,2940.55,24,1.0,0.023173680822561327,0.022968934546704123,0.0001,0.00010474627585720384,0.0,0.00020474627585720384,1.0,1.0,0.0,2.0,5.540464876056412,5.588698025274846,0.0482331492184341,10.220772064241345,-0.1552416118131817,7,1,position_exit,11.916907962964245,atr_48,0.00020474627585720384,5.588698025274846,5.540464876056412,10.220772064241345,-0.1552416118131817,0.0,,,,fractional_return,R,False,True,True,False,True,False,True,False,True,False,False,4.6803071881849325,0.5420788998357986,0.5420788998357986,0.1552416118131817,0.585887610912323,True
282,ETHUSD,long,2024-05-16 14:30:00,2024-05-16 14:30:00,2024-05-17 02:30:00,2942.15,2950.45,2942.15,2950.45,24,1.0,0.0028210662270788944,0.0026206377878426057,0.0001,0.00010042843923628872,0.0,0.00020042843923628872,1.0,1.0,0.0,2.0,0.5327954694084308,0.5734503345090541,0.040654865100623355,1.3679899546119867,-1.1987184703292006,2,15,position_exit,14.473790493305012,atr_48,0.00020042843923628872,0.5734503345090541,0.5327954694084308,1.3679899546119867,-1.1987184703292006,0.0,,,,fractional_return,R,False,True,True,False,True,False,False,False,False,False,False,0.8351944852035559,0.3894732323232239,0.3894732323232239,1.1987184703292006,0.5713633298873901,True
283,ETHUSD,short,2024-05-18 03:00:00,2024-05-18 03:00:00,2024-05-18 15:00:00,3113.1,3109.1000000000004,3113.1,3109.1000000000004,24,1.0,0.0011397674992346118,0.0009394479303790337,0.0001,0.00010031956885557811,0.0,0.0002003195688555781,1.0,1.0,0.0,2.0,0.23134082191565347,0.27398850223031856,0.042647680314665086,1.438439636709336,-2.3734254005704107,6,17,position_exit,14.599152765312354,atr_48,0.0002003195688555781,0.27398850223031856,0.23134082191565347,1.438439636709336,-2.3734254005704107,0.0,,,,fractional_return,R,False,True,True,False,True,False,False,False,False,False,False,1.2070988147936825,0.1608276190475974,0.1608276190475974,2.3734254005704107,0.36388805508613586,True
284,ETHUSD,short,2024-05-22 07:00:00,2024-05-22 07:00:00,2024-05-22 19:00:00,3744.75,3738.85,3744.75,3738.85,24,1.0,0.000902370929959595,0.0007020447292491738,0.0001,0.00010032620071042117,0.0,0.00020032620071042118,1.0,1.0,0.0,2.0,0.1727878345823377,0.19791076072563657,0.025122926143298852,3.039104224024132,-1.7292033415943127,11,20,position_exit,29.81141590466247,atr_48,0.00020032620071042118,0.19791076072563657,0.1727878345823377,3.039104224024132,-1.7292033415943127,0.0,,,,fractional_return,R,False,True,True,False,True,False,True,False,True,False,False,2.8663163894417947,0.05685485651214234,0.05685485651214234,1.7292033415943127,0.3913272023200989,True
285,ETHUSD,short,2024-05-23 11:00:00,2024-05-23 11:00:00,2024-05-23 23:00:00,3874.35,3770.25,3874.35,3770.25,24,1.0,0.024883182117839242,0.024679294698846777,0.0001,0.00010388741899246554,0.0,0.00020388741899246554,1.0,1.0,0.0,2.0,3.615773739573828,3.6428896463971108,0.02711590682328273,12.011737474791621,-2.5353252149997303,18,2,position_exit,28.576215615797434,atr_48,0.00020388741899246554,3.6428896463971108,3.615773739573828,12.011737474791621,-2.5353252149997303,0.0,,,,fractional_return,R,False,True,True,False,True,False,True,False,True,False,False,8.395963735217794,0.3010200436999273,0.3010200436999273,2.5353252149997303,0.32380980253219604,True
286,ETHUSD,long,2024-05-27 02:30:00,2024-05-27 02:30:00,2024-05-27 15:00:00,3914.7,3929.95,3914.7,3929.95,25,1.0,0.003895573096277971,0.0036944911288219195,0.0001,0.00010108196745605155,0.0,0.00020108196745605156,1.0,1.0,0.0,2.0,0.7024017306703957,0.7404148730096878,0.03801314233929213,1.8546785671455919,-1.5512298486989764,11,16,position_exit,20.59656086865298,atr_48,0.00020108196745605156,0.7404148730096878,0.7024017306703957,1.8546785671455919,-1.5512298486989764,0.0,,,,fractional_return,R,False,True,True,False,True,False,True,False,False,False,False,1.1522768364751963,0.3787188481675366,0.3787188481675366,1.5512298486989764,0.5772368907928467,True
287,ETHUSD,short,2024-05-28 09:30:00,2024-05-28 09:30:00,2024-05-28 21:30:00,3880.0,3839.85,3880.0,3839.85,24,1.0,0.009887305172610272,0.009685328604629673,0.0001,0.00010197656798059959,0.0,0.0002019765679805996,1.0,1.0,0.0,2.0,1.7712183925140657,1.8061263386864361,0.0349079461723704,4.887562308799029,-2.2154849858108787,18,1,position_exit,22.22989562801043,atr_48,0.0002019765679805996,1.8061263386864361,1.7712183925140657,4.887562308799029,-2.2154849858108787,0.0,,,,fractional_return,R,False,True,True,False,True,False,True,False,True,False,False,3.116343916284963,0.36239300506212657,0.36239300506212657,2.2154849858108787,0.40786969661712646,True
288,ETHUSD,long,2024-05-30 12:00:00,2024-05-30 12:00:00,2024-05-31 00:00:00,3752.85,3748.25,3752.85,3748.25,24,1.0,-0.0012257351079842937,-0.0014254719800950166,0.0001,9.973687211072288e-05,0.0,0.00019973687211072289,1.0,1.0,0.0,2.0,-0.2550374417664095,-0.2192611688335038,0.0357762729329057,3.3651822868794903,-1.5538943704287709,11,16,position_exit,20.979547014514566,atr_48,0.00019973687211072289,-0.2192611688335038,-0.2550374417664095,3.3651822868794903,-1.5538943704287709,0.0,,,,fractional_return,R,False,True,True,True,True,True,True,True,True,True,True,3.6202197286458997,-0.07578711048158522,-0.07578711048158522,1.5538943704287709,0.6233314275741577,True
289,ETHUSD,long,2024-06-06 05:00:00,2024-06-06 05:00:00,2024-06-06 17:00:00,3849.95,3835.2,3849.95,3835.2,24,1.0,-0.003831218587254548,-0.00403030992584319,0.0001,9.909133858864169e-05,0.0,0.0001990913385886417,1.0,1.0,0.0,2.0,-1.113488587043564,-1.058245311942377,0.05524327510118717,1.1694507515024364,-2.353250591980317,15,24,position_exit,13.9381671088406,atr_48,0.0001990913385886417,-1.058245311942377,-1.113488587043564,1.1694507515024364,-2.353250591980317,0.0,,,,fractional_return,R,False,True,True,True,True,True,False,False,False,False,True,2.2829393385460004,-0.9521466257668605,-0.9521466257668605,2.353250591980317,0.5877057313919067,True
290,ETHUSD,long,2024-06-08 10:30:00,2024-06-08 10:30:00,2024-06-08 22:30:00,3694.55,3676.25,3694.55,3676.25,24,1.0,-0.004953241937448727,-0.005152095191972239,0.0001,9.885325452351221e-05,0.0,0.0001988532545235122,1.0,1.0,0.0,2.0,-1.3589684033890206,-1.3062261327995712,0.052742270589449275,0.20699758388624284,-2.3840411385522056,9,6,position_exit,14.009825359088994,atr_48,0.0001988532545235122,-1.3062261327995712,-1.3589684033890206,0.20699758388624284,-2.3840411385522056,0.0,,,,fractional_return,R,False,True,False,False,False,False,False,False,False,False,True,1.5659659872752634,-6.565141379311231,-6.565141379311231,2.3840411385522056,0.574256181716919,True
291,ETHUSD,short,2024-06-10 15:30:00,2024-06-10 15:30:00,2024-06-11 03:30:00,3702.25,3595.4,3702.25,3595.4,24,1.0,0.029427567382727116,0.029222046142245217,0.0001,0.00010552124048189845,0.0,0.00020552124048189846,1.0,1.0,0.0,2.0,10.719366556120788,10.794168069900458,0.07480151377967058,13.400527791036902,-0.28791182966041506,21,1,position_exit,9.898863840924543,atr_48,0.00020552124048189846,10.794168069900458,10.719366556120788,13.400527791036902,-0.28791182966041506,0.0,,,,fractional_return,R,False,True,True,False,True,False,True,False,True,False,False,2.6811612349161145,0.7999212212589537,0.7999212212589537,0.28791182966041506,0.39340102672576904,True
292,ETHUSD,long,2024-06-17 07:30:00,2024-06-17 07:30:00,2024-06-17 19:30:00,3552.05,3553.4,3552.05,3553.4,24,1.0,0.00038006221759268044,0.00017986108923007116,0.0001,0.00010020112836260928,0.0,0.00020020112836260928,1.0,1.0,0.0,2.0,0.04212433084623797,0.08891297025035652,0.04678863940411855,1.6827602888123985,-5.641034001439672,21,17,position_exit,15.183386588015777,atr_48,0.00020020112836260928,0.08891297025035652,0.04212433084623797,1.6827602888123985,-5.641034001439672,0.0,,,,fractional_return,R,False,True,True,False,True,False,True,False,False,False,False,1.6406359579661605,0.02503287671232547,0.02503287671232547,5.641034001439672,0.5768325924873352,True
293,ETHUSD,short,2024-06-19 14:00:00,2024-06-19 14:00:00,2024-06-20 02:00:00,3517.7,3550.25,3517.7,3550.25,24,1.0,-0.009354012025559633,-0.009551925708155329,0.0001,9.791368259569619e-05,0.0,0.0001979136825956962,1.0,1.0,0.0,2.0,-1.5440012150140139,-1.5113350202326177,0.032666194781396304,0.25304994962419186,-3.5032327888341253,1,23,position_exit,21.537249891152683,atr_48,0.0001979136825956962,-1.5113350202326177,-1.5440012150140139,0.25304994962419186,-3.5032327888341253,0.0,,,,fractional_return,R,False,True,False,False,False,False,False,False,False,False,True,1.7970511646382057,-6.101566972477301,-6.101566972477301,3.5032327888341253,0.4096398651599884,True
294,ETHUSD,short,2024-06-24 07:30:00,2024-06-24 07:30:00,2024-06-24 19:30:00,3368.95,3290.85,3368.95,3290.85,24,1.0,0.023115472031572715,0.02291103111892845,0.0001,0.00010444091264426589,0.0,0.0002044409126442659,1.0,1.0,0.0,2.0,5.55940602181529,5.607785920346277,0.04837989853098748,9.671815153273283,-1.777115256447766,4,2,position_exit,13.927065174980376,atr_48,0.0002044409126442659,5.607785920346277,5.55940602181529,9.671815153273283,-1.777115256447766,0.0,,,,fractional_return,R,False,True,True,False,True,False,True,False,True,False,False,4.1124091314579925,0.5748048255382333,0.5748048255382333,1.777115256447766,0.4094443619251251,True
295,ETHUSD,short,2024-06-25 16:30:00,2024-06-25 16:30:00,2024-06-26 04:30:00,3383.25,3386.95,3383.25,3386.95,24,1.0,-0.001302853664468584,-0.0015024068292763815,0.0001,9.95531648077975e-05,0.0,0.0001995531648077975,1.0,1.0,0.0,2.0,-0.22654309047934745,-0.191518498114672,0.03502459236467546,0.09834733686970597,-2.3266909433121334,1,5,position_exit,19.319282661586232,atr_48,0.0001995531648077975,-0.191518498114672,-0.22654309047934745,0.09834733686970597,-2.3266909433121334,0.0,,,,fractional_return,R,False,True,False,False,False,False,False,False,False,False,True,0.32489042734905343,-2.303499999999794,-2.303499999999794,2.3266909433121334,0.38159507513046265,True
296,ETHUSD,short,2024-07-01 02:30:00,2024-07-01 02:30:00,2024-07-01 14:30:00,3497.85,3466.75,3497.85,3466.75,24,1.0,0.008904586501658152,0.00870259501175119,0.0001,0.0001019914899069608,0.0,0.0002019914899069608,1.0,1.0,0.0,2.0,2.4728045421645524,2.529708338379345,0.05690379621479239,3.8881047773161526,-0.6588629434364155,22,1,position_exit,12.293907375869304,atr_48,0.0002019914899069608,2.529708338379345,2.4728045421645524,3.8881047773161526,-0.6588629434364155,0.0,,,,fractional_return,R,False,True,True,False,True,False,True,False,True,False,False,1.4153002351516002,0.6359922594142277,0.6359922594142277,0.6588629434364155,0.39615410566329956,True
297,ETHUSD,long,2024-07-02 13:30:00,2024-07-02 13:30:00,2024-07-03 01:30:00,3435.7,3391.7,3435.7,3391.7,24,1.0,-0.012806706056989525,-0.013004728549931288,0.0001,9.802249294176288e-05,0.0,0.00019802249294176288,1.0,1.0,0.0,2.0,-3.9684522296533347,-3.9074305964701863,0.061021633183148266,0.29305729473528014,-4.835445363131839,1,24,position_exit,11.260596679502845,atr_48,0.00019802249294176288,-3.9074305964701863,-3.9684522296533347,0.29305729473528014,-4.835445363131839,0.0,,,,fractional_return,R,False,True,False,False,False,False,False,False,False,False,True,4.2615095243886145,-13.54155757575683,-13.54155757575683,4.835445363131839,0.5808700323104858,True
298,ETHUSD,short,2024-07-06 07:00:00,2024-07-06 07:00:00,2024-07-06 19:00:00,3009.65,3052.65,3009.65,3052.65,24,1.0,-0.014253499771459843,-0.014450552189649302,0.0001,9.70524181894584e-05,0.0,0.0001970524181894584,1.0,1.0,0.0,2.0,-1.7232151246021343,-1.6994259281158375,0.023789196486296887,0.9406124904455172,-2.2211101665141806,5,19,position_exit,25.30266208641075,atr_48,0.0001970524181894584,-1.6994259281158375,-1.7232151246021343,0.9406124904455172,-2.2211101665141806,0.0,,,,fractional_return,R,False,True,True,True,False,False,False,False,False,False,True,2.6638276150476514,-1.8320138655462046,-1.8320138655462046,2.2211101665141806,0.37174469232559204,True
299,ETHUSD,long,2024-07-15 03:00:00,2024-07-15 03:00:00,2024-07-15 15:00:00,3323.3,3374.45,3323.3,3374.45,24,1.0,0.015391327896969509,0.015188319960430796,0.0001,0.00010300793653871274,0.0,0.00020300793653871274,1.0,1.0,0.0,2.0,3.1632283304586872,3.2048735158159154,0.041645185357228186,4.4329384407424754,-0.12217992875546342,24,1,position_exit,15.960068235946457,atr_48,0.00020300793653871274,3.2048735158159154,3.1632283304586872,4.4329384407424754,-0.12217992875546342,0.0,,,,fractional_return,R,False,True,True,False,True,False,True,False,True,False,False,1.2697101102837882,0.7135737102473447,0.7135737102473447,0.12217992875546342,0.6227757930755615,True
300,ETHUSD,long,2024-07-16 05:00:00,2024-07-16 05:00:00,2024-07-16 17:00:00,3435.65,3457.15,3435.65,3457.15,24,1.0,0.0062579133497300266,0.00605641571740434,0.0001,0.00010149763232568673,0.0,0.00020149763232568674,1.0,1.0,0.0,2.0,1.0957091129023753,1.1318835858486151,0.036174472946239954,3.10083456774342,-4.645987276797222,22,7,position_exit,18.99488628407015,atr_48,0.00020149763232568674,1.1318835858486151,1.0957091129023753,3.10083456774342,-4.645987276797222,0.0,,,,fractional_return,R,False,True,True,False,True,False,True,False,True,False,False,2.005125454841045,0.3533594227504239,0.3533594227504239,4.645987276797222,0.5800915956497192,True
301,ETHUSD,short,2024-07-18 02:00:00,2024-07-18 02:00:00,2024-07-18 14:00:00,3418.55,3460.65,3418.55,3460.65,24,1.0,-0.012348728455664038,-0.01254605554405852,0.0001,9.732708839448331e-05,0.0,0.00019732708839448332,1.0,1.0,0.0,2.0,-2.114756946607466,-2.0809618299155055,0.03379511669196041,0.46957570983841673,-3.5045176660572186,6,22,position_exit,20.2310294185979,atr_48,0.00019732708839448332,-2.0809618299155055,-2.114756946607466,0.46957570983841673,-3.5045176660572186,0.0,,,,fractional_return,R,False,True,False,False,False,False,False,False,False,False,True,2.584332656445883,-4.503548421052622,-4.503548421052622,3.5045176660572186,0.41501763463020325,True
302,ETHUSD,short,2024-07-22 13:30:00,2024-07-22 13:30:00,2024-07-23 01:30:00,3467.45,3480.95,3467.45,3480.95,24,1.0,-0.004127206773132941,-0.004326560893724074,0.0001,9.93541205911331e-05,0.0,0.0001993541205911331,1.0,1.0,0.0,2.0,-0.8859689751470353,-0.8426807757982693,0.04328819934876606,2.71218368210627,-2.019312822005505,19,13,position_exit,16.02030138543446,atr_48,0.0001993541205911331,-0.8426807757982693,-0.8859689751470353,2.71218368210627,-2.019312822005505,0.0,,,,fractional_return,R,False,True,True,True,True,True,True,True,True,True,True,3.5981526572533054,-0.32666260069045017,-0.32666260069045017,2.019312822005505,0.4143345057964325,True
303,ETHUSD,short,2024-07-24 19:30:00,2024-07-24 19:30:00,2024-07-25 07:30:00,3362.05,3171.85,3362.05,3171.85,24,1.0,0.058481499461819464,0.058269898697965505,0.0001,0.00011160076385395854,0.0,0.00021160076385395854,1.0,1.0,0.0,2.0,9.417264036959477,9.450674805867012,0.033410768907534326,11.470495683146162,-0.70308648003688,17,3,position_exit,20.125547001355233,atr_48,0.00021160076385395854,9.450674805867012,9.417264036959477,11.470495683146162,-0.70308648003688,0.0,,,,fractional_return,R,False,True,True,False,True,False,True,False,True,False,False,2.053231646186685,0.8209988737275286,0.8209988737275286,0.70308648003688,0.39863958954811096,True
304,ETHUSD,short,2024-07-26 19:30:00,2024-07-26 19:30:00,2024-07-27 07:30:00,3274.6000000000004,3272.6000000000004,3274.6000000000004,3272.6000000000004,24,1.0,0.0004865769591027025,0.00028651409147006923,0.0001,0.00010006286763263325,0.0,0.00020006286763263326,1.0,1.0,0.0,2.0,0.06695991902109688,0.09956273087265723,0.03260281185156034,1.5730911477880023,-0.5998654535077462,16,6,position_exit,20.087837913546597,atr_48,0.00020006286763263326,0.09956273087265723,0.06695991902109688,1.5730911477880023,-0.5998654535077462,0.0,,,,fractional_return,R,False,True,True,False,True,False,True,False,False,False,False,1.5061312287669053,0.04256582278480963,0.04256582278480963,0.5998654535077462,0.3951578736305237,True
305,ETHUSD,long,2024-07-27 20:00:00,2024-07-27 20:00:00,2024-07-28 08:00:00,3230.05,3221.65,3230.05,3221.65,24,1.0,-0.0026005789384069278,-0.0028002268466433833,0.0001,9.96479082364555e-05,0.0,0.0001996479082364555,1.0,1.0,0.0,2.0,-0.49216164677450003,-0.4570145105859714,0.0351471361885286,3.4820153187502205,-1.6811605210840959,2,18,position_exit,18.380160378780626,atr_48,0.0001996479082364555,-0.4570145105859714,-0.49216164677450003,3.4820153187502205,-1.6811605210840959,0.0,,,,fractional_return,R,False,True,True,True,True,True,True,True,True,True,True,3.9741769655247206,-0.14134390625000143,-0.14134390625000143,1.6811605210840959,0.629379153251648,True
306,ETHUSD,long,2024-08-01 13:30:00,2024-08-01 13:30:00,2024-08-02 01:30:00,3183.15,3172.95,3183.15,3172.95,24,1.0,-0.003204373026719165,-0.0034037033367890768,0.0001,9.933031006991175e-05,0.0,0.00019933031006991175,1.0,1.0,0.0,2.0,-0.5671863865130397,-0.5338653384339055,0.033321048079134136,1.7874020889722972,-5.422396966838341,21,10,position_exit,19.105941640493057,atr_48,0.00019933031006991175,-0.5338653384339055,-0.5671863865130397,1.7874020889722972,-5.422396966838341,0.0,,,,fractional_return,R,False,True,True,True,True,True,True,True,False,False,True,2.354588475485337,-0.31732445095169093,-0.31732445095169093,5.422396966838341,0.5903666615486145,True
307,ETHUSD,short,2024-08-03 12:00:00,2024-08-03 12:00:00,2024-08-04 00:00:00,3011.75,2903.15,3011.75,2903.15,24,1.0,0.036886190834987564,0.036678816822232285,0.0001,0.00010737401275527922,0.0,0.00020737401275527922,1.0,1.0,0.0,2.0,5.222219074096598,5.2513456676778665,0.02912659358126856,7.3644562171946655,-0.20309071642952212,18,1,position_exit,20.680413530656534,atr_48,0.00020737401275527922,5.2513456676778665,5.222219074096598,7.3644562171946655,-0.20309071642952212,0.0,,,,fractional_return,R,False,True,True,False,True,False,True,False,True,False,False,2.1422371430980673,0.7091112934996703,0.7091112934996703,0.20309071642952212,0.392007052898407,True
308,ETHUSD,short,2024-08-04 14:30:00,2024-08-04 14:30:00,2024-08-05 02:30:00,2863.35,2334.75,2863.35,2334.75,24,1.0,0.21281184724325541,0.21256658941297468,0.0001,0.0001452578302807318,0.0,0.0002452578302807318,1.0,1.0,0.0,2.0,28.389205758704406,28.419995162089716,0.030789403385308212,39.9686424583759,-0.2526938654215464,21,1,position_exit,18.599580928328773,atr_48,0.0002452578302807318,28.419995162089716,28.389205758704406,39.9686424583759,-0.2526938654215464,0.0,,,,fractional_return,R,False,True,True,False,True,False,True,False,True,False,False,11.579436699671497,0.7102869652945921,0.7102869652945921,0.2526938654215464,0.39780545234680176,True
309,ETHUSD,short,2024-08-06 08:00:00,2024-08-06 08:00:00,2024-08-06 20:00:00,2485.5,2491.65,2485.5,2491.65,24,1.0,-0.004474015415420918,-0.004673030884158491,0.0001,9.901546873757336e-05,0.0,0.00019901546873757336,1.0,1.0,0.0,2.0,-0.1526255903314583,-0.14121156301822896,0.011414027313229365,1.5900651608149938,-1.5877690378390896,10,12,position_exit,43.551674300256764,atr_48,0.00019901546873757336,-0.14121156301822896,-0.1526255903314583,1.5900651608149938,-1.5877690378390896,0.0,,,,fractional_return,R,False,True,True,True,True,True,True,True,False,False,True,1.7426907511464522,-0.0959870036101096,-0.0959870036101096,1.5877690378390896,0.38711872696876526,True
310,ETHUSD,short,2024-08-07 10:30:00,2024-08-07 10:30:00,2024-08-07 22:30:00,2509.2,2356.45,2509.2,2356.45,24,1.0,0.06356280324395458,0.06334870255215241,0.0001,0.00011410069180216595,0.0,0.00021410069180216595,1.0,1.0,0.0,2.0,4.497428123311872,4.512252534519225,0.014824411207352717,5.915407987152045,-0.16985566005555183,20,1,position_exit,33.852271970916036,atr_48,0.00021410069180216595,4.512252534519225,4.497428123311872,5.915407987152045,-0.16985566005555183,0.0,,,,fractional_return,R,False,True,True,False,True,False,True,False,True,False,False,1.4179798638401726,0.7602904369538077,0.7602904369538077,0.16985566005555183,0.3562186360359192,True
311,ETHUSD,short,2024-08-14 10:00:00,2024-08-14 10:00:00,2024-08-14 22:00:00,2741.7,2666.45,2741.7,2666.45,24,1.0,0.026975236654223078,0.026769751552790044,0.0001,0.00010548510143303389,0.0,0.0002054851014330339,1.0,1.0,0.0,2.0,3.608481343064886,3.6349690363725875,0.026487693307701586,5.221796050921923,-1.784878483640772,8,5,position_exit,20.70168940836249,atr_48,0.0002054851014330339,3.6349690363725875,3.608481343064886,5.221796050921923,-1.784878483640772,0.0,,,,fractional_return,R,False,True,True,False,True,False,True,False,True,False,False,1.613314707857037,0.6910421831637409,0.6910421831637409,1.784878483640772,0.40485861897468567,True
312,ETHUSD,long,2024-08-15 21:30:00,2024-08-15 21:30:00,2024-08-16 09:30:00,2572.45,2626.15,2572.45,2626.15,24,1.0,0.020875041303038744,0.020671206894788963,0.0001,0.00010383440824978116,0.0,0.00020383440824978116,1.0,1.0,0.0,2.0,2.484656940485127,2.5086922679513894,0.024035327466262642,2.648842673982193,-0.9436794006073995,19,7,position_exit,21.40557480326272,atr_48,0.00020383440824978116,2.5086922679513894,2.484656940485127,2.648842673982193,-0.9436794006073995,0.0,,,,fractional_return,R,False,True,True,False,True,False,True,False,True,False,False,0.164185733497066,0.9380160493827163,0.9380160493827163,0.9436794006073995,0.5919106006622314,True
313,ETHUSD,long,2024-08-21 13:30:00,2024-08-21 13:30:00,2024-08-22 01:30:00,2594.2,2628.25,2594.2,2628.25,24,1.0,0.013125433659702646,0.012922818704224737,0.0001,0.00010261495547790886,0.0,0.00020261495547790886,1.0,1.0,0.0,2.0,2.5077307277843053,2.5465337698145722,0.038803042030266834,5.156637398787504,-1.192869710089332,13,1,position_exit,13.371116614911239,atr_48,0.00020261495547790886,2.5465337698145722,2.5077307277843053,5.156637398787504,-1.192869710089332,0.0,,,,fractional_return,R,False,True,True,False,True,False,True,False,True,False,False,2.648906671003199,0.4863112400290072,0.4863112400290072,1.192869710089332,0.595880389213562,True
314,ETHUSD,long,2024-08-24 21:00:00,2024-08-24 21:00:00,2024-08-25 09:00:00,2772.75,2749.35,2772.75,2749.35,24,1.0,-0.00843927508790876,-0.008637658456044917,0.0001,9.838336813615686e-05,0.0,0.00019838336813615687,1.0,1.0,0.0,2.0,-1.6133472101583897,-1.57599807626135,0.037349133897039664,0.649930830594962,-2.673808702033122,6,1,position_exit,14.847733859872832,atr_48,0.00019838336813615687,-1.57599807626135,-1.6133472101583897,0.649930830594962,-2.673808702033122,0.0,,,,fractional_return,R,False,True,True,True,False,False,False,False,False,False,True,2.2632780407533515,-2.482336787564753,-2.482336787564753,2.673808702033122,0.5913309454917908,True
315,ETHUSD,long,2024-08-26 13:30:00,2024-08-26 13:30:00,2024-08-27 01:30:00,2728.05,2680.25,2728.05,2680.25,24,1.0,-0.01752167298986429,-0.017718562008577576,0.0001,9.688901871328656e-05,0.0,0.00019688901871328657,1.0,1.0,0.0,2.0,-3.8792521889659124,-3.8354724375712834,0.04377975139462888,0.32898403753225636,-4.854520553829744,6,15,position_exit,12.462610741707827,atr_48,0.00019688901871328657,-3.8354724375712834,-3.8792521889659124,0.32898403753225636,-4.854520553829744,0.0,,,,fractional_return,R,False,True,False,False,False,False,False,False,False,False,True,4.208236226498169,-11.791612195122257,-11.791612195122257,4.854520553829744,0.5698296427726746,True
316,ETHUSD,short,2024-08-29 12:30:00,2024-08-29 12:30:00,2024-08-30 00:30:00,2572.95,2523.25,2572.95,2523.25,24,1.0,0.01932404969527801,0.019120251566414392,0.0001,0.00010379812886361925,0.0,0.00020379812886361925,1.0,1.0,0.0,2.0,2.681293033764908,2.709345388767033,0.028052355002125405,3.6388089476901433,-1.2756274063812687,19,6,position_exit,18.343914440018022,atr_48,0.00020379812886361925,2.709345388767033,2.681293033764908,3.6388089476901433,-1.2756274063812687,0.0,,,,fractional_return,R,False,True,True,False,True,False,True,False,True,False,False,0.9575159139252354,0.7368600749063644,0.7368600749063644,1.2756274063812687,0.3982176184654236,True
317,ETHUSD,short,2024-09-03 14:30:00,2024-09-03 14:30:00,2024-09-04 02:30:00,2446.05,2364.35,2446.05,2364.35,24,1.0,0.03346020592685384,0.03325336200128448,0.0001,0.00010684392556935549,0.0,0.0002068439255693555,1.0,1.0,0.0,2.0,6.332006835576849,6.370150548549381,0.03814371297253161,10.759862615664769,-1.8089044397349325,21,14,position_exit,12.825442566440616,atr_48,0.0002068439255693555,6.370150548549381,6.332006835576849,10.759862615664769,-1.8089044397349325,0.0,,,,fractional_return,R,False,True,True,False,True,False,True,False,True,False,False,4.42785578008792,0.5884839855072483,0.5884839855072483,1.8089044397349325,0.3991207778453827,True
318,ETHUSD,long,2024-09-05 17:00:00,2024-09-05 17:00:00,2024-09-06 05:00:00,2378.45,2378.05,2378.45,2378.05,24,1.0,-0.00016817675376812335,-0.0003684673379720227,0.0001,0.00010029058420389933,0.0,0.00020029058420389934,1.0,1.0,0.0,2.0,-0.05605076498697132,-0.02560301704344854,0.03044774794352278,1.9010240154778004,-1.9394285410429732,19,5,position_exit,15.623158759799002,atr_48,0.00020029058420389934,-0.02560301704344854,-0.05605076498697132,1.9010240154778004,-1.9394285410429732,0.0,,,,fractional_return,R,False,True,True,True,True,True,True,True,False,False,True,1.9570747804647717,-0.029484511784499266,-0.029484511784499266,1.9394285410429732,0.5920817852020264,True
319,ETHUSD,short,2024-09-07 15:00:00,2024-09-07 15:00:00,2024-09-08 03:00:00,2309.95,2282.85,2309.95,2282.85,24,1.0,0.011693011405774723,0.011490722770407524,0.0001,0.0001022886353671982,0.0,0.0002022886353671982,1.0,1.0,0.0,2.0,1.648217282076496,1.676802747062301,0.028585464985804984,3.198918893842101,-0.05568717610170584,16,1,position_exit,16.161710163868797,atr_48,0.0002022886353671982,1.676802747062301,1.648217282076496,3.198918893842101,-0.05568717610170584,0.0,,,,fractional_return,R,False,True,True,False,True,False,True,False,True,False,False,1.5507016117656052,0.5152419729206964,0.5152419729206964,0.05568717610170584,0.3752182126045227,True
320,ETHUSD,long,2024-09-16 03:00:00,2024-09-16 03:00:00,2024-09-16 15:00:00,2272.65,2293.2,2272.65,2293.2,24,1.0,0.009042307438452468,0.008841180023100303,0.0001,0.00010112741535216471,0.0,0.00020112741535216472,1.0,1.0,0.0,2.0,1.6503016190310582,1.6876290164444154,0.037327397413357194,5.177859342424396,-0.26279381277969155,10,23,position_exit,12.176846806826974,atr_48,0.00020112741535216472,1.6876290164444154,1.6503016190310582,5.177859342424396,-0.26279381277969155,0.0,,,,fractional_return,R,False,True,True,False,True,False,True,False,True,False,False,3.527557723393338,0.31872275971450936,0.31872275971450936,0.26279381277969155,0.5710134506225586,True
