lag,autocorrelation,asset
1,0.9366241609526567,ETHUSD
2,0.8918165800209201,ETHUSD
4,0.8138626248131094,ETHUSD
8,0.6876603018023378,ETHUSD
16,0.49996459807101673,ETHUSD
