regime,rows,realized_mean,sharpe,hit_rate,calibration_slope,prediction_correlation,turnover_mean,cost_mean,asset
all,43800,0.0038125092055075753,0.0015257216399932453,0.5206392694063927,0.11677791164172738,0.04580052457025335,,,ETHUSD
