{
  "prediction_distribution": {
    "rows": 43800,
    "mean": -0.01180187893808434,
    "std": 0.9800434775099561,
    "min": -4.290938854217529,
    "max": 4.0205583572387695,
    "median": 0.012303485535085201,
    "q01": -2.5992147636413576,
    "q05": -1.6819328427314757,
    "q25": -0.6064312607049942,
    "q75": 0.6118844747543335,
    "q95": 1.56692099571228,
    "q99": 2.2871041369438236,
    "skew": -0.19576100202004795,
    "kurtosis": 0.6142099367197869,
    "positive_rate": 0.5056849315068493,
    "negative_rate": 0.4943150684931507,
    "zero_rate": 0.0
  },
  "expected_net_return_distribution": {
    "rows": 0,
    "mean": null,
    "std": null,
    "min": null,
    "max": null,
    "median": null,
    "q01": null,
    "q05": null,
    "q25": null,
    "q75": null,
    "q95": null,
    "q99": null,
    "skew": null,
    "kurtosis": null,
    "positive_rate": null,
    "negative_rate": null,
    "zero_rate": null
  },
  "prediction_vs_realized": {
    "evaluation_rows": 43800,
    "correlation": 0.04580052457025335,
    "spearman_rank_correlation": 0.0526590589295424,
    "calibration_slope": 0.11677791164172738,
    "calibration_intercept": 0.005190707981345552,
    "directional_accuracy": 0.5206392694063927,
    "mean_prediction": -0.01180187893808434,
    "mean_realized": 0.0038125092055075753
  },
  "quantile_monotonicity": {
    "monotonicity": 0.9030303030303028,
    "monotonic_increasing_steps": 6,
    "quantile_count": 10
  },
  "residuals": {
    "ETHUSD": {
      "rows": 43800,
      "distribution": {
        "rows": 43800,
        "mean": 0.015614388143591923,
        "std": 2.642021493008843,
        "min": -6.882844686508179,
        "max": 8.29093885421753,
        "median": -0.026696087856844658,
        "q01": -5.275872699022293,
        "q05": -4.278568609058857,
        "q25": -1.928698661967383,
        "q75": 1.977169391207263,
        "q95": 4.278048985968557,
        "q99": 5.658837610483171,
        "skew": 0.04739423187151818,
        "kurtosis": -0.6797352628335678,
        "positive_rate": 0.49577625570776257,
        "negative_rate": 0.5042237442922375,
        "zero_rate": 0.0
      },
      "autocorrelation": [
        {
          "lag": 1,
          "autocorrelation": 0.9457867996746088
        },
        {
          "lag": 2,
          "autocorrelation": 0.8978530868763751
        },
        {
          "lag": 4,
          "autocorrelation": 0.8082976993326094
        },
        {
          "lag": 8,
          "autocorrelation": 0.6440762205505568
        }
      ],
      "residual_vs_forecast_abs_correlation": 0.047228255641324685,
      "residual_vs_volatility_correlation": null
    }
  },
  "turnover_cost": {
    "rows": 73965,
    "total_turnover": 598.0,
    "avg_turnover": 0.008084905022645847,
    "rebalance_frequency": 0.008071385114581222,
    "churn_frequency": 0.008071385114581222,
    "total_cost": 0.059800000000000006,
    "gross_pnl": 1.7714212770726003,
    "net_pnl": 1.7116212770726005,
    "cost_to_abs_gross_pnl": 0.0025065295070964117,
    "turnover_vs_net_pnl_correlation": -0.0026749843171292443
  },
  "residual_diagnostics": {
    "ETHUSD": {
      "rows": 43800,
      "distribution": {
        "rows": 43800,
        "mean": 0.015614388143591923,
        "std": 2.642021493008843,
        "min": -6.882844686508179,
        "max": 8.29093885421753,
        "median": -0.026696087856844658,
        "q01": -5.275872699022293,
        "q05": -4.278568609058857,
        "q25": -1.928698661967383,
        "q75": 1.977169391207263,
        "q95": 4.278048985968557,
        "q99": 5.658837610483171,
        "skew": 0.04739423187151818,
        "kurtosis": -0.6797352628335678,
        "positive_rate": 0.49577625570776257,
        "negative_rate": 0.5042237442922375,
        "zero_rate": 0.0
      },
      "autocorrelation": [
        {
          "lag": 1,
          "autocorrelation": 0.9457867996746088
        },
        {
          "lag": 2,
          "autocorrelation": 0.8978530868763751
        },
        {
          "lag": 4,
          "autocorrelation": 0.8082976993326094
        },
        {
          "lag": 8,
          "autocorrelation": 0.6440762205505568
        }
      ],
      "residual_vs_forecast_abs_correlation": 0.047228255641324685,
      "residual_vs_volatility_correlation": null
    }
  }
}