{
  "could_have_been_profitable": {
    "loser_was_positive_rate": 0.9851851851851852,
    "avg_mfe_r_of_losers": 1.270817473644436,
    "median_mfe_r_of_losers": 1.0472300847063385,
    "avg_mfe_r_before_loss": 1.270817473644436,
    "median_mfe_r_before_loss": 1.0472300847063385,
    "loser_reached_0_5r_rate": 0.725925925925926,
    "loser_reached_1r_rate": 0.5111111111111111,
    "loser_reached_1_5r_rate": 0.32592592592592595,
    "loser_reached_2r_rate": 0.2074074074074074
  },
  "capture_giveback": {
    "avg_capture_ratio": -12.938853661849253,
    "median_capture_ratio": 0.15528755275570963,
    "avg_giveback_r": 2.8280132973283503,
    "median_giveback_r": 1.99182162114437,
    "avg_giveback_r_winners": 1.9323616571051663,
    "avg_giveback_r_losers": 3.9757742881328753,
    "median_giveback_r_winners": 1.5160100759653325,
    "median_giveback_r_losers": 3.188666912085973
  },
  "mae_before_win": {
    "winner_had_negative_mae_rate": 0.9942196531791907,
    "winner_had_mae_below_minus_0_25r_rate": 0.8323699421965318,
    "winner_had_mae_below_minus_0_5r_rate": 0.6994219653179191,
    "winner_had_mae_below_minus_1r_rate": 0.5433526011560693,
    "avg_mae_r_of_winners": -1.2916586618934613,
    "median_mae_r_of_winners": -1.0527672236492995,
    "p90_abs_mae_r_of_winners": 2.740740909156953,
    "avg_mae_r": -2.8228250431139394,
    "median_mae_r": -1.8930890832763974,
    "q10_mae_r": -6.250009981020424,
    "q25_mae_r": -3.6592010026931816,
    "q75_mae_r": -0.9676151635853862,
    "q90_mae_r": -0.27391069365452114
  },
  "conditional_probabilities": {
    "prob_final_win": 0.5616883116883117,
    "prob_final_loss": 0.4383116883116883,
    "prob_final_win_given_mae_gt_minus_0_5r": 1.0,
    "prob_final_win_given_mae_gt_minus_1r": 0.9875,
    "prob_mfe_ge_0_5r": 0.8766233766233766,
    "prob_final_loss_given_mfe_ge_0_5r": 0.362962962962963,
    "prob_mfe_ge_1r": 0.7792207792207793,
    "prob_final_loss_given_mfe_ge_1r": 0.2875,
    "prob_mfe_ge_1_5r": 0.672077922077922,
    "prob_final_loss_given_mfe_ge_1_5r": 0.21256038647342995,
    "prob_mfe_ge_2r": 0.564935064935065,
    "prob_final_loss_given_mfe_ge_2r": 0.16091954022988506,
    "prob_stop_loss_given_mfe_ge_0_5r": 0.0,
    "prob_stop_loss_given_mfe_ge_1r": 0.0
  },
  "exit_reason_quality": {
    "position_exit": {
      "trade_count": 302,
      "avg_r": 0.36157809850359607,
      "median_r": 0.24609821547176408,
      "win_rate": 0.5562913907284768,
      "avg_mfe_r": 3.1997383643751363,
      "avg_mae_r": -2.829000371816,
      "avg_giveback_r": 2.83816026587154,
      "avg_bars_held": 24.096026490066226,
      "profit_factor": 1.3028401168545762,
      "stop_after_positive_rate": 0.9933774834437086,
      "stop_after_0_5r_rate": 0.8741721854304636,
      "stop_after_1r_rate": 0.7781456953642384
    },
    "reversal": {
      "trade_count": 6,
      "avg_r": 1.0401658977159618,
      "median_r": 2.039344758107369,
      "win_rate": 0.8333333333333334,
      "avg_mfe_r": 3.357448445037092,
      "avg_mae_r": -2.5120001651102206,
      "avg_giveback_r": 2.3172825473211307,
      "avg_bars_held": 24.0,
      "profit_factor": 2.3584702034763696,
      "stop_after_positive_rate": 1.0,
      "stop_after_0_5r_rate": 1.0,
      "stop_after_1r_rate": 0.8333333333333334
    }
  },
  "timing": {
    "avg_time_to_mfe": 11.532467532467532,
    "median_time_to_mfe": 11.0,
    "avg_time_to_mae": 9.233766233766234,
    "median_time_to_mae": 8.0,
    "prob_mfe_ge_0_5r_within_1_bar": 0.06818181818181818,
    "prob_mfe_ge_0_5r_within_2_bars": 0.10714285714285714,
    "prob_mfe_ge_1r_within_4_bars": 0.10714285714285714,
    "avg_r_by_bars_held_bucket": {
      "1": null,
      "2": null,
      "3-4": null,
      "5-8": null,
      "9-16": null,
      "17+": 0.3747973413453953
    },
    "win_rate_by_bars_held_bucket": {
      "1": null,
      "2": null,
      "3-4": null,
      "5-8": null,
      "9-16": null,
      "17+": 0.5616883116883117
    }
  },
  "warnings": [],
  "trade_ledger_construction": {
    "ledger_source": "position_transitions",
    "trade_count": 308,
    "position_transition_count": 616,
    "fallback_price_risk_distance_count": 0,
    "end_of_data_exit_count": 0,
    "skipped_missing_price_count": 0,
    "warnings": []
  },
  "path_construction": {
    "trade_count": 308,
    "path_trade_count": 308,
    "skipped_trade_paths_missing_risk": 0,
    "skipped_trade_paths_missing_asset_frame": 0,
    "skipped_trade_paths_missing_timestamps": 0,
    "truncated": false,
    "warnings": []
  },
  "counterfactual": {
    "counterfactual.baseline.trade_count": 308,
    "counterfactual.baseline.avg_r": 0.3747973413453953,
    "counterfactual.baseline.median_r": 0.31042352768782744,
    "counterfactual.baseline.win_rate": 0.5616883116883117,
    "counterfactual.baseline.profit_factor": 1.3161208301026899,
    "counterfactual.breakeven_after_0_5r.trade_count": 308,
    "counterfactual.breakeven_after_0_5r.avg_r": -0.10786478111963561,
    "counterfactual.breakeven_after_0_5r.median_r": 0.0,
    "counterfactual.breakeven_after_0_5r.win_rate": 0.00974025974025974,
    "counterfactual.breakeven_after_0_5r.profit_factor": 0.21901662446643946,
    "counterfactual.breakeven_after_1_0r.trade_count": 308,
    "counterfactual.breakeven_after_1_0r.avg_r": -0.011778152227978029,
    "counterfactual.breakeven_after_1_0r.median_r": 0.0,
    "counterfactual.breakeven_after_1_0r.win_rate": 0.1331168831168831,
    "counterfactual.breakeven_after_1_0r.profit_factor": 0.9759623258141333,
    "counterfactual.exit_at_first_0_5r.trade_count": 308,
    "counterfactual.exit_at_first_0_5r.avg_r": 0.34402880183925555,
    "counterfactual.exit_at_first_0_5r.median_r": 0.5,
    "counterfactual.exit_at_first_0_5r.win_rate": 0.9642857142857143,
    "counterfactual.exit_at_first_0_5r.profit_factor": 3.490903630937585,
    "counterfactual.exit_at_first_1_0r.trade_count": 308,
    "counterfactual.exit_at_first_1_0r.avg_r": 0.36601824317015985,
    "counterfactual.exit_at_first_1_0r.median_r": 1.0,
    "counterfactual.exit_at_first_1_0r.win_rate": 0.8603896103896104,
    "counterfactual.exit_at_first_1_0r.profit_factor": 1.7469955477827963,
    "counterfactual.partial_50pct_at_1r.trade_count": 308,
    "counterfactual.partial_50pct_at_1r.avg_r": 0.3704077922577776,
    "counterfactual.partial_50pct_at_1r.median_r": 0.6398643209477686,
    "counterfactual.partial_50pct_at_1r.win_rate": 0.698051948051948,
    "counterfactual.partial_50pct_at_1r.profit_factor": 1.5105345139321777,
    "counterfactual.time_exit_after_4_bars_if_mfe_lt_0_3r.trade_count": 308,
    "counterfactual.time_exit_after_4_bars_if_mfe_lt_0_3r.avg_r": 0.33437596552528287,
    "counterfactual.time_exit_after_4_bars_if_mfe_lt_0_3r.median_r": 0.21447008893416786,
    "counterfactual.time_exit_after_4_bars_if_mfe_lt_0_3r.win_rate": 0.5454545454545454,
    "counterfactual.time_exit_after_4_bars_if_mfe_lt_0_3r.profit_factor": 1.2793360960130495,
    "counterfactual.trail_0_5r_after_1_0r.trade_count": 308,
    "counterfactual.trail_0_5r_after_1_0r.avg_r": 0.5448522177653806,
    "counterfactual.trail_0_5r_after_1_0r.median_r": 0.8216052428993872,
    "counterfactual.trail_0_5r_after_1_0r.win_rate": 0.8603896103896104,
    "counterfactual.trail_0_5r_after_1_0r.profit_factor": 2.1119723906251004,
    "counterfactual.best_policy_by_avg_r": "trail_0_5r_after_1_0r",
    "counterfactual.best_policy_by_profit_factor": "exit_at_first_0_5r"
  }
}