asset,evaluation_rows,correlation,spearman_rank_correlation,calibration_slope,calibration_intercept,directional_accuracy,mean_prediction,mean_realized,monotonicity,monotonic_increasing_steps,quantile_count
ETHUSD,43800,0.049069398346927286,0.05552939268910876,0.12589181836422758,0.006309236497187561,0.5244748858447489,-0.01983232368966589,0.0038125092055075753,0.7939393939393938,6,10
