lag,autocorrelation,asset
1,0.9357818880776009,ETHUSD
2,0.8919275210593745,ETHUSD
4,0.814073200859538,ETHUSD
8,0.6868224399399981,ETHUSD
16,0.4945104661257896,ETHUSD
