{
  "prediction_distribution": {
    "rows": 43800,
    "mean": -0.01983232368966589,
    "std": 0.9739772693519482,
    "min": -4.544776916503906,
    "max": 4.281687259674072,
    "median": -0.005814244505017996,
    "q01": -2.5239281034469605,
    "q05": -1.6831091523170472,
    "q25": -0.6163268387317657,
    "q75": 0.6039113104343414,
    "q95": 1.5647593021392816,
    "q99": 2.263441174030308,
    "skew": -0.14898889406433033,
    "kurtosis": 0.470120864872972,
    "positive_rate": 0.49710045662100455,
    "negative_rate": 0.5028995433789955,
    "zero_rate": 0.0
  },
  "expected_net_return_distribution": {
    "rows": 0,
    "mean": null,
    "std": null,
    "min": null,
    "max": null,
    "median": null,
    "q01": null,
    "q05": null,
    "q25": null,
    "q75": null,
    "q95": null,
    "q99": null,
    "skew": null,
    "kurtosis": null,
    "positive_rate": null,
    "negative_rate": null,
    "zero_rate": null
  },
  "prediction_vs_realized": {
    "evaluation_rows": 43800,
    "correlation": 0.049069398346927286,
    "spearman_rank_correlation": 0.05552939268910876,
    "calibration_slope": 0.12589181836422758,
    "calibration_intercept": 0.006309236497187561,
    "directional_accuracy": 0.5244748858447489,
    "mean_prediction": -0.01983232368966589,
    "mean_realized": 0.0038125092055075753
  },
  "quantile_monotonicity": {
    "monotonicity": 0.7939393939393938,
    "monotonic_increasing_steps": 6,
    "quantile_count": 10
  },
  "residuals": {
    "ETHUSD": {
      "rows": 43800,
      "distribution": {
        "rows": 43800,
        "mean": 0.023644832895173485,
        "std": 2.6370250366727643,
        "min": -6.835683822631836,
        "max": 8.257969856262207,
        "median": -0.010010648291059354,
        "q01": -5.221859975624677,
        "q05": -4.295904812562677,
        "q25": -1.9211979441445062,
        "q75": 1.9763923990508667,
        "q95": 4.275228509109327,
        "q99": 5.67340284585953,
        "skew": 0.0416129945294808,
        "kurtosis": -0.6885541948324381,
        "positive_rate": 0.49812785388127856,
        "negative_rate": 0.5018721461187214,
        "zero_rate": 0.0
      },
      "autocorrelation": [
        {
          "lag": 1,
          "autocorrelation": 0.9455180241285003
        },
        {
          "lag": 2,
          "autocorrelation": 0.8972330881919088
        },
        {
          "lag": 4,
          "autocorrelation": 0.8068203657589098
        },
        {
          "lag": 8,
          "autocorrelation": 0.642102400254708
        }
      ],
      "residual_vs_forecast_abs_correlation": 0.04274385012076274,
      "residual_vs_volatility_correlation": -0.00048725375468177274
    }
  },
  "turnover_cost": {
    "rows": 73965,
    "total_turnover": 634.0,
    "avg_turnover": 0.008571621712972351,
    "rebalance_frequency": 0.00840938281619685,
    "churn_frequency": 0.00840938281619685,
    "total_cost": 0.06340000000000001,
    "gross_pnl": 1.7227469002239428,
    "net_pnl": 1.659346900223943,
    "cost_to_abs_gross_pnl": 0.002517414451469735,
    "turnover_vs_net_pnl_correlation": 0.008206822466665955
  },
  "residual_diagnostics": {
    "ETHUSD": {
      "rows": 43800,
      "distribution": {
        "rows": 43800,
        "mean": 0.023644832895173485,
        "std": 2.6370250366727643,
        "min": -6.835683822631836,
        "max": 8.257969856262207,
        "median": -0.010010648291059354,
        "q01": -5.221859975624677,
        "q05": -4.295904812562677,
        "q25": -1.9211979441445062,
        "q75": 1.9763923990508667,
        "q95": 4.275228509109327,
        "q99": 5.67340284585953,
        "skew": 0.0416129945294808,
        "kurtosis": -0.6885541948324381,
        "positive_rate": 0.49812785388127856,
        "negative_rate": 0.5018721461187214,
        "zero_rate": 0.0
      },
      "autocorrelation": [
        {
          "lag": 1,
          "autocorrelation": 0.9455180241285003
        },
        {
          "lag": 2,
          "autocorrelation": 0.8972330881919088
        },
        {
          "lag": 4,
          "autocorrelation": 0.8068203657589098
        },
        {
          "lag": 8,
          "autocorrelation": 0.642102400254708
        }
      ],
      "residual_vs_forecast_abs_correlation": 0.04274385012076274,
      "residual_vs_volatility_correlation": -0.00048725375468177274
    }
  }
}