{
  "could_have_been_profitable": {
    "loser_was_positive_rate": 0.9772727272727273,
    "avg_mfe_r_of_losers": 1.4525765078419164,
    "median_mfe_r_of_losers": 1.0829049355255607,
    "avg_mfe_r_before_loss": 1.4525765078419164,
    "median_mfe_r_before_loss": 1.0829049355255607,
    "loser_reached_0_5r_rate": 0.7651515151515151,
    "loser_reached_1r_rate": 0.553030303030303,
    "loser_reached_1_5r_rate": 0.3560606060606061,
    "loser_reached_2r_rate": 0.24242424242424243
  },
  "capture_giveback": {
    "avg_capture_ratio": -5.482672017970169,
    "median_capture_ratio": 0.2439830941983781,
    "avg_giveback_r": 2.915299591234122,
    "median_giveback_r": 2.050177697192682,
    "avg_giveback_r_winners": 1.8759134958311852,
    "avg_giveback_r_losers": 4.253902895919723,
    "median_giveback_r_winners": 1.4978527186257353,
    "median_giveback_r_losers": 3.2469975616431856
  },
  "mae_before_win": {
    "winner_had_negative_mae_rate": 0.9764705882352941,
    "winner_had_mae_below_minus_0_25r_rate": 0.8235294117647058,
    "winner_had_mae_below_minus_0_5r_rate": 0.7,
    "winner_had_mae_below_minus_1r_rate": 0.5058823529411764,
    "avg_mae_r_of_winners": -1.2495521343032163,
    "median_mae_r_of_winners": -1.008596019425184,
    "p90_abs_mae_r_of_winners": 2.6105234859293294,
    "avg_mae_r": -2.806317301305035,
    "median_mae_r": -2.017771794453177,
    "q10_mae_r": -6.204807796275131,
    "q25_mae_r": -3.3263779715043866,
    "q75_mae_r": -0.8811407617710689,
    "q90_mae_r": -0.26469351983986567
  },
  "conditional_probabilities": {
    "prob_final_win": 0.5629139072847682,
    "prob_final_loss": 0.4370860927152318,
    "prob_final_win_given_mae_gt_minus_0_5r": 1.0,
    "prob_final_win_given_mae_gt_minus_1r": 0.9767441860465116,
    "prob_mfe_ge_0_5r": 0.8940397350993378,
    "prob_final_loss_given_mfe_ge_0_5r": 0.37407407407407406,
    "prob_mfe_ge_1r": 0.7880794701986755,
    "prob_final_loss_given_mfe_ge_1r": 0.3067226890756303,
    "prob_mfe_ge_1_5r": 0.6754966887417219,
    "prob_final_loss_given_mfe_ge_1_5r": 0.23039215686274508,
    "prob_mfe_ge_2r": 0.5860927152317881,
    "prob_final_loss_given_mfe_ge_2r": 0.1807909604519774,
    "prob_stop_loss_given_mfe_ge_0_5r": 0.0,
    "prob_stop_loss_given_mfe_ge_1r": 0.0
  },
  "exit_reason_quality": {
    "position_exit": {
      "trade_count": 301,
      "avg_r": 0.5310666682851369,
      "median_r": 0.41749506164977757,
      "win_rate": 0.5614617940199336,
      "avg_mfe_r": 3.447572147013646,
      "avg_mae_r": -2.8030494084222517,
      "avg_giveback_r": 2.9165054787285083,
      "avg_bars_held": 24.166112956810633,
      "profit_factor": 1.4322926946811372,
      "stop_after_positive_rate": 0.9900332225913622,
      "stop_after_0_5r_rate": 0.893687707641196,
      "stop_after_1r_rate": 0.7873754152823921
    },
    "reversal": {
      "trade_count": 1,
      "avg_r": 0.5954139873923537,
      "median_r": 0.5954139873923537,
      "win_rate": 1.0,
      "avg_mfe_r": 3.1477414428161588,
      "avg_mae_r": -3.7899530590229387,
      "avg_giveback_r": 2.552327455423805,
      "avg_bars_held": 24.0,
      "profit_factor": Infinity,
      "stop_after_positive_rate": 1.0,
      "stop_after_0_5r_rate": 1.0,
      "stop_after_1r_rate": 1.0
    }
  },
  "timing": {
    "avg_time_to_mfe": 11.745033112582782,
    "median_time_to_mfe": 12.0,
    "avg_time_to_mae": 10.062913907284768,
    "median_time_to_mae": 8.0,
    "prob_mfe_ge_0_5r_within_1_bar": 0.06622516556291391,
    "prob_mfe_ge_0_5r_within_2_bars": 0.11258278145695365,
    "prob_mfe_ge_1r_within_4_bars": 0.1456953642384106,
    "avg_r_by_bars_held_bucket": {
      "1": null,
      "2": null,
      "3-4": null,
      "5-8": null,
      "9-16": null,
      "17+": 0.5312797388782071
    },
    "win_rate_by_bars_held_bucket": {
      "1": null,
      "2": null,
      "3-4": null,
      "5-8": null,
      "9-16": null,
      "17+": 0.5629139072847682
    }
  },
  "warnings": [],
  "trade_ledger_construction": {
    "ledger_source": "position_transitions",
    "trade_count": 302,
    "position_transition_count": 604,
    "fallback_price_risk_distance_count": 0,
    "end_of_data_exit_count": 0,
    "skipped_missing_price_count": 0,
    "warnings": []
  },
  "path_construction": {
    "trade_count": 302,
    "path_trade_count": 302,
    "skipped_trade_paths_missing_risk": 0,
    "skipped_trade_paths_missing_asset_frame": 0,
    "skipped_trade_paths_missing_timestamps": 0,
    "truncated": false,
    "warnings": []
  },
  "counterfactual": {
    "counterfactual.baseline.trade_count": 302,
    "counterfactual.baseline.avg_r": 0.5312797388782071,
    "counterfactual.baseline.median_r": 0.43985579547307024,
    "counterfactual.baseline.win_rate": 0.5629139072847682,
    "counterfactual.baseline.profit_factor": 1.433902900491105,
    "counterfactual.breakeven_after_0_5r.trade_count": 302,
    "counterfactual.breakeven_after_0_5r.avg_r": -0.1054294330025233,
    "counterfactual.breakeven_after_0_5r.median_r": 0.0,
    "counterfactual.breakeven_after_0_5r.win_rate": 0.023178807947019868,
    "counterfactual.breakeven_after_0_5r.profit_factor": 0.32510296359617835,
    "counterfactual.breakeven_after_1_0r.trade_count": 302,
    "counterfactual.breakeven_after_1_0r.avg_r": 0.06821678661328635,
    "counterfactual.breakeven_after_1_0r.median_r": 0.0,
    "counterfactual.breakeven_after_1_0r.win_rate": 0.1423841059602649,
    "counterfactual.breakeven_after_1_0r.profit_factor": 1.1688605558663385,
    "counterfactual.exit_at_first_0_5r.trade_count": 302,
    "counterfactual.exit_at_first_0_5r.avg_r": 0.32163223851617156,
    "counterfactual.exit_at_first_0_5r.median_r": 0.5,
    "counterfactual.exit_at_first_0_5r.win_rate": 0.956953642384106,
    "counterfactual.exit_at_first_0_5r.profit_factor": 3.0588998575122375,
    "counterfactual.exit_at_first_1_0r.trade_count": 302,
    "counterfactual.exit_at_first_1_0r.avg_r": 0.4682987579741108,
    "counterfactual.exit_at_first_1_0r.median_r": 1.0,
    "counterfactual.exit_at_first_1_0r.win_rate": 0.8807947019867549,
    "counterfactual.exit_at_first_1_0r.profit_factor": 2.1592042444230684,
    "counterfactual.partial_50pct_at_1r.trade_count": 302,
    "counterfactual.partial_50pct_at_1r.avg_r": 0.4997892484261589,
    "counterfactual.partial_50pct_at_1r.median_r": 0.6986649581369433,
    "counterfactual.partial_50pct_at_1r.win_rate": 0.6754966887417219,
    "counterfactual.partial_50pct_at_1r.profit_factor": 1.729721434731494,
    "counterfactual.time_exit_after_4_bars_if_mfe_lt_0_3r.trade_count": 302,
    "counterfactual.time_exit_after_4_bars_if_mfe_lt_0_3r.avg_r": 0.5195322368723013,
    "counterfactual.time_exit_after_4_bars_if_mfe_lt_0_3r.median_r": 0.3325104447699295,
    "counterfactual.time_exit_after_4_bars_if_mfe_lt_0_3r.win_rate": 0.5496688741721855,
    "counterfactual.time_exit_after_4_bars_if_mfe_lt_0_3r.profit_factor": 1.4256305264249765,
    "counterfactual.trail_0_5r_after_1_0r.trade_count": 302,
    "counterfactual.trail_0_5r_after_1_0r.avg_r": 0.6854407587341944,
    "counterfactual.trail_0_5r_after_1_0r.median_r": 0.8440279790148683,
    "counterfactual.trail_0_5r_after_1_0r.win_rate": 0.8807947019867549,
    "counterfactual.trail_0_5r_after_1_0r.profit_factor": 2.6967071197510473,
    "counterfactual.best_policy_by_avg_r": "trail_0_5r_after_1_0r",
    "counterfactual.best_policy_by_profit_factor": "exit_at_first_0_5r"
  }
}