trade_id,asset,side,signal_timestamp,entry_timestamp,exit_timestamp,entry_price,exit_price,raw_entry_price,raw_exit_price,bars_held,position_size,gross_return,net_return,entry_cost,exit_cost,holding_cost,total_cost,entry_turnover,exit_turnover,holding_turnover,total_turnover,trade_r,gross_trade_r,total_cost_r,max_favorable_r,max_adverse_r,time_to_mfe,time_to_mae,exit_reason,risk_distance,risk_distance_source,cost_return,gross_r_multiple,net_r_multiple,mfe_r_multiple,mae_r_multiple,cost_component_reconciliation,gross_pnl_currency,net_pnl_currency,cost_currency,return_unit,r_multiple_unit,currency_pnl_available
0,ETHUSD,short,2022-03-16 01:00:00,2022-03-16 01:00:00,2022-03-16 13:00:00,2626.2,2674.9,2626.2,2674.9,24,1.0,-0.019132872235749332,-0.01932914609681824,0.0001,9.627386106890742e-05,0.0,0.00019627386106890743,1.0,1.0,0.0,2.0,-2.7598664323378546,-2.730418282467562,0.029448149870292695,1.040025855026124,-5.987857752926786,6,2,position_exit,17.836095045477283,atr_48,0.00019627386106890743,-2.730418282467562,-2.7598664323378546,1.040025855026124,-5.987857752926786,0.0,,,,fractional_return,R,False
1,ETHUSD,long,2022-03-17 10:30:00,2022-03-17 10:30:00,2022-03-17 22:30:00,2773.0,2821.3,2773.0,2821.3,24,1.0,0.017417958889289542,0.017214665763794157,0.0001,0.00010329312549538514,0.0,0.00020329312549538514,1.0,1.0,0.0,2.0,2.4201088416126266,2.4482202903293273,0.028111448716700613,3.2364154355595596,-0.3649520929683363,7,2,position_exit,19.72861682046717,atr_48,0.00020329312549538514,2.4482202903293273,2.4201088416126266,3.2364154355595596,-0.3649520929683363,0.0,,,,fractional_return,R,False
2,ETHUSD,short,2022-03-24 05:30:00,2022-03-24 05:30:00,2022-03-24 17:30:00,3049.5,3099.45,3049.5,3099.45,24,1.0,-0.01677584747175176,-0.016971814464463608,0.0001,9.596699271184903e-05,0.0,0.00019596699271184903,1.0,1.0,0.0,2.0,-2.5205992372830166,-2.490193451772782,0.03040578551023474,2.260866327085002,-4.005746623622516,16,20,position_exit,20.058682575219265,atr_48,0.00019596699271184903,-2.490193451772782,-2.5205992372830166,2.260866327085002,-4.005746623622516,0.0,,,,fractional_return,R,False
3,ETHUSD,short,2022-03-25 17:00:00,2022-03-25 17:00:00,2022-03-26 06:00:00,3095.7,3129.05,3095.7,3129.05,24,1.0,-0.011019043688344499,-0.01121688377379415,0.0001,9.784008544965203e-05,0.0,0.00019784008544965204,1.0,1.0,0.0,2.0,-1.7120279000418657,-1.6808235494450618,0.031204350596803727,0.6173939574423323,-1.887461527038001,5,24,position_exit,19.841464031730844,atr_48,0.00019784008544965204,-1.6808235494450618,-1.7120279000418657,0.6173939574423323,-1.887461527038001,0.0,,,,fractional_return,R,False
4,ETHUSD,long,2022-03-28 13:30:00,2022-03-28 13:30:00,2022-03-29 01:30:00,3380.3,3390.8500000000004,3380.3,3390.8500000000004,24,1.0,0.003121024761115976,0.0029208542905958534,0.0001,0.00010017047052012237,0.0,0.00020017047052012238,1.0,1.0,0.0,2.0,0.5954139873923531,0.6361814601860369,0.04076747279368386,3.147741442816155,-3.7899530590229347,12,20,reversal,16.583318848862827,atr_48,0.00020017047052012238,0.6361814601860369,0.5954139873923531,3.147741442816155,-3.7899530590229347,0.0,,,,fractional_return,R,False
5,ETHUSD,short,2022-03-29 01:30:00,2022-03-29 01:30:00,2022-03-29 13:30:00,3390.8500000000004,3445.45,3390.8500000000004,3445.45,24,1.0,-0.016144767156005657,-0.016341152932975667,0.0001,9.638577697000947e-05,0.0,0.00019638577697000947,1.0,1.0,0.0,2.0,-2.7366606227671024,-2.703086408307,0.033574214460102135,1.081729634093581,-4.576929275604106,3,21,position_exit,20.199132307500516,atr_48,0.00019638577697000947,-2.703086408307,-2.7366606227671024,1.081729634093581,-4.576929275604106,0.0,,,,fractional_return,R,False
6,ETHUSD,short,2022-03-30 11:00:00,2022-03-30 11:00:00,2022-03-30 23:00:00,3413.3,3391.65,3413.3,3391.65,24,1.0,0.005836750693178461,0.005635550367325326,0.0001,0.00010120032585313474,0.0,0.00020120032585313474,1.0,1.0,0.0,2.0,0.9883816260852919,1.0205616069919488,0.03217998090665685,2.9768344333275465,-1.623942141379783,8,14,position_exit,21.213809976462194,atr_48,0.00020120032585313474,1.0205616069919488,0.9883816260852919,2.9768344333275465,-1.623942141379783,0.0,,,,fractional_return,R,False
7,ETHUSD,short,2022-04-02 13:30:00,2022-04-02 13:30:00,2022-04-03 01:30:00,3505.15,3441.1,3505.15,3441.1,24,1.0,0.018075744278278183,0.017871496748207205,0.0001,0.00010424753007097784,0.0,0.00020424753007097785,1.0,1.0,0.0,2.0,2.8104884079566173,2.8415897295507935,0.031101321594176223,4.0416678276670766,-0.26619107536775505,24,1,position_exit,22.540199710718053,atr_48,0.00020424753007097785,2.8415897295507935,2.8104884079566173,4.0416678276670766,-0.26619107536775505,0.0,,,,fractional_return,R,False
8,ETHUSD,short,2022-04-04 00:00:00,2022-04-04 00:00:00,2022-04-04 12:00:00,3490.7,3487.4,3490.7,3487.4,24,1.0,0.000739340999930338,0.0005389783281821714,0.0001,0.00010036267174816657,0.0,0.00020036267174816658,1.0,1.0,0.0,2.0,0.11943887454474944,0.15148712305722903,0.03204824851247958,1.8912937787752497,-0.9731900026707764,21,15,position_exit,21.78402978022791,atr_48,0.00020036267174816658,0.15148712305722903,0.11943887454474944,1.8912937787752497,-0.9731900026707764,0.0,,,,fractional_return,R,False
9,ETHUSD,short,2022-04-07 23:00:00,2022-04-07 23:00:00,2022-04-08 11:30:00,3239.4,3258.4,3239.4,3258.4,25,1.0,-0.006169492839799839,-0.006368042481788794,0.0001,9.85496419889543e-05,0.0,0.0001985496419889543,1.0,1.0,0.0,2.0,-0.7937662453097962,-0.7675921606242571,0.02617408468553914,0.9332304689694878,-2.9814895502142083,4,19,position_exit,24.752728043168048,atr_48,0.0001985496419889543,-0.7675921606242571,-0.7937662453097962,0.9332304689694878,-2.9814895502142083,0.0,,,,fractional_return,R,False
10,ETHUSD,short,2022-04-12 07:00:00,2022-04-12 07:00:00,2022-04-12 19:00:00,3019.8500000000004,2976.4,3019.8500000000004,2976.4,24,1.0,0.013828975150119716,0.013627083237497173,0.0001,0.00010189191262254269,0.0,0.0002018919126225427,1.0,1.0,0.0,2.0,1.971256657887063,1.9990440604460409,0.02778740255897786,2.1508701916191653,-3.0342222275354476,24,12,reversal,21.73538885896562,atr_48,0.0002018919126225427,1.9990440604460409,1.971256657887063,2.1508701916191653,-3.0342222275354476,0.0,,,,fractional_return,R,False
11,ETHUSD,long,2022-04-12 19:00:00,2022-04-12 19:00:00,2022-04-13 07:00:00,2976.4,3058.3,2976.4,3058.3,24,1.0,0.027516462841015388,0.027311275531514134,0.0001,0.00010518730950125352,0.0,0.00020518730950125352,1.0,1.0,0.0,2.0,3.6717907479310226,3.698674102260616,0.02688335432959337,4.242862416451594,-0.3928994467602971,21,3,position_exit,22.14307012070707,atr_48,0.00020518730950125352,3.698674102260616,3.6717907479310226,4.242862416451594,-0.3928994467602971,0.0,,,,fractional_return,R,False
12,ETHUSD,short,2022-04-14 01:30:00,2022-04-14 01:30:00,2022-04-14 13:30:00,3140.2,3047.1,3140.2,3047.1,24,1.0,0.030203035897709896,0.029998484809878656,0.0001,0.00010455108783123954,0.0,0.00020455108783123954,1.0,1.0,0.0,2.0,4.730865209002442,4.76299573360538,0.032130524602937985,4.929265724305868,-0.2148719879822118,24,1,position_exit,19.546521812549948,atr_48,0.00020455108783123954,4.76299573360538,4.730865209002442,4.929265724305868,-0.2148719879822118,0.0,,,,fractional_return,R,False
13,ETHUSD,short,2022-04-18 14:00:00,2022-04-18 14:00:00,2022-04-19 02:00:00,2935.4,3049.7,2935.4,3049.7,24,1.0,-0.03810434819319641,-0.03829660443697536,0.0001,9.225624377894323e-05,0.0,0.00019225624377894324,1.0,1.0,0.0,2.0,-7.5199942106159785,-7.481566580623394,0.03842762999258437,2.5920388153340896,-10.36160970877239,4,20,position_exit,15.277548995691193,atr_48,0.00019225624377894324,-7.481566580623394,-7.5199942106159785,2.5920388153340896,-10.36160970877239,0.0,,,,fractional_return,R,False
14,ETHUSD,long,2022-04-19 15:00:00,2022-04-19 15:00:00,2022-04-20 03:00:00,3119.7,3082.0,3119.7,3082.0,24,1.0,-0.012084495304035325,-0.012282257627656112,0.0001,9.776232362078705e-05,0.0,0.00019776232362078705,1.0,1.0,0.0,2.0,-2.274596826944229,-2.237564832211861,0.03703199473236804,0.4035925957305341,-3.080361135060884,2,18,position_exit,16.84867381595951,atr_48,0.00019776232362078705,-2.237564832211861,-2.274596826944229,0.4035925957305341,-3.080361135060884,0.0,,,,fractional_return,R,False
15,ETHUSD,long,2022-04-20 22:00:00,2022-04-20 22:00:00,2022-04-21 11:30:00,3089.9,3151.7,3089.9,3151.7,27,1.0,0.020000647270138616,0.019796953437166254,0.0001,0.00010369383297236254,0.0,0.00020369383297236254,1.0,1.0,0.0,2.0,3.5211746268300415,3.5567408846274864,0.03556625779744505,4.017160416618101,-1.274786579199021,27,16,position_exit,17.375457477688123,atr_48,0.00020369383297236254,3.5567408846274864,3.5211746268300415,4.017160416618101,-1.274786579199021,0.0,,,,fractional_return,R,False
16,ETHUSD,long,2022-04-25 00:30:00,2022-04-25 00:30:00,2022-04-25 12:30:00,2856.9,2860.05,2856.9,2860.05,24,1.0,0.0011025937204660607,0.0009020944670790065,0.0001,0.0001004992533870542,0.0,0.0002004992533870542,1.0,1.0,0.0,2.0,0.17209349111071948,0.21022659290580345,0.03813310179508397,1.5283139611246919,-3.9042081539648086,5,17,position_exit,14.9838322376823,atr_48,0.0002004992533870542,0.21022659290580345,0.17209349111071948,1.5283139611246919,-3.9042081539648086,0.0,,,,fractional_return,R,False
17,ETHUSD,long,2022-04-29 17:30:00,2022-04-29 17:30:00,2022-04-30 05:30:00,2823.05,2836.85,2823.05,2836.85,24,1.0,0.004888329997697616,0.004687617398381416,0.0001,0.00010071259931619955,0.0,0.00020071259931619956,1.0,1.0,0.0,2.0,0.6282907076753019,0.6550930320843719,0.026802324409069895,0.9043132073338661,-2.219246322459782,24,4,position_exit,21.065710248956478,atr_48,0.00020071259931619956,0.6550930320843719,0.6282907076753019,0.9043132073338661,-2.219246322459782,0.0,,,,fractional_return,R,False
18,ETHUSD,long,2022-05-02 12:30:00,2022-05-02 12:30:00,2022-05-03 00:30:00,2795.05,2836.8,2795.05,2836.8,24,1.0,0.014937120981735719,0.014733750193377304,0.0001,0.0001033707883584146,0.0,0.0002033707883584146,1.0,1.0,0.0,2.0,2.43452695979683,2.4675663433075448,0.03303938351071499,5.150860043574889,-0.9722506909558961,19,2,position_exit,16.91950456093431,atr_48,0.0002033707883584146,2.4675663433075448,2.43452695979683,5.150860043574889,-0.9722506909558961,0.0,,,,fractional_return,R,False
19,ETHUSD,long,2022-05-05 14:30:00,2022-05-05 14:30:00,2022-05-06 02:30:00,2830.2,2745.8,2830.2,2745.8,24,1.0,-0.029821214048477374,-0.030015609298813195,0.0001,9.43952503358215e-05,0.0,0.0001943952503358215,1.0,1.0,0.0,2.0,-5.157517032320647,-5.123157881994531,0.03435915032611608,0.0,-8.598285710717139,1,9,position_exit,16.474214135899576,atr_48,0.0001943952503358215,-5.123157881994531,-5.157517032320647,0.0,-8.598285710717139,0.0,,,,fractional_return,R,False
20,ETHUSD,short,2022-05-07 15:00:00,2022-05-07 15:00:00,2022-05-08 03:00:00,2694.95,2538.25,2694.95,2538.25,24,1.0,0.06077262078940171,0.06056093258362294,0.0001,0.00011168820577877056,0.0,0.00021168820577877057,1.0,1.0,0.0,2.0,8.967952252627336,8.99890515556158,0.030952902934244683,10.156071325852372,-0.2900093875914976,24,6,position_exit,17.413229419709435,atr_48,0.00021168820577877057,8.99890515556158,8.967952252627336,10.156071325852372,-0.2900093875914976,0.0,,,,fractional_return,R,False
21,ETHUSD,short,2022-05-08 22:00:00,2022-05-08 22:00:00,2022-05-09 10:00:00,2532.3,2420.5,2532.3,2420.5,24,1.0,0.04519292221625992,0.044984922622411494,0.0001,0.00010799959384842914,0.0,0.00020799959384842914,1.0,1.0,0.0,2.0,5.759571596509563,5.785781497198931,0.026209900689368213,6.21790381832246,-0.5537375851523024,24,1,position_exit,19.32323231600189,atr_48,0.00020799959384842914,5.785781497198931,5.759571596509563,6.21790381832246,-0.5537375851523024,0.0,,,,fractional_return,R,False
22,ETHUSD,long,2022-05-12 21:30:00,2022-05-12 21:30:00,2022-05-13 09:30:00,1908.9,2073.9,1908.9,2073.9,24,1.0,0.08643721515008651,0.08621969761904791,0.0001,0.00011751753103860238,0.0,0.00021751753103860239,1.0,1.0,0.0,2.0,2.9121867887790174,2.9189406868118115,0.006753898032794022,4.051135862302454,-0.2839333213535158,16,2,position_exit,56.52735622395255,atr_48,0.00021751753103860239,2.9189406868118115,2.9121867887790174,4.051135862302454,-0.2839333213535158,0.0,,,,fractional_return,R,False
23,ETHUSD,short,2022-05-13 23:30:00,2022-05-13 23:30:00,2022-05-14 11:30:00,2005.65,1981.8,2005.65,1981.8,24,1.0,0.011065712622663426,0.010863004675235377,0.0001,0.00010270794742804909,0.0,0.0002027079474280491,1.0,1.0,0.0,2.0,0.594549250110309,0.6047199551675995,0.010170705057290475,0.9774404306797039,-1.5377889006672854,24,4,position_exit,39.43974363040501,atr_48,0.0002027079474280491,0.6047199551675995,0.594549250110309,0.9774404306797039,-1.5377889006672854,0.0,,,,fractional_return,R,False
24,ETHUSD,long,2022-05-18 20:00:00,2022-05-18 20:00:00,2022-05-19 08:00:00,1953.3,1949.7,1953.3,1949.7,24,1.0,-0.0018430348640759986,-0.002042702346797598,0.0001,9.96674827215994e-05,0.0,0.0001996674827215994,1.0,1.0,0.0,2.0,-0.2056784211888051,-0.18554382389872767,0.02013459729007744,0.9483350999268589,-2.7058474318565136,2,12,position_exit,19.402424313324694,atr_48,0.0001996674827215994,-0.18554382389872767,-0.2056784211888051,0.9483350999268589,-2.7058474318565136,0.0,,,,fractional_return,R,False
25,ETHUSD,long,2022-05-20 15:00:00,2022-05-20 15:00:00,2022-05-21 03:00:00,1965.5,1949.1,1965.5,1949.1,24,1.0,-0.008343932841516244,-0.00854268146781989,0.0001,9.874862630364642e-05,0.0,0.00019874862630364643,1.0,1.0,0.0,2.0,-0.9111901142038729,-0.8898605899413162,0.021329524262556677,0.5751537959376719,-2.4091347678898964,16,6,position_exit,18.429853153831235,atr_48,0.00019874862630364643,-0.8898605899413162,-0.9111901142038729,0.5751537959376719,-2.4091347678898964,0.0,,,,fractional_return,R,False
26,ETHUSD,long,2022-05-23 22:00:00,2022-05-23 22:00:00,2022-05-24 10:00:00,1968.2,1970.1,1968.2,1970.1,24,1.0,0.00096534904989376,0.0007651405883544182,0.0001,0.00010020846153934179,0.0,0.0002002084615393418,1.0,1.0,0.0,2.0,0.10397082604831961,0.13114034460010288,0.027169518551783265,1.6012926288013742,-1.2147737184010496,13,22,position_exit,14.488295007868793,atr_48,0.0002002084615393418,0.13114034460010288,0.10397082604831961,1.6012926288013742,-1.2147737184010496,0.0,,,,fractional_return,R,False
27,ETHUSD,long,2022-05-26 03:00:00,2022-05-26 03:00:00,2022-05-26 15:00:00,1935.9,1850.1,1935.9,1850.1,24,1.0,-0.04432047109871384,-0.04451170591352849,0.0001,9.123481481464477e-05,0.0,0.00019123481481464477,1.0,1.0,0.0,2.0,-6.262363542449795,-6.23423102997676,0.02813251247303493,0.9155164449616136,-14.444815020505576,2,20,position_exit,13.762723836739177,atr_48,0.00019123481481464477,-6.23423102997676,-6.262363542449795,0.9155164449616136,-14.444815020505576,0.0,,,,fractional_return,R,False
28,ETHUSD,short,2022-05-28 05:30:00,2022-05-28 05:30:00,2022-05-28 17:30:00,1769.4,1774.65,1769.4,1774.65,24,1.0,-0.003444874244305729,-0.0036443386711145775,0.0001,9.946442680884857e-05,0.0,0.00019946442680884857,1.0,1.0,0.0,2.0,-0.26453517896924894,-0.24783001948445663,0.01670515948479229,1.0503272254341258,-1.7985378556871952,6,20,position_exit,21.183874378580956,atr_48,0.00019946442680884857,-0.24783001948445663,-0.26453517896924894,1.0503272254341258,-1.7985378556871952,0.0,,,,fractional_return,R,False
29,ETHUSD,long,2022-05-31 06:00:00,2022-05-31 06:00:00,2022-05-31 18:00:00,1968.8,1960.0,1968.8,1960.0,24,1.0,-0.004469727752946406,-0.00466913873323882,0.0001,9.941098029241377e-05,0.0,0.00019941098029241378,1.0,1.0,0.0,2.0,-0.6061284581321803,-0.5801685525359793,0.025959905596200955,1.9580688648089433,-2.6503154331757406,20,16,position_exit,15.168005851979059,atr_48,0.00019941098029241378,-0.5801685525359793,-0.6061284581321803,1.9580688648089433,-2.6503154331757406,0.0,,,,fractional_return,R,False
30,ETHUSD,short,2022-06-01 14:00:00,2022-06-01 14:00:00,2022-06-02 02:00:00,1921.0,1827.6,1921.0,1827.6,24,1.0,0.04935009608009522,0.049140003004343846,0.0001,0.00011009307575137192,0.0,0.00021009307575137193,1.0,1.0,0.0,2.0,6.110072914451215,6.135310454887701,0.025237540436486645,10.424772689407668,-0.3153050340841612,13,1,position_exit,15.223353518417783,atr_48,0.00021009307575137193,6.135310454887701,6.110072914451215,10.424772689407668,-0.3153050340841612,0.0,,,,fractional_return,R,False
31,ETHUSD,long,2022-06-07 05:30:00,2022-06-07 05:30:00,2022-06-07 17:30:00,1752.9,1781.55,1752.9,1781.55,24,1.0,0.016344343659078886,0.016141067841006995,0.0001,0.00010327581807189076,0.0,0.00020327581807189077,1.0,1.0,0.0,2.0,1.9622606078339069,1.9865695627133502,0.02430895487944327,2.7597022197553636,-1.220370830846595,18,13,position_exit,14.42184584811032,atr_48,0.00020327581807189077,1.9865695627133502,1.9622606078339069,2.7597022197553636,-1.220370830846595,0.0,,,,fractional_return,R,False
32,ETHUSD,long,2022-06-11 08:30:00,2022-06-11 08:30:00,2022-06-11 20:30:00,1577.5,1521.65,1577.5,1521.65,24,1.0,-0.03540412044373964,-0.035598031458319745,0.0001,9.391101458010595e-05,0.0,0.00019391101458010596,1.0,1.0,0.0,2.0,-4.049531561909051,-4.026784017459481,0.02274754444956971,2.5126843869017508,-5.584143637461728,2,14,position_exit,13.869628904317537,atr_48,0.00019391101458010596,-4.026784017459481,-4.049531561909051,2.5126843869017508,-5.584143637461728,0.0,,,,fractional_return,R,False
33,ETHUSD,short,2022-06-15 01:30:00,2022-06-15 01:30:00,2022-06-15 13:30:00,1219.25,1137.95,1219.25,1137.95,24,1.0,0.06235429854855301,0.06214066964394371,0.0001,0.00011362890460929762,0.0,0.00021362890460929762,1.0,1.0,0.0,2.0,2.8079399897219393,2.8163874198860133,0.00844743016407386,7.14143009359781,-0.03810610285208315,15,1,position_exit,28.866767201825656,atr_48,0.00021362890460929762,2.8163874198860133,2.8079399897219393,7.14143009359781,-0.03810610285208315,0.0,,,,fractional_return,R,False
34,ETHUSD,long,2022-06-18 20:00:00,2022-06-18 20:00:00,2022-06-19 08:00:00,900.1500000000001,960.45,900.1500000000001,960.45,24,1.0,0.06698883519413346,0.06677614791034725,0.0001,0.00011268728378620593,0.0,0.00021268728378620594,1.0,1.0,0.0,2.0,3.4813013619543023,3.49172616230255,0.010424800348247573,6.404393259546634,-0.7875203284795222,5,1,position_exit,17.269395478663856,atr_48,0.00021268728378620594,3.49172616230255,3.4813013619543023,6.404393259546634,-0.7875203284795222,0.0,,,,fractional_return,R,False
35,ETHUSD,long,2022-06-19 20:00:00,2022-06-19 20:00:00,2022-06-20 08:00:00,1124.1,1114.45,1124.1,1114.45,24,1.0,-0.008584645494173149,-0.00877969861889527,0.0001,9.50531247221221e-05,0.0,0.0001950531247221221,1.0,1.0,0.0,2.0,-0.4598669237518377,-0.44939713475336585,0.010469788998471827,1.5251560790852787,-3.3739712344955164,1,13,position_exit,21.47321211848823,atr_48,0.0001950531247221221,-0.44939713475336585,-0.4598669237518377,1.5251560790852787,-3.3739712344955164,0.0,,,,fractional_return,R,False
36,ETHUSD,long,2022-06-20 20:00:00,2022-06-20 20:00:00,2022-06-21 08:00:00,1116.85,1156.05,1116.85,1156.05,24,1.0,0.03509871513632157,0.03489247569011056,0.0001,0.00010623944621100953,0.0,0.00020623944621100954,1.0,1.0,0.0,2.0,1.8684161002645525,1.8791237500617795,0.010707649797227018,2.3680794197207136,-1.3038817857571428,24,4,position_exit,20.860786842117918,atr_48,0.00020623944621100954,1.8791237500617795,1.8684161002645525,2.3680794197207136,-1.3038817857571428,0.0,,,,fractional_return,R,False
37,ETHUSD,long,2022-06-25 15:30:00,2022-06-25 15:30:00,2022-06-26 03:30:00,1183.05,1232.6,1183.05,1232.6,24,1.0,0.04188326782469032,0.04167480439330551,0.0001,0.00010846343138480882,0.0,0.00020846343138480883,1.0,1.0,0.0,2.0,3.7243813565958153,3.7422512672384243,0.01786991064260917,5.44533433638529,-0.27566533048273967,12,1,position_exit,13.240692957681896,atr_48,0.00020846343138480883,3.7422512672384243,3.7243813565958153,5.44533433638529,-0.27566533048273967,0.0,,,,fractional_return,R,False
38,ETHUSD,long,2022-06-26 23:30:00,2022-06-26 23:30:00,2022-06-27 11:30:00,1197.15,1219.25,1197.15,1219.25,24,1.0,0.01846051037881602,0.018256335673474178,0.0001,0.0001041747053418419,0.0,0.0002041747053418419,1.0,1.0,0.0,2.0,1.797281390278614,1.8169662879402217,0.019684897661607654,3.313291466243944,-0.15620977136138464,21,1,position_exit,12.163131559833872,atr_48,0.0002041747053418419,1.8169662879402217,1.797281390278614,3.313291466243944,-0.15620977136138464,0.0,,,,fractional_return,R,False
39,ETHUSD,long,2022-07-02 00:00:00,2022-07-02 00:00:00,2022-07-02 12:00:00,1061.6,1045.25,1061.6,1045.25,24,1.0,-0.01540128108515415,-0.015597927256499666,0.0001,9.664617134551587e-05,0.0,0.00019664617134551587,1.0,1.0,0.0,2.0,-1.184901827551314,-1.169712025879465,0.015189801671848892,0.13950693886637852,-2.5433188085636185,1,18,position_exit,13.97779935425296,atr_48,0.00019664617134551587,-1.169712025879465,-1.184901827551314,0.13950693886637852,-2.5433188085636185,0.0,,,,fractional_return,R,False
40,ETHUSD,long,2022-07-05 02:00:00,2022-07-05 02:00:00,2022-07-05 14:00:00,1145.15,1100.05,1145.15,1100.05,24,1.0,-0.03938348687944759,-0.039575076679473575,0.0001,9.158980002598191e-05,0.0,0.00019158980002598192,1.0,1.0,0.0,2.0,-4.56971494638243,-4.546625949901147,0.023088996481282854,2.706805027823614,-5.968076634903487,8,23,position_exit,9.919443670306924,atr_48,0.00019158980002598192,-4.546625949901147,-4.56971494638243,2.706805027823614,-5.968076634903487,0.0,,,,fractional_return,R,False
41,ETHUSD,long,2022-07-06 13:00:00,2022-07-06 13:00:00,2022-07-07 01:00:00,1141.55,1184.45,1141.55,1184.45,24,1.0,0.03758048267706182,0.03737306454776457,0.0001,0.00010741812929725433,0.0,0.00020741812929725434,1.0,1.0,0.0,2.0,3.4855586977017268,3.5042077811168033,0.018649083415076356,5.011262176492212,-1.2252474759149636,20,1,position_exit,12.242424730398753,atr_48,0.00020741812929725434,3.5042077811168033,3.4855586977017268,5.011262176492212,-1.2252474759149636,0.0,,,,fractional_return,R,False
42,ETHUSD,long,2022-07-07 14:30:00,2022-07-07 14:30:00,2022-07-08 02:30:00,1222.15,1253.05,1222.15,1253.05,24,1.0,0.025283312195719887,0.02507892848627402,0.0001,0.00010438370944586559,0.0,0.0002043837094458656,1.0,1.0,0.0,2.0,2.8315135572454833,2.8540904285545965,0.022576871309113376,4.913838537187854,-0.877471167354977,21,2,position_exit,10.826566562450727,atr_48,0.0002043837094458656,2.8540904285545965,2.8315135572454833,4.913838537187854,-0.877471167354977,0.0,,,,fractional_return,R,False
43,ETHUSD,long,2022-07-08 18:30:00,2022-07-08 18:30:00,2022-07-09 06:30:00,1227.8,1217.0,1227.8,1217.0,24,1.0,-0.008796220882879902,-0.008994272562306005,0.0001,9.805167942610335e-05,0.0,0.00019805167942610336,1.0,1.0,0.0,2.0,-0.9112867646019405,-0.8910274406821344,0.020259323919806095,2.1161901716200853,-1.9800609792936215,4,17,position_exit,12.120838828186834,atr_48,0.00019805167942610336,-0.8910274406821344,-0.9112867646019405,2.1161901716200853,-1.9800609792936215,0.0,,,,fractional_return,R,False
44,ETHUSD,long,2022-07-11 21:00:00,2022-07-11 21:00:00,2022-07-12 09:00:00,1130.1999999999998,1064.75,1130.1999999999998,1064.75,24,1.0,-0.057910104406299956,-0.0580986191298003,0.0001,8.85147235003437e-05,0.0,0.0001885147235003437,1.0,1.0,0.0,2.0,-7.936989463379402,-7.909672391608597,0.027317071770805376,0.47735990751499163,-8.465585195296892,1,22,position_exit,8.274678995483553,atr_48,0.0001885147235003437,-7.909672391608597,-7.936989463379402,0.47735990751499163,-8.465585195296892,0.0,,,,fractional_return,R,False
45,ETHUSD,long,2022-07-12 22:00:00,2022-07-12 22:00:00,2022-07-13 10:00:00,1046.85,1069.0,1046.85,1069.0,24,1.0,0.021158714237952125,0.020954115421980113,0.0001,0.00010459881597201246,0.0,0.00020459881597201246,1.0,1.0,0.0,2.0,2.451062423588945,2.4744518586063906,0.023389435017445503,3.518972169124198,-1.3740748469913484,21,3,position_exit,8.951477444574312,atr_48,0.00020459881597201246,2.4744518586063906,2.451062423588945,3.518972169124198,-1.3740748469913484,0.0,,,,fractional_return,R,False
46,ETHUSD,long,2022-07-14 12:30:00,2022-07-14 12:30:00,2022-07-15 00:30:00,1086.15,1181.55,1086.15,1181.55,24,1.0,0.08783317221378195,0.0876154047217228,0.0001,0.00011776749205915102,0.0,0.00021776749205915102,1.0,1.0,0.0,2.0,8.956302336852646,8.97674277535464,0.020440438501994673,11.940761616273631,-1.0773973247150022,14,2,position_exit,10.62746280999802,atr_48,0.00021776749205915102,8.97674277535464,8.956302336852646,11.940761616273631,-1.0773973247150022,0.0,,,,fractional_return,R,False
47,ETHUSD,long,2022-07-15 12:30:00,2022-07-15 12:30:00,2022-07-16 00:30:00,1227.05,1212.6,1227.05,1212.6,24,1.0,-0.011776211238336276,-0.011975084733303887,0.0001,9.887349496761075e-05,0.0,0.00019887349496761075,1.0,1.0,0.0,2.0,-1.155734428180841,-1.136433926458204,0.01930050172263716,4.679433814827885,-1.8560443366376074,15,7,position_exit,12.715213496867994,atr_48,0.00019887349496761075,-1.136433926458204,-1.155734428180841,4.679433814827885,-1.8560443366376074,0.0,,,,fractional_return,R,False
48,ETHUSD,long,2022-07-16 12:30:00,2022-07-16 12:30:00,2022-07-17 00:30:00,1215.15,1363.4,1215.15,1363.4,24,1.0,0.12200139900423834,0.1217769976015306,0.0001,0.00012440140270774124,0.0,0.00022440140270774123,1.0,1.0,0.0,2.0,12.21641792611682,12.23647749526133,0.02005956914450834,17.003132303702085,-0.19809474528585702,7,1,position_exit,12.115414755382908,atr_48,0.00022440140270774123,12.23647749526133,12.21641792611682,17.003132303702085,-0.19809474528585702,0.0,,,,fractional_return,R,False
49,ETHUSD,short,2022-07-17 12:30:00,2022-07-17 12:30:00,2022-07-18 00:30:00,1355.1,1348.05,1355.1,1348.05,24,1.0,0.0029067281614356677,0.0027064820354463226,0.0001,0.0001002461259893451,0.0,0.0002002461259893451,1.0,1.0,0.0,2.0,0.4378310075307324,0.45533525738262454,0.017504249851892157,2.308969567578572,-1.6631039542698807,10,9,position_exit,15.483097093172693,atr_48,0.0002002461259893451,0.45533525738262454,0.4378310075307324,2.308969567578572,-1.6631039542698807,0.0,,,,fractional_return,R,False
50,ETHUSD,short,2022-07-19 22:00:00,2022-07-19 22:00:00,2022-07-20 10:00:00,1562.85,1595.05,1562.85,1595.05,24,1.0,-0.022036830026453735,-0.02223526786747565,0.0001,9.843784102191452e-05,0.0,0.00019843784102191453,1.0,1.0,0.0,2.0,-1.44997503722534,-1.4360352380219696,0.013939799203370387,2.2923046967182903,-1.9979620702914413,5,24,position_exit,22.422848094140864,atr_48,0.00019843784102191453,-1.4360352380219696,-1.44997503722534,2.2923046967182903,-1.9979620702914413,0.0,,,,fractional_return,R,False
51,ETHUSD,long,2022-07-24 22:30:00,2022-07-24 22:30:00,2022-07-25 10:30:00,1605.35,1547.05,1605.35,1547.05,24,1.0,-0.03631606814713306,-0.03650863335440868,0.0001,9.256520727561898e-05,0.0,0.000192565207275619,1.0,1.0,0.0,2.0,-3.3784651477641483,-3.3599611558548803,0.01850399190926805,0.6051388016548246,-6.062914469913089,2,11,position_exit,17.35139107141451,atr_48,0.000192565207275619,-3.3599611558548803,-3.3784651477641483,0.6051388016548246,-6.062914469913089,0.0,,,,fractional_return,R,False
52,ETHUSD,long,2022-07-26 21:00:00,2022-07-26 21:00:00,2022-07-27 09:00:00,1384.95,1460.25,1384.95,1460.25,24,1.0,0.054370193869814676,0.0541592798364563,0.0001,0.0001109140333583781,0.0,0.0002109140333583781,1.0,1.0,0.0,2.0,4.620339396385224,4.637398000264284,0.017058603879059827,5.530389647061524,-1.0869863838600942,22,1,position_exit,16.237553903225177,atr_48,0.0002109140333583781,4.637398000264284,4.620339396385224,5.530389647061524,-1.0869863838600942,0.0,,,,fractional_return,R,False
53,ETHUSD,long,2022-07-27 21:30:00,2022-07-27 21:30:00,2022-07-28 09:30:00,1607.15,1619.45,1607.15,1619.45,24,1.0,0.007653299318670204,0.007452332455278654,0.0001,0.00010096686339154956,0.0,0.00020096686339154957,1.0,1.0,0.0,2.0,0.6507522870947838,0.6682144138462138,0.017462126751430027,3.713207738730799,-0.2987950631019667,10,23,position_exit,18.407265310548564,atr_48,0.00020096686339154957,0.6682144138462138,0.6507522870947838,3.713207738730799,-0.2987950631019667,0.0,,,,fractional_return,R,False
54,ETHUSD,short,2022-07-28 22:00:00,2022-07-28 22:00:00,2022-07-29 10:00:00,1748.75,1720.35,1748.75,1720.35,24,1.0,0.015498464489687835,0.01529588330758802,0.0001,0.00010258118209981468,0.0,0.00020258118209981468,1.0,1.0,0.0,2.0,1.3276152473185618,1.3441688763503767,0.016553629031814888,2.6173429176822482,-0.15145564803948075,20,17,position_exit,21.12829756712595,atr_48,0.00020258118209981468,1.3441688763503767,1.3276152473185618,2.6173429176822482,-0.15145564803948075,0.0,,,,fractional_return,R,False
55,ETHUSD,short,2022-07-29 23:00:00,2022-07-29 23:00:00,2022-07-30 11:00:00,1761.8000000000002,1700.15,1761.8000000000002,1700.15,24,1.0,0.035325616921119796,0.03511771429311983,0.0001,0.00010790262799996739,0.0,0.0002079026279999674,1.0,1.0,0.0,2.0,2.8255382671207325,2.841780436701856,0.016242169581123515,3.8005644283222786,-0.1889910752713274,22,1,position_exit,21.694146107765633,atr_48,0.0002079026279999674,2.841780436701856,2.8255382671207325,3.8005644283222786,-0.1889910752713274,0.0,,,,fractional_return,R,False
56,ETHUSD,long,2022-08-02 16:00:00,2022-08-02 16:00:00,2022-08-03 04:00:00,1671.15,1620.95,1671.15,1620.95,24,1.0,-0.030039194566615857,-0.030233129161655214,0.0001,9.393459503935783e-05,0.0,0.00019393459503935784,1.0,1.0,0.0,2.0,-2.8998697595045373,-2.880690215862155,0.019179543642382613,0.39308223065050757,-4.625171940208961,2,18,position_exit,17.42637917939948,atr_48,0.00019393459503935784,-2.880690215862155,-2.8998697595045373,0.39308223065050757,-4.625171940208961,0.0,,,,fractional_return,R,False
57,ETHUSD,short,2022-08-03 23:00:00,2022-08-03 23:00:00,2022-08-04 11:00:00,1613.7,1618.35,1613.7,1618.35,24,1.0,-0.0036118240051400408,-0.00381117492403682,0.0001,9.935091889677902e-05,0.0,0.00019935091889677903,1.0,1.0,0.0,2.0,-0.33772024004948203,-0.31580157342432713,0.02191866662515491,0.47200450221487145,-3.365154400682979,24,12,position_exit,14.72443582081805,atr_48,0.00019935091889677903,-0.31580157342432713,-0.33772024004948203,0.47200450221487145,-3.365154400682979,0.0,,,,fractional_return,R,False
58,ETHUSD,long,2022-08-11 20:00:00,2022-08-11 20:00:00,2022-08-12 08:00:00,1896.35,1894.5,1896.35,1894.5,24,1.0,-0.0009755583093837839,-0.0011750711147726633,0.0001,9.95128053888795e-05,0.0,0.0001995128053888795,1.0,1.0,0.0,2.0,-0.13229844537044444,-0.10979025597407231,0.022508189396372134,1.068229517585621,-2.243281986929801,13,8,position_exit,16.85031138315953,atr_48,0.0001995128053888795,-0.10979025597407231,-0.13229844537044444,1.068229517585621,-2.243281986929801,0.0,,,,fractional_return,R,False
59,ETHUSD,long,2022-08-12 20:30:00,2022-08-12 20:30:00,2022-08-13 09:30:00,1933.1,2003.55,1933.1,2003.55,26,1.0,0.03644405359267533,0.03623714239537579,0.0001,0.00010691119729954188,0.0,0.00020691119729954188,1.0,1.0,0.0,2.0,4.88023028110295,4.907160107087366,0.02692982598441613,6.101734923787845,-1.0169558206312994,19,3,position_exit,14.356572531279296,atr_48,0.00020691119729954188,4.907160107087366,4.88023028110295,6.101734923787845,-1.0169558206312994,0.0,,,,fractional_return,R,False
60,ETHUSD,short,2022-08-17 00:00:00,2022-08-17 00:00:00,2022-08-17 12:00:00,1881.25,1864.35,1881.25,1864.35,24,1.0,0.008110378960255904,0.007909449656774648,0.0001,0.00010092930348125648,0.0,0.00020092930348125648,1.0,1.0,0.0,2.0,1.1203800530013224,1.1458913924334577,0.025511339432135276,1.6001796959425652,-5.119218942528141,24,13,position_exit,14.748343614058067,atr_48,0.00020092930348125648,1.1458913924334577,1.1203800530013224,1.6001796959425652,-5.119218942528141,0.0,,,,fractional_return,R,False
61,ETHUSD,short,2022-08-21 09:30:00,2022-08-21 09:30:00,2022-08-21 23:30:00,1617.25,1617.95,1617.25,1617.95,28,1.0,-0.0011495770799615501,-0.0013491067589553873,0.0001,9.952967899383722e-05,0.0,0.00019952967899383722,1.0,1.0,0.0,2.0,-0.06596813235577628,-0.04511963715769637,0.02084849519807992,2.3268841448467557,-1.8853562669464758,25,23,position_exit,15.51430915885904,atr_48,0.00019952967899383722,-0.04511963715769637,-0.06596813235577628,2.3268841448467557,-1.8853562669464758,0.0,,,,fractional_return,R,False
62,ETHUSD,long,2022-08-26 14:00:00,2022-08-26 14:00:00,2022-08-27 02:00:00,1660.1999999999998,1497.1,1660.1999999999998,1497.1,24,1.0,-0.09824117576195623,-0.09842227135525827,0.0001,8.109559330203861e-05,0.0,0.00018109559330203862,1.0,1.0,0.0,2.0,-11.703802771090317,-11.680024504159837,0.023778266930479672,0.04654822763767603,-12.439118677943364,1,19,position_exit,13.964011799967706,atr_48,0.00018109559330203862,-11.680024504159837,-11.703802771090317,0.04654822763767603,-12.439118677943364,0.0,,,,fractional_return,R,False
63,ETHUSD,long,2022-08-27 21:30:00,2022-08-27 21:30:00,2022-08-28 09:30:00,1462.85,1490.35,1462.85,1490.35,24,1.0,0.018798919916600987,0.018595047285435706,0.0001,0.00010387263116528053,0.0,0.00020387263116528054,1.0,1.0,0.0,2.0,1.9643606989300042,1.985484083596838,0.021123384666833705,3.4439123922752457,-0.2887976848868128,10,1,position_exit,13.850526542716928,atr_48,0.00020387263116528054,1.985484083596838,1.9643606989300042,3.4439123922752457,-0.2887976848868128,0.0,,,,fractional_return,R,False
64,ETHUSD,short,2022-08-28 21:30:00,2022-08-28 21:30:00,2022-08-29 09:30:00,1477.35,1451.6,1477.35,1451.6,24,1.0,0.016973499074372178,0.01677013555114648,0.0001,0.00010336352322569695,0.0,0.00020336352322569695,1.0,1.0,0.0,2.0,2.211929766372206,2.237605309706536,0.025675543334329712,4.7706614175879025,-0.3041405275329272,5,1,position_exit,11.507838262761872,atr_48,0.00020336352322569695,2.237605309706536,2.211929766372206,4.7706614175879025,-0.3041405275329272,0.0,,,,fractional_return,R,False
65,ETHUSD,long,2022-08-29 23:00:00,2022-08-29 23:00:00,2022-08-30 11:00:00,1544.05,1581.75,1544.05,1581.75,24,1.0,0.024416307762053835,0.024211195139082653,0.0001,0.00010511262297118193,0.0,0.00020511262297118193,1.0,1.0,0.0,2.0,2.914152541252641,2.9382202279527494,0.024067686700108424,4.797014722294201,-1.5665312090676373,22,5,position_exit,12.830896622840319,atr_48,0.00020511262297118193,2.9382202279527494,2.914152541252641,4.797014722294201,-1.5665312090676373,0.0,,,,fractional_return,R,False
66,ETHUSD,long,2022-09-06 01:30:00,2022-09-06 01:30:00,2022-09-06 17:00:00,1639.55,1597.45,1639.55,1597.45,31,1.0,-0.025677777438931737,-0.025876574901040117,0.0001,9.879746210837989e-05,0.0,0.0001987974621083799,1.0,1.0,0.0,2.0,-3.9727949113936445,-3.942090613694439,0.030704297699205376,4.377499671976613,-4.475817846427421,21,31,position_exit,10.679612450751032,atr_48,0.0001987974621083799,-3.942090613694439,-3.9727949113936445,4.377499671976613,-4.475817846427421,0.0,,,,fractional_return,R,False
67,ETHUSD,long,2022-09-07 12:00:00,2022-09-07 12:00:00,2022-09-08 00:00:00,1505.95,1629.9,1505.95,1629.9,24,1.0,0.0823068494969954,0.08209040890965835,0.0001,0.00011644058733705229,0.0,0.0002164405873370523,1.0,1.0,0.0,2.0,9.31306857659997,9.335753818169106,0.022685241569135556,11.373124861182207,-0.015063741537993102,20,1,position_exit,13.27691393905122,atr_48,0.0002164405873370523,9.335753818169106,9.31306857659997,11.373124861182207,-0.015063741537993102,0.0,,,,fractional_return,R,False
68,ETHUSD,long,2022-09-08 12:00:00,2022-09-08 12:00:00,2022-09-09 00:00:00,1627.95,1642.25,1627.95,1642.25,24,1.0,0.008784053564298233,0.008582712218741184,0.0001,0.00010134134555704896,0.0,0.00020134134555704897,1.0,1.0,0.0,2.0,1.0106281110093833,1.034174751380143,0.023546640370759566,2.4371810574483197,-2.1189734416390373,16,2,position_exit,13.82745032299048,atr_48,0.00020134134555704897,1.034174751380143,1.0106281110093833,2.4371810574483197,-2.1189734416390373,0.0,,,,fractional_return,R,False
69,ETHUSD,long,2022-09-09 13:00:00,2022-09-09 13:00:00,2022-09-10 01:00:00,1714.75,1723.25,1714.75,1723.25,24,1.0,0.004956990814987572,0.0047563214340278215,0.0001,0.0001006693809597504,0.0,0.0002006693809597504,1.0,1.0,0.0,2.0,0.569417065076691,0.5933572864150487,0.023940221338357763,1.458960857185244,-1.2565213124083385,5,10,position_exit,14.3252643805141,atr_48,0.0002006693809597504,0.5933572864150487,0.569417065076691,1.458960857185244,-1.2565213124083385,0.0,,,,fractional_return,R,False
70,ETHUSD,long,2022-09-14 07:30:00,2022-09-14 07:30:00,2022-09-14 20:00:00,1611.95,1598.15,1611.95,1598.15,25,1.0,-0.008561059586215336,-0.008759455317782439,0.0001,9.839573156710255e-05,0.0,0.00019839573156710255,1.0,1.0,0.0,2.0,-0.8855663986542658,-0.8653504329953263,0.020215965658939433,0.06897720842715822,-3.2670114173229545,10,21,position_exit,15.947296579297472,atr_48,0.00019839573156710255,-0.8653504329953263,-0.8855663986542658,0.06897720842715822,-3.2670114173229545,0.0,,,,fractional_return,R,False
71,ETHUSD,long,2022-09-16 08:30:00,2022-09-16 08:30:00,2022-09-16 20:30:00,1451.45,1437.9,1451.45,1437.9,24,1.0,-0.009335492094113218,-0.00953309497158028,0.0001,9.76028774670624e-05,0.0,0.0001976028774670624,1.0,1.0,0.0,2.0,-0.8518469511956013,-0.8339800819708544,0.017866869224746874,1.8864567905835172,-2.7912174699172314,6,17,position_exit,16.247390426853737,atr_48,0.0001976028774670624,-0.8339800819708544,-0.8518469511956013,1.8864567905835172,-2.7912174699172314,0.0,,,,fractional_return,R,False
72,ETHUSD,short,2022-09-27 17:00:00,2022-09-27 17:00:00,2022-09-28 05:00:00,1324.55,1284.05,1324.55,1284.05,24,1.0,0.030307634732888555,0.03010157548468073,0.0001,0.00010605924820782384,0.0,0.00020605924820782384,1.0,1.0,0.0,2.0,3.6618060808352437,3.685915609330745,0.024109528495501423,5.187584931650679,-1.4197600865570401,19,14,position_exit,10.987771911401309,atr_48,0.00020605924820782384,3.685915609330745,3.6618060808352437,5.187584931650679,-1.4197600865570401,0.0,,,,fractional_return,R,False
73,ETHUSD,long,2022-10-03 07:00:00,2022-10-03 07:00:00,2022-10-03 20:00:00,1293.85,1316.55,1293.85,1316.55,26,1.0,0.017544537620281186,0.017340984791513803,0.0001,0.00010355282876738378,0.0,0.0002035528287673838,1.0,1.0,0.0,2.0,3.0621521345787075,3.097461834976811,0.035309700398103425,4.884983863091197,-1.0370356804327503,22,4,position_exit,7.32858101548489,atr_48,0.0002035528287673838,3.097461834976811,3.0621521345787075,4.884983863091197,-1.0370356804327503,0.0,,,,fractional_return,R,False
74,ETHUSD,short,2022-10-04 15:30:00,2022-10-04 15:30:00,2022-10-05 03:30:00,1354.35,1354.1,1354.35,1354.1,24,1.0,8.57499905280168e-05,-0.00011392703346846389,0.0001,9.967702399648068e-05,0.0,0.00019967702399648068,1.0,1.0,0.0,2.0,-0.0030011006839293156,0.03594993631922999,0.03895103700315931,2.2576560008476174,-2.1426162046261203,3,10,position_exit,6.954115239037918,atr_48,0.00019967702399648068,0.03594993631922999,-0.0030011006839293156,2.2576560008476174,-2.1426162046261203,0.0,,,,fractional_return,R,False
75,ETHUSD,short,2022-10-05 17:00:00,2022-10-05 17:00:00,2022-10-06 05:00:00,1354.2,1374.35,1354.2,1374.35,24,1.0,-0.014902570689577788,-0.015099673672276381,0.0001,9.710298269859372e-05,0.0,0.00019710298269859372,1.0,1.0,0.0,2.0,-2.893148577240636,-2.854776974473078,0.038371602767558,1.5230199739744812,-4.23612067179877,2,18,position_exit,7.0583447254120655,atr_48,0.00019710298269859372,-2.854776974473078,-2.893148577240636,1.5230199739744812,-4.23612067179877,0.0,,,,fractional_return,R,False
76,ETHUSD,long,2022-10-06 21:00:00,2022-10-06 21:00:00,2022-10-07 09:00:00,1357.1,1357.75,1357.1,1357.75,24,1.0,0.0004789624935526149,0.00027899459251368164,0.0001,9.996790103893324e-05,0.0,0.00019996790103893325,1.0,1.0,0.0,2.0,0.04980399430783598,0.08551058243988098,0.035706588132045,0.598574077079107,-1.4536799014777673,7,2,position_exit,7.6013983468897495,atr_48,0.00019996790103893325,0.08551058243988098,0.04980399430783598,0.598574077079107,-1.4536799014777673,0.0,,,,fractional_return,R,False
77,ETHUSD,short,2022-10-10 08:00:00,2022-10-10 08:00:00,2022-10-10 20:00:00,1304.35,1308.05,1304.35,1308.05,24,1.0,-0.003018723196466566,-0.0032181361702428024,0.0001,9.941297377623623e-05,0.0,0.00019941297377623624,1.0,1.0,0.0,2.0,-0.8447718956929108,-0.7891337039750793,0.055638191717831464,1.5995953458954115,-3.2418465676814257,1,9,position_exit,4.688685809973832,atr_48,0.00019941297377623624,-0.7891337039750793,-0.8447718956929108,1.5995953458954115,-3.2418465676814257,0.0,,,,fractional_return,R,False
78,ETHUSD,short,2022-10-11 09:30:00,2022-10-11 09:30:00,2022-10-11 21:30:00,1280.6,1276.5,1280.6,1276.5,24,1.0,0.002932009189761997,0.0027315190857117866,0.0001,0.0001004901040502105,0.0,0.0002004901040502105,1.0,1.0,0.0,2.0,0.7255781777001666,0.7739238812269602,0.04834570352679353,2.217952586443167,-3.2561431588208194,9,14,position_exit,5.297678621184125,atr_48,0.0002004901040502105,0.7739238812269602,0.7255781777001666,2.217952586443167,-3.2561431588208194,0.0,,,,fractional_return,R,False
79,ETHUSD,short,2022-10-12 09:30:00,2022-10-12 09:30:00,2022-10-12 21:30:00,1303.0,1299.95,1303.0,1299.95,24,1.0,0.0022298743783819575,0.0020294345710154538,0.0001,0.00010043980736650368,0.0,0.00020043980736650369,1.0,1.0,0.0,2.0,0.5068722717531929,0.5542268691644227,0.047354597411229736,2.9437623870373133,-0.4542843189872384,6,6,position_exit,5.503161556563058,atr_48,0.00020043980736650369,0.5542268691644227,0.5068722717531929,2.9437623870373133,-0.4542843189872384,0.0,,,,fractional_return,R,False
80,ETHUSD,long,2022-10-14 10:00:00,2022-10-14 10:00:00,2022-10-14 22:00:00,1332.55,1291.9,1332.55,1291.9,24,1.0,-0.030505421935386856,-0.030699322411541496,0.0001,9.390047615464034e-05,0.0,0.00019390047615464034,1.0,1.0,0.0,2.0,-4.912945144495106,-4.880944638820028,0.032000505675078235,1.2487533639293706,-5.199136601744348,5,23,position_exit,8.328305893227059,atr_48,0.00019390047615464034,-4.880944638820028,-4.912945144495106,1.2487533639293706,-5.199136601744348,0.0,,,,fractional_return,R,False
81,ETHUSD,long,2022-10-15 13:00:00,2022-10-15 13:00:00,2022-10-16 01:00:00,1282.2,1282.4499999999998,1282.2,1282.4499999999998,24,1.0,0.00019497738262308495,-5.008720168730996e-06,0.0001,9.998610279181594e-05,0.0,0.00019998610279181595,1.0,1.0,0.0,2.0,-0.0009725808778614925,0.03775546885971537,0.03872804973757686,1.3667479727229326,-2.725944851673922,2,20,position_exit,6.6215572882613465,atr_48,0.00019998610279181595,0.03775546885971537,-0.0009725808778614925,1.3667479727229326,-2.725944851673922,0.0,,,,fractional_return,R,False
82,ETHUSD,long,2022-10-16 21:30:00,2022-10-16 21:30:00,2022-10-17 09:30:00,1293.45,1317.9,1293.45,1317.9,24,1.0,0.018902934013685035,0.01869967382813531,0.0001,0.00010326018554972513,0.0,0.00020326018554972514,1.0,1.0,0.0,2.0,4.66044602482338,4.710282548027851,0.049836523204471274,5.182274050795432,-0.43346158417438513,24,1,position_exit,5.190771413540154,atr_48,0.00020326018554972514,4.710282548027851,4.66044602482338,5.182274050795432,-0.43346158417438513,0.0,,,,fractional_return,R,False
83,ETHUSD,short,2022-10-21 08:30:00,2022-10-21 08:30:00,2022-10-21 20:30:00,1278.3000000000002,1302.8000000000002,1278.3000000000002,1302.8000000000002,24,1.0,-0.019172310709474005,-0.01936838002122887,0.0001,9.606931175486508e-05,0.0,0.00019606931175486508,1.0,1.0,0.0,2.0,-4.443043880356156,-4.397159076701079,0.045884803655077466,4.343316312496625,-5.177879157666355,7,23,position_exit,5.571779317654539,atr_48,0.00019606931175486508,-4.397159076701079,-4.443043880356156,4.343316312496625,-5.177879157666355,0.0,,,,fractional_return,R,False
84,ETHUSD,short,2022-10-23 22:00:00,2022-10-23 22:00:00,2022-10-24 11:00:00,1361.6,1348.45,1361.6,1348.45,26,1.0,0.009539142780816023,0.009337383158115387,0.0001,0.00010175962270063685,0.0,0.00020175962270063685,1.0,1.0,0.0,2.0,2.7906027710834653,2.8496147162957595,0.05901194521229424,6.2734863906283325,-2.091162130209477,19,1,position_exit,4.6146589308373835,atr_48,0.00020175962270063685,2.8496147162957595,2.7906027710834653,6.2734863906283325,-2.091162130209477,0.0,,,,fractional_return,R,False
85,ETHUSD,long,2022-10-25 01:00:00,2022-10-25 01:00:00,2022-10-25 13:00:00,1337.55,1365.0,1337.55,1365.0,24,1.0,0.02052259728608319,0.020319291648536852,0.0001,0.00010330563754633601,0.0,0.00020330563754633602,1.0,1.0,0.0,2.0,4.501526432811256,4.54582713285902,0.044300700047763736,4.752832011404513,-0.23184546397092887,24,1,position_exit,6.038505028398614,atr_48,0.00020330563754633602,4.54582713285902,4.501526432811256,4.752832011404513,-0.23184546397092887,0.0,,,,fractional_return,R,False
86,ETHUSD,short,2022-10-27 10:30:00,2022-10-27 10:30:00,2022-10-27 22:30:00,1541.5,1517.55,1541.5,1517.55,24,1.0,0.01391767126551069,0.013715236306894418,0.0001,0.00010243495861627103,0.0,0.00020243495861627103,1.0,1.0,0.0,2.0,1.824746264673672,1.8485419000720948,0.02379563539842279,2.566347314296327,-2.7593057589802616,19,5,position_exit,12.956157498548436,atr_48,0.00020243495861627103,1.8485419000720948,1.824746264673672,2.566347314296327,-2.7593057589802616,0.0,,,,fractional_return,R,False
87,ETHUSD,long,2022-11-04 14:00:00,2022-11-04 14:00:00,2022-11-05 02:00:00,1654.85,1651.8,1654.85,1651.8,24,1.0,-0.001843067347493621,-0.0020428247028426716,0.0001,9.975735534905059e-05,0.0,0.0001997573553490506,1.0,1.0,0.0,2.0,-0.2866925910517812,-0.25862767274123444,0.02806491831054677,1.0472300847063372,-3.9430120598254366,1,4,position_exit,11.793014906999455,atr_48,0.0001997573553490506,-0.25862767274123444,-0.2866925910517812,1.0472300847063372,-3.9430120598254366,0.0,,,,fractional_return,R,False
88,ETHUSD,long,2022-11-06 23:30:00,2022-11-06 23:30:00,2022-11-07 11:30:00,1568.65,1580.25,1568.65,1580.25,24,1.0,0.007394893698401628,0.007193431167882958,0.0001,0.00010146253051867013,0.0,0.00020146253051867014,1.0,1.0,0.0,2.0,1.3511143708112727,1.3886719617208136,0.03755759090954089,3.1963397739608412,-2.609745583233985,6,16,position_exit,8.35330468228467,atr_48,0.00020146253051867014,1.3886719617208136,1.3511143708112727,3.1963397739608412,-2.609745583233985,0.0,,,,fractional_return,R,False
89,ETHUSD,long,2022-11-10 12:00:00,2022-11-10 12:00:00,2022-11-11 00:00:00,1189.95,1285.1999999999998,1189.95,1285.1999999999998,24,1.0,0.08004538005798567,0.07982839444472467,0.0001,0.0001169856132610004,0.0,0.0002169856132610004,1.0,1.0,0.0,2.0,3.520331863755447,3.529149736151317,0.008817872395870384,5.863390506519123,-0.044461728959388463,8,2,position_exit,26.98950373918501,atr_48,0.0002169856132610004,3.529149736151317,3.520331863755447,5.863390506519123,-0.044461728959388463,0.0,,,,fractional_return,R,False
90,ETHUSD,long,2022-11-11 14:00:00,2022-11-11 14:00:00,2022-11-12 02:00:00,1205.4499999999998,1283.7,1205.4499999999998,1283.7,24,1.0,0.06491351777344567,0.06470168625782868,0.0001,0.0001118315156169892,0.0,0.0002118315156169892,1.0,1.0,0.0,2.0,3.0193180175933656,3.0286493539863697,0.009331336393004111,3.493106762904406,-0.19932963799397643,1,1,position_exit,25.83659937292047,atr_48,0.0002118315156169892,3.0286493539863697,3.0193180175933656,3.493106762904406,-0.19932963799397643,0.0,,,,fractional_return,R,False
91,ETHUSD,long,2022-11-17 15:30:00,2022-11-17 15:30:00,2022-11-18 03:30:00,1192.6999999999998,1219.25,1192.6999999999998,1219.25,24,1.0,0.022260417540035604,0.022055606805148287,0.0001,0.00010481073488731738,0.0,0.00020481073488731738,1.0,1.0,0.0,2.0,2.617028640524976,2.640754652381058,0.023726011856081853,3.8939941484262883,-0.35309525483811566,22,1,position_exit,10.053944229942436,atr_48,0.00020481073488731738,2.640754652381058,2.617028640524976,3.8939941484262883,-0.35309525483811566,0.0,,,,fractional_return,R,False
92,ETHUSD,long,2022-11-21 02:30:00,2022-11-21 02:30:00,2022-11-21 14:30:00,1121.55,1133.45,1121.55,1133.45,24,1.0,0.01061031608042362,0.01040793666310047,0.0001,0.00010237941732315079,0.0,0.0002023794173231508,1.0,1.0,0.0,2.0,1.5210360939859122,1.5502578021883378,0.029221708202425496,2.937673398264427,-2.110434991214366,21,13,position_exit,7.676142628150039,atr_48,0.0002023794173231508,1.5502578021883378,1.5210360939859122,2.937673398264427,-2.110434991214366,0.0,,,,fractional_return,R,False
93,ETHUSD,short,2022-11-22 22:30:00,2022-11-22 22:30:00,2022-11-23 10:30:00,1136.35,1173.65,1136.35,1173.65,24,1.0,-0.032615614623354494,-0.032810052855426264,0.0001,9.443823207176969e-05,0.0,0.0001944382320717697,1.0,1.0,0.0,2.0,-3.6803033234778324,-3.6580149306283976,0.022288392849434634,0.9169554852915555,-4.172882983866977,5,24,position_exit,10.19678724864924,atr_48,0.0001944382320717697,-3.6580149306283976,-3.6803033234778324,0.9169554852915555,-4.172882983866977,0.0,,,,fractional_return,R,False
94,ETHUSD,long,2022-11-29 04:00:00,2022-11-29 04:00:00,2022-11-29 16:00:00,1192.95,1208.35,1192.95,1208.35,24,1.0,0.01290917473490083,0.012706577883817127,0.0001,0.00010259685108370284,0.0,0.00020259685108370284,1.0,1.0,0.0,2.0,2.473829451473302,2.512759271907353,0.038929820434050695,4.748136026786036,-0.04894985594624015,15,1,position_exit,6.1287207939781,atr_48,0.00020259685108370284,2.512759271907353,2.473829451473302,4.748136026786036,-0.04894985594624015,0.0,,,,fractional_return,R,False
95,ETHUSD,long,2022-12-01 05:30:00,2022-12-01 05:30:00,2022-12-01 17:30:00,1282.45,1274.9499999999998,1282.45,1274.9499999999998,24,1.0,-0.005848181215641901,-0.006046919771531489,0.0001,9.873855588958822e-05,0.0,0.00019873855588958822,1.0,1.0,0.0,2.0,-1.0675430097754335,-1.032241719297744,0.03530129047768937,2.03695699274748,-2.6425388014021505,16,19,position_exit,7.265740048854679,atr_48,0.00019873855588958822,-1.032241719297744,-1.0675430097754335,2.03695699274748,-2.6425388014021505,0.0,,,,fractional_return,R,False
96,ETHUSD,short,2022-12-05 13:30:00,2022-12-05 13:30:00,2022-12-06 01:30:00,1286.15,1263.6,1286.15,1263.6,24,1.0,0.01742577682196389,0.0172224623526962,0.0001,0.00010331446926769025,0.0,0.00020331446926769026,1.0,1.0,0.0,2.0,4.279008372562476,4.328382646090361,0.04937427352788535,7.447505395490264,-0.33590552685845104,12,1,position_exit,5.209798172619653,atr_48,0.00020331446926769026,4.328382646090361,4.279008372562476,7.447505395490264,-0.33590552685845104,0.0,,,,fractional_return,R,False
97,ETHUSD,short,2022-12-06 15:00:00,2022-12-06 15:00:00,2022-12-07 03:00:00,1252.0,1259.95,1252.0,1259.95,24,1.0,-0.0065778906295481665,-0.006776127512866825,0.0001,9.823688331865874e-05,0.0,0.00019823688331865874,1.0,1.0,0.0,2.0,-1.5251224134300656,-1.4785526543545466,0.046569759075519045,1.8226183663741393,-4.677433868807141,8,19,position_exit,5.376879867339301,atr_48,0.00019823688331865874,-1.4785526543545466,-1.5251224134300656,1.8226183663741393,-4.677433868807141,0.0,,,,fractional_return,R,False
98,ETHUSD,short,2022-12-07 22:30:00,2022-12-07 22:30:00,2022-12-08 10:30:00,1230.5,1233.35,1230.5,1233.35,24,1.0,-0.002397783506179585,-0.002597310154200505,0.0001,9.952664802092012e-05,0.0,0.00019952664802092013,1.0,1.0,0.0,2.0,-0.5760712374534298,-0.5302810073131587,0.04579023014027107,1.5257207929712084,-1.4978112662705825,6,8,position_exit,5.374508912624198,atr_48,0.00019952664802092013,-0.5302810073131587,-0.5760712374534298,1.5257207929712084,-1.4978112662705825,0.0,,,,fractional_return,R,False
99,ETHUSD,long,2022-12-08 22:30:00,2022-12-08 22:30:00,2022-12-09 10:30:00,1284.2,1285.05,1284.2,1285.05,24,1.0,0.0006618906712347883,0.0004618656268491339,0.0001,0.00010002504438565438,0.0,0.00020002504438565438,1.0,1.0,0.0,2.0,0.10296988819536504,0.14755614836817105,0.04458626017280601,1.3887637493476013,-1.8661512881858922,23,3,position_exit,5.760519025469903,atr_48,0.00020002504438565438,0.14755614836817105,0.10296988819536504,1.3887637493476013,-1.8661512881858922,0.0,,,,fractional_return,R,False
100,ETHUSD,long,2022-12-14 18:30:00,2022-12-14 18:30:00,2022-12-15 06:30:00,1334.0500000000002,1289.6,1334.0500000000002,1289.6,24,1.0,-0.033319590719988135,-0.03351302206813811,0.0001,9.343134814997498e-05,0.0,0.00019343134814997498,1.0,1.0,0.0,2.0,-7.348079973003485,-7.304236478407224,0.04384349459626141,0.9284350079414602,-8.57775352469869,1,14,position_exit,6.085509434340374,atr_48,0.00019343134814997498,-7.304236478407224,-7.348079973003485,0.9284350079414602,-8.57775352469869,0.0,,,,fractional_return,R,False
101,ETHUSD,long,2022-12-15 18:30:00,2022-12-15 18:30:00,2022-12-16 06:30:00,1272.05,1271.25,1272.05,1271.25,24,1.0,-0.0006289060964588256,-0.0008285109237060606,0.0001,9.960482724723505e-05,0.0,0.00019960482724723505,1.0,1.0,0.0,2.0,-0.18536977008348227,-0.14064340822524804,0.04472636185823424,0.6504757630418172,-2.118441336392911,2,10,position_exit,5.688144294105211,atr_48,0.00019960482724723505,-0.14064340822524804,-0.18536977008348227,0.6504757630418172,-2.118441336392911,0.0,,,,fractional_return,R,False
102,ETHUSD,short,2022-12-17 17:30:00,2022-12-17 17:30:00,2022-12-18 05:30:00,1174.35,1187.5500000000002,1174.35,1187.5500000000002,24,1.0,-0.011263888363611696,-0.011461530145959964,0.0001,9.76417823482679e-05,0.0,0.0001976417823482679,1.0,1.0,0.0,2.0,-2.203787274286147,-2.165260402264938,0.03852687202120875,0.18043836685539286,-3.649776056848021,1,22,position_exit,6.096264442924561,atr_48,0.0001976417823482679,-2.165260402264938,-2.203787274286147,0.18043836685539286,-3.649776056848021,0.0,,,,fractional_return,R,False
103,ETHUSD,long,2022-12-26 01:30:00,2022-12-26 01:30:00,2022-12-26 14:00:00,1221.0,1217.1999999999998,1221.0,1217.1999999999998,25,1.0,-0.003112203112202616,-0.0033114478648645918,0.0001,9.92447526619756e-05,0.0,0.0001992447526619756,1.0,1.0,0.0,2.0,-1.2791688332090805,-1.2019290752669305,0.07723975794215009,0.8223725251825684,-2.530377000561838,1,23,position_exit,3.1615842217281074,atr_48,0.0001992447526619756,-1.2019290752669305,-1.2791688332090805,0.8223725251825684,-2.530377000561838,0.0,,,,fractional_return,R,False
104,ETHUSD,long,2022-12-29 08:00:00,2022-12-29 08:00:00,2022-12-29 21:00:00,1192.85,1195.3000000000002,1192.85,1195.3000000000002,26,1.0,0.0020539045143981305,0.0018534199295798803,0.0001,0.00010048458481825015,0.0,0.00020048458481825016,1.0,1.0,0.0,2.0,0.5822485229903931,0.645061738932024,0.06281321594163095,3.475434675062018,-0.7898715170595332,14,1,position_exit,3.798086062361314,atr_48,0.00020048458481825016,0.645061738932024,0.5822485229903931,3.475434675062018,-0.7898715170595332,0.0,,,,fractional_return,R,False
105,ETHUSD,long,2022-12-30 09:00:00,2022-12-30 09:00:00,2022-12-30 21:30:00,1194.1,1198.5,1194.1,1198.5,25,1.0,0.003684783518968393,0.003483935180889741,0.0001,0.00010084833807865187,0.0,0.00020084833807865188,1.0,1.0,0.0,2.0,1.1132893649085367,1.1771836848195838,0.06389431991104709,1.872792225849299,-3.304140569891239,24,11,position_exit,3.737734439187746,atr_48,0.00020084833807865188,1.1771836848195838,1.1132893649085367,1.872792225849299,-3.304140569891239,0.0,,,,fractional_return,R,False
106,ETHUSD,long,2023-01-03 20:00:00,2023-01-03 20:00:00,2023-01-04 08:00:00,1210.65,1249.8,1210.65,1249.8,24,1.0,0.0323380002478002,0.0321313695279386,0.0001,0.0001066307198616002,0.0,0.0002066307198616002,1.0,1.0,0.0,2.0,13.924104757478812,14.010756724932397,0.08665196745358604,17.965261496592753,-0.2684053012439166,24,4,position_exit,2.7942816200877805,atr_48,0.0002066307198616002,14.010756724932397,13.924104757478812,17.965261496592753,-0.2684053012439166,0.0,,,,fractional_return,R,False
107,ETHUSD,long,2023-01-05 07:00:00,2023-01-05 07:00:00,2023-01-05 19:00:00,1248.4499999999998,1252.4,1248.4499999999998,1252.4,24,1.0,0.0031639232648488225,0.002963364584885664,0.0001,0.00010055867996315868,0.0,0.00020055867996315868,1.0,1.0,0.0,2.0,1.0412425695269028,1.1115036712143704,0.07026110168746759,2.082310675186297,-1.7164993403562254,10,15,position_exit,3.5537444475416895,atr_48,0.00020055867996315868,1.1115036712143704,1.0412425695269028,2.082310675186297,-1.7164993403562254,0.0,,,,fractional_return,R,False
108,ETHUSD,short,2023-01-06 09:00:00,2023-01-06 09:00:00,2023-01-06 21:00:00,1248.15,1266.8,1248.15,1266.8,24,1.0,-0.014984748492688937,-0.01518181566476573,0.0001,9.706717207679247e-05,0.0,0.00019706717207679247,1.0,1.0,0.0,2.0,-6.079388137609957,-5.999090393114875,0.0802977444950819,3.7635044289246555,-8.974510561281864,9,22,position_exit,3.108804631682892,atr_48,0.00019706717207679247,-5.999090393114875,-6.079388137609957,3.7635044289246555,-8.974510561281864,0.0,,,,fractional_return,R,False
109,ETHUSD,short,2023-01-09 08:00:00,2023-01-09 08:00:00,2023-01-09 20:00:00,1309.35,1325.0,1309.35,1325.0,24,1.0,-0.012008441195154207,-0.012205630269243706,0.0001,9.718907408949881e-05,0.0,0.00019718907408949882,1.0,1.0,0.0,2.0,-4.2547827294120095,-4.1847595358243845,0.07002319358762461,0.26739677545203583,-9.479215689774682,1,20,position_exit,3.7397608789765475,atr_48,0.00019718907408949882,-4.1847595358243845,-4.2547827294120095,0.26739677545203583,-9.479215689774682,0.0,,,,fractional_return,R,False
110,ETHUSD,short,2023-01-10 10:00:00,2023-01-10 10:00:00,2023-01-10 22:00:00,1333.3,1338.8000000000002,1333.3,1338.8000000000002,24,1.0,-0.0041695616774262145,-0.004368706653054444,0.0001,9.91449756282293e-05,0.0,0.0001991449756282293,1.0,1.0,0.0,2.0,-1.1893861651944402,-1.1343869603148848,0.0549992048795554,2.0522091372968525,-2.763779139676122,7,20,position_exit,4.848433728886948,atr_48,0.0001991449756282293,-1.1343869603148848,-1.1893861651944402,2.0522091372968525,-2.763779139676122,0.0,,,,fractional_return,R,False
111,ETHUSD,long,2023-01-11 12:00:00,2023-01-11 12:00:00,2023-01-12 00:00:00,1333.05,1390.6999999999998,1333.05,1390.6999999999998,24,1.0,0.043246689921608406,0.043038141026217946,0.0001,0.00010854889539045906,0.0,0.00020854889539045907,1.0,1.0,0.0,2.0,13.542241941914208,13.60516079568241,0.06291885376820289,15.186332995701076,-2.7493516612263416,23,7,position_exit,4.237362635088815,atr_48,0.00020854889539045907,13.60516079568241,13.542241941914208,15.186332995701076,-2.7493516612263416,0.0,,,,fractional_return,R,False
112,ETHUSD,long,2023-01-13 16:00:00,2023-01-13 16:00:00,2023-01-14 04:00:00,1411.65,1554.1,1411.65,1554.1,24,1.0,0.10091028229376953,0.1006899554160019,0.0001,0.00012032687776762927,0.0,0.00022032687776762927,1.0,1.0,0.0,2.0,20.357784737375443,20.39821315098666,0.040428413611218475,26.34083053088099,-0.29355097900685445,17,1,position_exit,6.983454822517605,atr_48,0.00022032687776762927,20.39821315098666,20.357784737375443,26.34083053088099,-0.29355097900685445,0.0,,,,fractional_return,R,False
113,ETHUSD,long,2023-01-15 01:00:00,2023-01-15 01:00:00,2023-01-15 13:00:00,1522.45,1534.8,1522.45,1534.8,24,1.0,0.008111924857958863,0.007910493165949495,0.0001,0.00010143169200936839,0.0,0.0002014316920093684,1.0,1.0,0.0,2.0,1.131350320867647,1.1599489322341223,0.02859861136647535,1.4464140531502394,-0.5118802980304507,22,4,position_exit,10.64702044788572,atr_48,0.0002014316920093684,1.1599489322341223,1.131350320867647,1.4464140531502394,-0.5118802980304507,0.0,,,,fractional_return,R,False
114,ETHUSD,short,2023-01-16 01:00:00,2023-01-16 01:00:00,2023-01-16 13:00:00,1566.9499999999998,1543.55,1566.9499999999998,1543.55,24,1.0,0.01469383218571485,0.014490632629381661,0.0001,0.00010319955633318898,0.0,0.00020319955633318898,1.0,1.0,0.0,2.0,2.3761847495679493,2.4084403530830216,0.03225560351507233,4.3537190998039215,-1.8063302648122956,14,2,position_exit,9.715831230798697,atr_48,0.00020319955633318898,2.4084403530830216,2.3761847495679493,4.3537190998039215,-1.8063302648122956,0.0,,,,fractional_return,R,False
115,ETHUSD,long,2023-01-20 22:00:00,2023-01-20 22:00:00,2023-01-21 10:00:00,1652.0,1635.05,1652.0,1635.05,24,1.0,-0.010260290556900808,-0.010459862820520804,0.0001,9.957226361999591e-05,0.0,0.00019957226361999592,1.0,1.0,0.0,2.0,-1.8406421140523266,-1.8054491697638329,0.03519294428849373,2.9025657743990743,-3.3286304752282962,24,24,position_exit,9.388245475898522,atr_48,0.00019957226361999592,-1.8054491697638329,-1.8406421140523266,2.9025657743990743,-3.3286304752282962,0.0,,,,fractional_return,R,False
116,ETHUSD,long,2023-01-21 22:30:00,2023-01-21 22:30:00,2023-01-22 10:30:00,1628.0500000000002,1625.65,1628.0500000000002,1625.65,24,1.0,-0.0014741561991337138,-0.0016737653987900503,0.0001,9.96091996563365e-05,0.0,0.0001996091996563365,1.0,1.0,0.0,2.0,-0.26965322986383583,-0.23743960129042999,0.03221362857340583,1.5730373585490256,-2.2606228706192524,1,8,position_exit,10.107833684678711,atr_48,0.0001996091996563365,-0.23743960129042999,-0.26965322986383583,1.5730373585490256,-2.2606228706192524,0.0,,,,fractional_return,R,False
117,ETHUSD,short,2023-01-23 15:00:00,2023-01-23 15:00:00,2023-01-24 03:00:00,1621.65,1635.6,1621.65,1635.6,24,1.0,-0.008751619045433534,-0.008949831554807441,0.0001,9.821250937390733e-05,0.0,0.00019821250937390733,1.0,1.0,0.0,2.0,-1.5412369271683573,-1.5062181646352983,0.035018762533058974,1.1715030169385707,-2.1432566715420016,9,22,position_exit,9.2616065371762,atr_48,0.00019821250937390733,-1.5062181646352983,-1.5412369271683573,1.1715030169385707,-2.1432566715420016,0.0,,,,fractional_return,R,False
118,ETHUSD,short,2023-01-25 14:30:00,2023-01-25 14:30:00,2023-01-26 02:30:00,1536.5500000000002,1614.5,1536.5500000000002,1614.5,24,1.0,-0.04939116684485623,-0.04958105351804665,0.0001,8.988667319042029e-05,0.0,0.0001898866731904203,1.0,1.0,0.0,2.0,-9.029098440999915,-8.993641916339104,0.03545652466081048,1.1999214359195345,-11.918450416392933,1,15,position_exit,8.667234111065172,atr_48,0.0001898866731904203,-8.993641916339104,-9.029098440999915,1.1999214359195345,-11.918450416392933,0.0,,,,fractional_return,R,False
119,ETHUSD,short,2023-01-26 14:30:00,2023-01-26 14:30:00,2023-01-27 02:30:00,1605.5,1571.45,1605.5,1571.45,24,1.0,0.021139672130360276,0.020935235811656794,0.0001,0.00010443631870348255,0.0,0.00020443631870348256,1.0,1.0,0.0,2.0,3.3489797427082357,3.3808621164406616,0.03188237373242578,5.083704562753641,-1.0822730416799873,22,1,position_exit,10.071395646222763,atr_48,0.00020443631870348256,3.3808621164406616,3.3489797427082357,5.083704562753641,-1.0822730416799873,0.0,,,,fractional_return,R,False
120,ETHUSD,long,2023-01-31 05:30:00,2023-01-31 05:30:00,2023-01-31 17:30:00,1562.3000000000002,1592.95,1562.3000000000002,1592.95,24,1.0,0.019618511169430253,0.01941458486302272,0.0001,0.0001039263064075314,0.0,0.0002039263064075314,1.0,1.0,0.0,2.0,3.4901005301986903,3.5260466488248507,0.035946118626160456,4.860537387042408,-0.06327326776033664,22,1,position_exit,8.692454483044004,atr_48,0.0002039263064075314,3.5260466488248507,3.4901005301986903,4.860537387042408,-0.06327326776033664,0.0,,,,fractional_return,R,False
121,ETHUSD,long,2023-02-01 19:00:00,2023-02-01 19:00:00,2023-02-02 07:00:00,1575.45,1669.85,1575.45,1669.85,24,1.0,0.05991938811133313,0.059707617929163126,0.0001,0.00011177018217000132,0.0,0.00021177018217000132,1.0,1.0,0.0,2.0,11.765128717772305,11.804530088381926,0.03940137060962147,15.112049376916914,-2.1883397939267373,11,1,position_exit,7.996929932256159,atr_48,0.00021177018217000132,11.804530088381926,11.765128717772305,15.112049376916914,-2.1883397939267373,0.0,,,,fractional_return,R,False
122,ETHUSD,short,2023-02-03 13:00:00,2023-02-03 13:00:00,2023-02-04 01:00:00,1648.4,1660.3,1648.4,1660.3,24,1.0,-0.007653680212976521,-0.007852017340870043,0.0001,9.833712789352198e-05,0.0,0.00019833712789352198,1.0,1.0,0.0,2.0,-1.3199120429051996,-1.2843306865406021,0.03558135636459753,2.2340878328899856,-2.9032349132724966,2,7,position_exit,9.265526491508979,atr_48,0.00019833712789352198,-1.2843306865406021,-1.3199120429051996,2.2340878328899856,-2.9032349132724966,0.0,,,,fractional_return,R,False
123,ETHUSD,short,2023-02-08 23:00:00,2023-02-08 23:00:00,2023-02-09 11:00:00,1648.5,1631.95,1648.5,1631.95,24,1.0,0.009885067113576174,0.009683192842578903,0.0001,0.00010187427099727095,0.0,0.00020187427099727095,1.0,1.0,0.0,2.0,2.0005741250551834,2.041238557219243,0.04066443216405959,4.736166803457362,-0.8695306240722704,8,4,position_exit,8.107822547966093,atr_48,0.00020187427099727095,2.041238557219243,2.0005741250551834,4.736166803457362,-0.8695306240722704,0.0,,,,fractional_return,R,False
124,ETHUSD,short,2023-02-10 12:00:00,2023-02-10 12:00:00,2023-02-11 00:00:00,1538.85,1513.8,1538.85,1513.8,24,1.0,0.016143317722940864,0.015940048831933007,0.0001,0.00010326889100785727,0.0,0.00020326889100785728,1.0,1.0,0.0,2.0,2.8203480813902635,2.855430550877027,0.03508246948676343,5.186510581433331,-1.0373021162866558,19,6,position_exit,8.772757576718513,atr_48,0.00020326889100785728,2.855430550877027,2.8203480813902635,5.186510581433331,-1.0373021162866558,0.0,,,,fractional_return,R,False
125,ETHUSD,long,2023-02-15 12:00:00,2023-02-15 12:00:00,2023-02-16 00:00:00,1586.65,1695.85,1586.65,1695.85,24,1.0,0.06882425235559086,0.06861181845334507,0.0001,0.00011243390224578995,0.0,0.00021243390224578995,1.0,1.0,0.0,2.0,14.590333101822347,14.632855483053458,0.04252238123111138,16.703163332990975,-2.4991094758145493,24,5,position_exit,7.462658271071294,atr_48,0.00021243390224578995,14.632855483053458,14.590333101822347,16.703163332990975,-2.4991094758145493,0.0,,,,fractional_return,R,False
126,ETHUSD,short,2023-02-16 14:30:00,2023-02-16 14:30:00,2023-02-17 02:30:00,1679.0500000000002,1658.1999999999998,1679.0500000000002,1658.1999999999998,24,1.0,0.011226122532253857,0.011024090871792236,0.0001,0.00010203166046162124,0.0,0.00020203166046162124,1.0,1.0,0.0,2.0,2.3154171674933655,2.353319723675985,0.03790255618261961,5.451575187220553,-7.020455003004474,19,3,position_exit,8.859824608715632,atr_48,0.00020203166046162124,2.353319723675985,2.3154171674933655,5.451575187220553,-7.020455003004474,0.0,,,,fractional_return,R,False
127,ETHUSD,short,2023-02-18 12:00:00,2023-02-18 12:00:00,2023-02-19 00:00:00,1696.5,1698.05,1696.5,1698.05,24,1.0,-0.001004016513596384,-0.0012041671561735523,0.0001,0.00010015064257716819,0.0,0.0002001506425771682,1.0,1.0,0.0,2.0,-0.21192308652806746,-0.17386375065818177,0.03805933586988568,1.7666800470106085,-1.8676331925540821,16,12,position_exit,8.915026819174477,atr_48,0.0002001506425771682,-0.17386375065818177,-0.21192308652806746,1.7666800470106085,-1.8676331925540821,0.0,,,,fractional_return,R,False
128,ETHUSD,long,2023-02-24 00:00:00,2023-02-24 00:00:00,2023-02-24 12:00:00,1652.25,1647.5,1652.25,1647.5,24,1.0,-0.0028748676047810617,-0.003074276608261539,0.0001,9.94090034804774e-05,0.0,0.0001994090034804774,1.0,1.0,0.0,2.0,-0.5350709664929869,-0.5002681043690397,0.03480286212394719,1.3006970713594934,-1.0637279692899484,2,12,position_exit,9.494908746962613,atr_48,0.0001994090034804774,-0.5002681043690397,-0.5350709664929869,1.3006970713594934,-1.0637279692899484,0.0,,,,fractional_return,R,False
129,ETHUSD,long,2023-03-03 13:00:00,2023-03-03 13:00:00,2023-03-04 01:00:00,1569.95,1571.9,1569.95,1571.9,24,1.0,0.0012420777731778632,0.0010416610382495417,0.0001,0.00010041673492832146,0.0,0.00020041673492832146,1.0,1.0,0.0,2.0,0.2162736856331889,0.2577818515685824,0.0415081659353935,1.4012757059625058,-2.97440597963742,2,16,position_exit,7.564535626284193,atr_48,0.00020041673492832146,0.2577818515685824,0.2162736856331889,1.4012757059625058,-2.97440597963742,0.0,,,,fractional_return,R,False
130,ETHUSD,long,2023-03-06 01:30:00,2023-03-06 01:30:00,2023-03-06 13:30:00,1562.15,1570.45,1562.15,1570.45,24,1.0,0.00531319015459486,0.005112355196683849,0.0001,0.00010083495791101135,0.0,0.00020083495791101136,1.0,1.0,0.0,2.0,1.538169186787194,1.5983339426551146,0.06016475586792052,1.7716472617381742,-1.3094784108500157,24,7,position_exit,5.192907300843646,atr_48,0.00020083495791101136,1.5983339426551146,1.538169186787194,1.7716472617381742,-1.3094784108500157,0.0,,,,fractional_return,R,False
131,ETHUSD,short,2023-03-08 15:00:00,2023-03-08 15:00:00,2023-03-09 03:00:00,1557.95,1541.25,1557.95,1541.25,24,1.0,0.010646999421940695,0.010444988082350948,0.0001,0.00010201133958974715,0.0,0.00020201133958974715,1.0,1.0,0.0,2.0,3.033948723056206,3.0916326644890284,0.057683941432822385,5.766727993942111,-1.3884577834531526,16,1,position_exit,5.401676658362047,atr_48,0.00020201133958974715,3.0916326644890284,3.033948723056206,5.766727993942111,-1.3884577834531526,0.0,,,,fractional_return,R,False
132,ETHUSD,long,2023-03-12 18:00:00,2023-03-12 18:00:00,2023-03-13 06:00:00,1548.35,1602.25,1548.35,1602.25,24,1.0,0.03481125068621438,0.03460413410921359,0.0001,0.00010711657700078767,0.0,0.00020711657700078767,1.0,1.0,0.0,2.0,3.84194745577437,3.864148025702371,0.02220056992800095,5.9324350487360045,-1.9213203541525476,13,3,position_exit,13.948741000987637,atr_48,0.00020711657700078767,3.864148025702371,3.84194745577437,5.9324350487360045,-1.9213203541525476,0.0,,,,fractional_return,R,False
133,ETHUSD,long,2023-03-13 22:00:00,2023-03-13 22:00:00,2023-03-14 10:00:00,1687.15,1678.25,1687.15,1678.25,24,1.0,-0.00527516818303031,-0.005473877992768994,0.0001,9.870980973868412e-05,0.0,0.00019870980973868413,1.0,1.0,0.0,2.0,-0.5653771272365768,-0.5447247159010175,0.020652411335559378,0.6885565229085825,-1.5178846016118195,14,20,position_exit,16.33852795770207,atr_48,0.00019870980973868413,-0.5447247159010175,-0.5653771272365768,0.6885565229085825,-1.5178846016118195,0.0,,,,fractional_return,R,False
134,ETHUSD,long,2023-03-15 11:00:00,2023-03-15 11:00:00,2023-03-15 23:00:00,1664.35,1654.85,1664.35,1654.85,24,1.0,-0.005707934028299166,-0.005906734436566419,0.0001,9.880040826725231e-05,0.0,0.00019880040826725232,1.0,1.0,0.0,2.0,-0.6462550032027834,-0.6243774737616222,0.021877529441161177,2.589523417495576,-3.259907652481727,3,12,position_exit,15.215154933066907,atr_48,0.00019880040826725232,-0.6243774737616222,-0.6462550032027834,2.589523417495576,-3.259907652481727,0.0,,,,fractional_return,R,False
135,ETHUSD,long,2023-03-20 01:00:00,2023-03-20 01:00:00,2023-03-20 13:00:00,1780.45,1779.65,1780.45,1779.65,24,1.0,-0.0004493246089468661,-0.000649710532168557,0.0001,0.0001003859232216909,0.0,0.0002003859232216909,1.0,1.0,0.0,2.0,-0.08164851171113256,-0.05649976158335848,0.025148750127774084,1.9704291852197295,-2.5813328573398344,14,6,position_exit,14.159351784514213,atr_48,0.0002003859232216909,-0.05649976158335848,-0.08164851171113256,1.9704291852197295,-2.5813328573398344,0.0,,,,fractional_return,R,False
136,ETHUSD,long,2023-03-23 16:00:00,2023-03-23 16:00:00,2023-03-24 04:00:00,1830.25,1814.45,1830.25,1814.45,24,1.0,-0.008632700450757813,-0.00883101043409329,0.0001,9.830998333547622e-05,0.0,0.00019830998333547623,1.0,1.0,0.0,2.0,-1.3161221211626246,-1.286320994576255,0.029801126586369596,0.42334615011370913,-2.7069729790924435,2,6,position_exit,12.283092685745094,atr_48,0.00019830998333547623,-1.286320994576255,-1.3161221211626246,0.42334615011370913,-2.7069729790924435,0.0,,,,fractional_return,R,False
137,ETHUSD,short,2023-03-29 10:30:00,2023-03-29 10:30:00,2023-03-29 22:30:00,1811.35,1790.3000000000002,1811.35,1790.3000000000002,24,1.0,0.011570741721042666,0.011368567298971621,0.0001,0.00010217442207104419,0.0,0.0002021744220710442,1.0,1.0,0.0,2.0,2.242329266333362,2.281595470180502,0.03926620384714019,2.9969650712822755,-0.5365272008263057,23,7,position_exit,9.226000084201788,atr_48,0.0002021744220710442,2.281595470180502,2.242329266333362,2.9969650712822755,-0.5365272008263057,0.0,,,,fractional_return,R,False
138,ETHUSD,long,2023-03-31 15:00:00,2023-03-31 15:00:00,2023-04-01 03:00:00,1828.25,1826.9,1828.25,1826.9,24,1.0,-0.0007384110488170004,-0.0009384174489266428,0.0001,0.00010000640010964243,0.0,0.00020000640010964243,1.0,1.0,0.0,2.0,-0.18946599214488255,-0.1490858213479368,0.04038017079694575,1.6012921552186883,-1.4466846367837705,22,11,position_exit,9.05518705799176,atr_48,0.00020000640010964243,-0.1490858213479368,-0.18946599214488255,1.6012921552186883,-1.4466846367837705,0.0,,,,fractional_return,R,False
139,ETHUSD,short,2023-04-04 23:00:00,2023-04-04 23:00:00,2023-04-05 11:00:00,1864.4,1915.85,1864.4,1915.85,24,1.0,-0.027261334753298394,-0.02745596686175511,0.0001,9.463210845671596e-05,0.0,0.00019463210845671597,1.0,1.0,0.0,2.0,-5.656556143921835,-5.615855653039321,0.040700490882513304,0.021830342674599094,-6.554560388046883,1,7,position_exit,9.161560264134442,atr_48,0.00019463210845671597,-5.615855653039321,-5.656556143921835,0.021830342674599094,-6.554560388046883,0.0,,,,fractional_return,R,False
140,ETHUSD,long,2023-04-06 07:30:00,2023-04-06 07:30:00,2023-04-06 19:30:00,1880.0,1872.0,1880.0,1872.0,24,1.0,-0.0042553191489368425,-0.004454532588298088,0.0001,9.921343936124547e-05,0.0,0.00019921343936124547,1.0,1.0,0.0,2.0,-0.9715646007991698,-0.9279509081176407,0.04361369268152911,0.6437659425066079,-2.8128511902315982,3,6,position_exit,8.621145720120145,atr_48,0.00019921343936124547,-0.9279509081176407,-0.9715646007991698,0.6437659425066079,-2.8128511902315982,0.0,,,,fractional_return,R,False
141,ETHUSD,short,2023-04-11 06:00:00,2023-04-11 06:00:00,2023-04-11 18:00:00,1921.95,1907.65,1921.95,1907.65,24,1.0,0.00743357569643166,0.007232099055628272,0.0001,0.00010147664080338856,0.0,0.00020147664080338856,1.0,1.0,0.0,2.0,1.844901989338594,1.8958635983289196,0.05096160899032558,3.732067153353806,-0.782209456653175,22,3,position_exit,7.542736730957055,atr_48,0.00020147664080338856,1.8958635983289196,1.844901989338594,3.732067153353806,-0.782209456653175,0.0,,,,fractional_return,R,False
142,ETHUSD,long,2023-04-13 22:30:00,2023-04-13 22:30:00,2023-04-14 10:30:00,2009.9,2115.25,2009.9,2115.25,24,1.0,0.05241554306184404,0.05220498590452283,0.0001,0.00011055715732121171,0.0,0.00021055715732121172,1.0,1.0,0.0,2.0,10.683406294570613,10.724326701285209,0.04092040671459547,12.28182265315674,-0.32575078731953666,6,1,position_exit,9.82346052432128,atr_48,0.00021055715732121172,10.724326701285209,10.683406294570613,12.28182265315674,-0.32575078731953666,0.0,,,,fractional_return,R,False
143,ETHUSD,long,2023-04-15 13:30:00,2023-04-15 13:30:00,2023-04-16 01:30:00,2098.3,2090.8500000000004,2098.3,2090.8500000000004,24,1.0,-0.0035504932564460745,-0.0037495301637043843,0.0001,9.90369072583098e-05,0.0,0.0001990369072583098,1.0,1.0,0.0,2.0,-0.7804043586754273,-0.7387882668542131,0.04161609182121431,1.2147860763710512,-2.2956977688155056,6,23,position_exit,10.08408001892367,atr_48,0.0001990369072583098,-0.7387882668542131,-0.7804043586754273,1.2147860763710512,-2.2956977688155056,0.0,,,,fractional_return,R,False
144,ETHUSD,short,2023-04-22 06:00:00,2023-04-22 06:00:00,2023-04-22 18:00:00,1855.2,1876.55,1855.2,1876.55,24,1.0,-0.011507418916621215,-0.011704811739209786,0.0001,9.739282258857127e-05,0.0,0.00019739282258857127,1.0,1.0,0.0,2.0,-2.0330384836681312,-1.9983100084671175,0.0347284752010137,1.0950926041716846,-3.018524485857837,8,22,position_exit,10.684027958393337,atr_48,0.00019739282258857127,-1.9983100084671175,-2.0330384836681312,1.0950926041716846,-3.018524485857837,0.0,,,,fractional_return,R,False
145,ETHUSD,short,2023-04-26 17:30:00,2023-04-26 17:30:00,2023-04-27 05:30:00,1947.55,1908.05,1947.55,1908.05,24,1.0,0.016343128678416363,0.016140179892514483,0.0001,0.0001029487859018797,0.0,0.0002029487859018797,1.0,1.0,0.0,2.0,3.98448081826985,4.024163141951407,0.039682323681556775,16.330970927969883,-0.3158203984822762,5,2,position_exit,9.81570542909092,atr_48,0.0002029487859018797,4.024163141951407,3.98448081826985,16.330970927969883,-0.3158203984822762,0.0,,,,fractional_return,R,False
146,ETHUSD,long,2023-04-27 20:00:00,2023-04-27 20:00:00,2023-04-28 08:00:00,1916.7,1915.25,1916.7,1915.25,24,1.0,-0.0007565085824594586,-0.0009565872601349223,0.0001,0.00010007867767546372,0.0,0.00020007867767546372,1.0,1.0,0.0,2.0,-0.1266445471736812,-0.10016395944115056,0.026480587732530654,0.6320691233699898,-1.4817358138018044,2,5,position_exit,14.47626479713959,atr_48,0.00020007867767546372,-0.10016395944115056,-0.1266445471736812,0.6320691233699898,-1.4817358138018044,0.0,,,,fractional_return,R,False
147,ETHUSD,long,2023-05-01 15:00:00,2023-05-01 15:00:00,2023-05-02 03:00:00,1829.75,1825.2,1829.75,1825.2,24,1.0,-0.0024866785079921128,-0.0026863788550346435,0.0001,9.97003470425307e-05,0.0,0.0001997003470425307,1.0,1.0,0.0,2.0,-0.623342622639314,-0.5769401505322219,0.04640247210709203,1.5342804003164623,-2.948100769203142,4,12,position_exit,7.8864332735425355,atr_48,0.0001997003470425307,-0.5769401505322219,-0.623342622639314,1.5342804003164623,-2.948100769203142,0.0,,,,fractional_return,R,False
148,ETHUSD,long,2023-05-02 19:00:00,2023-05-02 19:00:00,2023-05-03 07:00:00,1876.55,1868.2,1876.55,1868.2,24,1.0,-0.004449654951906301,-0.004648691124670035,0.0001,9.903617276373353e-05,0.0,0.00019903617276373353,1.0,1.0,0.0,2.0,-1.022954652533472,-0.97895333789338,0.044001314640092035,0.1641358889881241,-2.426866358609968,1,14,position_exit,8.529517880768823,atr_48,0.00019903617276373353,-0.97895333789338,-1.022954652533472,0.1641358889881241,-2.426866358609968,0.0,,,,fractional_return,R,False
149,ETHUSD,short,2023-05-03 19:00:00,2023-05-03 19:00:00,2023-05-04 07:00:00,1879.8,1899.7,1879.8,1899.7,24,1.0,-0.010699815533324664,-0.010897587693199595,0.0001,9.777215987493157e-05,0.0,0.00019777215987493157,1.0,1.0,0.0,2.0,-2.4311121544977095,-2.3860340952785672,0.04507805921914202,2.5479007298828806,-4.388384315939472,3,6,position_exit,8.340199345590987,atr_48,0.00019777215987493157,-2.3860340952785672,-2.4311121544977095,2.5479007298828806,-4.388384315939472,0.0,,,,fractional_return,R,False
150,ETHUSD,short,2023-05-05 23:00:00,2023-05-05 23:00:00,2023-05-06 11:00:00,1997.2,1931.95,1997.2,1931.95,24,1.0,0.033503896625822094,0.03329712850440014,0.0001,0.00010676812142195188,0.0,0.0002067681214219519,1.0,1.0,0.0,2.0,7.332042010181666,7.377202928769678,0.04516091858801165,8.230810317462563,-2.5325570207576975,22,3,position_exit,8.844815661168477,atr_48,0.0002067681214219519,7.377202928769678,7.332042010181666,8.230810317462563,-2.5325570207576975,0.0,,,,fractional_return,R,False
151,ETHUSD,long,2023-05-07 23:30:00,2023-05-07 23:30:00,2023-05-08 11:30:00,1873.4,1864.8,1873.4,1864.8,24,1.0,-0.0045905839649835745,-0.004789442399914634,0.0001,9.885843493105959e-05,0.0,0.0001988584349310596,1.0,1.0,0.0,2.0,-0.9772953516531289,-0.9364946743746756,0.04080067727845324,1.4210762209987535,-3.8929865824295486,1,18,position_exit,9.183180892878653,atr_48,0.0001988584349310596,-0.9364946743746756,-0.9772953516531289,1.4210762209987535,-3.8929865824295486,0.0,,,,fractional_return,R,False
152,ETHUSD,long,2023-05-12 12:30:00,2023-05-12 12:30:00,2023-05-13 00:30:00,1773.05,1809.15,1773.05,1809.15,24,1.0,0.020360395927920605,0.020156630122670105,0.0001,0.0001037658052504998,0.0,0.0002037658052504998,1.0,1.0,0.0,2.0,3.894678580103819,3.933315505628778,0.038636925524958884,4.821307787370436,-3.116144694210035,19,13,position_exit,9.178007700714364,atr_48,0.0002037658052504998,3.933315505628778,3.894678580103819,4.821307787370436,-3.116144694210035,0.0,,,,fractional_return,R,False
153,ETHUSD,long,2023-05-13 19:30:00,2023-05-13 19:30:00,2023-05-14 07:30:00,1793.85,1806.3,1793.85,1806.3,24,1.0,0.006940379630403948,0.0067389765406804525,0.0001,0.0001014030897234953,0.0,0.0002014030897234953,1.0,1.0,0.0,2.0,1.5090823680154775,1.5538597381567212,0.04477737014124376,2.084293785318652,-0.3432220305165436,22,10,position_exit,8.012306191013714,atr_48,0.0002014030897234953,1.5538597381567212,1.5090823680154775,2.084293785318652,-0.3432220305165436,0.0,,,,fractional_return,R,False
154,ETHUSD,long,2023-05-23 04:00:00,2023-05-23 04:00:00,2023-05-23 16:00:00,1862.75,1854.05,1862.75,1854.05,24,1.0,-0.0046705140249626576,-0.004869714901355349,0.0001,9.920087639269112e-05,0.0,0.00019920087639269113,1.0,1.0,0.0,2.0,-1.5871132849827374,-1.5219409735245129,0.06517231145822462,0.11370823365414558,-3.5162084560738402,1,19,position_exit,5.716384637344098,atr_48,0.00019920087639269113,-1.5219409735245129,-1.5871132849827374,0.11370823365414558,-3.5162084560738402,0.0,,,,fractional_return,R,False
155,ETHUSD,short,2023-05-26 14:00:00,2023-05-26 14:00:00,2023-05-27 02:00:00,1833.45,1828.35,1833.45,1828.35,24,1.0,0.0027371730079452927,0.002536766868126872,0.0001,0.00010040613981842092,0.0,0.00020040613981842093,1.0,1.0,0.0,2.0,0.8357882394126779,0.9005368380699021,0.06474859865722424,1.8010736761397643,-0.847564082889289,7,12,position_exit,5.6632885900934795,atr_48,0.00020040613981842093,0.9005368380699021,0.8357882394126779,1.8010736761397643,-0.847564082889289,0.0,,,,fractional_return,R,False
156,ETHUSD,long,2023-05-28 22:00:00,2023-05-28 22:00:00,2023-05-29 10:00:00,1905.55,1903.35,1905.55,1903.35,24,1.0,-0.0011545223163912377,-0.0013543706276402112,0.0001,9.98483112489735e-05,0.0,0.0001998483112489735,1.0,1.0,0.0,2.0,-0.4401022622185935,-0.37511961012157896,0.06498265209701455,3.725619764161992,-2.037581518614906,4,13,position_exit,5.864796029423814,atr_48,0.0001998483112489735,-0.37511961012157896,-0.4401022622185935,3.725619764161992,-2.037581518614906,0.0,,,,fractional_return,R,False
157,ETHUSD,long,2023-05-30 05:00:00,2023-05-30 05:00:00,2023-05-30 17:00:00,1896.85,1899.65,1896.85,1899.65,24,1.0,0.0014761314811393422,0.0012755932437982231,0.0001,0.00010053823734111908,0.0,0.00020053823734111909,1.0,1.0,0.0,2.0,0.39901606572975423,0.4615513250861555,0.06253525935640122,3.387457046614273,-0.78298885505682,11,22,position_exit,6.066497587191456,atr_48,0.00020053823734111909,0.4615513250861555,0.39901606572975423,3.387457046614273,-0.78298885505682,0.0,,,,fractional_return,R,False
158,ETHUSD,long,2023-06-06 09:30:00,2023-06-06 09:30:00,2023-06-06 21:30:00,1817.65,1880.15,1817.65,1880.15,24,1.0,0.03438505762935651,0.034178322987098886,0.0001,0.00010673464225762217,0.0,0.00020673464225762217,1.0,1.0,0.0,2.0,10.585539689072899,10.647470488218211,0.06193079914531146,13.637280201309876,-3.2879388867618142,20,5,position_exit,5.86993878679057,atr_48,0.00020673464225762217,10.647470488218211,10.585539689072899,13.637280201309876,-3.2879388867618142,0.0,,,,fractional_return,R,False
159,ETHUSD,short,2023-06-07 10:00:00,2023-06-07 10:00:00,2023-06-07 22:00:00,1857.15,1828.15,1857.15,1828.15,24,1.0,0.015554415478422845,0.015350996155505392,0.0001,0.00010341932291745301,0.0,0.00020341932291745302,1.0,1.0,0.0,2.0,3.9311067163178084,3.9821092975728947,0.05100258125508622,4.840322508256708,-2.7394165685027074,23,3,position_exit,7.282572584754409,atr_48,0.00020341932291745302,3.9821092975728947,3.9311067163178084,4.840322508256708,-2.7394165685027074,0.0,,,,fractional_return,R,False
160,ETHUSD,long,2023-06-11 04:30:00,2023-06-11 04:30:00,2023-06-11 16:30:00,1754.75,1752.95,1754.75,1752.95,24,1.0,-0.001025787149166013,-0.0012253098826041642,0.0001,9.952273343815107e-05,0.0,0.00019952273343815108,1.0,1.0,0.0,2.0,-0.2664487351483563,-0.22297483589439057,0.043473899253965755,0.6689245076831999,-1.802379923479725,2,18,position_exit,8.072659826297635,atr_48,0.00019952273343815108,-0.22297483589439057,-0.2664487351483563,0.6689245076831999,-1.802379923479725,0.0,,,,fractional_return,R,False
161,ETHUSD,long,2023-06-12 17:00:00,2023-06-12 17:00:00,2023-06-13 05:00:00,1727.85,1747.0500000000002,1727.85,1747.0500000000002,24,1.0,0.011112075701015245,0.010909863396995956,0.0001,0.00010221230401928913,0.0,0.00020221230401928914,1.0,1.0,0.0,2.0,2.497571425805474,2.5433477106157594,0.04577628481028518,3.6163225260317557,-0.2384388478701879,19,1,position_exit,7.549105425050922,atr_48,0.00020221230401928914,2.5433477106157594,2.497571425805474,3.6163225260317557,-0.2384388478701879,0.0,,,,fractional_return,R,False
162,ETHUSD,short,2023-06-16 16:30:00,2023-06-16 16:30:00,2023-06-17 04:30:00,1684.35,1725.8000000000002,1684.35,1725.8000000000002,24,1.0,-0.024267695785814558,-0.024463156866257108,0.0001,9.546108044254939e-05,0.0,0.0001954610804425494,1.0,1.0,0.0,2.0,-5.954533065416103,-5.906529863603029,0.04800320181307453,0.1781221309892337,-6.163025732227487,1,9,position_exit,7.017656891133613,atr_48,0.0001954610804425494,-5.906529863603029,-5.954533065416103,0.1781221309892337,-6.163025732227487,0.0,,,,fractional_return,R,False
163,ETHUSD,short,2023-06-21 10:00:00,2023-06-21 10:00:00,2023-06-21 22:00:00,1817.05,1880.25,1817.05,1880.25,24,1.0,-0.0346721788287182,-0.034865477227690844,0.0001,9.329839897264111e-05,0.0,0.00019329839897264112,1.0,1.0,0.0,2.0,-8.714500051059,-8.664676788531779,0.049823262527220434,1.0899395643801897,-11.214724071232572,1,13,position_exit,7.293982400318619,atr_48,0.00019329839897264112,-8.664676788531779,-8.714500051059,1.0899395643801897,-11.214724071232572,0.0,,,,fractional_return,R,False
164,ETHUSD,long,2023-06-22 22:30:00,2023-06-22 22:30:00,2023-06-23 10:30:00,1870.95,1879.15,1870.95,1879.15,24,1.0,0.0043828001817256546,0.004182045896736986,0.0001,0.00010075428498866898,0.0,0.00020075428498866899,1.0,1.0,0.0,2.0,0.8061927409264694,0.8447407329844512,0.03854799205798171,1.84915806793547,-0.6696115566340125,22,7,position_exit,9.707120397793082,atr_48,0.00020075428498866899,0.8447407329844512,0.8061927409264694,1.84915806793547,-0.6696115566340125,0.0,,,,fractional_return,R,False
165,ETHUSD,long,2023-06-27 07:00:00,2023-06-27 07:00:00,2023-06-27 19:00:00,1873.05,1895.85,1873.05,1895.85,24,1.0,0.012172659565948374,0.011970128388723689,0.0001,0.00010253117722468516,0.0,0.00020253117722468517,1.0,1.0,0.0,2.0,2.824333444395535,2.871513161297003,0.04717971690146809,4.949581896446154,-0.8941992739126535,20,17,position_exit,7.940064599843821,atr_48,0.00020253117722468517,2.871513161297003,2.824333444395535,4.949581896446154,-0.8941992739126535,0.0,,,,fractional_return,R,False
166,ETHUSD,long,2023-06-28 14:00:00,2023-06-28 14:00:00,2023-06-29 02:00:00,1858.55,1835.75,1858.55,1835.75,24,1.0,-0.012267627989561825,-0.012465159206639376,0.0001,9.753121707755116e-05,0.0,0.00019753121707755117,1.0,1.0,0.0,2.0,-2.974032296144906,-2.926324226917386,0.04770806922752034,1.2257191389061826,-5.191658551702133,1,11,position_exit,7.791344441698335,atr_48,0.00019753121707755117,-2.926324226917386,-2.974032296144906,1.2257191389061826,-5.191658551702133,0.0,,,,fractional_return,R,False
167,ETHUSD,short,2023-06-30 04:30:00,2023-06-30 04:30:00,2023-06-30 16:30:00,1886.7,1898.0,1886.7,1898.0,24,1.0,-0.007254916969009373,-0.007455351000660637,0.0001,0.00010043403165126427,0.0,0.00020043403165126428,1.0,1.0,0.0,2.0,-1.4656993852143858,-1.4183369716838388,0.04736241353054707,7.625130179627748,-3.219499409176143,18,16,position_exit,7.96707709493371,atr_48,0.00020043403165126428,-1.4183369716838388,-1.4656993852143858,7.625130179627748,-3.219499409176143,0.0,,,,fractional_return,R,False
168,ETHUSD,short,2023-07-02 22:30:00,2023-07-02 22:30:00,2023-07-03 10:30:00,1942.1,1962.1,1942.1,1962.1,24,1.0,-0.010315917222561866,-0.010514069600691567,0.0001,9.815237812970121e-05,0.0,0.0001981523781297012,1.0,1.0,0.0,2.0,-2.611031531576828,-2.5612887429009485,0.04974278867587932,1.4151120304527682,-4.322174753645351,2,19,position_exit,7.8085690476848555,atr_48,0.0001981523781297012,-2.5612887429009485,-2.611031531576828,1.4151120304527682,-4.322174753645351,0.0,,,,fractional_return,R,False
169,ETHUSD,long,2023-07-07 08:00:00,2023-07-07 08:00:00,2023-07-07 20:00:00,1857.7,1863.6,1857.7,1863.6,24,1.0,0.0031759702858371597,0.002975304755073571,0.0001,0.0001006655307635885,0.0,0.0002006655307635885,1.0,1.0,0.0,2.0,0.7179982988551467,0.7662513544902869,0.048253055635140304,2.636424151890364,-0.6558592101993226,12,9,position_exit,7.69982325698408,atr_48,0.0002006655307635885,0.7662513544902869,0.7179982988551467,2.636424151890364,-0.6558592101993226,0.0,,,,fractional_return,R,False
170,ETHUSD,short,2023-07-12 06:00:00,2023-07-12 06:00:00,2023-07-12 18:00:00,1888.65,1887.95,1888.65,1887.95,24,1.0,0.00030373110392467595,0.00010364590112210692,0.0001,0.00010008520280256902,0.0,0.00020008520280256903,1.0,1.0,0.0,2.0,0.0653084705411932,0.14185598839119917,0.07654751785000598,1.9353209844798427,-2.776324344227538,20,18,position_exit,4.934581951307132,atr_48,0.00020008520280256903,0.14185598839119917,0.0653084705411932,1.9353209844798427,-2.776324344227538,0.0,,,,fractional_return,R,False
171,ETHUSD,short,2023-07-13 09:00:00,2023-07-13 09:00:00,2023-07-13 21:00:00,1877.15,1976.55,1877.15,1976.55,24,1.0,-0.05112176801332102,-0.051311106051806665,0.0001,8.933803848564245e-05,0.0,0.00018933803848564246,1.0,1.0,0.0,2.0,-20.37299796386613,-20.29633946562088,0.07665849824525209,0.05104713145276888,-27.87173377321181,7,18,position_exit,4.897434838847142,atr_48,0.00018933803848564246,-20.29633946562088,-20.37299796386613,0.05104713145276888,-27.87173377321181,0.0,,,,fractional_return,R,False
172,ETHUSD,long,2023-07-23 19:00:00,2023-07-23 19:00:00,2023-07-24 08:00:00,1894.75,1874.55,1894.75,1874.55,26,1.0,-0.010661037076130753,-0.010858926638606325,0.0001,9.788956247557276e-05,0.0,0.00019788956247557277,1.0,1.0,0.0,2.0,-4.838418361119667,-4.749321558904477,0.08909680221519047,0.3056494072562173,-7.370853013448246,1,18,position_exit,4.253239067825841,atr_48,0.00019788956247557277,-4.749321558904477,-4.838418361119667,0.3056494072562173,-7.370853013448246,0.0,,,,fractional_return,R,False
173,ETHUSD,long,2023-07-25 01:00:00,2023-07-25 01:00:00,2023-07-25 17:30:00,1846.1,1860.5,1846.1,1860.5,33,1.0,0.007800227506635782,0.0075986992042684776,0.0001,0.00010152830236730423,0.0,0.00020152830236730424,1.0,1.0,0.0,2.0,2.9116782562385985,2.9882990745942712,0.0766208183556729,4.482448611891407,-0.1971447306155553,25,1,position_exit,4.818794786112637,atr_48,0.00020152830236730424,2.9882990745942712,2.9116782562385985,4.482448611891407,-0.1971447306155553,0.0,,,,fractional_return,R,False
174,ETHUSD,long,2023-07-26 05:30:00,2023-07-26 05:30:00,2023-07-26 17:30:00,1859.2,1857.55,1859.2,1857.55,24,1.0,-0.0008874784853704076,-0.0010873555359834919,0.0001,9.987705061308425e-05,0.0,0.00019987705061308425,1.0,1.0,0.0,2.0,-0.4824642918671656,-0.39373347128399444,0.08873082058317117,1.0618872407355737,-2.5294392700667663,21,8,position_exit,4.190652104377403,atr_48,0.00019987705061308425,-0.39373347128399444,-0.4824642918671656,1.0618872407355737,-2.5294392700667663,0.0,,,,fractional_return,R,False
175,ETHUSD,short,2023-08-02 15:00:00,2023-08-02 15:00:00,2023-08-03 03:00:00,1838.8,1840.35,1838.8,1840.35,24,1.0,-0.0009287638069533921,-0.001128549072145102,0.0001,9.97852651917098e-05,0.0,0.0001997852651917098,1.0,1.0,0.0,2.0,-0.3974279100727319,-0.32121499072497656,0.0762129193477554,3.7406003758619244,-1.4506483452096142,3,3,position_exit,4.825428590681997,atr_48,0.0001997852651917098,-0.32121499072497656,-0.3974279100727319,3.7406003758619244,-1.4506483452096142,0.0,,,,fractional_return,R,False
176,ETHUSD,long,2023-08-03 15:00:00,2023-08-03 15:00:00,2023-08-04 03:00:00,1839.5,1833.9,1839.5,1833.9,24,1.0,-0.003044305517803658,-0.0032436758157103895,0.0001,9.937029790673133e-05,0.0,0.00019937029790673133,1.0,1.0,0.0,2.0,-1.2840793512068969,-1.2049203851871872,0.07915896601970954,3.851441945509127,-2.3130168108504416,4,22,position_exit,4.647609973940258,atr_48,0.00019937029790673133,-1.2049203851871872,-1.2840793512068969,3.851441945509127,-2.3130168108504416,0.0,,,,fractional_return,R,False
177,ETHUSD,long,2023-08-09 16:30:00,2023-08-09 16:30:00,2023-08-10 04:30:00,1847.7,1850.9,1847.7,1850.9,24,1.0,0.0017318828814203435,0.0015315411105700782,0.0001,0.00010034177085026527,0.0,0.00020034177085026528,1.0,1.0,0.0,2.0,0.6206634869550924,0.7016962466370456,0.08103275968195317,2.159908759179605,-0.6030202119537025,13,6,position_exit,4.560377820654433,atr_48,0.00020034177085026528,0.7016962466370456,0.6206634869550924,2.159908759179605,-0.6030202119537025,0.0,,,,fractional_return,R,False
178,ETHUSD,long,2023-08-10 17:30:00,2023-08-10 17:30:00,2023-08-11 05:30:00,1846.55,1847.7,1846.55,1847.7,24,1.0,0.0006227830278091595,0.00042274157943200663,0.0001,0.00010004144837715287,0.0,0.00020004144837715288,1.0,1.0,0.0,2.0,0.1919808204111382,0.2827984775939242,0.09081765718278598,1.6107217636869946,-0.9590557066227638,15,19,position_exit,4.0664999676957185,atr_48,0.00020004144837715288,0.2827984775939242,0.1919808204111382,1.6107217636869946,-0.9590557066227638,0.0,,,,fractional_return,R,False
179,ETHUSD,long,2023-08-15 08:30:00,2023-08-15 08:30:00,2023-08-15 20:30:00,1840.7,1827.6,1840.7,1827.6,24,1.0,-0.007116857717172298,-0.007315538492420726,0.0001,9.868077524842764e-05,0.0,0.00019868077524842764,1.0,1.0,0.0,2.0,-5.733377638080615,-5.5766607013927745,0.1567169366878408,1.1493880834931747,-11.7493004090412,9,21,position_exit,2.349076033391883,atr_48,0.00019868077524842764,-5.5766607013927745,-5.733377638080615,1.1493880834931747,-11.7493004090412,0.0,,,,fractional_return,R,False
180,ETHUSD,short,2023-08-16 09:30:00,2023-08-16 09:30:00,2023-08-16 21:30:00,1822.2,1809.8,1822.2,1809.8,24,1.0,0.006715790952370515,0.006514223167016997,0.0001,0.00010156778535351804,0.0,0.00020156778535351805,1.0,1.0,0.0,2.0,4.134246788575519,4.259432895381388,0.1251861068058695,8.724967382474746,-1.683162998981296,22,17,position_exit,2.911185668271879,atr_48,0.00020156778535351805,4.259432895381388,4.134246788575519,8.724967382474746,-1.683162998981296,0.0,,,,fractional_return,R,False
181,ETHUSD,short,2023-08-19 15:30:00,2023-08-19 15:30:00,2023-08-20 03:30:00,1683.0,1668.35,1683.0,1668.35,24,1.0,0.008622985686908446,0.008421340598108173,0.0001,0.00010164508880027298,0.0,0.000201645088800273,1.0,1.0,0.0,2.0,1.9259577996835322,1.9712494421565625,0.045291642473030365,2.5969361251618657,-1.7088647041220668,14,2,position_exit,7.4318346966647075,atr_48,0.000201645088800273,1.9712494421565625,1.9259577996835322,2.5969361251618657,-1.7088647041220668,0.0,,,,fractional_return,R,False
182,ETHUSD,long,2023-08-23 07:30:00,2023-08-23 07:30:00,2023-08-23 19:30:00,1644.6,1686.65,1644.6,1686.65,24,1.0,0.025568527301472077,0.0253637369664359,0.0001,0.00010479033503617571,0.0,0.00020479033503617572,1.0,1.0,0.0,2.0,5.812303190646725,5.858126135917257,0.04582294527053261,7.543817604278685,-1.4697557843977773,24,11,position_exit,7.17806326193351,atr_48,0.00020479033503617572,5.858126135917257,5.812303190646725,7.543817604278685,-1.4697557843977773,0.0,,,,fractional_return,R,False
183,ETHUSD,long,2023-08-30 09:00:00,2023-08-30 09:00:00,2023-08-30 21:00:00,1711.9,1703.5,1711.9,1703.5,24,1.0,-0.0049068286698997765,-0.005105849034990784,0.0001,9.902036509100717e-05,0.0,0.00019902036509100718,1.0,1.0,0.0,2.0,-1.4341088697715394,-1.3779445077977548,0.05616436197378455,1.6568142296139343,-2.559039800195825,8,15,position_exit,6.096036489470144,atr_48,0.00019902036509100718,-1.3779445077977548,-1.4341088697715394,1.6568142296139343,-2.559039800195825,0.0,,,,fractional_return,R,False
184,ETHUSD,long,2023-08-31 11:30:00,2023-08-31 11:30:00,2023-08-31 23:30:00,1713.6,1645.5,1713.6,1645.5,24,1.0,-0.039740896358543054,-0.0399328452153358,0.0001,9.19488567927452e-05,0.0,0.0001919488567927452,1.0,1.0,0.0,2.0,-13.95177742082072,-13.881915306082094,0.06986211473862645,0.10192301986844429,-16.847875184253812,1,19,position_exit,4.905663123456978,atr_48,0.0001919488567927452,-13.881915306082094,-13.95177742082072,0.10192301986844429,-16.847875184253812,0.0,,,,fractional_return,R,False
185,ETHUSD,long,2023-09-01 11:30:00,2023-09-01 11:30:00,2023-09-01 23:30:00,1646.2,1628.3,1646.2,1628.3,24,1.0,-0.010873526910460507,-0.01107129372190474,0.0001,9.776681144423324e-05,0.0,0.00019776681144423325,1.0,1.0,0.0,2.0,-3.5289212176350415,-3.4651850431322013,0.06373617450284025,1.084080236957537,-8.488735426890878,1,12,position_exit,5.165669301117661,atr_48,0.00019776681144423325,-3.4651850431322013,-3.5289212176350415,1.084080236957537,-8.488735426890878,0.0,,,,fractional_return,R,False
186,ETHUSD,long,2023-09-07 12:30:00,2023-09-07 12:30:00,2023-09-08 00:30:00,1625.4,1654.6,1625.4,1654.6,24,1.0,0.0179648086624824,0.01776170263842758,0.0001,0.00010310602405482214,0.0,0.00020310602405482214,1.0,1.0,0.0,2.0,6.683149644338195,6.7583899666103076,0.07524032227211276,7.64947905467369,-0.601774449081775,17,3,position_exit,4.32055565663743,atr_48,0.00020310602405482214,6.7583899666103076,6.683149644338195,7.64947905467369,-0.601774449081775,0.0,,,,fractional_return,R,False
187,ETHUSD,short,2023-09-08 13:30:00,2023-09-08 13:30:00,2023-09-09 01:30:00,1630.75,1635.6999999999998,1630.75,1635.6999999999998,24,1.0,-0.003057348647874214,-0.003256794336190083,0.0001,9.944568831586906e-05,0.0,0.00019944568831586906,1.0,1.0,0.0,2.0,-1.1233372627979876,-1.0538971505453836,0.06944011225260394,1.3519690719117852,-1.5861684386996857,6,19,position_exit,4.696853006423095,atr_48,0.00019944568831586906,-1.0538971505453836,-1.1233372627979876,1.3519690719117852,-1.5861684386996857,0.0,,,,fractional_return,R,False
188,ETHUSD,long,2023-09-10 15:30:00,2023-09-10 15:30:00,2023-09-11 03:30:00,1619.3000000000002,1611.9,1619.3000000000002,1611.9,24,1.0,-0.004569875872290741,-0.004768933418143773,0.0001,9.905754585303192e-05,0.0,0.00019905754585303193,1.0,1.0,0.0,2.0,-2.6455439592321097,-2.5346167976008913,0.11092716163121821,2.757252056849491,-7.449718290245772,11,2,position_exit,2.9195734862186917,atr_48,0.00019905754585303193,-2.5346167976008913,-2.6455439592321097,2.757252056849491,-7.449718290245772,0.0,,,,fractional_return,R,False
189,ETHUSD,long,2023-09-13 05:00:00,2023-09-13 05:00:00,2023-09-13 17:00:00,1584.6,1603.35,1584.6,1603.35,24,1.0,0.011832639151835744,0.011629885205414192,0.0001,0.0001027539464215522,0.0,0.0002027539464215522,1.0,1.0,0.0,2.0,2.7358040255582883,2.7828407124158256,0.047036686857537244,4.8755369281525125,-0.4452545139865321,20,1,position_exit,6.737719452049717,atr_48,0.0002027539464215522,2.7828407124158256,2.7358040255582883,4.8755369281525125,-0.4452545139865321,0.0,,,,fractional_return,R,False
190,ETHUSD,short,2023-09-19 11:30:00,2023-09-19 11:30:00,2023-09-19 23:30:00,1647.9,1643.4,1647.9,1643.4,24,1.0,0.002639997117234838,0.002439509627662373,0.0001,0.00010048748957246509,0.0,0.0002004874895724651,1.0,1.0,0.0,2.0,0.8275796138940096,0.892981585193588,0.06540197129957839,2.549958526608339,-2.4110502800226605,5,9,position_exit,5.039297645790145,atr_48,0.0002004874895724651,0.892981585193588,0.8275796138940096,2.549958526608339,-2.4110502800226605,0.0,,,,fractional_return,R,False
191,ETHUSD,short,2023-09-20 15:30:00,2023-09-20 15:30:00,2023-09-21 03:30:00,1629.3,1623.35,1629.3,1623.35,24,1.0,0.003502574007120174,0.0033016631358275816,0.0001,0.00010091087129259221,0.0,0.00020091087129259222,1.0,1.0,0.0,2.0,1.0783321556734284,1.140810208539776,0.06247805286634765,4.505720991711643,-2.0515410472900104,7,6,position_exit,5.215591476531383,atr_48,0.00020091087129259222,1.140810208539776,1.0783321556734284,4.505720991711643,-2.0515410472900104,0.0,,,,fractional_return,R,False
192,ETHUSD,long,2023-09-22 00:30:00,2023-09-22 00:30:00,2023-09-22 12:30:00,1591.0,1595.0,1591.0,1595.0,24,1.0,0.0025141420490255584,0.0023134104261468558,0.0001,0.0001007316228787026,0.0,0.0002007316228787026,1.0,1.0,0.0,2.0,0.6621097370603731,0.7193326493132415,0.057222912252868366,2.0141314180770844,-1.043032341504192,15,1,position_exit,5.560709643610456,atr_48,0.0002007316228787026,0.7193326493132415,0.6621097370603731,2.0141314180770844,-1.043032341504192,0.0,,,,fractional_return,R,False
193,ETHUSD,long,2023-09-27 10:00:00,2023-09-27 10:00:00,2023-09-27 22:00:00,1614.45,1595.9499999999998,1614.45,1595.9499999999998,24,1.0,-0.01145901080863454,-0.011656637896497402,0.0001,9.762708786286165e-05,0.0,0.00019762708786286165,1.0,1.0,0.0,2.0,-4.51513523783226,-4.4376820934456305,0.0774531443866293,4.425688358057896,-7.448109675755942,3,16,position_exit,4.168843015439156,atr_48,0.00019762708786286165,-4.4376820934456305,-4.51513523783226,4.425688358057896,-7.448109675755942,0.0,,,,fractional_return,R,False
194,ETHUSD,short,2023-09-29 06:30:00,2023-09-29 06:30:00,2023-09-29 18:30:00,1659.05,1666.45,1659.05,1666.45,24,1.0,-0.004779743902478262,-0.004979081401121244,0.0001,9.933749864298189e-05,0.0,0.0001993374986429819,1.0,1.0,0.0,2.0,-1.3480731662727172,-1.2902207155139758,0.05785245075874149,0.38357913163929336,-5.0824234942205475,15,2,position_exit,5.735452788054334,atr_48,0.0001993374986429819,-1.2902207155139758,-1.3480731662727172,0.38357913163929336,-5.0824234942205475,0.0,,,,fractional_return,R,False
195,ETHUSD,long,2023-10-04 09:30:00,2023-10-04 09:30:00,2023-10-04 21:30:00,1651.5,1643.9,1651.5,1643.9,24,1.0,-0.004601877081440997,-0.004801043623978041,0.0001,9.916654253704368e-05,0.0,0.0001991665425370437,1.0,1.0,0.0,2.0,-1.3101880782417412,-1.2556182483181253,0.054569829923616024,0.4460749040077303,-3.915546379623682,19,10,position_exit,6.052795115219098,atr_48,0.0001991665425370437,-1.2556182483181253,-1.3101880782417412,0.4460749040077303,-3.915546379623682,0.0,,,,fractional_return,R,False
196,ETHUSD,long,2023-10-05 15:00:00,2023-10-05 15:00:00,2023-10-06 03:00:00,1627.1999999999998,1622.6,1627.1999999999998,1622.6,24,1.0,-0.0028269419862345657,-0.003026409640486838,0.0001,9.946765425227219e-05,0.0,0.0001994676542522722,1.0,1.0,0.0,2.0,-0.8814334986598772,-0.8231942920501376,0.05823920660973957,0.0,-3.319620460332637,1,1,position_exit,5.587988211803272,atr_48,0.0001994676542522722,-0.8231942920501376,-0.8814334986598772,0.0,-3.319620460332637,0.0,,,,fractional_return,R,False
197,ETHUSD,long,2023-10-09 10:30:00,2023-10-09 10:30:00,2023-10-09 22:30:00,1595.7,1577.0,1595.7,1577.0,24,1.0,-0.011718994798521232,-0.011916797772137833,0.0001,9.780297361660093e-05,0.0,0.00019780297361660093,1.0,1.0,0.0,2.0,-4.3590542339256055,-4.2859095718528195,0.07314466207278639,0.3896281428957203,-10.668935324585457,7,12,position_exit,4.363134519405165,atr_48,0.00019780297361660093,-4.2859095718528195,-4.3590542339256055,0.3896281428957203,-10.668935324585457,0.0,,,,fractional_return,R,False
198,ETHUSD,long,2023-10-10 10:30:00,2023-10-10 10:30:00,2023-10-10 22:30:00,1585.9,1568.1999999999998,1585.9,1568.1999999999998,24,1.0,-0.011160855034995643,-0.011358512096601214,0.0001,9.765706160557172e-05,0.0,0.00019765706160557173,1.0,1.0,0.0,2.0,-3.7477586640408544,-3.6817819632996476,0.06597670074120701,0.4368215888660342,-7.0723495340218125,7,20,position_exit,4.807454698957069,atr_48,0.00019765706160557173,-3.6817819632996476,-3.7477586640408544,0.4368215888660342,-7.0723495340218125,0.0,,,,fractional_return,R,False
199,ETHUSD,long,2023-10-11 12:30:00,2023-10-11 12:30:00,2023-10-12 00:30:00,1572.5,1561.2,1572.5,1561.2,24,1.0,-0.007186009538950544,-0.007384746810174869,0.0001,9.873727122432516e-05,0.0,0.00019873727122432516,1.0,1.0,0.0,2.0,-2.034476798312607,-1.9793867855639462,0.055090012748660495,0.6218427512169865,-4.151457240519098,3,11,position_exit,5.7088387587575395,atr_48,0.00019873727122432516,-1.9793867855639462,-2.034476798312607,0.6218427512169865,-4.151457240519098,0.0,,,,fractional_return,R,False
200,ETHUSD,long,2023-10-12 12:30:00,2023-10-12 12:30:00,2023-10-13 00:30:00,1549.0,1544.0500000000002,1549.0,1544.0500000000002,24,1.0,-0.003195610071013655,-0.003394951298256732,0.0001,9.934122724307723e-05,0.0,0.00019934122724307723,1.0,1.0,0.0,2.0,-0.9418577383976914,-0.8863827151352831,0.055475023262408246,0.6446419746438496,-4.861674892105839,1,9,position_exit,5.584495179651975,atr_48,0.00019934122724307723,-0.8863827151352831,-0.9418577383976914,0.6446419746438496,-4.861674892105839,0.0,,,,fractional_return,R,False
201,ETHUSD,long,2023-10-16 10:30:00,2023-10-16 10:30:00,2023-10-16 22:30:00,1585.6999999999998,1602.6,1585.6999999999998,1602.6,24,1.0,0.01065775367345645,0.010456042101910423,0.0001,0.00010171157154602603,0.0,0.00020171157154602604,1.0,1.0,0.0,2.0,3.7518455376799817,3.823597955165254,0.07175241748527231,12.353162624380015,-4.072471194850493,6,6,position_exit,4.419920765249411,atr_48,0.00020171157154602604,3.823597955165254,3.7518455376799817,12.353162624380015,-4.072471194850493,0.0,,,,fractional_return,R,False
202,ETHUSD,short,2023-10-17 10:30:00,2023-10-17 10:30:00,2023-10-17 22:30:00,1587.1,1562.3000000000002,1587.1,1562.3000000000002,24,1.0,0.01569205167565535,0.015488936420134714,0.0001,0.00010311525552063614,0.0,0.00020311525552063614,1.0,1.0,0.0,2.0,4.213964480683512,4.268599106832332,0.05463462614881991,5.817687492376342,0.0,16,1,position_exit,5.809868619497383,atr_48,0.00020311525552063614,4.268599106832332,4.213964480683512,5.817687492376342,0.0,0.0,,,,fractional_return,R,False
203,ETHUSD,short,2023-10-19 15:00:00,2023-10-19 15:00:00,2023-10-20 03:00:00,1558.5,1592.0,1558.5,1592.0,24,1.0,-0.021201689926964584,-0.021397805218825283,0.0001,9.611529186069898e-05,0.0,0.00019611529186069898,1.0,1.0,0.0,2.0,-6.279649837391777,-6.221759614353154,0.05789022303862323,0.1485793340740967,-6.843935575788452,1,24,position_exit,5.384328883860749,atr_48,0.00019611529186069898,-6.221759614353154,-6.279649837391777,0.1485793340740967,-6.843935575788452,0.0,,,,fractional_return,R,False
204,ETHUSD,short,2023-10-20 20:30:00,2023-10-20 20:30:00,2023-10-21 08:30:00,1603.4,1606.65,1603.4,1606.65,24,1.0,-0.002061346611655135,-0.0022608035479599886,0.0001,9.945693630485372e-05,0.0,0.00019945693630485373,1.0,1.0,0.0,2.0,-0.553930559311592,-0.5041824856225352,0.0497480736890568,1.6133839539921266,-1.1557413901193216,13,5,position_exit,6.4460787367238455,atr_48,0.00019945693630485373,-0.5041824856225352,-0.553930559311592,1.6133839539921266,-1.1557413901193216,0.0,,,,fractional_return,R,False
205,ETHUSD,short,2023-10-22 23:00:00,2023-10-22 23:00:00,2023-10-23 11:00:00,1661.25,1675.8000000000002,1661.25,1675.8000000000002,24,1.0,-0.008987183639913132,-0.00918554836789387,0.0001,9.836472798073767e-05,0.0,0.00019836472798073768,1.0,1.0,0.0,2.0,-2.3724017728367706,-2.3194373024761057,0.052964470360665046,0.5499696696592832,-7.109752830957581,2,13,position_exit,6.273073208086888,atr_48,0.00019836472798073768,-2.3194373024761057,-2.3724017728367706,0.5499696696592832,-7.109752830957581,0.0,,,,fractional_return,R,False
206,ETHUSD,long,2023-10-25 05:00:00,2023-10-25 05:00:00,2023-10-25 17:00:00,1786.1,1789.45,1786.1,1789.45,24,1.0,0.0018755948715081239,0.001675540473097481,0.0001,0.00010005439841064287,0.0,0.00020005439841064288,1.0,1.0,0.0,2.0,0.23224792084403076,0.2599691707467636,0.02772124990273287,2.351362947351243,-1.9711095334231497,21,6,position_exit,12.886143346833139,atr_48,0.00020005439841064288,0.2599691707467636,0.23224792084403076,2.351362947351243,-1.9711095334231497,0.0,,,,fractional_return,R,False
207,ETHUSD,short,2023-10-26 06:30:00,2023-10-26 06:30:00,2023-10-26 18:30:00,1813.8,1783.25,1813.8,1783.25,24,1.0,0.016157798447559157,0.015954696421624392,0.0001,0.00010310202593476489,0.0,0.0002031020259347649,1.0,1.0,0.0,2.0,2.78740815463538,2.820904432604997,0.033496277969616704,4.672267243529082,-4.792305730022908,21,3,position_exit,10.829859972175024,atr_48,0.0002031020259347649,2.820904432604997,2.78740815463538,4.672267243529082,-4.792305730022908,0.0,,,,fractional_return,R,False
208,ETHUSD,short,2023-11-02 12:30:00,2023-11-02 12:30:00,2023-11-03 00:30:00,1836.65,1787.5,1836.65,1787.5,24,1.0,0.027274015523916395,0.027068870918427246,0.0001,0.00010514460548914925,0.0,0.00020514460548914926,1.0,1.0,0.0,2.0,5.390658170684837,5.4312494393841035,0.04059126869926672,6.1053210890329845,-0.2265322757016713,24,1,position_exit,9.04948309749766,atr_48,0.00020514460548914926,5.4312494393841035,5.390658170684837,6.1053210890329845,-0.2265322757016713,0.0,,,,fractional_return,R,False
209,ETHUSD,short,2023-11-05 09:00:00,2023-11-05 09:00:00,2023-11-05 23:30:00,1885.45,1893.65,1885.45,1893.65,29,1.0,-0.0047078561060379664,-0.004906697855233899,0.0001,9.884174919593267e-05,0.0,0.00019884174919593267,1.0,1.0,0.0,2.0,-1.140138716063424,-1.0900127516115699,0.05012596445185423,3.589066377257588,-3.6688234078633006,25,17,position_exit,7.522847772080143,atr_48,0.00019884174919593267,-1.0900127516115699,-1.140138716063424,3.589066377257588,-3.6688234078633006,0.0,,,,fractional_return,R,False
210,ETHUSD,short,2023-11-06 12:00:00,2023-11-06 12:00:00,2023-11-07 00:00:00,1903.3,1894.85,1903.3,1894.85,24,1.0,0.004203845492075864,0.004003380371763843,0.0001,0.00010046512031202112,0.0,0.00020046512031202113,1.0,1.0,0.0,2.0,0.9731129873834914,1.0190182522226725,0.04590526483918112,2.5324713960563323,-1.429037430631804,18,5,position_exit,8.292295041397923,atr_48,0.00020046512031202113,1.0190182522226725,0.9731129873834914,2.5324713960563323,-1.429037430631804,0.0,,,,fractional_return,R,False
211,ETHUSD,long,2023-11-11 01:00:00,2023-11-11 01:00:00,2023-11-11 13:00:00,2057.7,2056.45,2057.7,2056.45,24,1.0,-0.0006074743645817504,-0.0008075712633038856,0.0001,0.0001000968987221352,0.0,0.0002000968987221352,1.0,1.0,0.0,2.0,-0.12040151556676239,-0.09057976001688373,0.029821755549878662,0.6376815105188747,-1.8550734851457722,19,2,position_exit,13.799992401911913,atr_48,0.0002000968987221352,-0.09057976001688373,-0.12040151556676239,0.6376815105188747,-1.8550734851457722,0.0,,,,fractional_return,R,False
212,ETHUSD,long,2023-11-15 11:00:00,2023-11-15 11:00:00,2023-11-15 23:00:00,2006.4,2051.55,2006.4,2051.55,24,1.0,0.022502990430622205,0.02229837796052636,0.0001,0.00010461247009584404,0.0,0.00020461247009584405,1.0,1.0,0.0,2.0,4.092717807948812,4.129418875643569,0.03670106769475632,5.2086468431428985,-0.31096399063540375,18,12,position_exit,10.93374185561727,atr_48,0.00020461247009584405,4.129418875643569,4.092717807948812,5.2086468431428985,-0.31096399063540375,0.0,,,,fractional_return,R,False
213,ETHUSD,long,2023-11-16 12:00:00,2023-11-16 12:00:00,2023-11-17 00:00:00,2049.0,1967.4,2049.0,1967.4,24,1.0,-0.03982430453879948,-0.040016066559297125,0.0001,9.176202049764334e-05,0.0,0.00019176202049764335,1.0,1.0,0.0,2.0,-7.047180173278564,-7.011965669219176,0.035214504059387516,0.786268209232306,-9.379363392098952,1,15,position_exit,11.63725035879797,atr_48,0.00019176202049764335,-7.011965669219176,-7.047180173278564,0.786268209232306,-9.379363392098952,0.0,,,,fractional_return,R,False
214,ETHUSD,long,2023-11-18 07:00:00,2023-11-18 07:00:00,2023-11-18 19:00:00,1933.1,1967.85,1933.1,1967.85,24,1.0,0.017976307485386922,0.01777268102348617,0.0001,0.00010362646190075217,0.0,0.00020362646190075218,1.0,1.0,0.0,2.0,3.109270310767397,3.144252494928236,0.03498218416083898,3.533325465523689,-0.1538195465144584,21,2,position_exit,11.051911402170369,atr_48,0.00020362646190075218,3.144252494928236,3.109270310767397,3.533325465523689,-0.1538195465144584,0.0,,,,fractional_return,R,False
215,ETHUSD,short,2023-11-23 08:30:00,2023-11-23 08:30:00,2023-11-23 20:30:00,2082.1,2066.3500000000004,2082.1,2066.3500000000004,24,1.0,0.007324492829375195,0.0071230063004426025,0.0001,0.00010148652893259289,0.0,0.0002014865289325929,1.0,1.0,0.0,2.0,1.3822505241225393,1.419788839588016,0.03753831546547674,3.745538176818013,-0.5904518666223512,15,3,position_exit,11.09319890454257,atr_48,0.0002014865289325929,1.419788839588016,1.3822505241225393,3.745538176818013,-0.5904518666223512,0.0,,,,fractional_return,R,False
216,ETHUSD,long,2023-11-27 20:00:00,2023-11-27 20:00:00,2023-11-28 08:00:00,1990.1,2009.9,1990.1,2009.9,24,1.0,0.009949248781467857,0.009747037910155187,0.0001,0.00010221087131266912,0.0,0.00020221087131266913,1.0,1.0,0.0,2.0,2.0318813098981754,2.0735641380922907,0.04168282819411545,5.231036802914599,-0.03141763845593875,9,1,position_exit,9.548776252571802,atr_48,0.00020221087131266913,2.0735641380922907,2.0318813098981754,5.231036802914599,-0.03141763845593875,0.0,,,,fractional_return,R,False
217,ETHUSD,short,2023-11-29 08:30:00,2023-11-29 08:30:00,2023-11-29 21:30:00,2072.15,2028.85,2072.15,2028.85,24,1.0,0.02112354034475672,0.020919333395577278,0.0001,0.00010420694917944182,0.0,0.00020420694917944182,1.0,1.0,0.0,2.0,5.087087468615999,5.136247166379571,0.0491596977635722,6.174172402079825,-0.32620507407722305,22,2,position_exit,8.430279656989603,atr_48,0.00020420694917944182,5.136247166379571,5.087087468615999,6.174172402079825,-0.32620507407722305,0.0,,,,fractional_return,R,False
218,ETHUSD,short,2023-12-01 15:00:00,2023-12-01 15:00:00,2023-12-02 03:00:00,2073.85,2094.0,2073.85,2094.0,24,1.0,-0.009792162611556132,-0.009990255821445526,0.0001,9.809320988939393e-05,0.0,0.00019809320988939394,1.0,1.0,0.0,2.0,-2.576263570055105,-2.5243030161100934,0.051960553945011353,0.037582675177783416,-4.516184800534437,1,3,position_exit,7.982401427801203,atr_48,0.00019809320988939394,-2.5243030161100934,-2.576263570055105,0.037582675177783416,-4.516184800534437,0.0,,,,fractional_return,R,False
219,ETHUSD,short,2023-12-03 00:30:00,2023-12-03 00:30:00,2023-12-03 12:30:00,2166.95,2153.15,2166.95,2153.15,24,1.0,0.006349797627958731,0.006148777265231997,0.0001,0.00010102036272673373,0.0,0.00020102036272673374,1.0,1.0,0.0,2.0,1.6028677106739626,1.6548380185627245,0.051970307888761835,1.9306443549898724,-1.3430569426016907,24,3,position_exit,8.339184769265474,atr_48,0.00020102036272673374,1.6548380185627245,1.6028677106739626,1.9306443549898724,-1.3430569426016907,0.0,,,,fractional_return,R,False
220,ETHUSD,short,2023-12-04 00:30:00,2023-12-04 00:30:00,2023-12-04 12:30:00,2210.6,2253.75,2210.6,2253.75,24,1.0,-0.019642048359534314,-0.019838682175411404,0.0001,9.663381587708972e-05,0.0,0.00019663381587708972,1.0,1.0,0.0,2.0,-5.289337273741433,-5.235691757178656,0.053645516562776885,0.6491529756872602,-7.656365002965748,3,20,position_exit,8.241508859041813,atr_48,0.00019663381587708972,-5.235691757178656,-5.289337273741433,0.6491529756872602,-7.656365002965748,0.0,,,,fractional_return,R,False
221,ETHUSD,short,2023-12-05 15:30:00,2023-12-05 15:30:00,2023-12-06 03:30:00,2228.5,2282.4,2228.5,2282.4,24,1.0,-0.024242173056543193,-0.02443725509171435,0.0001,9.508203517115685e-05,0.0,0.00019508203517115685,1.0,1.0,0.0,2.0,-4.830899486824239,-4.791280309938532,0.039619176885706875,0.6800240143048265,-7.435818143346159,1,19,position_exit,11.249602718545928,atr_48,0.00019508203517115685,-4.791280309938532,-4.830899486824239,0.6800240143048265,-7.435818143346159,0.0,,,,fractional_return,R,False
222,ETHUSD,short,2023-12-08 10:00:00,2023-12-08 10:00:00,2023-12-08 22:00:00,2357.9,2366.95,2357.9,2366.95,24,1.0,-0.004048391185530353,-0.004247487543304729,0.0001,9.90963577743754e-05,0.0,0.0001990963577743754,1.0,1.0,0.0,2.0,-0.7749628310022468,-0.7365808637400855,0.03838196726216133,1.5219958178939466,-1.5626908932387038,8,22,position_exit,12.286498937872443,atr_48,0.0001990963577743754,-0.7365808637400855,-0.7749628310022468,1.5219958178939466,-1.5626908932387038,0.0,,,,fractional_return,R,False
223,ETHUSD,short,2023-12-13 15:00:00,2023-12-13 15:00:00,2023-12-14 03:00:00,2212.3,2251.85,2212.3,2251.85,24,1.0,-0.01783814758252289,-0.018034524382066985,0.0001,9.63767995440957e-05,0.0,0.0001963767995440957,1.0,1.0,0.0,2.0,-3.2284633823029365,-3.192745001684846,0.0357183806180907,0.9202855377802222,-5.699312190112551,3,14,position_exit,12.387459687237397,atr_48,0.0001963767995440957,-3.192745001684846,-3.2284633823029365,0.9202855377802222,-5.699312190112551,0.0,,,,fractional_return,R,False
224,ETHUSD,long,2023-12-18 12:30:00,2023-12-18 12:30:00,2023-12-19 00:30:00,2126.2,2213.75,2126.2,2213.75,24,1.0,0.04117674724861198,0.04096859520364893,0.0001,0.00010815204496305028,0.0,0.0002081520449630503,1.0,1.0,0.0,2.0,8.253062759760773,8.29334444785909,0.0402816880983163,9.2216685551009,-0.05209982234517678,19,1,position_exit,10.55665787794465,atr_48,0.0002081520449630503,8.29334444785909,8.253062759760773,9.2216685551009,-0.05209982234517678,0.0,,,,fractional_return,R,False
225,ETHUSD,short,2023-12-23 00:00:00,2023-12-23 00:00:00,2023-12-23 12:00:00,2322.3500000000004,2295.15,2322.3500000000004,2295.15,24,1.0,0.011695306748665146,0.011492689682896629,0.0001,0.00010261706576851779,0.0,0.0002026170657685178,1.0,1.0,0.0,2.0,1.8496636481748978,1.8817974145400227,0.03213376636512485,3.7808907611989793,-0.26981654105534303,8,1,position_exit,14.454265793881381,atr_48,0.0002026170657685178,1.8817974145400227,1.8496636481748978,3.7808907611989793,-0.26981654105534303,0.0,,,,fractional_return,R,False
226,ETHUSD,short,2023-12-27 18:00:00,2023-12-27 18:00:00,2023-12-28 06:00:00,2344.0,2378.8,2344.0,2378.8,24,1.0,-0.015174818337198581,-0.015371273622411197,0.0001,9.645528521261557e-05,0.0,0.00019645528521261557,1.0,1.0,0.0,2.0,-2.900476370819815,-2.8619226541455784,0.03855371667423679,0.357740331768188,-8.417177691143664,2,14,position_exit,12.159657756505531,atr_48,0.00019645528521261557,-2.8619226541455784,-2.900476370819815,0.357740331768188,-8.417177691143664,0.0,,,,fractional_return,R,False
227,ETHUSD,short,2023-12-29 09:30:00,2023-12-29 09:30:00,2023-12-29 21:30:00,2369.0,2285.6,2369.0,2285.6,24,1.0,0.035902838447223084,0.035696288383791686,0.0001,0.0001065500634313988,0.0,0.0002065500634313988,1.0,1.0,0.0,2.0,5.462275689856774,5.493484478175232,0.0312087883184583,5.9578617632008175,-1.1428292049920825,24,10,position_exit,15.181621124321994,atr_48,0.0002065500634313988,5.493484478175232,5.462275689856774,5.9578617632008175,-1.1428292049920825,0.0,,,,fractional_return,R,False
228,ETHUSD,long,2024-01-04 10:00:00,2024-01-04 10:00:00,2024-01-04 22:00:00,2213.2,2277.1,2213.2,2277.1,24,1.0,0.028872221218146032,0.02866652483101384,0.0001,0.00010569638713219262,0.0,0.00020569638713219263,1.0,1.0,0.0,2.0,4.180370816943993,4.209530544647952,0.02915972770395879,5.5171859642295065,-0.05270147786724895,21,1,position_exit,15.179839966060664,atr_48,0.00020569638713219263,4.209530544647952,4.180370816943993,5.5171859642295065,-0.05270147786724895,0.0,,,,fractional_return,R,False
229,ETHUSD,long,2024-01-06 06:30:00,2024-01-06 06:30:00,2024-01-06 18:30:00,2220.8500000000004,2248.75,2220.8500000000004,2248.75,24,1.0,0.012562757502756927,0.01236012225814398,0.0001,0.00010263524461294757,0.0,0.00020263524461294757,1.0,1.0,0.0,2.0,2.1874109689636527,2.222798073636307,0.03538710467265418,2.8004068920543514,-0.20714247281201728,24,1,position_exit,12.551747426322729,atr_48,0.00020263524461294757,2.222798073636307,2.1874109689636527,2.8004068920543514,-0.20714247281201728,0.0,,,,fractional_return,R,False
230,ETHUSD,short,2024-01-09 04:30:00,2024-01-09 04:30:00,2024-01-09 16:30:00,2316.35,2265.15,2316.35,2265.15,24,1.0,0.022076591655178168,0.021871486810099317,0.0001,0.00010510484507885173,0.0,0.00020510484507885174,1.0,1.0,0.0,2.0,3.9576061788730006,3.9937425285054364,0.03613634963243594,6.298724788609635,-0.26910960397157996,16,1,position_exit,12.82005528262239,atr_48,0.00020510484507885174,3.9937425285054364,3.9576061788730006,6.298724788609635,-0.26910960397157996,0.0,,,,fractional_return,R,False
231,ETHUSD,long,2024-01-12 00:00:00,2024-01-12 00:00:00,2024-01-12 12:00:00,2606.65,2675.15,2606.65,2675.15,24,1.0,0.026278940402432616,0.02607476127347419,0.0001,0.00010417912895842604,0.0,0.00020417912895842605,1.0,1.0,0.0,2.0,2.744598596126076,2.765646986542046,0.021048390415970293,2.991743674492925,-1.0416597409165553,24,2,position_exit,24.768164676594235,atr_48,0.00020417912895842605,2.765646986542046,2.744598596126076,2.991743674492925,-1.0416597409165553,0.0,,,,fractional_return,R,False
232,ETHUSD,long,2024-01-19 08:30:00,2024-01-19 08:30:00,2024-01-19 20:30:00,2470.35,2482.3500000000004,2470.35,2482.3500000000004,24,1.0,0.004857611269658335,0.004656358368450242,0.0001,0.00010125290120809324,0.0,0.00020125290120809325,1.0,1.0,0.0,2.0,0.9567804254155763,0.9978650230782645,0.041084597662688294,2.6817622495227345,-4.744016630551047,23,16,position_exit,12.025674537606546,atr_48,0.00020125290120809325,0.9978650230782645,0.9567804254155763,2.6817622495227345,-4.744016630551047,0.0,,,,fractional_return,R,False
233,ETHUSD,long,2024-01-22 17:00:00,2024-01-22 17:00:00,2024-01-23 05:00:00,2363.8500000000004,2343.5,2363.8500000000004,2343.5,24,1.0,-0.008608837278169412,-0.008807088676946684,0.0001,9.82513987772716e-05,0.0,0.0001982513987772716,1.0,1.0,0.0,2.0,-1.7524319842193747,-1.7126439411694165,0.03978804304995827,1.4012541336840125,-5.137931823508173,2,11,position_exit,11.882212940364655,atr_48,0.0001982513987772716,-1.7126439411694165,-1.7524319842193747,1.4012541336840125,-5.137931823508173,0.0,,,,fractional_return,R,False
234,ETHUSD,short,2024-01-24 10:30:00,2024-01-24 10:30:00,2024-01-24 22:30:00,2255.55,2221.3500000000004,2255.55,2221.3500000000004,24,1.0,0.015125382446079305,0.014922275967966359,0.0001,0.00010310647811294657,0.0,0.00020310647811294658,1.0,1.0,0.0,2.0,2.2724831673612225,2.302858681389338,0.030375514028115495,3.9929684153914877,-0.04713453441438965,20,1,position_exit,14.85110670332867,atr_48,0.00020310647811294658,2.302858681389338,2.2724831673612225,3.9929684153914877,-0.04713453441438965,0.0,,,,fractional_return,R,False
235,ETHUSD,short,2024-01-25 18:00:00,2024-01-25 18:00:00,2024-01-26 06:00:00,2219.55,2222.3500000000004,2219.55,2222.3500000000004,24,1.0,-0.0013933468279349048,-0.0015931211541662105,0.0001,9.977432623130564e-05,0.0,0.00019977432623130564,1.0,1.0,0.0,2.0,-0.25329847553654344,-0.21863606928130805,0.034662406255235416,1.2883911225504816,-1.37428386405384,1,17,position_exit,12.806670048561669,atr_48,0.00019977432623130564,-0.21863606928130805,-0.25329847553654344,1.2883911225504816,-1.37428386405384,0.0,,,,fractional_return,R,False
236,ETHUSD,long,2024-02-01 14:00:00,2024-02-01 14:00:00,2024-02-02 02:00:00,2279.65,2298.65,2279.65,2298.65,24,1.0,0.008334612769503424,0.008132618192924213,0.0001,0.00010199457657921193,0.0,0.00020199457657921194,1.0,1.0,0.0,2.0,1.6972214167799118,1.7389498054536208,0.04172838867370891,3.715861163232465,-0.9609985766980536,20,5,position_exit,10.926134808729387,atr_48,0.00020199457657921194,1.7389498054536208,1.6972214167799118,3.715861163232465,-0.9609985766980536,0.0,,,,fractional_return,R,False
237,ETHUSD,long,2024-02-08 10:00:00,2024-02-08 10:00:00,2024-02-08 22:00:00,2423.45,2427.7,2423.45,2427.7,24,1.0,0.0017536982401122891,0.0015534379737565107,0.0001,0.00010026026635577842,0.0,0.00020026026635577843,1.0,1.0,0.0,2.0,0.4174950616497765,0.47123716560165035,0.053742103951873864,4.218958623798326,-1.1198812641356264,10,13,position_exit,9.018813264810783,atr_48,0.00020026026635577843,0.47123716560165035,0.4174950616497765,4.218958623798326,-1.1198812641356264,0.0,,,,fractional_return,R,False
238,ETHUSD,short,2024-02-09 11:30:00,2024-02-09 11:30:00,2024-02-09 23:30:00,2503.25,2487.7,2503.25,2487.7,24,1.0,0.005936466863925016,0.005735492987718249,0.0001,0.00010097387620676698,0.0,0.000200973876206767,1.0,1.0,0.0,2.0,1.4732499209252332,1.5222608465074816,0.04901092558224835,2.5795223990656933,-1.9676812228167573,7,14,position_exit,10.215069273887257,atr_48,0.000200973876206767,1.5222608465074816,1.4732499209252332,2.5795223990656933,-1.9676812228167573,0.0,,,,fractional_return,R,False
239,ETHUSD,long,2024-02-13 07:30:00,2024-02-13 07:30:00,2024-02-13 19:30:00,2649.25,2611.45,2649.25,2611.45,24,1.0,-0.014268189110125284,-0.014466057824478296,0.0001,9.786871435301112e-05,0.0,0.00019786871435301112,1.0,1.0,0.0,2.0,-3.1308448283842805,-3.0875658139263735,0.04327901445790691,3.014052342166215,-4.774291582645373,9,13,position_exit,12.242654012265717,atr_48,0.00019786871435301112,-3.0875658139263735,-3.1308448283842805,3.014052342166215,-4.774291582645373,0.0,,,,fractional_return,R,False
240,ETHUSD,long,2024-02-14 09:00:00,2024-02-14 09:00:00,2024-02-14 21:00:00,2728.75,2760.35,2728.75,2760.35,24,1.0,0.011580393953275259,0.011377901110215527,0.0001,0.00010249284305973169,0.0,0.0002024928430597317,1.0,1.0,0.0,2.0,2.135537579329611,2.173067696267523,0.03753011693791152,2.9329537103104526,-0.2131806917224412,11,1,position_exit,14.541654663716324,atr_48,0.0002024928430597317,2.173067696267523,2.135537579329611,2.9329537103104526,-0.2131806917224412,0.0,,,,fractional_return,R,False
241,ETHUSD,short,2024-02-15 09:00:00,2024-02-15 09:00:00,2024-02-15 21:00:00,2786.15,2828.5,2786.15,2828.5,24,1.0,-0.015310256012206702,-0.015507119800362679,0.0001,9.686378815597649e-05,0.0,0.0001968637881559765,1.0,1.0,0.0,2.0,-2.7794081670763817,-2.7433123945704434,0.03609577250593841,0.5246949326096905,-5.357070484792843,6,12,position_exit,15.437541886887878,atr_48,0.0001968637881559765,-2.7433123945704434,-2.7794081670763817,0.5246949326096905,-5.357070484792843,0.0,,,,fractional_return,R,False
242,ETHUSD,short,2024-02-19 16:30:00,2024-02-19 16:30:00,2024-02-20 04:30:00,2897.45,2924.3500000000004,2897.45,2924.3500000000004,24,1.0,-0.009682565272174815,-0.009880860443171824,0.0001,9.829517099700932e-05,0.0,0.00019829517099700933,1.0,1.0,0.0,2.0,-1.910902275238021,-1.870604993175011,0.04029728206300986,0.664099542186635,-6.0290502939877575,1,11,position_exit,14.380374316409098,atr_48,0.00019829517099700933,-1.870604993175011,-1.910902275238021,0.664099542186635,-6.0290502939877575,0.0,,,,fractional_return,R,False
243,ETHUSD,short,2024-02-26 03:00:00,2024-02-26 03:00:00,2024-02-26 15:00:00,3098.05,3121.0,3098.05,3121.0,24,1.0,-0.007866881844587503,-0.00806583998346011,0.0001,9.895813887260693e-05,0.0,0.00019895813887260694,1.0,1.0,0.0,2.0,-1.628550948085975,-1.5857387652393535,0.04281218284662151,4.166450873374033,-1.8586654808252014,13,24,position_exit,14.472749549346934,atr_48,0.00019895813887260694,-1.5857387652393535,-1.628550948085975,4.166450873374033,-1.8586654808252014,0.0,,,,fractional_return,R,False
244,ETHUSD,short,2024-02-27 09:00:00,2024-02-27 09:00:00,2024-02-27 21:00:00,3242.0,3251.8,3242.0,3251.8,24,1.0,-0.003262451398796884,-0.0034617047992403505,0.0001,9.92534004434665e-05,0.0,0.0001992534004434665,1.0,1.0,0.0,2.0,-0.5575222613549163,-0.5229239080891033,0.034598353265813085,2.003652321300567,-2.4892245216690063,14,7,position_exit,18.740776331707362,atr_48,0.0001992534004434665,-0.5229239080891033,-0.5575222613549163,2.003652321300567,-2.4892245216690063,0.0,,,,fractional_return,R,False
245,ETHUSD,long,2024-03-04 23:00:00,2024-03-04 23:00:00,2024-03-05 11:30:00,3624.55,3732.15,3624.55,3732.15,25,1.0,0.029686443834406884,0.029480307182271126,0.0001,0.00010613665213575771,0.0,0.00020613665213575771,1.0,1.0,0.0,2.0,4.4408214845146,4.470942590399418,0.030121105884818266,4.907233456562931,-0.625350241501042,25,1,position_exit,24.06651345312562,atr_48,0.00020613665213575771,4.470942590399418,4.4408214845146,4.907233456562931,-0.625350241501042,0.0,,,,fractional_return,R,False
246,ETHUSD,long,2024-03-06 12:00:00,2024-03-06 12:00:00,2024-03-07 00:00:00,3858.25,3806.45,3858.25,3806.45,24,1.0,-0.01342577593468508,-0.013623459285815764,0.0001,9.768335113068413e-05,0.0,0.00019768335113068414,1.0,1.0,0.0,2.0,-1.1039107064207279,-1.0877074353305196,0.01620327109020835,0.8136807551941599,-2.7770136741787783,16,6,position_exit,47.62310003356722,atr_48,0.00019768335113068414,-1.0877074353305196,-1.1039107064207279,0.8136807551941599,-2.7770136741787783,0.0,,,,fractional_return,R,False
247,ETHUSD,short,2024-03-12 00:30:00,2024-03-12 00:30:00,2024-03-12 12:30:00,4058.95,4022.55,4058.95,4022.55,24,1.0,0.008465143739140757,0.008262591240692174,0.0001,0.00010255249844858269,0.0,0.0002025524984485827,1.0,1.0,0.0,2.0,1.4625306495456347,1.4958919159873767,0.03336126644174189,3.77671612855057,-0.468493622040011,15,1,position_exit,24.33330885137747,atr_48,0.0002025524984485827,1.4958919159873767,1.4625306495456347,3.77671612855057,-0.468493622040011,0.0,,,,fractional_return,R,False
248,ETHUSD,long,2024-03-13 20:00:00,2024-03-13 20:00:00,2024-03-14 08:00:00,4002.6,3979.6,4002.6,3979.6,24,1.0,-0.005746264927797173,-0.005944722269899616,0.0001,9.84573421024427e-05,0.0,0.0001984573421024427,1.0,1.0,0.0,2.0,-0.8798872632858175,-0.8502926429999765,0.029594620285840922,0.37893476481520694,-2.1959731736608123,6,18,position_exit,27.04951076473166,atr_48,0.0001984573421024427,-0.8502926429999765,-0.8798872632858175,0.37893476481520694,-2.1959731736608123,0.0,,,,fractional_return,R,False
249,ETHUSD,long,2024-03-16 18:00:00,2024-03-16 18:00:00,2024-03-17 06:00:00,3599.85,3519.75,3599.85,3519.75,24,1.0,-0.022250927121963637,-0.02244716434059768,0.0001,9.62372186340433e-05,0.0,0.0001962372186340433,1.0,1.0,0.0,2.0,-2.425202246886172,-2.403597773861861,0.021604473024311188,1.089270901263247,-3.948982110364807,3,10,position_exit,33.32504334587697,atr_48,0.0001962372186340433,-2.403597773861861,-2.425202246886172,1.089270901263247,-3.948982110364807,0.0,,,,fractional_return,R,False
250,ETHUSD,long,2024-03-21 00:30:00,2024-03-21 00:30:00,2024-03-21 12:30:00,3517.1,3542.65,3517.1,3542.65,24,1.0,0.007264507690995403,0.007062911341871869,0.0001,0.00010159634912353396,0.0,0.00020159634912353397,1.0,1.0,0.0,2.0,0.5250119644473561,0.5398753346186858,0.014863370171329677,1.4822800283170483,-1.4579803557216848,17,9,position_exit,47.32574052127453,atr_48,0.00020159634912353397,0.5398753346186858,0.5250119644473561,1.4822800283170483,-1.4579803557216848,0.0,,,,fractional_return,R,False
251,ETHUSD,long,2024-03-27 17:30:00,2024-03-27 17:30:00,2024-03-28 05:30:00,3497.15,3532.4,3497.15,3532.4,24,1.0,0.010079636275252879,0.00987778484480284,0.0001,0.00010185143045003961,0.0,0.00020185143045003962,1.0,1.0,0.0,2.0,1.3795875729983373,1.407515475090321,0.02792790209198364,1.6211383911678554,-1.4554308955189383,23,2,position_exit,25.044129619774157,atr_48,0.00020185143045003962,1.407515475090321,1.3795875729983373,1.6211383911678554,-1.4554308955189383,0.0,,,,fractional_return,R,False
252,ETHUSD,long,2024-04-01 13:00:00,2024-04-01 13:00:00,2024-04-02 01:00:00,3563.35,3495.15,3563.35,3495.15,24,1.0,-0.019139293080948527,-0.01933534597709985,0.0001,9.605289615132193e-05,0.0,0.00019605289615132193,1.0,1.0,0.0,2.0,-4.2362480996337055,-4.192438348347535,0.04380975128617076,0.4794870838286162,-9.039560984230286,1,9,position_exit,16.267382924517207,atr_48,0.00019605289615132193,-4.192438348347535,-4.2362480996337055,0.4794870838286162,-9.039560984230286,0.0,,,,fractional_return,R,False
253,ETHUSD,short,2024-04-03 08:30:00,2024-04-03 08:30:00,2024-04-03 20:30:00,3344.8,3307.15,3344.8,3307.15,24,1.0,0.01061400270532098,0.010411824231280065,0.0001,0.00010217847404091493,0.0,0.00020217847404091494,1.0,1.0,0.0,2.0,1.5413020206121513,1.5691830482876494,0.027881027675498105,2.561123461282238,-0.9502622443813707,19,16,position_exit,23.99337670712487,atr_48,0.00020217847404091494,1.5691830482876494,1.5413020206121513,2.561123461282238,-0.9502622443813707,0.0,,,,fractional_return,R,False
254,ETHUSD,short,2024-04-04 13:00:00,2024-04-04 13:00:00,2024-04-05 01:00:00,3365.35,3303.8,3365.35,3303.8,24,1.0,0.017935172091654517,0.01773238980289782,0.0001,0.00010278228875669768,0.0,0.00020278228875669768,1.0,1.0,0.0,2.0,2.921548743919289,2.953850090473226,0.032301346553937016,4.076841026575161,-3.781695972856081,14,10,position_exit,20.837211813324966,atr_48,0.00020278228875669768,2.953850090473226,2.921548743919289,4.076841026575161,-3.781695972856081,0.0,,,,fractional_return,R,False
255,ETHUSD,long,2024-04-08 08:00:00,2024-04-08 08:00:00,2024-04-08 20:00:00,3560.85,3685.85,3560.85,3685.85,24,1.0,0.035103977982785084,0.034896508424112405,0.0001,0.00010746955867267935,0.0,0.00020746955867267936,1.0,1.0,0.0,2.0,7.071566887275356,7.112087007307308,0.040520120031952364,8.560107921995092,-0.06827603527013981,21,1,position_exit,17.575712989952013,atr_48,0.00020746955867267936,7.112087007307308,7.071566887275356,8.560107921995092,-0.06827603527013981,0.0,,,,fractional_return,R,False
256,ETHUSD,long,2024-04-09 13:00:00,2024-04-09 13:00:00,2024-04-10 01:00:00,3621.95,3492.15,3621.95,3492.15,24,1.0,-0.03583704910338403,-0.036030255784729515,0.0001,9.320668134548135e-05,0.0,0.00019320668134548136,1.0,1.0,0.0,2.0,-5.932739326941623,-5.899813549306935,0.03292577763468767,0.7590669204424317,-7.670212145189117,1,8,position_exit,22.000695261843934,atr_48,0.00019320668134548136,-5.899813549306935,-5.932739326941623,0.7590669204424317,-7.670212145189117,0.0,,,,fractional_return,R,False
257,ETHUSD,short,2024-04-13 11:00:00,2024-04-13 11:00:00,2024-04-13 23:00:00,3277.15,3028.25,3277.15,3028.25,24,1.0,0.07496088358737629,0.0747456382131273,0.0001,0.0001152453742489957,0.0,0.0002152453742489957,1.0,1.0,0.0,2.0,9.907831370241485,9.933990612777977,0.02615924253649284,16.992352363962322,-0.8181872541661248,18,9,position_exit,25.05538908803104,atr_48,0.0002152453742489957,9.933990612777977,9.907831370241485,16.992352363962322,-0.8181872541661248,0.0,,,,fractional_return,R,False
258,ETHUSD,short,2024-04-14 22:00:00,2024-04-14 22:00:00,2024-04-15 10:00:00,3155.85,3255.45,3155.85,3255.45,24,1.0,-0.03150808098435809,-0.031701716197989116,0.0001,9.363521363102709e-05,0.0,0.0001936352136310271,1.0,1.0,0.0,2.0,-2.5740801357054788,-2.557870785268352,0.01620935043712678,1.325161973090832,-2.866047988312732,6,21,position_exit,38.93863621791616,atr_48,0.0001936352136310271,-2.557870785268352,-2.5740801357054788,1.325161973090832,-2.866047988312732,0.0,,,,fractional_return,R,False
259,ETHUSD,long,2024-04-16 04:00:00,2024-04-16 04:00:00,2024-04-16 16:00:00,3035.95,3017.45,3035.95,3017.45,24,1.0,-0.006093644493485595,-0.0062921852782487075,0.0001,9.854078476311265e-05,0.0,0.00019854078476311265,1.0,1.0,0.0,2.0,-0.547723492942463,-0.5303178865880104,0.01740560635445265,2.645856266598565,-1.2684630530551058,7,1,position_exit,34.884736999964986,atr_48,0.00019854078476311265,-0.5303178865880104,-0.547723492942463,2.645856266598565,-1.2684630530551058,0.0,,,,fractional_return,R,False
260,ETHUSD,short,2024-04-26 10:00:00,2024-04-26 10:00:00,2024-04-26 22:00:00,3140.0,3128.55,3140.0,3128.55,24,1.0,0.003259898168904929,0.0030599378257289978,0.0001,9.996034317593114e-05,0.0,0.00019996034317593114,1.0,1.0,0.0,2.0,0.6066861603016055,0.6418921211840131,0.035205960882407565,2.1050697948000168,-1.5781015905091977,11,8,position_exit,17.837888364916406,atr_48,0.00019996034317593114,0.6418921211840131,0.6066861603016055,2.1050697948000168,-1.5781015905091977,0.0,,,,fractional_return,R,False
261,ETHUSD,long,2024-04-27 12:00:00,2024-04-27 12:00:00,2024-04-28 00:00:00,3132.35,3259.75,3132.35,3259.75,24,1.0,0.040672338659473395,0.040464351861860814,0.0001,0.00010798679761258043,0.0,0.00020798679761258043,1.0,1.0,0.0,2.0,7.785915801124327,7.82439104648454,0.03847524536021323,9.289161269864909,-0.18424782684029514,12,1,position_exit,16.282417282459352,atr_48,0.00020798679761258043,7.82439104648454,7.785915801124327,9.289161269864909,-0.18424782684029514,0.0,,,,fractional_return,R,False
262,ETHUSD,long,2024-04-29 13:30:00,2024-04-29 13:30:00,2024-04-30 01:30:00,3131.95,3172.45,3131.95,3172.45,24,1.0,0.01293124092019382,0.012726982311819013,0.0001,0.00010425860837480769,0.0,0.0002042586083748077,1.0,1.0,0.0,2.0,2.077348089258228,2.109981955858981,0.032633866600753264,6.18407057186325,-0.29175059142740994,22,1,position_exit,19.194476942108402,atr_48,0.0002042586083748077,2.109981955858981,2.077348089258228,6.18407057186325,-0.29175059142740994,0.0,,,,fractional_return,R,False
263,ETHUSD,short,2024-05-02 08:00:00,2024-05-02 08:00:00,2024-05-02 20:00:00,2942.05,2988.3,2942.05,2988.3,24,1.0,-0.01581284851870679,-0.016009290561560308,0.0001,9.64420428535174e-05,0.0,0.0001964420428535174,1.0,1.0,0.0,2.0,-1.8328132996153133,-1.8097884857152118,0.02302481390010136,0.30717491054843393,-2.7743568353990886,2,8,position_exit,25.555472567680983,atr_48,0.0001964420428535174,-1.8097884857152118,-1.8328132996153133,0.30717491054843393,-2.7743568353990886,0.0,,,,fractional_return,R,False
264,ETHUSD,long,2024-05-09 16:00:00,2024-05-09 16:00:00,2024-05-10 04:00:00,3017.55,3033.25,3017.55,3033.25,24,1.0,0.005202896389454814,0.005002041483819442,0.0001,0.00010085490563537256,0.0,0.00020085490563537256,1.0,1.0,0.0,2.0,0.8660414623804452,0.9006630653465141,0.03462160296606886,2.372128519240682,-1.603409724613707,13,2,position_exit,17.431601898718387,atr_48,0.00020085490563537256,0.9006630653465141,0.8660414623804452,2.372128519240682,-1.603409724613707,0.0,,,,fractional_return,R,False
265,ETHUSD,long,2024-05-16 14:30:00,2024-05-16 14:30:00,2024-05-17 02:30:00,2942.15,2950.45,2942.15,2950.45,24,1.0,0.0028210662270788944,0.0026206377878426057,0.0001,0.00010042843923628872,0.0,0.00020042843923628872,1.0,1.0,0.0,2.0,0.5327954694084308,0.5734503345090541,0.040654865100623355,1.3679899546119867,-1.1987184703292006,2,15,position_exit,14.473790493305012,atr_48,0.00020042843923628872,0.5734503345090541,0.5327954694084308,1.3679899546119867,-1.1987184703292006,0.0,,,,fractional_return,R,False
266,ETHUSD,short,2024-05-18 03:00:00,2024-05-18 03:00:00,2024-05-18 15:00:00,3113.1,3109.1000000000004,3113.1,3109.1000000000004,24,1.0,0.0011397674992346118,0.0009394479303790337,0.0001,0.00010031956885557811,0.0,0.0002003195688555781,1.0,1.0,0.0,2.0,0.23134082191565347,0.27398850223031856,0.042647680314665086,1.438439636709336,-2.3734254005704107,6,17,position_exit,14.599152765312354,atr_48,0.0002003195688555781,0.27398850223031856,0.23134082191565347,1.438439636709336,-2.3734254005704107,0.0,,,,fractional_return,R,False
267,ETHUSD,short,2024-05-22 07:00:00,2024-05-22 07:00:00,2024-05-22 19:00:00,3744.75,3738.85,3744.75,3738.85,24,1.0,0.000902370929959595,0.0007020447292491738,0.0001,0.00010032620071042117,0.0,0.00020032620071042118,1.0,1.0,0.0,2.0,0.1727878345823377,0.19791076072563657,0.025122926143298852,3.039104224024132,-1.7292033415943127,11,20,position_exit,29.81141590466247,atr_48,0.00020032620071042118,0.19791076072563657,0.1727878345823377,3.039104224024132,-1.7292033415943127,0.0,,,,fractional_return,R,False
268,ETHUSD,short,2024-05-23 11:00:00,2024-05-23 11:00:00,2024-05-23 23:00:00,3874.35,3770.25,3874.35,3770.25,24,1.0,0.024883182117839242,0.024679294698846777,0.0001,0.00010388741899246554,0.0,0.00020388741899246554,1.0,1.0,0.0,2.0,3.615773739573828,3.6428896463971108,0.02711590682328273,12.011737474791621,-2.5353252149997303,18,2,position_exit,28.576215615797434,atr_48,0.00020388741899246554,3.6428896463971108,3.615773739573828,12.011737474791621,-2.5353252149997303,0.0,,,,fractional_return,R,False
269,ETHUSD,short,2024-05-28 08:00:00,2024-05-28 08:00:00,2024-05-28 20:00:00,3862.8,3835.35,3862.8,3835.35,24,1.0,0.006583905209722296,0.0063826587794570955,0.0001,0.00010124643026520061,0.0,0.00020124643026520062,1.0,1.0,0.0,2.0,1.1897173267411452,1.2241707082480338,0.034453381506888585,4.078339208352711,-2.963429637999301,21,4,position_exit,22.42334326009582,atr_48,0.00020124643026520062,1.2241707082480338,1.1897173267411452,4.078339208352711,-2.963429637999301,0.0,,,,fractional_return,R,False
270,ETHUSD,long,2024-05-30 12:00:00,2024-05-30 12:00:00,2024-05-31 00:00:00,3752.85,3748.25,3752.85,3748.25,24,1.0,-0.0012257351079842937,-0.0014254719800950166,0.0001,9.973687211072288e-05,0.0,0.00019973687211072289,1.0,1.0,0.0,2.0,-0.2550374417664095,-0.2192611688335038,0.0357762729329057,3.3651822868794903,-1.5538943704287709,11,16,position_exit,20.979547014514566,atr_48,0.00019973687211072289,-0.2192611688335038,-0.2550374417664095,3.3651822868794903,-1.5538943704287709,0.0,,,,fractional_return,R,False
271,ETHUSD,long,2024-06-06 19:30:00,2024-06-06 19:30:00,2024-06-07 07:30:00,3790.8,3815.9,3790.8,3815.9,24,1.0,0.0066212936583314175,0.0064198541749769245,0.0001,0.00010143948335449302,0.0,0.00020143948335449302,1.0,1.0,0.0,2.0,1.8176205399952576,1.874232825204708,0.05661228520945046,2.5985379409212577,-2.2961218874519913,20,1,position_exit,13.392146195741946,atr_48,0.00020143948335449302,1.874232825204708,1.8176205399952576,2.5985379409212577,-2.2961218874519913,0.0,,,,fractional_return,R,False
272,ETHUSD,long,2024-06-08 10:00:00,2024-06-08 10:00:00,2024-06-08 22:00:00,3684.65,3670.85,3684.65,3670.85,24,1.0,-0.0037452675288017767,-0.003944655052040447,0.0001,9.938752323866992e-05,0.0,0.00019938752323866993,1.0,1.0,0.0,2.0,-1.0387126657588661,-0.9860565323952417,0.05265613336362435,0.9146031604825114,-1.6791542399483967,10,7,position_exit,13.995140792261106,atr_48,0.00019938752323866993,-0.9860565323952417,-1.0387126657588661,0.9146031604825114,-1.6791542399483967,0.0,,,,fractional_return,R,False
273,ETHUSD,short,2024-06-10 15:30:00,2024-06-10 15:30:00,2024-06-11 03:30:00,3702.25,3595.4,3702.25,3595.4,24,1.0,0.029427567382727116,0.029222046142245217,0.0001,0.00010552124048189845,0.0,0.00020552124048189846,1.0,1.0,0.0,2.0,10.719366556120788,10.794168069900458,0.07480151377967058,13.400527791036902,-0.28791182966041506,21,1,position_exit,9.898863840924543,atr_48,0.00020552124048189846,10.794168069900458,10.719366556120788,13.400527791036902,-0.28791182966041506,0.0,,,,fractional_return,R,False
274,ETHUSD,long,2024-06-14 01:30:00,2024-06-14 01:30:00,2024-06-14 13:30:00,3487.05,3508.25,3487.05,3508.25,24,1.0,0.0060796375159521965,0.005878078950832144,0.0001,0.00010155856512005243,0.0,0.00020155856512005244,1.0,1.0,0.0,2.0,1.0396052088574497,1.0749681102620663,0.03536290140461671,2.2234599827826376,-0.3397304876771792,10,1,position_exit,19.721515268793855,atr_48,0.00020155856512005244,1.0749681102620663,1.0396052088574497,2.2234599827826376,-0.3397304876771792,0.0,,,,fractional_return,R,False
275,ETHUSD,long,2024-06-17 07:30:00,2024-06-17 07:30:00,2024-06-17 19:30:00,3552.05,3553.4,3552.05,3553.4,24,1.0,0.00038006221759268044,0.00017986108923007116,0.0001,0.00010020112836260928,0.0,0.00020020112836260928,1.0,1.0,0.0,2.0,0.04212433084623797,0.08891297025035652,0.04678863940411855,1.6827602888123985,-5.641034001439672,21,17,position_exit,15.183386588015777,atr_48,0.00020020112836260928,0.08891297025035652,0.04212433084623797,1.6827602888123985,-5.641034001439672,0.0,,,,fractional_return,R,False
276,ETHUSD,short,2024-06-19 10:30:00,2024-06-19 10:30:00,2024-06-19 22:30:00,3560.1000000000004,3557.05,3560.1000000000004,3557.05,24,1.0,0.0006483669409205195,0.0004485408908507793,0.0001,9.982605006974019e-05,0.0,0.0001998260500697402,1.0,1.0,0.0,2.0,0.1062432520469986,0.1385990978294681,0.032355845782469514,2.174415354472034,-1.238303415033678,8,13,position_exit,22.00591524594837,atr_48,0.0001998260500697402,0.1385990978294681,0.1062432520469986,2.174415354472034,-1.238303415033678,0.0,,,,fractional_return,R,False
277,ETHUSD,short,2024-06-24 06:00:00,2024-06-24 06:00:00,2024-06-24 18:00:00,3376.65,3306.7,3376.65,3306.7,24,1.0,0.020544737388039858,0.02034022174512984,0.0001,0.00010451564291001922,0.0,0.00020451564291001922,1.0,1.0,0.0,2.0,5.023260304821118,5.072229984238644,0.04896967941752495,10.325740525455046,-1.2363333985885225,7,5,position_exit,13.79077845786994,atr_48,0.00020451564291001922,5.072229984238644,5.023260304821118,10.325740525455046,-1.2363333985885225,0.0,,,,fractional_return,R,False
278,ETHUSD,short,2024-06-25 16:00:00,2024-06-25 16:00:00,2024-06-26 04:00:00,3401.35,3392.95,3401.35,3392.95,24,1.0,0.0022392972378741938,0.0020389051397093905,0.0001,0.0001003920981648033,0.0,0.0002003920981648033,1.0,1.0,0.0,2.0,0.40103576480089165,0.43637542042629557,0.035339655625403914,1.0493789872155947,-1.3948428617197464,1,6,position_exit,19.24948016502424,atr_48,0.0002003920981648033,0.43637542042629557,0.40103576480089165,1.0493789872155947,-1.3948428617197464,0.0,,,,fractional_return,R,False
279,ETHUSD,short,2024-07-01 08:30:00,2024-07-01 08:30:00,2024-07-01 20:30:00,3480.95,3464.75,3480.95,3464.75,24,1.0,0.004570147426377069,0.004369409590043283,0.0001,0.00010073783633378639,0.0,0.0002007378363337864,1.0,1.0,0.0,2.0,1.3294877978076187,1.3891877109228914,0.05969991311527275,2.6497469300936616,-1.31201061587165,10,19,position_exit,11.66149100846676,atr_48,0.0002007378363337864,1.3891877109228914,1.3294877978076187,2.6497469300936616,-1.31201061587165,0.0,,,,fractional_return,R,False
280,ETHUSD,short,2024-07-06 07:00:00,2024-07-06 07:00:00,2024-07-06 19:00:00,3009.65,3052.65,3009.65,3052.65,24,1.0,-0.014253499771459843,-0.014450552189649302,0.0001,9.70524181894584e-05,0.0,0.0001970524181894584,1.0,1.0,0.0,2.0,-1.7232151246021343,-1.6994259281158375,0.023789196486296887,0.9406124904455172,-2.2211101665141806,5,19,position_exit,25.30266208641075,atr_48,0.0001970524181894584,-1.6994259281158375,-1.7232151246021343,0.9406124904455172,-2.2211101665141806,0.0,,,,fractional_return,R,False
281,ETHUSD,long,2024-07-11 03:00:00,2024-07-11 03:00:00,2024-07-11 15:00:00,3071.25,3145.45,3071.25,3145.45,24,1.0,0.024159544159544355,0.023954592265202024,0.0001,0.00010495189434233118,0.0,0.0002049518943423312,1.0,1.0,0.0,2.0,3.712985950566685,3.7439797451551153,0.0309937945884304,7.276036108509007,-0.2876103038730934,19,1,position_exit,19.81848328533777,atr_48,0.0002049518943423312,3.7439797451551153,3.712985950566685,7.276036108509007,-0.2876103038730934,0.0,,,,fractional_return,R,False
282,ETHUSD,long,2024-07-15 03:00:00,2024-07-15 03:00:00,2024-07-15 15:00:00,3323.3,3374.45,3323.3,3374.45,24,1.0,0.015391327896969509,0.015188319960430796,0.0001,0.00010300793653871274,0.0,0.00020300793653871274,1.0,1.0,0.0,2.0,3.1632283304586872,3.2048735158159154,0.041645185357228186,4.4329384407424754,-0.12217992875546342,24,1,position_exit,15.960068235946457,atr_48,0.00020300793653871274,3.2048735158159154,3.1632283304586872,4.4329384407424754,-0.12217992875546342,0.0,,,,fractional_return,R,False
283,ETHUSD,short,2024-07-24 23:00:00,2024-07-24 23:00:00,2024-07-25 11:00:00,3327.85,3179.05,3327.85,3179.05,24,1.0,0.04538900493578768,0.04517962833782385,0.0001,0.00010937659796382845,0.0,0.00020937659796382846,1.0,1.0,0.0,2.0,7.059239996725893,7.09095725762615,0.031717260900257026,9.371214682205549,-0.6695426711669952,10,2,position_exit,20.984472842502186,atr_48,0.00020937659796382846,7.09095725762615,7.059239996725893,9.371214682205549,-0.6695426711669952,0.0,,,,fractional_return,R,False
284,ETHUSD,short,2024-07-26 19:30:00,2024-07-26 19:30:00,2024-07-27 07:30:00,3274.6000000000004,3272.6000000000004,3274.6000000000004,3272.6000000000004,24,1.0,0.0004865769591027025,0.00028651409147006923,0.0001,0.00010006286763263325,0.0,0.00020006286763263326,1.0,1.0,0.0,2.0,0.06695991902109688,0.09956273087265723,0.03260281185156034,1.5730911477880023,-0.5998654535077462,16,6,position_exit,20.087837913546597,atr_48,0.00020006286763263326,0.09956273087265723,0.06695991902109688,1.5730911477880023,-0.5998654535077462,0.0,,,,fractional_return,R,False
285,ETHUSD,long,2024-07-27 20:00:00,2024-07-27 20:00:00,2024-07-28 08:00:00,3230.05,3221.65,3230.05,3221.65,24,1.0,-0.0026005789384069278,-0.0028002268466433833,0.0001,9.96479082364555e-05,0.0,0.0001996479082364555,1.0,1.0,0.0,2.0,-0.49216164677450003,-0.4570145105859714,0.0351471361885286,3.4820153187502205,-1.6811605210840959,2,18,position_exit,18.380160378780626,atr_48,0.0001996479082364555,-0.4570145105859714,-0.49216164677450003,3.4820153187502205,-1.6811605210840959,0.0,,,,fractional_return,R,False
286,ETHUSD,short,2024-08-03 12:00:00,2024-08-03 12:00:00,2024-08-04 00:00:00,3011.75,2903.15,3011.75,2903.15,24,1.0,0.036886190834987564,0.036678816822232285,0.0001,0.00010737401275527922,0.0,0.00020737401275527922,1.0,1.0,0.0,2.0,5.222219074096598,5.2513456676778665,0.02912659358126856,7.3644562171946655,-0.20309071642952212,18,1,position_exit,20.680413530656534,atr_48,0.00020737401275527922,5.2513456676778665,5.222219074096598,7.3644562171946655,-0.20309071642952212,0.0,,,,fractional_return,R,False
287,ETHUSD,short,2024-08-04 17:00:00,2024-08-04 17:00:00,2024-08-05 05:00:00,2737.15,2345.3,2737.15,2345.3,24,1.0,0.15452944871148766,0.15429815538744673,0.0001,0.00013129332404092652,0.0,0.0002312933240409265,1.0,1.0,0.0,2.0,18.635235241120917,18.661305825906616,0.02607058478569877,29.39328303113327,-1.604915162263748,16,6,position_exit,20.99799465565871,atr_48,0.0002312933240409265,18.661305825906616,18.635235241120917,29.39328303113327,-1.604915162263748,0.0,,,,fractional_return,R,False
288,ETHUSD,short,2024-08-06 08:00:00,2024-08-06 08:00:00,2024-08-06 20:00:00,2485.5,2491.65,2485.5,2491.65,24,1.0,-0.004474015415420918,-0.004673030884158491,0.0001,9.901546873757336e-05,0.0,0.00019901546873757336,1.0,1.0,0.0,2.0,-0.1526255903314583,-0.14121156301822896,0.011414027313229365,1.5900651608149938,-1.5877690378390896,10,12,position_exit,43.551674300256764,atr_48,0.00019901546873757336,-0.14121156301822896,-0.1526255903314583,1.5900651608149938,-1.5877690378390896,0.0,,,,fractional_return,R,False
289,ETHUSD,short,2024-08-07 10:30:00,2024-08-07 10:30:00,2024-08-07 22:30:00,2509.2,2356.45,2509.2,2356.45,24,1.0,0.06356280324395458,0.06334870255215241,0.0001,0.00011410069180216595,0.0,0.00021410069180216595,1.0,1.0,0.0,2.0,4.497428123311872,4.512252534519225,0.014824411207352717,5.915407987152045,-0.16985566005555183,20,1,position_exit,33.852271970916036,atr_48,0.00021410069180216595,4.512252534519225,4.497428123311872,5.915407987152045,-0.16985566005555183,0.0,,,,fractional_return,R,False
290,ETHUSD,long,2024-08-15 21:00:00,2024-08-15 21:00:00,2024-08-16 09:00:00,2548.95,2617.65,2548.95,2617.65,24,1.0,0.026952274465956938,0.02674688251221058,0.0001,0.00010539195374635887,0.0,0.00020539195374635888,1.0,1.0,0.0,2.0,3.216623965267282,3.2406714455617935,0.0240474802945115,3.783141920437492,-0.3207651503612696,20,1,position_exit,21.199310437374695,atr_48,0.00020539195374635888,3.2406714455617935,3.216623965267282,3.783141920437492,-0.3207651503612696,0.0,,,,fractional_return,R,False
291,ETHUSD,long,2024-08-21 09:00:00,2024-08-21 09:00:00,2024-08-21 21:00:00,2574.95,2638.15,2574.95,2638.15,24,1.0,0.024544165906134507,0.02433955079069494,0.0001,0.00010461511543956589,0.0,0.0002046151154395659,1.0,1.0,0.0,2.0,4.827282716983812,4.866941358282896,0.03965864129908382,6.792155503173274,-2.934026356812929,22,9,position_exit,12.985568419155525,atr_48,0.0002046151154395659,4.866941358282896,4.827282716983812,6.792155503173274,-2.934026356812929,0.0,,,,fractional_return,R,False
292,ETHUSD,long,2024-08-23 15:30:00,2024-08-23 15:30:00,2024-08-24 03:30:00,2671.05,2748.8,2671.05,2748.8,24,1.0,0.029108403062466426,0.028902402627618562,0.0001,0.0001060004348478639,0.0,0.0002060004348478639,1.0,1.0,0.0,2.0,5.8552777147557125,5.8957868892134195,0.04050917445770677,9.842741327587142,-0.5914744403326784,14,1,position_exit,13.187383034866265,atr_48,0.0002060004348478639,5.8957868892134195,5.8552777147557125,9.842741327587142,-0.5914744403326784,0.0,,,,fractional_return,R,False
293,ETHUSD,long,2024-08-24 21:00:00,2024-08-24 21:00:00,2024-08-25 09:00:00,2772.75,2749.35,2772.75,2749.35,24,1.0,-0.00843927508790876,-0.008637658456044917,0.0001,9.838336813615686e-05,0.0,0.00019838336813615687,1.0,1.0,0.0,2.0,-1.6133472101583897,-1.57599807626135,0.037349133897039664,0.649930830594962,-2.673808702033122,6,1,position_exit,14.847733859872832,atr_48,0.00019838336813615687,-1.57599807626135,-1.6133472101583897,0.649930830594962,-2.673808702033122,0.0,,,,fractional_return,R,False
294,ETHUSD,short,2024-08-29 11:00:00,2024-08-29 11:00:00,2024-08-29 23:00:00,2554.85,2527.75,2554.85,2527.75,24,1.0,0.010329925471973533,0.010127721283518243,0.0001,0.00010220418845529053,0.0,0.00020220418845529053,1.0,1.0,0.0,2.0,1.448367529994638,1.4762012778523583,0.027833747857720373,2.6500808917903176,-2.260603432873545,22,9,position_exit,18.357930186475766,atr_48,0.00020220418845529053,1.4762012778523583,1.448367529994638,2.6500808917903176,-2.260603432873545,0.0,,,,fractional_return,R,False
295,ETHUSD,long,2024-08-30 12:00:00,2024-08-30 12:00:00,2024-08-31 00:00:00,2520.25,2528.6000000000004,2520.25,2528.6000000000004,24,1.0,0.0033131633766485535,0.003112627817279945,0.0001,0.00010053555936860867,0.0,0.00020053555936860867,1.0,1.0,0.0,2.0,0.5239347350080232,0.557594050091701,0.0336593150836778,2.0100096895520263,-5.856406969226341,1,8,position_exit,14.975052188284893,atr_48,0.00020053555936860867,0.557594050091701,0.5239347350080232,2.0100096895520263,-5.856406969226341,0.0,,,,fractional_return,R,False
296,ETHUSD,long,2024-09-02 05:30:00,2024-09-02 05:30:00,2024-09-02 17:30:00,2454.15,2522.65,2454.15,2522.65,24,1.0,0.02791190432532642,0.027706421858688435,0.0001,0.00010548246663798508,0.0,0.00020548246663798508,1.0,1.0,0.0,2.0,4.641076108729512,4.674571288665507,0.03349517993599549,5.684551654683729,-1.4262560574176573,9,4,position_exit,14.653750209370607,atr_48,0.00020548246663798508,4.674571288665507,4.641076108729512,5.684551654683729,-1.4262560574176573,0.0,,,,fractional_return,R,False
297,ETHUSD,short,2024-09-03 15:30:00,2024-09-03 15:30:00,2024-09-04 03:30:00,2443.9,2372.75,2443.9,2372.75,24,1.0,0.028830917440221482,0.028625533859324426,0.0001,0.0001053835808970561,0.0,0.0002053835808970561,1.0,1.0,0.0,2.0,5.4873801835675575,5.525337661320194,0.037957477752636415,10.549783855099744,-1.9686199538224345,19,12,position_exit,12.877041071730611,atr_48,0.0002053835808970561,5.525337661320194,5.4873801835675575,10.549783855099744,-1.9686199538224345,0.0,,,,fractional_return,R,False
298,ETHUSD,short,2024-09-05 04:00:00,2024-09-05 04:00:00,2024-09-05 16:00:00,2414.25,2373.25,2414.25,2373.25,24,1.0,0.01697961776065182,0.01677615046611458,0.0001,0.00010346729453724066,0.0,0.00020346729453724066,1.0,1.0,0.0,2.0,2.6667230848532877,2.698502892700617,0.031779807847329096,3.8503029078777096,-0.27643200364249026,23,1,position_exit,15.193609801532538,atr_48,0.00020346729453724066,2.698502892700617,2.6667230848532877,3.8503029078777096,-0.27643200364249026,0.0,,,,fractional_return,R,False
299,ETHUSD,long,2024-09-16 01:30:00,2024-09-16 01:30:00,2024-09-16 14:00:00,2277.25,2286.25,2277.25,2286.25,25,1.0,0.003952135250850253,0.0037506259868260727,0.0001,0.00010150926402418001,0.0,0.00020150926402418,1.0,1.0,0.0,2.0,0.730132690701174,0.7690509408114606,0.03891825011028664,4.994558610047748,-2.093527561097865,13,2,position_exit,11.702735829831624,atr_48,0.00020150926402418,0.7690509408114606,0.730132690701174,4.994558610047748,-2.093527561097865,0.0,,,,fractional_return,R,False
