{
  "could_have_been_profitable": {
    "loser_was_positive_rate": 0.9787234042553191,
    "avg_mfe_r_of_losers": 1.6234708360311474,
    "median_mfe_r_of_losers": 1.1347401284676644,
    "avg_mfe_r_before_loss": 1.6234708360311474,
    "median_mfe_r_before_loss": 1.1347401284676644,
    "loser_reached_0_5r_rate": 0.7021276595744681,
    "loser_reached_1r_rate": 0.5531914893617021,
    "loser_reached_1_5r_rate": 0.40425531914893614,
    "loser_reached_2r_rate": 0.30851063829787234
  },
  "capture_giveback": {
    "avg_capture_ratio": -10.697380726024443,
    "median_capture_ratio": 0.10460026168847394,
    "avg_giveback_r": 3.180839570858589,
    "median_giveback_r": 2.2053554656790393,
    "avg_giveback_r_winners": 2.109718325351518,
    "avg_giveback_r_losers": 4.365909885036625,
    "median_giveback_r_winners": 1.6084936611768537,
    "median_giveback_r_losers": 3.8158329413628627
  },
  "mae_before_win": {
    "winner_had_negative_mae_rate": 0.9711538461538461,
    "winner_had_mae_below_minus_0_25r_rate": 0.8365384615384616,
    "winner_had_mae_below_minus_0_5r_rate": 0.6634615384615384,
    "winner_had_mae_below_minus_1r_rate": 0.46153846153846156,
    "avg_mae_r_of_winners": -1.2693852749470245,
    "median_mae_r_of_winners": -0.9129475398383027,
    "p90_abs_mae_r_of_winners": 3.024876897926238,
    "avg_mae_r": -2.9589360369341513,
    "median_mae_r": -2.0062692885684505,
    "q10_mae_r": -6.207883219511049,
    "q25_mae_r": -3.765055296100852,
    "q75_mae_r": -0.8546503035287956,
    "q90_mae_r": -0.28114662200463614
  },
  "conditional_probabilities": {
    "prob_final_win": 0.5252525252525253,
    "prob_final_loss": 0.47474747474747475,
    "prob_final_win_given_mae_gt_minus_0_5r": 1.0,
    "prob_final_win_given_mae_gt_minus_1r": 0.9491525423728814,
    "prob_mfe_ge_0_5r": 0.8585858585858586,
    "prob_final_loss_given_mfe_ge_0_5r": 0.38823529411764707,
    "prob_mfe_ge_1r": 0.7828282828282829,
    "prob_final_loss_given_mfe_ge_1r": 0.33548387096774196,
    "prob_mfe_ge_1_5r": 0.6919191919191919,
    "prob_final_loss_given_mfe_ge_1_5r": 0.2773722627737226,
    "prob_mfe_ge_2r": 0.5909090909090909,
    "prob_final_loss_given_mfe_ge_2r": 0.24786324786324787,
    "prob_stop_loss_given_mfe_ge_0_5r": 0.0,
    "prob_stop_loss_given_mfe_ge_1r": 0.0
  },
  "exit_reason_quality": {
    "position_exit": {
      "trade_count": 197,
      "avg_r": 0.4274282645346969,
      "median_r": 0.147148747188254,
      "win_rate": 0.5228426395939086,
      "avg_mfe_r": 3.623267720485274,
      "avg_mae_r": -2.9698250390768957,
      "avg_giveback_r": 3.195839455950577,
      "avg_bars_held": 24.081218274111674,
      "profit_factor": 1.3266364341511399,
      "stop_after_positive_rate": 0.9898477157360406,
      "stop_after_0_5r_rate": 0.8578680203045685,
      "stop_after_1r_rate": 0.7817258883248731
    },
    "reversal": {
      "trade_count": 1,
      "avg_r": 2.525867256360385,
      "median_r": 2.525867256360385,
      "win_rate": 1.0,
      "avg_mfe_r": 2.751729464097266,
      "avg_mae_r": -0.8138026148135735,
      "avg_giveback_r": 0.22586220773688126,
      "avg_bars_held": 24.0,
      "profit_factor": Infinity,
      "stop_after_positive_rate": 1.0,
      "stop_after_0_5r_rate": 1.0,
      "stop_after_1r_rate": 1.0
    }
  },
  "timing": {
    "avg_time_to_mfe": 11.43939393939394,
    "median_time_to_mfe": 11.0,
    "avg_time_to_mae": 10.11111111111111,
    "median_time_to_mae": 9.0,
    "prob_mfe_ge_0_5r_within_1_bar": 0.0707070707070707,
    "prob_mfe_ge_0_5r_within_2_bars": 0.11616161616161616,
    "prob_mfe_ge_1r_within_4_bars": 0.12121212121212122,
    "avg_r_by_bars_held_bucket": {
      "1": null,
      "2": null,
      "3-4": null,
      "5-8": null,
      "9-16": null,
      "17+": 0.43802644126108925
    },
    "win_rate_by_bars_held_bucket": {
      "1": null,
      "2": null,
      "3-4": null,
      "5-8": null,
      "9-16": null,
      "17+": 0.5252525252525253
    }
  },
  "warnings": [],
  "trade_ledger_construction": {
    "ledger_source": "position_transitions",
    "trade_count": 198,
    "position_transition_count": 396,
    "fallback_price_risk_distance_count": 0,
    "end_of_data_exit_count": 0,
    "skipped_missing_price_count": 0,
    "warnings": []
  },
  "path_construction": {
    "trade_count": 198,
    "path_trade_count": 198,
    "skipped_trade_paths_missing_risk": 0,
    "skipped_trade_paths_missing_asset_frame": 0,
    "skipped_trade_paths_missing_timestamps": 0,
    "truncated": false,
    "warnings": []
  },
  "counterfactual": {
    "counterfactual.baseline.trade_count": 198,
    "counterfactual.baseline.avg_r": 0.43802644126108925,
    "counterfactual.baseline.median_r": 0.1596211191494869,
    "counterfactual.baseline.win_rate": 0.5252525252525253,
    "counterfactual.baseline.profit_factor": 1.3364346202836257,
    "counterfactual.breakeven_after_0_5r.trade_count": 198,
    "counterfactual.breakeven_after_0_5r.avg_r": 0.05638703195709011,
    "counterfactual.breakeven_after_0_5r.median_r": 0.0,
    "counterfactual.breakeven_after_0_5r.win_rate": 0.025252525252525252,
    "counterfactual.breakeven_after_0_5r.profit_factor": 1.597257790441904,
    "counterfactual.breakeven_after_1_0r.trade_count": 198,
    "counterfactual.breakeven_after_1_0r.avg_r": 0.2649889814815525,
    "counterfactual.breakeven_after_1_0r.median_r": 0.0,
    "counterfactual.breakeven_after_1_0r.win_rate": 0.13636363636363635,
    "counterfactual.breakeven_after_1_0r.profit_factor": 1.7882097105482708,
    "counterfactual.exit_at_first_0_5r.trade_count": 198,
    "counterfactual.exit_at_first_0_5r.avg_r": 0.38538810711072696,
    "counterfactual.exit_at_first_0_5r.median_r": 0.5,
    "counterfactual.exit_at_first_0_5r.win_rate": 0.9595959595959596,
    "counterfactual.exit_at_first_0_5r.profit_factor": 5.082074216828829,
    "counterfactual.exit_at_first_1_0r.trade_count": 198,
    "counterfactual.exit_at_first_1_0r.avg_r": 0.5595054117043097,
    "counterfactual.exit_at_first_1_0r.median_r": 1.0,
    "counterfactual.exit_at_first_1_0r.win_rate": 0.898989898989899,
    "counterfactual.exit_at_first_1_0r.profit_factor": 2.664248815720463,
    "counterfactual.partial_50pct_at_1r.trade_count": 198,
    "counterfactual.partial_50pct_at_1r.avg_r": 0.4987659264826994,
    "counterfactual.partial_50pct_at_1r.median_r": 0.5627798933091435,
    "counterfactual.partial_50pct_at_1r.win_rate": 0.6818181818181818,
    "counterfactual.partial_50pct_at_1r.profit_factor": 1.7410967764095462,
    "counterfactual.time_exit_after_4_bars_if_mfe_lt_0_3r.trade_count": 198,
    "counterfactual.time_exit_after_4_bars_if_mfe_lt_0_3r.avg_r": 0.4142802775388255,
    "counterfactual.time_exit_after_4_bars_if_mfe_lt_0_3r.median_r": 0.06613419478114516,
    "counterfactual.time_exit_after_4_bars_if_mfe_lt_0_3r.win_rate": 0.51010101010101,
    "counterfactual.time_exit_after_4_bars_if_mfe_lt_0_3r.profit_factor": 1.3196924361168043,
    "counterfactual.trail_0_5r_after_1_0r.trade_count": 198,
    "counterfactual.trail_0_5r_after_1_0r.avg_r": 0.7426419376024739,
    "counterfactual.trail_0_5r_after_1_0r.median_r": 0.895878105334628,
    "counterfactual.trail_0_5r_after_1_0r.win_rate": 0.898989898989899,
    "counterfactual.trail_0_5r_after_1_0r.profit_factor": 3.20898840172871,
    "counterfactual.best_policy_by_avg_r": "trail_0_5r_after_1_0r",
    "counterfactual.best_policy_by_profit_factor": "exit_at_first_0_5r"
  }
}