lag,autocorrelation,asset
1,0.8135406329889864,ETHUSD
2,0.7295363268913635,ETHUSD
4,0.6108789170042664,ETHUSD
8,0.4313195428257636,ETHUSD
16,0.23092942866770277,ETHUSD
