lag,autocorrelation,asset
1,0.9393683336371331,ETHUSD
2,0.8971666181463082,ETHUSD
4,0.8216764197280146,ETHUSD
8,0.6993706578837123,ETHUSD
16,0.517559784978444,ETHUSD
