{
  "prediction_distribution": {
    "rows": 43800,
    "mean": -0.024344548110112642,
    "std": 1.0130775646781571,
    "min": -4.3179144859313965,
    "max": 3.997899293899536,
    "median": 0.0017087329179048538,
    "q01": -2.600663785934448,
    "q05": -1.7475616335868835,
    "q25": -0.6573813408613205,
    "q75": 0.6390765011310577,
    "q95": 1.6114743351936336,
    "q99": 2.281948847770692,
    "skew": -0.19385172245977636,
    "kurtosis": 0.3080414077481173,
    "positive_rate": 0.5006849315068493,
    "negative_rate": 0.49931506849315066,
    "zero_rate": 0.0
  },
  "expected_net_return_distribution": {
    "rows": 0,
    "mean": null,
    "std": null,
    "min": null,
    "max": null,
    "median": null,
    "q01": null,
    "q05": null,
    "q25": null,
    "q75": null,
    "q95": null,
    "q99": null,
    "skew": null,
    "kurtosis": null,
    "positive_rate": null,
    "negative_rate": null,
    "zero_rate": null
  },
  "prediction_vs_realized": {
    "evaluation_rows": 43800,
    "correlation": 0.05382175815254584,
    "spearman_rank_correlation": 0.058827657705207495,
    "calibration_slope": 0.13275496655001293,
    "calibration_intercept": 0.007044368875540759,
    "directional_accuracy": 0.5228310502283106,
    "mean_prediction": -0.024344548110112642,
    "mean_realized": 0.0038125092055075753
  },
  "quantile_monotonicity": {
    "monotonicity": 0.9515151515151514,
    "monotonic_increasing_steps": 7,
    "quantile_count": 10
  },
  "residuals": {
    "ETHUSD": {
      "rows": 43800,
      "distribution": {
        "rows": 43800,
        "mean": 0.028157057315620217,
        "std": 2.6453630434387496,
        "min": -6.568896066951352,
        "max": 8.113326072692871,
        "median": -0.023003404245598574,
        "q01": -5.28174574971199,
        "q05": -4.276046073436737,
        "q25": -1.9133706643387658,
        "q75": 1.9904099000106374,
        "q95": 4.336000245809547,
        "q99": 5.5570002401921075,
        "skew": 0.05425020050329057,
        "kurtosis": -0.6670234383125435,
        "positive_rate": 0.4964383561643836,
        "negative_rate": 0.5035616438356164,
        "zero_rate": 0.0
      },
      "autocorrelation": [
        {
          "lag": 1,
          "autocorrelation": 0.9459149477228908
        },
        {
          "lag": 2,
          "autocorrelation": 0.8979967483668393
        },
        {
          "lag": 4,
          "autocorrelation": 0.8084860573001224
        },
        {
          "lag": 8,
          "autocorrelation": 0.6451860244952726
        }
      ],
      "residual_vs_forecast_abs_correlation": 0.05805537630691555,
      "residual_vs_volatility_correlation": null
    }
  },
  "turnover_cost": {
    "rows": 73965,
    "total_turnover": 616.0,
    "avg_turnover": 0.008328263367809098,
    "rebalance_frequency": 0.008274183735550599,
    "churn_frequency": 0.008274183735550599,
    "total_cost": 0.0616,
    "gross_pnl": 1.3514507537081768,
    "net_pnl": 1.289850753708177,
    "cost_to_abs_gross_pnl": 0.0025088457569854283,
    "turnover_vs_net_pnl_correlation": -0.003906988924239734
  },
  "residual_diagnostics": {
    "ETHUSD": {
      "rows": 43800,
      "distribution": {
        "rows": 43800,
        "mean": 0.028157057315620217,
        "std": 2.6453630434387496,
        "min": -6.568896066951352,
        "max": 8.113326072692871,
        "median": -0.023003404245598574,
        "q01": -5.28174574971199,
        "q05": -4.276046073436737,
        "q25": -1.9133706643387658,
        "q75": 1.9904099000106374,
        "q95": 4.336000245809547,
        "q99": 5.5570002401921075,
        "skew": 0.05425020050329057,
        "kurtosis": -0.6670234383125435,
        "positive_rate": 0.4964383561643836,
        "negative_rate": 0.5035616438356164,
        "zero_rate": 0.0
      },
      "autocorrelation": [
        {
          "lag": 1,
          "autocorrelation": 0.9459149477228908
        },
        {
          "lag": 2,
          "autocorrelation": 0.8979967483668393
        },
        {
          "lag": 4,
          "autocorrelation": 0.8084860573001224
        },
        {
          "lag": 8,
          "autocorrelation": 0.6451860244952726
        }
      ],
      "residual_vs_forecast_abs_correlation": 0.05805537630691555,
      "residual_vs_volatility_correlation": null
    }
  }
}