lag,autocorrelation,asset
1,0.9340155175818267,ETHUSD
2,0.8886592601106913,ETHUSD
4,0.8103783681014199,ETHUSD
8,0.6884762605979345,ETHUSD
16,0.5018114484831615,ETHUSD
