regime,rows,realized_mean,sharpe,hit_rate,calibration_slope,prediction_correlation,turnover_mean,cost_mean,asset
all,43800,0.0038125092055075753,0.0015257216399932453,0.5200913242009132,0.11298341937265606,0.04451921675109447,,,ETHUSD
