asset,signal_time,entry_time,exit_time,side,signal_module,entry_cluster,entry_price,exit_price,take_profit_price,stop_loss_price,exit_reason,bars_held,gross_return,net_return,cost_return,gross_pnl_currency,net_pnl_currency,cost_currency,gross_r_multiple,net_r_multiple,mfe_r_multiple,mae_r_multiple,realized_r,cost,entry_context_age_bars,entry_macro_context_age_bars,entry_laggard_gap,signal_strength,entry_relay_score,signal_timestamp,entry_timestamp,exit_timestamp,signal,raw_entry_price,raw_exit_price,target_price,position_size,cost_paid,trade_r,max_favorable_r,max_adverse_r,breakeven_activated,profit_lock_activated,effective_stop_price,r_trailing_activated,r_trailing_activation_r,r_trailing_distance_r,initial_risk_distance,effective_trailing_stop,intrabar_policy,stop_mode,effective_risk_per_trade,risk_guard_reason,total_cost,entry_cost,exit_cost,holding_cost,cost_component_reconciliation,return_unit,r_multiple_unit,currency_pnl_available
ETHUSD,2022-03-17 10:30:00,2022-03-17 11:00:00,2022-03-17 12:30:00,long,,,2772.9,2793.45,2871.5395248966292,2733.4441900413485,r_trailing_stop,4,0.0031250150517556745,0.0030406807039501907,8.433434780548378e-05,,,,,0.5067801173250318,1.1734646950226253,-0.17994814977668644,,,,,,,,2022-03-17 10:30:00,2022-03-17 11:00:00,2022-03-17 12:30:00,1.0,2772.9,2793.45,2871.5395248966292,0.42167173902741895,8.433434780548379e-05,0.5067801173250318,1.1734646950226253,-0.17994814977668644,False,False,2809.335691589766,True,0.75,0.5,19.72861682046717,2809.335691589766,adverse_first,volatility_stop,0.006,,8.433434780548378e-05,4.216717390274189e-05,4.216717390274189e-05,0.0,0.0,fractional_return,R,False
ETHUSD,2022-03-17 15:30:00,2022-03-17 16:00:00,2022-03-17 18:30:00,long,,,2802.6,2807.9995358636643,2902.613562115375,2762.5945751538497,r_trailing_stop,6,0.000809820550752248,0.0007257539519613678,8.40665987908802e-05,,,,,0.12095899199356129,0.3849477929361892,-0.6686593156521429,,,,,,,,2022-03-17 15:30:00,2022-03-17 16:00:00,2022-03-17 18:30:00,1.0,2802.6,2807.9995358636643,2902.613562115375,0.42033299395440094,8.406659879088019e-05,0.12095899199356129,0.3849477929361892,-0.6686593156521429,False,False,2807.9995358636643,True,0.75,0.5,20.00092827267181,2807.9995358636643,adverse_first,volatility_stop,0.006,,8.40665987908802e-05,4.20332993954401e-05,4.20332993954401e-05,0.0,0.0,fractional_return,R,False
ETHUSD,2022-03-18 00:00:00,2022-03-18 00:30:00,2022-03-18 00:30:00,long,,,2809.2,2772.3841745361683,2901.2395636595784,2772.3841745361683,stop_loss,1,-0.006,-0.006091564971246177,9.156497124617694e-05,,,,,-1.0152608285410294,0.09914214754158825,-1.0810568416861905,,,,,,,,2022-03-18 00:00:00,2022-03-18 00:30:00,2022-03-18 00:30:00,1.0,2809.2,2772.3841745361683,2901.2395636595784,0.45782485623088565,9.156497124617713e-05,-1.0152608285410294,0.09914214754158825,-1.0810568416861905,False,False,2772.3841745361683,False,0.75,0.5,18.407257064122824,,adverse_first,volatility_stop,0.006,,9.156497124617694e-05,4.578248562308847e-05,4.578248562308847e-05,0.0,0.0,fractional_return,R,False
ETHUSD,2022-03-18 00:30:00,2022-03-18 01:00:00,2022-03-18 06:30:00,long,,,2776.45,2801.235509562356,2871.0931975953745,2738.59272096185,r_trailing_stop,12,0.003928255309217434,0.0038402473993873983,8.800790983003572e-05,,,,,0.6400412332312331,0.9047137266649622,-0.16773524567364753,,,,,,,,2022-03-18 00:30:00,2022-03-18 01:00:00,2022-03-18 06:30:00,1.0,2776.45,2801.235509562356,2871.0931975953745,0.44003954915017934,8.800790983003587e-05,0.6400412332312331,0.9047137266649622,-0.16773524567364753,False,False,2801.235509562356,True,0.75,0.5,18.928980875286936,2801.235509562356,adverse_first,volatility_stop,0.006,,8.800790983003572e-05,4.400395491501786e-05,4.400395491501786e-05,0.0,0.0,fractional_return,R,False
ETHUSD,2022-03-24 05:30:00,2022-03-24 06:00:00,2022-03-24 08:30:00,short,,,3049.55,3042.9293412876095,2949.2549400869293,3089.6680239652287,r_trailing_stop,6,0.0009901771908999023,0.0008989598367457751,9.121735415412724e-05,,,,,0.14982663945762917,0.41502542633782596,-0.5608451707267889,,,,,,,,2022-03-24 05:30:00,2022-03-24 06:00:00,2022-03-24 08:30:00,-1.0,3049.55,3042.9293412876095,2949.2549400869293,0.4560867707706364,9.12173541541273e-05,0.14982663945762917,0.41502542633782596,-0.5608451707267889,False,False,3042.9293412876095,True,0.75,0.5,20.058682575219265,3042.9293412876095,adverse_first,volatility_stop,0.006,,9.121735415412724e-05,4.560867707706362e-05,4.560867707706362e-05,0.0,0.0,fractional_return,R,False
ETHUSD,2022-03-24 08:30:00,2022-03-24 09:00:00,2022-03-24 13:00:00,short,,,3049.6,3020.0328054687225,2950.770324191451,3089.1318703234197,r_trailing_stop,9,0.004487598632098295,0.004395027246781573,9.25713853167226e-05,,,,,0.7325045411302621,0.9979290045537909,-0.4527992187962745,,,,,,,,2022-03-24 08:30:00,2022-03-24 09:00:00,2022-03-24 13:00:00,-1.0,3049.6,3020.0328054687225,2950.770324191451,0.462856926583615,9.2571385316723e-05,0.7325045411302621,0.9979290045537909,-0.4527992187962745,False,False,3020.0328054687225,True,0.75,0.5,19.765610937444972,3020.0328054687225,adverse_first,volatility_stop,0.006,,9.25713853167226e-05,4.62856926583613e-05,4.62856926583613e-05,0.0,0.0,fractional_return,R,False
ETHUSD,2022-03-25 19:00:00,2022-03-25 19:30:00,2022-03-25 20:30:00,long,,,3092.5,3112.119364081694,3192.80311755836,3052.378752976656,r_trailing_stop,3,0.0029340111094172884,0.0028415164768890223,9.249463252826613e-05,,,,,0.4735860794815037,0.9595913102501341,-0.22556626903282825,,,,,,,,2022-03-25 19:00:00,2022-03-25 19:30:00,2022-03-25 20:30:00,1.0,3092.5,3112.119364081694,3192.80311755836,0.46247316264133087,9.249463252826617e-05,0.4735860794815037,0.9595913102501341,-0.22556626903282825,False,False,3112.119364081694,True,0.75,0.5,20.06127183661198,3112.119364081694,adverse_first,volatility_stop,0.006,,9.249463252826613e-05,4.6247316264133066e-05,4.6247316264133066e-05,0.0,0.0,fractional_return,R,False
ETHUSD,2022-03-28 13:30:00,2022-03-28 14:00:00,2022-03-28 15:00:00,long,,,3380.4,3389.408340575568,3463.3190493375064,3347.2323802649976,r_trailing_stop,3,0.001629602723537329,0.0015073003083381127,0.00012230241519921629,,,,,0.2512167180563521,0.636162623926028,-0.6663125113158872,,,,,,,,2022-03-28 13:30:00,2022-03-28 14:00:00,2022-03-28 15:00:00,1.0,3380.4,3389.408340575568,3463.3190493375064,0.6115120759960817,0.00012230241519921634,0.2512167180563521,0.636162623926028,-0.6663125113158872,False,False,3389.408340575568,True,0.75,0.5,16.583318848862827,3389.408340575568,adverse_first,volatility_stop,0.006,,0.00012230241519921629,6.115120759960814e-05,6.115120759960814e-05,0.0,0.0,fractional_return,R,False
ETHUSD,2022-03-28 15:00:00,2022-03-28 15:30:00,2022-03-28 16:00:00,long,,,3387.2,3353.0360857740043,3472.6097855649887,3353.0360857740043,stop_loss,2,-0.006,-0.006118974657678633,0.0001189746576786329,,,,,-1.0198291096131056,0.02048945549300198,-1.5132926414111225,,,,,,,,2022-03-28 15:00:00,2022-03-28 15:30:00,2022-03-28 16:00:00,1.0,3387.2,3353.0360857740043,3472.6097855649887,0.5948732883931651,0.00011897465767863303,-1.0198291096131056,0.02048945549300198,-1.5132926414111225,False,False,3353.0360857740043,False,0.75,0.5,17.081200835914753,,adverse_first,volatility_stop,0.006,,0.0001189746576786329,5.948732883931645e-05,5.948732883931645e-05,0.0,0.0,fractional_return,R,False
ETHUSD,2022-03-28 16:00:00,2022-03-28 16:30:00,2022-03-28 17:00:00,long,,,3345.3,3362.25,3433.6770342171194,3309.9491863131525,r_trailing_stop,2,0.0028768786173042587,0.002763320835139444,0.00011355778216481493,,,,,0.46055347252324064,0.8033761330525155,-0.031116681209791223,,,,,,,,2022-03-28 16:00:00,2022-03-28 16:30:00,2022-03-28 17:00:00,1.0,3345.3,3362.25,3433.6770342171194,0.5677889108240736,0.00011355778216481473,0.46055347252324064,0.8033761330525155,-0.031116681209791223,False,False,3364.861768088859,True,0.75,0.5,17.676463822281114,3364.861768088859,adverse_first,volatility_stop,0.006,,0.00011355778216481493,5.6778891082407464e-05,5.6778891082407464e-05,0.0,0.0,fractional_return,R,False
ETHUSD,2022-03-28 17:00:00,2022-03-28 17:30:00,2022-03-28 18:00:00,long,,,3367.2,3384.0253019567235,3456.945649706572,3331.301740117371,r_trailing_stop,2,0.0028121644912708177,0.002699606389200938,0.00011255810206987947,,,,,0.44993439820015635,0.8788726836106981,-0.04874888102436491,,,,,,,,2022-03-28 17:00:00,2022-03-28 17:30:00,2022-03-28 18:00:00,1.0,3367.2,3384.0253019567235,3456.945649706572,0.5627905103493966,0.00011255810206987934,0.44993439820015635,0.8788726836106981,-0.04874888102436491,False,False,3384.0253019567235,True,0.75,0.5,17.94939608655338,3384.0253019567235,adverse_first,volatility_stop,0.006,,0.00011255810206987947,5.627905103493974e-05,5.627905103493974e-05,0.0,0.0,fractional_return,R,False
ETHUSD,2022-03-28 18:00:00,2022-03-28 18:30:00,2022-03-28 19:00:00,long,,,3395.3,3415.544039506251,3486.3582677603235,3358.8766928958707,r_trailing_stop,2,0.0033347943032810555,0.0032229329616309975,0.00011186134165005806,,,,,0.5371554936051662,0.9348409770330772,-0.11668352870456848,,,,,,,,2022-03-28 18:00:00,2022-03-28 18:30:00,2022-03-28 19:00:00,1.0,3395.3,3415.544039506251,3486.3582677603235,0.5593067082502904,0.00011186134165005808,0.5371554936051662,0.9348409770330772,-0.11668352870456848,False,False,3415.544039506251,True,0.75,0.5,18.211920987498452,3415.544039506251,adverse_first,volatility_stop,0.006,,0.00011186134165005806,5.593067082502903e-05,5.593067082502903e-05,0.0,0.0,fractional_return,R,False
ETHUSD,2022-03-28 19:00:00,2022-03-28 19:30:00,2022-03-28 21:30:00,long,,,3426.45,3389.334800303634,3519.237999240914,3389.334800303634,stop_loss,5,-0.006000000000000001,-0.00611078318407654,0.00011078318407653932,,,,,-1.0184638640127566,0.16300599348769157,-1.6650860161221475,,,,,,,,2022-03-28 19:00:00,2022-03-28 19:30:00,2022-03-28 21:30:00,1.0,3426.45,3389.334800303634,3519.237999240914,0.5539159203826963,0.00011078318407653928,-1.0184638640127566,0.16300599348769157,-1.6650860161221475,False,False,3389.334800303634,False,0.75,0.5,18.55787042594795,,adverse_first,volatility_stop,0.006,,0.00011078318407653932,5.539159203826966e-05,5.539159203826966e-05,0.0,0.0,fractional_return,R,False
ETHUSD,2022-03-29 01:30:00,2022-03-29 02:00:00,2022-03-29 03:30:00,short,,,3390.75,3379.0995661537504,3289.757317229407,3431.1470731082372,r_trailing_stop,4,0.0017303878152312112,0.0016296651715610113,0.00010072264367019996,,,,,0.2716108619268352,0.5384053429248326,-0.29705122368266623,,,,,,,,2022-03-29 01:30:00,2022-03-29 02:00:00,2022-03-29 03:30:00,-1.0,3390.75,3379.0995661537504,3289.757317229407,0.5036132183510003,0.00010072264367020006,0.2716108619268352,0.5384053429248326,-0.29705122368266623,False,False,3379.0995661537504,True,0.75,0.5,20.199132307500516,3379.0995661537504,adverse_first,volatility_stop,0.006,,0.00010072264367019996,5.036132183509998e-05,5.036132183509998e-05,0.0,0.0,fractional_return,R,False
ETHUSD,2022-03-29 04:00:00,2022-03-29 04:30:00,2022-03-29 09:00:00,short,,,3390.3,3430.407521243021,3290.031196892448,3430.407521243021,stop_loss,10,-0.006,-0.006101436335976707,0.00010143633597670728,,,,,-1.0169060559961178,0.09973191750652081,-1.3700672167458252,,,,,,,,2022-03-29 04:00:00,2022-03-29 04:30:00,2022-03-29 09:00:00,-1.0,3390.3,3430.407521243021,3290.031196892448,0.5071816798835375,0.0001014363359767075,-1.0169060559961178,0.09973191750652081,-1.3700672167458252,False,False,3430.407521243021,False,0.75,0.5,20.0543514564013,,adverse_first,volatility_stop,0.006,,0.00010143633597670728,5.071816798835364e-05,5.071816798835364e-05,0.0,0.0,fractional_return,R,False
ETHUSD,2022-03-29 09:00:00,2022-03-29 09:30:00,2022-03-29 11:30:00,short,,,3428.4,3468.2121068358424,3328.8697329103948,3468.2121068358424,stop_loss,5,-0.006,-0.0061033374098226865,0.00010333740982268642,,,,,-1.0172229016371144,0.29890405069662573,-1.0825852592457514,,,,,,,,2022-03-29 09:00:00,2022-03-29 09:30:00,2022-03-29 11:30:00,-1.0,3428.4,3468.2121068358424,3328.8697329103948,0.5166870491134329,0.00010333740982268659,-1.0172229016371144,0.29890405069662573,-1.0825852592457514,False,False,3468.2121068358424,False,0.75,0.5,19.905473139890905,,adverse_first,volatility_stop,0.006,,0.00010333740982268642,5.166870491134321e-05,5.166870491134321e-05,0.0,0.0,fractional_return,R,False
ETHUSD,2022-03-30 11:00:00,2022-03-30 11:30:00,2022-03-30 12:30:00,short,,,3413.25,3400.4569049882316,3307.1825002615806,3455.6769998953678,r_trailing_stop,3,0.0018091915586751588,0.0017126516192474078,9.653993942775095e-05,,,,,0.2854419365412346,0.5515355801189816,-0.15791830712808264,,,,,,,,2022-03-30 11:00:00,2022-03-30 11:30:00,2022-03-30 12:30:00,-1.0,3413.25,3400.4569049882316,3307.1825002615806,0.4826996971387547,9.653993942775094e-05,0.2854419365412346,0.5515355801189816,-0.15791830712808264,False,False,3400.4569049882316,True,0.75,0.5,21.213809976462194,3400.4569049882316,adverse_first,volatility_stop,0.006,,9.653993942775095e-05,4.826996971387548e-05,4.826996971387548e-05,0.0,0.0,fractional_return,R,False
ETHUSD,2022-04-03 03:00:00,2022-04-03 03:30:00,2022-04-03 06:00:00,short,,,3453.15,3499.3997898678763,3337.52552533031,3499.3997898678763,stop_loss,6,-0.006,-0.006089595650311877,8.959565031187687e-05,,,,,-1.0149326083853127,0.028108235814993953,-1.1362213785213213,,,,,,,,2022-04-03 03:00:00,2022-04-03 03:30:00,2022-04-03 06:00:00,-1.0,3453.15,3499.3997898678763,3337.52552533031,0.447978251559383,8.95956503118766e-05,-1.0149326083853127,0.028108235814993953,-1.1362213785213213,False,False,3499.3997898678763,False,0.75,0.5,23.125564187867173,,adverse_first,volatility_stop,0.006,,8.959565031187687e-05,4.4797825155938435e-05,4.4797825155938435e-05,0.0,0.0,fractional_return,R,False
ETHUSD,2022-04-03 07:00:00,2022-04-03 07:30:00,2022-04-03 19:00:00,short,,,3484.2,3500.15,3373.3127586965447,3528.554896521382,max_holding_close,24,-0.0021575971878069014,-0.002251860512217645,9.426332441074374e-05,,,,,-0.3753100853696075,0.27618145820934625,-0.8341807309180255,,,,,,,,2022-04-03 07:00:00,2022-04-03 07:30:00,2022-04-03 19:00:00,-1.0,3484.2,3500.15,3373.3127586965447,0.47131662205371827,9.426332441074366e-05,-0.3753100853696075,0.27618145820934625,-0.8341807309180255,False,False,3528.554896521382,False,0.75,0.5,22.178085220653085,,adverse_first,volatility_stop,0.006,,9.426332441074374e-05,4.713166220537187e-05,4.713166220537187e-05,0.0,0.0,fractional_return,R,False
ETHUSD,2022-04-04 01:00:00,2022-04-04 01:30:00,2022-04-04 10:00:00,short,,,3487.8500000000004,3474.0311570712943,3377.536845112476,3531.97526195501,r_trailing_stop,18,0.0018790383081866819,0.00178418516024917,9.485314793751184e-05,,,,,0.29736419337486164,0.606228695645477,-0.5450392572064788,,,,,,,,2022-04-04 01:00:00,2022-04-04 01:30:00,2022-04-04 10:00:00,-1.0,3487.8500000000004,3474.0311570712943,3377.536845112476,0.47426573968755864,9.485314793751174e-05,0.29736419337486164,0.606228695645477,-0.5450392572064788,False,False,3474.0311570712943,True,0.75,0.5,22.062314142588303,3474.0311570712943,adverse_first,volatility_stop,0.006,,9.485314793751184e-05,4.742657396875592e-05,4.742657396875592e-05,0.0,0.0,fractional_return,R,False
ETHUSD,2022-04-04 15:00:00,2022-04-04 15:30:00,2022-04-04 16:30:00,long,,,3433.8500000000004,3442.3231635728325,3539.1198985501196,3391.7420405799526,r_trailing_stop,3,0.001207348495087341,0.0011094900365737194,9.785845851362153e-05,,,,,0.1849150060956199,0.527216239061689,-0.3882876355251747,,,,,,,,2022-04-04 15:00:00,2022-04-04 15:30:00,2022-04-04 16:30:00,1.0,3433.8500000000004,3442.3231635728325,3539.1198985501196,0.489292292568108,9.785845851362161e-05,0.1849150060956199,0.527216239061689,-0.3882876355251747,False,False,3442.3231635728325,True,0.75,0.5,21.053672854335964,3442.3231635728325,adverse_first,volatility_stop,0.006,,9.785845851362153e-05,4.8929229256810766e-05,4.8929229256810766e-05,0.0,0.0,fractional_return,R,False
ETHUSD,2022-04-04 17:30:00,2022-04-04 18:00:00,2022-04-04 20:00:00,long,,,3438.3,3489.37580616758,3545.538815838704,3395.4044736645187,r_trailing_stop,5,0.007144214401490867,0.007048028147294304,9.618625419656295e-05,,,,,1.174671357882384,1.6621779959609266,-0.6772267991958683,,,,,,,,2022-04-04 17:30:00,2022-04-04 18:00:00,2022-04-04 20:00:00,1.0,3438.3,3489.37580616758,3545.538815838704,0.480931270982816,9.61862541965632e-05,1.174671357882384,1.6621779959609266,-0.6772267991958683,False,False,3489.37580616758,True,0.75,0.5,21.448387664839647,3489.37580616758,adverse_first,volatility_stop,0.006,,9.618625419656295e-05,4.809312709828147e-05,4.809312709828147e-05,0.0,0.0,fractional_return,R,False
ETHUSD,2022-04-07 11:00:00,2022-04-07 11:30:00,2022-04-07 13:30:00,short,,,3228.9,3216.657481874354,3102.829086588789,3279.3283653644844,r_trailing_stop,5,0.0014566228396054647,0.0013797875114722857,7.683532813317897e-05,,,,,0.22996458524538094,0.5621836003426407,-0.7783317923615067,,,,,,,,2022-04-07 11:00:00,2022-04-07 11:30:00,2022-04-07 13:30:00,-1.0,3228.9,3216.657481874354,3102.829086588789,0.3841766406658946,7.683532813317892e-05,0.22996458524538094,0.5621836003426407,-0.7783317923615067,False,False,3216.657481874354,True,0.75,0.5,25.214963748707117,3216.657481874354,adverse_first,volatility_stop,0.006,,7.683532813317897e-05,3.8417664066589486e-05,3.8417664066589486e-05,0.0,0.0,fractional_return,R,False
ETHUSD,2022-04-07 13:30:00,2022-04-07 14:00:00,2022-04-07 15:00:00,short,,,3229.3500000000004,3194.8748385819918,3101.5996405318383,3280.450143787265,r_trailing_stop,3,0.004047952768375626,0.0039721169739376895,7.583579443793623e-05,,,,,0.6620194956562816,1.210368414176847,-0.20254346138608945,,,,,,,,2022-04-07 13:30:00,2022-04-07 14:00:00,2022-04-07 15:00:00,-1.0,3229.3500000000004,3194.8748385819918,3101.5996405318383,0.3791789721896812,7.583579443793625e-05,0.6620194956562816,1.210368414176847,-0.20254346138608945,False,False,3194.8748385819918,True,0.75,0.5,25.549677163983464,3194.8748385819918,adverse_first,volatility_stop,0.006,,7.583579443793623e-05,3.791789721896812e-05,3.791789721896812e-05,0.0,0.0,fractional_return,R,False
ETHUSD,2022-04-07 16:30:00,2022-04-07 17:00:00,2022-04-07 21:30:00,short,,,3221.15,3211.9382872324427,3089.7712132235524,3273.701514710579,r_trailing_stop,10,0.0010517351766117188,0.0009781810645887238,7.355411202299503e-05,,,,,0.16303017743145395,0.42529697046963977,-0.5109272329803058,,,,,,,,2022-04-07 16:30:00,2022-04-07 17:00:00,2022-04-07 21:30:00,-1.0,3221.15,3211.9382872324427,3089.7712132235524,0.3677705601149748,7.355411202299496e-05,0.16303017743145395,0.42529697046963977,-0.5109272329803058,False,False,3211.9382872324427,True,0.75,0.5,26.276574464885268,3211.9382872324427,adverse_first,volatility_stop,0.006,,7.355411202299503e-05,3.6777056011497514e-05,3.6777056011497514e-05,0.0,0.0,fractional_return,R,False
ETHUSD,2022-04-07 23:00:00,2022-04-07 23:30:00,2022-04-08 01:00:00,short,,,3239.3,3230.176364021584,3115.540179467015,3288.803928213194,r_trailing_stop,4,0.001105807515612597,0.001027285262120722,7.852225349187498e-05,,,,,0.17121421035345366,0.46460959423155473,-0.12120250284301427,,,,,,,,2022-04-07 23:00:00,2022-04-07 23:30:00,2022-04-08 01:00:00,-1.0,3239.3,3230.176364021584,3115.540179467015,0.3926112674593747,7.852225349187494e-05,0.17121421035345366,0.46460959423155473,-0.12120250284301427,False,False,3230.176364021584,True,0.75,0.5,24.752728043168048,3230.176364021584,adverse_first,volatility_stop,0.006,,7.852225349187498e-05,3.926112674593749e-05,3.926112674593749e-05,0.0,0.0,fractional_return,R,False
ETHUSD,2022-04-08 01:00:00,2022-04-08 01:30:00,2022-04-08 07:30:00,short,,,3235.0,3283.8223891938105,3112.9440270154737,3283.8223891938105,stop_loss,13,-0.006,-0.0060795127003021015,7.951270030210136e-05,,,,,-1.013252116717017,0.059398977556955355,-1.0712298366305788,,,,,,,,2022-04-08 01:00:00,2022-04-08 01:30:00,2022-04-08 07:30:00,-1.0,3235.0,3283.8223891938105,3112.9440270154737,0.39756350151050596,7.95127003021012e-05,-1.013252116717017,0.059398977556955355,-1.0712298366305788,False,False,3283.8223891938105,False,0.75,0.5,24.41044033293817,,adverse_first,volatility_stop,0.006,,7.951270030210136e-05,3.975635015105068e-05,3.975635015105068e-05,0.0,0.0,fractional_return,R,False
ETHUSD,2022-04-08 07:30:00,2022-04-08 08:00:00,2022-04-08 12:00:00,short,,,3286.25,3266.78306370467,3170.9211200254504,3332.38155198982,r_trailing_stop,9,0.002531924739877717,0.002446440947767921,8.548379210979607e-05,,,,,0.4077401579613201,0.6936684030717555,-0.5841988582119901,,,,,,,,2022-04-08 07:30:00,2022-04-08 08:00:00,2022-04-08 12:00:00,-1.0,3286.25,3266.78306370467,3170.9211200254504,0.4274189605489793,8.548379210979587e-05,0.4077401579613201,0.6936684030717555,-0.5841988582119901,False,False,3266.78306370467,True,0.75,0.5,23.066127409340197,3266.78306370467,adverse_first,volatility_stop,0.006,,8.548379210979607e-05,4.2741896054898035e-05,4.2741896054898035e-05,0.0,0.0,fractional_return,R,False
ETHUSD,2022-04-08 12:30:00,2022-04-08 13:00:00,2022-04-08 13:30:00,short,,,3237.1,3228.745016334885,3123.6533424650784,3282.4786630139683,r_trailing_stop,2,0.0011047020485213217,0.0010190997027932367,8.560234572808499e-05,,,,,0.16984995046553944,0.5553270706156056,-0.08263795693685669,,,,,,,,2022-04-08 12:30:00,2022-04-08 13:00:00,2022-04-08 13:30:00,-1.0,3237.1,3228.745016334885,3123.6533424650784,0.4280117286404244,8.560234572808488e-05,0.16984995046553944,0.5553270706156056,-0.08263795693685669,False,False,3228.745016334885,True,0.75,0.5,22.690032669769405,3228.745016334885,adverse_first,volatility_stop,0.006,,8.560234572808499e-05,4.2801172864042497e-05,4.2801172864042497e-05,0.0,0.0,fractional_return,R,False
ETHUSD,2022-04-08 14:00:00,2022-04-08 14:30:00,2022-04-08 15:00:00,short,,,3284.4,3292.75,3166.5668595476077,3331.533256180957,r_trailing_stop,2,-0.0010629437484152224,-0.0011465636872725843,8.361993885736192e-05,,,,,-0.19109394787876405,0.4667617258509852,-0.4922214563519538,,,,,,,,2022-04-08 14:00:00,2022-04-08 14:30:00,2022-04-08 15:00:00,-1.0,3284.4,3292.75,3166.5668595476077,0.41809969428680993,8.361993885736198e-05,-0.19109394787876405,0.4667617258509852,-0.4922214563519538,False,False,3274.182954969046,True,0.75,0.5,23.565909938092002,3274.182954969046,adverse_first,volatility_stop,0.006,,8.361993885736192e-05,4.180996942868096e-05,4.180996942868096e-05,0.0,0.0,fractional_return,R,False
ETHUSD,2022-04-08 15:00:00,2022-04-08 15:30:00,2022-04-08 17:30:00,short,,,3285.0,3246.6375748813466,3165.1224235910922,3332.951030563563,r_trailing_stop,5,0.00480020028780828,0.004717991418600046,8.220886920823432e-05,,,,,0.7863319031000076,1.163687189705602,-0.17413598627315713,,,,,,,,2022-04-08 15:00:00,2022-04-08 15:30:00,2022-04-08 17:30:00,-1.0,3285.0,3246.6375748813466,3165.1224235910922,0.41104434604117096,8.22088692082342e-05,0.7863319031000076,1.163687189705602,-0.17413598627315713,False,False,3246.6375748813466,True,0.75,0.5,23.97514976269325,3246.6375748813466,adverse_first,volatility_stop,0.006,,8.220886920823432e-05,4.110443460411716e-05,4.110443460411716e-05,0.0,0.0,fractional_return,R,False
ETHUSD,2022-04-11 18:30:00,2022-04-11 19:00:00,2022-04-11 19:30:00,short,,,3037.0,3006.129903663814,2934.2043473948725,3078.118261042051,r_trailing_stop,2,0.004504581986764845,0.004415949833856605,8.863215290823984e-05,,,,,0.7359916389761009,1.2816689875601581,-0.0753922933858897,,,,,,,,2022-04-11 18:30:00,2022-04-11 19:00:00,2022-04-11 19:30:00,-1.0,3037.0,3006.129903663814,2934.2043473948725,0.4431607645412008,8.863215290824016e-05,0.7359916389761009,1.2816689875601581,-0.0753922933858897,False,False,3006.129903663814,True,0.75,0.5,20.55980732762745,3006.129903663814,adverse_first,volatility_stop,0.006,,8.863215290823984e-05,4.431607645411992e-05,4.431607645411992e-05,0.0,0.0,fractional_return,R,False
ETHUSD,2022-04-11 20:00:00,2022-04-11 20:30:00,2022-04-11 21:00:00,short,,,3007.9,3001.6131959191275,2900.2644658064005,3050.95421367744,r_trailing_stop,2,0.0008761238741424675,0.0007922881774312918,8.383569671117572e-05,,,,,0.13204802957188197,0.694473256996622,-0.2543305071609758,,,,,,,,2022-04-11 20:00:00,2022-04-11 20:30:00,2022-04-11 21:00:00,-1.0,3007.9,3001.6131959191275,2900.2644658064005,0.4191784835558786,8.383569671117573e-05,0.13204802957188197,0.694473256996622,-0.2543305071609758,False,False,3001.6131959191275,True,0.75,0.5,21.52639183825471,3001.6131959191275,adverse_first,volatility_stop,0.006,,8.383569671117572e-05,4.191784835558786e-05,4.191784835558786e-05,0.0,0.0,fractional_return,R,False
ETHUSD,2022-04-12 07:00:00,2022-04-12 07:30:00,2022-04-12 12:30:00,short,,,3019.9,3063.371498309914,2911.221254225215,3063.371498309914,stop_loss,11,-0.006,-0.006083362206063497,8.336220606349701e-05,,,,,-1.0138937010105828,0.1840286236045278,-1.4400239797054277,,,,,,,,2022-04-12 07:00:00,2022-04-12 07:30:00,2022-04-12 12:30:00,-1.0,3019.9,3063.371498309914,2911.221254225215,0.41681103031748334,8.336220606349668e-05,-1.0138937010105828,0.1840286236045278,-1.4400239797054277,False,False,3063.371498309914,False,0.75,0.5,21.73538885896562,,adverse_first,volatility_stop,0.006,,8.336220606349701e-05,4.168110303174851e-05,4.168110303174851e-05,0.0,0.0,fractional_return,R,False
ETHUSD,2022-04-12 13:00:00,2022-04-12 13:30:00,2022-04-12 14:30:00,short,,,3074.2,3026.92887854337,2967.9077557863666,3116.716897685453,r_trailing_stop,3,0.006670917780457398,0.006584151336976688,8.67664434807099e-05,,,,,1.0973585561627812,1.3618114950049467,-0.021168054326504034,,,,,,,,2022-04-12 13:00:00,2022-04-12 13:30:00,2022-04-12 14:30:00,-1.0,3074.2,3026.92887854337,2967.9077557863666,0.43383221740354844,8.676644348070969e-05,1.0973585561627812,1.3618114950049467,-0.021168054326504034,False,False,3026.92887854337,True,0.75,0.5,21.257757086739293,3026.92887854337,adverse_first,volatility_stop,0.006,,8.67664434807099e-05,4.338322174035495e-05,4.338322174035495e-05,0.0,0.0,fractional_return,R,False
ETHUSD,2022-04-12 18:00:00,2022-04-12 18:30:00,2022-04-12 23:30:00,long,,,3010.9,3025.3652708107497,3121.2436304209755,2966.76254783161,r_trailing_stop,11,0.0019663940848550676,0.0018845343529834673,8.185973187160031e-05,,,,,0.31408905883057786,0.5777406430872848,-0.9787606188772886,,,,,,,,2022-04-12 18:00:00,2022-04-12 18:30:00,2022-04-12 23:30:00,1.0,3010.9,3025.3652708107497,3121.2436304209755,0.40929865935800136,8.185973187160027e-05,0.31408905883057786,0.5777406430872848,-0.9787606188772886,False,False,3025.3652708107497,True,0.75,0.5,22.069458378501164,3025.3652708107497,adverse_first,volatility_stop,0.006,,8.185973187160031e-05,4.092986593580016e-05,4.092986593580016e-05,0.0,0.0,fractional_return,R,False
ETHUSD,2022-04-13 02:30:00,2022-04-13 03:00:00,2022-04-13 12:00:00,short,,,3046.2,3024.421854706482,2936.977869469486,3089.888852212205,r_trailing_stop,19,0.0029908973375272273,0.002907227480918388,8.366985660883917e-05,,,,,0.484537913486398,0.7976863258097546,-0.552772590195303,,,,,,,,2022-04-13 02:30:00,2022-04-13 03:00:00,2022-04-13 12:00:00,-1.0,3046.2,3024.421854706482,2936.977869469486,0.41834928304419555,8.366985660883912e-05,0.484537913486398,0.7976863258097546,-0.552772590195303,False,False,3024.421854706482,True,0.75,0.5,21.84370941296446,3024.421854706482,adverse_first,volatility_stop,0.006,,8.366985660883917e-05,4.183492830441959e-05,4.183492830441959e-05,0.0,0.0,fractional_return,R,False
ETHUSD,2022-04-13 13:00:00,2022-04-13 13:30:00,2022-04-13 14:00:00,long,,,3015.5,3077.9063147316447,3113.938485820079,2976.1246056719683,r_trailing_stop,2,0.009509438439408923,0.009417538407377399,9.190003203152393e-05,,,,,1.5695897345628997,2.1320421403433434,-0.06349142764572209,,,,,,,,2022-04-13 13:00:00,2022-04-13 13:30:00,2022-04-13 14:00:00,1.0,3015.5,3077.9063147316447,3113.938485820079,0.4595001601576199,9.190003203152398e-05,1.5695897345628997,2.1320421403433434,-0.06349142764572209,False,False,3077.9063147316447,True,0.75,0.5,19.687370536710862,3077.9063147316447,adverse_first,volatility_stop,0.006,,9.190003203152393e-05,4.5950016015761964e-05,4.5950016015761964e-05,0.0,0.0,fractional_return,R,False
ETHUSD,2022-04-18 13:30:00,2022-04-18 14:00:00,2022-04-18 15:30:00,short,,,2923.2,2917.247046295672,2847.7372794270514,2953.385088229179,r_trailing_stop,4,0.0011832903039666895,0.0010670792803855482,0.00011621102358114134,,,,,0.1778465467309247,0.5963209338112795,-0.7338060379955648,,,,,,,,2022-04-18 13:30:00,2022-04-18 14:00:00,2022-04-18 15:30:00,-1.0,2923.2,2917.247046295672,2847.7372794270514,0.5810551179057072,0.00011621102358114144,0.1778465467309247,0.5963209338112795,-0.7338060379955648,False,False,2917.247046295672,True,0.75,0.5,15.094092591344186,2917.247046295672,adverse_first,volatility_stop,0.006,,0.00011621102358114134,5.810551179057067e-05,5.810551179057067e-05,0.0,0.0,fractional_return,R,False
ETHUSD,2022-04-18 16:00:00,2022-04-18 16:30:00,2022-04-18 17:00:00,short,,,2915.5,2946.465077717323,2838.087305706693,2946.465077717323,stop_loss,2,-0.006,-0.006112985345360292,0.00011298534536029192,,,,,-1.018830890893382,0.058130001042858814,-1.6728522522332183,,,,,,,,2022-04-18 16:00:00,2022-04-18 16:30:00,2022-04-18 17:00:00,-1.0,2915.5,2946.465077717323,2838.087305706693,0.5649267268014592,0.00011298534536029184,-1.018830890893382,0.058130001042858814,-1.6728522522332183,False,False,2946.465077717323,False,0.75,0.5,15.482273282810418,,adverse_first,volatility_stop,0.006,,0.00011298534536029192,5.649267268014596e-05,5.649267268014596e-05,0.0,0.0,fractional_return,R,False
ETHUSD,2022-04-19 15:00:00,2022-04-19 15:30:00,2022-04-19 17:00:00,long,,,3119.6,3085.9037315722553,3203.840671069361,3085.9037315722553,stop_loss,4,-0.006,-0.006111095981088449,0.00011109598108844862,,,,,-1.0185159968480748,0.2047704485378214,-1.1143667163181212,,,,,,,,2022-04-19 15:00:00,2022-04-19 15:30:00,2022-04-19 17:00:00,1.0,3119.6,3085.9037315722553,3203.840671069361,0.5554799054422442,0.00011109598108844885,-1.0185159968480748,0.2047704485378214,-1.1143667163181212,False,False,3085.9037315722553,False,0.75,0.5,16.84867381595951,,adverse_first,volatility_stop,0.006,,0.00011109598108844862,5.554799054422431e-05,5.554799054422431e-05,0.0,0.0,fractional_return,R,False
ETHUSD,2022-04-19 19:00:00,2022-04-19 19:30:00,2022-04-20 00:00:00,long,,,3113.2,3079.4779957316814,3197.505010670796,3079.4779957316814,stop_loss,10,-0.006,-0.006110783450778156,0.00011078345077815584,,,,,-1.018463908463026,0.12158233441220115,-1.3463019469057067,,,,,,,,2022-04-19 19:00:00,2022-04-19 19:30:00,2022-04-20 00:00:00,1.0,3113.2,3079.4779957316814,3197.505010670796,0.5539172538907771,0.00011078345077815542,-1.018463908463026,0.12158233441220115,-1.3463019469057067,False,False,3079.4779957316814,False,0.75,0.5,16.859918989097345,,adverse_first,volatility_stop,0.006,,0.00011078345077815584,5.539172538907792e-05,5.539172538907792e-05,0.0,0.0,fractional_return,R,False
ETHUSD,2022-04-20 03:30:00,2022-04-20 04:00:00,2022-04-20 06:30:00,long,,,3092.8,3097.05,3172.586249615252,3060.8855001538996,r_trailing_stop,6,0.0007990098583079203,0.0006827191434949968,0.00011629071481292349,,,,,0.1137865239158328,0.502906204934971,-0.40420498714399367,,,,,,,,2022-04-20 03:30:00,2022-04-20 04:00:00,2022-04-20 06:30:00,1.0,3092.8,3097.05,3172.586249615252,0.5814535740646175,0.0001162907148129235,0.1137865239158328,0.502906204934971,-0.40420498714399367,False,False,3100.871633094456,True,0.75,0.5,15.956733811089217,3100.871633094456,adverse_first,volatility_stop,0.006,,0.00011629071481292349,5.8145357406461746e-05,5.8145357406461746e-05,0.0,0.0,fractional_return,R,False
ETHUSD,2022-04-20 07:00:00,2022-04-20 07:30:00,2022-04-20 09:00:00,long,,,3092.1,3097.2419865188026,3169.177640775824,3061.2689436896703,r_trailing_stop,4,0.0010006766814045255,0.0008803266044349981,0.0001203500769695274,,,,,0.14672110073916636,0.6519400372690325,-0.15244369030668398,,,,,,,,2022-04-20 07:00:00,2022-04-20 07:30:00,2022-04-20 09:00:00,1.0,3092.1,3097.2419865188026,3169.177640775824,0.6017503848476371,0.00012035007696952743,0.14672110073916636,0.6519400372690325,-0.15244369030668398,False,False,3097.2419865188026,True,0.75,0.5,15.416026962394817,3097.2419865188026,adverse_first,volatility_stop,0.006,,0.0001203500769695274,6.01750384847637e-05,6.01750384847637e-05,0.0,0.0,fractional_return,R,False
ETHUSD,2022-04-20 09:00:00,2022-04-20 09:30:00,2022-04-20 11:00:00,long,,,3110.1,3127.110060108902,3185.4981889444402,3079.940724422224,r_trailing_stop,4,0.003384045495065563,0.00326029849091835,0.00012374700414721296,,,,,0.5433830818197248,0.8140115944326839,-0.3813088935224357,,,,,,,,2022-04-20 09:00:00,2022-04-20 09:30:00,2022-04-20 11:00:00,1.0,3110.1,3127.110060108902,3185.4981889444402,0.6187350207360646,0.0001237470041472129,0.5433830818197248,0.8140115944326839,-0.3813088935224357,False,False,3127.110060108902,True,0.75,0.5,15.079879782195988,3127.110060108902,adverse_first,volatility_stop,0.006,,0.00012374700414721296,6.187350207360648e-05,6.187350207360648e-05,0.0,0.0,fractional_return,R,False
ETHUSD,2022-04-20 11:30:00,2022-04-20 12:00:00,2022-04-20 13:30:00,long,,,3154.7,3123.045932530239,3233.8351686744018,3123.045932530239,stop_loss,4,-0.006,-0.006119594109149367,0.00011959410914936727,,,,,-1.0199323515248946,0.2558912849900986,-1.9507761540910962,,,,,,,,2022-04-20 11:30:00,2022-04-20 12:00:00,2022-04-20 13:30:00,1.0,3154.7,3123.045932530239,3233.8351686744018,0.5979705457468354,0.00011959410914936708,-1.0199323515248946,0.2558912849900986,-1.9507761540910962,False,False,3123.045932530239,False,0.75,0.5,15.82728488869882,,adverse_first,volatility_stop,0.006,,0.00011959410914936727,5.9797054574683636e-05,5.9797054574683636e-05,0.0,0.0,fractional_return,R,False
ETHUSD,2022-04-20 22:00:00,2022-04-20 22:30:00,2022-04-21 02:30:00,long,,,3089.55,3097.0622712611557,3176.4174491242275,3054.8030203503095,r_trailing_stop,9,0.0012971955554512522,0.0011904967851587677,0.00010669877029248443,,,,,0.19841613085979462,0.4662275732545291,-0.5252255069071143,,,,,,,,2022-04-20 22:00:00,2022-04-20 22:30:00,2022-04-21 02:30:00,1.0,3089.55,3097.0622712611557,3176.4174491242275,0.5334938514624219,0.00010669877029248438,0.19841613085979462,0.4662275732545291,-0.5252255069071143,False,False,3097.0622712611557,True,0.75,0.5,17.375457477688123,3097.0622712611557,adverse_first,volatility_stop,0.006,,0.00010669877029248443,5.334938514624222e-05,5.334938514624222e-05,0.0,0.0,fractional_return,R,False
ETHUSD,2022-04-21 04:30:00,2022-04-21 05:00:00,2022-04-21 08:00:00,long,,,3084.65,3097.743958341929,3165.7051644512453,3052.227934219502,r_trailing_stop,7,0.0024231568273120683,0.002308988284657809,0.0001141685426542592,,,,,0.3848313807763015,0.7972965132761132,-0.5212499448497653,,,,,,,,2022-04-21 04:30:00,2022-04-21 05:00:00,2022-04-21 08:00:00,1.0,3084.65,3097.743958341929,3165.7051644512453,0.570842713271297,0.0001141685426542594,0.3848313807763015,0.7972965132761132,-0.5212499448497653,False,False,3097.743958341929,True,0.75,0.5,16.212083316142895,3097.743958341929,adverse_first,volatility_stop,0.006,,0.0001141685426542592,5.70842713271296e-05,5.70842713271296e-05,0.0,0.0,fractional_return,R,False
ETHUSD,2022-04-21 08:00:00,2022-04-21 08:30:00,2022-04-21 10:30:00,long,,,3100.2,3118.05,3179.812262479495,3068.3550950082017,r_trailing_stop,5,0.0033631753659678753,0.003246351654263972,0.00011682371170390312,,,,,0.5410586090439954,1.2576580150047665,-0.466322634777029,,,,,,,,2022-04-21 08:00:00,2022-04-21 08:30:00,2022-04-21 10:30:00,1.0,3100.2,3118.05,3179.812262479495,0.5841185585195146,0.00011682371170390291,0.5410586090439954,1.2576580150047665,-0.466322634777029,False,False,3120.538516694491,True,0.75,0.5,15.922966611017602,3120.538516694491,adverse_first,volatility_stop,0.006,,0.00011682371170390312,5.841185585195156e-05,5.841185585195156e-05,0.0,0.0,fractional_return,R,False
ETHUSD,2022-04-21 10:30:00,2022-04-21 11:00:00,2022-04-21 12:00:00,long,,,3129.7,3151.4768316143045,3211.929059582576,3096.8083761669695,r_trailing_stop,3,0.0039724700230402,0.0038582877613475277,0.00011418226169267187,,,,,0.643047960224588,1.0656208455358298,-0.06384604210057444,,,,,,,,2022-04-21 10:30:00,2022-04-21 11:00:00,2022-04-21 12:00:00,1.0,3129.7,3151.4768316143045,3211.929059582576,0.5709113084633582,0.00011418226169267165,0.643047960224588,1.0656208455358298,-0.06384604210057444,False,False,3151.4768316143045,True,0.75,0.5,16.44633677139044,3151.4768316143045,adverse_first,volatility_stop,0.006,,0.00011418226169267187,5.7091130846335936e-05,5.7091130846335936e-05,0.0,0.0,fractional_return,R,False
ETHUSD,2022-04-21 12:00:00,2022-04-21 12:30:00,2022-04-21 13:00:00,long,,,3151.0,3163.0,3233.9988596984185,3117.8004561206326,r_trailing_stop,2,0.0021687044937007288,0.0020548113627065433,0.00011389313099418544,,,,,0.3424685604510906,0.8494092600327962,-0.16717097138943984,,,,,,,,2022-04-21 12:00:00,2022-04-21 12:30:00,2022-04-21 13:00:00,1.0,3151.0,3163.0,3233.9988596984185,0.5694656549709272,0.00011389313099418543,0.3424685604510906,0.8494092600327962,-0.16717097138943984,False,False,3170.8999822653714,True,0.75,0.5,16.600035469256998,3170.8999822653714,adverse_first,volatility_stop,0.006,,0.00011389313099418544,5.694656549709272e-05,5.694656549709272e-05,0.0,0.0,fractional_return,R,False
ETHUSD,2022-04-21 13:00:00,2022-04-21 13:30:00,2022-04-21 14:00:00,long,,,3165.3,3155.7,3250.1927174464336,3131.3429130214267,r_trailing_stop,2,-0.0016962585759004107,-0.001808116227364941,0.00011185765146453025,,,,,-0.30135270456082347,0.3946157103657005,-0.6037031389923193,,,,,,,,2022-04-21 13:00:00,2022-04-21 13:30:00,2022-04-21 14:00:00,1.0,3165.3,3155.7,3250.1927174464336,0.5592882573226517,0.00011185765146453036,-0.30135270456082347,0.3946157103657005,-0.6037031389923193,False,False,3170.210996451478,True,0.75,0.5,16.97800709704372,3170.210996451478,adverse_first,volatility_stop,0.006,,0.00011185765146453025,5.592882573226513e-05,5.592882573226513e-05,0.0,0.0,fractional_return,R,False
ETHUSD,2022-04-25 00:30:00,2022-04-25 01:00:00,2022-04-25 02:00:00,long,,,2856.8,2861.5080838811587,2931.7165420327337,2826.8333831869068,r_trailing_stop,3,0.0009426657491281801,0.0008282664486872267,0.00011439930044095342,,,,,0.1380444081145378,0.43882164216328745,-0.47886620266490565,,,,,,,,2022-04-25 00:30:00,2022-04-25 01:00:00,2022-04-25 02:00:00,1.0,2856.8,2861.5080838811587,2931.7165420327337,0.5719965022047669,0.00011439930044095339,0.1380444081145378,0.43882164216328745,-0.47886620266490565,False,False,2861.5080838811587,True,0.75,0.5,14.9838322376823,2861.5080838811587,adverse_first,volatility_stop,0.006,,0.00011439930044095342,5.719965022047671e-05,5.719965022047671e-05,0.0,0.0,fractional_return,R,False
ETHUSD,2022-04-25 03:00:00,2022-04-25 03:30:00,2022-04-25 06:00:00,long,,,2874.8500000000004,2844.7665721200874,2950.0585696997823,2844.7665721200874,stop_loss,6,-0.006000000000000064,-0.006114675096660293,0.00011467509666022828,,,,,-1.0191125161100487,0.1545701513325379,-1.3362838889394735,,,,,,,,2022-04-25 03:00:00,2022-04-25 03:30:00,2022-04-25 06:00:00,1.0,2874.8500000000004,2844.7665721200874,2950.0585696997823,0.5733754833011407,0.00011467509666022816,-1.0191125161100487,0.1545701513325379,-1.3362838889394735,False,False,2844.7665721200874,False,0.75,0.5,15.04197592848348,,adverse_first,volatility_stop,0.006,,0.00011467509666022828,5.733754833011414e-05,5.733754833011414e-05,0.0,0.0,fractional_return,R,False
ETHUSD,2022-04-25 11:00:00,2022-04-25 11:30:00,2022-04-25 12:00:00,long,,,2840.0,2856.7473547528457,2917.523723151535,2808.990510739386,r_trailing_stop,2,0.00324043158765279,0.0031305297453051765,0.00010990184234761346,,,,,0.5217549575508628,1.0271049526911604,-0.020961325565114052,,,,,,,,2022-04-25 11:00:00,2022-04-25 11:30:00,2022-04-25 12:00:00,1.0,2840.0,2856.7473547528457,2917.523723151535,0.5495092117380668,0.00010990184234761336,0.5217549575508628,1.0271049526911604,-0.020961325565114052,False,False,2856.7473547528457,True,0.75,0.5,15.505290494308651,2856.7473547528457,adverse_first,volatility_stop,0.006,,0.00010990184234761346,5.495092117380673e-05,5.495092117380673e-05,0.0,0.0,fractional_return,R,False
ETHUSD,2022-04-25 12:00:00,2022-04-25 12:30:00,2022-04-25 14:00:00,long,,,2868.25,2857.6,2946.7374240279896,2836.855030388804,r_trailing_stop,4,-0.0020353579185250583,-0.002144990131667019,0.00010963221314196081,,,,,-0.3574983552778365,0.7724167374684172,-0.8122320332142119,,,,,,,,2022-04-25 12:00:00,2022-04-25 12:30:00,2022-04-25 14:00:00,1.0,2868.25,2857.6,2946.7374240279896,0.5481610657098032,0.00010963221314196063,-0.3574983552778365,0.7724167374684172,-0.8122320332142119,False,False,2884.6511205073944,True,0.75,0.5,15.697758985211712,2884.6511205073944,adverse_first,volatility_stop,0.006,,0.00010963221314196081,5.4816106570980405e-05,5.4816106570980405e-05,0.0,0.0,fractional_return,R,False
ETHUSD,2022-04-28 01:00:00,2022-04-28 01:30:00,2022-04-28 02:00:00,short,,,2894.9,2881.352133331493,2788.380504263891,2937.5077982944435,r_trailing_stop,2,0.0019078009957074666,0.0018262694418826584,8.15315538248082e-05,,,,,0.3043782403137764,0.5679711453937348,-0.0023469882041041814,,,,,,,,2022-04-28 01:00:00,2022-04-28 01:30:00,2022-04-28 02:00:00,-1.0,2894.9,2881.352133331493,2788.380504263891,0.4076577691240407,8.153155382480815e-05,0.3043782403137764,0.5679711453937348,-0.0023469882041041814,False,False,2881.352133331493,True,0.75,0.5,21.304266662986,2881.352133331493,adverse_first,volatility_stop,0.006,,8.15315538248082e-05,4.07657769124041e-05,4.07657769124041e-05,0.0,0.0,fractional_return,R,False
ETHUSD,2022-04-29 16:30:00,2022-04-29 17:00:00,2022-04-29 17:30:00,long,,,2814.95,2824.667259752468,2919.2792577903483,2773.2182968838606,r_trailing_stop,2,0.001397104698855715,0.0013161604826419844,8.094421621373062e-05,,,,,0.21936008044033073,0.4996201554960475,-0.22165402581958554,,,,,,,,2022-04-29 16:30:00,2022-04-29 17:00:00,2022-04-29 17:30:00,1.0,2814.95,2824.667259752468,2919.2792577903483,0.40472108106865273,8.094421621373056e-05,0.21936008044033073,0.4996201554960475,-0.22165402581958554,False,False,2824.667259752468,True,0.75,0.5,20.865480495063707,2824.667259752468,adverse_first,volatility_stop,0.006,,8.094421621373062e-05,4.047210810686531e-05,4.047210810686531e-05,0.0,0.0,fractional_return,R,False
ETHUSD,2022-04-29 17:30:00,2022-04-29 18:00:00,2022-04-29 19:30:00,long,,,2823.1,2780.967832067609,2928.430419830978,2780.967832067609,stop_loss,4,-0.005999999999999955,-0.006080406970878744,8.04069708787887e-05,,,,,-1.013401161813124,0.14240900230028827,-1.1107902179422422,,,,,,,,2022-04-29 17:30:00,2022-04-29 18:00:00,2022-04-29 19:30:00,1.0,2823.1,2780.967832067609,2928.430419830978,0.4020348543939421,8.040697087878842e-05,-1.013401161813124,0.14240900230028827,-1.1107902179422422,False,False,2780.967832067609,False,0.75,0.5,21.065710248956478,,adverse_first,volatility_stop,0.006,,8.04069708787887e-05,4.020348543939435e-05,4.020348543939435e-05,0.0,0.0,fractional_return,R,False
ETHUSD,2022-04-29 20:00:00,2022-04-29 20:30:00,2022-04-30 00:30:00,long,,,2809.5,2818.51957125319,2916.8119296482764,2766.5752281406894,r_trailing_stop,9,0.0012607504984886728,0.001182208438648494,7.854205984017884e-05,,,,,0.197034739774749,0.46010727942206037,-0.37041548064864815,,,,,,,,2022-04-29 20:00:00,2022-04-29 20:30:00,2022-04-30 00:30:00,1.0,2809.5,2818.51957125319,2916.8119296482764,0.39271029920089473,7.854205984017895e-05,0.197034739774749,0.46010727942206037,-0.37041548064864815,False,False,2818.51957125319,True,0.75,0.5,21.460857493619944,2818.51957125319,adverse_first,volatility_stop,0.006,,7.854205984017884e-05,3.927102992008942e-05,3.927102992008942e-05,0.0,0.0,fractional_return,R,False
ETHUSD,2022-05-02 16:00:00,2022-05-02 16:30:00,2022-05-02 17:30:00,long,,,2830.7,2793.6228413180447,2923.392896704888,2793.6228413180447,stop_loss,3,-0.006,-0.006091615434427914,9.161543442791353e-05,,,,,-1.015269239071319,0.06607841827946356,-1.2231250077442053,,,,,,,,2022-05-02 16:00:00,2022-05-02 16:30:00,2022-05-02 17:30:00,1.0,2830.7,2793.6228413180447,2923.392896704888,0.4580771721395663,9.161543442791326e-05,-1.015269239071319,0.06607841827946356,-1.2231250077442053,False,False,2793.6228413180447,False,0.75,0.5,18.537924074431512,,adverse_first,volatility_stop,0.006,,9.161543442791353e-05,4.580771721395677e-05,4.580771721395677e-05,0.0,0.0,fractional_return,R,False
ETHUSD,2022-05-06 07:30:00,2022-05-06 08:00:00,2022-05-06 08:30:00,long,,,2729.95,2727.1,2820.9947482182642,2693.532100712694,r_trailing_stop,2,-0.0004695493242236502,-0.0005595034419544853,8.995411773083512e-05,,,,,-0.09325057365908088,0.3857992985580474,-0.361086176230471,,,,,,,,2022-05-06 07:30:00,2022-05-06 08:00:00,2022-05-06 08:30:00,1.0,2729.95,2727.1,2820.9947482182642,0.44977058865417563,8.995411773083513e-05,-0.09325057365908088,0.3857992985580474,-0.361086176230471,False,False,2734.8953582325516,True,0.75,0.5,18.20928353489707,2734.8953582325516,adverse_first,volatility_stop,0.006,,8.995411773083512e-05,4.497705886541756e-05,4.497705886541756e-05,0.0,0.0,fractional_return,R,False
ETHUSD,2022-05-06 08:30:00,2022-05-06 09:00:00,2022-05-06 10:00:00,long,,,2718.8,2728.157062211678,2810.7276894517245,2682.0289242193103,r_trailing_stop,3,0.0015268080163036576,0.0014380817571248785,8.872625917877904e-05,,,,,0.2396802928541464,0.5044725944553721,-0.05575034062714931,,,,,,,,2022-05-06 08:30:00,2022-05-06 09:00:00,2022-05-06 10:00:00,1.0,2718.8,2728.157062211678,2810.7276894517245,0.4436312958938951,8.872625917877903e-05,0.2396802928541464,0.5044725944553721,-0.05575034062714931,False,False,2728.157062211678,True,0.75,0.5,18.385875576643922,2728.157062211678,adverse_first,volatility_stop,0.006,,8.872625917877904e-05,4.436312958938952e-05,4.436312958938952e-05,0.0,0.0,fractional_return,R,False
ETHUSD,2022-05-06 10:00:00,2022-05-06 10:30:00,2022-05-06 10:30:00,long,,,2718.95,2682.7211808988823,2809.5220477527937,2682.7211808988823,stop_loss,1,-0.006,-0.006090059242364302,9.005924236430221e-05,,,,,-1.0150098737273836,0.01380116747952672,-1.1827600529954247,,,,,,,,2022-05-06 10:00:00,2022-05-06 10:30:00,2022-05-06 10:30:00,1.0,2718.95,2682.7211808988823,2809.5220477527937,0.4502962118215101,9.005924236430202e-05,-1.0150098737273836,0.01380116747952672,-1.1827600529954247,False,False,2682.7211808988823,False,0.75,0.5,18.114742115106903,,adverse_first,volatility_stop,0.006,,9.005924236430221e-05,4.5029621182151106e-05,4.5029621182151106e-05,0.0,0.0,fractional_return,R,False
ETHUSD,2022-05-07 05:00:00,2022-05-07 05:30:00,2022-05-07 09:00:00,long,,,2671.0,2681.8873141325807,2770.6361854858696,2631.145525805652,r_trailing_stop,8,0.0016390602590047037,0.0015586376699530946,8.042258905160905e-05,,,,,0.25977294499218245,0.580863264864832,-0.3976968789679265,,,,,,,,2022-05-07 05:00:00,2022-05-07 05:30:00,2022-05-07 09:00:00,1.0,2671.0,2681.8873141325807,2770.6361854858696,0.4021129452580458,8.042258905160916e-05,0.25977294499218245,0.580863264864832,-0.3976968789679265,False,False,2681.8873141325807,True,0.75,0.5,19.925371734837903,2681.8873141325807,adverse_first,volatility_stop,0.006,,8.042258905160905e-05,4.021129452580453e-05,4.021129452580453e-05,0.0,0.0,fractional_return,R,False
ETHUSD,2022-05-07 15:00:00,2022-05-07 15:30:00,2022-05-07 17:00:00,short,,,2695.0,2690.3,2607.932238704525,2729.82710451819,r_trailing_stop,4,0.0008097141691831085,0.0007168554591427461,9.285871004036236e-05,,,,,0.11947590985712435,0.42639203589962027,-0.044505566036666194,,,,,,,,2022-05-07 15:00:00,2022-05-07 15:30:00,2022-05-07 17:00:00,-1.0,2695.0,2690.3,2607.932238704525,0.46429355020181157,9.285871004036232e-05,0.11947590985712435,0.42639203589962027,-0.044505566036666194,False,False,2688.856614709855,True,0.75,0.5,17.413229419709435,2688.856614709855,adverse_first,volatility_stop,0.006,,9.285871004036236e-05,4.642935502018118e-05,4.642935502018118e-05,0.0,0.0,fractional_return,R,False
ETHUSD,2022-05-07 21:00:00,2022-05-07 21:30:00,2022-05-07 21:30:00,long,,,2651.75,2619.3631273997016,2732.717181500746,2619.3631273997016,stop_loss,1,-0.006,-0.006098252771710063,9.82527717100631e-05,,,,,-1.0163754619516772,0.2547328388825043,-1.106929972598516,,,,,,,,2022-05-07 21:00:00,2022-05-07 21:30:00,2022-05-07 21:30:00,1.0,2651.75,2619.3631273997016,2732.717181500746,0.49126385855031335,9.825277171006268e-05,-1.0163754619516772,0.2547328388825043,-1.106929972598516,False,False,2619.3631273997016,False,0.75,0.5,16.19313069373432,,adverse_first,volatility_stop,0.006,,9.82527717100631e-05,4.912638585503155e-05,4.912638585503155e-05,0.0,0.0,fractional_return,R,False
ETHUSD,2022-05-07 21:30:00,2022-05-07 22:00:00,2022-05-07 22:30:00,long,,,2620.15,2622.8,2704.027423420665,2586.599030631734,r_trailing_stop,2,0.00047390583042404815,0.00038019229370060817,9.371353672343999e-05,,,,,0.06336538228343469,0.4426101623771755,-0.9612240900110435,,,,,,,,2022-05-07 21:30:00,2022-05-07 22:00:00,2022-05-07 22:30:00,1.0,2620.15,2622.8,2704.027423420665,0.46856768361719986,9.371353672343997e-05,0.06336538228343469,0.4426101623771755,-0.9612240900110435,False,False,2626.612738097859,True,0.75,0.5,16.77452380428152,2626.612738097859,adverse_first,volatility_stop,0.006,,9.371353672343999e-05,4.685676836171999e-05,4.685676836171999e-05,0.0,0.0,fractional_return,R,False
ETHUSD,2022-05-07 22:30:00,2022-05-07 23:00:00,2022-05-07 23:30:00,long,,,2602.95,2641.556961136359,2689.877046820521,2568.179181271791,r_trailing_stop,2,0.006661958944044912,0.006572126719373539,8.983222467137241e-05,,,,,1.0953544532289232,1.4868789948295729,-0.08915522019287266,,,,,,,,2022-05-07 22:30:00,2022-05-07 23:00:00,2022-05-07 23:30:00,1.0,2602.95,2641.556961136359,2689.877046820521,0.44916112335686303,8.983222467137261e-05,1.0953544532289232,1.4868789948295729,-0.08915522019287266,False,False,2641.556961136359,True,0.75,0.5,17.38607772728206,2641.556961136359,adverse_first,volatility_stop,0.006,,8.983222467137241e-05,4.4916112335686206e-05,4.4916112335686206e-05,0.0,0.0,fractional_return,R,False
ETHUSD,2022-05-07 23:30:00,2022-05-08 00:00:00,2022-05-08 01:30:00,long,,,2635.2,2598.862986713648,2726.04253321588,2598.862986713648,stop_loss,4,-0.0059999999999999516,-0.00608702531424579,8.702531424583868e-05,,,,,-1.014504219040965,0.17062492041218386,-1.11043799010181,,,,,,,,2022-05-07 23:30:00,2022-05-08 00:00:00,2022-05-08 01:30:00,1.0,2635.2,2598.862986713648,2726.04253321588,0.4351265712291918,8.702531424583836e-05,-1.014504219040965,0.17062492041218386,-1.11043799010181,False,False,2598.862986713648,False,0.75,0.5,18.16816219599222,,adverse_first,volatility_stop,0.006,,8.702531424583868e-05,4.351265712291934e-05,4.351265712291934e-05,0.0,0.0,fractional_return,R,False
ETHUSD,2022-05-08 01:30:00,2022-05-08 02:00:00,2022-05-08 02:00:00,long,,,2595.05,2558.5596939315556,2686.2757651711117,2558.5596939315556,stop_loss,1,-0.006,-0.0060853393773721435,8.533937737214333e-05,,,,,-1.014223229562024,0.1644272314062217,-1.0495938271430534,,,,,,,,2022-05-08 01:30:00,2022-05-08 02:00:00,2022-05-08 02:00:00,1.0,2595.05,2558.5596939315556,2686.2757651711117,0.4266968868607156,8.533937737214313e-05,-1.014223229562024,0.1644272314062217,-1.0495938271430534,False,False,2558.5596939315556,False,0.75,0.5,18.24550402091725,,adverse_first,volatility_stop,0.006,,8.533937737214333e-05,4.2669688686071666e-05,4.2669688686071666e-05,0.0,0.0,fractional_return,R,False
ETHUSD,2022-05-08 02:00:00,2022-05-08 02:30:00,2022-05-08 03:00:00,long,,,2562.35,2524.769721987797,2656.3006950305075,2524.769721987797,stop_loss,2,-0.006,-0.006081820043986943,8.182004398694324e-05,,,,,-1.013636673997824,0.03592309773657176,-1.1774793146988205,,,,,,,,2022-05-08 02:00:00,2022-05-08 02:30:00,2022-05-08 03:00:00,1.0,2562.35,2524.769721987797,2656.3006950305075,0.4091002199347149,8.182004398694298e-05,-1.013636673997824,0.03592309773657176,-1.1774793146988205,False,False,2524.769721987797,False,0.75,0.5,18.788306020481475,,adverse_first,volatility_stop,0.006,,8.182004398694324e-05,4.091002199347162e-05,4.091002199347162e-05,0.0,0.0,fractional_return,R,False
ETHUSD,2022-05-08 12:00:00,2022-05-08 12:30:00,2022-05-08 13:30:00,short,,,2563.15,2550.7564942904482,2472.58858994951,2599.374564020196,r_trailing_stop,3,0.0020527792747444527,0.001967870592385013,8.490868235943964e-05,,,,,0.3279784320641688,1.1263075513414862,-0.033126692686509494,,,,,,,,2022-05-08 12:00:00,2022-05-08 12:30:00,2022-05-08 13:30:00,-1.0,2563.15,2550.7564942904482,2472.58858994951,0.4245434117971974,8.490868235943948e-05,0.3279784320641688,1.1263075513414862,-0.033126692686509494,False,False,2550.7564942904482,True,0.75,0.5,18.112988580896545,2550.7564942904482,adverse_first,volatility_stop,0.006,,8.490868235943964e-05,4.245434117971982e-05,4.245434117971982e-05,0.0,0.0,fractional_return,R,False
ETHUSD,2022-05-12 21:30:00,2022-05-12 22:00:00,2022-05-13 00:00:00,long,,,1908.95,1949.5363218880236,2191.594178157207,1795.8923287371174,r_trailing_stop,5,0.0021539266518404653,0.002133664957305173,2.0261694535292276e-05,,,,,0.3556108262175288,0.6089812325950824,-0.1424051974550606,,,,,,,,2022-05-12 21:30:00,2022-05-12 22:00:00,2022-05-13 00:00:00,1.0,1908.95,1949.5363218880236,2191.594178157207,0.1013084726764605,2.02616945352921e-05,0.3556108262175288,0.6089812325950824,-0.1424051974550606,False,False,1949.5363218880236,True,0.75,0.5,56.52735622395255,1949.5363218880236,adverse_first,volatility_stop,0.006,,2.0261694535292276e-05,1.0130847267646138e-05,1.0130847267646138e-05,0.0,0.0,fractional_return,R,False
ETHUSD,2022-05-13 00:30:00,2022-05-13 01:00:00,2022-05-13 04:00:00,long,,,2008.0,2077.21841375359,2280.802271693945,1898.879091322422,r_trailing_stop,7,0.0038059661301819603,0.003783884202628372,2.2081927553588374e-05,,,,,0.6306473671047287,0.8843401431446172,-0.1356293691040445,,,,,,,,2022-05-13 00:30:00,2022-05-13 01:00:00,2022-05-13 04:00:00,1.0,2008.0,2077.21841375359,2280.802271693945,0.11040963776794142,2.2081927553588286e-05,0.6306473671047287,0.8843401431446172,-0.1356293691040445,False,False,2077.21841375359,True,0.75,0.5,54.56317249282012,2077.21841375359,adverse_first,volatility_stop,0.006,,2.2081927553588374e-05,1.1040963776794187e-05,1.1040963776794187e-05,0.0,0.0,fractional_return,R,False
ETHUSD,2022-05-13 10:30:00,2022-05-13 11:00:00,2022-05-13 17:00:00,short,,,2094.0,2075.1523588515865,1860.4819919876754,2187.40720320493,r_trailing_stop,13,0.0012106758687804502,0.001183774303228947,2.6901565551503163e-05,,,,,0.1972957172048245,0.45178528584584143,-0.5390376574013833,,,,,,,,2022-05-13 10:30:00,2022-05-13 11:00:00,2022-05-13 17:00:00,-1.0,2094.0,2075.1523588515865,1860.4819919876754,0.13450782775751602,2.6901565551503204e-05,0.1972957172048245,0.45178528584584143,-0.5390376574013833,False,False,2075.1523588515865,True,0.75,0.5,46.704717703172605,2075.1523588515865,adverse_first,volatility_stop,0.006,,2.6901565551503163e-05,1.3450782775751582e-05,1.3450782775751582e-05,0.0,0.0,fractional_return,R,False
ETHUSD,2022-05-13 18:30:00,2022-05-13 19:00:00,2022-05-13 21:30:00,short,,,2072.5,2057.7855345870034,1857.6342836162075,2158.446286553517,r_trailing_stop,6,0.001027232193714441,0.00099829551593894,2.893667777550111e-05,,,,,0.1663825859898233,0.42119329934585426,-0.04479541995805773,,,,,,,,2022-05-13 18:30:00,2022-05-13 19:00:00,2022-05-13 21:30:00,-1.0,2072.5,2057.7855345870034,1857.6342836162075,0.1446833888775053,2.893667777550106e-05,0.1663825859898233,0.42119329934585426,-0.04479541995805773,False,False,2057.7855345870034,True,0.75,0.5,42.97106917400718,2057.7855345870034,adverse_first,volatility_stop,0.006,,2.893667777550111e-05,1.4468338887750555e-05,1.4468338887750555e-05,0.0,0.0,fractional_return,R,False
ETHUSD,2022-05-13 23:30:00,2022-05-14 00:00:00,2022-05-14 11:30:00,short,,,2005.6,1981.8,1808.4062067404388,2084.4775173038242,max_holding_close,24,0.0018104018087936903,0.0017798896922582564,3.051211653543398e-05,,,,,0.2966482820430428,0.4880985268806546,-0.769547547575477,,,,,,,,2022-05-13 23:30:00,2022-05-14 00:00:00,2022-05-14 11:30:00,-1.0,2005.6,1981.8,1808.4062067404388,0.15256058267716982,3.0512116535433967e-05,0.2966482820430428,0.4880985268806546,-0.769547547575477,False,False,1986.8198718152023,True,0.75,0.5,39.43974363040501,1986.8198718152023,adverse_first,volatility_stop,0.006,,3.051211653543398e-05,1.525605826771699e-05,1.525605826771699e-05,0.0,0.0,fractional_return,R,False
ETHUSD,2022-05-18 20:00:00,2022-05-18 20:30:00,2022-05-18 21:30:00,long,,,1953.2,1961.9987878433376,2050.2071556419137,1914.3971377432347,r_trailing_stop,3,0.0013605369292266814,0.001300133137761753,6.0403791464928424e-05,,,,,0.2166888562936255,0.4767689527020519,-0.23967304108805734,,,,,,,,2022-05-18 20:00:00,2022-05-18 20:30:00,2022-05-18 21:30:00,1.0,1953.2,1961.9987878433376,2050.2071556419137,0.3020189573246425,6.0403791464928505e-05,0.2166888562936255,0.4767689527020519,-0.23967304108805734,False,False,1961.9987878433376,True,0.75,0.5,19.402424313324694,1961.9987878433376,adverse_first,volatility_stop,0.006,,6.0403791464928424e-05,3.0201895732464212e-05,3.0201895732464212e-05,0.0,0.0,fractional_return,R,False
ETHUSD,2022-05-18 22:00:00,2022-05-18 22:30:00,2022-05-18 23:30:00,long,,,1951.7,1913.194871521555,2047.9628211961128,1913.194871521555,stop_loss,3,-0.006,-0.006060824105581444,6.082410558144388e-05,,,,,-1.0101373509302407,0.1532263423897581,-1.189451946008657,,,,,,,,2022-05-18 22:00:00,2022-05-18 22:30:00,2022-05-18 23:30:00,1.0,1951.7,1913.194871521555,2047.9628211961128,0.3041205279072185,6.08241055814437e-05,-1.0101373509302407,0.1532263423897581,-1.189451946008657,False,False,1913.194871521555,False,0.75,0.5,19.25355114890554,,adverse_first,volatility_stop,0.006,,6.082410558144388e-05,3.041205279072194e-05,3.041205279072194e-05,0.0,0.0,fractional_return,R,False
ETHUSD,2022-05-19 00:00:00,2022-05-19 00:30:00,2022-05-19 03:00:00,long,,,1932.3,1940.8565329164253,2031.729527820088,1892.5281888719649,r_trailing_stop,6,0.0012908438424712122,0.0012325422480948499,5.8301594376362334e-05,,,,,0.2054237080158083,0.839790772727885,-0.7920182437403684,,,,,,,,2022-05-19 00:00:00,2022-05-19 00:30:00,2022-05-19 03:00:00,1.0,1932.3,1940.8565329164253,2031.729527820088,0.29150797188181155,5.830159437636231e-05,0.2054237080158083,0.839790772727885,-0.7920182437403684,False,False,1940.8565329164253,True,0.75,0.5,19.886934167149395,1940.8565329164253,adverse_first,volatility_stop,0.006,,5.8301594376362334e-05,2.9150797188181167e-05,2.9150797188181167e-05,0.0,0.0,fractional_return,R,False
ETHUSD,2022-05-19 03:00:00,2022-05-19 03:30:00,2022-05-19 07:00:00,long,,,1952.4,1959.8622929000744,2054.7823172505946,1911.4470730997623,r_trailing_stop,8,0.0010932981056400804,0.0010360890078457443,5.720909779433612e-05,,,,,0.17268150130762405,0.43220354049705395,-0.26371741454058245,,,,,,,,2022-05-19 03:00:00,2022-05-19 03:30:00,2022-05-19 07:00:00,1.0,1952.4,1959.8622929000744,2054.7823172505946,0.2860454889716803,5.7209097794336066e-05,0.17268150130762405,0.43220354049705395,-0.26371741454058245,False,False,1959.8622929000744,True,0.75,0.5,20.475414199851226,1959.8622929000744,adverse_first,volatility_stop,0.006,,5.720909779433612e-05,2.860454889716806e-05,2.860454889716806e-05,0.0,0.0,fractional_return,R,False
ETHUSD,2022-05-19 08:30:00,2022-05-19 09:00:00,2022-05-19 12:00:00,long,,,1930.8,1957.0293378285608,2026.511577186361,1892.5153691254557,r_trailing_stop,7,0.004110684193013994,0.004050164868494646,6.0519324519348223e-05,,,,,0.6750274780824409,0.9351010884057815,-0.5041187431908258,,,,,,,,2022-05-19 08:30:00,2022-05-19 09:00:00,2022-05-19 12:00:00,1.0,1930.8,1957.0293378285608,2026.511577186361,0.30259662259673986,6.051932451934797e-05,0.6750274780824409,0.9351010884057815,-0.5041187431908258,False,False,1957.0293378285608,True,0.75,0.5,19.14132434287829,1957.0293378285608,adverse_first,volatility_stop,0.006,,6.0519324519348223e-05,3.0259662259674112e-05,3.0259662259674112e-05,0.0,0.0,fractional_return,R,False
ETHUSD,2022-05-19 15:30:00,2022-05-19 16:00:00,2022-05-20 02:00:00,long,,,2020.8,2033.5,2123.0927244901654,1979.8829102039338,r_trailing_stop,21,0.0018623025337282245,0.0018030373217572321,5.926521197099238e-05,,,,,0.300506220292872,0.7185261744305775,-0.7808473222128263,,,,,,,,2022-05-19 15:30:00,2022-05-19 16:00:00,2022-05-20 02:00:00,1.0,2020.8,2033.5,2123.0927244901654,0.2963260598549622,5.926521197099244e-05,0.300506220292872,0.7185261744305775,-0.7808473222128263,False,False,2039.97123390254,True,0.75,0.5,20.457532194919594,2039.97123390254,adverse_first,volatility_stop,0.006,,5.926521197099238e-05,2.963260598549619e-05,2.963260598549619e-05,0.0,0.0,fractional_return,R,False
ETHUSD,2022-05-20 15:00:00,2022-05-20 15:30:00,2022-05-20 16:30:00,long,,,1965.3,1928.4440453359857,2057.4398866600354,1928.4440453359857,stop_loss,3,-0.006,-0.00606398857447865,6.398857447864961e-05,,,,,-1.0106647624131082,0.18178880620726004,-1.1965502020507608,,,,,,,,2022-05-20 15:00:00,2022-05-20 15:30:00,2022-05-20 16:30:00,1.0,1965.3,1928.4440453359857,2057.4398866600354,0.31994287239324654,6.398857447864931e-05,-1.0106647624131082,0.18178880620726004,-1.1965502020507608,False,False,1928.4440453359857,False,0.75,0.5,18.429853153831235,,adverse_first,volatility_stop,0.006,,6.398857447864961e-05,3.1994287239324806e-05,3.1994287239324806e-05,0.0,0.0,fractional_return,R,False
ETHUSD,2022-05-20 19:30:00,2022-05-20 20:00:00,2022-05-21 07:30:00,long,,,1966.4,1975.95,2059.757215091586,1929.0571139633657,max_holding_close,24,0.0015344288050952242,0.0014712392594964966,6.318954559872761e-05,,,,,0.2452065432494161,0.4820195199252014,-0.8408562736472983,,,,,,,,2022-05-20 19:30:00,2022-05-20 20:00:00,2022-05-21 07:30:00,1.0,1966.4,1975.95,2059.757215091586,0.31594772799363796,6.31895455987276e-05,0.2452065432494161,0.4820195199252014,-0.8408562736472983,False,False,1975.0638038261084,True,0.75,0.5,18.672392347783344,1975.0638038261084,adverse_first,volatility_stop,0.006,,6.318954559872761e-05,3.1594772799363804e-05,3.1594772799363804e-05,0.0,0.0,fractional_return,R,False
ETHUSD,2022-05-23 22:00:00,2022-05-23 22:30:00,2022-05-24 01:00:00,long,,,1968.1,1978.4558524960657,2040.5377940678968,1939.124882372841,r_trailing_stop,6,0.0021444301202130115,0.0020629215641343184,8.150855607869318e-05,,,,,0.3438202606890531,0.6074177239406051,-0.45211205588760284,,,,,,,,2022-05-23 22:00:00,2022-05-23 22:30:00,2022-05-24 01:00:00,1.0,1968.1,1978.4558524960657,2040.5377940678968,0.4075427803934657,8.150855607869315e-05,0.3438202606890531,0.6074177239406051,-0.45211205588760284,False,False,1978.4558524960657,True,0.75,0.5,14.488295007868793,1978.4558524960657,adverse_first,volatility_stop,0.006,,8.150855607869318e-05,4.075427803934659e-05,4.075427803934659e-05,0.0,0.0,fractional_return,R,False
ETHUSD,2022-05-24 08:30:00,2022-05-24 09:00:00,2022-05-24 09:30:00,long,,,1960.9,1966.611555979699,2024.7779247347266,1935.3488301061095,r_trailing_stop,2,0.0013412041804938533,0.0012491113326997243,9.209284779412895e-05,,,,,0.20818522211662072,0.4735595297690493,-0.40311265757201076,,,,,,,,2022-05-24 08:30:00,2022-05-24 09:00:00,2022-05-24 09:30:00,1.0,1960.9,1966.611555979699,2024.7779247347266,0.460464238970645,9.2092847794129e-05,0.20818522211662072,0.4735595297690493,-0.40311265757201076,False,False,1966.611555979699,True,0.75,0.5,12.776888040601946,1966.611555979699,adverse_first,volatility_stop,0.006,,9.209284779412895e-05,4.6046423897064476e-05,4.6046423897064476e-05,0.0,0.0,fractional_return,R,False
ETHUSD,2022-05-24 09:30:00,2022-05-24 10:00:00,2022-05-24 11:30:00,long,,,1970.7,1969.7,2035.5091585147195,1944.7763365941123,r_trailing_stop,4,-0.00023144876964564253,-0.0003226719877137686,9.122321806812606e-05,,,,,-0.05377866461896143,0.42046526485621144,-0.44361014182077907,,,,,,,,2022-05-24 09:30:00,2022-05-24 10:00:00,2022-05-24 11:30:00,1.0,1970.7,1969.7,2035.5091585147195,0.45611609034063016,9.122321806812603e-05,-0.05377866461896143,0.42046526485621144,-0.44361014182077907,False,False,1975.1194128294944,True,0.75,0.5,12.961174341011152,1975.1194128294944,adverse_first,volatility_stop,0.006,,9.122321806812606e-05,4.561160903406303e-05,4.561160903406303e-05,0.0,0.0,fractional_return,R,False
ETHUSD,2022-05-24 11:30:00,2022-05-24 12:00:00,2022-05-24 13:30:00,long,,,1963.9,1938.4850456246177,2027.4373859384564,1938.4850456246177,stop_loss,4,-0.006,-0.0060927280830487245,9.27280830487244e-05,,,,,-1.0154546805081208,0.1455835782882118,-1.5305949176788463,,,,,,,,2022-05-24 11:30:00,2022-05-24 12:00:00,2022-05-24 13:30:00,1.0,1963.9,1938.4850456246177,2027.4373859384564,0.4636404152436198,9.272808304872397e-05,-1.0154546805081208,0.1455835782882118,-1.5305949176788463,False,False,1938.4850456246177,False,0.75,0.5,12.706829884756507,,adverse_first,volatility_stop,0.006,,9.27280830487244e-05,4.63640415243622e-05,4.63640415243622e-05,0.0,0.0,fractional_return,R,False
ETHUSD,2022-05-24 13:30:00,2022-05-24 14:00:00,2022-05-24 15:00:00,long,,,1928.9,1933.1822605407265,1995.0808249047027,1902.427670038119,r_trailing_stop,3,0.0009705818596759489,0.0008831441462849088,8.743771339104014e-05,,,,,0.14719069104748478,0.41175068517562874,-0.6875103183666564,,,,,,,,2022-05-24 13:30:00,2022-05-24 14:00:00,2022-05-24 15:00:00,1.0,1928.9,1933.1822605407265,1995.0808249047027,0.43718856695520086,8.743771339104018e-05,0.14719069104748478,0.41175068517562874,-0.6875103183666564,False,False,1933.1822605407265,True,0.75,0.5,13.235478918547173,1933.1822605407265,adverse_first,volatility_stop,0.006,,8.743771339104014e-05,4.371885669552007e-05,4.371885669552007e-05,0.0,0.0,fractional_return,R,False
ETHUSD,2022-05-24 17:00:00,2022-05-24 17:30:00,2022-05-24 18:30:00,long,,,1939.8,1959.4,2010.620555191487,1911.4717779234052,r_trailing_stop,3,0.004151337125289024,0.004069166066558048,8.217105873097562e-05,,,,,0.6781943444263413,1.1154953499926332,-0.10943150585370401,,,,,,,,2022-05-24 17:00:00,2022-05-24 17:30:00,2022-05-24 18:30:00,1.0,1939.8,1959.4,2010.620555191487,0.4108552936548792,8.217105873097585e-05,0.6781943444263413,1.1154953499926332,-0.10943150585370401,False,False,1964.3175793135147,True,0.75,0.5,14.164841372970828,1964.3175793135147,adverse_first,volatility_stop,0.006,,8.217105873097562e-05,4.108552936548781e-05,4.108552936548781e-05,0.0,0.0,fractional_return,R,False
ETHUSD,2022-05-24 18:30:00,2022-05-24 19:00:00,2022-05-24 20:00:00,long,,,1942.9,1960.3,2016.2734692491126,1913.5506123003552,r_trailing_stop,3,0.0035571440558967,0.0034777052606530024,7.943879524369753e-05,,,,,0.5796175434421671,0.8552137529023672,-0.052812004661307956,,,,,,,,2022-05-24 18:30:00,2022-05-24 19:00:00,2022-05-24 20:00:00,1.0,1942.9,1960.3,2016.2734692491126,0.3971939762184885,7.943879524369771e-05,0.5796175434421671,0.8552137529023672,-0.052812004661307956,False,False,1960.6622756353718,True,0.75,0.5,14.675448729256642,1960.6622756353718,adverse_first,volatility_stop,0.006,,7.943879524369753e-05,3.971939762184877e-05,3.971939762184877e-05,0.0,0.0,fractional_return,R,False
ETHUSD,2022-05-25 14:00:00,2022-05-25 14:30:00,2022-05-25 15:00:00,short,,,1977.7,1968.3,1907.1155245160219,2005.9337901935912,r_trailing_stop,2,0.0019976064004613198,0.0019135496732657377,8.405672719558207e-05,,,,,0.31892494554428963,0.6091991150343072,-0.06021154043943879,,,,,,,,2022-05-25 14:00:00,2022-05-25 14:30:00,2022-05-25 15:00:00,-1.0,1977.7,1968.3,1907.1155245160219,0.42028363597791013,8.405672719558203e-05,0.31892494554428963,0.6091991150343072,-0.06021154043943879,False,False,1967.958804448839,True,0.75,0.5,14.117608897677586,1967.958804448839,adverse_first,volatility_stop,0.006,,8.405672719558207e-05,4.2028363597791034e-05,4.2028363597791034e-05,0.0,0.0,fractional_return,R,False
ETHUSD,2022-05-26 01:30:00,2022-05-26 02:00:00,2022-05-26 03:00:00,long,,,1942.3,1948.0562994011314,2011.7405801477842,1914.5237679408863,r_trailing_stop,3,0.0012434298623832593,0.0011595178330252223,8.391202935803706e-05,,,,,0.19325297217087037,0.4572254427084194,-0.3888216363189678,,,,,,,,2022-05-26 01:30:00,2022-05-26 02:00:00,2022-05-26 03:00:00,1.0,1942.3,1948.0562994011314,2011.7405801477842,0.4195601467901858,8.391202935803715e-05,0.19325297217087037,0.4572254427084194,-0.3888216363189678,False,False,1948.0562994011314,True,0.75,0.5,13.887401197737097,1948.0562994011314,adverse_first,volatility_stop,0.006,,8.391202935803706e-05,4.195601467901853e-05,4.195601467901853e-05,0.0,0.0,fractional_return,R,False
ETHUSD,2022-05-26 03:00:00,2022-05-26 03:30:00,2022-05-26 04:00:00,long,,,1935.8,1941.3186380816305,2004.6100651106797,1908.275973955728,r_trailing_stop,2,0.001203015446814533,0.0011186179100492516,8.439753676528147e-05,,,,,0.18643631834154192,0.461415055325565,-0.0399650835321321,,,,,,,,2022-05-26 03:00:00,2022-05-26 03:30:00,2022-05-26 04:00:00,1.0,1935.8,1941.3186380816305,2004.6100651106797,0.4219876838264071,8.439753676528143e-05,0.18643631834154192,0.461415055325565,-0.0399650835321321,False,False,1941.3186380816305,True,0.75,0.5,13.762723836739177,1941.3186380816305,adverse_first,volatility_stop,0.006,,8.439753676528147e-05,4.2198768382640736e-05,4.2198768382640736e-05,0.0,0.0,fractional_return,R,False
ETHUSD,2022-05-26 05:00:00,2022-05-26 05:30:00,2022-05-26 08:00:00,long,,,1932.2,1904.9483550054954,2000.329112486262,1904.9483550054954,stop_loss,6,-0.006,-0.006085082570261999,8.50825702619993e-05,,,,,-1.014180428377,0.03669503254580234,-3.20531109287584,,,,,,,,2022-05-26 05:00:00,2022-05-26 05:30:00,2022-05-26 08:00:00,1.0,1932.2,1904.9483550054954,2000.329112486262,0.42541285130999434,8.508257026199887e-05,-1.014180428377,0.03669503254580234,-3.20531109287584,False,False,1904.9483550054954,False,0.75,0.5,13.626527332142627,,adverse_first,volatility_stop,0.006,,8.50825702619993e-05,4.254128513099965e-05,4.254128513099965e-05,0.0,0.0,fractional_return,R,False
ETHUSD,2022-05-28 05:30:00,2022-05-28 06:00:00,2022-05-28 09:00:00,short,,,1769.45,1758.4,1663.527634097077,1811.8189463611693,r_trailing_stop,7,0.0015648253188746493,0.0015147098408568617,5.011547801778756e-05,,,,,0.2524516401428103,0.5263288779925311,-0.07316679469851667,,,,,,,,2022-05-28 05:30:00,2022-05-28 06:00:00,2022-05-28 09:00:00,-1.0,1769.45,1758.4,1663.527634097077,0.25057739008893826,5.0115478017787656e-05,0.2524516401428103,0.5263288779925311,-0.07316679469851667,False,False,1757.7419371892906,True,0.75,0.5,21.183874378580956,1757.7419371892906,adverse_first,volatility_stop,0.006,,5.011547801778756e-05,2.505773900889378e-05,2.505773900889378e-05,0.0,0.0,fractional_return,R,False
ETHUSD,2022-05-28 11:00:00,2022-05-28 11:30:00,2022-05-28 17:30:00,short,,,1781.35,1771.6,1684.1339353620074,1820.236425855197,r_trailing_stop,13,0.0015043809944847825,0.0014494101414688756,5.497085301590693e-05,,,,,0.24156835691147927,0.5901802362978698,-0.6724711624919159,,,,,,,,2022-05-28 11:00:00,2022-05-28 11:30:00,2022-05-28 17:30:00,-1.0,1781.35,1771.6,1684.1339353620074,0.2748542650795349,5.4970853015906985e-05,0.24156835691147927,0.5901802362978698,-0.6724711624919159,False,False,1768.1218793679955,True,0.75,0.5,19.443758735990674,1768.1218793679955,adverse_first,volatility_stop,0.006,,5.497085301590693e-05,2.7485426507953465e-05,2.7485426507953465e-05,0.0,0.0,fractional_return,R,False
ETHUSD,2022-05-31 06:00:00,2022-05-31 06:30:00,2022-05-31 09:00:00,long,,,1968.9,1970.1,2044.7438799069264,1938.5624480372296,r_trailing_stop,6,0.00023732963057910837,0.0001594499123045613,7.787971827454706e-05,,,,,0.02657498538409355,0.46147428168167515,-0.398845629167738,,,,,,,,2022-05-31 06:00:00,2022-05-31 06:30:00,2022-05-31 09:00:00,1.0,1968.9,1970.1,2044.7438799069264,0.38939859137273525,7.787971827454705e-05,0.02657498538409355,0.46147428168167515,-0.398845629167738,False,False,1975.3159970740105,True,0.75,0.5,15.168005851979059,1975.3159970740105,adverse_first,volatility_stop,0.006,,7.787971827454706e-05,3.893985913727353e-05,3.893985913727353e-05,0.0,0.0,fractional_return,R,False
ETHUSD,2022-05-31 14:00:00,2022-05-31 14:30:00,2022-05-31 15:30:00,short,,,1949.7,1980.4264237560333,1872.883940609917,1980.4264237560333,stop_loss,3,-0.006,-0.006076144233984946,7.614423398494621e-05,,,,,-1.0126907056641576,0.17248997286771076,-1.4515193943207452,,,,,,,,2022-05-31 14:00:00,2022-05-31 14:30:00,2022-05-31 15:30:00,-1.0,1949.7,1980.4264237560333,1872.883940609917,0.380721169924731,7.61442339849462e-05,-1.0126907056641576,0.17248997286771076,-1.4515193943207452,False,False,1980.4264237560333,False,0.75,0.5,15.361636540741815,,adverse_first,volatility_stop,0.006,,7.614423398494621e-05,3.807211699247311e-05,3.807211699247311e-05,0.0,0.0,fractional_return,R,False
ETHUSD,2022-05-31 15:30:00,2022-05-31 16:00:00,2022-05-31 16:30:00,short,,,1987.5,1973.9,1907.0169837330468,2019.6932065067813,r_trailing_stop,2,0.0025346962559573117,0.0024606123028879704,7.408395306934129e-05,,,,,0.4101020504813284,0.8448987519857816,-0.341686995288367,,,,,,,,2022-05-31 15:30:00,2022-05-31 16:00:00,2022-05-31 16:30:00,-1.0,1987.5,1973.9,1907.0169837330468,0.3704197653467069,7.408395306934139e-05,0.4101020504813284,0.8448987519857816,-0.341686995288367,False,False,1968.348706464163,True,0.75,0.5,16.097412928326076,1968.348706464163,adverse_first,volatility_stop,0.006,,7.408395306934129e-05,3.7041976534670645e-05,3.7041976534670645e-05,0.0,0.0,fractional_return,R,False
ETHUSD,2022-05-31 16:30:00,2022-05-31 17:00:00,2022-05-31 17:30:00,short,,,1972.3,1958.5595887931147,1888.7083484145812,2005.7366606341675,r_trailing_stop,2,0.002465631007334128,0.0023948476230154945,7.078338431863338e-05,,,,,0.3991412705025824,0.6609511709855629,-0.16449011042627198,,,,,,,,2022-05-31 16:30:00,2022-05-31 17:00:00,2022-05-31 17:30:00,-1.0,1972.3,1958.5595887931147,1888.7083484145812,0.3539169215931673,7.078338431863347e-05,0.3991412705025824,0.6609511709855629,-0.16449011042627198,False,False,1958.5595887931147,True,0.75,0.5,16.719177586229296,1958.5595887931147,adverse_first,volatility_stop,0.006,,7.078338431863338e-05,3.539169215931669e-05,3.539169215931669e-05,0.0,0.0,fractional_return,R,False
ETHUSD,2022-05-31 17:30:00,2022-05-31 18:00:00,2022-05-31 19:00:00,short,,,1965.9,1933.1651613038152,1881.2613049113193,1999.7554780354724,r_trailing_stop,3,0.005801395920959073,0.0057317150262593064,6.968089469976645e-05,,,,,0.9552858377098844,1.2169374763172,-0.1004268791135512,,,,,,,,2022-05-31 17:30:00,2022-05-31 18:00:00,2022-05-31 19:00:00,-1.0,1965.9,1933.1651613038152,1881.2613049113193,0.34840447349883175,6.968089469976635e-05,0.9552858377098844,1.2169374763172,-0.1004268791135512,False,False,1933.1651613038152,True,0.75,0.5,16.930322607630433,1933.1651613038152,adverse_first,volatility_stop,0.006,,6.968089469976645e-05,3.484044734988322e-05,3.484044734988322e-05,0.0,0.0,fractional_return,R,False
ETHUSD,2022-05-31 19:30:00,2022-05-31 20:00:00,2022-06-01 04:30:00,short,,,1933.0,1925.7,1847.3672679318115,1967.2530928272754,r_trailing_stop,18,0.0012787166467234233,0.0012109972144462619,6.771943227716149e-05,,,,,0.20183286907437697,0.6014055461758576,-0.7415388773236361,,,,,,,,2022-05-31 19:30:00,2022-05-31 20:00:00,2022-06-01 04:30:00,-1.0,1933.0,1925.7,1847.3672679318115,0.33859716138580714,6.771943227716143e-05,0.20183286907437697,0.6014055461758576,-0.7415388773236361,False,False,1920.963716629624,True,0.75,0.5,17.127433259248082,1920.963716629624,adverse_first,volatility_stop,0.006,,6.771943227716149e-05,3.3859716138580744e-05,3.3859716138580744e-05,0.0,0.0,fractional_return,R,False
ETHUSD,2022-06-01 14:00:00,2022-06-01 14:30:00,2022-06-01 15:00:00,short,,,1920.9,1908.2,1844.7871905184352,1951.345123792626,r_trailing_stop,2,0.0025028638582332494,0.0024271512411422227,7.571261709102663e-05,,,,,0.40452520685703713,0.9755256770279124,-0.16094531371840506,,,,,,,,2022-06-01 14:00:00,2022-06-01 14:30:00,2022-06-01 15:00:00,-1.0,1920.9,1908.2,1844.7871905184352,0.3785630854551341,7.571261709102683e-05,0.40452520685703713,0.9755256770279124,-0.16094531371840506,False,False,1899.1116767592089,True,0.75,0.5,15.223353518417783,1899.1116767592089,adverse_first,volatility_stop,0.006,,7.571261709102663e-05,3.7856308545513315e-05,3.7856308545513315e-05,0.0,0.0,fractional_return,R,False
ETHUSD,2022-06-01 15:00:00,2022-06-01 15:30:00,2022-06-01 16:30:00,short,,,1901.3,1857.9612169970019,1822.6836964294314,1932.7465214282274,r_trailing_stop,3,0.008269044912057408,0.008196491259176998,7.25536528804107e-05,,,,,1.3660818765294995,1.6281610071516903,-0.02226001376965344,,,,,,,,2022-06-01 15:00:00,2022-06-01 15:30:00,2022-06-01 16:30:00,-1.0,1901.3,1857.9612169970019,1822.6836964294314,0.362768264402052,7.25536528804104e-05,1.3660818765294995,1.6281610071516903,-0.02226001376965344,False,False,1857.9612169970019,True,0.75,0.5,15.722433994003852,1857.9612169970019,adverse_first,volatility_stop,0.006,,7.25536528804107e-05,3.627682644020535e-05,3.627682644020535e-05,0.0,0.0,fractional_return,R,False
ETHUSD,2022-06-03 16:00:00,2022-06-03 16:30:00,2022-06-03 18:30:00,short,,,1753.6,1750.1,1676.1146974921226,1784.5941210031508,r_trailing_stop,5,0.000677547848440857,0.0006096536823250936,6.789416611576338e-05,,,,,0.10160894705418225,0.4033022907385964,-0.37749094413133505,,,,,,,,2022-06-03 16:00:00,2022-06-03 16:30:00,2022-06-03 18:30:00,-1.0,1753.6,1750.1,1676.1146974921226,0.33947083057881683,6.789416611576337e-05,0.10160894705418225,0.4033022907385964,-0.37749094413133505,False,False,1748.8489721759252,True,0.75,0.5,15.497944351850302,1748.8489721759252,adverse_first,volatility_stop,0.006,,6.789416611576338e-05,3.394708305788169e-05,3.394708305788169e-05,0.0,0.0,fractional_return,R,False
ETHUSD,2022-06-03 21:30:00,2022-06-03 22:00:00,2022-06-04 00:00:00,short,,,1787.4,1775.8276302878764,1712.621606064588,1817.311357574165,r_trailing_stop,5,0.0023213328950577056,0.0022496250163804576,7.1707878677248e-05,,,,,0.37493750273007626,0.6368818249979435,-0.21229394166597612,,,,,,,,2022-06-03 21:30:00,2022-06-03 22:00:00,2022-06-04 00:00:00,-1.0,1787.4,1775.8276302878764,1712.621606064588,0.35853939338624047,7.170787867724809e-05,0.37493750273007626,0.6368818249979435,-0.21229394166597612,False,False,1775.8276302878764,True,0.75,0.5,14.955260575752867,1775.8276302878764,adverse_first,volatility_stop,0.006,,7.1707878677248e-05,3.5853939338624e-05,3.5853939338624e-05,0.0,0.0,fractional_return,R,False
ETHUSD,2022-06-04 01:00:00,2022-06-04 01:30:00,2022-06-04 03:00:00,short,,,1759.4,1753.7421046902132,1687.9850456366316,1787.9659817453476,r_trailing_stop,4,0.0011883845673972121,0.0011144756774867902,7.390888991042196e-05,,,,,0.18574594624779836,0.4480854225178139,-0.1260240250831302,,,,,,,,2022-06-04 01:00:00,2022-06-04 01:30:00,2022-06-04 03:00:00,-1.0,1759.4,1753.7421046902132,1687.9850456366316,0.3695444495521093,7.390888991042187e-05,0.18574594624779836,0.4480854225178139,-0.1260240250831302,False,False,1753.7421046902132,True,0.75,0.5,14.28420938042669,1753.7421046902132,adverse_first,volatility_stop,0.006,,7.390888991042196e-05,3.695444495521098e-05,3.695444495521098e-05,0.0,0.0,fractional_return,R,False
ETHUSD,2022-06-07 00:00:00,2022-06-07 00:30:00,2022-06-07 00:30:00,long,,,1808.1,1781.8086197398602,1873.8284506503492,1781.8086197398602,stop_loss,1,-0.006,-0.006082525906914424,8.252590691442373e-05,,,,,-1.0137543178190707,0.015214111851195958,-2.183225050646127,,,,,,,,2022-06-07 00:00:00,2022-06-07 00:30:00,2022-06-07 00:30:00,1.0,1808.1,1781.8086197398602,1873.8284506503492,0.4126295345721174,8.252590691442348e-05,-1.0137543178190707,0.015214111851195958,-2.183225050646127,False,False,1781.8086197398602,False,0.75,0.5,13.144963214871284,,adverse_first,volatility_stop,0.006,,8.252590691442373e-05,4.1262953457211864e-05,4.1262953457211864e-05,0.0,0.0,fractional_return,R,False
ETHUSD,2022-06-07 00:30:00,2022-06-07 01:00:00,2022-06-07 01:30:00,long,,,1757.3000000000002,1760.9,1827.672377410997,1729.1510490356015,r_trailing_stop,2,0.0007673465354825533,0.0006924321984379135,7.491433704463974e-05,,,,,0.11540536640631892,0.4724865241628681,-1.1083894401414975,,,,,,,,2022-06-07 00:30:00,2022-06-07 01:00:00,2022-06-07 01:30:00,1.0,1757.3000000000002,1760.9,1827.672377410997,0.3745716852231988,7.491433704463976e-05,0.11540536640631892,0.4724865241628681,-1.1083894401414975,False,False,1763.5623617593858,True,0.75,0.5,14.075276481228137,1763.5623617593858,adverse_first,volatility_stop,0.006,,7.491433704463974e-05,3.745716852231987e-05,3.745716852231987e-05,0.0,0.0,fractional_return,R,False
ETHUSD,2022-06-07 05:30:00,2022-06-07 06:00:00,2022-06-07 09:00:00,long,,,1752.8000000000002,1768.6,1824.9051173880698,1723.9579530447722,r_trailing_stop,7,0.003286867958684009,0.0032139410959247505,7.292686275925863e-05,,,,,0.5356568493207917,0.8043811882011571,-0.09361332793721382,,,,,,,,2022-06-07 05:30:00,2022-06-07 06:00:00,2022-06-07 09:00:00,1.0,1752.8000000000002,1768.6,1824.9051173880698,0.3646343137962941,7.292686275925882e-05,0.5356568493207917,0.8043811882011571,-0.09361332793721382,False,False,1768.7890770759448,True,0.75,0.5,14.42184584811032,1768.7890770759448,adverse_first,volatility_stop,0.006,,7.292686275925863e-05,3.646343137962932e-05,3.646343137962932e-05,0.0,0.0,fractional_return,R,False
ETHUSD,2022-06-07 11:00:00,2022-06-07 11:30:00,2022-06-07 14:00:00,long,,,1754.1,1760.5,1820.6489982871803,1727.4804006851277,r_trailing_stop,6,0.0014425461309834913,0.0013634720632222986,7.907406776119265e-05,,,,,0.2272453438703831,0.6724368683490849,-0.706246543293997,,,,,,,,2022-06-07 11:00:00,2022-06-07 11:30:00,2022-06-07 14:00:00,1.0,1754.1,1760.5,1820.6489982871803,0.3953703388059633,7.907406776119266e-05,0.2272453438703831,0.6724368683490849,-0.706246543293997,False,False,1765.3458587531468,True,0.75,0.5,13.30828249370643,1765.3458587531468,adverse_first,volatility_stop,0.006,,7.907406776119265e-05,3.9537033880596324e-05,3.9537033880596324e-05,0.0,0.0,fractional_return,R,False
ETHUSD,2022-06-11 08:30:00,2022-06-11 09:00:00,2022-06-11 09:00:00,long,,,1577.3,1549.5642576910554,1646.6393557723611,1549.5642576910554,stop_loss,1,-0.005999999999999999,-0.006068242629994063,6.824262999406347e-05,,,,,-1.0113737716656772,0.6832339220965741,-1.1411268408631359,,,,,,,,2022-06-11 08:30:00,2022-06-11 09:00:00,2022-06-11 09:00:00,1.0,1577.3,1549.5642576910554,1646.6393557723611,0.3412131499703194,6.824262999406388e-05,-1.0113737716656772,0.6832339220965741,-1.1411268408631359,False,False,1549.5642576910554,False,0.75,0.5,13.869628904317537,,adverse_first,volatility_stop,0.006,,6.824262999406347e-05,3.4121314997031735e-05,3.4121314997031735e-05,0.0,0.0,fractional_return,R,False
ETHUSD,2022-06-11 09:00:00,2022-06-11 09:30:00,2022-06-11 10:00:00,long,,,1592.05,1595.35,1665.2288185380864,1562.7784725847653,r_trailing_stop,2,0.0006764252414684449,0.0006111584047605768,6.526683670786805e-05,,,,,0.10185973412676279,0.6935066869600592,-0.023914023688279513,,,,,,,,2022-06-11 09:00:00,2022-06-11 09:30:00,2022-06-11 10:00:00,1.0,1592.05,1595.35,1665.2288185380864,0.3263341835393404,6.526683670786808e-05,0.10185973412676279,0.6935066869600592,-0.023914023688279513,False,False,1605.0325775155945,True,0.75,0.5,14.634844968810919,1605.0325775155945,adverse_first,volatility_stop,0.006,,6.526683670786805e-05,3.2633418353934026e-05,3.2633418353934026e-05,0.0,0.0,fractional_return,R,False
ETHUSD,2022-06-11 10:30:00,2022-06-11 11:00:00,2022-06-11 12:30:00,long,,,1584.85,1555.484922843892,1658.2626928902696,1555.484922843892,stop_loss,4,-0.006000000000000001,-0.006064764685952969,6.476468595296818e-05,,,,,-1.0107941143254946,0.1464324434477364,-1.1748649532434168,,,,,,,,2022-06-11 10:30:00,2022-06-11 11:00:00,2022-06-11 12:30:00,1.0,1584.85,1555.484922843892,1658.2626928902696,0.32382342976483985,6.476468595296798e-05,-1.0107941143254946,0.1464324434477364,-1.1748649532434168,False,False,1555.484922843892,False,0.75,0.5,14.68346452905143,,adverse_first,volatility_stop,0.006,,6.476468595296818e-05,3.238234297648409e-05,3.238234297648409e-05,0.0,0.0,fractional_return,R,False
ETHUSD,2022-06-14 23:00:00,2022-06-14 23:30:00,2022-06-15 04:30:00,short,,,1199.4,1139.3812640868991,1051.0935382559896,1258.7225846976044,r_trailing_stop,11,0.0060704100691881865,0.006046148145886349,2.4261923301837143e-05,,,,,1.0076913576477249,1.3359161675772446,-0.5082381382013091,,,,,,,,2022-06-14 23:00:00,2022-06-14 23:30:00,2022-06-15 04:30:00,-1.0,1199.4,1139.3812640868991,1051.0935382559896,0.12130961650918484,2.426192330183697e-05,1.0076913576477249,1.3359161675772446,-0.5082381382013091,False,False,1139.3812640868991,True,0.75,0.5,29.662528173798155,1139.3812640868991,adverse_first,volatility_stop,0.006,,2.4261923301837143e-05,1.2130961650918572e-05,1.2130961650918572e-05,0.0,0.0,fractional_return,R,False
ETHUSD,2022-06-15 05:00:00,2022-06-15 05:30:00,2022-06-15 06:00:00,long,,,1104.75,1119.5704742669575,1248.571292950306,1047.2214828198776,r_trailing_stop,2,0.0015457176711738598,0.001522673447804618,2.3044223369241782e-05,,,,,0.25377890796743635,0.5075743549685892,-0.21206873734989046,,,,,,,,2022-06-15 05:00:00,2022-06-15 05:30:00,2022-06-15 06:00:00,1.0,1104.75,1119.5704742669575,1248.571292950306,0.1152211168462085,2.30442233692417e-05,0.25377890796743635,0.5075743549685892,-0.21206873734989046,False,False,1119.5704742669575,True,0.75,0.5,28.75905146608507,1119.5704742669575,adverse_first,volatility_stop,0.006,,2.3044223369241782e-05,1.1522111684620891e-05,1.1522111684620891e-05,0.0,0.0,fractional_return,R,False
ETHUSD,2022-06-15 06:00:00,2022-06-15 06:30:00,2022-06-15 07:00:00,long,,,1113.2,1125.3556977672347,1258.1365089796484,1055.2253964081408,r_trailing_stop,2,0.001258036831383337,0.001234995017947159,2.3041813436178128e-05,,,,,0.20583250299119316,0.4596840400602935,-0.11470539836401536,,,,,,,,2022-06-15 06:00:00,2022-06-15 06:30:00,2022-06-15 07:00:00,1.0,1113.2,1125.3556977672347,1258.1365089796484,0.11520906718089019,2.304181343617804e-05,0.20583250299119316,0.4596840400602935,-0.11470539836401536,False,False,1125.3556977672347,True,0.75,0.5,28.988604465530347,1125.3556977672347,adverse_first,volatility_stop,0.006,,2.3041813436178128e-05,1.1520906718089064e-05,1.1520906718089064e-05,0.0,0.0,fractional_return,R,False
ETHUSD,2022-06-18 20:00:00,2022-06-18 20:30:00,2022-06-18 21:30:00,long,,,900.2,948.55,986.5517734762282,865.6592906095088,r_trailing_stop,3,0.00839878523397848,0.008367510832871437,3.127440110704295e-05,,,,,1.3945851388119062,1.9773768751490215,-0.39518586157810165,,,,,,,,2022-06-18 20:00:00,2022-06-18 20:30:00,2022-06-18 21:30:00,1.0,900.2,948.55,986.5517734762282,0.15637200553521066,3.127440110704213e-05,1.3945851388119062,1.9773768751490215,-0.39518586157810165,False,False,959.865302260668,True,0.75,0.5,17.269395478663856,959.865302260668,adverse_first,volatility_stop,0.006,,3.127440110704295e-05,1.5637200553521476e-05,1.5637200553521476e-05,0.0,0.0,fractional_return,R,False
ETHUSD,2022-06-18 21:30:00,2022-06-18 22:00:00,2022-06-18 22:30:00,long,,,941.95,982.4491181695723,1035.978783575166,904.3384865699336,r_trailing_stop,2,0.00646064693645605,0.00643059390489959,3.0053031556460073e-05,,,,,1.0717656508165982,1.8292271096169608,-0.13426739685415381,,,,,,,,2022-06-18 21:30:00,2022-06-18 22:00:00,2022-06-18 22:30:00,1.0,941.95,982.4491181695723,1035.978783575166,0.15026515778229937,3.0053031556459877e-05,1.0717656508165982,1.8292271096169608,-0.13426739685415381,False,False,982.4491181695723,True,0.75,0.5,18.80176366085537,982.4491181695723,adverse_first,volatility_stop,0.006,,3.0053031556460073e-05,1.5026515778230037e-05,1.5026515778230037e-05,0.0,0.0,fractional_return,R,False
ETHUSD,2022-06-18 22:30:00,2022-06-18 23:00:00,2022-06-19 00:30:00,long,,,989.95,998.0793954151845,1089.6459753106349,950.0716098757462,r_trailing_stop,4,0.0012231279231465688,0.0011933388570308458,2.978906611572304e-05,,,,,0.19888980950514096,0.45387990697727687,-0.29840723165909744,,,,,,,,2022-06-18 22:30:00,2022-06-18 23:00:00,2022-06-19 00:30:00,1.0,989.95,998.0793954151845,1089.6459753106349,0.1489453305786156,2.9789066115723118e-05,0.19888980950514096,0.45387990697727687,-0.29840723165909744,False,False,998.0793954151845,True,0.75,0.5,19.941209169630866,998.0793954151845,adverse_first,volatility_stop,0.006,,2.978906611572304e-05,1.489453305786152e-05,1.489453305786152e-05,0.0,0.0,fractional_return,R,False
ETHUSD,2022-06-19 00:30:00,2022-06-19 01:00:00,2022-06-19 02:00:00,long,,,989.65,949.6550794603303,1089.637301349174,949.6550794603303,stop_loss,3,-0.006,-0.006029693270644758,2.9693270644758248e-05,,,,,-1.004948878440793,0.13251682784925567,-1.1251428779653638,,,,,,,,2022-06-19 00:30:00,2022-06-19 01:00:00,2022-06-19 02:00:00,1.0,989.65,949.6550794603303,1089.637301349174,0.14846635322378965,2.9693270644757932e-05,-1.004948878440793,0.13251682784925567,-1.1251428779653638,False,False,949.6550794603303,False,0.75,0.5,19.995438799836624,,adverse_first,volatility_stop,0.006,,2.9693270644758248e-05,1.4846635322379124e-05,1.4846635322379124e-05,0.0,0.0,fractional_return,R,False
ETHUSD,2022-06-19 02:00:00,2022-06-19 02:30:00,2022-06-19 03:30:00,long,,,946.15,966.9214932250279,1046.4403638160786,906.0338544735685,r_trailing_stop,3,0.0031067032416674427,0.0030784009213647126,2.83023203027301e-05,,,,,0.5130668202274521,0.7677706717786912,-0.1695078106524368,,,,,,,,2022-06-19 02:00:00,2022-06-19 02:30:00,2022-06-19 03:30:00,1.0,946.15,966.9214932250279,1046.4403638160786,0.1415116015136508,2.830232030273016e-05,0.5130668202274521,0.7677706717786912,-0.1695078106524368,False,False,966.9214932250279,True,0.75,0.5,20.057013549944283,966.9214932250279,adverse_first,volatility_stop,0.006,,2.83023203027301e-05,1.415116015136505e-05,1.415116015136505e-05,0.0,0.0,fractional_return,R,False
ETHUSD,2022-06-19 03:30:00,2022-06-19 04:00:00,2022-06-19 05:00:00,long,,,951.55,961.3105300663888,1052.934044472128,910.9963822111487,r_trailing_stop,3,0.0014440926257985507,0.0014159358283965218,2.815679740202884e-05,,,,,0.23598930473275367,0.4907083778224802,-0.2441212532885689,,,,,,,,2022-06-19 03:30:00,2022-06-19 04:00:00,2022-06-19 05:00:00,1.0,951.55,961.3105300663888,1052.934044472128,0.14078398701014447,2.8156797402028894e-05,0.23598930473275367,0.4907083778224802,-0.2441212532885689,False,False,961.3105300663888,True,0.75,0.5,20.27893986722245,961.3105300663888,adverse_first,volatility_stop,0.006,,2.815679740202884e-05,1.407839870101442e-05,1.407839870101442e-05,0.0,0.0,fractional_return,R,False
ETHUSD,2022-06-19 05:00:00,2022-06-19 05:30:00,2022-06-19 07:30:00,long,,,948.8,960.4275970511671,1050.0293672263622,908.3082531094551,r_trailing_stop,5,0.001722958075767628,0.0016948397532097572,2.8118322557870758e-05,,,,,0.28247329220162615,0.5371464970082287,-0.33710573260516363,,,,,,,,2022-06-19 05:00:00,2022-06-19 05:30:00,2022-06-19 07:30:00,1.0,948.8,960.4275970511671,1050.0293672263622,0.14059161278935361,2.8118322557870724e-05,0.28247329220162615,0.5371464970082287,-0.33710573260516363,False,False,960.4275970511671,True,0.75,0.5,20.244805897665625,960.4275970511671,adverse_first,volatility_stop,0.006,,2.8118322557870758e-05,1.4059161278935379e-05,1.4059161278935379e-05,0.0,0.0,fractional_return,R,False
ETHUSD,2022-06-19 10:00:00,2022-06-19 10:30:00,2022-06-19 11:00:00,long,,,1054.05,1059.8939885361713,1159.6251390522345,1011.8199443791061,r_trailing_stop,2,0.0008303074836510489,0.0008003558299910381,2.9951653660010734e-05,,,,,0.1333926383318397,0.38834900307083636,-0.20838239189166607,,,,,,,,2022-06-19 10:00:00,2022-06-19 10:30:00,2022-06-19 11:00:00,1.0,1054.05,1059.8939885361713,1159.6251390522345,0.14975826830005345,2.9951653660010693e-05,0.1333926383318397,0.38834900307083636,-0.20838239189166607,False,False,1059.8939885361713,True,0.75,0.5,21.1120229276577,1059.8939885361713,adverse_first,volatility_stop,0.006,,2.9951653660010734e-05,1.4975826830005367e-05,1.4975826830005367e-05,0.0,0.0,fractional_return,R,False
ETHUSD,2022-06-19 15:30:00,2022-06-19 16:00:00,2022-06-19 19:00:00,long,,,1070.65,1101.2478033424932,1175.1670854697936,1028.8431658120826,r_trailing_stop,7,0.004391311220308022,0.004360579881163206,3.0731339144816384e-05,,,,,0.7267633135272009,1.343081845126356,-0.6840986780162789,,,,,,,,2022-06-19 15:30:00,2022-06-19 16:00:00,2022-06-19 19:00:00,1.0,1070.65,1101.2478033424932,1175.1670854697936,0.1536566957240826,3.073133914481652e-05,0.7267633135272009,1.343081845126356,-0.6840986780162789,False,False,1101.2478033424932,True,0.75,0.5,20.904393315013564,1101.2478033424932,adverse_first,volatility_stop,0.006,,3.0731339144816384e-05,1.5365669572408192e-05,1.5365669572408192e-05,0.0,0.0,fractional_return,R,False
ETHUSD,2022-06-19 19:00:00,2022-06-19 19:30:00,2022-06-19 21:00:00,long,,,1094.35,1140.95,1201.5902880340814,1051.4538847863673,r_trailing_stop,4,0.00651807275804646,0.006487458797004537,3.061396104192364e-05,,,,,1.0812431328340895,1.4570083954860604,-0.05361790895388597,,,,,,,,2022-06-19 19:00:00,2022-06-19 19:30:00,2022-06-19 21:00:00,1.0,1094.35,1140.95,1201.5902880340814,0.15306980520961636,3.0613961041923274e-05,1.0812431328340895,1.4570083954860604,-0.05361790895388597,False,False,1146.1269509459037,True,0.75,0.5,21.44609810819234,1146.1269509459037,adverse_first,volatility_stop,0.006,,3.061396104192364e-05,1.530698052096182e-05,1.530698052096182e-05,0.0,0.0,fractional_return,R,False
ETHUSD,2022-06-19 22:00:00,2022-06-19 22:30:00,2022-06-20 00:30:00,long,,,1140.8000000000002,1097.9119426012041,1248.0201434969904,1097.9119426012041,stop_loss,5,-0.006,-0.006031919375299998,3.191937529999772e-05,,,,,-1.005319895883333,0.053627982694881705,-1.3884984215133018,,,,,,,,2022-06-19 22:00:00,2022-06-19 22:30:00,2022-06-20 00:30:00,1.0,1140.8000000000002,1097.9119426012041,1248.0201434969904,0.15959687649998672,3.191937529999735e-05,-1.005319895883333,0.053627982694881705,-1.3884984215133018,False,False,1097.9119426012041,False,0.75,0.5,21.44214934992976,,adverse_first,volatility_stop,0.006,,3.191937529999772e-05,1.595968764999886e-05,1.595968764999886e-05,0.0,0.0,fractional_return,R,False
ETHUSD,2022-06-20 00:30:00,2022-06-20 01:00:00,2022-06-20 09:30:00,long,,,1086.45,1125.3109526863714,1192.8502710669302,1043.889891573228,r_trailing_stop,18,0.005478503808781599,0.005447870898100857,3.063291068074181e-05,,,,,0.9079784830168095,1.1630609467353332,-0.8176670898260514,,,,,,,,2022-06-20 00:30:00,2022-06-20 01:00:00,2022-06-20 09:30:00,1.0,1086.45,1125.3109526863714,1192.8502710669302,0.1531645534037096,3.0632910680741925e-05,0.9079784830168095,1.1630609467353332,-0.8176670898260514,False,False,1125.3109526863714,True,0.75,0.5,21.278094627257474,1125.3109526863714,adverse_first,volatility_stop,0.006,,3.063291068074181e-05,1.5316455340370905e-05,1.5316455340370905e-05,0.0,0.0,fractional_return,R,False
ETHUSD,2022-06-20 14:30:00,2022-06-20 15:00:00,2022-06-20 17:00:00,long,,,1139.55,1097.568656213209,1244.5033594669774,1097.568656213209,stop_loss,5,-0.006000000000000018,-0.0060325730402281934,3.257304022817511e-05,,,,,-1.0054288400380322,0.2810772342097512,-1.0981068217855556,,,,,,,,2022-06-20 14:30:00,2022-06-20 15:00:00,2022-06-20 17:00:00,1.0,1139.55,1097.568656213209,1244.5033594669774,0.16286520114087658,3.257304022817532e-05,-1.0054288400380322,0.2810772342097512,-1.0981068217855556,False,False,1097.568656213209,False,0.75,0.5,20.988829903965993,,adverse_first,volatility_stop,0.006,,3.257304022817511e-05,1.6286520114087554e-05,1.6286520114087554e-05,0.0,0.0,fractional_return,R,False
ETHUSD,2022-06-20 17:00:00,2022-06-20 17:30:00,2022-06-21 00:00:00,long,,,1110.25,1125.5238775684081,1216.5207958533429,1067.7416816586629,r_trailing_stop,14,0.0021558901642394603,0.0021245480633992958,3.134210084016452e-05,,,,,0.3540913438998826,0.609292510515846,-0.6657520481698206,,,,,,,,2022-06-20 17:00:00,2022-06-20 17:30:00,2022-06-21 00:00:00,1.0,1110.25,1125.5238775684081,1216.5207958533429,0.15671050420082216,3.134210084016444e-05,0.3540913438998826,0.609292510515846,-0.6657520481698206,False,False,1125.5238775684081,True,0.75,0.5,21.252244863183964,1125.5238775684081,adverse_first,volatility_stop,0.006,,3.134210084016452e-05,1.567105042008226e-05,1.567105042008226e-05,0.0,0.0,fractional_return,R,False
ETHUSD,2022-06-25 15:30:00,2022-06-25 16:00:00,2022-06-25 17:00:00,long,,,1183.15,1187.129653521159,1249.3590602582321,1156.6663758967072,r_trailing_stop,3,0.0009016107853601622,0.0008480010530039522,5.360973235621e-05,,,,,0.14133350883399204,0.6532338600081905,-0.14159693497287404,,,,,,,,2022-06-25 15:30:00,2022-06-25 16:00:00,2022-06-25 17:00:00,1.0,1183.15,1187.129653521159,1249.3590602582321,0.26804866178104997,5.360973235621e-05,0.14133350883399204,0.6532338600081905,-0.14159693497287404,False,False,1187.129653521159,True,0.75,0.5,13.240692957681896,1187.129653521159,adverse_first,volatility_stop,0.006,,5.360973235621e-05,2.6804866178105e-05,2.6804866178105e-05,0.0,0.0,fractional_return,R,False
ETHUSD,2022-07-01 23:30:00,2022-07-02 00:00:00,2022-07-02 09:00:00,long,,,1057.9,1030.0129229553045,1127.6176926117391,1030.0129229553045,stop_loss,19,-0.006,-0.00604552216060383,4.552216060382981e-05,,,,,-1.007587026767305,0.3388666365017017,-1.142106071172429,,,,,,,,2022-07-01 23:30:00,2022-07-02 00:00:00,2022-07-02 09:00:00,1.0,1057.9,1030.0129229553045,1127.6176926117391,0.22761080301914738,4.552216060382948e-05,-1.007587026767305,0.3388666365017017,-1.142106071172429,False,False,1030.0129229553045,False,0.75,0.5,13.942220617109406,,adverse_first,volatility_stop,0.006,,4.552216060382981e-05,2.2761080301914906e-05,2.2761080301914906e-05,0.0,0.0,fractional_return,R,False
ETHUSD,2022-07-02 09:00:00,2022-07-02 09:30:00,2022-07-02 10:00:00,long,,,1030.75,1034.7123218261672,1091.6208755730186,1006.4016497707926,r_trailing_stop,2,0.000976408287756812,0.0009256081313455468,5.080015641126517e-05,,,,,0.15426802189092445,0.42713366212075493,-0.020535272217343806,,,,,,,,2022-07-02 09:00:00,2022-07-02 09:30:00,2022-07-02 10:00:00,1.0,1030.75,1034.7123218261672,1091.6208755730186,0.2540007820563256,5.080015641126512e-05,0.15426802189092445,0.42713366212075493,-0.020535272217343806,False,False,1034.7123218261672,True,0.75,0.5,12.175356347666058,1034.7123218261672,adverse_first,volatility_stop,0.006,,5.080015641126517e-05,2.5400078205632583e-05,2.5400078205632583e-05,0.0,0.0,fractional_return,R,False
ETHUSD,2022-07-02 12:30:00,2022-07-02 13:00:00,2022-07-02 17:00:00,long,,,1057.3,1060.4,1117.055427381955,1033.397829047218,r_trailing_stop,9,0.0007781719926924136,0.0007250906218618562,5.308137083055741e-05,,,,,0.12084843697697603,0.39745343712782316,-0.5815371343238619,,,,,,,,2022-07-02 12:30:00,2022-07-02 13:00:00,2022-07-02 17:00:00,1.0,1057.3,1060.4,1117.055427381955,0.26540685415278686,5.308137083055738e-05,0.12084843697697603,0.39745343712782316,-0.5815371343238619,False,False,1060.8250225147697,True,0.75,0.5,11.949954970460553,1060.8250225147697,adverse_first,volatility_stop,0.006,,5.308137083055741e-05,2.6540685415278706e-05,2.6540685415278706e-05,0.0,0.0,fractional_return,R,False
ETHUSD,2022-07-05 02:00:00,2022-07-05 02:30:00,2022-07-05 04:00:00,long,,,1145.05,1149.6402781648464,1194.6428850248456,1125.2128459900616,r_trailing_stop,4,0.0013883881213646427,0.00131912112876522,6.92669925994227e-05,,,,,0.21985352146087,0.4814198647253252,-0.2117239195650678,,,,,,,,2022-07-05 02:00:00,2022-07-05 02:30:00,2022-07-05 04:00:00,1.0,1145.05,1149.6402781648464,1194.6428850248456,0.3463349629971134,6.926699259942268e-05,0.21985352146087,0.4814198647253252,-0.2117239195650678,False,False,1149.6402781648464,True,0.75,0.5,9.919443670306924,1149.6402781648464,adverse_first,volatility_stop,0.006,,6.92669925994227e-05,3.463349629971135e-05,3.463349629971135e-05,0.0,0.0,fractional_return,R,False
ETHUSD,2022-07-05 04:00:00,2022-07-05 04:30:00,2022-07-05 05:30:00,long,,,1147.2,1157.75,1195.897186499834,1127.7211254000665,r_trailing_stop,3,0.003249674393417743,0.003179000905946106,7.06734874716371e-05,,,,,0.529833484324351,0.9677150444853847,-0.08470715243506527,,,,,,,,2022-07-05 04:00:00,2022-07-05 04:30:00,2022-07-05 05:30:00,1.0,1147.2,1157.75,1195.897186499834,0.3533674373581857,7.067348747163715e-05,0.529833484324351,0.9677150444853847,-0.08470715243506527,False,False,1161.1800693645177,True,0.75,0.5,9.73986127096425,1161.1800693645177,adverse_first,volatility_stop,0.006,,7.06734874716371e-05,3.533674373581855e-05,3.533674373581855e-05,0.0,0.0,fractional_return,R,False
ETHUSD,2022-07-05 08:00:00,2022-07-05 08:30:00,2022-07-05 09:30:00,long,,,1141.65,1121.5076553387569,1192.0058616531082,1121.5076553387569,stop_loss,3,-0.006,-0.006068014921948786,6.801492194878547e-05,,,,,-1.0113358203247975,0.014893995959526894,-1.092226370365471,,,,,,,,2022-07-05 08:00:00,2022-07-05 08:30:00,2022-07-05 09:30:00,1.0,1141.65,1121.5076553387569,1192.0058616531082,0.34007460974392834,6.801492194878567e-05,-1.0113358203247975,0.014893995959526894,-1.092226370365471,False,False,1121.5076553387569,False,0.75,0.5,10.070290478076878,,adverse_first,volatility_stop,0.006,,6.801492194878547e-05,3.400746097439273e-05,3.400746097439273e-05,0.0,0.0,fractional_return,R,False
ETHUSD,2022-07-05 09:30:00,2022-07-05 10:00:00,2022-07-05 11:30:00,long,,,1128.35,1108.1412788935936,1178.8718027660157,1108.1412788935936,stop_loss,4,-0.006,-0.006067001765864876,6.700176586487555e-05,,,,,-1.0111669609774792,0.20288270486846438,-1.098535621482859,,,,,,,,2022-07-05 09:30:00,2022-07-05 10:00:00,2022-07-05 11:30:00,1.0,1128.35,1108.1412788935936,1178.8718027660157,0.3350088293243768,6.700176586487536e-05,-1.0111669609774792,0.20288270486846438,-1.098535621482859,False,False,1108.1412788935936,False,0.75,0.5,10.10391229298119,,adverse_first,volatility_stop,0.006,,6.700176586487555e-05,3.3500882932437775e-05,3.3500882932437775e-05,0.0,0.0,fractional_return,R,False
ETHUSD,2022-07-05 19:30:00,2022-07-05 20:00:00,2022-07-05 20:30:00,long,,,1145.75,1161.1758764160193,1201.0057043661363,1123.6477182535455,r_trailing_stop,2,0.00418758839281206,0.004125382145702729,6.220624710933081e-05,,,,,0.6875636909504548,1.0406165419409454,-0.07691513570868064,,,,,,,,2022-07-05 19:30:00,2022-07-05 20:00:00,2022-07-05 20:30:00,1.0,1145.75,1161.1758764160193,1201.0057043661363,0.31103123554665346,6.22062471093307e-05,0.6875636909504548,1.0406165419409454,-0.07691513570868064,False,False,1161.1758764160193,True,0.75,0.5,11.048247167961529,1161.1758764160193,adverse_first,volatility_stop,0.006,,6.220624710933081e-05,3.1103123554665404e-05,3.1103123554665404e-05,0.0,0.0,fractional_return,R,False
ETHUSD,2022-07-05 20:30:00,2022-07-05 21:00:00,2022-07-05 23:30:00,long,,,1153.3000000000002,1130.4831689171494,1210.342077707127,1130.4831689171494,stop_loss,6,-0.006,-0.0060606552239868315,6.065522398683142e-05,,,,,-1.0101092039978052,0.1950314653179189,-1.1417010497824789,,,,,,,,2022-07-05 20:30:00,2022-07-05 21:00:00,2022-07-05 23:30:00,1.0,1153.3000000000002,1130.4831689171494,1210.342077707127,0.30327611993415576,6.065522398683115e-05,-1.0101092039978052,0.1950314653179189,-1.1417010497824789,False,False,1130.4831689171494,False,0.75,0.5,11.408909719629783,,adverse_first,volatility_stop,0.006,,6.065522398683142e-05,3.032761199341571e-05,3.032761199341571e-05,0.0,0.0,fractional_return,R,False
ETHUSD,2022-07-06 13:00:00,2022-07-06 13:30:00,2022-07-06 19:00:00,long,,,1141.65,1158.7287876348005,1202.867488160357,1117.1630047358574,r_trailing_stop,12,0.00418478154234208,0.0041288342942121265,5.594724812995385e-05,,,,,0.6881390490353544,1.0577042924464595,-0.6166538538973655,,,,,,,,2022-07-06 13:00:00,2022-07-06 13:30:00,2022-07-06 19:00:00,1.0,1141.65,1158.7287876348005,1202.867488160357,0.2797362406497694,5.594724812995388e-05,0.6881390490353544,1.0577042924464595,-0.6166538538973655,False,False,1158.7287876348005,True,0.75,0.5,12.242424730398753,1158.7287876348005,adverse_first,volatility_stop,0.006,,5.594724812995385e-05,2.7973624064976926e-05,2.7973624064976926e-05,0.0,0.0,fractional_return,R,False
ETHUSD,2022-07-06 22:00:00,2022-07-06 22:30:00,2022-07-06 23:30:00,long,,,1183.15,1194.1,1244.595290198317,1158.5718839206734,r_trailing_stop,3,0.002673109679682128,0.002615343657444394,5.776602223773412e-05,,,,,0.4358906095740656,0.8035603679409843,-0.028480620635884836,,,,,,,,2022-07-06 22:00:00,2022-07-06 22:30:00,2022-07-06 23:30:00,1.0,1183.15,1194.1,1244.595290198317,0.2888301111886711,5.776602223773422e-05,0.4358906095740656,0.8035603679409843,-0.028480620635884836,False,False,1196.755990145777,True,0.75,0.5,12.288019708445995,1196.755990145777,adverse_first,volatility_stop,0.006,,5.776602223773412e-05,2.888301111886706e-05,2.888301111886706e-05,0.0,0.0,fractional_return,R,False
ETHUSD,2022-07-07 02:00:00,2022-07-07 02:30:00,2022-07-07 09:00:00,long,,,1176.55,1183.0824539815053,1235.720429324964,1152.8818282700142,r_trailing_stop,14,0.001656009781244575,0.0015963575184459538,5.965226279862129e-05,,,,,0.266059586407659,0.5260228860105352,-0.5999618458915338,,,,,,,,2022-07-07 02:00:00,2022-07-07 02:30:00,2022-07-07 09:00:00,1.0,1176.55,1183.0824539815053,1235.720429324964,0.2982613139931061,5.965226279862123e-05,0.266059586407659,0.5260228860105352,-0.5999618458915338,False,False,1183.0824539815053,True,0.75,0.5,11.835092036989181,1183.0824539815053,adverse_first,volatility_stop,0.006,,5.965226279862129e-05,2.9826131399310644e-05,2.9826131399310644e-05,0.0,0.0,fractional_return,R,False
ETHUSD,2022-07-07 14:30:00,2022-07-07 15:00:00,2022-07-07 17:00:00,long,,,1222.45,1232.6,1276.596118328441,1200.7915526686236,r_trailing_stop,5,0.002811835911791026,0.0027441052948379415,6.773061695308433e-05,,,,,0.45735088247299027,0.7572103276415979,-0.45247934212729796,,,,,,,,2022-07-07 14:30:00,2022-07-07 15:00:00,2022-07-07 17:00:00,1.0,1222.45,1232.6,1276.596118328441,0.33865308476542055,6.773061695308411e-05,0.45735088247299027,0.7572103276415979,-0.45247934212729796,False,False,1233.4367167187745,True,0.75,0.5,10.826566562450727,1233.4367167187745,adverse_first,volatility_stop,0.006,,6.773061695308433e-05,3.3865308476542164e-05,3.3865308476542164e-05,0.0,0.0,fractional_return,R,False
ETHUSD,2022-07-07 17:00:00,2022-07-07 17:30:00,2022-07-07 19:30:00,long,,,1217.65,1237.0606053396482,1272.5394376941026,1195.6942249223591,r_trailing_stop,5,0.005304464616987758,0.005237913561749083,6.655105523867451e-05,,,,,0.8729855936248473,1.6487689399252727,-0.06376454463799844,,,,,,,,2022-07-07 17:00:00,2022-07-07 17:30:00,2022-07-07 19:30:00,1.0,1217.65,1237.0606053396482,1272.5394376941026,0.33275527619337253,6.655105523867451e-05,0.8729855936248473,1.6487689399252727,-0.06376454463799844,False,False,1237.0606053396482,True,0.75,0.5,10.978789320703305,1237.0606053396482,adverse_first,volatility_stop,0.006,,6.655105523867451e-05,3.3275527619337254e-05,3.3275527619337254e-05,0.0,0.0,fractional_return,R,False
ETHUSD,2022-07-07 19:30:00,2022-07-07 20:00:00,2022-07-07 22:30:00,long,,,1247.55,1225.487241094932,1302.70689726267,1225.487241094932,stop_loss,6,-0.006,-0.006067854614485957,6.785461448595691e-05,,,,,-1.0113091024143261,0.08158544485506207,-1.0198180606883016,,,,,,,,2022-07-07 19:30:00,2022-07-07 20:00:00,2022-07-07 22:30:00,1.0,1247.55,1225.487241094932,1302.70689726267,0.3392730724297835,6.78546144859567e-05,-1.0113091024143261,0.08158544485506207,-1.0198180606883016,False,False,1225.487241094932,False,0.75,0.5,11.030495228034374,,adverse_first,volatility_stop,0.006,,6.785461448595691e-05,3.392730724297846e-05,3.392730724297846e-05,0.0,0.0,fractional_return,R,False
ETHUSD,2022-07-08 01:00:00,2022-07-08 01:30:00,2022-07-08 02:00:00,long,,,1273.85,1251.2932956065981,1330.2417609835043,1251.2932956065981,stop_loss,2,-0.006,-0.0060677678783806355,6.776787838063542e-05,,,,,-1.0112946463967725,0.01329981520207965,-1.409780411419586,,,,,,,,2022-07-08 01:00:00,2022-07-08 01:30:00,2022-07-08 02:00:00,1.0,1273.85,1251.2932956065981,1330.2417609835043,0.33883939190317847,6.77678783806357e-05,-1.0112946463967725,0.01329981520207965,-1.409780411419586,False,False,1251.2932956065981,False,0.75,0.5,11.280122672194446,,adverse_first,volatility_stop,0.006,,6.776787838063542e-05,3.388393919031771e-05,3.388393919031771e-05,0.0,0.0,fractional_return,R,False
ETHUSD,2022-07-08 02:00:00,2022-07-08 02:30:00,2022-07-08 04:30:00,long,,,1245.05,1257.15,1303.0262077508494,1221.85951689966,r_trailing_stop,5,0.0031305945497503225,0.00306616898373104,6.442556601928256e-05,,,,,0.5110281639551734,0.9357286739611745,-0.008624227409782354,,,,,,,,2022-07-08 02:00:00,2022-07-08 02:30:00,2022-07-08 04:30:00,1.0,1245.05,1257.15,1303.0262077508494,0.3221278300964136,6.442556601928272e-05,0.5110281639551734,0.9357286739611745,-0.008624227409782354,False,False,1260.9528448387853,True,0.75,0.5,11.594310322429484,1260.9528448387853,adverse_first,volatility_stop,0.006,,6.442556601928256e-05,3.221278300964128e-05,3.221278300964128e-05,0.0,0.0,fractional_return,R,False
ETHUSD,2022-07-08 05:30:00,2022-07-08 06:00:00,2022-07-08 08:30:00,long,,,1244.2,1221.976260041073,1299.7593498973176,1221.976260041073,stop_loss,6,-0.0060000000000000366,-0.006067182211579158,6.718221157912124e-05,,,,,-1.0111970352631932,0.17323816815330356,-1.2576641038662226,,,,,,,,2022-07-08 05:30:00,2022-07-08 06:00:00,2022-07-08 08:30:00,1.0,1244.2,1221.976260041073,1299.7593498973176,0.33591105789560455,6.718221157912092e-05,-1.0111970352631932,0.17323816815330356,-1.2576641038662226,False,False,1221.976260041073,False,0.75,0.5,11.111423402762002,,adverse_first,volatility_stop,0.006,,6.718221157912124e-05,3.359110578956062e-05,3.359110578956062e-05,0.0,0.0,fractional_return,R,False
ETHUSD,2022-07-08 23:30:00,2022-07-09 00:00:00,2022-07-09 08:00:00,long,,,1213.25,1220.1319727593288,1276.4328745163511,1187.9768501934595,r_trailing_stop,17,0.0016338223320817391,0.0015762157412474132,5.7606590834325885e-05,,,,,0.2627026235412355,0.5222934260684834,-0.37391461184447394,,,,,,,,2022-07-08 23:30:00,2022-07-09 00:00:00,2022-07-09 08:00:00,1.0,1213.25,1220.1319727593288,1276.4328745163511,0.2880329541716297,5.7606590834325946e-05,0.2627026235412355,0.5222934260684834,-0.37391461184447394,False,False,1220.1319727593288,True,0.75,0.5,12.636054481342564,1220.1319727593288,adverse_first,volatility_stop,0.006,,5.7606590834325885e-05,2.8803295417162943e-05,2.8803295417162943e-05,0.0,0.0,fractional_return,R,False
ETHUSD,2022-07-11 22:00:00,2022-07-11 22:30:00,2022-07-12 00:00:00,long,,,1106.65,1089.2623909925112,1150.1190225187224,1089.2623909925112,stop_loss,4,-0.006,-0.006076375078334694,7.637507833469382e-05,,,,,-1.012729179722449,0.0287561101577939,-1.0754785199014945,,,,,,,,2022-07-11 22:00:00,2022-07-11 22:30:00,2022-07-12 00:00:00,1.0,1106.65,1089.2623909925112,1150.1190225187224,0.38187539167347045,7.637507833469409e-05,-1.012729179722449,0.0287561101577939,-1.0754785199014945,False,False,1089.2623909925112,False,0.75,0.5,8.696947005652417,,adverse_first,volatility_stop,0.006,,7.637507833469382e-05,3.818753916734691e-05,3.818753916734691e-05,0.0,0.0,fractional_return,R,False
ETHUSD,2022-07-12 00:00:00,2022-07-12 00:30:00,2022-07-12 07:00:00,long,,,1090.65,1073.01531829359,1134.7367042660248,1073.01531829359,stop_loss,14,-0.006000000000000041,-0.006074216253051224,7.421625305118352e-05,,,,,-1.0123693755085375,0.20130785795297756,-1.5991215758518447,,,,,,,,2022-07-12 00:00:00,2022-07-12 00:30:00,2022-07-12 07:00:00,1.0,1090.65,1073.01531829359,1134.7367042660248,0.3710812652559193,7.421625305118386e-05,-1.0123693755085375,0.20130785795297756,-1.5991215758518447,False,False,1073.01531829359,False,0.75,0.5,8.816532269040144,,adverse_first,volatility_stop,0.006,,7.421625305118352e-05,3.710812652559176e-05,3.710812652559176e-05,0.0,0.0,fractional_return,R,False
ETHUSD,2022-07-12 22:00:00,2022-07-12 22:30:00,2022-07-13 03:00:00,long,,,1046.6,1054.2742612777129,1091.3466990519314,1028.7013203792274,r_trailing_stop,10,0.002572567845330799,0.0025023995409301533,7.016830440064554e-05,,,,,0.41706659015502556,0.6788210224121362,-0.6732340181124402,,,,,,,,2022-07-12 22:00:00,2022-07-12 22:30:00,2022-07-13 03:00:00,1.0,1046.6,1054.2742612777129,1091.3466990519314,0.35084152200322694,7.016830440064539e-05,0.41706659015502556,0.6788210224121362,-0.6732340181124402,False,False,1054.2742612777129,True,0.75,0.5,8.951477444574312,1054.2742612777129,adverse_first,volatility_stop,0.006,,7.016830440064554e-05,3.508415220032277e-05,3.508415220032277e-05,0.0,0.0,fractional_return,R,False
ETHUSD,2022-07-13 07:30:00,2022-07-13 08:00:00,2022-07-13 12:00:00,short,,,1068.6,1085.292936948873,1026.8676576278172,1085.292936948873,stop_loss,9,-0.006,-0.006076818117981724,7.681811798172355e-05,,,,,-1.0128030196636206,0.2186553517322358,-1.9289595413091276,,,,,,,,2022-07-13 07:30:00,2022-07-13 08:00:00,2022-07-13 12:00:00,-1.0,1068.6,1085.292936948873,1026.8676576278172,0.38409058990861583,7.681811798172317e-05,-1.0128030196636206,0.2186553517322358,-1.9289595413091276,False,False,1085.292936948873,False,0.75,0.5,8.346077962015626,,adverse_first,volatility_stop,0.006,,7.681811798172355e-05,3.8409058990861774e-05,3.8409058990861774e-05,0.0,0.0,fractional_return,R,False
ETHUSD,2022-07-13 12:00:00,2022-07-13 12:30:00,2022-07-13 12:30:00,short,,,1098.95,1056.5722130496754,1056.5722130496754,1115.90111478013,take_profit,1,0.015,0.0149222033466763,7.779665332369873e-05,,,,,2.4870338911127168,5.492264149442936,-0.0029496585120504506,,,,,,,,2022-07-13 12:00:00,2022-07-13 12:30:00,2022-07-13 12:30:00,-1.0,1098.95,1056.5722130496754,1056.5722130496754,0.38898326661849697,7.779665332369939e-05,2.4870338911127168,5.492264149442936,-0.0029496585120504506,False,False,1115.90111478013,False,0.75,0.5,8.474786385317705,,adverse_first,volatility_stop,0.006,,7.779665332369873e-05,3.8898326661849364e-05,3.8898326661849364e-05,0.0,0.0,fractional_return,R,False
ETHUSD,2022-07-15 00:00:00,2022-07-15 00:30:00,2022-07-15 02:30:00,long,,,1183.75,1209.95,1244.2301800567657,1159.5579279772937,r_trailing_stop,5,0.006497996527641601,0.0064392789445149165,5.871758312668476e-05,,,,,1.0732131574191528,1.574896104981826,-0.12814115289878028,,,,,,,,2022-07-15 00:00:00,2022-07-15 00:30:00,2022-07-15 02:30:00,1.0,1183.75,1209.95,1244.2301800567657,0.2935879156334238,5.8717583126684763e-05,1.0732131574191528,1.574896104981826,-0.12814115289878028,False,False,1215.801470945283,True,0.75,0.5,12.09705810943404,1215.801470945283,adverse_first,volatility_stop,0.006,,5.871758312668476e-05,2.935879156334238e-05,2.935879156334238e-05,0.0,0.0,fractional_return,R,False
ETHUSD,2022-07-15 02:30:00,2022-07-15 03:00:00,2022-07-15 04:30:00,long,,,1195.0,1202.8055685139732,1256.4468837622553,1170.4212464950979,r_trailing_stop,4,0.0019054428888958237,0.0018470998163020898,5.8343072593733955e-05,,,,,0.30784996938368164,0.6041803542656523,-0.22987333344114555,,,,,,,,2022-07-15 02:30:00,2022-07-15 03:00:00,2022-07-15 04:30:00,1.0,1195.0,1202.8055685139732,1256.4468837622553,0.2917153629686703,5.8343072593734064e-05,0.30784996938368164,0.6041803542656523,-0.22987333344114555,False,False,1202.8055685139732,True,0.75,0.5,12.288862972053693,1202.8055685139732,adverse_first,volatility_stop,0.006,,5.8343072593733955e-05,2.9171536296866978e-05,2.9171536296866978e-05,0.0,0.0,fractional_return,R,False
ETHUSD,2022-07-15 04:30:00,2022-07-15 05:00:00,2022-07-15 06:00:00,long,,,1192.15,1201.1359724015285,1253.785107283015,1167.495957086794,r_trailing_stop,3,0.002186896266830592,0.0021288700840646933,5.8026182765898854e-05,,,,,0.3548116806774489,0.6368123903763494,-0.09734711700021109,,,,,,,,2022-07-15 04:30:00,2022-07-15 05:00:00,2022-07-15 06:00:00,1.0,1192.15,1201.1359724015285,1253.785107283015,0.29013091382949424,5.8026182765898854e-05,0.3548116806774489,0.6368123903763494,-0.09734711700021109,False,False,1201.1359724015285,True,0.75,0.5,12.328055196942735,1201.1359724015285,adverse_first,volatility_stop,0.006,,5.8026182765898854e-05,2.9013091382949427e-05,2.9013091382949427e-05,0.0,0.0,fractional_return,R,False
ETHUSD,2022-07-15 08:30:00,2022-07-15 09:00:00,2022-07-15 09:30:00,long,,,1204.75,1223.3982674989052,1266.262220815057,1180.1451116739772,r_trailing_stop,2,0.004547454290824551,0.004488697673812354,5.87566170121975e-05,,,,,0.7481162789687256,1.0079297931123234,-0.00406423303673955,,,,,,,,2022-07-15 08:30:00,2022-07-15 09:00:00,2022-07-15 09:30:00,1.0,1204.75,1223.3982674989052,1266.262220815057,0.2937830850609856,5.8756617012197124e-05,0.7481162789687256,1.0079297931123234,-0.00406423303673955,False,False,1223.3982674989052,True,0.75,0.5,12.30346500218977,1223.3982674989052,adverse_first,volatility_stop,0.006,,5.87566170121975e-05,2.937830850609875e-05,2.937830850609875e-05,0.0,0.0,fractional_return,R,False
ETHUSD,2022-07-15 09:30:00,2022-07-15 10:00:00,2022-07-15 11:30:00,long,,,1218.25,1221.5578441428304,1281.1689759213477,1193.082409631461,r_trailing_stop,4,0.0007885961495063132,0.000730509539759698,5.808660974661512e-05,,,,,0.12175158995994967,0.381442953394555,-0.31985580987772705,,,,,,,,2022-07-15 09:30:00,2022-07-15 10:00:00,2022-07-15 11:30:00,1.0,1218.25,1221.5578441428304,1281.1689759213477,0.2904330487330756,5.808660974661513e-05,0.12175158995994967,0.381442953394555,-0.31985580987772705,False,False,1221.5578441428304,True,0.75,0.5,12.584311714339057,1221.5578441428304,adverse_first,volatility_stop,0.006,,5.808660974661512e-05,2.904330487330756e-05,2.904330487330756e-05,0.0,0.0,fractional_return,R,False
ETHUSD,2022-07-15 11:30:00,2022-07-15 12:00:00,2022-07-15 12:30:00,long,,,1210.5,1214.534755116165,1272.6498825028539,1185.6400469988585,r_trailing_stop,2,0.0009737963179527493,0.0009153649926830153,5.8431325269733955e-05,,,,,0.15256083211383586,0.9754644346627067,-0.12670981316237587,,,,,,,,2022-07-15 11:30:00,2022-07-15 12:00:00,2022-07-15 12:30:00,1.0,1210.5,1214.534755116165,1272.6498825028539,0.2921566263486697,5.843132526973394e-05,0.15256083211383586,0.9754644346627067,-0.12670981316237587,False,False,1214.534755116165,True,0.75,0.5,12.430489767670373,1214.534755116165,adverse_first,volatility_stop,0.006,,5.8431325269733955e-05,2.9215662634866977e-05,2.9215662634866977e-05,0.0,0.0,fractional_return,R,False
ETHUSD,2022-07-15 12:30:00,2022-07-15 13:00:00,2022-07-15 15:30:00,long,,,1227.15,1227.0,1290.7312485048083,1201.7175005980769,r_trailing_stop,6,-3.538779204423312e-05,-9.328929738698524e-05,5.790150534275212e-05,,,,,-0.015548216231164208,0.3774697818050062,-0.43448344676514855,,,,,,,,2022-07-15 12:30:00,2022-07-15 13:00:00,2022-07-15 15:30:00,1.0,1227.15,1227.0,1290.7312485048083,0.28950752671376057,5.7901505342752114e-05,-0.015548216231164208,0.3774697818050062,-0.43448344676514855,False,False,1230.392393251566,True,0.75,0.5,12.715213496867994,1230.392393251566,adverse_first,volatility_stop,0.006,,5.790150534275212e-05,2.895075267137606e-05,2.895075267137606e-05,0.0,0.0,fractional_return,R,False
ETHUSD,2022-07-15 18:30:00,2022-07-15 19:00:00,2022-07-15 20:00:00,long,,,1254.6,1263.1509770640198,1320.5928597640245,1228.20285609439,r_trailing_stop,3,0.0019436141488479723,0.0018865807059352316,5.7033442912740725e-05,,,,,0.3144301176558719,1.2103582158072037,-0.22540317320978503,,,,,,,,2022-07-15 18:30:00,2022-07-15 19:00:00,2022-07-15 20:00:00,1.0,1254.6,1263.1509770640198,1320.5928597640245,0.2851672145637035,5.70334429127407e-05,0.3144301176558719,1.2103582158072037,-0.22540317320978503,False,False,1263.1509770640198,True,0.75,0.5,13.198045871960362,1263.1509770640198,adverse_first,volatility_stop,0.006,,5.7033442912740725e-05,2.8516721456370363e-05,2.8516721456370363e-05,0.0,0.0,fractional_return,R,False
ETHUSD,2022-07-16 10:30:00,2022-07-16 11:00:00,2022-07-16 13:00:00,long,,,1197.85,1213.1134923334014,1259.212515836954,1173.3049936652183,r_trailing_stop,5,0.0037311440360328347,0.0036725814110982837,5.856262493455101e-05,,,,,0.612096901849714,1.4748417460663932,-0.08555711786572617,,,,,,,,2022-07-16 10:30:00,2022-07-16 11:00:00,2022-07-16 13:00:00,1.0,1197.85,1213.1134923334014,1259.212515836954,0.29281312467275583,5.856262493455117e-05,0.612096901849714,1.4748417460663932,-0.08555711786572617,False,False,1213.1134923334014,True,0.75,0.5,12.273015333197137,1213.1134923334014,adverse_first,volatility_stop,0.006,,5.856262493455101e-05,2.9281312467275503e-05,2.9281312467275503e-05,0.0,0.0,fractional_return,R,False
ETHUSD,2022-07-16 14:30:00,2022-07-16 15:00:00,2022-07-16 16:00:00,long,,,1244.65,1305.893511604378,1305.893511604378,1220.1525953582488,take_profit,3,0.015000000000000001,0.014939031092401746,6.096890759825502e-05,,,,,2.489838515400291,7.2048448634100914,-0.016328260313680974,,,,,,,,2022-07-16 14:30:00,2022-07-16 15:00:00,2022-07-16 16:00:00,1.0,1244.65,1305.893511604378,1305.893511604378,0.30484453799127664,6.096890759825533e-05,2.489838515400291,7.2048448634100914,-0.016328260313680974,False,False,1270.3251565543317,True,0.75,0.5,12.24968689133663,1270.3251565543317,adverse_first,volatility_stop,0.006,,6.096890759825502e-05,3.048445379912751e-05,3.048445379912751e-05,0.0,0.0,fractional_return,R,False
ETHUSD,2022-07-17 09:00:00,2022-07-17 09:30:00,2022-07-17 10:30:00,short,,,1355.65,1345.65,1276.476804749435,1387.3192781002263,r_trailing_stop,3,0.001894580603009448,0.001843212839120053,5.136776388939496e-05,,,,,0.3072021398533421,0.5857411697637562,-0.17366988860919827,,,,,,,,2022-07-17 09:00:00,2022-07-17 09:30:00,2022-07-17 10:30:00,-1.0,1355.65,1345.65,1276.476804749435,0.2568388194469749,5.136776388939498e-05,0.3072021398533421,0.5857411697637562,-0.17366988860919827,False,False,1345.0179035810766,True,0.75,0.5,15.835807162153472,1345.0179035810766,adverse_first,volatility_stop,0.006,,5.136776388939496e-05,2.568388194469748e-05,2.568388194469748e-05,0.0,0.0,fractional_return,R,False
ETHUSD,2022-07-17 11:30:00,2022-07-17 12:00:00,2022-07-17 13:00:00,short,,,1363.15,1357.0552185836736,1285.0920850931202,1394.373165962752,r_trailing_stop,3,0.001171203731920847,0.001118813785239866,5.238994668098113e-05,,,,,0.18646896420664433,1.0408938042596754,-0.12490725651115668,,,,,,,,2022-07-17 11:30:00,2022-07-17 12:00:00,2022-07-17 13:00:00,-1.0,1363.15,1357.0552185836736,1285.0920850931202,0.2619497334049057,5.238994668098114e-05,0.18646896420664433,1.0408938042596754,-0.12490725651115668,False,False,1357.0552185836736,True,0.75,0.5,15.610437167347166,1357.0552185836736,adverse_first,volatility_stop,0.006,,5.238994668098113e-05,2.6194973340490564e-05,2.6194973340490564e-05,0.0,0.0,fractional_return,R,False
ETHUSD,2022-07-17 13:00:00,2022-07-17 13:30:00,2022-07-17 14:00:00,short,,,1358.65,1346.475578785199,1279.3883810309694,1390.3546475876124,r_trailing_stop,2,0.0023039690659531855,0.0022525450595675405,5.142400638564505e-05,,,,,0.37542417659459004,0.6465928991435885,-0.0946233510941837,,,,,,,,2022-07-17 13:00:00,2022-07-17 13:30:00,2022-07-17 14:00:00,-1.0,1358.65,1346.475578785199,1279.3883810309694,0.25712003192822536,5.142400638564507e-05,0.37542417659459004,0.6465928991435885,-0.0946233510941837,False,False,1346.475578785199,True,0.75,0.5,15.851157570398259,1346.475578785199,adverse_first,volatility_stop,0.006,,5.142400638564505e-05,2.5712003192822526e-05,2.5712003192822526e-05,0.0,0.0,fractional_return,R,False
ETHUSD,2022-07-17 17:00:00,2022-07-17 17:30:00,2022-07-17 18:00:00,short,,,1370.5,1327.3180543313306,1290.8165512671694,1402.3733794931322,r_trailing_stop,2,0.008128779506040226,0.008077181588713815,5.159791732641146e-05,,,,,1.3461969314523023,1.6047874688349693,-0.15216459870673393,,,,,,,,2022-07-17 17:00:00,2022-07-17 17:30:00,2022-07-17 18:00:00,-1.0,1370.5,1327.3180543313306,1290.8165512671694,0.2579895866320612,5.159791732641224e-05,1.3461969314523023,1.6047874688349693,-0.15216459870673393,False,False,1327.3180543313306,True,0.75,0.5,15.936108662661141,1327.3180543313306,adverse_first,volatility_stop,0.006,,5.159791732641146e-05,2.579895866320573e-05,2.579895866320573e-05,0.0,0.0,fractional_return,R,False
ETHUSD,2022-07-18 02:30:00,2022-07-18 03:00:00,2022-07-18 03:30:00,short,,,1412.35,1415.1,1328.7433206079527,1445.792671756819,r_trailing_stop,2,-0.0004933816329024523,-0.0005440600001191634,5.0678367216711105e-05,,,,,-0.09067666668652724,0.49338163290245013,-0.2407104330221099,,,,,,,,2022-07-18 02:30:00,2022-07-18 03:00:00,2022-07-18 03:30:00,-1.0,1412.35,1415.1,1328.7433206079527,0.2533918360835554,5.0678367216711085e-05,-0.09067666668652724,0.49338163290245013,-0.2407104330221099,False,False,1404.2100759598575,True,0.75,0.5,16.72015191971525,1404.2100759598575,adverse_first,volatility_stop,0.006,,5.0678367216711105e-05,2.5339183608355552e-05,2.5339183608355552e-05,0.0,0.0,fractional_return,R,False
ETHUSD,2022-07-18 05:00:00,2022-07-18 05:30:00,2022-07-18 07:30:00,short,,,1435.55,1469.704911126662,1350.1627221833448,1469.704911126662,stop_loss,5,-0.006,-0.0060504366705453165,5.043667054531638e-05,,,,,-1.0084061117575527,0.25472178708755744,-1.1403923686276234,,,,,,,,2022-07-18 05:00:00,2022-07-18 05:30:00,2022-07-18 07:30:00,-1.0,1435.55,1469.704911126662,1350.1627221833448,0.2521833527265798,5.0436670545315965e-05,-1.0084061117575527,0.25472178708755744,-1.1403923686276234,False,False,1469.704911126662,False,0.75,0.5,17.075075815217133,,adverse_first,volatility_stop,0.006,,5.043667054531638e-05,2.521833527265819e-05,2.521833527265819e-05,0.0,0.0,fractional_return,R,False
ETHUSD,2022-07-18 07:30:00,2022-07-18 08:00:00,2022-07-18 10:30:00,short,,,1467.05,1501.566405859217,1380.7589853519573,1501.566405859217,stop_loss,6,-0.006,-0.006051003572248526,5.100357224852546e-05,,,,,-1.0085005953747543,0.11009257497721858,-1.2081211517237038,,,,,,,,2022-07-18 07:30:00,2022-07-18 08:00:00,2022-07-18 10:30:00,-1.0,1467.05,1501.566405859217,1380.7589853519573,0.2550178612426267,5.1003572248525346e-05,-1.0085005953747543,0.11009257497721858,-1.2081211517237038,False,False,1501.566405859217,False,0.75,0.5,17.257026001127674,,adverse_first,volatility_stop,0.006,,5.100357224852546e-05,2.550178612426273e-05,2.550178612426273e-05,0.0,0.0,fractional_return,R,False
ETHUSD,2022-07-19 22:00:00,2022-07-19 22:30:00,2022-07-20 00:00:00,short,,,1563.25,1542.55,1451.1070651996415,1608.1071739201434,r_trailing_stop,4,0.0027687878915668243,0.0027269684937746325,4.181939779219178e-05,,,,,0.45449474896243874,0.9006363189959726,-0.309872396882279,,,,,,,,2022-07-19 22:00:00,2022-07-19 22:30:00,2022-07-20 00:00:00,-1.0,1563.25,1542.55,1451.1070651996415,0.20909698896095807,4.1819397792191616e-05,0.45449474896243874,0.9006363189959726,-0.309872396882279,False,False,1537.6614240470706,True,0.75,0.5,22.422848094140864,1537.6614240470706,adverse_first,volatility_stop,0.006,,4.181939779219178e-05,2.090969889609589e-05,2.090969889609589e-05,0.0,0.0,fractional_return,R,False
ETHUSD,2022-07-24 22:30:00,2022-07-24 23:00:00,2022-07-25 00:00:00,long,,,1605.45,1570.7450576380827,1692.2123559047934,1570.7450576380827,stop_loss,3,-0.005999999999999999,-0.006055511978089727,5.551197808972754e-05,,,,,-1.009251996348288,0.29966913333393286,-1.1064706461560703,,,,,,,,2022-07-24 22:30:00,2022-07-24 23:00:00,2022-07-25 00:00:00,1.0,1605.45,1570.7450576380827,1692.2123559047934,0.2775598904486358,5.551197808972717e-05,-1.009251996348288,0.29966913333393286,-1.1064706461560703,False,False,1570.7450576380827,False,0.75,0.5,17.35139107141451,,adverse_first,volatility_stop,0.006,,5.551197808972754e-05,2.775598904486377e-05,2.775598904486377e-05,0.0,0.0,fractional_return,R,False
ETHUSD,2022-07-26 21:00:00,2022-07-26 21:30:00,2022-07-26 23:30:00,long,,,1384.85,1414.9812230483874,1466.0319051678757,1352.3772379328495,r_trailing_stop,5,0.005567353276462161,0.005516177463435738,5.1175813026422753e-05,,,,,0.919362910572623,2.131016753576474,-0.5404529483420085,,,,,,,,2022-07-26 21:00:00,2022-07-26 21:30:00,2022-07-26 23:30:00,1.0,1384.85,1414.9812230483874,1466.0319051678757,0.25587906513211406,5.1175813026422814e-05,0.919362910572623,2.131016753576474,-0.5404529483420085,False,False,1414.9812230483874,True,0.75,0.5,16.237553903225177,1414.9812230483874,adverse_first,volatility_stop,0.006,,5.1175813026422753e-05,2.5587906513211377e-05,2.5587906513211377e-05,0.0,0.0,fractional_return,R,False
ETHUSD,2022-07-26 23:30:00,2022-07-27 00:00:00,2022-07-27 07:30:00,long,,,1449.45,1460.4,1534.0850524937734,1415.5959790024906,r_trailing_stop,16,0.0019406852735406152,0.0018893076247783614,5.137764876225379e-05,,,,,0.31488460412972696,0.6646182443632106,-0.8359420584657258,,,,,,,,2022-07-26 23:30:00,2022-07-27 00:00:00,2022-07-27 07:30:00,1.0,1449.45,1460.4,1534.0850524937734,0.25688824381126885,5.137764876225377e-05,0.31488460412972696,0.6646182443632106,-0.8359420584657258,False,False,1463.4853270101978,True,0.75,0.5,16.929345979604427,1463.4853270101978,adverse_first,volatility_stop,0.006,,5.137764876225379e-05,2.5688824381126896e-05,2.5688824381126896e-05,0.0,0.0,fractional_return,R,False
ETHUSD,2022-07-27 16:30:00,2022-07-27 17:00:00,2022-07-27 17:30:00,long,,,1484.95,1498.574393942991,1563.7166695041117,1453.4433321983554,r_trailing_stop,2,0.0025945734462493033,0.0025380158943298656,5.655755191943772e-05,,,,,0.4230026490549776,0.7823740725356279,-0.19043587972469747,,,,,,,,2022-07-27 16:30:00,2022-07-27 17:00:00,2022-07-27 17:30:00,1.0,1484.95,1498.574393942991,1563.7166695041117,0.28278775959718955,5.6557551919437914e-05,0.4230026490549776,0.7823740725356279,-0.19043587972469747,False,False,1498.574393942991,True,0.75,0.5,15.751212114018223,1498.574393942991,adverse_first,volatility_stop,0.006,,5.655755191943772e-05,2.827877595971886e-05,2.827877595971886e-05,0.0,0.0,fractional_return,R,False
ETHUSD,2022-07-27 21:30:00,2022-07-27 22:00:00,2022-07-27 22:30:00,long,,,1607.8000000000002,1624.2963673447257,1699.8735486317428,1570.9705805473031,r_trailing_stop,2,0.002687476629803462,0.0026350902487887397,5.238638101472213e-05,,,,,0.4391817081314565,0.7548313389980389,-0.006788051609700835,,,,,,,,2022-07-27 21:30:00,2022-07-27 22:00:00,2022-07-27 22:30:00,1.0,1607.8000000000002,1624.2963673447257,1699.8735486317428,0.26193190507360986,5.238638101472197e-05,0.4391817081314565,0.7548313389980389,-0.006788051609700835,False,False,1624.2963673447257,True,0.75,0.5,18.407265310548564,1624.2963673447257,adverse_first,volatility_stop,0.006,,5.238638101472213e-05,2.6193190507361064e-05,2.6193190507361064e-05,0.0,0.0,fractional_return,R,False
ETHUSD,2022-07-27 23:30:00,2022-07-28 00:00:00,2022-07-28 03:00:00,long,,,1636.6,1659.5,1727.9498775474726,1600.0600489810108,r_trailing_stop,7,0.0037602677663305427,0.0037065205678469054,5.3747198483637335e-05,,,,,0.6177534279744842,1.0645881812973568,-0.8415446420281143,,,,,,,,2022-07-27 23:30:00,2022-07-28 00:00:00,2022-07-28 03:00:00,1.0,1636.6,1659.5,1727.9498775474726,0.2687359924181877,5.374719848363754e-05,0.6177534279744842,1.0645881812973568,-0.8415446420281143,False,False,1666.364733317072,True,0.75,0.5,18.270533365855826,1666.364733317072,adverse_first,volatility_stop,0.006,,5.3747198483637335e-05,2.6873599241818667e-05,2.6873599241818667e-05,0.0,0.0,fractional_return,R,False
ETHUSD,2022-07-28 07:30:00,2022-07-28 08:00:00,2022-07-28 11:00:00,long,,,1618.0,1620.95,1705.792512178421,1582.8829951286316,r_trailing_stop,7,0.000504029317558079,0.0004487398642828931,5.528945327518592e-05,,,,,0.0747899773804822,0.4285673010875351,-0.4655864035070482,,,,,,,,2022-07-28 07:30:00,2022-07-28 08:00:00,2022-07-28 11:00:00,1.0,1618.0,1620.95,1705.792512178421,0.2764472663759296,5.528945327518592e-05,0.0747899773804822,0.4285673010875351,-0.4655864035070482,False,False,1624.269121155057,True,0.75,0.5,17.561757689886125,1624.269121155057,adverse_first,volatility_stop,0.006,,5.528945327518592e-05,2.764472663759296e-05,2.764472663759296e-05,0.0,0.0,fractional_return,R,False
ETHUSD,2022-07-29 05:00:00,2022-07-29 05:30:00,2022-07-29 07:30:00,short,,,1725.85,1717.5044698275158,1624.3111827356274,1766.465526905749,r_trailing_stop,5,0.001232858092696988,0.0011818672486090622,5.099084408792575e-05,,,,,0.19697787476817705,0.45549082849350864,-0.6426113850638182,,,,,,,,2022-07-29 05:00:00,2022-07-29 05:30:00,2022-07-29 07:30:00,-1.0,1725.85,1717.5044698275158,1624.3111827356274,0.25495422043962873,5.099084408792575e-05,0.19697787476817705,0.45549082849350864,-0.6426113850638182,False,False,1717.5044698275158,True,0.75,0.5,20.308939655031725,1717.5044698275158,adverse_first,volatility_stop,0.006,,5.099084408792575e-05,2.5495422043962873e-05,2.5495422043962873e-05,0.0,0.0,fractional_return,R,False
ETHUSD,2022-07-29 08:00:00,2022-07-29 08:30:00,2022-07-29 12:00:00,short,,,1716.35,1682.15,1614.694279157929,1757.0122883368283,r_trailing_stop,8,0.00504644495902967,0.004995793112214286,5.0651846815383955e-05,,,,,0.8326321853690477,1.1558621494853611,-0.4180777987500242,,,,,,,,2022-07-29 08:00:00,2022-07-29 08:30:00,2022-07-29 12:00:00,-1.0,1716.35,1682.15,1614.694279157929,0.25325923407691936,5.0651846815383874e-05,0.8326321853690477,1.1558621494853611,-0.4180777987500242,False,False,1680.114979911364,True,0.75,0.5,20.3299598227275,1680.114979911364,adverse_first,volatility_stop,0.006,,5.0651846815383955e-05,2.5325923407691978e-05,2.5325923407691978e-05,0.0,0.0,fractional_return,R,False
ETHUSD,2022-07-29 13:30:00,2022-07-29 14:00:00,2022-07-29 14:00:00,short,,,1699.75,1740.7610317859799,1597.2224205350503,1740.7610317859799,stop_loss,1,-0.006,-0.0060497353982861095,4.973539828610936e-05,,,,,-1.008289233047685,0.06827431249747706,-1.0997041048700926,,,,,,,,2022-07-29 13:30:00,2022-07-29 14:00:00,2022-07-29 14:00:00,-1.0,1699.75,1740.7610317859799,1597.2224205350503,0.24867699143054686,4.973539828610937e-05,-1.008289233047685,0.06827431249747706,-1.0997041048700926,False,False,1740.7610317859799,False,0.75,0.5,20.506722367349713,,adverse_first,volatility_stop,0.006,,4.973539828610936e-05,2.486769914305468e-05,2.486769914305468e-05,0.0,0.0,fractional_return,R,False
ETHUSD,2022-07-29 14:00:00,2022-07-29 14:30:00,2022-07-29 15:30:00,short,,,1735.75,1722.5887078256817,1630.375060315011,1777.8999758739956,r_trailing_stop,3,0.0018734946203048555,0.001824078221912916,4.941639839193949e-05,,,,,0.304013036985486,0.5622779019103012,-0.19454340909976736,,,,,,,,2022-07-29 14:00:00,2022-07-29 14:30:00,2022-07-29 15:30:00,-1.0,1735.75,1722.5887078256817,1630.375060315011,0.2470819919596971,4.941639839193942e-05,0.304013036985486,0.5622779019103012,-0.19454340909976736,False,False,1722.5887078256817,True,0.75,0.5,21.077415651363257,1722.5887078256817,adverse_first,volatility_stop,0.006,,4.941639839193949e-05,2.4708199195969745e-05,2.4708199195969745e-05,0.0,0.0,fractional_return,R,False
ETHUSD,2022-07-29 23:00:00,2022-07-29 23:30:00,2022-07-30 00:00:00,short,,,1761.8,1731.4470730538828,1653.3292705455794,1805.1882917817682,r_trailing_stop,2,0.0041973895306297495,0.004148663021399248,4.872650923050132e-05,,,,,0.6914438368998747,1.0014222320284518,-0.09449553858036329,,,,,,,,2022-07-29 23:00:00,2022-07-29 23:30:00,2022-07-30 00:00:00,-1.0,1761.8,1731.4470730538828,1653.3292705455794,0.24363254615250513,4.872650923050103e-05,0.6914438368998747,1.0014222320284518,-0.09449553858036329,False,False,1731.4470730538828,True,0.75,0.5,21.694146107765633,1731.4470730538828,adverse_first,volatility_stop,0.006,,4.872650923050132e-05,2.436325461525066e-05,2.436325461525066e-05,0.0,0.0,fractional_return,R,False
ETHUSD,2022-07-30 09:30:00,2022-07-30 10:00:00,2022-07-30 13:30:00,long,,,1701.3,1727.2302084898986,1800.0008134690113,1661.8196746123954,r_trailing_stop,8,0.003940728689846106,0.00388901786983749,5.171082000861565e-05,,,,,0.6481696449729148,0.9067807736772069,-0.5559731279948257,,,,,,,,2022-07-30 09:30:00,2022-07-30 10:00:00,2022-07-30 13:30:00,1.0,1701.3,1727.2302084898986,1800.0008134690113,0.25855410004307866,5.1710820008615736e-05,0.6481696449729148,0.9067807736772069,-0.5559731279948257,False,False,1727.2302084898986,True,0.75,0.5,19.739583020202776,1727.2302084898986,adverse_first,volatility_stop,0.006,,5.171082000861565e-05,2.5855410004307824e-05,2.5855410004307824e-05,0.0,0.0,fractional_return,R,False
ETHUSD,2022-08-02 14:00:00,2022-08-02 14:30:00,2022-08-02 14:30:00,long,,,1611.6999999999998,1580.8875196870415,1688.7312007823957,1580.8875196870415,stop_loss,1,-0.005999999999999999,-0.006062768072558788,6.276807255878834e-05,,,,,-1.0104613454264648,0.7951323538759852,-1.2024348453512261,,,,,,,,2022-08-02 14:00:00,2022-08-02 14:30:00,2022-08-02 14:30:00,1.0,1611.6999999999998,1580.8875196870415,1688.7312007823957,0.31384036279394045,6.27680725587881e-05,-1.0104613454264648,0.7951323538759852,-1.2024348453512261,False,False,1580.8875196870415,False,0.75,0.5,15.407673986883795,,adverse_first,volatility_stop,0.006,,6.276807255878834e-05,3.138403627939417e-05,3.138403627939417e-05,0.0,0.0,fractional_return,R,False
ETHUSD,2022-08-02 14:30:00,2022-08-02 15:00:00,2022-08-02 15:30:00,long,,,1624.1,1617.25,1705.9473828388377,1591.3610468644647,r_trailing_stop,2,-0.0012553852846134276,-0.0013149143719343238,5.952908732089618e-05,,,,,-0.21915239532238728,0.43526132130758016,-0.4902416987359047,,,,,,,,2022-08-02 14:30:00,2022-08-02 15:00:00,2022-08-02 15:30:00,1.0,1624.1,1617.25,1705.9473828388377,0.29764543660448123,5.952908732089625e-05,-0.21915239532238728,0.43526132130758016,-0.4902416987359047,False,False,1630.1655137772548,True,0.75,0.5,16.368972445490375,1630.1655137772548,adverse_first,volatility_stop,0.006,,5.952908732089618e-05,2.976454366044809e-05,2.976454366044809e-05,0.0,0.0,fractional_return,R,False
ETHUSD,2022-08-02 15:30:00,2022-08-02 16:00:00,2022-08-02 16:30:00,long,,,1630.85,1665.5418489296685,1714.9366663323249,1597.21533346707,r_trailing_stop,2,0.006188587996679588,0.006130403385332722,5.8184611346866547e-05,,,,,1.0217338975554535,1.3156069187330024,-0.08919368940562729,,,,,,,,2022-08-02 15:30:00,2022-08-02 16:00:00,2022-08-02 16:30:00,1.0,1630.85,1665.5418489296685,1714.9366663323249,0.29092305673433416,5.818461134686684e-05,1.0217338975554535,1.3156069187330024,-0.08919368940562729,False,False,1665.5418489296685,True,0.75,0.5,16.816302140663296,1665.5418489296685,adverse_first,volatility_stop,0.006,,5.8184611346866547e-05,2.9092305673433273e-05,2.9092305673433273e-05,0.0,0.0,fractional_return,R,False
ETHUSD,2022-08-03 22:30:00,2022-08-03 23:00:00,2022-08-03 23:30:00,short,,,1622.05,1615.5167331850987,1548.4008311081677,1651.509667556733,r_trailing_stop,2,0.0013306192547460972,0.0012645472260563117,6.607202868978549e-05,,,,,0.21075787100938528,0.47183152943703366,-0.010183414304394968,,,,,,,,2022-08-03 22:30:00,2022-08-03 23:00:00,2022-08-03 23:30:00,-1.0,1622.05,1615.5167331850987,1548.4008311081677,0.3303601434489277,6.607202868978555e-05,0.21075787100938528,0.47183152943703366,-0.010183414304394968,False,False,1615.5167331850987,True,0.75,0.5,14.733466370197156,1615.5167331850987,adverse_first,volatility_stop,0.006,,6.607202868978549e-05,3.3036014344892746e-05,3.3036014344892746e-05,0.0,0.0,fractional_return,R,False
ETHUSD,2022-08-11 20:00:00,2022-08-11 20:30:00,2022-08-12 00:00:00,long,,,1896.65,1862.94404632682,1980.9148841829506,1862.94404632682,stop_loss,8,-0.006,-0.006067524569162717,6.752456916271719e-05,,,,,-1.011254094860453,0.28629956872213874,-1.1303641003433864,,,,,,,,2022-08-11 20:00:00,2022-08-11 20:30:00,2022-08-12 00:00:00,1.0,1896.65,1862.94404632682,1980.9148841829506,0.3376228458135863,6.752456916271727e-05,-1.011254094860453,0.28629956872213874,-1.1303641003433864,False,False,1862.94404632682,False,0.75,0.5,16.85031138315953,,adverse_first,volatility_stop,0.006,,6.752456916271719e-05,3.376228458135859e-05,3.376228458135859e-05,0.0,0.0,fractional_return,R,False
ETHUSD,2022-08-12 00:00:00,2022-08-12 00:30:00,2022-08-12 01:30:00,long,,,1876.35,1883.2163197572072,1959.695690116519,1843.0117239533922,r_trailing_stop,3,0.0012357543169192974,0.0011682157316351576,6.753858528413975e-05,,,,,0.19470262193919294,0.4559323937071638,-0.005999110443509839,,,,,,,,2022-08-12 00:00:00,2022-08-12 00:30:00,2022-08-12 01:30:00,1.0,1876.35,1883.2163197572072,1959.695690116519,0.3376929264206982,6.753858528413964e-05,0.19470262193919294,0.4559323937071638,-0.005999110443509839,False,False,1883.2163197572072,True,0.75,0.5,16.6673604855855,1883.2163197572072,adverse_first,volatility_stop,0.006,,6.753858528413975e-05,3.376929264206987e-05,3.376929264206987e-05,0.0,0.0,fractional_return,R,False
ETHUSD,2022-08-12 09:00:00,2022-08-12 09:30:00,2022-08-12 11:00:00,long,,,1901.35,1870.9294256017542,1977.401435995614,1870.9294256017542,stop_loss,4,-0.006,-0.006075002528556186,7.500252855618603e-05,,,,,-1.012500421426031,0.0690322270877713,-1.0864357644050906,,,,,,,,2022-08-12 09:00:00,2022-08-12 09:30:00,2022-08-12 11:00:00,1.0,1901.35,1870.9294256017542,1977.401435995614,0.37501264278092983,7.500252855618597e-05,-1.012500421426031,0.0690322270877713,-1.0864357644050906,False,False,1870.9294256017542,False,0.75,0.5,15.212687504017667,,adverse_first,volatility_stop,0.006,,7.500252855618603e-05,3.750126427809301e-05,3.750126427809301e-05,0.0,0.0,fractional_return,R,False
ETHUSD,2022-08-12 11:30:00,2022-08-12 12:00:00,2022-08-12 13:30:00,long,,,1869.55,1879.926709011459,1944.7748661022167,1839.4600535591132,r_trailing_stop,4,0.0020691380820855756,0.001994579624349288,7.455845773628742e-05,,,,,0.3324299373915481,0.8175488131335873,-0.053173906545270655,,,,,,,,2022-08-12 11:30:00,2022-08-12 12:00:00,2022-08-12 13:30:00,1.0,1869.55,1879.926709011459,1944.7748661022167,0.3727922886814365,7.45584577362873e-05,0.3324299373915481,0.8175488131335873,-0.053173906545270655,False,False,1879.926709011459,True,0.75,0.5,15.046581977081866,1879.926709011459,adverse_first,volatility_stop,0.006,,7.455845773628742e-05,3.727922886814371e-05,3.727922886814371e-05,0.0,0.0,fractional_return,R,False
ETHUSD,2022-08-12 13:30:00,2022-08-12 14:00:00,2022-08-12 16:00:00,long,,,1884.55,1897.775341232817,1959.2926206981763,1854.6529517207293,r_trailing_stop,5,0.002654176648332248,0.002578535067301387,7.5641581030861e-05,,,,,0.42975584455023114,0.7893755858287657,-0.45154959358848623,,,,,,,,2022-08-12 13:30:00,2022-08-12 14:00:00,2022-08-12 16:00:00,1.0,1884.55,1897.775341232817,1959.2926206981763,0.37820790515430414,7.564158103086082e-05,0.42975584455023114,0.7893755858287657,-0.45154959358848623,False,False,1897.775341232817,True,0.75,0.5,14.949317534365962,1897.775341232817,adverse_first,volatility_stop,0.006,,7.5641581030861e-05,3.78207905154305e-05,3.78207905154305e-05,0.0,0.0,fractional_return,R,False
ETHUSD,2022-08-12 18:30:00,2022-08-12 19:00:00,2022-08-12 19:30:00,long,,,1913.05,1921.650443857887,1985.0493230151012,1884.2502707939595,r_trailing_stop,2,0.0017917759843554214,0.0017120648181990915,7.97111661563299e-05,,,,,0.28534413636651523,0.6614645527987963,-0.010416764611003113,,,,,,,,2022-08-12 18:30:00,2022-08-12 19:00:00,2022-08-12 19:30:00,1.0,1913.05,1921.650443857887,1985.0493230151012,0.39855583078164925,7.971116615632985e-05,0.28534413636651523,0.6614645527987963,-0.010416764611003113,False,False,1921.650443857887,True,0.75,0.5,14.399112284225863,1921.650443857887,adverse_first,volatility_stop,0.006,,7.97111661563299e-05,3.985558307816495e-05,3.985558307816495e-05,0.0,0.0,fractional_return,R,False
ETHUSD,2022-08-12 20:30:00,2022-08-12 21:00:00,2022-08-12 23:30:00,long,,,1933.05,1952.9217137343603,2004.831007551821,1904.3375969792717,r_trailing_stop,6,0.004152570661539102,0.004071781185356096,8.078947618300573e-05,,,,,0.6786301975593493,1.173708796706116,-0.5067496436817184,,,,,,,,2022-08-12 20:30:00,2022-08-12 21:00:00,2022-08-12 23:30:00,1.0,1933.05,1952.9217137343603,2004.831007551821,0.40394738091502913,8.078947618300583e-05,0.6786301975593493,1.173708796706116,-0.5067496436817184,False,False,1952.9217137343603,True,0.75,0.5,14.356572531279296,1952.9217137343603,adverse_first,volatility_stop,0.006,,8.078947618300573e-05,4.039473809150287e-05,4.039473809150287e-05,0.0,0.0,fractional_return,R,False
ETHUSD,2022-08-12 23:30:00,2022-08-13 00:00:00,2022-08-13 01:00:00,long,,,1960.0,1966.6805043708798,2032.1967960707843,1931.1212815716863,r_trailing_stop,3,0.0013879780131094762,0.0013065339557549775,8.144405735449872e-05,,,,,0.21775565929249624,0.48132329814096014,-0.43111331380251344,,,,,,,,2022-08-12 23:30:00,2022-08-13 00:00:00,2022-08-13 01:00:00,1.0,1960.0,1966.6805043708798,2032.1967960707843,0.4072202867724931,8.144405735449862e-05,0.21775565929249624,0.48132329814096014,-0.43111331380251344,False,False,1966.6805043708798,True,0.75,0.5,14.438991258240534,1966.6805043708798,adverse_first,volatility_stop,0.006,,8.144405735449872e-05,4.072202867724936e-05,4.072202867724936e-05,0.0,0.0,fractional_return,R,False
ETHUSD,2022-08-13 02:30:00,2022-08-13 03:00:00,2022-08-13 04:00:00,long,,,1979.0,1992.476476416512,2051.2754089022055,1950.0898364391178,r_trailing_stop,3,0.0027969007622108424,0.0027147566403002595,8.21441219105829e-05,,,,,0.45245944005004324,1.1016886823530647,-0.34071062860840245,,,,,,,,2022-08-13 02:30:00,2022-08-13 03:00:00,2022-08-13 04:00:00,1.0,1979.0,1992.476476416512,2051.2754089022055,0.41072060955291456,8.214412191058291e-05,0.45245944005004324,1.1016886823530647,-0.34071062860840245,False,False,1992.476476416512,True,0.75,0.5,14.447047166975883,1992.476476416512,adverse_first,volatility_stop,0.006,,8.21441219105829e-05,4.107206095529145e-05,4.107206095529145e-05,0.0,0.0,fractional_return,R,False
ETHUSD,2022-08-13 04:00:00,2022-08-13 04:30:00,2022-08-13 06:30:00,long,,,1998.95,2013.2666242675016,2073.281896403106,1969.2172414387576,r_trailing_stop,5,0.002889060745173611,0.002808384073513322,8.067667166028903e-05,,,,,0.46806401225222033,0.7315163830224544,-0.3228761966443982,,,,,,,,2022-08-13 04:00:00,2022-08-13 04:30:00,2022-08-13 06:30:00,1.0,1998.95,2013.2666242675016,2073.281896403106,0.4033833583014454,8.067667166028908e-05,0.46806401225222033,0.7315163830224544,-0.3228761966443982,False,False,2013.2666242675016,True,0.75,0.5,14.866751464996897,2013.2666242675016,adverse_first,volatility_stop,0.006,,8.067667166028903e-05,4.0338335830144515e-05,4.0338335830144515e-05,0.0,0.0,fractional_return,R,False
ETHUSD,2022-08-13 06:30:00,2022-08-13 07:00:00,2022-08-13 11:30:00,long,,,2006.65,1976.777791097574,2081.3305222560653,1976.777791097574,stop_loss,10,-0.006,-0.006080609372004105,8.060937200410519e-05,,,,,-1.0134348953340175,0.19081280593002567,-1.0712297876773713,,,,,,,,2022-08-13 06:30:00,2022-08-13 07:00:00,2022-08-13 11:30:00,1.0,2006.65,1976.777791097574,2081.3305222560653,0.40304686002052503,8.060937200410501e-05,-1.0134348953340175,0.19081280593002567,-1.0712297876773713,False,False,1976.777791097574,False,0.75,0.5,14.933499628651688,,adverse_first,volatility_stop,0.006,,8.060937200410519e-05,4.0304686002052593e-05,4.0304686002052593e-05,0.0,0.0,fractional_return,R,False
ETHUSD,2022-08-13 12:00:00,2022-08-13 12:30:00,2022-08-13 13:30:00,long,,,1972.45,1979.564210661061,2045.3042010072852,1943.308319597086,r_trailing_stop,3,0.0014647495743621316,0.0013835277653492474,8.122180901288427e-05,,,,,0.2305879608915412,0.6005144438496437,-0.2607948441861357,,,,,,,,2022-08-13 12:00:00,2022-08-13 12:30:00,2022-08-13 13:30:00,1.0,1972.45,1979.564210661061,2045.3042010072852,0.40610904506442164,8.122180901288433e-05,0.2305879608915412,0.6005144438496437,-0.2607948441861357,False,False,1979.564210661061,True,0.75,0.5,14.571578677878014,1979.564210661061,adverse_first,volatility_stop,0.006,,8.122180901288427e-05,4.0610904506442136e-05,4.0610904506442136e-05,0.0,0.0,fractional_return,R,False
ETHUSD,2022-08-17 00:00:00,2022-08-17 00:30:00,2022-08-17 05:00:00,short,,,1881.15,1910.645118381735,1807.4122040456627,1910.645118381735,stop_loss,10,-0.006,-0.006076534020673668,7.653402067366814e-05,,,,,-1.012755670112278,0.003390391545675639,-1.112048426980091,,,,,,,,2022-08-17 00:00:00,2022-08-17 00:30:00,2022-08-17 05:00:00,-1.0,1881.15,1910.645118381735,1807.4122040456627,0.38267010336834223,7.653402067366845e-05,-1.012755670112278,0.003390391545675639,-1.112048426980091,False,False,1910.645118381735,False,0.75,0.5,14.748343614058067,,adverse_first,volatility_stop,0.006,,7.653402067366814e-05,3.826701033683407e-05,3.826701033683407e-05,0.0,0.0,fractional_return,R,False
ETHUSD,2022-08-17 05:00:00,2022-08-17 05:30:00,2022-08-17 06:00:00,short,,,1912.75,1940.6705107863527,1842.9487230341183,1940.6705107863527,stop_loss,2,-0.006,-0.006082208381414066,8.220838141406554e-05,,,,,-1.0137013969023443,0.10744789101302459,-1.2822114994220917,,,,,,,,2022-08-17 05:00:00,2022-08-17 05:30:00,2022-08-17 06:00:00,-1.0,1912.75,1940.6705107863527,1842.9487230341183,0.41104190707032556,8.220838141406512e-05,-1.0137013969023443,0.10744789101302459,-1.2822114994220917,False,False,1940.6705107863527,False,0.75,0.5,13.958795705525995,,adverse_first,volatility_stop,0.006,,8.220838141406554e-05,4.110419070703277e-05,4.110419070703277e-05,0.0,0.0,fractional_return,R,False
ETHUSD,2022-08-18 00:30:00,2022-08-18 01:00:00,2022-08-18 02:00:00,long,,,1847.6,1853.6875166231791,1925.7184907834976,1816.3526036866008,r_trailing_stop,3,0.0011689005820755037,0.001097946830352859,7.095375172264475e-05,,,,,0.18299113839214315,0.5936494616687727,-0.1840153317841191,,,,,,,,2022-08-18 00:30:00,2022-08-18 01:00:00,2022-08-18 02:00:00,1.0,1847.6,1853.6875166231791,1925.7184907834976,0.35476875861322327,7.095375172264466e-05,0.18299113839214315,0.5936494616687727,-0.1840153317841191,False,False,1853.6875166231791,True,0.75,0.5,15.624966753641738,1853.6875166231791,adverse_first,volatility_stop,0.006,,7.095375172264475e-05,3.547687586132238e-05,3.547687586132238e-05,0.0,0.0,fractional_return,R,False
ETHUSD,2022-08-18 02:00:00,2022-08-18 02:30:00,2022-08-18 10:30:00,long,,,1845.35,1852.25,1923.6871519162319,1814.0151392335072,r_trailing_stop,17,0.0013212121894688664,0.0012505426557344788,7.066953373438762e-05,,,,,0.20842377595574646,0.6765627636893734,-0.3382813818446831,,,,,,,,2022-08-18 02:00:00,2022-08-18 02:30:00,2022-08-18 10:30:00,1.0,1845.35,1852.25,1923.6871519162319,0.35334766867193795,7.066953373438759e-05,0.20842377595574646,0.6765627636893734,-0.3382813818446831,False,False,1858.7167090600435,True,0.75,0.5,15.666581879913076,1858.7167090600435,adverse_first,volatility_stop,0.006,,7.066953373438762e-05,3.533476686719381e-05,3.533476686719381e-05,0.0,0.0,fractional_return,R,False
ETHUSD,2022-08-21 09:30:00,2022-08-21 10:00:00,2022-08-21 14:30:00,short,,,1617.15,1612.8,1539.5832520330791,1648.1766991867685,r_trailing_stop,10,0.0008412109790631848,0.0007786654924060809,6.254548665710394e-05,,,,,0.12977758206768014,0.5027927690952345,-0.7541891536428408,,,,,,,,2022-08-21 09:30:00,2022-08-21 10:00:00,2022-08-21 14:30:00,-1.0,1617.15,1612.8,1539.5832520330791,0.3127274332855198,6.254548665710396e-05,0.12977758206768014,0.5027927690952345,-0.7541891536428408,False,False,1609.3071545794294,True,0.75,0.5,15.51430915885904,1609.3071545794294,adverse_first,volatility_stop,0.006,,6.254548665710394e-05,3.127274332855197e-05,3.127274332855197e-05,0.0,0.0,fractional_return,R,False
ETHUSD,2022-08-21 16:00:00,2022-08-21 16:30:00,2022-08-21 21:00:00,short,,,1614.55,1643.7141841836274,1541.6395395409315,1643.7141841836274,stop_loss,10,-0.006,-0.006066432854346314,6.643285434631413e-05,,,,,-1.0110721423910523,0.04800408580555511,-1.0955218153483124,,,,,,,,2022-08-21 16:00:00,2022-08-21 16:30:00,2022-08-21 21:00:00,-1.0,1614.55,1643.7141841836274,1541.6395395409315,0.3321642717315715,6.64328543463143e-05,-1.0110721423910523,0.04800408580555511,-1.0955218153483124,False,False,1643.7141841836274,False,0.75,0.5,14.580286179000858,,adverse_first,volatility_stop,0.006,,6.643285434631413e-05,3.3216427173157065e-05,3.3216427173157065e-05,0.0,0.0,fractional_return,R,False
ETHUSD,2022-08-21 21:00:00,2022-08-21 21:30:00,2022-08-21 22:30:00,short,,,1641.15,1610.05,1568.273856458813,1670.300457416475,r_trailing_stop,3,0.0064012717651058555,0.006333712619399724,6.755914570613121e-05,,,,,1.055618769899954,2.058286741191581,-0.012006672656947768,,,,,,,,2022-08-21 21:00:00,2022-08-21 21:30:00,2022-08-21 22:30:00,-1.0,1641.15,1610.05,1568.273856458813,0.3377957285306568,6.755914570613137e-05,1.055618769899954,2.058286741191581,-0.012006672656947768,False,False,1588.4385025865902,True,0.75,0.5,14.577005173180133,1588.4385025865902,adverse_first,volatility_stop,0.006,,6.755914570613121e-05,3.3779572853065605e-05,3.3779572853065605e-05,0.0,0.0,fractional_return,R,False
ETHUSD,2022-08-21 22:30:00,2022-08-21 23:00:00,2022-08-22 00:30:00,short,,,1618.65,1611.05,1541.7750868903008,1649.3999652438797,r_trailing_stop,4,0.0014829285053932534,0.001419761604728655,6.316690066459837e-05,,,,,0.2366269341214425,0.5430900447383096,-0.4227647054849105,,,,,,,,2022-08-21 22:30:00,2022-08-21 23:00:00,2022-08-22 00:30:00,-1.0,1618.65,1611.05,1541.7750868903008,0.31583450332299157,6.316690066459832e-05,0.2366269341214425,0.5430900447383096,-0.4227647054849105,False,False,1609.6370165025278,True,0.75,0.5,15.374033005055345,1609.6370165025278,adverse_first,volatility_stop,0.006,,6.316690066459837e-05,3.158345033229919e-05,3.158345033229919e-05,0.0,0.0,fractional_return,R,False
ETHUSD,2022-08-22 01:00:00,2022-08-22 01:30:00,2022-08-22 04:30:00,short,,,1603.85,1594.25,1526.8569436414632,1634.6472225434145,r_trailing_stop,7,0.0018702985283429816,0.001807805230537088,6.249329780589371e-05,,,,,0.3013008717561813,0.600703520387941,-0.24839902329555688,,,,,,,,2022-08-22 01:00:00,2022-08-22 01:30:00,2022-08-22 04:30:00,-1.0,1603.85,1594.25,1526.8569436414632,0.31246648902946905,6.249329780589381e-05,0.3013008717561813,0.600703520387941,-0.24839902329555688,False,False,1593.0483457670537,True,0.75,0.5,15.396691534107696,1593.0483457670537,adverse_first,volatility_stop,0.006,,6.249329780589371e-05,3.124664890294686e-05,3.124664890294686e-05,0.0,0.0,fractional_return,R,False
ETHUSD,2022-08-22 04:30:00,2022-08-22 05:00:00,2022-08-22 06:30:00,short,,,1607.75,1597.884599459718,1532.3946291648317,1637.8921483340673,r_trailing_stop,4,0.0019637751956383346,0.0018997684772512624,6.400671838707218e-05,,,,,0.31662807954187705,1.0118721353888447,-0.07962272540764981,,,,,,,,2022-08-22 04:30:00,2022-08-22 05:00:00,2022-08-22 06:30:00,-1.0,1607.75,1597.884599459718,1532.3946291648317,0.32003359193536035,6.400671838707208e-05,0.31662807954187705,1.0118721353888447,-0.07962272540764981,False,False,1597.884599459718,True,0.75,0.5,15.069198919436147,1597.884599459718,adverse_first,volatility_stop,0.006,,6.400671838707218e-05,3.200335919353609e-05,3.200335919353609e-05,0.0,0.0,fractional_return,R,False
ETHUSD,2022-08-22 07:00:00,2022-08-22 07:30:00,2022-08-22 08:30:00,short,,,1572.65,1539.235040619074,1497.809114716109,1602.5863541135566,r_trailing_stop,3,0.006697200184265794,0.006634160443593252,6.303974067254237e-05,,,,,1.105693407265542,1.4129977164067848,-0.17036142680081426,,,,,,,,2022-08-22 07:00:00,2022-08-22 07:30:00,2022-08-22 08:30:00,-1.0,1572.65,1539.235040619074,1497.809114716109,0.31519870336271266,6.303974067254254e-05,1.105693407265542,1.4129977164067848,-0.17036142680081426,False,False,1539.235040619074,True,0.75,0.5,14.970081238148053,1539.235040619074,adverse_first,volatility_stop,0.006,,6.303974067254237e-05,3.1519870336271186e-05,3.1519870336271186e-05,0.0,0.0,fractional_return,R,False
ETHUSD,2022-08-26 15:00:00,2022-08-26 15:30:00,2022-08-26 16:00:00,long,,,1600.1,1570.0625674150883,1675.1935814622789,1570.0625674150883,stop_loss,2,-0.006,-0.006063924238350667,6.392423835066725e-05,,,,,-1.0106540397251111,0.15147765998768284,-1.2367901249543234,,,,,,,,2022-08-26 15:00:00,2022-08-26 15:30:00,2022-08-26 16:00:00,1.0,1600.1,1570.0625674150883,1675.1935814622789,0.31962119175333836,6.392423835066767e-05,-1.0106540397251111,0.15147765998768284,-1.2367901249543234,False,False,1570.0625674150883,False,0.75,0.5,15.019184924535011,,adverse_first,volatility_stop,0.006,,6.392423835066725e-05,3.196211917533363e-05,3.196211917533363e-05,0.0,0.0,fractional_return,R,False
ETHUSD,2022-08-26 16:00:00,2022-08-26 16:30:00,2022-08-26 17:00:00,long,,,1569.5,1575.342365560265,1647.0738754752092,1538.4704498099163,r_trailing_stop,2,0.0011297035615035322,0.0010690065810941322,6.069698040939999e-05,,,,,0.1781677635156887,0.4979124707046995,-0.07573425929812266,,,,,,,,2022-08-26 16:00:00,2022-08-26 16:30:00,2022-08-26 17:00:00,1.0,1569.5,1575.342365560265,1647.0738754752092,0.30348490204699946,6.0696980409399894e-05,0.1781677635156887,0.4979124707046995,-0.07573425929812266,False,False,1575.342365560265,True,0.75,0.5,15.51526887946955,1575.342365560265,adverse_first,volatility_stop,0.006,,6.069698040939999e-05,3.0348490204699994e-05,3.0348490204699994e-05,0.0,0.0,fractional_return,R,False
ETHUSD,2022-08-26 17:30:00,2022-08-26 18:00:00,2022-08-26 23:00:00,long,,,1568.45,1537.5650145449677,1645.6624636375811,1537.5650145449677,stop_loss,11,-0.006,-0.006060940290962427,6.0940290962426674e-05,,,,,-1.0101567151604045,0.06313747509576091,-1.963737366439898,,,,,,,,2022-08-26 17:30:00,2022-08-26 18:00:00,2022-08-26 23:00:00,1.0,1568.45,1537.5650145449677,1645.6624636375811,0.30470145481213456,6.094029096242692e-05,-1.0101567151604045,0.06313747509576091,-1.963737366439898,False,False,1537.5650145449677,False,0.75,0.5,15.441508525690525,,adverse_first,volatility_stop,0.006,,6.0940290962426674e-05,3.0470145481213337e-05,3.0470145481213337e-05,0.0,0.0,fractional_return,R,False
ETHUSD,2022-08-27 13:00:00,2022-08-27 13:30:00,2022-08-27 16:00:00,short,,,1499.25,1470.2,1427.992077149218,1527.7531691403128,r_trailing_stop,6,0.006115109486316132,0.006051990189260301,6.311929705583082e-05,,,,,1.0086650315433836,1.7857663388037373,-0.24207834455296517,,,,,,,,2022-08-27 13:00:00,2022-08-27 13:30:00,2022-08-27 16:00:00,-1.0,1499.25,1470.2,1427.992077149218,0.315596485279155,6.3119297055831e-05,1.0086650315433836,1.7857663388037373,-0.24207834455296517,False,False,1463.57484194926,True,0.75,0.5,14.249683898519622,1463.57484194926,adverse_first,volatility_stop,0.006,,6.311929705583082e-05,3.155964852791541e-05,3.155964852791541e-05,0.0,0.0,fractional_return,R,False
ETHUSD,2022-08-27 16:30:00,2022-08-27 17:00:00,2022-08-27 18:00:00,long,,,1469.75,1473.15,1542.9306998245884,1440.4777200701647,r_trailing_stop,3,0.000696905059971386,0.0006366535180953337,6.0251541876052265e-05,,,,,0.10610891968255562,0.5021815873322967,-0.1571452586209872,,,,,,,,2022-08-27 16:30:00,2022-08-27 17:00:00,2022-08-27 18:00:00,1.0,1469.75,1473.15,1542.9306998245884,0.30125770938026153,6.0251541876052306e-05,0.10610891968255562,0.5021815873322967,-0.1571452586209872,False,False,1477.1324281972807,True,0.75,0.5,14.635143605438563,1477.1324281972807,adverse_first,volatility_stop,0.006,,6.0251541876052265e-05,3.0125770938026133e-05,3.0125770938026133e-05,0.0,0.0,fractional_return,R,False
ETHUSD,2022-08-27 21:30:00,2022-08-27 22:00:00,2022-08-27 23:00:00,long,,,1462.35,1484.25,1531.5789592372253,1434.6584163051098,r_trailing_stop,3,0.004745124058189839,0.004681753901418205,6.337015677163396e-05,,,,,0.7802923169030342,1.3108676051163708,-0.12639219333077892,,,,,,,,2022-08-27 21:30:00,2022-08-27 22:00:00,2022-08-27 23:00:00,1.0,1462.35,1484.25,1531.5789592372253,0.3168507838581678,6.337015677163356e-05,0.7802923169030342,1.3108676051163708,-0.12639219333077892,False,False,1491.7247367286416,True,0.75,0.5,13.850526542716928,1491.7247367286416,adverse_first,volatility_stop,0.006,,6.337015677163396e-05,3.168507838581698e-05,3.168507838581698e-05,0.0,0.0,fractional_return,R,False
ETHUSD,2022-08-28 11:00:00,2022-08-28 11:30:00,2022-08-28 13:00:00,short,,,1480.75,1473.3469536438888,1419.7845794486348,1505.136168220546,r_trailing_stop,4,0.001821453773916144,0.001748588697946443,7.28650759697011e-05,,,,,0.2914314496577405,0.5535925069452213,-0.3321555041671291,,,,,,,,2022-08-28 11:00:00,2022-08-28 11:30:00,2022-08-28 13:00:00,-1.0,1480.75,1473.3469536438888,1419.7845794486348,0.3643253798485051,7.286507596970103e-05,0.2914314496577405,0.5535925069452213,-0.3321555041671291,False,False,1473.3469536438888,True,0.75,0.5,12.193907287777513,1473.3469536438888,adverse_first,volatility_stop,0.006,,7.28650759697011e-05,3.643253798485055e-05,3.643253798485055e-05,0.0,0.0,fractional_return,R,False
ETHUSD,2022-08-28 14:30:00,2022-08-28 15:00:00,2022-08-28 22:30:00,short,,,1475.45,1468.6710424273754,1414.7354606830515,1499.7358157267795,r_trailing_stop,16,0.0016747942870577867,0.0016018900033425946,7.290428371519212e-05,,,,,0.26698166722376576,0.5641152907576973,-0.8852904198022228,,,,,,,,2022-08-28 14:30:00,2022-08-28 15:00:00,2022-08-28 22:30:00,-1.0,1475.45,1468.6710424273754,1414.7354606830515,0.36452141857596054,7.29042837151921e-05,0.26698166722376576,0.5641152907576973,-0.8852904198022228,False,False,1468.6710424273754,True,0.75,0.5,12.142084854750884,1468.6710424273754,adverse_first,volatility_stop,0.006,,7.290428371519212e-05,3.645214185759606e-05,3.645214185759606e-05,0.0,0.0,fractional_return,R,False
ETHUSD,2022-08-28 23:30:00,2022-08-29 00:00:00,2022-08-29 00:30:00,long,,,1426.35,1432.478626178518,1487.0594849736895,1402.0662060105242,r_trailing_stop,2,0.0015142509068823797,0.0014437668630487932,7.04840438335865e-05,,,,,0.24062781050813217,0.8483023702526838,-0.1606009341740451,,,,,,,,2022-08-28 23:30:00,2022-08-29 00:00:00,2022-08-29 00:30:00,1.0,1426.35,1432.478626178518,1487.0594849736895,0.352420219167933,7.048404383358659e-05,0.24062781050813217,0.8483023702526838,-0.1606009341740451,False,False,1432.478626178518,True,0.75,0.5,12.142747642963947,1432.478626178518,adverse_first,volatility_stop,0.006,,7.04840438335865e-05,3.524202191679325e-05,3.524202191679325e-05,0.0,0.0,fractional_return,R,False
ETHUSD,2022-08-29 00:30:00,2022-08-29 01:00:00,2022-08-29 04:00:00,long,,,1431.95,1455.9710005331365,1493.7443107238971,1407.2322757104412,r_trailing_stop,7,0.005830876722728834,0.005761358186965982,6.95185357628518e-05,,,,,0.9602263644943303,1.2217953257435177,-0.14564447591645113,,,,,,,,2022-08-29 00:30:00,2022-08-29 01:00:00,2022-08-29 04:00:00,1.0,1431.95,1455.9710005331365,1493.7443107238971,0.3475926788142578,6.951853576285157e-05,0.9602263644943303,1.2217953257435177,-0.14564447591645113,False,False,1455.9710005331365,True,0.75,0.5,12.357998933727153,1455.9710005331365,adverse_first,volatility_stop,0.006,,6.95185357628518e-05,3.47592678814259e-05,3.47592678814259e-05,0.0,0.0,fractional_return,R,False
ETHUSD,2022-08-29 23:00:00,2022-08-29 23:30:00,2022-08-30 00:00:00,long,,,1544.15,1552.05,1608.3086375357584,1518.4865449856968,r_trailing_stop,2,0.0018469843586368688,0.001774781297943472,7.220306069339677e-05,,,,,0.29579688299057866,0.6156614528789665,-0.11300115274361164,,,,,,,,2022-08-29 23:00:00,2022-08-29 23:30:00,2022-08-30 00:00:00,1.0,1544.15,1552.05,1608.3086375357584,0.3610153034669837,7.220306069339675e-05,0.29579688299057866,0.6156614528789665,-0.11300115274361164,False,False,1553.53455168858,True,0.75,0.5,12.830896622840319,1553.53455168858,adverse_first,volatility_stop,0.006,,7.220306069339677e-05,3.610153034669839e-05,3.610153034669839e-05,0.0,0.0,fractional_return,R,False
ETHUSD,2022-09-06 01:00:00,2022-09-06 01:30:00,2022-09-06 02:00:00,long,,,1659.15,1638.4265634686687,1710.9585913283286,1638.4265634686687,stop_loss,2,-0.006,-0.006096073833941097,9.607383394109707e-05,,,,,-1.0160123056568495,0.27022545182278923,-1.659956346911451,,,,,,,,2022-09-06 01:00:00,2022-09-06 01:30:00,2022-09-06 02:00:00,1.0,1659.15,1638.4265634686687,1710.9585913283286,0.48036916970548615,9.607383394109724e-05,-1.0160123056568495,0.27022545182278923,-1.659956346911451,False,False,1638.4265634686687,False,0.75,0.5,10.361093566724456,,adverse_first,volatility_stop,0.006,,9.607383394109707e-05,4.8036916970548536e-05,4.8036916970548536e-05,0.0,0.0,fractional_return,R,False
ETHUSD,2022-09-06 02:00:00,2022-09-06 02:30:00,2022-09-06 03:00:00,long,,,1629.15,1641.0844605709865,1683.2987458641642,1607.4905016543344,r_trailing_stop,2,0.0033060213252929607,0.00321576161711319,9.025970817977055e-05,,,,,0.535960269518865,0.8010342494138056,-0.09695515410772969,,,,,,,,2022-09-06 02:00:00,2022-09-06 02:30:00,2022-09-06 03:00:00,1.0,1629.15,1641.0844605709865,1683.2987458641642,0.451298540898852,9.02597081797704e-05,0.535960269518865,0.8010342494138056,-0.09695515410772969,False,False,1641.0844605709865,True,0.75,0.5,10.831078858027054,1641.0844605709865,adverse_first,volatility_stop,0.006,,9.025970817977055e-05,4.512985408988528e-05,4.512985408988528e-05,0.0,0.0,fractional_return,R,False
ETHUSD,2022-09-06 03:00:00,2022-09-06 03:30:00,2022-09-06 04:30:00,long,,,1637.45,1644.7229159727904,1693.222543544881,1615.1409825820476,r_trailing_stop,3,0.0019560474143350878,0.0018679691290754787,8.807828525960902e-05,,,,,0.31132818817924646,0.6947863148614921,-0.07844361619403943,,,,,,,,2022-09-06 03:00:00,2022-09-06 03:30:00,2022-09-06 04:30:00,1.0,1637.45,1644.7229159727904,1693.222543544881,0.44039142629804523,8.807828525960904e-05,0.31132818817924646,0.6947863148614921,-0.07844361619403943,False,False,1644.7229159727904,True,0.75,0.5,11.154168054419172,1644.7229159727904,adverse_first,volatility_stop,0.006,,8.807828525960902e-05,4.403914262980451e-05,4.403914262980451e-05,0.0,0.0,fractional_return,R,False
ETHUSD,2022-09-06 05:30:00,2022-09-06 06:00:00,2022-09-06 06:30:00,long,,,1652.3000000000002,1662.2,1708.8167690180244,1629.6932923927905,r_trailing_stop,2,0.00262753873903581,0.0025398320267427,8.77067122931098e-05,,,,,0.42330533779045004,1.130195535056654,-0.09068105075797929,,,,,,,,2022-09-06 05:30:00,2022-09-06 06:00:00,2022-09-06 06:30:00,1.0,1652.3000000000002,1662.2,1708.8167690180244,0.43853356146554984,8.770671229310997e-05,0.42330533779045004,1.130195535056654,-0.09068105075797929,False,False,1662.2981520670041,True,0.75,0.5,11.303695865991928,1662.2981520670041,adverse_first,volatility_stop,0.006,,8.77067122931098e-05,4.38533561465549e-05,4.38533561465549e-05,0.0,0.0,fractional_return,R,False
ETHUSD,2022-09-06 06:30:00,2022-09-06 07:00:00,2022-09-06 11:30:00,long,,,1666.65,1665.3000000000002,1724.485426638485,1643.5158293446061,r_trailing_stop,10,-0.0003501314190448647,-0.0004365827567561513,8.645133771128659e-05,,,,,-0.07276379279269188,0.48845494261819333,-0.8234572262722751,,,,,,,,2022-09-06 06:30:00,2022-09-06 07:00:00,2022-09-06 11:30:00,1.0,1666.65,1665.3000000000002,1724.485426638485,0.43225668855643284,8.645133771128658e-05,-0.07276379279269188,0.48845494261819333,-0.8234572262722751,False,False,1672.1662838177135,True,0.75,0.5,11.567432364572987,1672.1662838177135,adverse_first,volatility_stop,0.006,,8.645133771128659e-05,4.3225668855643296e-05,4.3225668855643296e-05,0.0,0.0,fractional_return,R,False
ETHUSD,2022-09-06 11:30:00,2022-09-06 12:00:00,2022-09-06 12:30:00,long,,,1668.3,1678.9,1726.9250017003621,1644.849999319855,r_trailing_stop,2,0.0027121534394602582,0.0026267820133649466,8.53714260953117e-05,,,,,0.43779700222749107,0.7675905960736511,-0.10660980501022932,,,,,,,,2022-09-06 11:30:00,2022-09-06 12:00:00,2022-09-06 12:30:00,1.0,1668.3,1678.9,1726.9250017003621,0.42685713047655904,8.537142609531182e-05,0.43779700222749107,0.7675905960736511,-0.10660980501022932,False,False,1680.4369725501995,True,0.75,0.5,11.72605489960076,1680.4369725501995,adverse_first,volatility_stop,0.006,,8.53714260953117e-05,4.268571304765585e-05,4.268571304765585e-05,0.0,0.0,fractional_return,R,False
ETHUSD,2022-09-06 13:30:00,2022-09-06 14:00:00,2022-09-06 15:00:00,long,,,1648.8000000000002,1663.6696596782788,1710.0978256512435,1624.2808697395028,r_trailing_stop,3,0.0036387081075796154,0.0035580135650334775,8.069454254613787e-05,,,,,0.5930022608389129,0.9584353013475556,-0.5424335960818207,,,,,,,,2022-09-06 13:30:00,2022-09-06 14:00:00,2022-09-06 15:00:00,1.0,1648.8000000000002,1663.6696596782788,1710.0978256512435,0.4034727127306897,8.069454254613794e-05,0.5930022608389129,0.9584353013475556,-0.5424335960818207,False,False,1663.6696596782788,True,0.75,0.5,12.26068064344217,1663.6696596782788,adverse_first,volatility_stop,0.006,,8.069454254613787e-05,4.0347271273068934e-05,4.0347271273068934e-05,0.0,0.0,fractional_return,R,False
ETHUSD,2022-09-06 15:00:00,2022-09-06 15:30:00,2022-09-06 16:00:00,long,,,1662.55,1666.7731529114035,1725.812762071914,1637.2448951712342,r_trailing_stop,2,0.0010013361983632737,0.0009224959796208438,7.884021874242993e-05,,,,,0.1537493299368073,0.4761885035268479,-0.44259844311209445,,,,,,,,2022-09-06 15:00:00,2022-09-06 15:30:00,2022-09-06 16:00:00,1.0,1662.55,1666.7731529114035,1725.812762071914,0.39420109371214945,7.884021874242989e-05,0.1537493299368073,0.4761885035268479,-0.44259844311209445,False,False,1666.7731529114035,True,0.75,0.5,12.653694177192707,1666.7731529114035,adverse_first,volatility_stop,0.006,,7.884021874242993e-05,3.9420109371214964e-05,3.9420109371214964e-05,0.0,0.0,fractional_return,R,False
ETHUSD,2022-09-06 16:00:00,2022-09-06 16:30:00,2022-09-06 17:00:00,long,,,1656.45,1661.1148523356298,1720.799534526933,1630.7101861892268,r_trailing_stop,2,0.001087386032375385,0.0010101616975525726,7.722433482281236e-05,,,,,0.16836028292542876,0.43123855058167826,-2.5136156957328164,,,,,,,,2022-09-06 16:00:00,2022-09-06 16:30:00,2022-09-06 17:00:00,1.0,1656.45,1661.1148523356298,1720.799534526933,0.386121674114062,7.722433482281241e-05,0.16836028292542876,0.43123855058167826,-2.5136156957328164,False,False,1661.1148523356298,True,0.75,0.5,12.870295328740745,1661.1148523356298,adverse_first,volatility_stop,0.006,,7.722433482281236e-05,3.861216741140618e-05,3.861216741140618e-05,0.0,0.0,fractional_return,R,False
ETHUSD,2022-09-07 16:00:00,2022-09-07 16:30:00,2022-09-07 17:30:00,short,,,1543.85,1570.5112150146624,1477.1969624633434,1570.5112150146624,stop_loss,3,-0.005999999999999999,-0.006069487455803537,6.948745580353816e-05,,,,,-1.011581242633923,0.015003067181292415,-1.1289808053926444,,,,,,,,2022-09-07 16:00:00,2022-09-07 16:30:00,2022-09-07 17:30:00,-1.0,1543.85,1570.5112150146624,1477.1969624633434,0.3474372790176917,6.948745580353835e-05,-1.011581242633923,0.015003067181292415,-1.1289808053926444,False,False,1570.5112150146624,False,0.75,0.5,13.331039716462605,,adverse_first,volatility_stop,0.006,,6.948745580353816e-05,3.474372790176908e-05,3.474372790176908e-05,0.0,0.0,fractional_return,R,False
ETHUSD,2022-09-07 20:00:00,2022-09-07 20:30:00,2022-09-07 21:00:00,long,,,1637.65,1639.6999999999998,1711.074350901507,1608.2802596393974,r_trailing_stop,2,0.00041879839075791833,0.0003518866654286696,6.691172532924871e-05,,,,,0.05864777757144494,0.5515881244129385,-0.3285694691719115,,,,,,,,2022-09-07 20:00:00,2022-09-07 20:30:00,2022-09-07 21:00:00,1.0,1637.65,1639.6999999999998,1711.074350901507,0.33455862664624353,6.691172532924871e-05,0.05864777757144494,0.5515881244129385,-0.3285694691719115,False,False,1646.5071164006104,True,0.75,0.5,14.685767198779148,1646.5071164006104,adverse_first,volatility_stop,0.006,,6.691172532924871e-05,3.345586266462436e-05,3.345586266462436e-05,0.0,0.0,fractional_return,R,False
ETHUSD,2022-09-08 00:30:00,2022-09-08 01:00:00,2022-09-08 05:00:00,long,,,1627.85,1639.6358624364027,1701.9868179596028,1598.1952728161586,r_trailing_stop,9,0.0023846172713046726,0.0023187451427940987,6.587212851057395e-05,,,,,0.38645752379901643,0.6474515810235492,-0.4316343873490302,,,,,,,,2022-09-08 00:30:00,2022-09-08 01:00:00,2022-09-08 05:00:00,1.0,1627.85,1639.6358624364027,1701.9868179596028,0.3293606425528704,6.587212851057409e-05,0.38645752379901643,0.6474515810235492,-0.4316343873490302,False,False,1639.6358624364027,True,0.75,0.5,14.828275127194589,1639.6358624364027,adverse_first,volatility_stop,0.006,,6.587212851057395e-05,3.2936064255286975e-05,3.2936064255286975e-05,0.0,0.0,fractional_return,R,False
ETHUSD,2022-09-08 07:00:00,2022-09-08 07:30:00,2022-09-08 08:00:00,long,,,1602.65,1606.8249294861073,1672.9050914164168,1574.5479634334333,r_trailing_stop,2,0.000891379415057935,0.0008229438055801497,6.843560947778534e-05,,,,,0.13715730093002496,0.5070806867055802,-0.12810459453615142,,,,,,,,2022-09-08 07:00:00,2022-09-08 07:30:00,2022-09-08 08:00:00,1.0,1602.65,1606.8249294861073,1672.9050914164168,0.3421780473889266,6.843560947778533e-05,0.13715730093002496,0.5070806867055802,-0.12810459453615142,False,False,1606.8249294861073,True,0.75,0.5,14.050141027785218,1606.8249294861073,adverse_first,volatility_stop,0.006,,6.843560947778534e-05,3.421780473889267e-05,3.421780473889267e-05,0.0,0.0,fractional_return,R,False
ETHUSD,2022-09-08 10:00:00,2022-09-08 10:30:00,2022-09-08 11:30:00,long,,,1633.65,1635.45,1703.3442381681875,1605.7723047327252,r_trailing_stop,3,0.0003874064873891513,0.0003170857531532316,7.03207342359197e-05,,,,,0.0528476255255386,0.3820258417309585,-0.16500646685093745,,,,,,,,2022-09-08 10:00:00,2022-09-08 10:30:00,2022-09-08 11:30:00,1.0,1633.65,1635.45,1703.3442381681875,0.3516036711795985,7.032073423591971e-05,0.0528476255255386,0.3820258417309585,-0.16500646685093745,False,False,1637.3310025764217,True,0.75,0.5,13.937994847156567,1637.3310025764217,adverse_first,volatility_stop,0.006,,7.03207342359197e-05,3.516036711795985e-05,3.516036711795985e-05,0.0,0.0,fractional_return,R,False
ETHUSD,2022-09-08 12:00:00,2022-09-08 12:30:00,2022-09-08 13:00:00,long,,,1627.85,1600.1967969059942,1696.9830077350139,1600.1967969059942,stop_loss,2,-0.006000000000000039,-0.006070639918036277,7.063991803623812e-05,,,,,-1.0117733196727128,0.021697305659690365,-1.0559355421046843,,,,,,,,2022-09-08 12:00:00,2022-09-08 12:30:00,2022-09-08 13:00:00,1.0,1627.85,1600.1967969059942,1696.9830077350139,0.35319959018119046,7.063991803623809e-05,-1.0117733196727128,0.021697305659690365,-1.0559355421046843,False,False,1600.1967969059942,False,0.75,0.5,13.82745032299048,,adverse_first,volatility_stop,0.006,,7.063991803623812e-05,3.531995901811906e-05,3.531995901811906e-05,0.0,0.0,fractional_return,R,False
ETHUSD,2022-09-08 13:00:00,2022-09-08 13:30:00,2022-09-08 14:00:00,long,,,1613.95,1635.45,1684.5786958123092,1585.6985216750763,r_trailing_stop,2,0.004566132735298152,0.00449757915457132,6.855358072683192e-05,,,,,0.7495965257618866,1.1433030027141837,-0.25485392010966523,,,,,,,,2022-09-08 13:00:00,2022-09-08 13:30:00,2022-09-08 14:00:00,1.0,1613.95,1635.45,1684.5786958123092,0.3427679036341602,6.855358072683204e-05,0.7495965257618866,1.1433030027141837,-0.25485392010966523,False,False,1639.188880693688,True,0.75,0.5,14.122238612624122,1639.188880693688,adverse_first,volatility_stop,0.006,,6.855358072683192e-05,3.427679036341596e-05,3.427679036341596e-05,0.0,0.0,fractional_return,R,False
ETHUSD,2022-09-08 14:00:00,2022-09-08 14:30:00,2022-09-08 15:30:00,long,,,1636.45,1637.35,1710.7834058444016,1606.7166376622395,r_trailing_stop,3,0.00018161417261378172,0.00011556916977513204,6.604500283864968e-05,,,,,0.01926152829585534,0.615470251635801,-0.302690287689739,,,,,,,,2022-09-08 14:00:00,2022-09-08 14:30:00,2022-09-08 15:30:00,1.0,1636.45,1637.35,1710.7834058444016,0.3302250141932484,6.604500283864968e-05,0.01926152829585534,0.615470251635801,-0.302690287689739,False,False,1647.3162054914742,True,0.75,0.5,14.867589017051513,1647.3162054914742,adverse_first,volatility_stop,0.006,,6.604500283864968e-05,3.302250141932484e-05,3.302250141932484e-05,0.0,0.0,fractional_return,R,False
ETHUSD,2022-09-08 19:30:00,2022-09-08 20:00:00,2022-09-08 20:30:00,long,,,1649.75,1643.25,1724.5164864500985,1619.8434054199606,r_trailing_stop,2,-0.0013040602097180725,-0.0013702563122098392,6.619610249176673e-05,,,,,-0.2283760520349732,0.3979055511703941,-0.31096820385585033,,,,,,,,2022-09-08 19:30:00,2022-09-08 20:00:00,2022-09-08 20:30:00,1.0,1649.75,1643.25,1724.5164864500985,0.33098051245883325,6.619610249176665e-05,-0.2283760520349732,0.3979055511703941,-0.31096820385585033,False,False,1654.1728977804044,True,0.75,0.5,14.954204439191647,1654.1728977804044,adverse_first,volatility_stop,0.006,,6.619610249176673e-05,3.3098051245883365e-05,3.3098051245883365e-05,0.0,0.0,fractional_return,R,False
ETHUSD,2022-09-09 04:00:00,2022-09-09 04:30:00,2022-09-09 06:00:00,long,,,1696.05,1707.65,1767.763520543184,1667.3645917827264,r_trailing_stop,4,0.0024263207088713943,0.0023553696530389584,7.095105583243598e-05,,,,,0.3925616088398264,0.6658437577506268,-0.18127683457085156,,,,,,,,2022-09-09 04:00:00,2022-09-09 04:30:00,2022-09-09 06:00:00,1.0,1696.05,1707.65,1767.763520543184,0.35475527916217975,7.095105583243596e-05,0.3925616088398264,0.6658437577506268,-0.18127683457085156,False,False,1707.9782251488036,True,0.75,0.5,14.343549702393146,1707.9782251488036,adverse_first,volatility_stop,0.006,,7.095105583243598e-05,3.547552791621799e-05,3.547552791621799e-05,0.0,0.0,fractional_return,R,False
ETHUSD,2022-09-14 07:30:00,2022-09-14 08:00:00,2022-09-14 18:00:00,long,,,1611.85,1579.9573860724456,1691.5815348188858,1579.9573860724456,stop_loss,21,-0.006,-0.006060647898111885,6.064789811188482e-05,,,,,-1.0101079830186475,0.03762626678157855,-1.6304715605350086,,,,,,,,2022-09-14 07:30:00,2022-09-14 08:00:00,2022-09-14 18:00:00,1.0,1611.85,1579.9573860724456,1691.5815348188858,0.303239490559425,6.0647898111885e-05,-1.0101079830186475,0.03762626678157855,-1.6304715605350086,False,False,1579.9573860724456,False,0.75,0.5,15.947296579297472,,adverse_first,volatility_stop,0.006,,6.064789811188482e-05,3.032394905594241e-05,3.032394905594241e-05,0.0,0.0,fractional_return,R,False
ETHUSD,2022-09-14 18:00:00,2022-09-14 18:30:00,2022-09-14 21:00:00,long,,,1584.55,1596.5629260879707,1664.4459509937558,1552.5916196024975,r_trailing_stop,6,0.0022553569871600026,0.002195858978301312,5.9498008858690533e-05,,,,,0.365976496383552,0.6258139414838124,-0.3129069707419062,,,,,,,,2022-09-14 18:00:00,2022-09-14 18:30:00,2022-09-14 21:00:00,1.0,1584.55,1596.5629260879707,1664.4459509937558,0.2974900442934533,5.949800885869067e-05,0.365976496383552,0.6258139414838124,-0.3129069707419062,False,False,1596.5629260879707,True,0.75,0.5,15.974147824058422,1596.5629260879707,adverse_first,volatility_stop,0.006,,5.9498008858690533e-05,2.9749004429345267e-05,2.9749004429345267e-05,0.0,0.0,fractional_return,R,False
ETHUSD,2022-09-14 21:30:00,2022-09-14 22:00:00,2022-09-14 23:00:00,long,,,1621.9,1639.245151387652,1699.9725541384892,1590.6709783446045,r_trailing_stop,3,0.0033325062012607223,0.0032701834035286413,6.232279773208099e-05,,,,,0.5450305672547735,0.8053406308248707,-0.18412360346890783,,,,,,,,2022-09-14 21:30:00,2022-09-14 22:00:00,2022-09-14 23:00:00,1.0,1621.9,1639.245151387652,1699.9725541384892,0.3116139886604052,6.232279773208104e-05,0.5450305672547735,0.8053406308248707,-0.18412360346890783,False,False,1639.245151387652,True,0.75,0.5,15.60969722469583,1639.245151387652,adverse_first,volatility_stop,0.006,,6.232279773208099e-05,3.116139886604049e-05,3.116139886604049e-05,0.0,0.0,fractional_return,R,False
ETHUSD,2022-09-14 23:00:00,2022-09-14 23:30:00,2022-09-15 00:30:00,long,,,1629.75,1643.95,1709.008992554387,1598.0464029782452,r_trailing_stop,3,0.0026873922205589832,0.0026257052139187585,6.168700664022477e-05,,,,,0.43761753565312644,0.7538576768938883,-0.0788554055328332,,,,,,,,2022-09-14 23:00:00,2022-09-14 23:30:00,2022-09-15 00:30:00,1.0,1629.75,1643.95,1709.008992554387,0.30843503320112375,6.168700664022475e-05,0.43761753565312644,0.7538576768938883,-0.0788554055328332,False,False,1645.7236147507977,True,0.75,0.5,15.852770498404903,1645.7236147507977,adverse_first,volatility_stop,0.006,,6.168700664022477e-05,3.0843503320112384e-05,3.0843503320112384e-05,0.0,0.0,fractional_return,R,False
ETHUSD,2022-09-15 00:30:00,2022-09-15 01:00:00,2022-09-15 03:00:00,long,,,1628.35,1596.481333515793,1708.0216662105172,1596.481333515793,stop_loss,5,-0.006,-0.006061314771390524,6.131477139052419e-05,,,,,-1.0102191285650874,0.06589544626979707,-1.3806664932718489,,,,,,,,2022-09-15 00:30:00,2022-09-15 01:00:00,2022-09-15 03:00:00,1.0,1628.35,1596.481333515793,1708.0216662105172,0.3065738569526198,6.131477139052396e-05,-1.0102191285650874,0.06589544626979707,-1.3806664932718489,False,False,1596.481333515793,False,0.75,0.5,15.935311699362451,,adverse_first,volatility_stop,0.006,,6.131477139052419e-05,3.065738569526209e-05,3.065738569526209e-05,0.0,0.0,fractional_return,R,False
ETHUSD,2022-09-16 08:30:00,2022-09-16 09:00:00,2022-09-16 11:00:00,long,,,1451.55,1465.9263047865732,1532.7925506818108,1419.0529797272757,r_trailing_stop,5,0.0026543303969268307,0.002600729790305614,5.36006066212168e-05,,,,,0.43345496505093556,0.6923711716081526,-0.027694846864321904,,,,,,,,2022-09-16 08:30:00,2022-09-16 09:00:00,2022-09-16 11:00:00,1.0,1451.55,1465.9263047865732,1532.7925506818108,0.26800303310608337,5.3600606621216674e-05,0.43345496505093556,0.6923711716081526,-0.027694846864321904,False,False,1465.9263047865732,True,0.75,0.5,16.247390426853737,1465.9263047865732,adverse_first,volatility_stop,0.006,,5.36006066212168e-05,2.68003033106084e-05,2.68003033106084e-05,0.0,0.0,fractional_return,R,False
ETHUSD,2022-09-16 11:30:00,2022-09-16 12:00:00,2022-09-16 13:30:00,long,,,1478.65,1447.6941828163342,1556.039542959165,1447.6941828163342,stop_loss,4,-0.006,-0.0060573197596261895,5.731975962618933e-05,,,,,-1.0095532932710316,0.006460821202463681,-1.7185784398569035,,,,,,,,2022-09-16 11:30:00,2022-09-16 12:00:00,2022-09-16 13:30:00,1.0,1478.65,1447.6941828163342,1556.039542959165,0.2865987981309479,5.7319759626189585e-05,-1.0095532932710316,0.006460821202463681,-1.7185784398569035,False,False,1447.6941828163342,False,0.75,0.5,15.478955723080743,,adverse_first,volatility_stop,0.006,,5.731975962618933e-05,2.8659879813094664e-05,2.8659879813094664e-05,0.0,0.0,fractional_return,R,False
ETHUSD,2022-09-16 13:30:00,2022-09-16 14:00:00,2022-09-16 14:30:00,long,,,1430.75,1438.45,1509.7985100692604,1399.1305959722959,r_trailing_stop,2,0.001461128108534892,0.0014068291723975854,5.4298936137306495e-05,,,,,0.2344715287329309,0.8886948019443812,-0.16761859253755143,,,,,,,,2022-09-16 13:30:00,2022-09-16 14:00:00,2022-09-16 14:30:00,1.0,1430.75,1438.45,1509.7985100692604,0.2714946806865326,5.429893613730652e-05,0.2344715287329309,0.8886948019443812,-0.16761859253755143,False,False,1447.9445964444235,True,0.75,0.5,15.810807111152997,1447.9445964444235,adverse_first,volatility_stop,0.006,,5.4298936137306495e-05,2.7149468068653248e-05,2.7149468068653248e-05,0.0,0.0,fractional_return,R,False
ETHUSD,2022-09-16 14:30:00,2022-09-16 15:00:00,2022-09-16 16:00:00,long,,,1447.0,1414.5807271711528,1528.048182072118,1414.5807271711528,stop_loss,3,-0.006,-0.006053560732505231,5.356073250523119e-05,,,,,-1.008926788750872,0.30383161436104844,-1.0364205322366795,,,,,,,,2022-09-16 14:30:00,2022-09-16 15:00:00,2022-09-16 16:00:00,1.0,1447.0,1414.5807271711528,1528.048182072118,0.26780366252615706,5.3560732505231414e-05,-1.008926788750872,0.30383161436104844,-1.0364205322366795,False,False,1414.5807271711528,False,0.75,0.5,16.211316366552502,,adverse_first,volatility_stop,0.006,,5.356073250523119e-05,2.6780366252615595e-05,2.6780366252615595e-05,0.0,0.0,fractional_return,R,False
ETHUSD,2022-09-16 16:00:00,2022-09-16 16:30:00,2022-09-16 19:30:00,long,,,1424.35,1429.6309443760645,1507.5463963347952,1391.0714414660818,r_trailing_stop,7,0.0009521345771059522,0.0009007735784539844,5.136099865196784e-05,,,,,0.1501289297423307,0.40867154706051195,-0.5484011569010492,,,,,,,,2022-09-16 16:00:00,2022-09-16 16:30:00,2022-09-16 19:30:00,1.0,1424.35,1429.6309443760645,1507.5463963347952,0.2568049932598391,5.136099865196782e-05,0.1501289297423307,0.40867154706051195,-0.5484011569010492,False,False,1429.6309443760645,True,0.75,0.5,16.63811124787128,1429.6309443760645,adverse_first,volatility_stop,0.006,,5.136099865196784e-05,2.568049932598392e-05,2.568049932598392e-05,0.0,0.0,fractional_return,R,False
ETHUSD,2022-09-17 00:00:00,2022-09-17 00:30:00,2022-09-17 10:30:00,long,,,1448.8,1417.6585817053913,1526.6535457365214,1417.6585817053913,stop_loss,20,-0.006000000000000031,-0.006055827900436441,5.582790043640994e-05,,,,,-1.0093046500727403,0.24404797264214123,-1.0195425172878743,,,,,,,,2022-09-17 00:00:00,2022-09-17 00:30:00,2022-09-17 10:30:00,1.0,1448.8,1417.6585817053913,1526.6535457365214,0.27913950218204914,5.582790043640983e-05,-1.0093046500727403,0.24404797264214123,-1.0195425172878743,False,False,1417.6585817053913,False,0.75,0.5,15.571246881007296,,adverse_first,volatility_stop,0.006,,5.582790043640994e-05,2.791395021820497e-05,2.791395021820497e-05,0.0,0.0,fractional_return,R,False
ETHUSD,2022-09-27 17:30:00,2022-09-27 18:00:00,2022-09-27 18:30:00,short,,,1314.15,1311.9,1258.297453142563,1336.491018742975,r_trailing_stop,2,0.0006042696689579165,0.0005336829146947125,7.058675426320396e-05,,,,,0.08894715244911874,0.4520832338129634,-0.5057960932758808,,,,,,,,2022-09-27 17:30:00,2022-09-27 18:00:00,2022-09-27 18:30:00,-1.0,1314.15,1311.9,1258.297453142563,0.35293377131601994,7.0586754263204e-05,0.08894715244911874,0.4520832338129634,-0.5057960932758808,False,False,1309.6356799982902,True,0.75,0.5,11.171359996580447,1309.6356799982902,adverse_first,volatility_stop,0.006,,7.058675426320396e-05,3.529337713160198e-05,3.529337713160198e-05,0.0,0.0,fractional_return,R,False
ETHUSD,2022-09-27 18:30:00,2022-09-27 19:00:00,2022-09-27 20:00:00,short,,,1323.45,1324.65,1266.9005137426313,1346.0697945029476,r_trailing_stop,3,-0.00031830527899192403,-0.00038851546590556096,7.021018691363693e-05,,,,,-0.06475257765092683,0.5039833584038336,-0.35367253221321376,,,,,,,,2022-09-27 18:30:00,2022-09-27 19:00:00,2022-09-27 20:00:00,-1.0,1323.45,1324.65,1266.9005137426313,0.3510509345681847,7.021018691363695e-05,-0.06475257765092683,0.5039833584038336,-0.35367253221321376,False,False,1317.704521317805,True,0.75,0.5,11.309042635610332,1317.704521317805,adverse_first,volatility_stop,0.006,,7.021018691363693e-05,3.5105093456818466e-05,3.5105093456818466e-05,0.0,0.0,fractional_return,R,False
ETHUSD,2022-09-28 01:00:00,2022-09-28 01:30:00,2022-09-28 03:00:00,short,,,1313.25,1277.15,1257.9044414490927,1335.388223420363,r_trailing_stop,4,0.009783982927951166,0.00971279835410002,7.11845738511456e-05,,,,,1.6187997256833366,2.0643029538659734,-0.2348878634595874,,,,,,,,2022-09-28 01:00:00,2022-09-28 01:30:00,2022-09-28 03:00:00,-1.0,1313.25,1277.15,1257.9044414490927,0.3559228692557313,7.118457385114626e-05,1.6187997256833366,2.0643029538659734,-0.2348878634595874,False,False,1273.0849772714998,True,0.75,0.5,11.06995454299964,1273.0849772714998,adverse_first,volatility_stop,0.006,,7.11845738511456e-05,3.55922869255728e-05,3.55922869255728e-05,0.0,0.0,fractional_return,R,False
ETHUSD,2022-09-28 06:00:00,2022-09-28 06:30:00,2022-09-28 10:00:00,long,,,1285.55,1263.2658701615408,1341.260324596148,1263.2658701615408,stop_loss,8,-0.006,-0.006069226844897376,6.922684489737551e-05,,,,,-1.011537807482896,0.6551747860848774,-1.3911245457966446,,,,,,,,2022-09-28 06:00:00,2022-09-28 06:30:00,2022-09-28 10:00:00,1.0,1285.55,1263.2658701615408,1341.260324596148,0.3461342244868793,6.922684489737586e-05,-1.011537807482896,0.6551747860848774,-1.3911245457966446,False,False,1263.2658701615408,False,0.75,0.5,11.141198594408896,,adverse_first,volatility_stop,0.006,,6.922684489737551e-05,3.4613422448687755e-05,3.4613422448687755e-05,0.0,0.0,fractional_return,R,False
ETHUSD,2022-09-29 00:30:00,2022-09-29 01:00:00,2022-09-29 02:00:00,long,,,1334.2,1344.55,1393.4220756011084,1310.5111697595567,r_trailing_stop,3,0.0026214886665859283,0.002553902382934548,6.758628365138028e-05,,,,,0.425650397155758,0.7450768915497746,-0.15408105689273463,,,,,,,,2022-09-29 00:30:00,2022-09-29 01:00:00,2022-09-29 02:00:00,1.0,1334.2,1344.55,1393.4220756011084,0.3379314182569016,6.758628365138032e-05,0.425650397155758,0.7450768915497746,-0.15408105689273463,False,False,1345.9275702198172,True,0.75,0.5,11.84485956036523,1345.9275702198172,adverse_first,volatility_stop,0.006,,6.758628365138028e-05,3.379314182569014e-05,3.379314182569014e-05,0.0,0.0,fractional_return,R,False
ETHUSD,2022-09-30 00:30:00,2022-09-30 01:00:00,2022-09-30 09:00:00,long,,,1337.6,1343.8102529540442,1395.9952895104884,1314.2418841958045,r_trailing_stop,17,0.0015952278872413857,0.0015265100157548636,6.87178714865221e-05,,,,,0.2544183359591439,0.5158806515479228,-0.7042520097894696,,,,,,,,2022-09-30 00:30:00,2022-09-30 01:00:00,2022-09-30 09:00:00,1.0,1337.6,1343.8102529540442,1395.9952895104884,0.3435893574326104,6.871787148652208e-05,0.2544183359591439,0.5158806515479228,-0.7042520097894696,False,False,1343.8102529540442,True,0.75,0.5,11.67949409191156,1343.8102529540442,adverse_first,volatility_stop,0.006,,6.87178714865221e-05,3.435893574326105e-05,3.435893574326105e-05,0.0,0.0,fractional_return,R,False
ETHUSD,2022-10-03 14:00:00,2022-10-03 14:30:00,2022-10-03 15:30:00,long,,,1318.0,1323.9939318714457,1355.0649002445862,1303.1740399021655,r_trailing_stop,3,0.002425717524622736,0.0023190397789952526,0.00010667774562748327,,,,,0.3865066298325421,0.6542577975382946,-0.10454634909118501,,,,,,,,2022-10-03 14:00:00,2022-10-03 14:30:00,2022-10-03 15:30:00,1.0,1318.0,1323.9939318714457,1355.0649002445862,0.5333887281374156,0.00010667774562748312,0.3865066298325421,0.6542577975382946,-0.10454634909118501,False,False,1323.9939318714457,True,0.75,0.5,7.412136257107981,1323.9939318714457,adverse_first,volatility_stop,0.006,,0.00010667774562748327,5.3338872813741634e-05,5.3338872813741634e-05,0.0,0.0,fractional_return,R,False
ETHUSD,2022-10-03 15:30:00,2022-10-03 16:00:00,2022-10-03 17:30:00,long,,,1319.2,1324.2217028690063,1356.4843835279346,1304.2862465888263,r_trailing_stop,4,0.002020297398203104,0.0019141510810181935,0.0001061463171849106,,,,,0.3190251801696989,0.6805798460094726,-0.2581509760725712,,,,,,,,2022-10-03 15:30:00,2022-10-03 16:00:00,2022-10-03 17:30:00,1.0,1319.2,1324.2217028690063,1356.4843835279346,0.5307315859245534,0.00010614631718491068,0.3190251801696989,0.6805798460094726,-0.2581509760725712,False,False,1324.2217028690063,True,0.75,0.5,7.4565942619875045,1324.2217028690063,adverse_first,volatility_stop,0.006,,0.0001061463171849106,5.30731585924553e-05,5.30731585924553e-05,0.0,0.0,fractional_return,R,False
ETHUSD,2022-10-03 18:00:00,2022-10-03 18:30:00,2022-10-04 00:00:00,long,,,1321.95,1323.4,1359.01917300832,1307.122330796672,r_trailing_stop,12,0.0005867409018031828,0.000479755779715083,0.00010698512208809981,,,,,0.0799592966191805,0.579996753506591,-0.8362743887769601,,,,,,,,2022-10-03 18:00:00,2022-10-03 18:30:00,2022-10-04 00:00:00,1.0,1321.95,1323.4,1359.01917300832,0.5349256104404989,0.00010698512208809978,0.0799592966191805,0.579996753506591,-0.8362743887769601,False,False,1324.042802137089,True,0.75,0.5,7.414395725821994,1324.042802137089,adverse_first,volatility_stop,0.006,,0.00010698512208809981,5.3492561044049904e-05,5.3492561044049904e-05,0.0,0.0,fractional_return,R,False
ETHUSD,2022-10-04 19:00:00,2022-10-04 19:30:00,2022-10-04 20:30:00,short,,,1352.3,1366.1440680736675,1317.689829815831,1366.1440680736675,stop_loss,3,-0.006,-0.006117216990798146,0.00011721699079814563,,,,,-1.0195361651330244,0.2492042065700467,-1.2243511018441295,,,,,,,,2022-10-04 19:00:00,2022-10-04 19:30:00,2022-10-04 20:30:00,-1.0,1352.3,1366.1440680736675,1317.689829815831,0.5860849539907299,0.00011721699079814599,-1.0195361651330244,0.2492042065700467,-1.2243511018441295,False,False,1366.1440680736675,False,0.75,0.5,6.922290129938954,,adverse_first,volatility_stop,0.006,,0.00011721699079814563,5.8608495399072816e-05,5.8608495399072816e-05,0.0,0.0,fractional_return,R,False
ETHUSD,2022-10-04 20:30:00,2022-10-04 21:00:00,2022-10-04 23:00:00,short,,,1362.1999999999998,1359.570735804401,1326.488708357606,1376.4845166569573,r_trailing_stop,5,0.0011043835470561257,0.0009899491535616972,0.00011443439349442851,,,,,0.16499152559361616,0.434036387012087,-0.16101349840772716,,,,,,,,2022-10-04 20:30:00,2022-10-04 21:00:00,2022-10-04 23:00:00,-1.0,1362.1999999999998,1359.570735804401,1326.488708357606,0.5721719674721424,0.00011443439349442848,0.16499152559361616,0.434036387012087,-0.16101349840772716,False,False,1359.570735804401,True,0.75,0.5,7.141471608802195,1359.570735804401,adverse_first,volatility_stop,0.006,,0.00011443439349442851,5.7217196747214255e-05,5.7217196747214255e-05,0.0,0.0,fractional_return,R,False
ETHUSD,2022-10-05 00:00:00,2022-10-05 00:30:00,2022-10-05 01:00:00,short,,,1358.9499999999998,1356.0637881472771,1324.3108442889525,1372.8056622844188,r_trailing_stop,2,0.0012498335164974398,0.0011321386732972118,0.00011769484320022796,,,,,0.18868977888286861,0.45829638956635455,-0.08299855874037118,,,,,,,,2022-10-05 00:00:00,2022-10-05 00:30:00,2022-10-05 01:00:00,-1.0,1358.9499999999998,1356.0637881472771,1324.3108442889525,0.58847421600114,0.00011769484320022801,0.18868977888286861,0.45829638956635455,-0.08299855874037118,False,False,1356.0637881472771,True,0.75,0.5,6.927576294554457,1356.0637881472771,adverse_first,volatility_stop,0.006,,0.00011769484320022796,5.884742160011398e-05,5.884742160011398e-05,0.0,0.0,fractional_return,R,False
ETHUSD,2022-10-05 17:00:00,2022-10-05 17:30:00,2022-10-05 18:00:00,short,,,1354.15,1351.779172362706,1318.8595796763898,1368.2661681294442,r_trailing_stop,2,0.0010077073107462753,0.0008925925016069207,0.00011511480913935462,,,,,0.14876541693448678,0.7579960724384934,-0.08500890532019163,,,,,,,,2022-10-05 17:00:00,2022-10-05 17:30:00,2022-10-05 18:00:00,-1.0,1354.15,1351.779172362706,1318.8595796763898,0.5755740456967728,0.00011511480913935457,0.14876541693448678,0.7579960724384934,-0.08500890532019163,False,False,1351.779172362706,True,0.75,0.5,7.0583447254120655,1351.779172362706,adverse_first,volatility_stop,0.006,,0.00011511480913935462,5.755740456967731e-05,5.755740456967731e-05,0.0,0.0,fractional_return,R,False
ETHUSD,2022-10-06 00:00:00,2022-10-06 00:30:00,2022-10-06 00:30:00,short,,,1363.9,1378.232414910663,1328.0689627233428,1378.232414910663,stop_loss,1,-0.006,-0.0061141942938577895,0.00011419429385778942,,,,,-1.0190323823096317,0.12210084698971758,-1.1058848141640072,,,,,,,,2022-10-06 00:00:00,2022-10-06 00:30:00,2022-10-06 00:30:00,-1.0,1363.9,1378.232414910663,1328.0689627233428,0.5709714692889457,0.00011419429385778915,-1.0190323823096317,0.12210084698971758,-1.1058848141640072,False,False,1378.232414910663,False,0.75,0.5,7.165945040040499,,adverse_first,volatility_stop,0.006,,0.00011419429385778942,5.709714692889471e-05,5.709714692889471e-05,0.0,0.0,fractional_return,R,False
ETHUSD,2022-10-06 01:00:00,2022-10-06 01:30:00,2022-10-06 06:30:00,short,,,1373.3,1367.942355163509,1336.3751030973624,1388.069958761055,r_trailing_stop,11,0.0021764359358745246,0.002064860810536647,0.0001115751253378777,,,,,0.3441434684227745,0.6668942113753282,-0.7312139576501098,,,,,,,,2022-10-06 01:00:00,2022-10-06 01:30:00,2022-10-06 06:30:00,-1.0,1373.3,1367.942355163509,1336.3751030973624,0.5578756266893888,0.00011157512533787777,0.3441434684227745,0.6668942113753282,-0.7312139576501098,False,False,1367.942355163509,True,0.75,0.5,7.384710327017989,1367.942355163509,adverse_first,volatility_stop,0.006,,0.0001115751253378777,5.578756266893885e-05,5.578756266893885e-05,0.0,0.0,fractional_return,R,False
ETHUSD,2022-10-06 07:30:00,2022-10-06 08:00:00,2022-10-06 08:30:00,short,,,1368.7,1360.9445383789723,1332.7559307257645,1383.0776277096943,r_trailing_stop,2,0.0032364706240648484,0.0031222348103991087,0.00011423581366573968,,,,,0.5203724683998514,0.9354811705780401,-0.1321497564385236,,,,,,,,2022-10-06 07:30:00,2022-10-06 08:00:00,2022-10-06 08:30:00,-1.0,1368.7,1360.9445383789723,1332.7559307257645,0.5711790683286974,0.00011423581366573947,0.5203724683998514,0.9354811705780401,-0.1321497564385236,False,False,1360.9445383789723,True,0.75,0.5,7.189076757944633,1360.9445383789723,adverse_first,volatility_stop,0.006,,0.00011423581366573968,5.711790683286984e-05,5.711790683286984e-05,0.0,0.0,fractional_return,R,False
ETHUSD,2022-10-06 11:30:00,2022-10-06 12:00:00,2022-10-06 13:30:00,short,,,1368.75,1363.8728521082849,1333.5240534273908,1382.8403786290437,r_trailing_stop,4,0.002076799220283044,0.001960230315838247,0.00011656890444479689,,,,,0.3267050526397078,0.5961514747861812,-0.8232567985142348,,,,,,,,2022-10-06 11:30:00,2022-10-06 12:00:00,2022-10-06 13:30:00,-1.0,1368.75,1363.8728521082849,1333.5240534273908,0.5828445222239834,0.00011656890444479668,0.3267050526397078,0.5961514747861812,-0.8232567985142348,False,False,1363.8728521082849,True,0.75,0.5,7.045704216569881,1363.8728521082849,adverse_first,volatility_stop,0.006,,0.00011656890444479689,5.8284452222398444e-05,5.8284452222398444e-05,0.0,0.0,fractional_return,R,False
ETHUSD,2022-10-06 21:00:00,2022-10-06 21:30:00,2022-10-07 09:00:00,long,,,1357.0,1357.75,1395.0041912593879,1341.7983234962448,max_holding_close,24,0.0002960199816703005,0.0001889002176365277,0.0001071197640337728,,,,,0.03148336960608795,0.305887314392688,-0.7203152887311575,,,,,,,,2022-10-06 21:00:00,2022-10-06 21:30:00,2022-10-07 09:00:00,1.0,1357.0,1357.75,1395.0041912593879,0.535598820168864,0.0001071197640337728,0.03148336960608795,0.305887314392688,-0.7203152887311575,False,False,1341.7983234962448,False,0.75,0.5,7.6013983468897495,,adverse_first,volatility_stop,0.006,,0.0001071197640337728,5.35598820168864e-05,5.35598820168864e-05,0.0,0.0,fractional_return,R,False
ETHUSD,2022-10-10 08:30:00,2022-10-10 09:00:00,2022-10-10 11:00:00,short,,,1306.7,1316.310808783397,1282.6729780415073,1316.310808783397,stop_loss,5,-0.006,-0.006163153802696484,0.00016315380269648402,,,,,-1.027192300449414,0.09884703997453363,-1.0873174397198226,,,,,,,,2022-10-10 08:30:00,2022-10-10 09:00:00,2022-10-10 11:00:00,-1.0,1306.7,1316.310808783397,1282.6729780415073,0.8157690134824188,0.00016315380269648377,-1.027192300449414,0.09884703997453363,-1.0873174397198226,False,False,1316.310808783397,False,0.75,0.5,4.805588188932715,,adverse_first,volatility_stop,0.006,,0.00016315380269648402,8.157690134824201e-05,8.157690134824201e-05,0.0,0.0,fractional_return,R,False
ETHUSD,2022-10-11 01:00:00,2022-10-11 01:30:00,2022-10-11 02:00:00,short,,,1280.2,1275.85,1251.4741469540634,1291.6903412183747,r_trailing_stop,2,0.002271473014070605,0.00213777463464012,0.0001336983794304851,,,,,0.35629577244002,0.8528902504939032,-0.004351480869862916,,,,,,,,2022-10-11 01:00:00,2022-10-11 01:30:00,2022-10-11 02:00:00,-1.0,1280.2,1275.85,1251.4741469540634,0.668491897152426,0.0001336983794304852,0.35629577244002,0.8528902504939032,-0.004351480869862916,False,False,1274.5228096034107,True,0.75,0.5,5.745619206821048,1274.5228096034107,adverse_first,volatility_stop,0.006,,0.0001336983794304851,6.684918971524255e-05,6.684918971524255e-05,0.0,0.0,fractional_return,R,False
ETHUSD,2022-10-11 02:00:00,2022-10-11 02:30:00,2022-10-11 06:30:00,short,,,1276.8,1276.85,1247.6357276916503,1288.46570892334,r_trailing_stop,9,-2.571639683198505e-05,-0.00015705517873272095,0.00013133878190073588,,,,,-0.02617586312212016,0.38145988634233763,-0.5014697382253268,,,,,,,,2022-10-11 02:00:00,2022-10-11 02:30:00,2022-10-11 06:30:00,-1.0,1276.8,1276.85,1247.6357276916503,0.6566939095036793,0.00013133878190073588,-0.02617586312212016,0.38145988634233763,-0.5014697382253268,False,False,1275.2665414122976,True,0.75,0.5,5.833082824595354,1275.2665414122976,adverse_first,volatility_stop,0.006,,0.00013133878190073588,6.566939095036794e-05,6.566939095036794e-05,0.0,0.0,fractional_return,R,False
ETHUSD,2022-10-11 09:30:00,2022-10-11 10:00:00,2022-10-11 12:00:00,short,,,1280.55,1291.144944102969,1254.0626397425774,1291.144944102969,stop_loss,5,-0.006,-0.006145037103081024,0.00014503710308102352,,,,,-1.024172850513504,0.1982077469772981,-1.1043003045878557,,,,,,,,2022-10-11 09:30:00,2022-10-11 10:00:00,2022-10-11 12:00:00,-1.0,1280.55,1291.144944102969,1254.0626397425774,0.7251855154051176,0.00014503710308102352,-1.024172850513504,0.1982077469772981,-1.1043003045878557,False,False,1291.144944102969,False,0.75,0.5,5.297678621184125,,adverse_first,volatility_stop,0.006,,0.00014503710308102352,7.251855154051176e-05,7.251855154051176e-05,0.0,0.0,fractional_return,R,False
ETHUSD,2022-10-12 09:00:00,2022-10-12 09:30:00,2022-10-12 11:00:00,short,,,1303.65,1301.2548059012238,1276.1040542681935,1314.6683782927228,r_trailing_stop,4,0.0013042903602383368,0.0011623112088206336,0.00014197915141770322,,,,,0.19371853480343892,0.48101452493246505,-0.23596938958949482,,,,,,,,2022-10-12 09:00:00,2022-10-12 09:30:00,2022-10-12 11:00:00,-1.0,1303.65,1301.2548059012238,1276.1040542681935,0.709895757088516,0.00014197915141770322,0.19371853480343892,0.48101452493246505,-0.23596938958949482,False,False,1301.2548059012238,True,0.75,0.5,5.5096118024473775,1301.2548059012238,adverse_first,volatility_stop,0.006,,0.00014197915141770322,7.098957570885161e-05,7.098957570885161e-05,0.0,0.0,fractional_return,R,False
ETHUSD,2022-10-12 11:00:00,2022-10-12 11:30:00,2022-10-12 12:00:00,short,,,1302.9499999999998,1300.2724674582566,1275.7263710166326,1313.8394515933467,r_trailing_stop,2,0.0014752988350923554,0.001331715846858561,0.00014358298823379445,,,,,0.2219526411430935,0.5647667329507523,-0.009183198909801942,,,,,,,,2022-10-12 11:00:00,2022-10-12 11:30:00,2022-10-12 12:00:00,-1.0,1302.9499999999998,1300.2724674582566,1275.7263710166326,0.7179149411689717,0.00014358298823379434,0.2219526411430935,0.5647667329507523,-0.009183198909801942,False,False,1300.2724674582566,True,0.75,0.5,5.444934916513369,1300.2724674582566,adverse_first,volatility_stop,0.006,,0.00014358298823379445,7.179149411689722e-05,7.179149411689722e-05,0.0,0.0,fractional_return,R,False
ETHUSD,2022-10-13 10:00:00,2022-10-13 10:30:00,2022-10-13 10:30:00,long,,,1242.55,1231.576749387104,1269.9831265322398,1231.576749387104,stop_loss,1,-0.006,-0.006135881340233648,0.0001358813402336477,,,,,-1.0226468900389414,0.28250516727987196,-1.9912057758273884,,,,,,,,2022-10-13 10:00:00,2022-10-13 10:30:00,2022-10-13 10:30:00,1.0,1242.55,1231.576749387104,1269.9831265322398,0.6794067011682404,0.00013588134023364808,-1.0226468900389414,0.28250516727987196,-1.9912057758273884,False,False,1231.576749387104,False,0.75,0.5,5.486845892187425,,adverse_first,volatility_stop,0.006,,0.0001358813402336477,6.794067011682385e-05,6.794067011682385e-05,0.0,0.0,fractional_return,R,False
ETHUSD,2022-10-14 10:00:00,2022-10-14 10:30:00,2022-10-14 13:00:00,long,,,1332.6,1338.7858470533865,1374.2430928478948,1315.9427628608419,r_trailing_stop,6,0.0022281655721325478,0.00213216405719699,9.600151493555781e-05,,,,,0.3553606761994983,0.6213515430880927,-0.5493107844691817,,,,,,,,2022-10-14 10:00:00,2022-10-14 10:30:00,2022-10-14 13:00:00,1.0,1332.6,1338.7858470533865,1374.2430928478948,0.480007574677789,9.600151493555781e-05,0.3553606761994983,0.6213515430880927,-0.5493107844691817,False,False,1338.7858470533865,True,0.75,0.5,8.328305893227059,1338.7858470533865,adverse_first,volatility_stop,0.006,,9.600151493555781e-05,4.8000757467778904e-05,4.8000757467778904e-05,0.0,0.0,fractional_return,R,False
ETHUSD,2022-10-14 13:30:00,2022-10-14 14:00:00,2022-10-14 14:00:00,long,,,1330.45,1313.6549490857403,1372.4376272856491,1313.6549490857403,stop_loss,1,-0.006000000000000053,-0.0060950601464771605,9.506014647710746e-05,,,,,-1.0158433577461934,0.023816539886773812,-1.1610563194806194,,,,,,,,2022-10-14 13:30:00,2022-10-14 14:00:00,2022-10-14 14:00:00,1.0,1330.45,1313.6549490857403,1372.4376272856491,0.475300732385538,9.50601464771076e-05,-1.0158433577461934,0.023816539886773812,-1.1610563194806194,False,False,1313.6549490857403,False,0.75,0.5,8.400681456015311,,adverse_first,volatility_stop,0.006,,9.506014647710746e-05,4.753007323855373e-05,4.753007323855373e-05,0.0,0.0,fractional_return,R,False
ETHUSD,2022-10-14 14:30:00,2022-10-14 15:00:00,2022-10-14 16:00:00,long,,,1320.3,1302.99483415531,1363.562914611725,1302.99483415531,stop_loss,3,-0.006,-0.0060915541644743125,9.155416447431241e-05,,,,,-1.0152590274123854,0.23981278406953233,-1.2770753079365122,,,,,,,,2022-10-14 14:30:00,2022-10-14 15:00:00,2022-10-14 16:00:00,1.0,1320.3,1302.99483415531,1363.562914611725,0.45777082237156014,9.155416447431203e-05,-1.0152590274123854,0.23981278406953233,-1.2770753079365122,False,False,1302.99483415531,False,0.75,0.5,8.65291030222996,,adverse_first,volatility_stop,0.006,,9.155416447431241e-05,4.5777082237156205e-05,4.5777082237156205e-05,0.0,0.0,fractional_return,R,False
ETHUSD,2022-10-14 21:00:00,2022-10-14 21:30:00,2022-10-15 08:30:00,long,,,1295.35,1278.0591468793339,1338.577132801665,1278.0591468793339,stop_loss,22,-0.006,-0.006089898398254402,8.989839825440226e-05,,,,,-1.0149830663757338,0.35857108707897123,-1.0352294288247694,,,,,,,,2022-10-14 21:00:00,2022-10-14 21:30:00,2022-10-15 08:30:00,1.0,1295.35,1278.0591468793339,1338.577132801665,0.44949199127200956,8.989839825440192e-05,-1.0149830663757338,0.35857108707897123,-1.0352294288247694,False,False,1278.0591468793339,False,0.75,0.5,8.645093017817524,,adverse_first,volatility_stop,0.006,,8.989839825440226e-05,4.494919912720113e-05,4.494919912720113e-05,0.0,0.0,fractional_return,R,False
ETHUSD,2022-10-15 13:00:00,2022-10-15 13:30:00,2022-10-15 14:00:00,long,,,1282.15,1287.0392213558691,1315.2564964839025,1268.907401406439,r_trailing_stop,2,0.002215224446165548,0.002099040300800898,0.00011618414536465008,,,,,0.349840050133483,0.6871763072562351,-0.052859715942791284,,,,,,,,2022-10-15 13:00:00,2022-10-15 13:30:00,2022-10-15 14:00:00,1.0,1282.15,1287.0392213558691,1315.2564964839025,0.5809207268232506,0.00011618414536465012,0.349840050133483,0.6871763072562351,-0.052859715942791284,False,False,1287.0392213558691,True,0.75,0.5,6.6215572882613465,1287.0392213558691,adverse_first,volatility_stop,0.006,,0.00011618414536465008,5.809207268232504e-05,5.809207268232504e-05,0.0,0.0,fractional_return,R,False
ETHUSD,2022-10-15 21:00:00,2022-10-15 21:30:00,2022-10-15 23:00:00,long,,,1276.6,1264.7709063885732,1306.1727340285665,1264.7709063885732,stop_loss,4,-0.006000000000000072,-0.0061295044278389214,0.00012950442783884932,,,,,-1.021584071306487,0.17330152819315844,-1.0524897687827315,,,,,,,,2022-10-15 21:00:00,2022-10-15 21:30:00,2022-10-15 23:00:00,1.0,1276.6,1264.7709063885732,1306.1727340285665,0.6475221391942482,0.00012950442783884965,-1.021584071306487,0.17330152819315844,-1.0524897687827315,False,False,1264.7709063885732,False,0.75,0.5,5.9147787340777676,,adverse_first,volatility_stop,0.006,,0.00012950442783884932,6.475221391942466e-05,6.475221391942466e-05,0.0,0.0,fractional_return,R,False
ETHUSD,2022-10-15 23:00:00,2022-10-15 23:30:00,2022-10-16 01:00:00,long,,,1276.45,1278.9687457230286,1306.260208476265,1264.525916609494,r_trailing_stop,4,0.0012673908629492248,0.0011389331903687413,0.0001284576725804835,,,,,0.18982219839479023,0.5199561087384308,-0.2515916655185937,,,,,,,,2022-10-15 23:00:00,2022-10-15 23:30:00,2022-10-16 01:00:00,1.0,1276.45,1278.9687457230286,1306.260208476265,0.6422883629024178,0.00012845767258048356,0.18982219839479023,0.5199561087384308,-0.2515916655185937,False,False,1278.9687457230286,True,0.75,0.5,5.962508553942144,1278.9687457230286,adverse_first,volatility_stop,0.006,,0.0001284576725804835,6.422883629024175e-05,6.422883629024175e-05,0.0,0.0,fractional_return,R,False
ETHUSD,2022-10-16 21:30:00,2022-10-16 22:00:00,2022-10-16 22:30:00,long,,,1293.45,1307.3000000000002,1319.4038576155901,1283.068456953764,r_trailing_stop,2,0.008004590418775041,0.007855080852317795,0.0001495095664572465,,,,,1.3091801420529658,2.051718121779857,-0.2167307875119791,,,,,,,,2022-10-16 21:30:00,2022-10-16 22:00:00,2022-10-16 22:30:00,1.0,1293.45,1307.3000000000002,1319.4038576155901,0.7475478322862362,0.00014950956645724725,1.3091801420529658,2.051718121779857,-0.2167307875119791,False,False,1308.30461429323,True,0.75,0.5,5.190771413540154,1308.30461429323,adverse_first,volatility_stop,0.006,,0.0001495095664572465,7.475478322862324e-05,7.475478322862324e-05,0.0,0.0,fractional_return,R,False
ETHUSD,2022-10-16 23:00:00,2022-10-16 23:30:00,2022-10-17 00:00:00,long,,,1304.15,1305.8,1332.055809935881,1292.9876760256477,r_trailing_stop,2,0.0008869120823537303,0.0007467100954201979,0.00014020198693353236,,,,,0.12445168257003297,0.4479353951281542,-0.2598025291743376,,,,,,,,2022-10-16 23:00:00,2022-10-16 23:30:00,2022-10-17 00:00:00,1.0,1304.15,1305.8,1332.055809935881,0.7010099346676617,0.00014020198693353236,0.12445168257003297,0.4479353951281542,-0.2598025291743376,False,False,1306.3593118830115,True,0.75,0.5,5.581376233976958,1306.3593118830115,adverse_first,volatility_stop,0.006,,0.00014020198693353236,7.010099346676618e-05,7.010099346676618e-05,0.0,0.0,fractional_return,R,False
ETHUSD,2022-10-17 00:00:00,2022-10-17 00:30:00,2022-10-17 06:30:00,long,,,1302.25,1308.65,1330.3961907894118,1290.9915236842353,r_trailing_stop,13,0.003410763492590039,0.0032719614063954953,0.00013880208619454363,,,,,0.5453269010659159,0.8615730697428031,-0.5595783855030511,,,,,,,,2022-10-17 00:00:00,2022-10-17 00:30:00,2022-10-17 06:30:00,1.0,1302.25,1308.65,1330.3961907894118,0.6940104309727175,0.00013880208619454352,0.5453269010659159,0.8615730697428031,-0.5595783855030511,False,False,1309.1351649086687,True,0.75,0.5,5.629670182662804,1309.1351649086687,adverse_first,volatility_stop,0.006,,0.00013880208619454363,6.940104309727181e-05,6.940104309727181e-05,0.0,0.0,fractional_return,R,False
ETHUSD,2022-10-21 09:00:00,2022-10-21 09:30:00,2022-10-21 11:30:00,short,,,1280.65,1280.3000000000002,1252.5880553100492,1291.8747778759805,r_trailing_stop,5,0.00018708610746705724,5.01764940226327e-05,0.00013690961344442454,,,,,0.008362749003772117,0.5167140110996264,-0.11136077825422634,,,,,,,,2022-10-21 09:00:00,2022-10-21 09:30:00,2022-10-21 11:30:00,-1.0,1280.65,1280.3000000000002,1252.5880553100492,0.6845480672221227,0.00013690961344442454,0.008362749003772117,0.5167140110996264,-0.11136077825422634,False,False,1279.005975290935,True,0.75,0.5,5.61195058187007,1279.005975290935,adverse_first,volatility_stop,0.006,,0.00013690961344442454,6.845480672221227e-05,6.845480672221227e-05,0.0,0.0,fractional_return,R,False
ETHUSD,2022-10-23 22:00:00,2022-10-23 22:30:00,2022-10-23 22:30:00,short,,,1361.65,1370.8796567166225,1338.575858208444,1370.8796567166225,stop_loss,1,-0.006,-0.006177035836777899,0.00017703583677789857,,,,,-1.0295059727963165,0.027086597874193326,-1.0401253583690138,,,,,,,,2022-10-23 22:00:00,2022-10-23 22:30:00,2022-10-23 22:30:00,-1.0,1361.65,1370.8796567166225,1338.575858208444,0.8851791838894926,0.00017703583677789852,-1.0295059727963165,0.027086597874193326,-1.0401253583690138,False,False,1370.8796567166225,False,0.75,0.5,4.6146589308373835,,adverse_first,volatility_stop,0.006,,0.00017703583677789857,8.851791838894929e-05,8.851791838894929e-05,0.0,0.0,fractional_return,R,False
ETHUSD,2022-10-23 22:30:00,2022-10-23 23:00:00,2022-10-23 23:30:00,short,,,1365.35,1361.7618642682226,1341.7296275421045,1374.7981489831582,r_trailing_stop,2,0.002278627742750468,0.0021052159979821996,0.00017341174476826838,,,,,0.35086933299703327,0.6297529823678641,-0.29635434464372906,,,,,,,,2022-10-23 22:30:00,2022-10-23 23:00:00,2022-10-23 23:30:00,-1.0,1365.35,1361.7618642682226,1341.7296275421045,0.8670587238413423,0.00017341174476826846,0.35086933299703327,0.6297529823678641,-0.29635434464372906,False,False,1361.7618642682226,True,0.75,0.5,4.723728536444936,1361.7618642682226,adverse_first,volatility_stop,0.006,,0.00017341174476826838,8.670587238413419e-05,8.670587238413419e-05,0.0,0.0,fractional_return,R,False
ETHUSD,2022-10-23 23:30:00,2022-10-24 00:00:00,2022-10-24 01:00:00,short,,,1364.15,1360.9688295002184,1339.960819177772,1373.8256723288914,r_trailing_stop,3,0.0019726818302534858,0.0018034966879340178,0.00016918514231946792,,,,,0.3005827813223363,1.0438551096694109,-0.6614527427607918,,,,,,,,2022-10-23 23:30:00,2022-10-24 00:00:00,2022-10-24 01:00:00,-1.0,1364.15,1360.9688295002184,1339.960819177772,0.8459257115973392,0.00016918514231946784,0.3005827813223363,1.0438551096694109,-0.6614527427607918,False,False,1360.9688295002184,True,0.75,0.5,4.837659000437007,1360.9688295002184,adverse_first,volatility_stop,0.006,,0.00016918514231946792,8.459257115973396e-05,8.459257115973396e-05,0.0,0.0,fractional_return,R,False
ETHUSD,2022-10-24 01:00:00,2022-10-24 01:30:00,2022-10-24 03:30:00,short,,,1356.6,1349.45,1331.1437630710657,1366.7824947715735,r_trailing_stop,5,0.004213112892506723,0.0040532385162836545,0.00015987437622306828,,,,,0.6755397527139424,1.1735827287985012,-0.21114668342401027,,,,,,,,2022-10-24 01:00:00,2022-10-24 01:30:00,2022-10-24 03:30:00,-1.0,1356.6,1349.45,1331.1437630710657,0.7993718811153423,0.00015987437622306847,0.6755397527139424,1.1735827287985012,-0.21114668342401027,False,False,1347.1955298321868,True,0.75,0.5,5.091059664373296,1347.1955298321868,adverse_first,volatility_stop,0.006,,0.00015987437622306828,7.993718811153414e-05,7.993718811153414e-05,0.0,0.0,fractional_return,R,False
ETHUSD,2022-10-24 05:00:00,2022-10-24 05:30:00,2022-10-24 06:00:00,short,,,1346.7,1342.95,1321.0477110002423,1356.960915599903,r_trailing_stop,2,0.002192786772382436,0.002035292055242841,0.00015749471713959531,,,,,0.3392153425404735,0.7065646266565663,0.0,,,,,,,,2022-10-24 05:00:00,2022-10-24 05:30:00,2022-10-24 06:00:00,-1.0,1346.7,1342.95,1321.0477110002423,0.7874735856979773,0.00015749471713959548,0.3392153425404735,0.7065646266565663,0.0,False,False,1342.0153242191918,True,0.75,0.5,5.130648438383475,1342.0153242191918,adverse_first,volatility_stop,0.006,,0.00015749471713959531,7.874735856979766e-05,7.874735856979766e-05,0.0,0.0,fractional_return,R,False
ETHUSD,2022-10-24 06:30:00,2022-10-24 07:00:00,2022-10-24 08:00:00,short,,,1338.85,1336.95,1312.6478700707898,1349.3308519716838,r_trailing_stop,3,0.0010876978351376985,0.0009344068618140999,0.00015329097332359852,,,,,0.15573447696901666,0.5915549629696448,-0.5438489175688873,,,,,,,,2022-10-24 06:30:00,2022-10-24 07:00:00,2022-10-24 08:00:00,-1.0,1338.85,1336.95,1312.6478700707898,0.7664548666179923,0.00015329097332359847,0.15573447696901666,0.5915549629696448,-0.5438489175688873,False,False,1335.2698215640296,True,0.75,0.5,5.23964312805888,1335.2698215640296,adverse_first,volatility_stop,0.006,,0.00015329097332359852,7.664548666179926e-05,7.664548666179926e-05,0.0,0.0,fractional_return,R,False
ETHUSD,2022-10-24 08:00:00,2022-10-24 08:30:00,2022-10-24 09:30:00,short,,,1335.9,1346.6107249681838,1309.1231875795406,1346.6107249681838,stop_loss,3,-0.006,-0.006149670540954226,0.00014967054095422604,,,,,-1.0249450901590376,0.11203723404014679,-1.0410126329563116,,,,,,,,2022-10-24 08:00:00,2022-10-24 08:30:00,2022-10-24 09:30:00,-1.0,1335.9,1346.6107249681838,1309.1231875795406,0.7483527047711289,0.0001496705409542258,-1.0249450901590376,0.11203723404014679,-1.0410126329563116,False,False,1346.6107249681838,False,0.75,0.5,5.355562956492844,,adverse_first,volatility_stop,0.006,,0.00014967054095422604,7.483527047711302e-05,7.483527047711302e-05,0.0,0.0,fractional_return,R,False
ETHUSD,2022-10-24 09:30:00,2022-10-24 10:00:00,2022-10-24 14:00:00,short,,,1345.75,1348.65,1318.9769255112624,1356.459229795495,r_trailing_stop,9,-0.0016247667042610789,-0.0017755618623479213,0.00015079515808684245,,,,,-0.2959269770579869,1.9982762914474232,-0.8310588314898212,,,,,,,,2022-10-24 09:30:00,2022-10-24 10:00:00,2022-10-24 14:00:00,-1.0,1345.75,1348.65,1318.9769255112624,0.7539757904342126,0.00015079515808684254,-0.2959269770579869,1.9982762914474232,-0.8310588314898212,False,False,1343.7275063423754,True,0.75,0.5,5.355012684750766,1343.7275063423754,adverse_first,volatility_stop,0.006,,0.00015079515808684245,7.539757904342123e-05,7.539757904342123e-05,0.0,0.0,fractional_return,R,False
ETHUSD,2022-10-24 15:00:00,2022-10-24 15:30:00,2022-10-24 16:00:00,long,,,1336.25,1339.1102702314365,1366.645021950244,1324.0919912199024,r_trailing_stop,2,0.0014115486918147681,0.0012796603185619953,0.0001318883732527728,,,,,0.21327671976033255,0.5922022372435113,-0.20562577682066233,,,,,,,,2022-10-24 15:00:00,2022-10-24 15:30:00,2022-10-24 16:00:00,1.0,1336.25,1339.1102702314365,1366.645021950244,0.6594418662638641,0.00013188837325277283,0.21327671976033255,0.5922022372435113,-0.20562577682066233,False,False,1339.1102702314365,True,0.75,0.5,6.079459537127357,1339.1102702314365,adverse_first,volatility_stop,0.006,,0.0001318883732527728,6.59441866263864e-05,6.59441866263864e-05,0.0,0.0,fractional_return,R,False
ETHUSD,2022-10-24 16:00:00,2022-10-24 16:30:00,2022-10-24 19:30:00,long,,,1338.5,1347.05,1369.1453949725255,1326.2418420109898,r_trailing_stop,7,0.004184968087863793,0.004053936981767755,0.0001310311060960384,,,,,0.6756561636279592,1.1788068005776136,-0.6077585234811936,,,,,,,,2022-10-24 16:00:00,2022-10-24 16:30:00,2022-10-24 19:30:00,1.0,1338.5,1347.05,1369.1453949725255,0.6551555304801927,0.00013103110609603854,0.6756561636279592,1.1788068005776136,-0.6077585234811936,False,False,1349.8853458946367,True,0.75,0.5,6.129308210726709,1349.8853458946367,adverse_first,volatility_stop,0.006,,0.0001310311060960384,6.55155530480192e-05,6.55155530480192e-05,0.0,0.0,fractional_return,R,False
ETHUSD,2022-10-24 20:00:00,2022-10-24 20:30:00,2022-10-24 21:30:00,long,,,1348.9,1348.5,1379.491011118144,1336.6635955527427,r_trailing_stop,3,-0.00019613604718161237,-0.00032842000420321823,0.00013228395702160586,,,,,-0.054736667367203035,0.8090611946239649,-0.2696870648746673,,,,,,,,2022-10-24 20:00:00,2022-10-24 20:30:00,2022-10-24 21:30:00,1.0,1348.9,1348.5,1379.491011118144,0.6614197851080291,0.00013228395702160584,-0.054736667367203035,0.8090611946239649,-0.2696870648746673,False,False,1355.7410123058191,True,0.75,0.5,6.11797538836224,1355.7410123058191,adverse_first,volatility_stop,0.006,,0.00013228395702160586,6.614197851080293e-05,6.614197851080293e-05,0.0,0.0,fractional_return,R,False
ETHUSD,2022-10-24 22:00:00,2022-10-24 22:30:00,2022-10-25 04:30:00,long,,,1344.9,1346.05,1376.121995732747,1332.4112017069012,r_trailing_stop,13,0.0005524951110637797,0.0004232689067385953,0.00012922620432518435,,,,,0.07054481778976589,0.5004484701665547,-0.7686888501758389,,,,,,,,2022-10-24 22:00:00,2022-10-24 22:30:00,2022-10-25 04:30:00,1.0,1344.9,1346.05,1376.121995732747,0.6461310216259217,0.00012922620432518435,0.07054481778976589,0.5004484701665547,-0.7686888501758389,False,False,1348.0279164056606,True,0.75,0.5,6.244167188679047,1348.0279164056606,adverse_first,volatility_stop,0.006,,0.00012922620432518435,6.461310216259217e-05,6.461310216259217e-05,0.0,0.0,fractional_return,R,False
ETHUSD,2022-10-25 13:30:00,2022-10-25 14:00:00,2022-10-25 14:30:00,long,,,1382.4,1381.0,1411.5997257471086,1370.7201097011566,r_trailing_stop,2,-0.000719184836935674,-0.0008612135681613665,0.0001420287312256925,,,,,-0.14353559469356109,0.5222651792032603,-0.3981201775893843,,,,,,,,2022-10-25 13:30:00,2022-10-25 14:00:00,2022-10-25 14:30:00,1.0,1382.4,1381.0,1411.5997257471086,0.7101436561284624,0.00014202873122569248,-0.14353559469356109,0.5222651792032603,-0.3981201775893843,False,False,1385.5801329465487,True,0.75,0.5,5.8397341069025375,1385.5801329465487,adverse_first,volatility_stop,0.006,,0.0001420287312256925,7.101436561284625e-05,7.101436561284625e-05,0.0,0.0,fractional_return,R,False
ETHUSD,2022-10-28 02:00:00,2022-10-28 02:30:00,2022-10-28 07:30:00,long,,,1516.8,1489.207124876976,1585.78218780756,1489.207124876976,stop_loss,11,-0.005999999999999999,-0.006065964854763584,6.596485476358452e-05,,,,,-1.0109941424605975,0.12140815283162851,-1.0093185242867777,,,,,,,,2022-10-28 02:00:00,2022-10-28 02:30:00,2022-10-28 07:30:00,1.0,1516.8,1489.207124876976,1585.78218780756,0.3298242738179223,6.596485476358446e-05,-1.0109941424605975,0.12140815283162851,-1.0093185242867777,False,False,1489.207124876976,False,0.75,0.5,13.79689246028044,,adverse_first,volatility_stop,0.006,,6.596485476358452e-05,3.298242738179226e-05,3.298242738179226e-05,0.0,0.0,fractional_return,R,False
ETHUSD,2022-10-28 07:30:00,2022-10-28 08:00:00,2022-10-28 09:00:00,long,,,1493.65,1498.5718203456945,1557.936100476049,1467.9355598095806,r_trailing_stop,3,0.0011484178483173457,0.0010787146003863335,6.970324793101226e-05,,,,,0.17978576673105556,0.6124963204864174,-0.19055441081800006,,,,,,,,2022-10-28 07:30:00,2022-10-28 08:00:00,2022-10-28 09:00:00,1.0,1493.65,1498.5718203456945,1557.936100476049,0.34851623965506123,6.970324793101225e-05,0.17978576673105556,0.6124963204864174,-0.19055441081800006,False,False,1498.5718203456945,True,0.75,0.5,12.856359308610989,1498.5718203456945,adverse_first,volatility_stop,0.006,,6.970324793101226e-05,3.485162396550613e-05,3.485162396550613e-05,0.0,0.0,fractional_return,R,False
ETHUSD,2022-10-28 10:30:00,2022-10-28 11:00:00,2022-10-28 13:00:00,long,,,1501.05,1510.5085984503755,1563.4660913948435,1476.0835634420625,r_trailing_stop,5,0.0022731153711325336,0.002200968110716736,7.21472604157977e-05,,,,,0.3668280184527893,1.4719761834940885,-0.7650270776799172,,,,,,,,2022-10-28 10:30:00,2022-10-28 11:00:00,2022-10-28 13:00:00,1.0,1501.05,1510.5085984503755,1563.4660913948435,0.360736302078988,7.214726041579761e-05,0.3668280184527893,1.4719761834940885,-0.7650270776799172,False,False,1510.5085984503755,True,0.75,0.5,12.482803099248741,1510.5085984503755,adverse_first,volatility_stop,0.006,,7.21472604157977e-05,3.607363020789885e-05,3.607363020789885e-05,0.0,0.0,fractional_return,R,False
ETHUSD,2022-11-04 14:00:00,2022-11-04 14:30:00,2022-11-04 15:00:00,long,,,1655.0,1660.4,1713.9704187237658,1631.4118325104937,r_trailing_stop,2,0.0013735700331284338,0.0012893752773940803,8.419475573435346e-05,,,,,0.21489587956568004,0.5172084692644087,-0.4345399024557516,,,,,,,,2022-11-04 14:00:00,2022-11-04 14:30:00,2022-11-04 15:00:00,1.0,1655.0,1660.4,1713.9704187237658,0.42097377867176716,8.419475573435343e-05,0.21489587956568004,0.5172084692644087,-0.4345399024557516,False,False,1661.3034925465004,True,0.75,0.5,11.793014906999455,1661.3034925465004,adverse_first,volatility_stop,0.006,,8.419475573435346e-05,4.209737786717673e-05,4.209737786717673e-05,0.0,0.0,fractional_return,R,False
ETHUSD,2022-11-04 15:00:00,2022-11-04 15:30:00,2022-11-04 16:00:00,long,,,1645.25,1621.3860627005342,1704.9098432486644,1621.3860627005342,stop_loss,2,-0.006,-0.0060827315281307,8.273152813069971e-05,,,,,-1.0137885880217832,0.2220924373665114,-1.546266214872521,,,,,,,,2022-11-04 15:00:00,2022-11-04 15:30:00,2022-11-04 16:00:00,1.0,1645.25,1621.3860627005342,1704.9098432486644,0.41365764065349736,8.273152813069947e-05,-1.0137885880217832,0.2220924373665114,-1.546266214872521,False,False,1621.3860627005342,False,0.75,0.5,11.931605872205644,,adverse_first,volatility_stop,0.006,,8.273152813069971e-05,4.136576406534986e-05,4.136576406534986e-05,0.0,0.0,fractional_return,R,False
ETHUSD,2022-11-04 16:00:00,2022-11-04 16:30:00,2022-11-04 19:00:00,long,,,1625.1,1637.9499999999998,1687.2434420705772,1600.242623171769,r_trailing_stop,6,0.0031016949428241806,0.0030232425778189877,7.845236500519286e-05,,,,,0.5038737629698313,0.9333245482947148,-0.4566048975493494,,,,,,,,2022-11-04 16:00:00,2022-11-04 16:30:00,2022-11-04 19:00:00,1.0,1625.1,1637.9499999999998,1687.2434420705772,0.3922618250259653,7.845236500519306e-05,0.5038737629698313,0.9333245482947148,-0.4566048975493494,False,False,1641.2858469245439,True,0.75,0.5,12.428306150912443,1641.2858469245439,adverse_first,volatility_stop,0.006,,7.845236500519286e-05,3.922618250259643e-05,3.922618250259643e-05,0.0,0.0,fractional_return,R,False
ETHUSD,2022-11-04 19:00:00,2022-11-04 19:30:00,2022-11-04 20:30:00,long,,,1640.1,1642.1999999999998,1703.1552301222923,1614.877907951083,r_trailing_stop,3,0.0004995620496333979,0.00042153045748065615,7.803159215274177e-05,,,,,0.07025507624677603,0.3964778171693897,-0.04559494897448342,,,,,,,,2022-11-04 19:00:00,2022-11-04 19:30:00,2022-11-04 20:30:00,1.0,1640.1,1642.1999999999998,1703.1552301222923,0.3901579607637089,7.803159215274178e-05,0.07025507624677603,0.3964778171693897,-0.04559494897448342,False,False,1643.7946693634658,True,0.75,0.5,12.610661273068063,1643.7946693634658,adverse_first,volatility_stop,0.006,,7.803159215274177e-05,3.9015796076370885e-05,3.9015796076370885e-05,0.0,0.0,fractional_return,R,False
ETHUSD,2022-11-05 00:30:00,2022-11-05 01:00:00,2022-11-05 12:30:00,long,,,1658.3000000000002,1641.35,1718.8475847674536,1634.0809660930188,max_holding_close,24,-0.004199176581138771,-0.004281341708271542,8.216512713277082e-05,,,,,-0.7135569513785903,0.053676790122705445,-0.8732800854580487,,,,,,,,2022-11-05 00:30:00,2022-11-05 01:00:00,2022-11-05 12:30:00,1.0,1658.3000000000002,1641.35,1718.8475847674536,0.4108256356638521,8.216512713277043e-05,-0.7135569513785903,0.053676790122705445,-0.8732800854580487,False,False,1634.0809660930188,False,0.75,0.5,12.10988213121565,,adverse_first,volatility_stop,0.006,,8.216512713277082e-05,4.108256356638541e-05,4.108256356638541e-05,0.0,0.0,fractional_return,R,False
ETHUSD,2022-11-06 23:30:00,2022-11-07 00:00:00,2022-11-07 00:30:00,long,,,1568.25,1576.5233476588578,1610.0058742524125,1551.547650299035,r_trailing_stop,2,0.0029720420684449973,0.0028593692988231716,0.00011267276962182576,,,,,0.4765615498038619,0.7454041031891901,-0.19757699120676986,,,,,,,,2022-11-06 23:30:00,2022-11-07 00:00:00,2022-11-07 00:30:00,1.0,1568.25,1576.5233476588578,1610.0058742524125,0.5633638481091293,0.00011267276962182587,0.4765615498038619,0.7454041031891901,-0.19757699120676986,False,False,1576.5233476588578,True,0.75,0.5,8.35330468228467,1576.5233476588578,adverse_first,volatility_stop,0.006,,0.00011267276962182576,5.633638481091288e-05,5.633638481091288e-05,0.0,0.0,fractional_return,R,False
ETHUSD,2022-11-07 00:30:00,2022-11-07 01:00:00,2022-11-07 02:30:00,long,,,1573.35,1588.4751953031323,1616.0898964776657,1556.2540414089335,r_trailing_stop,4,0.005308340642929394,0.005197904016053928,0.00011043662687546581,,,,,0.866317336008988,1.286853842258149,-0.2866174466847616,,,,,,,,2022-11-07 00:30:00,2022-11-07 01:00:00,2022-11-07 02:30:00,1.0,1573.35,1588.4751953031323,1616.0898964776657,0.5521831343773281,0.00011043662687546564,0.866317336008988,1.286853842258149,-0.2866174466847616,False,False,1588.4751953031323,True,0.75,0.5,8.549609393735606,1588.4751953031323,adverse_first,volatility_stop,0.006,,0.00011043662687546581,5.521831343773291e-05,5.521831343773291e-05,0.0,0.0,fractional_return,R,False
ETHUSD,2022-11-07 03:00:00,2022-11-07 03:30:00,2022-11-07 05:30:00,long,,,1585.65,1587.15,1628.7324200890494,1568.4170319643804,r_trailing_stop,5,0.0005222547840509355,0.0004118396776068774,0.0001104151064440581,,,,,0.06863994626781289,0.5251561995179266,-0.5106491221831904,,,,,,,,2022-11-07 03:00:00,2022-11-07 03:30:00,2022-11-07 05:30:00,1.0,1585.65,1587.15,1628.7324200890494,0.5520755322202904,0.00011041510644405808,0.06863994626781289,0.5251561995179266,-0.5106491221831904,False,False,1587.9910787322324,True,0.75,0.5,8.617842535535225,1587.9910787322324,adverse_first,volatility_stop,0.006,,0.0001104151064440581,5.520755322202905e-05,5.520755322202905e-05,0.0,0.0,fractional_return,R,False
ETHUSD,2022-11-07 06:30:00,2022-11-07 07:00:00,2022-11-07 07:30:00,long,,,1575.65,1558.4683901985643,1618.6040245035897,1558.4683901985643,stop_loss,2,-0.006,-0.006110046731467618,0.00011004673146761818,,,,,-1.0183411219112697,0.02328070562785317,-1.6762108052060105,,,,,,,,2022-11-07 06:30:00,2022-11-07 07:00:00,2022-11-07 07:30:00,1.0,1575.65,1558.4683901985643,1618.6040245035897,0.5502336573380889,0.0001100467314676178,-1.0183411219112697,0.02328070562785317,-1.6762108052060105,False,False,1558.4683901985643,False,0.75,0.5,8.591895409532631,,adverse_first,volatility_stop,0.006,,0.00011004673146761818,5.502336573380909e-05,5.502336573380909e-05,0.0,0.0,fractional_return,R,False
ETHUSD,2022-11-07 07:30:00,2022-11-07 08:00:00,2022-11-07 09:30:00,long,,,1550.1,1570.177062291741,1595.3279170523397,1532.008833179064,r_trailing_stop,4,0.006658629315774242,0.006555810077058949,0.00010281923871529285,,,,,1.0926350128431583,1.4067638783004335,-0.17411812246153893,,,,,,,,2022-11-07 07:30:00,2022-11-07 08:00:00,2022-11-07 09:30:00,1.0,1550.1,1570.177062291741,1595.3279170523397,0.5140961935764657,0.00010281923871529316,1.0926350128431583,1.4067638783004335,-0.17411812246153893,False,False,1570.177062291741,True,0.75,0.5,9.045875416518049,1570.177062291741,adverse_first,volatility_stop,0.006,,0.00010281923871529285,5.140961935764642e-05,5.140961935764642e-05,0.0,0.0,fractional_return,R,False
ETHUSD,2022-11-07 09:30:00,2022-11-07 10:00:00,2022-11-07 10:30:00,long,,,1564.65,1579.5298629197157,1610.852848835732,1546.1688604657074,r_trailing_stop,2,0.004830826440795614,0.0047292320560707955,0.00010159438472481883,,,,,0.7882053426784659,1.0551297426122888,-0.01623276527096813,,,,,,,,2022-11-07 09:30:00,2022-11-07 10:00:00,2022-11-07 10:30:00,1.0,1564.65,1579.5298629197157,1610.852848835732,0.5079719236240953,0.00010159438472481906,0.7882053426784659,1.0551297426122888,-0.01623276527096813,False,False,1579.5298629197157,True,0.75,0.5,9.240274160568841,1579.5298629197157,adverse_first,volatility_stop,0.006,,0.00010159438472481883,5.0797192362409416e-05,5.0797192362409416e-05,0.0,0.0,fractional_return,R,False
ETHUSD,2022-11-07 10:30:00,2022-11-07 11:00:00,2022-11-07 13:30:00,long,,,1578.55,1578.45,1625.7765805307542,1559.6593677876983,r_trailing_stop,6,-3.176177447403196e-05,-0.00013203687266616365,0.00010027509819213168,,,,,-0.02200614544436061,0.5928864568495795,-0.14822161421239188,,,,,,,,2022-11-07 10:30:00,2022-11-07 11:00:00,2022-11-07 13:30:00,1.0,1578.55,1578.45,1625.7765805307542,0.5013754909606584,0.00010027509819213168,-0.02200614544436061,0.5928864568495795,-0.14822161421239188,False,False,1585.0267435718974,True,0.75,0.5,9.44651285620511,1585.0267435718974,adverse_first,volatility_stop,0.006,,0.00010027509819213168,5.013754909606584e-05,5.013754909606584e-05,0.0,0.0,fractional_return,R,False
ETHUSD,2022-11-10 12:00:00,2022-11-10 12:30:00,2022-11-10 13:30:00,long,,,1189.85,1194.3000000000002,1324.7861786418594,1135.8755285432562,r_trailing_stop,3,0.0004946783040089495,0.00046822468692917353,2.6453617079776016e-05,,,,,0.07803744782152894,2.214009637792746,-0.020380005034073802,,,,,,,,2022-11-10 12:00:00,2022-11-10 12:30:00,2022-11-10 13:30:00,1.0,1189.85,1194.3000000000002,1324.7861786418594,0.13226808539888005,2.645361707977601e-05,0.07803744782152894,2.214009637792746,-0.020380005034073802,False,False,1197.1552481304075,True,0.75,0.5,26.98950373918501,1197.1552481304075,adverse_first,volatility_stop,0.006,,2.6453617079776016e-05,1.3226808539888008e-05,1.3226808539888008e-05,0.0,0.0,fractional_return,R,False
ETHUSD,2022-11-10 13:30:00,2022-11-10 14:00:00,2022-11-10 18:00:00,short,,,1292.25,1261.581021442389,1149.4287324361503,1349.3785070255399,r_trailing_stop,9,0.0032210516417556655,0.00319390757514621,2.7144066609455578e-05,,,,,0.5323179291910349,0.7868225924389148,-0.9793709465396463,,,,,,,,2022-11-10 13:30:00,2022-11-10 14:00:00,2022-11-10 18:00:00,-1.0,1292.25,1261.581021442389,1149.4287324361503,0.13572033304727743,2.7144066609455486e-05,0.5323179291910349,0.7868225924389148,-0.9793709465396463,False,False,1261.581021442389,True,0.75,0.5,28.562042884778332,1261.581021442389,adverse_first,volatility_stop,0.006,,2.7144066609455578e-05,1.3572033304727789e-05,1.3572033304727789e-05,0.0,0.0,fractional_return,R,False
ETHUSD,2022-11-10 18:00:00,2022-11-10 18:30:00,2022-11-10 20:30:00,short,,,1252.35,1311.5110236039384,1104.4474409901536,1311.5110236039384,stop_loss,5,-0.006,-0.006025402197400451,2.540219740045091e-05,,,,,-1.0042336995667418,0.0016903020588246184,-1.4223891825022117,,,,,,,,2022-11-10 18:00:00,2022-11-10 18:30:00,2022-11-10 20:30:00,-1.0,1252.35,1311.5110236039384,1104.4474409901536,0.12701098700225608,2.5402197400451215e-05,-1.0042336995667418,0.0016903020588246184,-1.4223891825022117,False,False,1311.5110236039384,False,0.75,0.5,29.576969496379164,,adverse_first,volatility_stop,0.006,,2.540219740045091e-05,1.2701098700225455e-05,1.2701098700225455e-05,0.0,0.0,fractional_return,R,False
ETHUSD,2022-11-11 02:00:00,2022-11-11 02:30:00,2022-11-11 03:30:00,short,,,1251.05,1232.1121337493555,1112.0508842535316,1306.6496462985872,r_trailing_stop,3,0.0020436676322301258,0.002016666381324,2.700125090612576e-05,,,,,0.336111063554,0.5908310967229092,-0.13399365816090358,,,,,,,,2022-11-11 02:00:00,2022-11-11 02:30:00,2022-11-11 03:30:00,-1.0,1251.05,1232.1121337493555,1112.0508842535316,0.13500625453062856,2.7001250906125715e-05,0.336111063554,0.5908310967229092,-0.13399365816090358,False,False,1232.1121337493555,True,0.75,0.5,27.824267498711425,1232.1121337493555,adverse_first,volatility_stop,0.006,,2.700125090612576e-05,1.350062545306288e-05,1.350062545306288e-05,0.0,0.0,fractional_return,R,False
ETHUSD,2022-11-11 05:30:00,2022-11-11 06:00:00,2022-11-11 14:30:00,short,,,1262.75,1214.8719007854118,1127.6059084977023,1316.807636600919,r_trailing_stop,18,0.005314116808477812,0.005286085616304416,2.803119217339653e-05,,,,,0.8810142693840692,1.1552484334644046,-0.8185707474907935,,,,,,,,2022-11-11 05:30:00,2022-11-11 06:00:00,2022-11-11 14:30:00,-1.0,1262.75,1214.8719007854118,1127.6059084977023,0.14015596086698298,2.8031192173396597e-05,0.8810142693840692,1.1552484334644046,-0.8185707474907935,False,False,1214.8719007854118,True,0.75,0.5,27.043801570823856,1214.8719007854118,adverse_first,volatility_stop,0.006,,2.803119217339653e-05,1.4015596086698265e-05,1.4015596086698265e-05,0.0,0.0,fractional_return,R,False
ETHUSD,2022-11-11 16:00:00,2022-11-11 16:30:00,2022-11-11 18:30:00,long,,,1233.25,1269.5805686983979,1370.4387508779764,1178.3744996488094,r_trailing_stop,5,0.003972326644774888,0.003945358325752209,2.6968319022678544e-05,,,,,0.6575597209587014,0.9120645767180564,-0.030068062968728684,,,,,,,,2022-11-11 16:00:00,2022-11-11 16:30:00,2022-11-11 18:30:00,1.0,1233.25,1269.5805686983979,1370.4387508779764,0.1348415951133913,2.6968319022678263e-05,0.6575597209587014,0.9120645767180564,-0.030068062968728684,False,False,1269.5805686983979,True,0.75,0.5,27.438862603204402,1269.5805686983979,adverse_first,volatility_stop,0.006,,2.6968319022678544e-05,1.3484159511339272e-05,1.3484159511339272e-05,0.0,0.0,fractional_return,R,False
ETHUSD,2022-11-11 20:30:00,2022-11-11 21:00:00,2022-11-11 23:00:00,long,,,1242.35,1269.2998089674286,1373.373006335832,1189.940797465667,r_trailing_stop,5,0.0030853141430389848,0.0030568683753510796,2.8445767687905205e-05,,,,,0.5094780625585132,0.7699029569008818,-0.003816123702107455,,,,,,,,2022-11-11 20:30:00,2022-11-11 21:00:00,2022-11-11 23:00:00,1.0,1242.35,1269.2998089674286,1373.373006335832,0.1422288384395255,2.84457676879051e-05,0.5094780625585132,0.7699029569008818,-0.003816123702107455,False,False,1269.2998089674286,True,0.75,0.5,26.200382065143078,1269.2998089674286,adverse_first,volatility_stop,0.006,,2.8445767687905205e-05,1.4222883843952603e-05,1.4222883843952603e-05,0.0,0.0,fractional_return,R,False
ETHUSD,2022-11-17 15:30:00,2022-11-17 16:00:00,2022-11-17 16:30:00,long,,,1192.75,1204.673027885029,1243.0218266076408,1172.6412693569437,r_trailing_stop,2,0.0035575675352176243,0.0034863894969114502,7.117803830617407e-05,,,,,0.5810649161519084,1.0294036141534315,-0.17902671550493968,,,,,,,,2022-11-17 15:30:00,2022-11-17 16:00:00,2022-11-17 16:30:00,1.0,1192.75,1204.673027885029,1243.0218266076408,0.35589019153087037,7.117803830617407e-05,0.5810649161519084,1.0294036141534315,-0.17902671550493968,False,False,1204.673027885029,True,0.75,0.5,10.053944229942436,1204.673027885029,adverse_first,volatility_stop,0.006,,7.117803830617407e-05,3.5589019153087036e-05,3.5589019153087036e-05,0.0,0.0,fractional_return,R,False
ETHUSD,2022-11-17 17:00:00,2022-11-17 17:30:00,2022-11-18 01:00:00,long,,,1207.15,1211.1133788981783,1258.5140811638908,1186.6043675344438,r_trailing_stop,16,0.0011574369116617118,0.0010869314160324838,7.050549562922798e-05,,,,,0.18115523600541397,0.4964558777686494,-0.5353935936720824,,,,,,,,2022-11-17 17:00:00,2022-11-17 17:30:00,2022-11-18 01:00:00,1.0,1207.15,1211.1133788981783,1258.5140811638908,0.3525274781461395,7.05054956292279e-05,0.18115523600541397,0.4964558777686494,-0.5353935936720824,False,False,1211.1133788981783,True,0.75,0.5,10.27324220364324,1211.1133788981783,adverse_first,volatility_stop,0.006,,7.050549562922798e-05,3.525274781461399e-05,3.525274781461399e-05,0.0,0.0,fractional_return,R,False
ETHUSD,2022-11-21 07:30:00,2022-11-21 08:00:00,2022-11-21 09:00:00,long,,,1122.1,1106.373570636194,1161.4160734095144,1106.373570636194,stop_loss,3,-0.006000000000000047,-0.006085621470001305,8.562147000125767e-05,,,,,-1.0142702450002175,0.23209337069230118,-1.0650860161906706,,,,,,,,2022-11-21 07:30:00,2022-11-21 08:00:00,2022-11-21 09:00:00,1.0,1122.1,1106.373570636194,1161.4160734095144,0.4281073500062896,8.562147000125792e-05,-1.0142702450002175,0.23209337069230118,-1.0650860161906706,False,False,1106.373570636194,False,0.75,0.5,7.860761945184838,,adverse_first,volatility_stop,0.006,,8.562147000125767e-05,4.281073500062883e-05,4.281073500062883e-05,0.0,0.0,fractional_return,R,False
ETHUSD,2022-11-21 09:00:00,2022-11-21 09:30:00,2022-11-21 10:00:00,long,,,1106.65,1119.75,1147.0257769438672,1090.4996892224533,r_trailing_stop,2,0.0048667794126459355,0.004784553131164947,8.222628148098817e-05,,,,,0.7974255218608245,1.0835704799148282,-0.027863240912098398,,,,,,,,2022-11-21 09:00:00,2022-11-21 09:30:00,2022-11-21 10:00:00,1.0,1106.65,1119.75,1147.0257769438672,0.41113140740493986,8.222628148098798e-05,0.7974255218608245,1.0835704799148282,-0.027863240912098398,False,False,1120.1127871480987,True,0.75,0.5,8.074425703802499,1120.1127871480987,adverse_first,volatility_stop,0.006,,8.222628148098817e-05,4.1113140740494086e-05,4.1113140740494086e-05,0.0,0.0,fractional_return,R,False
ETHUSD,2022-11-21 10:00:00,2022-11-21 10:30:00,2022-11-21 11:30:00,long,,,1115.1,1124.0500000000002,1156.5014053400605,1098.5394378639758,r_trailing_stop,3,0.003242643550316903,0.0031618419453345948,8.080160498230831e-05,,,,,0.5269736575557658,0.8725549218264156,-0.04830753892464294,,,,,,,,2022-11-21 10:00:00,2022-11-21 10:30:00,2022-11-21 11:30:00,1.0,1115.1,1124.0500000000002,1156.5014053400605,0.40400802491154086,8.080160498230817e-05,0.5269736575557658,0.8725549218264156,-0.04830753892464294,False,False,1125.4102308203776,True,0.75,0.5,8.27953835924467,1125.4102308203776,adverse_first,volatility_stop,0.006,,8.080160498230831e-05,4.0400802491154155e-05,4.0400802491154155e-05,0.0,0.0,fractional_return,R,False
ETHUSD,2022-11-22 22:30:00,2022-11-22 23:00:00,2022-11-23 02:00:00,short,,,1136.75,1132.0983936243247,1085.7481146890204,1157.1507541243918,r_trailing_stop,7,0.001368068949014096,0.0013012037737523132,6.686517526178289e-05,,,,,0.21686729562538554,0.4779235091286441,-1.210739556459223,,,,,,,,2022-11-22 22:30:00,2022-11-22 23:00:00,2022-11-23 02:00:00,-1.0,1136.75,1132.0983936243247,1085.7481146890204,0.3343258763089146,6.686517526178291e-05,0.21686729562538554,0.4779235091286441,-1.210739556459223,False,False,1132.0983936243247,True,0.75,0.5,10.19678724864924,1132.0983936243247,adverse_first,volatility_stop,0.006,,6.686517526178289e-05,3.3432587630891444e-05,3.3432587630891444e-05,0.0,0.0,fractional_return,R,False
ETHUSD,2022-11-23 15:00:00,2022-11-23 15:30:00,2022-11-23 18:00:00,short,,,1162.55,1153.9498567680196,1116.5593450392596,1180.9462619842961,r_trailing_stop,6,0.002804964369170796,0.002729130485026784,7.583388414401189e-05,,,,,0.45485508083779735,0.7175370741767058,-0.08969213427208049,,,,,,,,2022-11-23 15:00:00,2022-11-23 15:30:00,2022-11-23 18:00:00,-1.0,1162.55,1153.9498567680196,1116.5593450392596,0.3791694207200584,7.583388414401168e-05,0.45485508083779735,0.7175370741767058,-0.08969213427208049,False,False,1153.9498567680196,True,0.75,0.5,9.19971353603946,1153.9498567680196,adverse_first,volatility_stop,0.006,,7.583388414401189e-05,3.791694207200594e-05,3.791694207200594e-05,0.0,0.0,fractional_return,R,False
ETHUSD,2022-11-28 21:00:00,2022-11-28 21:30:00,2022-11-29 00:00:00,long,,,1171.25,1159.1876322694588,1201.405919326353,1159.1876322694588,stop_loss,6,-0.006,-0.006116519412390435,0.00011651941239043499,,,,,-1.0194199020650725,0.16580492691630733,-1.0528612859185553,,,,,,,,2022-11-28 21:00:00,2022-11-28 21:30:00,2022-11-29 00:00:00,1.0,1171.25,1159.1876322694588,1201.405919326353,0.5825970619521749,0.00011651941239043498,-1.0194199020650725,0.16580492691630733,-1.0528612859185553,False,False,1159.1876322694588,False,0.75,0.5,6.030926404547851,,adverse_first,volatility_stop,0.006,,0.00011651941239043499,5.8259706195217496e-05,5.8259706195217496e-05,0.0,0.0,fractional_return,R,False
ETHUSD,2022-11-29 04:00:00,2022-11-29 04:30:00,2022-11-29 05:00:00,long,,,1193.05,1197.65,1223.6961739807855,1180.7915304076857,r_trailing_stop,2,0.0022515045448499305,0.002134715088448487,0.0001167894564014435,,,,,0.35578584807474783,1.7212589092874502,-0.032630500649987716,,,,,,,,2022-11-29 04:00:00,2022-11-29 04:30:00,2022-11-29 05:00:00,1.0,1193.05,1197.65,1223.6961739807855,0.5839472820072168,0.00011678945640144337,0.35578584807474783,1.7212589092874502,-0.032630500649987716,False,False,1199.385639603011,True,0.75,0.5,6.1287207939781,1199.385639603011,adverse_first,volatility_stop,0.006,,0.0001167894564014435,5.839472820072175e-05,5.839472820072175e-05,0.0,0.0,fractional_return,R,False
ETHUSD,2022-11-29 09:30:00,2022-11-29 10:00:00,2022-11-29 14:00:00,short,,,1217.7,1209.5408847277693,1185.7898420498707,1230.4640631800519,r_trailing_stop,9,0.0038353532838895053,0.0037208724967461378,0.00011448078714336755,,,,,0.6201454161243563,0.9205532622529907,-0.3408005694298413,,,,,,,,2022-11-29 09:30:00,2022-11-29 10:00:00,2022-11-29 14:00:00,-1.0,1217.7,1209.5408847277693,1185.7898420498707,0.5724039357168382,0.00011448078714336765,0.6201454161243563,0.9205532622529907,-0.3408005694298413,False,False,1209.5408847277693,True,0.75,0.5,6.381769455538798,1209.5408847277693,adverse_first,volatility_stop,0.006,,0.00011448078714336755,5.7240393571683775e-05,5.7240393571683775e-05,0.0,0.0,fractional_return,R,False
ETHUSD,2022-12-01 05:30:00,2022-12-01 06:00:00,2022-12-01 13:00:00,long,,,1282.5,1286.7171299755726,1318.8301154749934,1267.9679538100027,r_trailing_stop,15,0.0017411711690575472,0.00163526729427773,0.00010590387477981723,,,,,0.27254454904628833,0.5917955315831184,-0.3475078412203201,,,,,,,,2022-12-01 05:30:00,2022-12-01 06:00:00,2022-12-01 13:00:00,1.0,1282.5,1286.7171299755726,1318.8301154749934,0.5295193738990865,0.00010590387477981731,0.27254454904628833,0.5917955315831184,-0.3475078412203201,False,False,1286.7171299755726,True,0.75,0.5,7.265740048854679,1286.7171299755726,adverse_first,volatility_stop,0.006,,0.00010590387477981723,5.295193738990862e-05,5.295193738990862e-05,0.0,0.0,fractional_return,R,False
ETHUSD,2022-12-01 21:00:00,2022-12-01 21:30:00,2022-12-02 02:00:00,short,,,1274.3000000000002,1272.65,1240.2673000366894,1287.9130799853244,r_trailing_stop,10,0.0007272417418154991,0.000614911541622117,0.00011233020019338206,,,,,0.10248525693701951,0.6170535991161307,-0.7529523084452537,,,,,,,,2022-12-01 21:00:00,2022-12-01 21:30:00,2022-12-02 02:00:00,-1.0,1274.3000000000002,1272.65,1240.2673000366894,0.5616510009669101,0.00011233020019338203,0.10248525693701951,0.6170535991161307,-0.7529523084452537,False,False,1270.5534034357615,True,0.75,0.5,6.80680687152275,1270.5534034357615,adverse_first,volatility_stop,0.006,,0.00011233020019338206,5.616510009669103e-05,5.616510009669103e-05,0.0,0.0,fractional_return,R,False
ETHUSD,2022-12-05 13:30:00,2022-12-05 14:00:00,2022-12-05 15:00:00,short,,,1286.1,1285.15,1260.0520215997471,1296.519191360101,r_trailing_stop,3,0.0005470674069607668,0.0003989445875728883,0.0001481228193878785,,,,,0.06649076459548138,2.3130393873259125,-0.17275812851398667,,,,,,,,2022-12-05 13:30:00,2022-12-05 14:00:00,2022-12-05 15:00:00,-1.0,1286.1,1285.15,1260.0520215997471,0.7406140969393925,0.0001481228193878785,0.06649076459548138,2.3130393873259125,-0.17275812851398667,False,False,1284.3048990863097,True,0.75,0.5,5.209798172619653,1284.3048990863097,adverse_first,volatility_stop,0.006,,0.0001481228193878785,7.406140969393925e-05,7.406140969393925e-05,0.0,0.0,fractional_return,R,False
ETHUSD,2022-12-05 15:00:00,2022-12-05 15:30:00,2022-12-05 16:30:00,short,,,1264.2,1261.6,1236.274371708557,1275.3702513165772,r_trailing_stop,3,0.001396566608743127,0.0012607558774528974,0.00013581073129022964,,,,,0.2101259795754829,0.7117118294556087,-0.45209367783028565,,,,,,,,2022-12-05 15:00:00,2022-12-05 15:30:00,2022-12-05 16:30:00,-1.0,1264.2,1261.6,1236.274371708557,0.6790536564511485,0.0001358107312902297,0.2101259795754829,0.7117118294556087,-0.45209367783028565,False,False,1259.0426731846603,True,0.75,0.5,5.585346369320483,1259.0426731846603,adverse_first,volatility_stop,0.006,,0.00013581073129022964,6.790536564511482e-05,6.790536564511482e-05,0.0,0.0,fractional_return,R,False
ETHUSD,2022-12-05 17:00:00,2022-12-05 17:30:00,2022-12-05 19:30:00,short,,,1263.0,1253.65,1233.8822851628065,1274.6470859348774,r_trailing_stop,5,0.004816655454735398,0.004686528484910139,0.00013012696982525954,,,,,0.7810880808183565,1.3436837409378,-0.5881299441165337,,,,,,,,2022-12-05 17:00:00,2022-12-05 17:30:00,2022-12-05 19:30:00,-1.0,1263.0,1253.65,1233.8822851628065,0.6506348491262995,0.00013012696982525992,0.7810880808183565,1.3436837409378,-0.5881299441165337,False,False,1252.4116563450182,True,0.75,0.5,5.823312690036385,1252.4116563450182,adverse_first,volatility_stop,0.006,,0.00013012696982525954,6.506348491262977e-05,6.506348491262977e-05,0.0,0.0,fractional_return,R,False
ETHUSD,2022-12-06 06:00:00,2022-12-06 06:30:00,2022-12-06 11:00:00,short,,,1259.4499999999998,1252.65,1233.0241860270498,1270.0203255891797,r_trailing_stop,10,0.0038598621826523983,0.003716882670124701,0.00014297951252769748,,,,,0.6194804450207835,1.4569087650208012,-0.520324558936005,,,,,,,,2022-12-06 06:00:00,2022-12-06 06:30:00,2022-12-06 11:00:00,-1.0,1259.4499999999998,1252.65,1233.0241860270498,0.7148975626384865,0.0001429795125276973,0.6194804450207835,1.4569087650208012,-0.520324558936005,False,False,1251.3924763940022,True,0.75,0.5,5.284952788004376,1251.3924763940022,adverse_first,volatility_stop,0.006,,0.00014297951252769748,7.148975626384874e-05,7.148975626384874e-05,0.0,0.0,fractional_return,R,False
ETHUSD,2022-12-07 06:30:00,2022-12-07 07:00:00,2022-12-07 07:30:00,short,,,1250.2,1231.2,1223.4102688127198,1260.9158924749122,r_trailing_stop,2,0.01063840461883086,0.010498403214047046,0.00014000140478381481,,,,,1.749733869007841,2.762252427345562,-0.0886533718235945,,,,,,,,2022-12-07 06:30:00,2022-12-07 07:00:00,2022-12-07 07:30:00,-1.0,1250.2,1231.2,1223.4102688127198,0.7000070239190718,0.00014000140478381435,1.749733869007841,2.762252427345562,-0.0886533718235945,False,False,1229.279080357202,True,0.75,0.5,5.3581607144042325,1229.279080357202,adverse_first,volatility_stop,0.006,,0.00014000140478381481,7.000070239190741e-05,7.000070239190741e-05,0.0,0.0,fractional_return,R,False
ETHUSD,2022-12-08 01:00:00,2022-12-08 01:30:00,2022-12-08 02:30:00,short,,,1226.2,1236.9737396040932,1199.2656509897672,1236.9737396040932,stop_loss,3,-0.006,-0.006136576532761287,0.0001365765327612867,,,,,-1.0227627554602146,0.36199129952223535,-1.1463057818204647,,,,,,,,2022-12-08 01:00:00,2022-12-08 01:30:00,2022-12-08 02:30:00,-1.0,1226.2,1236.9737396040932,1199.2656509897672,0.6828826638064345,0.0001365765327612869,-1.0227627554602146,0.36199129952223535,-1.1463057818204647,False,False,1236.9737396040932,False,0.75,0.5,5.387528735374166,,adverse_first,volatility_stop,0.006,,0.0001365765327612867,6.828826638064335e-05,6.828826638064335e-05,0.0,0.0,fractional_return,R,False
ETHUSD,2022-12-08 02:30:00,2022-12-08 03:00:00,2022-12-08 04:30:00,short,,,1233.0,1229.3070771208259,1205.9303252790123,1243.827869888395,r_trailing_stop,4,0.002046343140749453,0.0019096957654807694,0.00013664737526868347,,,,,0.3182826275801282,0.5910673166528705,-0.2816805180923754,,,,,,,,2022-12-08 02:30:00,2022-12-08 03:00:00,2022-12-08 04:30:00,-1.0,1233.0,1229.3070771208259,1205.9303252790123,0.6832368763434178,0.00013664737526868355,0.3182826275801282,0.5910673166528705,-0.2816805180923754,False,False,1229.3070771208259,True,0.75,0.5,5.414154241651772,1229.3070771208259,adverse_first,volatility_stop,0.006,,0.00013664737526868347,6.832368763434174e-05,6.832368763434174e-05,0.0,0.0,fractional_return,R,False
ETHUSD,2022-12-08 18:30:00,2022-12-08 19:00:00,2022-12-09 00:00:00,long,,,1287.2,1275.5892057538033,1316.226985615492,1275.5892057538033,stop_loss,11,-0.006,-0.006133034826666227,0.00013303482666622655,,,,,-1.0221724711110378,0.37034503487205195,-1.1842428440676205,,,,,,,,2022-12-08 18:30:00,2022-12-08 19:00:00,2022-12-09 00:00:00,1.0,1287.2,1275.5892057538033,1316.226985615492,0.6651741333311307,0.00013303482666622614,-1.0221724711110378,0.37034503487205195,-1.1842428440676205,False,False,1275.5892057538033,False,0.75,0.5,5.80517140693442,,adverse_first,volatility_stop,0.006,,0.00013303482666622655,6.651741333311327e-05,6.651741333311327e-05,0.0,0.0,fractional_return,R,False
ETHUSD,2022-12-09 00:00:00,2022-12-09 00:30:00,2022-12-09 01:30:00,long,,,1273.75,1284.2894143935305,1302.3581030848436,1262.3067587660626,r_trailing_stop,3,0.005526099211615082,0.005392526916078141,0.0001335722955369406,,,,,0.8987544860130235,1.3719889041085886,0.0,,,,,,,,2022-12-09 00:00:00,2022-12-09 00:30:00,2022-12-09 01:30:00,1.0,1273.75,1284.2894143935305,1302.3581030848436,0.6678614776847044,0.00013357229553694088,0.8987544860130235,1.3719889041085886,0.0,False,False,1284.2894143935305,True,0.75,0.5,5.721171212939108,1284.2894143935305,adverse_first,volatility_stop,0.006,,0.0001335722955369406,6.67861477684703e-05,6.67861477684703e-05,0.0,0.0,fractional_return,R,False
ETHUSD,2022-12-09 01:30:00,2022-12-09 02:00:00,2022-12-09 10:00:00,long,,,1281.6,1284.521167856441,1310.8871791049837,1269.8851283580063,r_trailing_stop,17,0.0014961330925572674,0.0013648538052548679,0.00013127928730239952,,,,,0.22747563420914463,0.904832790655832,-0.337178256895321,,,,,,,,2022-12-09 01:30:00,2022-12-09 02:00:00,2022-12-09 10:00:00,1.0,1281.6,1284.521167856441,1310.8871791049837,0.6563964365119974,0.0001312792873023995,0.22747563420914463,0.904832790655832,-0.337178256895321,False,False,1284.521167856441,True,0.75,0.5,5.857664287118214,1284.521167856441,adverse_first,volatility_stop,0.006,,0.00013127928730239952,6.563964365119976e-05,6.563964365119976e-05,0.0,0.0,fractional_return,R,False
ETHUSD,2022-12-09 14:00:00,2022-12-09 14:30:00,2022-12-09 15:00:00,long,,,1269.95,1272.200413159757,1298.4447459684918,1258.5521016126033,r_trailing_stop,2,0.0011846463707267975,0.0010509427748353738,0.00013370359589142365,,,,,0.17515712913922896,0.5351863819688917,-0.35971543706107567,,,,,,,,2022-12-09 14:00:00,2022-12-09 14:30:00,2022-12-09 15:00:00,1.0,1269.95,1272.200413159757,1298.4447459684918,0.6685179794571188,0.00013370359589142376,0.17515712913922896,0.5351863819688917,-0.35971543706107567,False,False,1272.200413159757,True,0.75,0.5,5.699173680486062,1272.200413159757,adverse_first,volatility_stop,0.006,,0.00013370359589142365,6.685179794571183e-05,6.685179794571183e-05,0.0,0.0,fractional_return,R,False
ETHUSD,2022-12-14 11:00:00,2022-12-14 11:30:00,2022-12-14 14:30:00,short,,,1326.8,1337.337918165326,1300.4552045866847,1337.337918165326,stop_loss,7,-0.006,-0.006151088666188245,0.00015108866618824494,,,,,-1.0251814443647076,0.3178996028857694,-1.4946026105823893,,,,,,,,2022-12-14 11:00:00,2022-12-14 11:30:00,2022-12-14 14:30:00,-1.0,1326.8,1337.337918165326,1300.4552045866847,0.7554433309412245,0.0001510886661882449,-1.0251814443647076,0.3178996028857694,-1.4946026105823893,False,False,1337.337918165326,False,0.75,0.5,5.269157420810056,,adverse_first,volatility_stop,0.006,,0.00015108866618824494,7.554433309412247e-05,7.554433309412247e-05,0.0,0.0,fractional_return,R,False
ETHUSD,2022-12-14 14:30:00,2022-12-14 15:00:00,2022-12-14 18:30:00,long,,,1340.4,1343.067994297621,1367.2210589597003,1329.67157641612,r_trailing_stop,8,0.0014921079187979317,0.0013421809526016294,0.00014992696619630231,,,,,0.2236968254336049,1.0020111450625664,-2.0692695274780486,,,,,,,,2022-12-14 14:30:00,2022-12-14 15:00:00,2022-12-14 18:30:00,1.0,1340.4,1343.067994297621,1367.2210589597003,0.749634830981512,0.0001499269661963024,0.2236968254336049,1.0020111450625664,-2.0692695274780486,False,False,1343.067994297621,True,0.75,0.5,5.364011404757964,1343.067994297621,adverse_first,volatility_stop,0.006,,0.00014992696619630231,7.496348309815116e-05,7.496348309815116e-05,0.0,0.0,fractional_return,R,False
ETHUSD,2022-12-14 18:30:00,2022-12-14 19:00:00,2022-12-14 19:00:00,long,,,1334.0,1321.829436775297,1364.4264080617577,1321.829436775297,stop_loss,1,-0.005999999999999999,-0.00613153047812535,0.00013153047812535044,,,,,-1.0219217463542252,0.4683431567431738,-2.2184675845729993,,,,,,,,2022-12-14 18:30:00,2022-12-14 19:00:00,2022-12-14 19:00:00,1.0,1334.0,1321.829436775297,1364.4264080617577,0.6576523906267513,0.00013153047812535028,-1.0219217463542252,0.4683431567431738,-2.2184675845729993,False,False,1321.829436775297,False,0.75,0.5,6.085509434340374,,adverse_first,volatility_stop,0.006,,0.00013153047812535044,6.576523906267522e-05,6.576523906267522e-05,0.0,0.0,fractional_return,R,False
ETHUSD,2022-12-15 13:00:00,2022-12-15 13:30:00,2022-12-15 14:30:00,long,,,1276.9,1265.426538917143,1305.5836527071428,1265.426538917143,stop_loss,3,-0.005999999999999999,-0.00613354993658273,0.0001335499365827308,,,,,-1.0222583227637885,0.2919781551362277,-1.1374074401575907,,,,,,,,2022-12-15 13:00:00,2022-12-15 13:30:00,2022-12-15 14:30:00,1.0,1276.9,1265.426538917143,1305.5836527071428,0.6677496829136558,0.00013354993658273116,-1.0222583227637885,0.2919781551362277,-1.1374074401575907,False,False,1265.426538917143,False,0.75,0.5,5.736955448220029,,adverse_first,volatility_stop,0.006,,0.0001335499365827308,6.67749682913654e-05,6.67749682913654e-05,0.0,0.0,fractional_return,R,False
ETHUSD,2022-12-15 14:30:00,2022-12-15 15:00:00,2022-12-15 20:30:00,long,,,1269.7,1272.795272372773,1299.2484409839847,1257.8806236064063,r_trailing_stop,12,0.0015712871490160837,0.0014423767945894476,0.00012891035442663614,,,,,0.24039613243157462,0.5118713372457727,-0.37227006345148156,,,,,,,,2022-12-15 14:30:00,2022-12-15 15:00:00,2022-12-15 20:30:00,1.0,1269.7,1272.795272372773,1299.2484409839847,0.6445517721331809,0.0001289103544266362,0.24039613243157462,0.5118713372457727,-0.37227006345148156,False,False,1272.795272372773,True,0.75,0.5,5.909455254453739,1272.795272372773,adverse_first,volatility_stop,0.006,,0.00012891035442663614,6.445517721331807e-05,6.445517721331807e-05,0.0,0.0,fractional_return,R,False
ETHUSD,2022-12-15 21:30:00,2022-12-15 22:00:00,2022-12-16 01:00:00,long,,,1264.75,1270.709218373554,1292.1578152922448,1253.786873883102,r_trailing_stop,7,0.0032614155725357767,0.0031229787814401506,0.0001384367910956261,,,,,0.5204964635733584,0.820933728576554,-0.43327057897095905,,,,,,,,2022-12-15 21:30:00,2022-12-15 22:00:00,2022-12-16 01:00:00,1.0,1264.75,1270.709218373554,1292.1578152922448,0.6921839554781312,0.00013843679109562624,0.5204964635733584,0.820933728576554,-0.43327057897095905,False,False,1270.709218373554,True,0.75,0.5,5.481563252891921,1270.709218373554,adverse_first,volatility_stop,0.006,,0.0001384367910956261,6.921839554781305e-05,6.921839554781305e-05,0.0,0.0,fractional_return,R,False
ETHUSD,2022-12-16 07:00:00,2022-12-16 07:30:00,2022-12-16 08:30:00,long,,,1276.8,1267.1706245139242,1300.8734387151896,1267.1706245139242,stop_loss,3,-0.005999999999999912,-0.006159113122363403,0.00015911312236349152,,,,,-1.0265188537272338,0.2907769049040401,-3.624326421839688,,,,,,,,2022-12-16 07:00:00,2022-12-16 07:30:00,2022-12-16 08:30:00,1.0,1276.8,1267.1706245139242,1300.8734387151896,0.7955656118174592,0.00015911312236349185,-1.0265188537272338,0.2907769049040401,-3.624326421839688,False,False,1267.1706245139242,False,0.75,0.5,4.814499268298306,,adverse_first,volatility_stop,0.006,,0.00015911312236349152,7.955656118174576e-05,7.955656118174576e-05,0.0,0.0,fractional_return,R,False
ETHUSD,2022-12-16 08:30:00,2022-12-16 09:00:00,2022-12-16 09:00:00,long,,,1245.7,1234.946056556888,1272.5848586077802,1234.946056556888,stop_loss,1,-0.006,-0.0061390038926564605,0.00013900389265646042,,,,,-1.0231673154427434,0.0,-3.598679889356059,,,,,,,,2022-12-16 08:30:00,2022-12-16 09:00:00,2022-12-16 09:00:00,1.0,1245.7,1234.946056556888,1272.5848586077802,0.6950194632823034,0.00013900389265646067,-1.0231673154427434,0.0,-3.598679889356059,False,False,1234.946056556888,False,0.75,0.5,5.377187387266123,,adverse_first,volatility_stop,0.006,,0.00013900389265646042,6.950194632823021e-05,6.950194632823021e-05,0.0,0.0,fractional_return,R,False
ETHUSD,2022-12-16 14:00:00,2022-12-16 14:30:00,2022-12-16 15:00:00,long,,,1215.7,1203.6028295842,1245.9429260395002,1203.6028295842,stop_loss,2,-0.006,-0.006120593490035869,0.00012059349003586909,,,,,-1.0200989150059783,0.19426030379224746,-1.1076970514111448,,,,,,,,2022-12-16 14:00:00,2022-12-16 14:30:00,2022-12-16 15:00:00,1.0,1215.7,1203.6028295842,1245.9429260395002,0.6029674501793474,0.00012059349003586948,-1.0200989150059783,0.19426030379224746,-1.1076970514111448,False,False,1203.6028295842,False,0.75,0.5,6.0488338533746,,adverse_first,volatility_stop,0.006,,0.00012059349003586909,6.0296745017934545e-05,6.0296745017934545e-05,0.0,0.0,fractional_return,R,False
ETHUSD,2022-12-17 22:30:00,2022-12-17 23:00:00,2022-12-18 02:00:00,short,,,1186.0500000000002,1183.761952231446,1157.4292716523169,1197.4982913390736,r_trailing_stop,7,0.0011991559442997427,0.0010748352087553584,0.00012432073554438433,,,,,0.17913920145922638,0.4498487894366349,-0.33192726210855533,,,,,,,,2022-12-17 22:30:00,2022-12-17 23:00:00,2022-12-18 02:00:00,-1.0,1186.0500000000002,1183.761952231446,1157.4292716523169,0.6216036777219213,0.00012432073554438425,0.17913920145922638,0.4498487894366349,-0.33192726210855533,False,False,1183.761952231446,True,0.75,0.5,5.723904462891924,1183.761952231446,adverse_first,volatility_stop,0.006,,0.00012432073554438433,6.216036777219216e-05,6.216036777219216e-05,0.0,0.0,fractional_return,R,False
ETHUSD,2022-12-18 04:00:00,2022-12-18 04:30:00,2022-12-18 07:00:00,short,,,1195.15,1186.4175170067133,1168.4737149566413,1205.8205140173436,r_trailing_stop,6,0.004910250609723156,0.004775844713468399,0.0001344058962547568,,,,,0.7959741189114,1.0683646524873016,-0.1358884865005597,,,,,,,,2022-12-18 04:00:00,2022-12-18 04:30:00,2022-12-18 07:00:00,-1.0,1195.15,1186.4175170067133,1168.4737149566413,0.6720294812737833,0.00013440589625475665,0.7959741189114,1.0683646524873016,-0.1358884865005597,False,False,1186.4175170067133,True,0.75,0.5,5.335034013426676,1186.4175170067133,adverse_first,volatility_stop,0.006,,0.0001344058962547568,6.72029481273784e-05,6.72029481273784e-05,0.0,0.0,fractional_return,R,False
ETHUSD,2022-12-26 01:30:00,2022-12-26 02:00:00,2022-12-26 02:30:00,long,,,1221.0500000000002,1220.4499999999998,1236.8585685776898,1214.7265725689244,r_trailing_stop,2,-0.0004913803693545882,-0.0006913803693545882,0.00019999999999999998,,,,,-0.1335051298053389,0.4032623174369095,-0.19767760658674147,,,,,,,,2022-12-26 01:30:00,2022-12-26 02:00:00,2022-12-26 02:30:00,1.0,1221.0500000000002,1220.4499999999998,1236.8585685776898,1.0,0.0002,-0.1335051298053389,0.4032623174369095,-0.19767760658674147,False,False,1222.019207889136,True,0.75,0.5,3.1615842217281074,1222.019207889136,adverse_first,volatility_stop,0.006,,0.00019999999999999998,9.999999999999999e-05,9.999999999999999e-05,0.0,0.0,fractional_return,R,False
ETHUSD,2022-12-26 04:00:00,2022-12-26 04:30:00,2022-12-26 11:00:00,long,,,1220.15,1219.0500000000002,1235.6732755850303,1213.940689765988,r_trailing_stop,14,-0.0009015285005941065,-0.0011015285005941066,0.0002000000000000001,,,,,-0.21645399397792175,0.3784639374479277,-0.29793969543772725,,,,,,,,2022-12-26 04:00:00,2022-12-26 04:30:00,2022-12-26 11:00:00,1.0,1220.15,1219.0500000000002,1235.6732755850303,1.0,0.0002,-0.21645399397792175,0.3784639374479277,-0.29793969543772725,False,False,1220.9476088330318,True,0.75,0.5,3.104782333936491,1220.9476088330318,adverse_first,volatility_stop,0.006,,0.0002000000000000001,0.00010000000000000005,0.00010000000000000005,0.0,0.0,fractional_return,R,False
ETHUSD,2022-12-26 13:30:00,2022-12-26 14:00:00,2022-12-26 19:30:00,long,,,1215.65,1217.4,1229.1775774120238,1210.2389690351906,r_trailing_stop,12,0.001439559083617814,0.001239559083617814,0.0002000000000000001,,,,,0.2784811267575244,0.7854325779393592,-0.48974031330338197,,,,,,,,2022-12-26 13:30:00,2022-12-26 14:00:00,2022-12-26 19:30:00,1.0,1215.65,1217.4,1229.1775774120238,1.0,0.0002,0.2784811267575244,0.7854325779393592,-0.48974031330338197,False,False,1218.5471866784308,True,0.75,0.5,2.7056266431384746,1218.5471866784308,adverse_first,volatility_stop,0.006,,0.0002000000000000001,0.00010000000000000005,0.00010000000000000005,0.0,0.0,fractional_return,R,False
ETHUSD,2022-12-29 08:00:00,2022-12-29 08:30:00,2022-12-29 09:30:00,long,,,1192.75,1197.6,1211.738838449004,1185.1544646203984,r_trailing_stop,3,0.003831198005890266,0.0036427583596417793,0.0001884396462484869,,,,,0.6071263932736298,1.0137534242390536,-0.3818032377004325,,,,,,,,2022-12-29 08:00:00,2022-12-29 08:30:00,2022-12-29 09:30:00,1.0,1192.75,1197.6,1211.738838449004,0.9421982312424344,0.0001884396462484869,0.6071263932736298,1.0137534242390536,-0.3818032377004325,False,False,1198.5509569688195,True,0.75,0.5,3.798086062361314,1198.5509569688195,adverse_first,volatility_stop,0.006,,0.0001884396462484869,9.421982312424345e-05,9.421982312424345e-05,0.0,0.0,fractional_return,R,False
ETHUSD,2022-12-29 10:30:00,2022-12-29 11:00:00,2022-12-29 14:00:00,long,,,1199.8,1200.6,1219.04497764837,1192.102008940652,r_trailing_stop,7,0.0006235393056440935,0.00043650869091615865,0.00018703061472793482,,,,,0.07275144848602644,0.6625105122468318,-0.2792936473197176,,,,,,,,2022-12-29 10:30:00,2022-12-29 11:00:00,2022-12-29 14:00:00,1.0,1199.8,1200.6,1219.04497764837,0.9351530736396739,0.0001870306147279348,0.07275144848602644,0.6625105122468318,-0.2792936473197176,False,False,1202.9755824286087,True,0.75,0.5,3.8488351427826353,1202.9755824286087,adverse_first,volatility_stop,0.006,,0.00018703061472793482,9.351530736396741e-05,9.351530736396741e-05,0.0,0.0,fractional_return,R,False
ETHUSD,2022-12-29 14:30:00,2022-12-29 15:00:00,2022-12-29 15:30:00,long,,,1202.0,1202.9,1221.096807767637,1194.3612768929452,r_trailing_stop,2,0.0007069244328301055,0.0005180970621052974,0.00018882737072480808,,,,,0.0863495103508829,0.530193324622509,-0.21600468780917254,,,,,,,,2022-12-29 14:30:00,2022-12-29 15:00:00,2022-12-29 15:30:00,1.0,1202.0,1202.9,1221.096807767637,0.9441368536240403,0.00018882737072480808,0.0863495103508829,0.530193324622509,-0.21600468780917254,False,False,1204.1403986668013,True,0.75,0.5,3.8192026663977163,1204.1403986668013,adverse_first,volatility_stop,0.006,,0.00018882737072480808,9.441368536240404e-05,9.441368536240404e-05,0.0,0.0,fractional_return,R,False
ETHUSD,2022-12-29 15:30:00,2022-12-29 16:00:00,2022-12-29 20:30:00,long,,,1201.1,1193.4474374799056,1220.2314063002354,1193.4474374799056,stop_loss,10,-0.006000000000000104,-0.006188344753305335,0.0001883447533052307,,,,,-1.0313907922175558,0.21561405028282696,-1.2218129516026068,,,,,,,,2022-12-29 15:30:00,2022-12-29 16:00:00,2022-12-29 20:30:00,1.0,1201.1,1193.4474374799056,1220.2314063002354,0.9417237665261537,0.00018834475330523076,-1.0313907922175558,0.21561405028282696,-1.2218129516026068,False,False,1193.4474374799056,False,0.75,0.5,3.8264404036773283,,adverse_first,volatility_stop,0.006,,0.0001883447533052307,9.417237665261535e-05,9.417237665261535e-05,0.0,0.0,fractional_return,R,False
ETHUSD,2022-12-29 20:30:00,2022-12-29 21:00:00,2022-12-29 23:00:00,long,,,1196.35,1197.85,1215.5645997058832,1188.6641601176466,r_trailing_stop,5,0.0011709845817454813,0.0009841969278293254,0.00018678765391615592,,,,,0.16403282130488755,0.917271255700626,-0.34478990462503134,,,,,,,,2022-12-29 20:30:00,2022-12-29 21:00:00,2022-12-29 23:00:00,1.0,1196.35,1197.85,1215.5645997058832,0.9339382695807792,0.00018678765391615584,0.16403282130488755,0.917271255700626,-0.34478990462503134,False,False,1200.228620382299,True,0.75,0.5,3.8427592354023083,1200.228620382299,adverse_first,volatility_stop,0.006,,0.00018678765391615592,9.339382695807796e-05,9.339382695807796e-05,0.0,0.0,fractional_return,R,False
ETHUSD,2022-12-30 01:30:00,2022-12-30 02:00:00,2022-12-30 03:00:00,long,,,1195.9,1197.4,1215.0962999947137,1188.2214800021147,r_trailing_stop,3,0.0011721008739285367,0.0009852054825777036,0.0001868953913508331,,,,,0.1642009137629506,0.5665154223988328,-0.11069841587102676,,,,,,,,2022-12-30 01:30:00,2022-12-30 02:00:00,2022-12-30 03:00:00,1.0,1195.9,1197.4,1215.0962999947137,0.9344769567541659,0.0001868953913508332,0.1642009137629506,0.5665154223988328,-0.11069841587102676,False,False,1198.3302897427272,True,0.75,0.5,3.8394205145453704,1198.3302897427272,adverse_first,volatility_stop,0.006,,0.0001868953913508331,9.344769567541655e-05,9.344769567541655e-05,0.0,0.0,fractional_return,R,False
ETHUSD,2022-12-30 05:30:00,2022-12-30 06:00:00,2022-12-30 07:00:00,long,,,1193.15,1185.7590136886809,1211.6274657782983,1185.7590136886809,stop_loss,3,-0.006,-0.006193719747228761,0.00019371974722876082,,,,,-1.0322866245381268,0.3247198545509795,-1.0959295091096366,,,,,,,,2022-12-30 05:30:00,2022-12-30 06:00:00,2022-12-30 07:00:00,1.0,1193.15,1185.7590136886809,1211.6274657782983,0.9685987361438021,0.00019371974722876044,-1.0322866245381268,0.3247198545509795,-1.0959295091096366,False,False,1185.7590136886809,False,0.75,0.5,3.6970418342398843,,adverse_first,volatility_stop,0.006,,0.00019371974722876082,9.685987361438041e-05,9.685987361438041e-05,0.0,0.0,fractional_return,R,False
ETHUSD,2022-12-30 07:00:00,2022-12-30 07:30:00,2022-12-30 09:30:00,long,,,1188.1,1192.4689162671968,1206.9116292938356,1180.5753482824657,r_trailing_stop,5,0.00348368251278637,0.0032942092914972406,0.00018947322128912928,,,,,0.5490348819162068,0.8306032271814041,-0.4584929814041109,,,,,,,,2022-12-30 07:00:00,2022-12-30 07:30:00,2022-12-30 09:30:00,1.0,1188.1,1192.4689162671968,1206.9116292938356,0.9473661064456458,0.00018947322128912917,0.5490348819162068,0.8306032271814041,-0.4584929814041109,False,False,1192.4689162671968,True,0.75,0.5,3.762167465605905,1192.4689162671968,adverse_first,volatility_stop,0.006,,0.00018947322128912928,9.473661064456464e-05,9.473661064456464e-05,0.0,0.0,fractional_return,R,False
ETHUSD,2022-12-30 12:30:00,2022-12-30 13:00:00,2022-12-30 14:30:00,long,,,1192.3,1185.0643994844984,1210.389001288754,1185.0643994844984,stop_loss,4,-0.006,-0.006197738943289467,0.00019773894328946676,,,,,-1.0329564905482445,0.22803912356201786,-1.4580683355027133,,,,,,,,2022-12-30 12:30:00,2022-12-30 13:00:00,2022-12-30 14:30:00,1.0,1192.3,1185.0643994844984,1210.389001288754,0.9886947164473323,0.00019773894328946646,-1.0329564905482445,0.22803912356201786,-1.4580683355027133,False,False,1185.0643994844984,False,0.75,0.5,3.617951951986593,,adverse_first,volatility_stop,0.006,,0.00019773894328946676,9.886947164473338e-05,9.886947164473338e-05,0.0,0.0,fractional_return,R,False
ETHUSD,2022-12-30 14:30:00,2022-12-30 15:00:00,2022-12-30 15:30:00,long,,,1189.1,1193.75,1207.7556703227106,1181.6377318709156,r_trailing_stop,2,0.0037388096376838177,0.00354759163595609,0.0001912180017277277,,,,,0.5912652726593484,1.2730713820069726,-0.2747154034856786,,,,,,,,2022-12-30 14:30:00,2022-12-30 15:00:00,2022-12-30 15:30:00,1.0,1189.1,1193.75,1207.7556703227106,0.9560900086386377,0.00019121800172772755,0.5912652726593484,1.2730713820069726,-0.2747154034856786,False,False,1196.734511462645,True,0.75,0.5,3.7309770747096382,1196.734511462645,adverse_first,volatility_stop,0.006,,0.0001912180017277277,9.560900086386386e-05,9.560900086386386e-05,0.0,0.0,fractional_return,R,False
ETHUSD,2022-12-30 15:30:00,2022-12-30 16:00:00,2022-12-30 19:00:00,long,,,1194.85,1196.1488328216071,1214.35922258466,1187.046310966136,r_trailing_stop,7,0.0009986298654170267,0.0008148936870816335,0.0001837361783353932,,,,,0.13581561451360558,0.4164696960497376,-0.3203613046536443,,,,,,,,2022-12-30 15:30:00,2022-12-30 16:00:00,2022-12-30 19:00:00,1.0,1194.85,1196.1488328216071,1214.35922258466,0.9186808916769659,0.00018373617833539318,0.13581561451360558,0.4164696960497376,-0.3203613046536443,False,False,1196.1488328216071,True,0.75,0.5,3.9023343567854103,1196.1488328216071,adverse_first,volatility_stop,0.006,,0.0001837361783353932,9.18680891676966e-05,9.18680891676966e-05,0.0,0.0,fractional_return,R,False
ETHUSD,2022-12-30 21:00:00,2022-12-30 21:30:00,2022-12-31 05:30:00,long,,,1200.0,1192.6331581547856,1218.417104613036,1192.6331581547856,stop_loss,17,-0.006,-0.006195470464855364,0.00019547046485536394,,,,,-1.0325784108092273,0.033935844592945144,-1.1606058850787486,,,,,,,,2022-12-30 21:00:00,2022-12-30 21:30:00,2022-12-31 05:30:00,1.0,1200.0,1192.6331581547856,1218.417104613036,0.9773523242768202,0.00019547046485536405,-1.0325784108092273,0.033935844592945144,-1.1606058850787486,False,False,1192.6331581547856,False,0.75,0.5,3.68326737453282,,adverse_first,volatility_stop,0.006,,0.00019547046485536394,9.773523242768197e-05,9.773523242768197e-05,0.0,0.0,fractional_return,R,False
ETHUSD,2023-01-04 01:00:00,2023-01-04 01:30:00,2023-01-04 02:00:00,long,,,1225.6,1223.8,1240.1721425451337,1219.7711429819465,r_trailing_stop,2,-0.001468668407310636,-0.001668668407310636,0.0002000000000000001,,,,,-0.3508612398049276,0.5661487303221282,-0.4546345864707515,,,,,,,,2023-01-04 01:00:00,2023-01-04 01:30:00,2023-01-04 02:00:00,1.0,1225.6,1223.8,1240.1721425451337,1.0,0.0002,-0.3508612398049276,0.5661487303221282,-0.4546345864707515,False,False,1226.5428451908567,True,0.75,0.5,2.9143096182866444,1226.5428451908567,adverse_first,volatility_stop,0.006,,0.0002000000000000001,0.00010000000000000005,0.00010000000000000005,0.0,0.0,fractional_return,R,False
ETHUSD,2023-01-04 02:00:00,2023-01-04 02:30:00,2023-01-04 03:00:00,long,,,1227.35,1231.6,1242.3734899271744,1221.3406040291302,r_trailing_stop,2,0.003462744938281581,0.003262744938281581,0.0002000000000000001,,,,,0.6663781217632554,4.534565559016775,0.0,,,,,,,,2023-01-04 02:00:00,2023-01-04 02:30:00,2023-01-04 03:00:00,1.0,1227.35,1231.6,1242.3734899271744,1.0,0.0002,0.6663781217632554,4.534565559016775,0.0,False,False,1231.6477734490463,True,0.75,0.5,3.004453101907639,1231.6477734490463,adverse_first,volatility_stop,0.006,,0.0002000000000000001,0.00010000000000000005,0.00010000000000000005,0.0,0.0,fractional_return,R,False
ETHUSD,2023-01-04 03:00:00,2023-01-04 03:30:00,2023-01-04 04:00:00,long,,,1247.5,1250.8,1264.9115859292215,1240.5353656283114,r_trailing_stop,2,0.002645290581162252,0.0024452905811622517,0.0002000000000000001,,,,,0.4379985850226778,0.9978987595173648,-0.150761683092544,,,,,,,,2023-01-04 03:00:00,2023-01-04 03:30:00,2023-01-04 04:00:00,1.0,1247.5,1250.8,1264.9115859292215,1.0,0.0002,0.4379985850226778,0.9978987595173648,-0.150761683092544,False,False,1250.808911262562,True,0.75,0.5,3.4821774748758565,1250.808911262562,adverse_first,volatility_stop,0.006,,0.0002000000000000001,0.00010000000000000005,0.00010000000000000005,0.0,0.0,fractional_return,R,False
ETHUSD,2023-01-04 04:00:00,2023-01-04 04:30:00,2023-01-04 05:00:00,long,,,1250.15,1250.4,1268.0283842929407,1242.9986462828238,r_trailing_stop,2,0.0001999760028796871,-2.3997120312922596e-08,0.0002,,,,,-4.195009944361397e-06,0.41250931175651684,-0.3216174295051262,,,,,,,,2023-01-04 04:00:00,2023-01-04 04:30:00,2023-01-04 05:00:00,1.0,1250.15,1250.4,1268.0283842929407,1.0,0.0002,-4.195009944361397e-06,0.41250931175651684,-0.3216174295051262,False,False,1251.3122330638018,True,0.75,0.5,3.575533872396166,1251.3122330638018,adverse_first,volatility_stop,0.006,,0.0002,0.0001,0.0001,0.0,0.0,fractional_return,R,False
ETHUSD,2023-01-04 06:30:00,2023-01-04 07:00:00,2023-01-04 07:30:00,short,,,1250.5,1249.85,1232.873398632626,1257.5506405469496,r_trailing_stop,2,0.0005197920831667702,0.0003197920831667702,0.00019999999999999998,,,,,0.05671825096417099,0.39712703850880415,-0.36166926721334525,,,,,,,,2023-01-04 06:30:00,2023-01-04 07:00:00,2023-01-04 07:30:00,-1.0,1250.5,1249.85,1232.873398632626,1.0,0.0002,0.05671825096417099,0.39712703850880415,-0.36166926721334525,False,False,1249.4625896614634,True,0.75,0.5,3.5251793229273236,1249.4625896614634,adverse_first,volatility_stop,0.006,,0.00019999999999999998,9.999999999999999e-05,9.999999999999999e-05,0.0,0.0,fractional_return,R,False
ETHUSD,2023-01-04 07:30:00,2023-01-04 08:00:00,2023-01-04 08:00:00,short,,,1251.95,1259.0415774251103,1234.2210564372247,1259.0415774251103,stop_loss,1,-0.005664425436407328,-0.005864425436407327,0.00019999999999999966,,,,,-1.0353080823898797,0.44418890342311873,-1.255009917608212,,,,,,,,2023-01-04 07:30:00,2023-01-04 08:00:00,2023-01-04 08:00:00,-1.0,1251.95,1259.0415774251103,1234.2210564372247,1.0,0.0002,-1.0353080823898797,0.44418890342311873,-1.255009917608212,False,False,1259.0415774251103,False,0.75,0.5,3.545647189386487,,adverse_first,volatility_stop,0.006,,0.00019999999999999966,9.999999999999983e-05,9.999999999999983e-05,0.0,0.0,fractional_return,R,False
ETHUSD,2023-01-04 11:30:00,2023-01-04 12:00:00,2023-01-04 15:30:00,short,,,1251.75,1249.95,1234.4383930078475,1258.674642796861,r_trailing_stop,8,0.0014379868184540845,0.0012379868184540844,0.0002000000000000001,,,,,0.2237877166317327,1.0542060022661528,-0.815926563397794,,,,,,,,2023-01-04 11:30:00,2023-01-04 12:00:00,2023-01-04 15:30:00,-1.0,1251.75,1249.95,1234.4383930078475,1.0,0.0002,0.2237877166317327,1.0542060022661528,-0.815926563397794,False,False,1246.1810914944015,True,0.75,0.5,3.4621829888029247,1246.1810914944015,adverse_first,volatility_stop,0.006,,0.0002000000000000001,0.00010000000000000005,0.00010000000000000005,0.0,0.0,fractional_return,R,False
ETHUSD,2023-01-05 07:00:00,2023-01-05 07:30:00,2023-01-05 08:30:00,long,,,1248.5,1249.673127776229,1266.2694340824382,1241.3922263670247,r_trailing_stop,3,0.0009396297767152451,0.0007396297767152451,0.00019999999999999998,,,,,0.1299180058218088,0.4572458505040429,-0.05627641236974116,,,,,,,,2023-01-05 07:00:00,2023-01-05 07:30:00,2023-01-05 08:30:00,1.0,1248.5,1249.673127776229,1266.2694340824382,1.0,0.0002,0.1299180058218088,0.4572458505040429,-0.05627641236974116,False,False,1249.673127776229,True,0.75,0.5,3.5537444475416895,1249.673127776229,adverse_first,volatility_stop,0.006,,0.00019999999999999998,9.999999999999999e-05,9.999999999999999e-05,0.0,0.0,fractional_return,R,False
ETHUSD,2023-01-05 08:30:00,2023-01-05 09:00:00,2023-01-05 12:00:00,long,,,1250.6999999999998,1253.9000691289737,1268.1986085102426,1243.7005565959028,r_trailing_stop,7,0.002558622474593264,0.002358622474593264,0.0002000000000000001,,,,,0.42145195820099923,0.7357727897314781,-0.7357727897314457,,,,,,,,2023-01-05 08:30:00,2023-01-05 09:00:00,2023-01-05 12:00:00,1.0,1250.6999999999998,1253.9000691289737,1268.1986085102426,1.0,0.0002,0.42145195820099923,0.7357727897314781,-0.7357727897314457,False,False,1253.9000691289737,True,0.75,0.5,3.4998617420529636,1253.9000691289737,adverse_first,volatility_stop,0.006,,0.0002000000000000001,0.00010000000000000005,0.00010000000000000005,0.0,0.0,fractional_return,R,False
ETHUSD,2023-01-05 12:00:00,2023-01-05 12:30:00,2023-01-05 14:30:00,long,,,1252.1,1245.135391867254,1269.511520331865,1245.135391867254,stop_loss,5,-0.005562341772019752,-0.005762341772019752,0.00019999999999999966,,,,,-1.0359560789676652,0.25844957328424517,-1.399935188622853,,,,,,,,2023-01-05 12:00:00,2023-01-05 12:30:00,2023-01-05 14:30:00,1.0,1252.1,1245.135391867254,1269.511520331865,1.0,0.0002,-1.0359560789676652,0.25844957328424517,-1.399935188622853,False,False,1245.135391867254,False,0.75,0.5,3.4821650983442,,adverse_first,volatility_stop,0.006,,0.00019999999999999966,9.999999999999983e-05,9.999999999999983e-05,0.0,0.0,fractional_return,R,False
ETHUSD,2023-01-05 14:30:00,2023-01-05 15:00:00,2023-01-05 15:30:00,long,,,1248.3000000000002,1250.3000000000002,1266.304308411386,1241.098276635446,r_trailing_stop,2,0.0016021789633902106,0.0014021789633902105,0.0002000000000000001,,,,,0.24304460354793336,0.6526215687667866,-0.11108452234331238,,,,,,,,2023-01-05 14:30:00,2023-01-05 15:00:00,2023-01-05 15:30:00,1.0,1248.3000000000002,1250.3000000000002,1266.304308411386,1.0,0.0002,0.24304460354793336,0.6526215687667866,-0.11108452234331238,False,False,1251.1994970076273,True,0.75,0.5,3.6010059847455334,1251.1994970076273,adverse_first,volatility_stop,0.006,,0.0002000000000000001,0.00010000000000000005,0.00010000000000000005,0.0,0.0,fractional_return,R,False
ETHUSD,2023-01-05 15:30:00,2023-01-05 16:00:00,2023-01-05 20:00:00,long,,,1249.35,1253.0332634070523,1267.5188201740616,1242.0824719303753,r_trailing_stop,9,0.002948143760397315,0.0027481437603973148,0.0002000000000000001,,,,,0.4724293286740203,0.7567910226570442,-0.35775575616513566,,,,,,,,2023-01-05 15:30:00,2023-01-05 16:00:00,2023-01-05 20:00:00,1.0,1249.35,1253.0332634070523,1267.5188201740616,1.0,0.0002,0.4724293286740203,0.7567910226570442,-0.35775575616513566,False,False,1253.0332634070523,True,0.75,0.5,3.633473185895348,1253.0332634070523,adverse_first,volatility_stop,0.006,,0.0002000000000000001,0.00010000000000000005,0.00010000000000000005,0.0,0.0,fractional_return,R,False
ETHUSD,2023-01-06 09:00:00,2023-01-06 09:30:00,2023-01-06 11:30:00,short,,,1248.2,1242.75,1232.65535391476,1254.417858434096,r_trailing_stop,5,0.004366287453933748,0.0041662874539337485,0.00019999999999999966,,,,,0.8363587005267982,1.5841467129562243,-0.08845489260160805,,,,,,,,2023-01-06 09:00:00,2023-01-06 09:30:00,2023-01-06 11:30:00,-1.0,1248.2,1242.75,1232.65535391476,1.0,0.0002,0.8363587005267982,1.5841467129562243,-0.08845489260160805,False,False,1239.9044023158413,True,0.75,0.5,3.108804631682892,1239.9044023158413,adverse_first,volatility_stop,0.006,,0.00019999999999999966,9.999999999999983e-05,9.999999999999983e-05,0.0,0.0,fractional_return,R,False
ETHUSD,2023-01-06 11:30:00,2023-01-06 12:00:00,2023-01-06 13:30:00,short,,,1243.4,1241.2345216254932,1227.5554213271012,1249.7378314691596,r_trailing_stop,4,0.001741578232673957,0.001541578232673957,0.0002000000000000001,,,,,0.30243757408730443,1.0965895880664287,-1.5778267454193116,,,,,,,,2023-01-06 11:30:00,2023-01-06 12:00:00,2023-01-06 13:30:00,-1.0,1243.4,1241.2345216254932,1227.5554213271012,1.0,0.0002,0.30243757408730443,1.0965895880664287,-1.5778267454193116,False,False,1241.2345216254932,True,0.75,0.5,3.1690432509863697,1241.2345216254932,adverse_first,volatility_stop,0.006,,0.0002000000000000001,0.00010000000000000005,0.00010000000000000005,0.0,0.0,fractional_return,R,False
ETHUSD,2023-01-06 13:30:00,2023-01-06 14:00:00,2023-01-06 15:00:00,short,,,1250.35,1248.4,1232.9356374248978,1257.3157450300407,r_trailing_stop,3,0.001559563322269586,0.0013595633222695858,0.0002000000000000001,,,,,0.24404137571337534,0.6101285622243199,-0.38043310350458903,,,,,,,,2023-01-06 13:30:00,2023-01-06 14:00:00,2023-01-06 15:00:00,-1.0,1250.35,1248.4,1232.9356374248978,1.0,0.0002,0.24404137571337534,0.6101285622243199,-0.38043310350458903,False,False,1247.8413666562694,True,0.75,0.5,3.482733312539253,1247.8413666562694,adverse_first,volatility_stop,0.006,,0.0002000000000000001,0.00010000000000000005,0.00010000000000000005,0.0,0.0,fractional_return,R,False
ETHUSD,2023-01-06 15:00:00,2023-01-06 15:30:00,2023-01-06 15:30:00,short,,,1250.2,1257.3167712625116,1232.408071843721,1257.3167712625116,stop_loss,1,-0.005692506209015846,-0.005892506209015846,0.00019999999999999966,,,,,-1.035133909855599,0.04215394719516165,-1.9742098603070302,,,,,,,,2023-01-06 15:00:00,2023-01-06 15:30:00,2023-01-06 15:30:00,-1.0,1250.2,1257.3167712625116,1232.408071843721,1.0,0.0002,-1.035133909855599,0.04215394719516165,-1.9742098603070302,False,False,1257.3167712625116,False,0.75,0.5,3.5585279288534704,,adverse_first,volatility_stop,0.006,,0.00019999999999999966,9.999999999999983e-05,9.999999999999983e-05,0.0,0.0,fractional_return,R,False
ETHUSD,2023-01-07 00:30:00,2023-01-07 01:00:00,2023-01-07 06:30:00,short,,,1270.5,1264.0089764501342,1250.9110067384318,1278.3355973046273,r_trailing_stop,12,0.004970411289027653,0.004775837736976981,0.00019457355205067164,,,,,0.7959729561628301,1.0784117242739981,-0.05104907570529073,,,,,,,,2023-01-07 00:30:00,2023-01-07 01:00:00,2023-01-07 06:30:00,-1.0,1270.5,1264.0089764501342,1250.9110067384318,0.9728677602533568,0.00019457355205067137,0.7959729561628301,1.0784117242739981,-0.05104907570529073,False,False,1264.0089764501342,True,0.75,0.5,3.917952900267909,1264.0089764501342,adverse_first,volatility_stop,0.006,,0.00019457355205067164,9.728677602533582e-05,9.728677602533582e-05,0.0,0.0,fractional_return,R,False
ETHUSD,2023-01-09 08:00:00,2023-01-09 08:30:00,2023-01-09 08:30:00,short,,,1309.3,1316.7792364241088,1290.6019089397275,1316.7792364241088,stop_loss,1,-0.005712393205612898,-0.0059123932056128975,0.00019999999999999966,,,,,-1.0350115954559085,0.12701831392009172,-1.0763130811122985,,,,,,,,2023-01-09 08:00:00,2023-01-09 08:30:00,2023-01-09 08:30:00,-1.0,1309.3,1316.7792364241088,1290.6019089397275,1.0,0.0002,-1.0350115954559085,0.12701831392009172,-1.0763130811122985,False,False,1316.7792364241088,False,0.75,0.5,3.7397608789765475,,adverse_first,volatility_stop,0.006,,0.00019999999999999966,9.999999999999983e-05,9.999999999999983e-05,0.0,0.0,fractional_return,R,False
ETHUSD,2023-01-10 10:00:00,2023-01-10 10:30:00,2023-01-10 12:30:00,short,,,1333.35,1327.6742168644435,1309.1069217610288,1343.0472312955883,r_trailing_stop,5,0.0035117960761471617,0.0033467984648467178,0.00016499761130044392,,,,,0.5577997441411197,0.8352899660839161,-0.11343443983857186,,,,,,,,2023-01-10 10:00:00,2023-01-10 10:30:00,2023-01-10 12:30:00,-1.0,1333.35,1327.6742168644435,1309.1069217610288,0.82498805650222,0.000164997611300444,0.5577997441411197,0.8352899660839161,-0.11343443983857186,False,False,1327.6742168644435,True,0.75,0.5,4.848433728886948,1327.6742168644435,adverse_first,volatility_stop,0.006,,0.00016499761130044392,8.249880565022196e-05,8.249880565022196e-05,0.0,0.0,fractional_return,R,False
ETHUSD,2023-01-10 14:30:00,2023-01-10 15:00:00,2023-01-10 17:00:00,short,,,1332.2,1330.3963865726923,1307.7352153708227,1341.985913851671,r_trailing_stop,5,0.00110584261499484,0.000942481274988047,0.00016336134000679312,,,,,0.15708021249800783,0.4342977124486216,-0.8481578854878916,,,,,,,,2023-01-10 14:30:00,2023-01-10 15:00:00,2023-01-10 17:00:00,-1.0,1332.2,1330.3963865726923,1307.7352153708227,0.8168067000339657,0.00016336134000679314,0.15708021249800783,0.4342977124486216,-0.8481578854878916,False,False,1330.3963865726923,True,0.75,0.5,4.892773145384645,1330.3963865726923,adverse_first,volatility_stop,0.006,,0.00016336134000679312,8.168067000339656e-05,8.168067000339656e-05,0.0,0.0,fractional_return,R,False
ETHUSD,2023-01-10 18:00:00,2023-01-10 18:30:00,2023-01-10 20:00:00,short,,,1335.8,1345.6343284087254,1311.214178978186,1345.6343284087254,stop_loss,4,-0.006,-0.006162996387081986,0.0001629963870819857,,,,,-1.0271660645136642,0.005084231268460816,-1.108362416525452,,,,,,,,2023-01-10 18:00:00,2023-01-10 18:30:00,2023-01-10 20:00:00,-1.0,1335.8,1345.6343284087254,1311.214178978186,0.8149819354099286,0.00016299638708198574,-1.0271660645136642,0.005084231268460816,-1.108362416525452,False,False,1345.6343284087254,False,0.75,0.5,4.91698028899209,,adverse_first,volatility_stop,0.006,,0.0001629963870819857,8.149819354099285e-05,8.149819354099285e-05,0.0,0.0,fractional_return,R,False
ETHUSD,2023-01-11 00:30:00,2023-01-11 01:00:00,2023-01-11 03:30:00,short,,,1337.95,1331.2,1313.7320047442802,1347.637198102288,r_trailing_stop,6,0.00418077544944957,0.004015037123150576,0.00016573832629899424,,,,,0.6691728538584293,1.0787432949814342,-0.3974317402563067,,,,,,,,2023-01-11 00:30:00,2023-01-11 01:00:00,2023-01-11 03:30:00,-1.0,1337.95,1331.2,1313.7320047442802,0.8286916314949724,0.0001657383262989945,0.6691728538584293,1.0787432949814342,-0.3974317402563067,False,False,1329.9217090338138,True,0.75,0.5,4.8434180676275425,1329.9217090338138,adverse_first,volatility_stop,0.006,,0.00016573832629899424,8.286916314949712e-05,8.286916314949712e-05,0.0,0.0,fractional_return,R,False
ETHUSD,2023-01-11 19:00:00,2023-01-11 19:30:00,2023-01-11 22:00:00,short,,,1340.8,1349.972316251695,1317.869209370762,1349.972316251695,stop_loss,6,-0.006,-0.0061754147977292695,0.0001754147977292694,,,,,-1.0292357996215449,0.1035725299838504,-1.7988913102457367,,,,,,,,2023-01-11 19:00:00,2023-01-11 19:30:00,2023-01-11 22:00:00,-1.0,1340.8,1349.972316251695,1317.869209370762,0.877073988646349,0.0001754147977292698,-1.0292357996215449,0.1035725299838504,-1.7988913102457367,False,False,1349.972316251695,False,0.75,0.5,4.585987112175178,,adverse_first,volatility_stop,0.006,,0.0001754147977292694,8.77073988646347e-05,8.77073988646347e-05,0.0,0.0,fractional_return,R,False
ETHUSD,2023-01-11 22:00:00,2023-01-11 22:30:00,2023-01-11 23:00:00,short,,,1347.75,1357.2186707389774,1324.0783231525565,1357.2186707389774,stop_loss,2,-0.006,-0.006170805390173982,0.0001708053901739821,,,,,-1.028467565028997,0.0528057225542516,-3.405969104749228,,,,,,,,2023-01-11 22:00:00,2023-01-11 22:30:00,2023-01-11 23:00:00,-1.0,1347.75,1357.2186707389774,1324.0783231525565,0.8540269508699111,0.00017080539017398224,-1.028467565028997,0.0528057225542516,-3.405969104749228,False,False,1357.2186707389774,False,0.75,0.5,4.734159644191746,,adverse_first,volatility_stop,0.006,,0.0001708053901739821,8.540269508699105e-05,8.540269508699105e-05,0.0,0.0,fractional_return,R,False
ETHUSD,2023-01-13 10:30:00,2023-01-13 11:00:00,2023-01-13 12:30:00,long,,,1416.6,1402.8183843780307,1451.0540390549227,1402.8183843780307,stop_loss,4,-0.006000000000000069,-0.006123346931639214,0.00012334693163914504,,,,,-1.020557821939869,0.010884064982989135,-1.0557543033493026,,,,,,,,2023-01-13 10:30:00,2023-01-13 11:00:00,2023-01-13 12:30:00,1.0,1416.6,1402.8183843780307,1451.0540390549227,0.6167346581957265,0.0001233469316391453,-1.020557821939869,0.010884064982989135,-1.0557543033493026,False,False,1402.8183843780307,False,0.75,0.5,6.8910508110365685,,adverse_first,volatility_stop,0.006,,0.00012334693163914504,6.167346581957252e-05,6.167346581957252e-05,0.0,0.0,fractional_return,R,False
ETHUSD,2023-01-13 12:30:00,2023-01-13 13:00:00,2023-01-13 15:00:00,long,,,1406.65,1409.75,1440.3404508834706,1393.173819646612,r_trailing_stop,5,0.001380213050897888,0.0012549564903788233,0.00012525656051906478,,,,,0.20915941506313718,1.3171387985719072,-0.24487650903028355,,,,,,,,2023-01-13 12:30:00,2023-01-13 13:00:00,2023-01-13 15:00:00,1.0,1406.65,1409.75,1440.3404508834706,0.6262828025953241,0.00012525656051906483,0.20915941506313718,1.3171387985719072,-0.24487650903028355,False,False,1412.7811945020276,True,0.75,0.5,6.737610995944881,1412.7811945020276,adverse_first,volatility_stop,0.006,,0.00012525656051906478,6.262828025953239e-05,6.262828025953239e-05,0.0,0.0,fractional_return,R,False
ETHUSD,2023-01-13 15:00:00,2023-01-13 15:30:00,2023-01-13 16:00:00,long,,,1423.75,1410.0844775896985,1457.9138060257537,1410.0844775896985,stop_loss,2,-0.006000000000000001,-0.006125022662778855,0.00012502266277885418,,,,,-1.0208371104631424,0.0036588429259215866,-1.2074181655552219,,,,,,,,2023-01-13 15:00:00,2023-01-13 15:30:00,2023-01-13 16:00:00,1.0,1423.75,1410.0844775896985,1457.9138060257537,0.6251133138942717,0.00012502266277885434,-1.0208371104631424,0.0036588429259215866,-1.2074181655552219,False,False,1410.0844775896985,False,0.75,0.5,6.833241245396363,,adverse_first,volatility_stop,0.006,,0.00012502266277885418,6.251133138942709e-05,6.251133138942709e-05,0.0,0.0,fractional_return,R,False
ETHUSD,2023-01-13 16:00:00,2023-01-13 16:30:00,2023-01-13 17:30:00,long,,,1411.7,1419.7,1446.6185092595872,1397.7325962961652,r_trailing_stop,3,0.0034365728246847434,0.003315287578269557,0.00012128524641518649,,,,,0.5525479297115928,0.9164194199159299,-0.15035006107996754,,,,,,,,2023-01-13 16:00:00,2023-01-13 16:30:00,2023-01-13 17:30:00,1.0,1411.7,1419.7,1446.6185092595872,0.6064262320759326,0.00012128524641518653,0.5525479297115928,0.9164194199159299,-0.15035006107996754,False,False,1421.0082725887412,True,0.75,0.5,6.983454822517605,1421.0082725887412,adverse_first,volatility_stop,0.006,,0.00012128524641518649,6.0642623207593244e-05,6.0642623207593244e-05,0.0,0.0,fractional_return,R,False
ETHUSD,2023-01-13 17:30:00,2023-01-13 18:00:00,2023-01-13 18:30:00,long,,,1417.15,1418.8,1452.7116323665018,1402.9253470533995,r_trailing_stop,2,0.0006959748007325256,0.000576423202083056,0.00011955159864946959,,,,,0.09607053368050933,0.5342836854108384,-0.08436058190697868,,,,,,,,2023-01-13 17:30:00,2023-01-13 18:00:00,2023-01-13 18:30:00,1.0,1417.15,1418.8,1452.7116323665018,0.5977579932473477,0.00011955159864946954,0.09607053368050933,0.5342836854108384,-0.08436058190697868,False,False,1421.1942130532125,True,0.75,0.5,7.111573893574992,1421.1942130532125,adverse_first,volatility_stop,0.006,,0.00011955159864946959,5.9775799324734795e-05,5.9775799324734795e-05,0.0,0.0,fractional_return,R,False
ETHUSD,2023-01-15 13:30:00,2023-01-15 14:00:00,2023-01-15 15:30:00,short,,,1531.75,1548.7541721763555,1489.2395695591113,1548.7541721763555,stop_loss,4,-0.006,-0.006108097000014849,0.00010809700001484894,,,,,-1.0180161666691414,0.03234500299667416,-1.646654698011958,,,,,,,,2023-01-15 13:30:00,2023-01-15 14:00:00,2023-01-15 15:30:00,-1.0,1531.75,1548.7541721763555,1489.2395695591113,0.5404850000742465,0.0001080970000148493,-1.0180161666691414,0.03234500299667416,-1.646654698011958,False,False,1548.7541721763555,False,0.75,0.5,8.502918595129335,,adverse_first,volatility_stop,0.006,,0.00010809700001484894,5.404850000742447e-05,5.404850000742447e-05,0.0,0.0,fractional_return,R,False
ETHUSD,2023-01-15 15:30:00,2023-01-15 16:00:00,2023-01-15 16:30:00,short,,,1556.9,1550.7,1513.8861757610925,1574.105529695563,r_trailing_stop,2,0.002162095597068064,0.002053509576581767,0.00010858602048629705,,,,,0.34225159609696115,0.7497589570477909,-0.36906739358553264,,,,,,,,2023-01-15 15:30:00,2023-01-15 16:00:00,2023-01-15 16:30:00,-1.0,1556.9,1550.7,1513.8861757610925,0.5429301024314858,0.00010858602048629715,0.34225159609696115,0.7497589570477909,-0.36906739358553264,False,False,1550.2512443743292,True,0.75,0.5,8.602488748658613,1550.2512443743292,adverse_first,volatility_stop,0.006,,0.00010858602048629705,5.429301024314852e-05,5.429301024314852e-05,0.0,0.0,fractional_return,R,False
ETHUSD,2023-01-15 17:00:00,2023-01-15 17:30:00,2023-01-15 18:00:00,short,,,1558.25,1551.75,1513.2169141729828,1576.2632343308069,r_trailing_stop,2,0.002165074815759236,0.0020612678055544095,0.0001038070102048266,,,,,0.3435446342590682,1.35455962832118,-0.12768389939092792,,,,,,,,2023-01-15 17:00:00,2023-01-15 17:30:00,2023-01-15 18:00:00,-1.0,1558.25,1551.75,1513.2169141729828,0.5190350510241323,0.00010380701020482646,0.3435446342590682,1.35455962832118,-0.12768389939092792,False,False,1551.1530196097006,True,0.75,0.5,9.006039219400895,1551.1530196097006,adverse_first,volatility_stop,0.006,,0.0001038070102048266,5.19035051024133e-05,5.19035051024133e-05,0.0,0.0,fractional_return,R,False
ETHUSD,2023-01-15 18:30:00,2023-01-15 19:00:00,2023-01-16 01:00:00,short,,,1548.05,1566.6602257214952,1501.524435696262,1566.6602257214952,stop_loss,13,-0.006,-0.006099819315885801,9.981931588580115e-05,,,,,-1.0166365526476335,0.34927034724207323,-1.6093302922923243,,,,,,,,2023-01-15 18:30:00,2023-01-15 19:00:00,2023-01-16 01:00:00,-1.0,1548.05,1566.6602257214952,1501.524435696262,0.4990965794290075,9.98193158858015e-05,-1.0166365526476335,0.34927034724207323,-1.6093302922923243,False,False,1566.6602257214952,False,0.75,0.5,9.305713884149478,,adverse_first,volatility_stop,0.006,,9.981931588580115e-05,4.990965794290057e-05,4.990965794290057e-05,0.0,0.0,fractional_return,R,False
ETHUSD,2023-01-16 01:00:00,2023-01-16 01:30:00,2023-01-16 08:30:00,short,,,1567.0,1540.55,1518.4192954218015,1586.4322818312794,r_trailing_stop,15,0.008166822680831368,0.0080700558669118,9.676681391956703e-05,,,,,1.3450093111519668,2.1793632043680398,-0.9005633075901011,,,,,,,,2023-01-16 01:00:00,2023-01-16 01:30:00,2023-01-16 08:30:00,-1.0,1567.0,1540.55,1518.4192954218015,0.48383406959783604,9.676681391956722e-05,1.3450093111519668,2.1793632043680398,-0.9005633075901011,False,False,1529.5079156153995,True,0.75,0.5,9.715831230798697,1529.5079156153995,adverse_first,volatility_stop,0.006,,9.676681391956703e-05,4.8383406959783513e-05,4.8383406959783513e-05,0.0,0.0,fractional_return,R,False
ETHUSD,2023-01-19 16:00:00,2023-01-19 16:30:00,2023-01-19 18:00:00,short,,,1536.75,1529.0,1490.8293634497095,1555.1182546201162,r_trailing_stop,4,0.0025315415624234147,0.002431145523815565,0.00010039603860784955,,,,,0.4051909206359276,0.6995765392933461,-0.26132041934694256,,,,,,,,2023-01-19 16:00:00,2023-01-19 16:30:00,2023-01-19 18:00:00,-1.0,1536.75,1529.0,1490.8293634497095,0.5019801930392485,0.0001003960386078497,0.4051909206359276,0.6995765392933461,-0.26132041934694256,False,False,1528.4923623666048,True,0.75,0.5,9.184724733209196,1528.4923623666048,adverse_first,volatility_stop,0.006,,0.00010039603860784955,5.0198019303924774e-05,5.0198019303924774e-05,0.0,0.0,fractional_return,R,False
ETHUSD,2023-01-20 22:00:00,2023-01-20 22:30:00,2023-01-20 23:30:00,long,,,1651.9499999999998,1656.5058772620505,1698.8898070431778,1633.1740771827285,r_trailing_stop,3,0.001455867913302155,0.001350289081343146,0.00010557883195900911,,,,,0.2250481802238576,0.556563855832838,-0.3595029690786059,,,,,,,,2023-01-20 22:00:00,2023-01-20 22:30:00,2023-01-20 23:30:00,1.0,1651.9499999999998,1656.5058772620505,1698.8898070431778,0.5278941597950453,0.00010557883195900906,0.2250481802238576,0.556563855832838,-0.3595029690786059,False,False,1656.5058772620505,True,0.75,0.5,9.388245475898522,1656.5058772620505,adverse_first,volatility_stop,0.006,,0.00010557883195900911,5.278941597950456e-05,5.278941597950456e-05,0.0,0.0,fractional_return,R,False
ETHUSD,2023-01-21 15:30:00,2023-01-21 16:00:00,2023-01-21 17:00:00,long,,,1648.0500000000002,1656.4789293109563,1698.7699403451525,1627.7620238619393,r_trailing_stop,3,0.0024927856540041954,0.00239530624124553,9.74794127586655e-05,,,,,0.39921770687425495,0.6654187637116413,-0.06900639031084253,,,,,,,,2023-01-21 15:30:00,2023-01-21 16:00:00,2023-01-21 17:00:00,1.0,1648.0500000000002,1656.4789293109563,1698.7699403451525,0.4873970637933285,9.74794127586657e-05,0.39921770687425495,0.6654187637116413,-0.06900639031084253,False,False,1656.4789293109563,True,0.75,0.5,10.142141378087212,1656.4789293109563,adverse_first,volatility_stop,0.006,,9.74794127586655e-05,4.873970637933275e-05,4.873970637933275e-05,0.0,0.0,fractional_return,R,False
ETHUSD,2023-01-21 17:30:00,2023-01-21 18:00:00,2023-01-21 19:30:00,long,,,1655.55,1662.9113074896572,1705.9354039201978,1635.3958384319208,r_trailing_stop,4,0.0021914999931278685,0.0020929268030058573,9.857319012201125e-05,,,,,0.3488211338343095,0.6152575465922325,-0.2530494748081052,,,,,,,,2023-01-21 17:30:00,2023-01-21 18:00:00,2023-01-21 19:30:00,1.0,1655.55,1662.9113074896572,1705.9354039201978,0.4928659506100568,9.857319012201136e-05,0.3488211338343095,0.6152575465922325,-0.2530494748081052,False,False,1662.9113074896572,True,0.75,0.5,10.077385020685265,1662.9113074896572,adverse_first,volatility_stop,0.006,,9.857319012201125e-05,4.928659506100563e-05,4.928659506100563e-05,0.0,0.0,fractional_return,R,False
ETHUSD,2023-01-21 22:30:00,2023-01-21 23:00:00,2023-01-21 23:30:00,long,,,1628.15,1628.5,1678.6922738724156,1607.9330904510339,r_trailing_stop,2,0.00010387344291737731,7.232559439719066e-06,9.664088347765824e-05,,,,,0.0012054265732865108,0.7815239990925261,-0.2671031389303623,,,,,,,,2023-01-21 22:30:00,2023-01-21 23:00:00,2023-01-21 23:30:00,1.0,1628.15,1628.5,1678.6922738724156,0.4832044173882912,9.664088347765824e-05,0.0012054265732865108,0.7815239990925261,-0.2671031389303623,False,False,1638.8960831576608,True,0.75,0.5,10.107833684678711,1638.8960831576608,adverse_first,volatility_stop,0.006,,9.664088347765824e-05,4.832044173882912e-05,4.832044173882912e-05,0.0,0.0,fractional_return,R,False
ETHUSD,2023-01-21 23:30:00,2023-01-22 00:00:00,2023-01-22 00:30:00,long,,,1626.5,1630.9979916212121,1678.0185016847681,1605.8925993260927,r_trailing_stop,2,0.0013096241565994308,0.0012149106101951364,9.471354640429438e-05,,,,,0.2024851016991894,0.4682783701206315,-0.1649892703015725,,,,,,,,2023-01-21 23:30:00,2023-01-22 00:00:00,2023-01-22 00:30:00,1.0,1626.5,1630.9979916212121,1678.0185016847681,0.4735677320214715,9.47135464042943e-05,0.2024851016991894,0.4682783701206315,-0.1649892703015725,False,False,1630.9979916212121,True,0.75,0.5,10.304016757576072,1630.9979916212121,adverse_first,volatility_stop,0.006,,9.471354640429438e-05,4.735677320214719e-05,4.735677320214719e-05,0.0,0.0,fractional_return,R,False
ETHUSD,2023-01-22 01:00:00,2023-01-22 01:30:00,2023-01-22 13:00:00,long,,,1625.45,1633.0,1676.6115021140315,1604.9853991543876,max_holding_close,24,0.002213578478356244,0.0021182656005378536,9.53128778183902e-05,,,,,0.35304426675630896,0.5814919181554016,-0.9895135582056429,,,,,,,,2023-01-22 01:00:00,2023-01-22 01:30:00,2023-01-22 13:00:00,1.0,1625.45,1633.0,1676.6115021140315,0.4765643890919517,9.531287781839035e-05,0.35304426675630896,0.5814919181554016,-0.9895135582056429,False,False,1632.234007062799,True,0.75,0.5,10.231985874401591,1632.234007062799,adverse_first,volatility_stop,0.006,,9.53128778183902e-05,4.76564389091951e-05,4.76564389091951e-05,0.0,0.0,fractional_return,R,False
ETHUSD,2023-01-22 15:30:00,2023-01-22 16:00:00,2023-01-22 17:30:00,short,,,1635.75,1653.5782416507136,1591.179395873216,1653.5782416507136,stop_loss,4,-0.006,-0.006110100594240118,0.00011010059424011818,,,,,-1.0183500990400196,0.3028902179920781,-1.5817600272919394,,,,,,,,2023-01-22 15:30:00,2023-01-22 16:00:00,2023-01-22 17:30:00,-1.0,1635.75,1653.5782416507136,1591.179395873216,0.5505029712005927,0.00011010059424011854,-1.0183500990400196,0.3028902179920781,-1.5817600272919394,False,False,1653.5782416507136,False,0.75,0.5,8.913848543827017,,adverse_first,volatility_stop,0.006,,0.00011010059424011818,5.505029712005909e-05,5.505029712005909e-05,0.0,0.0,fractional_return,R,False
ETHUSD,2023-01-22 20:30:00,2023-01-22 21:00:00,2023-01-22 22:00:00,long,,,1614.0,1625.1641612487767,1660.8598386459053,1595.256064541638,r_trailing_stop,3,0.003573687481023461,0.0034703580599260387,0.00010332942109742222,,,,,0.5783930099876732,0.8456068382869328,-0.3387762412064339,,,,,,,,2023-01-22 20:30:00,2023-01-22 21:00:00,2023-01-22 22:00:00,1.0,1614.0,1625.1641612487767,1660.8598386459053,0.5166471054871107,0.00010332942109742214,0.5783930099876732,0.8456068382869328,-0.3387762412064339,False,False,1625.1641612487767,True,0.75,0.5,9.37167750244617,1625.1641612487767,adverse_first,volatility_stop,0.006,,0.00010332942109742222,5.166471054871111e-05,5.166471054871111e-05,0.0,0.0,fractional_return,R,False
ETHUSD,2023-01-23 14:30:00,2023-01-23 15:00:00,2023-01-23 16:00:00,long,,,1599.35,1621.65,1643.8919164191698,1581.533233432332,r_trailing_stop,3,0.007509780155216695,0.007402060272783998,0.00010771988243269727,,,,,1.2336767121306662,1.5266518701188017,-0.1290918860762056,,,,,,,,2023-01-23 14:30:00,2023-01-23 15:00:00,2023-01-23 16:00:00,1.0,1599.35,1621.65,1643.8919164191698,0.5385994121634857,0.00010771988243269715,1.2336767121306662,1.5266518701188017,-0.1290918860762056,False,False,1622.095669002293,True,0.75,0.5,8.908661995413995,1622.095669002293,adverse_first,volatility_stop,0.006,,0.00010771988243269727,5.3859941216348635e-05,5.3859941216348635e-05,0.0,0.0,fractional_return,R,False
ETHUSD,2023-01-25 14:30:00,2023-01-25 15:00:00,2023-01-25 15:30:00,short,,,1536.45,1540.65,1493.1166501939763,1553.7833399224096,r_trailing_stop,2,-0.0014538456011827735,-0.001560215176132164,0.00010636957494939044,,,,,-0.260035862688694,0.5942305433405547,-0.5769228576121784,,,,,,,,2023-01-25 14:30:00,2023-01-25 15:00:00,2023-01-25 15:30:00,-1.0,1536.45,1540.65,1493.1166501939763,0.5318478747469524,0.00010636957494939048,-0.260035862688694,0.5942305433405547,-0.5769228576121784,False,False,1530.4836170555327,True,0.75,0.5,8.667234111065172,1530.4836170555327,adverse_first,volatility_stop,0.006,,0.00010636957494939044,5.318478747469522e-05,5.318478747469522e-05,0.0,0.0,fractional_return,R,False
ETHUSD,2023-01-25 15:30:00,2023-01-25 16:00:00,2023-01-25 19:30:00,short,,,1544.6,1562.3099912377074,1500.3250219057313,1562.3099912377074,stop_loss,8,-0.006,-0.006104659566180561,0.00010465956618056077,,,,,-1.0174432610300934,0.1693959053809411,-1.0248452275546986,,,,,,,,2023-01-25 15:30:00,2023-01-25 16:00:00,2023-01-25 19:30:00,-1.0,1544.6,1562.3099912377074,1500.3250219057313,0.5232978309028059,0.00010465956618056119,-1.0174432610300934,0.1693959053809411,-1.0248452275546986,False,False,1562.3099912377074,False,0.75,0.5,8.855282183742599,,adverse_first,volatility_stop,0.006,,0.00010465956618056077,5.2329783090280385e-05,5.2329783090280385e-05,0.0,0.0,fractional_return,R,False
ETHUSD,2023-01-25 21:30:00,2023-01-25 22:00:00,2023-01-25 22:30:00,short,,,1623.3000000000002,1616.95,1575.255226584105,1642.5179093663583,r_trailing_stop,2,0.0019825257406352634,0.0018811640387526433,0.00010136170188262007,,,,,0.31352733979210723,2.4222197697262704,-0.8611758794622761,,,,,,,,2023-01-25 21:30:00,2023-01-25 22:00:00,2023-01-25 22:30:00,-1.0,1623.3000000000002,1616.95,1575.255226584105,0.5068085094131006,0.00010136170188262013,0.31352733979210723,2.4222197697262704,-0.8611758794622761,False,False,1614.790418915642,True,0.75,0.5,9.580837831284128,1614.790418915642,adverse_first,volatility_stop,0.006,,0.00010136170188262007,5.068085094131003e-05,5.068085094131003e-05,0.0,0.0,fractional_return,R,False
ETHUSD,2023-01-26 10:30:00,2023-01-26 11:00:00,2023-01-26 16:00:00,short,,,1602.6,1590.9863461151187,1552.7396485436707,1622.5441405825316,r_trailing_stop,11,0.003493854399036792,0.0033974290859458693,9.642531309092279e-05,,,,,0.5662381809909782,1.138178900517876,-0.9326047378692758,,,,,,,,2023-01-26 10:30:00,2023-01-26 11:00:00,2023-01-26 16:00:00,-1.0,1602.6,1590.9863461151187,1552.7396485436707,0.4821265654546146,9.642531309092292e-05,0.5662381809909782,1.138178900517876,-0.9326047378692758,False,False,1590.9863461151187,True,0.75,0.5,9.972692230237547,1590.9863461151187,adverse_first,volatility_stop,0.006,,9.642531309092279e-05,4.8212656545461394e-05,4.8212656545461394e-05,0.0,0.0,fractional_return,R,False
ETHUSD,2023-01-31 05:30:00,2023-01-31 06:00:00,2023-01-31 08:00:00,long,,,1562.4,1576.503772758478,1605.8650548622013,1545.0139780551197,r_trailing_stop,5,0.004867279980385867,0.004759441625761445,0.0001078383546244217,,,,,0.7932402709602409,1.2164944958112174,-0.03738635566323397,,,,,,,,2023-01-31 05:30:00,2023-01-31 06:00:00,2023-01-31 08:00:00,1.0,1562.4,1576.503772758478,1605.8650548622013,0.5391917731221086,0.00010783835462442174,0.7932402709602409,1.2164944958112174,-0.03738635566323397,False,False,1576.503772758478,True,0.75,0.5,8.692454483044004,1576.503772758478,adverse_first,volatility_stop,0.006,,0.0001078383546244217,5.391917731221085e-05,5.391917731221085e-05,0.0,0.0,fractional_return,R,False
ETHUSD,2023-01-31 13:30:00,2023-01-31 14:00:00,2023-01-31 16:00:00,long,,,1587.3000000000002,1588.75,1627.4801833554639,1571.2279266578148,r_trailing_stop,5,0.0005413116164150294,0.00042279797107218207,0.00011851364534284735,,,,,0.07046632851203034,0.5382006301138302,-0.4697589314866567,,,,,,,,2023-01-31 13:30:00,2023-01-31 14:00:00,2023-01-31 16:00:00,1.0,1587.3000000000002,1588.75,1627.4801833554639,0.5925682267142368,0.00011851364534284737,0.07046632851203034,0.5382006301138302,-0.4697589314866567,False,False,1591.9318550188295,True,0.75,0.5,8.036289962340886,1591.9318550188295,adverse_first,volatility_stop,0.006,,0.00011851364534284735,5.9256822671423676e-05,5.9256822671423676e-05,0.0,0.0,fractional_return,R,False
ETHUSD,2023-01-31 22:00:00,2023-01-31 22:30:00,2023-01-31 23:00:00,long,,,1572.5500000000002,1590.4,1613.4841323572446,1556.1763470571025,r_trailing_stop,2,0.006540996097419727,0.0064257463112796995,0.00011524978614002764,,,,,1.0709577185466166,1.7009032802347397,-0.07328847167979025,,,,,,,,2023-01-31 22:00:00,2023-01-31 22:30:00,2023-01-31 23:00:00,1.0,1572.5500000000002,1590.4,1613.4841323572446,0.5762489307001382,0.00011524978614002764,1.0709577185466166,1.7009032802347397,-0.07328847167979025,False,False,1596.3067167718812,True,0.75,0.5,8.186566456238014,1596.3067167718812,adverse_first,volatility_stop,0.006,,0.00011524978614002764,5.762489307001382e-05,5.762489307001382e-05,0.0,0.0,fractional_return,R,False
ETHUSD,2023-02-01 00:00:00,2023-02-01 00:30:00,2023-02-01 02:00:00,long,,,1581.75,1588.1212022059178,1624.5366264682962,1564.6353494126815,r_trailing_stop,4,0.0022335958914540557,0.0021226909103493614,0.00011090498110469423,,,,,0.35378181839156025,0.6222738784916519,-0.268775571930659,,,,,,,,2023-02-01 00:00:00,2023-02-01 00:30:00,2023-02-01 02:00:00,1.0,1581.75,1588.1212022059178,1624.5366264682962,0.5545249055234717,0.00011090498110469433,0.35378181839156025,0.6222738784916519,-0.268775571930659,False,False,1588.1212022059178,True,0.75,0.5,8.55759558816453,1588.1212022059178,adverse_first,volatility_stop,0.006,,0.00011090498110469423,5.545249055234711e-05,5.545249055234711e-05,0.0,0.0,fractional_return,R,False
ETHUSD,2023-02-01 06:00:00,2023-02-01 06:30:00,2023-02-01 13:30:00,long,,,1579.1,1583.5439438804228,1618.6593077826778,1563.2762768869288,r_trailing_stop,15,0.0016850435951140108,0.001565291752487625,0.00011975184262638574,,,,,0.2608819587479375,0.5308485202866907,-0.7836335299470168,,,,,,,,2023-02-01 06:00:00,2023-02-01 06:30:00,2023-02-01 13:30:00,1.0,1579.1,1583.5439438804228,1618.6593077826778,0.5987592131319281,0.00011975184262638563,0.2608819587479375,0.5308485202866907,-0.7836335299470168,False,False,1583.5439438804228,True,0.75,0.5,7.912112239154561,1583.5439438804228,adverse_first,volatility_stop,0.006,,0.00011975184262638574,5.987592131319287e-05,5.987592131319287e-05,0.0,0.0,fractional_return,R,False
ETHUSD,2023-02-01 19:00:00,2023-02-01 19:30:00,2023-02-01 19:30:00,long,,,1575.5,1559.505632576067,1615.4859185598325,1559.505632576067,stop_loss,1,-0.006,-0.0061182041121033036,0.00011820411210330343,,,,,-1.0197006853505506,3.210505213426752,-1.097261275474965,,,,,,,,2023-02-01 19:00:00,2023-02-01 19:30:00,2023-02-01 19:30:00,1.0,1575.5,1559.505632576067,1615.4859185598325,0.591020560516517,0.0001182041121033034,-1.0197006853505506,3.210505213426752,-1.097261275474965,False,False,1559.505632576067,False,0.75,0.5,7.996929932256159,,adverse_first,volatility_stop,0.006,,0.00011820411210330343,5.9102056051651714e-05,5.9102056051651714e-05,0.0,0.0,fractional_return,R,False
ETHUSD,2023-02-02 14:00:00,2023-02-02 14:30:00,2023-02-02 15:00:00,short,,,1684.0,1656.85,1640.5172715391964,1701.3930913843215,r_trailing_stop,2,0.009365787622253404,0.009249603560699999,0.00011618406155340481,,,,,1.54160059345,1.8915556339603286,-0.2098534365943876,,,,,,,,2023-02-02 14:00:00,2023-02-02 14:30:00,2023-02-02 15:00:00,-1.0,1684.0,1656.85,1640.5172715391964,0.5809203077670245,0.00011618406155340491,1.54160059345,1.8915556339603286,-0.2098534365943876,False,False,1655.4480145280345,True,0.75,0.5,8.696029056069007,1655.4480145280345,adverse_first,volatility_stop,0.006,,0.00011618406155340481,5.809203077670241e-05,5.809203077670241e-05,0.0,0.0,fractional_return,R,False
ETHUSD,2023-02-03 13:00:00,2023-02-03 13:30:00,2023-02-03 14:00:00,short,,,1648.05,1636.9499999999998,1601.7322054772637,1666.5771178090945,r_trailing_stop,2,0.0035947307447523388,0.003487986672610194,0.00010674407214214489,,,,,0.581331112101699,1.0983899497854201,0.0,,,,,,,,2023-02-03 13:00:00,2023-02-03 13:30:00,2023-02-03 14:00:00,-1.0,1648.05,1636.9499999999998,1601.7322054772637,0.5337203607107246,0.00010674407214214493,0.581331112101699,1.0983899497854201,0.0,False,False,1632.4827632457543,True,0.75,0.5,9.265526491508979,1632.4827632457543,adverse_first,volatility_stop,0.006,,0.00010674407214214489,5.337203607107244e-05,5.337203607107244e-05,0.0,0.0,fractional_return,R,False
ETHUSD,2023-02-03 15:00:00,2023-02-03 15:30:00,2023-02-03 17:00:00,short,,,1666.6,1662.3916566660953,1615.1818903390317,1687.1672438643873,r_trailing_stop,4,0.0012276832117087254,0.001130445097881383,9.723811382734244e-05,,,,,0.18840751631356384,0.5007963180635205,-0.4230027152575613,,,,,,,,2023-02-03 15:00:00,2023-02-03 15:30:00,2023-02-03 17:00:00,-1.0,1666.6,1662.3916566660953,1615.1818903390317,0.48619056913671216,9.723811382734244e-05,0.18840751631356384,0.5007963180635205,-0.4230027152575613,False,False,1662.3916566660953,True,0.75,0.5,10.283313332190438,1662.3916566660953,adverse_first,volatility_stop,0.006,,9.723811382734244e-05,4.861905691367122e-05,4.861905691367122e-05,0.0,0.0,fractional_return,R,False
ETHUSD,2023-02-04 06:00:00,2023-02-04 06:30:00,2023-02-04 13:00:00,short,,,1652.75,1670.3775553184096,1608.681111703976,1670.3775553184096,stop_loss,14,-0.006,-0.0061125113473862545,0.00011251134738625435,,,,,-1.0187518912310425,0.08509404582230723,-2.371287410248292,,,,,,,,2023-02-04 06:00:00,2023-02-04 06:30:00,2023-02-04 13:00:00,-1.0,1652.75,1670.3775553184096,1608.681111703976,0.5625567369312731,0.00011251134738625462,-1.0187518912310425,0.08509404582230723,-2.371287410248292,False,False,1670.3775553184096,False,0.75,0.5,8.81297754523913,,adverse_first,volatility_stop,0.006,,0.00011251134738625435,5.625567369312717e-05,5.625567369312717e-05,0.0,0.0,fractional_return,R,False
ETHUSD,2023-02-08 14:30:00,2023-02-08 15:00:00,2023-02-08 15:30:00,short,,,1671.15,1661.85,1633.803349573142,1686.0886601707434,r_trailing_stop,2,0.003735274740989397,0.0036010337865075848,0.00013424095448181204,,,,,0.6001722977512641,1.328767089760513,0.0,,,,,,,,2023-02-08 14:30:00,2023-02-08 15:00:00,2023-02-08 15:30:00,-1.0,1671.15,1661.85,1633.803349573142,0.6712047724090595,0.0001342409544818119,0.6001722977512641,1.328767089760513,0.0,False,False,1661.2846650559288,True,0.75,0.5,7.469330111857757,1661.2846650559288,adverse_first,volatility_stop,0.006,,0.00013424095448181204,6.712047724090602e-05,6.712047724090602e-05,0.0,0.0,fractional_return,R,False
ETHUSD,2023-02-08 15:30:00,2023-02-08 16:00:00,2023-02-08 16:30:00,short,,,1653.0500000000002,1639.15,1614.7386253292907,1668.374549868284,r_trailing_stop,2,0.005442247943126084,0.005312804663091774,0.0001294432800343099,,,,,0.885467443848629,1.4095030644067505,-0.12072132727557147,,,,,,,,2023-02-08 15:30:00,2023-02-08 16:00:00,2023-02-08 16:30:00,-1.0,1653.0500000000002,1639.15,1614.7386253292907,0.6472164001715476,0.00012944328003430952,0.885467443848629,1.4095030644067505,-0.12072132727557147,False,False,1635.2813694047513,True,0.75,0.5,7.6627388095025095,1635.2813694047513,adverse_first,volatility_stop,0.006,,0.0001294432800343099,6.472164001715495e-05,6.472164001715495e-05,0.0,0.0,fractional_return,R,False
ETHUSD,2023-02-08 23:00:00,2023-02-08 23:30:00,2023-02-09 03:30:00,short,,,1648.5500000000002,1617.15,1608.0096589769937,1664.7661364092028,r_trailing_stop,9,0.011618057177484278,0.011496063877102483,0.00012199330038179489,,,,,1.9160106461837472,2.3710950025173725,-0.4316687910954874,,,,,,,,2023-02-08 23:00:00,2023-02-08 23:30:00,2023-02-09 03:30:00,-1.0,1648.5500000000002,1617.15,1608.0096589769937,0.6099665019089706,0.00012199330038179413,1.9160106461837472,2.3710950025173725,-0.4316687910954874,False,False,1614.1539112739829,True,0.75,0.5,8.107822547966093,1614.1539112739829,adverse_first,volatility_stop,0.006,,0.00012199330038179489,6.099665019089744e-05,6.099665019089744e-05,0.0,0.0,fractional_return,R,False
ETHUSD,2023-02-09 06:30:00,2023-02-09 07:00:00,2023-02-09 13:00:00,short,,,1634.5500000000002,1636.5,1593.2025003496792,1651.0889998601285,r_trailing_stop,13,-0.0007074188342067926,-0.0008260148809199083,0.00011859604671311569,,,,,-0.1376691468199847,0.5018441302493472,-0.5018441302493196,,,,,,,,2023-02-09 06:30:00,2023-02-09 07:00:00,2023-02-09 13:00:00,-1.0,1634.5500000000002,1636.5,1593.2025003496792,0.5929802335655784,0.00011859604671311568,-0.1376691468199847,0.5018441302493472,-0.5018441302493196,False,False,1630.3844968555063,True,0.75,0.5,8.268993711012687,1630.3844968555063,adverse_first,volatility_stop,0.006,,0.00011859604671311569,5.9298023356557845e-05,5.9298023356557845e-05,0.0,0.0,fractional_return,R,False
ETHUSD,2023-02-09 16:00:00,2023-02-09 16:30:00,2023-02-09 17:00:00,short,,,1625.6999999999998,1622.1999999999998,1587.1346768322865,1641.1261292670852,r_trailing_stop,2,0.0013613265931076536,0.0012348632421125016,0.00012646335099515205,,,,,0.2058105403520836,0.5477718910361747,-0.20744024275928358,,,,,,,,2023-02-09 16:00:00,2023-02-09 16:30:00,2023-02-09 17:00:00,-1.0,1625.6999999999998,1622.1999999999998,1587.1346768322865,0.6323167549757598,0.00012646335099515197,0.2058105403520836,0.5477718910361747,-0.20744024275928358,False,False,1621.106650874161,True,0.75,0.5,7.713301748321814,1621.106650874161,adverse_first,volatility_stop,0.006,,0.00012646335099515205,6.323167549757602e-05,6.323167549757602e-05,0.0,0.0,fractional_return,R,False
ETHUSD,2023-02-09 17:00:00,2023-02-09 17:30:00,2023-02-09 18:00:00,short,,,1627.0,1623.6,1588.2657558359206,1642.4936976656318,r_trailing_stop,2,0.0013166643909188936,0.0011906518636233064,0.00012601252729558718,,,,,0.19844197727055105,0.6873762629061748,-0.2420338953894961,,,,,,,,2023-02-09 17:00:00,2023-02-09 17:30:00,2023-02-09 18:00:00,-1.0,1627.0,1623.6,1588.2657558359206,0.6300626364779363,0.00012601252729558727,0.19844197727055105,0.6873762629061748,-0.2420338953894961,False,False,1620.223900512596,True,0.75,0.5,7.747801025192232,1620.223900512596,adverse_first,volatility_stop,0.006,,0.00012601252729558718,6.300626364779359e-05,6.300626364779359e-05,0.0,0.0,fractional_return,R,False
ETHUSD,2023-02-09 18:00:00,2023-02-09 18:30:00,2023-02-09 19:00:00,short,,,1626.15,1586.806858279137,1586.806858279137,1641.8872566883454,take_profit,2,0.015000000000000001,0.01487600253089567,0.00012399746910433072,,,,,2.4793337551492782,2.9833662200331506,-0.2224021676276042,,,,,,,,2023-02-09 18:00:00,2023-02-09 18:30:00,2023-02-09 19:00:00,-1.0,1626.15,1586.806858279137,1586.806858279137,0.6199873455216508,0.00012399746910433015,2.4793337551492782,2.9833662200331506,-0.2224021676276042,False,False,1623.9346771841688,True,0.75,0.5,7.869354368337519,1623.9346771841688,adverse_first,volatility_stop,0.006,,0.00012399746910433072,6.199873455216536e-05,6.199873455216536e-05,0.0,0.0,fractional_return,R,False
ETHUSD,2023-02-10 12:00:00,2023-02-10 12:30:00,2023-02-10 16:00:00,short,,,1538.9499999999998,1522.5,1495.0833599347852,1556.4966560260857,r_trailing_stop,8,0.005625003411092467,0.005519756006843217,0.00010524740424925055,,,,,0.9199593344738695,1.8607534080260215,-0.512918244172569,,,,,,,,2023-02-10 12:00:00,2023-02-10 12:30:00,2023-02-10 16:00:00,-1.0,1538.9499999999998,1522.5,1495.0833599347852,0.5262370212462515,0.0001052474042492503,0.9199593344738695,1.8607534080260215,-0.512918244172569,False,False,1510.6863787883594,True,0.75,0.5,8.772757576718513,1510.6863787883594,adverse_first,volatility_stop,0.006,,0.00010524740424925055,5.262370212462527e-05,5.262370212462527e-05,0.0,0.0,fractional_return,R,False
ETHUSD,2023-02-10 19:30:00,2023-02-10 20:00:00,2023-02-10 22:00:00,short,,,1534.5500000000002,1505.4,1489.2480955288747,1552.6707617884504,r_trailing_stop,5,0.009651912101812326,0.009550290546300586,0.00010162155551174043,,,,,1.5917150910500977,2.2736350977396738,-0.055185317906289846,,,,,,,,2023-02-10 19:30:00,2023-02-10 20:00:00,2023-02-10 22:00:00,-1.0,1534.5500000000002,1505.4,1489.2480955288747,0.5081077775586981,0.00010162155551173962,1.5917150910500977,2.2736350977396738,-0.055185317906289846,False,False,1497.8798951803528,True,0.75,0.5,9.059790360705865,1497.8798951803528,adverse_first,volatility_stop,0.006,,0.00010162155551174043,5.0810777755870215e-05,5.0810777755870215e-05,0.0,0.0,fractional_return,R,False
ETHUSD,2023-02-11 07:30:00,2023-02-11 08:00:00,2023-02-11 19:00:00,short,,,1520.8,1515.0,1480.4293643619865,1536.9482542552053,r_trailing_stop,23,0.002155031711169779,0.0020420188757785027,0.00011301283539127613,,,,,0.34033647929641714,0.9103151193734506,-0.3901350511600462,,,,,,,,2023-02-11 07:30:00,2023-02-11 08:00:00,2023-02-11 19:00:00,-1.0,1520.8,1515.0,1480.4293643619865,0.5650641769563802,0.00011301283539127605,0.34033647929641714,0.9103151193734506,-0.3901350511600462,False,False,1510.137329103955,True,0.75,0.5,8.074658207909964,1510.137329103955,adverse_first,volatility_stop,0.006,,0.00011301283539127613,5.6506417695638064e-05,5.6506417695638064e-05,0.0,0.0,fractional_return,R,False
ETHUSD,2023-02-15 12:00:00,2023-02-15 12:30:00,2023-02-15 14:00:00,long,,,1586.65,1571.7246839196423,1623.9632902008948,1571.7246839196423,stop_loss,4,-0.005999999999999929,-0.006127567147640151,0.0001275671476402224,,,,,-1.0212611912733585,0.27135103727082127,-1.0921041746949347,,,,,,,,2023-02-15 12:00:00,2023-02-15 12:30:00,2023-02-15 14:00:00,1.0,1586.65,1571.7246839196423,1623.9632902008948,0.6378357382011123,0.00012756714764022246,-1.0212611912733585,0.27135103727082127,-1.0921041746949347,False,False,1571.7246839196423,False,0.75,0.5,7.462658271071294,,adverse_first,volatility_stop,0.006,,0.0001275671476402224,6.37835738201112e-05,6.37835738201112e-05,0.0,0.0,fractional_return,R,False
ETHUSD,2023-02-15 14:00:00,2023-02-15 14:30:00,2023-02-15 16:00:00,long,,,1575.95,1578.7019607002503,1613.4339607932372,1560.9564156827053,r_trailing_stop,4,0.0011012553004057072,0.0009751253530909349,0.0001261299473147723,,,,,0.16252089218182247,0.8703722688208082,-0.5302267844540605,,,,,,,,2023-02-15 14:00:00,2023-02-15 14:30:00,2023-02-15 16:00:00,1.0,1575.95,1578.7019607002503,1613.4339607932372,0.6306497365738617,0.00012612994731477233,0.16252089218182247,0.8703722688208082,-0.5302267844540605,False,False,1578.7019607002503,True,0.75,0.5,7.496078599499266,1578.7019607002503,adverse_first,volatility_stop,0.006,,0.0001261299473147723,6.306497365738615e-05,6.306497365738615e-05,0.0,0.0,fractional_return,R,False
ETHUSD,2023-02-16 06:30:00,2023-02-16 07:00:00,2023-02-16 10:30:00,long,,,1685.1,1688.2063100589382,1730.039565915847,1667.124173633661,r_trailing_stop,8,0.0010368291267282993,0.0009243380535063986,0.0001124910732219007,,,,,0.15405634225106643,0.42279002061521326,-0.5507396321171847,,,,,,,,2023-02-16 06:30:00,2023-02-16 07:00:00,2023-02-16 10:30:00,1.0,1685.1,1688.2063100589382,1730.039565915847,0.5624553661095035,0.00011249107322190071,0.15405634225106643,0.42279002061521326,-0.5507396321171847,False,False,1688.2063100589382,True,0.75,0.5,8.987379882123339,1688.2063100589382,adverse_first,volatility_stop,0.006,,0.0001124910732219007,5.624553661095035e-05,5.624553661095035e-05,0.0,0.0,fractional_return,R,False
ETHUSD,2023-02-16 14:30:00,2023-02-16 15:00:00,2023-02-16 15:30:00,short,,,1679.0500000000002,1696.7696487944108,1634.7508780139733,1696.7696487944108,stop_loss,2,-0.006,-0.006113707671262398,0.00011370767126239745,,,,,-1.018951278543733,0.17776876034889028,-2.6411358680405637,,,,,,,,2023-02-16 14:30:00,2023-02-16 15:00:00,2023-02-16 15:30:00,-1.0,1679.0500000000002,1696.7696487944108,1634.7508780139733,0.5685383563119887,0.00011370767126239775,-1.018951278543733,0.17776876034889028,-2.6411358680405637,False,False,1696.7696487944108,False,0.75,0.5,8.859824608715632,,adverse_first,volatility_stop,0.006,,0.00011370767126239745,5.6853835631198724e-05,5.6853835631198724e-05,0.0,0.0,fractional_return,R,False
ETHUSD,2023-02-17 14:00:00,2023-02-17 14:30:00,2023-02-17 15:00:00,short,,,1665.0500000000002,1657.5500000000002,1617.2495550788708,1684.170177968452,r_trailing_stop,2,0.0023535345787183424,0.0022490345053771425,0.00010450007334119986,,,,,0.3748390842295238,0.9414138314873383,-0.8734228325465766,,,,,,,,2023-02-17 14:00:00,2023-02-17 14:30:00,2023-02-17 15:00:00,-1.0,1665.0500000000002,1657.5500000000002,1617.2495550788708,0.5225003667059988,0.00010450007334119975,0.3748390842295238,0.9414138314873383,-0.8734228325465766,False,False,1651.8300446495662,True,0.75,0.5,9.560089299132096,1651.8300446495662,adverse_first,volatility_stop,0.006,,0.00010450007334119986,5.225003667059993e-05,5.225003667059993e-05,0.0,0.0,fractional_return,R,False
ETHUSD,2023-02-18 12:00:00,2023-02-18 12:30:00,2023-02-18 19:00:00,short,,,1696.4499999999998,1694.05,1651.8761813876217,1714.279527444951,r_trailing_stop,14,0.0008076489993612498,0.0006934709872807077,0.00011417801208054212,,,,,0.11557849788011794,0.4711285829607592,-0.9366484923148732,,,,,,,,2023-02-18 12:00:00,2023-02-18 12:30:00,2023-02-18 19:00:00,-1.0,1696.4499999999998,1694.05,1651.8761813876217,0.5708900604027107,0.00011417801208054215,0.11557849788011794,0.4711285829607592,-0.9366484923148732,False,False,1692.507513409587,True,0.75,0.5,8.915026819174477,1692.507513409587,adverse_first,volatility_stop,0.006,,0.00011417801208054212,5.708900604027106e-05,5.708900604027106e-05,0.0,0.0,fractional_return,R,False
ETHUSD,2023-02-23 11:00:00,2023-02-23 11:30:00,2023-02-23 13:30:00,long,,,1640.1,1663.3,1683.2612231601029,1622.8355107359587,r_trailing_stop,5,0.008062792815419552,0.007948794655966365,0.00011399815945318734,,,,,1.3247991093277274,1.7898009913539192,-0.6371459839771215,,,,,,,,2023-02-23 11:00:00,2023-02-23 11:30:00,2023-02-23 13:30:00,1.0,1640.1,1663.3,1683.2612231601029,0.5699907972659344,0.00011399815945318688,1.3247991093277274,1.7898009913539192,-0.6371459839771215,False,False,1666.6840094289548,True,0.75,0.5,8.631981142090424,1666.6840094289548,adverse_first,volatility_stop,0.006,,0.00011399815945318734,5.699907972659367e-05,5.699907972659367e-05,0.0,0.0,fractional_return,R,False
ETHUSD,2023-02-24 00:00:00,2023-02-24 00:30:00,2023-02-24 01:30:00,long,,,1652.2,1657.5,1699.6731067870744,1633.2107572851703,r_trailing_stop,3,0.0016746323419819915,0.0015702237549849098,0.00010440858699708165,,,,,0.2617039591641516,0.6530012905841697,-0.2896376692107356,,,,,,,,2023-02-24 00:00:00,2023-02-24 00:30:00,2023-02-24 01:30:00,1.0,1652.2,1657.5,1699.6731067870744,0.5220429349854082,0.00010440858699708165,0.2617039591641516,0.6530012905841697,-0.2896376692107356,False,False,1659.8525456265186,True,0.75,0.5,9.494908746962613,1659.8525456265186,adverse_first,volatility_stop,0.006,,0.00010440858699708165,5.220429349854082e-05,5.220429349854082e-05,0.0,0.0,fractional_return,R,False
ETHUSD,2023-02-24 02:30:00,2023-02-24 03:00:00,2023-02-24 08:00:00,long,,,1648.85,1651.9113631115306,1695.2349606545408,1630.2960157381835,r_trailing_stop,11,0.0009899856769300926,0.0008833444309271006,0.00010664124600299194,,,,,0.14722407182118344,0.41500520272870334,-0.3611084231535245,,,,,,,,2023-02-24 02:30:00,2023-02-24 03:00:00,2023-02-24 08:00:00,1.0,1648.85,1651.9113631115306,1695.2349606545408,0.5332062300149597,0.00010664124600299194,0.14722407182118344,0.41500520272870334,-0.3611084231535245,False,False,1651.9113631115306,True,0.75,0.5,9.277273776939383,1651.9113631115306,adverse_first,volatility_stop,0.006,,0.00010664124600299194,5.332062300149597e-05,5.332062300149597e-05,0.0,0.0,fractional_return,R,False
ETHUSD,2023-02-24 15:00:00,2023-02-24 15:30:00,2023-02-24 15:30:00,long,,,1620.65,1603.9836986460723,1662.3157533848193,1603.9836986460723,stop_loss,1,-0.006000000000000065,-0.006116689357686597,0.00011668935768653198,,,,,-1.0194482262810995,0.012000263030926389,-1.2210267633978786,,,,,,,,2023-02-24 15:00:00,2023-02-24 15:30:00,2023-02-24 15:30:00,1.0,1620.65,1603.9836986460723,1662.3157533848193,0.5834467884326594,0.00011668935768653189,-1.0194482262810995,0.012000263030926389,-1.2210267633978786,False,False,1603.9836986460723,False,0.75,0.5,8.33289375365368,,adverse_first,volatility_stop,0.006,,0.00011668935768653198,5.834467884326599e-05,5.834467884326599e-05,0.0,0.0,fractional_return,R,False
ETHUSD,2023-02-24 15:30:00,2023-02-24 16:00:00,2023-02-24 16:00:00,long,,,1603.1,1585.9246313067151,1646.0384217332116,1585.9246313067151,stop_loss,1,-0.006000000000000062,-0.006112004582513166,0.00011200458251310434,,,,,-1.018667430418861,0.002911145658243184,-1.5749298011038304,,,,,,,,2023-02-24 15:30:00,2023-02-24 16:00:00,2023-02-24 16:00:00,1.0,1603.1,1585.9246313067151,1646.0384217332116,0.5600229125655234,0.00011200458251310468,-1.018667430418861,0.002911145658243184,-1.5749298011038304,False,False,1585.9246313067151,False,0.75,0.5,8.58741680045256,,adverse_first,volatility_stop,0.006,,0.00011200458251310434,5.600229125655217e-05,5.600229125655217e-05,0.0,0.0,fractional_return,R,False
ETHUSD,2023-02-24 16:00:00,2023-02-24 16:30:00,2023-02-24 17:00:00,long,,,1588.35,1593.6,1633.2168912209104,1570.4032435116358,r_trailing_stop,2,0.00175519180975258,0.0016489876607613252,0.00010620414899125481,,,,,0.2748312767935542,0.6352122740056861,-0.18944927470344114,,,,,,,,2023-02-24 16:00:00,2023-02-24 16:30:00,2023-02-24 17:00:00,1.0,1588.35,1593.6,1633.2168912209104,0.5310207449562743,0.00010620414899125485,0.2748312767935542,0.6352122740056861,-0.18944927470344114,False,False,1595.2634521914451,True,0.75,0.5,8.9730956171098,1595.2634521914451,adverse_first,volatility_stop,0.006,,0.00010620414899125481,5.310207449562741e-05,5.310207449562741e-05,0.0,0.0,fractional_return,R,False
ETHUSD,2023-02-24 18:00:00,2023-02-24 18:30:00,2023-02-24 20:30:00,long,,,1595.95,1616.9,1640.926357504842,1577.9594569980634,r_trailing_stop,5,0.00698700422696898,0.006880551631302811,0.0001064525956661691,,,,,1.146758605217135,1.5007884974396541,-0.4947043565634466,,,,,,,,2023-02-24 18:00:00,2023-02-24 18:30:00,2023-02-24 20:30:00,1.0,1595.95,1616.9,1640.926357504842,0.5322629783308453,0.00010645259566616908,1.146758605217135,1.5007884974396541,-0.4947043565634466,False,False,1618.451941690893,True,0.75,0.5,8.996116618214167,1618.451941690893,adverse_first,volatility_stop,0.006,,0.0001064525956661691,5.322629783308455e-05,5.322629783308455e-05,0.0,0.0,fractional_return,R,False
ETHUSD,2023-02-24 20:30:00,2023-02-24 21:00:00,2023-02-25 08:30:00,long,,,1611.6999999999998,1603.85,1658.197869034996,1593.1008523860014,max_holding_close,24,-0.0025323741161423,-0.0026363595266642513,0.00010398541052195108,,,,,-0.4393932544440418,0.008064885720203401,-0.9489682197433508,,,,,,,,2023-02-24 20:30:00,2023-02-24 21:00:00,2023-02-25 08:30:00,1.0,1611.6999999999998,1603.85,1658.197869034996,0.5199270526097551,0.00010398541052195103,-0.4393932544440418,0.008064885720203401,-0.9489682197433508,False,False,1593.1008523860014,False,0.75,0.5,9.299862138046247,,adverse_first,volatility_stop,0.006,,0.00010398541052195108,5.199270526097554e-05,5.199270526097554e-05,0.0,0.0,fractional_return,R,False
ETHUSD,2023-03-03 13:00:00,2023-03-03 13:30:00,2023-03-03 14:30:00,long,,,1569.9,1574.25,1607.7214744424914,1554.7714102230036,r_trailing_stop,3,0.0017252103721978093,0.0016006858773328287,0.00012452449486498058,,,,,0.2667809795554714,0.7039651518738079,-0.5651551219268791,,,,,,,,2023-03-03 13:00:00,2023-03-03 13:30:00,2023-03-03 14:30:00,1.0,1569.9,1574.25,1607.7214744424914,0.6226224743249025,0.0001245244948649805,0.2667809795554714,0.7039651518738079,-0.5651551219268791,False,False,1576.7677321868578,True,0.75,0.5,7.564535626284193,1576.7677321868578,adverse_first,volatility_stop,0.006,,0.00012452449486498058,6.226224743249029e-05,6.226224743249029e-05,0.0,0.0,fractional_return,R,False
ETHUSD,2023-03-03 18:30:00,2023-03-03 19:00:00,2023-03-03 20:00:00,long,,,1559.8000000000002,1564.8335493462878,1597.465712556802,1544.7337149772795,r_trailing_stop,3,0.002004561577866136,0.0018803265725428403,0.00012423500532329594,,,,,0.31338776209047337,0.5840855915528561,-0.1692520748249927,,,,,,,,2023-03-03 18:30:00,2023-03-03 19:00:00,2023-03-03 20:00:00,1.0,1559.8000000000002,1564.8335493462878,1597.465712556802,0.6211750266164799,0.000124235005323296,0.31338776209047337,0.5840855915528561,-0.1692520748249927,False,False,1564.8335493462878,True,0.75,0.5,7.53290130742419,1564.8335493462878,adverse_first,volatility_stop,0.006,,0.00012423500532329594,6.211750266164797e-05,6.211750266164797e-05,0.0,0.0,fractional_return,R,False
ETHUSD,2023-03-03 21:00:00,2023-03-03 21:30:00,2023-03-04 01:30:00,long,,,1558.5500000000002,1571.95,1596.264257881744,1543.4642968473026,r_trailing_stop,9,0.00532954938766791,0.00520557372799403,0.00012397565967387988,,,,,0.8675956213323384,1.2428986445121213,-0.49053066503412324,,,,,,,,2023-03-03 21:00:00,2023-03-03 21:30:00,2023-03-04 01:30:00,1.0,1558.5500000000002,1571.95,1596.264257881744,0.6198782983693973,0.00012397565967387948,0.8675956213323384,1.2428986445121213,-0.49053066503412324,False,False,1573.528332114943,True,0.75,0.5,7.543335770114495,1573.528332114943,adverse_first,volatility_stop,0.006,,0.00012397565967387988,6.198782983693994e-05,6.198782983693994e-05,0.0,0.0,fractional_return,R,False
ETHUSD,2023-03-06 01:30:00,2023-03-06 02:00:00,2023-03-06 10:30:00,long,,,1562.0500000000002,1565.253546349578,1588.0128743557843,1551.6648502576866,r_trailing_stop,18,0.0018508426526726576,0.0016703483847505854,0.00018049426792207213,,,,,0.2783913974584309,0.6114500183013489,-0.6451519878140572,,,,,,,,2023-03-06 01:30:00,2023-03-06 02:00:00,2023-03-06 10:30:00,1.0,1562.0500000000002,1565.253546349578,1588.0128743557843,0.9024713396103605,0.00018049426792207213,0.2783913974584309,0.6114500183013489,-0.6451519878140572,False,False,1565.253546349578,True,0.75,0.5,5.192907300843646,1565.253546349578,adverse_first,volatility_stop,0.006,,0.00018049426792207213,9.024713396103606e-05,9.024713396103606e-05,0.0,0.0,fractional_return,R,False
ETHUSD,2023-03-08 15:00:00,2023-03-08 15:30:00,2023-03-08 17:00:00,short,,,1557.85,1560.6,1530.8433510823756,1568.6526595670496,r_trailing_stop,4,-0.0015274016456399498,-0.0017004534749970562,0.00017305182935710645,,,,,-0.2834089124995094,0.42582106484507376,-0.7035304549614527,,,,,,,,2023-03-08 15:00:00,2023-03-08 15:30:00,2023-03-08 17:00:00,-1.0,1557.85,1560.6,1530.8433510823756,0.8652591467855327,0.00017305182935710656,-0.2834089124995094,0.42582106484507376,-0.7035304549614527,False,False,1555.9508383291811,True,0.75,0.5,5.401676658362047,1555.9508383291811,adverse_first,volatility_stop,0.006,,0.00017305182935710645,8.652591467855322e-05,8.652591467855322e-05,0.0,0.0,fractional_return,R,False
ETHUSD,2023-03-09 06:30:00,2023-03-09 07:00:00,2023-03-09 09:00:00,short,,,1540.85,1532.6,1513.350328550348,1551.8498685798606,r_trailing_stop,5,0.00450005376342657,0.004331959027878065,0.00016809473554850463,,,,,0.7219931713130109,1.368198164435752,0.0,,,,,,,,2023-03-09 06:30:00,2023-03-09 07:00:00,2023-03-09 09:00:00,-1.0,1540.85,1532.6,1513.350328550348,0.840473677742522,0.0001680947355485044,0.7219931713130109,1.368198164435752,0.0,False,False,1528.5500563895355,True,0.75,0.5,5.500112779070844,1528.5500563895355,adverse_first,volatility_stop,0.006,,0.00016809473554850463,8.404736777425231e-05,8.404736777425231e-05,0.0,0.0,fractional_return,R,False
ETHUSD,2023-03-13 13:00:00,2023-03-13 13:30:00,2023-03-13 14:00:00,long,,,1596.6999999999998,1601.234490577985,1673.3478938311337,1566.0408424675463,r_trailing_stop,2,0.0008874002307177874,0.0008249053628150468,6.249486790274063e-05,,,,,0.13748422713584113,1.7466233357298273,-0.4289093718925587,,,,,,,,2023-03-13 13:00:00,2023-03-13 13:30:00,2023-03-13 14:00:00,1.0,1596.6999999999998,1601.234490577985,1673.3478938311337,0.3124743395137033,6.249486790274066e-05,0.13748422713584113,1.7466233357298273,-0.4289093718925587,False,False,1601.234490577985,True,0.75,0.5,15.331018844030096,1601.234490577985,adverse_first,volatility_stop,0.006,,6.249486790274063e-05,3.1247433951370315e-05,3.1247433951370315e-05,0.0,0.0,fractional_return,R,False
ETHUSD,2023-03-13 22:00:00,2023-03-13 22:30:00,2023-03-14 10:00:00,long,,,1687.2,1678.25,1768.8950581893325,1654.521976724267,max_holding_close,24,-0.001643306253468487,-0.0017052634894651796,6.195723599669253e-05,,,,,-0.28421058157752993,0.3427379895502203,-0.7604499143145523,,,,,,,,2023-03-13 22:00:00,2023-03-13 22:30:00,2023-03-14 10:00:00,1.0,1687.2,1678.25,1768.8950581893325,0.3097861799834626,6.195723599669251e-05,-0.28421058157752993,0.3427379895502203,-0.7604499143145523,False,False,1654.521976724267,False,0.75,0.5,16.33852795770207,,adverse_first,volatility_stop,0.006,,6.195723599669253e-05,3.0978617998346264e-05,3.0978617998346264e-05,0.0,0.0,fractional_return,R,False
ETHUSD,2023-03-14 12:30:00,2023-03-14 13:00:00,2023-03-14 13:30:00,long,,,1743.85,1742.65,1818.5589949136133,1713.9664020345544,r_trailing_stop,2,-0.0002409348435327206,-0.00031096054801514985,7.002570448242924e-05,,,,,-0.051826758002524974,0.9854904363943463,-0.4233091348179398,,,,,,,,2023-03-14 12:30:00,2023-03-14 13:00:00,2023-03-14 13:30:00,1.0,1743.85,1742.65,1818.5589949136133,0.35012852241214604,7.002570448242921e-05,-0.051826758002524974,0.9854904363943463,-0.4233091348179398,False,False,1765.829315065696,True,0.75,0.5,14.9413698686082,1765.829315065696,adverse_first,volatility_stop,0.006,,7.002570448242924e-05,3.501285224121462e-05,3.501285224121462e-05,0.0,0.0,fractional_return,R,False
ETHUSD,2023-03-14 14:00:00,2023-03-14 14:30:00,2023-03-14 14:30:00,short,,,1747.3000000000002,1778.6915465544912,1668.8211336137729,1778.6915465544912,stop_loss,1,-0.006,-0.006066793778266399,6.679377826639913e-05,,,,,-1.0111322963777332,0.17998476087161042,-1.1292849155572484,,,,,,,,2023-03-14 14:00:00,2023-03-14 14:30:00,2023-03-14 14:30:00,-1.0,1747.3000000000002,1778.6915465544912,1668.8211336137729,0.3339688913319937,6.679377826639874e-05,-1.0111322963777332,0.17998476087161042,-1.1292849155572484,False,False,1778.6915465544912,False,0.75,0.5,15.696671041924452,,adverse_first,volatility_stop,0.006,,6.679377826639913e-05,3.3396889133199565e-05,3.3396889133199565e-05,0.0,0.0,fractional_return,R,False
ETHUSD,2023-03-14 14:30:00,2023-03-14 15:00:00,2023-03-14 18:00:00,short,,,1766.4,1761.212953530942,1685.2727635145188,1798.8508945941926,r_trailing_stop,7,0.0009590576532185178,0.0008937380364095765,6.531961680894137e-05,,,,,0.14895633940159608,0.899821110177522,-0.4576145029498664,,,,,,,,2023-03-14 14:30:00,2023-03-14 15:00:00,2023-03-14 18:00:00,-1.0,1766.4,1761.212953530942,1685.2727635145188,0.32659808404470664,6.531961680894133e-05,0.14895633940159608,0.899821110177522,-0.4576145029498664,False,False,1761.212953530942,True,0.75,0.5,16.225907061884357,1761.212953530942,adverse_first,volatility_stop,0.006,,6.531961680894137e-05,3.2659808404470684e-05,3.2659808404470684e-05,0.0,0.0,fractional_return,R,False
ETHUSD,2023-03-14 18:00:00,2023-03-14 18:30:00,2023-03-14 19:00:00,short,,,1754.1,1738.9022299525302,1672.070683833584,1786.9117264665663,r_trailing_stop,2,0.0027790863238401345,0.0027149348686539886,6.415145518614586e-05,,,,,0.45248914477566476,1.869758364056604,-0.13866993572058517,,,,,,,,2023-03-14 18:00:00,2023-03-14 18:30:00,2023-03-14 19:00:00,-1.0,1754.1,1738.9022299525302,1672.070683833584,0.32075727593072845,6.41514551861457e-05,0.45248914477566476,1.869758364056604,-0.13866993572058517,False,False,1738.9022299525302,True,0.75,0.5,16.40445990506071,1738.9022299525302,adverse_first,volatility_stop,0.006,,6.415145518614586e-05,3.207572759307293e-05,3.207572759307293e-05,0.0,0.0,fractional_return,R,False
ETHUSD,2023-03-15 12:30:00,2023-03-15 13:00:00,2023-03-15 13:30:00,long,,,1682.85,1691.0,1763.725698964577,1650.4997204141691,r_trailing_stop,2,0.0015115788990404712,0.001449155327255191,6.242357178528018e-05,,,,,0.24152588787586515,0.5579549923860927,-0.37866751560828626,,,,,,,,2023-03-15 12:30:00,2023-03-15 13:00:00,2023-03-15 13:30:00,1.0,1682.85,1691.0,1763.725698964577,0.31211785892640137,6.242357178528028e-05,0.24152588787586515,0.5579549923860927,-0.37866751560828626,False,False,1692.8114692716663,True,0.75,0.5,16.177061456667804,1692.8114692716663,adverse_first,volatility_stop,0.006,,6.242357178528018e-05,3.121178589264009e-05,3.121178589264009e-05,0.0,0.0,fractional_return,R,False
ETHUSD,2023-03-15 13:30:00,2023-03-15 14:00:00,2023-03-15 14:30:00,long,,,1672.1,1639.1736701918765,1754.4158245203084,1639.1736701918765,stop_loss,2,-0.006,-0.0060609396799367835,6.09396799367834e-05,,,,,-1.0101566133227973,0.30674539369729803,-1.0234970066929685,,,,,,,,2023-03-15 13:30:00,2023-03-15 14:00:00,2023-03-15 14:30:00,1.0,1672.1,1639.1736701918765,1754.4158245203084,0.30469839968391527,6.093967993678306e-05,-1.0101566133227973,0.30674539369729803,-1.0234970066929685,False,False,1639.1736701918765,False,0.75,0.5,16.46168782889722,,adverse_first,volatility_stop,0.006,,6.09396799367834e-05,3.04698399683917e-05,3.04698399683917e-05,0.0,0.0,fractional_return,R,False
ETHUSD,2023-03-15 14:30:00,2023-03-15 15:00:00,2023-03-15 16:30:00,long,,,1659.5,1625.9669116698205,1743.3327208254486,1625.9669116698205,stop_loss,4,-0.006,-0.0060593861197749494,5.938611977494932e-05,,,,,-1.0098976866291582,0.041749808016940226,-1.2912619193810015,,,,,,,,2023-03-15 14:30:00,2023-03-15 15:00:00,2023-03-15 16:30:00,1.0,1659.5,1625.9669116698205,1743.3327208254486,0.29693059887474776,5.938611977494956e-05,-1.0098976866291582,0.041749808016940226,-1.2912619193810015,False,False,1625.9669116698205,False,0.75,0.5,16.766544450535566,,adverse_first,volatility_stop,0.006,,5.938611977494932e-05,2.969305988747466e-05,2.969305988747466e-05,0.0,0.0,fractional_return,R,False
ETHUSD,2023-03-15 19:00:00,2023-03-15 19:30:00,2023-03-15 22:30:00,long,,,1656.65,1662.1,1742.6507082184312,1622.2497167126276,r_trailing_stop,7,0.0009505735672823075,0.0008927839269065917,5.778964037571582e-05,,,,,0.1487973211510986,0.4113338219279714,-0.5087167409003229,,,,,,,,2023-03-15 19:00:00,2023-03-15 19:30:00,2023-03-15 22:30:00,1.0,1656.65,1662.1,1742.6507082184312,0.28894820187857906,5.778964037571581e-05,0.1487973211510986,0.4113338219279714,-0.5087167409003229,False,False,1662.2009676633227,True,0.75,0.5,17.19806467335446,1662.2009676633227,adverse_first,volatility_stop,0.006,,5.778964037571582e-05,2.889482018785791e-05,2.889482018785791e-05,0.0,0.0,fractional_return,R,False
ETHUSD,2023-03-18 23:30:00,2023-03-19 00:00:00,2023-03-19 02:00:00,long,,,1762.55,1782.0,1834.3353054618462,1733.8358778152615,r_trailing_stop,5,0.004064202250348641,0.003990543024884868,7.365922546377374e-05,,,,,0.665090504147478,0.9403038625485373,-0.04179128277993622,,,,,,,,2023-03-18 23:30:00,2023-03-19 00:00:00,2023-03-19 02:00:00,1.0,1762.55,1782.0,1834.3353054618462,0.3682961273188684,7.365922546377369e-05,0.665090504147478,0.9403038625485373,-0.04179128277993622,False,False,1782.3716728889913,True,0.75,0.5,14.356654222017939,1782.3716728889913,adverse_first,volatility_stop,0.006,,7.365922546377374e-05,3.682961273188687e-05,3.682961273188687e-05,0.0,0.0,fractional_return,R,False
ETHUSD,2023-03-23 16:00:00,2023-03-23 16:30:00,2023-03-23 18:30:00,long,,,1830.3,1805.733143657539,1891.7171408561524,1805.733143657539,stop_loss,5,-0.006,-0.006089403380285326,8.940338028532585e-05,,,,,-1.0149005633808876,0.20963203139259193,-1.349378998187237,,,,,,,,2023-03-23 16:00:00,2023-03-23 16:30:00,2023-03-23 18:30:00,1.0,1830.3,1805.733143657539,1891.7171408561524,0.4470169014266279,8.94033802853256e-05,-1.0149005633808876,0.20963203139259193,-1.349378998187237,False,False,1805.733143657539,False,0.75,0.5,12.283092685745094,,adverse_first,volatility_stop,0.006,,8.940338028532585e-05,4.4701690142662925e-05,4.4701690142662925e-05,0.0,0.0,fractional_return,R,False
ETHUSD,2023-03-23 18:30:00,2023-03-23 19:00:00,2023-03-23 20:00:00,long,,,1804.6,1820.4584442985522,1867.5190450534224,1779.432381978631,r_trailing_stop,3,0.0037806782394156106,0.0036946343397441625,8.604389967144807e-05,,,,,0.6157723899573604,0.880099180669115,-0.30197533964267115,,,,,,,,2023-03-23 18:30:00,2023-03-23 19:00:00,2023-03-23 20:00:00,1.0,1804.6,1820.4584442985522,1867.5190450534224,0.43021949835724016,8.604389967144803e-05,0.6157723899573604,0.880099180669115,-0.30197533964267115,False,False,1820.4584442985522,True,0.75,0.5,12.583111402895653,1820.4584442985522,adverse_first,volatility_stop,0.006,,8.604389967144807e-05,4.302194983572404e-05,4.302194983572404e-05,0.0,0.0,fractional_return,R,False
ETHUSD,2023-03-23 23:00:00,2023-03-23 23:30:00,2023-03-24 08:30:00,long,,,1819.6,1794.5461922589689,1882.2345193525775,1794.5461922589689,stop_loss,19,-0.006,-0.006087153219285866,8.715321928586591e-05,,,,,-1.0145255365476442,0.10178093591035278,-1.1634957967790425,,,,,,,,2023-03-23 23:00:00,2023-03-23 23:30:00,2023-03-24 08:30:00,1.0,1819.6,1794.5461922589689,1882.2345193525775,0.4357660964293288,8.715321928586576e-05,-1.0145255365476442,0.10178093591035278,-1.1634957967790425,False,False,1794.5461922589689,False,0.75,0.5,12.525871458871189,,adverse_first,volatility_stop,0.006,,8.715321928586591e-05,4.3576609642932956e-05,4.3576609642932956e-05,0.0,0.0,fractional_return,R,False
ETHUSD,2023-03-29 10:30:00,2023-03-29 11:00:00,2023-03-29 12:30:00,short,,,1811.2,1808.7,1765.0738204836846,1829.6504718065262,r_trailing_stop,4,0.0008129873402312889,0.000695188726581137,0.00011779861365015197,,,,,0.11586478776352283,0.5040521509433943,-0.07858877622236003,,,,,,,,2023-03-29 10:30:00,2023-03-29 11:00:00,2023-03-29 12:30:00,-1.0,1811.2,1808.7,1765.0738204836846,0.58899306825076,0.00011779861365015201,0.11586478776352283,0.5040521509433943,-0.07858877622236003,False,False,1806.5130000421009,True,0.75,0.5,9.226000084201788,1806.5130000421009,adverse_first,volatility_stop,0.006,,0.00011779861365015197,5.8899306825075986e-05,5.8899306825075986e-05,0.0,0.0,fractional_return,R,False
ETHUSD,2023-03-31 15:00:00,2023-03-31 15:30:00,2023-04-01 02:30:00,long,,,1828.3,1830.5,1873.5771747540682,1810.1891300983727,r_trailing_stop,23,0.0007288440628031067,0.0006077035537101189,0.00012114050909298776,,,,,0.10128392561835314,0.7978633869321624,-0.7260832898379096,,,,,,,,2023-03-31 15:00:00,2023-03-31 15:30:00,2023-04-01 02:30:00,1.0,1828.3,1830.5,1873.5771747540682,0.6057025454649386,0.00012114050909298773,0.10128392561835314,0.7978633869321624,-0.7260832898379096,False,False,1838.2224064710042,True,0.75,0.5,9.05518705799176,1838.2224064710042,adverse_first,volatility_stop,0.006,,0.00012114050909298776,6.057025454649388e-05,6.057025454649388e-05,0.0,0.0,fractional_return,R,False
ETHUSD,2023-04-04 23:00:00,2023-04-04 23:30:00,2023-04-05 00:00:00,short,,,1864.45,1882.7736120549032,1818.6409698627424,1882.7736120549032,stop_loss,2,-0.006,-0.00612210147176748,0.00012210147176747958,,,,,-1.0203502452945798,0.013643598175453806,-1.0696580969555733,,,,,,,,2023-04-04 23:00:00,2023-04-04 23:30:00,2023-04-05 00:00:00,-1.0,1864.45,1882.7736120549032,1818.6409698627424,0.6105073588373994,0.00012210147176747987,-1.0203502452945798,0.013643598175453806,-1.0696580969555733,False,False,1882.7736120549032,False,0.75,0.5,9.161560264134442,,adverse_first,volatility_stop,0.006,,0.00012210147176747958,6.105073588373979e-05,6.105073588373979e-05,0.0,0.0,fractional_return,R,False
ETHUSD,2023-04-06 07:30:00,2023-04-06 08:00:00,2023-04-06 10:00:00,long,,,1880.05,1862.807249486167,1923.1568762845825,1862.807249486167,stop_loss,5,-0.006,-0.006130841074235231,0.00013084107423523127,,,,,-1.0218068457058718,0.31897463201057275,-1.043916977489147,,,,,,,,2023-04-06 07:30:00,2023-04-06 08:00:00,2023-04-06 10:00:00,1.0,1880.05,1862.807249486167,1923.1568762845825,0.654205371176157,0.0001308410742352314,-1.0218068457058718,0.31897463201057275,-1.043916977489147,False,False,1862.807249486167,False,0.75,0.5,8.621145720120145,,adverse_first,volatility_stop,0.006,,0.00013084107423523127,6.542053711761564e-05,6.542053711761564e-05,0.0,0.0,fractional_return,R,False
ETHUSD,2023-04-06 10:30:00,2023-04-06 11:00:00,2023-04-06 12:00:00,long,,,1862.4,1866.2982756602294,1906.4160626024009,1844.7935749590397,r_trailing_stop,3,0.0013284726403549765,0.001201537161130734,0.00012693547922424243,,,,,0.200256193521789,0.6162523041877023,-0.07099680923821515,,,,,,,,2023-04-06 10:30:00,2023-04-06 11:00:00,2023-04-06 12:00:00,1.0,1862.4,1866.2982756602294,1906.4160626024009,0.6346773961212123,0.00012693547922424246,0.200256193521789,0.6162523041877023,-0.07099680923821515,False,False,1866.2982756602294,True,0.75,0.5,8.80344867954135,1866.2982756602294,adverse_first,volatility_stop,0.006,,0.00012693547922424243,6.346773961212122e-05,6.346773961212122e-05,0.0,0.0,fractional_return,R,False
ETHUSD,2023-04-06 15:00:00,2023-04-06 15:30:00,2023-04-06 21:00:00,short,,,1873.95,1868.535488189518,1829.5939333073795,1891.6924266770482,r_trailing_stop,12,0.0018310387555338099,0.0017042951008504855,0.0001267436546833244,,,,,0.2840491834750809,0.7439794026076363,-0.5467121367647031,,,,,,,,2023-04-06 15:00:00,2023-04-06 15:30:00,2023-04-06 21:00:00,-1.0,1873.95,1868.535488189518,1829.5939333073795,0.6337182734166218,0.00012674365468332436,0.2840491834750809,0.7439794026076363,-0.5467121367647031,False,False,1868.535488189518,True,0.75,0.5,8.870976379036387,1868.535488189518,adverse_first,volatility_stop,0.006,,0.0001267436546833244,6.33718273416622e-05,6.33718273416622e-05,0.0,0.0,fractional_return,R,False
ETHUSD,2023-04-11 06:00:00,2023-04-11 06:30:00,2023-04-11 09:30:00,short,,,1921.9,1917.3713683654785,1884.1872960914393,1936.9850815634245,r_trailing_stop,7,0.0018012358562920665,0.0016483510349337342,0.0001528848213583323,,,,,0.2747251724889557,0.5502124708509716,-0.3944294218750734,,,,,,,,2023-04-11 06:00:00,2023-04-11 06:30:00,2023-04-11 09:30:00,-1.0,1921.9,1917.3713683654785,1884.1872960914393,0.7644241067916618,0.00015288482135833236,0.2747251724889557,0.5502124708509716,-0.3944294218750734,False,False,1917.3713683654785,True,0.75,0.5,7.542736730957055,1917.3713683654785,adverse_first,volatility_stop,0.006,,0.0001528848213583323,7.644241067916615e-05,7.644241067916615e-05,0.0,0.0,fractional_return,R,False
ETHUSD,2023-04-11 12:00:00,2023-04-11 12:30:00,2023-04-11 15:00:00,short,,,1915.85,1912.85,1881.3094996045343,1929.6662001581863,r_trailing_stop,6,0.0013028184156216641,0.0011364181048504132,0.0001664003107712509,,,,,0.18940301747506888,0.6550281478542178,-0.600744047203332,,,,,,,,2023-04-11 12:00:00,2023-04-11 12:30:00,2023-04-11 15:00:00,-1.0,1915.85,1912.85,1881.3094996045343,0.8320015538562548,0.00016640031077125097,0.18940301747506888,0.6550281478542178,-0.600744047203332,False,False,1910.2539599194142,True,0.75,0.5,6.9079198388283976,1910.2539599194142,adverse_first,volatility_stop,0.006,,0.0001664003107712509,8.320015538562544e-05,8.320015538562544e-05,0.0,0.0,fractional_return,R,False
ETHUSD,2023-04-15 17:30:00,2023-04-15 18:00:00,2023-04-15 19:00:00,long,,,2092.0,2094.7873944156077,2141.6248681657016,2072.1500527337193,r_trailing_stop,3,0.0008425395931431508,0.0007160707433107663,0.0001264688498323845,,,,,0.11934512388512772,0.39042924880536184,-0.01007559351754856,,,,,,,,2023-04-15 17:30:00,2023-04-15 18:00:00,2023-04-15 19:00:00,1.0,2092.0,2094.7873944156077,2141.6248681657016,0.6323442491619228,0.00012646884983238455,0.11934512388512772,0.39042924880536184,-0.01007559351754856,False,False,2094.7873944156077,True,0.75,0.5,9.925211168785125,2094.7873944156077,adverse_first,volatility_stop,0.006,,0.0001264688498323845,6.323442491619225e-05,6.323442491619225e-05,0.0,0.0,fractional_return,R,False
ETHUSD,2023-04-15 20:30:00,2023-04-15 21:00:00,2023-04-15 22:30:00,long,,,2088.8500000000004,2095.239656475128,2137.9510862417756,2069.2095655032904,r_trailing_stop,4,0.0019519903623918683,0.0018243648762846297,0.00012762548610723858,,,,,0.30406081271410496,0.5753436871212099,-0.2342107044918441,,,,,,,,2023-04-15 20:30:00,2023-04-15 21:00:00,2023-04-15 22:30:00,1.0,2088.8500000000004,2095.239656475128,2137.9510862417756,0.6381274305361926,0.00012762548610723853,0.30406081271410496,0.5753436871212099,-0.2342107044918441,False,False,2095.239656475128,True,0.75,0.5,9.820687049744276,2095.239656475128,adverse_first,volatility_stop,0.006,,0.00012762548610723858,6.381274305361929e-05,6.381274305361929e-05,0.0,0.0,fractional_return,R,False
ETHUSD,2023-04-21 05:30:00,2023-04-21 06:00:00,2023-04-21 06:30:00,long,,,1928.05,1905.8931601194665,1983.4420997013337,1905.8931601194665,stop_loss,2,-0.006,-0.0061044219307660715,0.00010442193076607136,,,,,-1.0174036551276786,0.24371706566081328,-1.259204839247508,,,,,,,,2023-04-21 05:30:00,2023-04-21 06:00:00,2023-04-21 06:30:00,1.0,1928.05,1905.8931601194665,1983.4420997013337,0.5221096538303569,0.00010442193076607139,-1.0174036551276786,0.24371706566081328,-1.259204839247508,False,False,1905.8931601194665,False,0.75,0.5,11.078707080169961,,adverse_first,volatility_stop,0.006,,0.00010442193076607136,5.221096538303568e-05,5.221096538303568e-05,0.0,0.0,fractional_return,R,False
ETHUSD,2023-04-21 06:30:00,2023-04-21 07:00:00,2023-04-21 07:30:00,long,,,1907.9,1907.55,1965.0745968111792,1885.0301612755284,r_trailing_stop,2,-9.18239968939191e-05,-0.00019193314185042315,0.00010010914495650405,,,,,-0.03198885697507053,0.9094948263777239,-0.08307885433258472,,,,,,,,2023-04-21 06:30:00,2023-04-21 07:00:00,2023-04-21 07:30:00,1.0,1907.9,1907.55,1965.0745968111792,0.5005457247825202,0.00010010914495650405,-0.03198885697507053,0.9094948263777239,-0.08307885433258472,False,False,1912.2326901171668,True,0.75,0.5,11.434619765666426,1912.2326901171668,adverse_first,volatility_stop,0.006,,0.00010010914495650405,5.0054572478252024e-05,5.0054572478252024e-05,0.0,0.0,fractional_return,R,False
ETHUSD,2023-04-22 06:00:00,2023-04-22 06:30:00,2023-04-22 09:00:00,short,,,1855.35,1852.2920139791968,1801.9255394365405,1876.7197842253836,r_trailing_stop,6,0.000858591548295796,0.0007544061257141595,0.00010418542258163659,,,,,0.12573435428569324,0.3930783723132818,-0.0889105842137242,,,,,,,,2023-04-22 06:00:00,2023-04-22 06:30:00,2023-04-22 09:00:00,-1.0,1855.35,1852.2920139791968,1801.9255394365405,0.5209271129081829,0.0001041854225816366,0.12573435428569324,0.3930783723132818,-0.0889105842137242,False,False,1852.2920139791968,True,0.75,0.5,10.684027958393337,1852.2920139791968,adverse_first,volatility_stop,0.006,,0.00010418542258163659,5.209271129081829e-05,5.209271129081829e-05,0.0,0.0,fractional_return,R,False
ETHUSD,2023-04-26 17:30:00,2023-04-26 18:00:00,2023-04-26 19:30:00,short,,,1947.5,1898.4227351285517,1898.4227351285517,1967.1309059485793,take_profit,4,0.015,0.014880953023455898,0.00011904697654410192,,,,,2.4801588372426497,6.525424773341676,-0.16046126491824267,,,,,,,,2023-04-26 17:30:00,2023-04-26 18:00:00,2023-04-26 19:30:00,-1.0,1947.5,1898.4227351285517,1898.4227351285517,0.5952348827205116,0.00011904697654410234,2.4801588372426497,6.525424773341676,-0.16046126491824267,False,False,1910.1078527145455,True,0.75,0.5,9.81570542909092,1910.1078527145455,adverse_first,volatility_stop,0.006,,0.00011904697654410192,5.952348827205096e-05,5.952348827205096e-05,0.0,0.0,fractional_return,R,False
ETHUSD,2023-04-27 20:00:00,2023-04-27 20:30:00,2023-04-28 08:00:00,long,,,1916.65,1915.25,1989.0294357111911,1887.6982257155237,max_holding_close,24,-0.00029013765848902057,-0.0003695794217951548,7.944176330613426e-05,,,,,-0.06159657029919247,0.3177698164403259,-0.7391602251981672,,,,,,,,2023-04-27 20:00:00,2023-04-27 20:30:00,2023-04-28 08:00:00,1.0,1916.65,1915.25,1989.0294357111911,0.3972088165306713,7.944176330613427e-05,-0.06159657029919247,0.3177698164403259,-0.7391602251981672,False,False,1887.6982257155237,False,0.75,0.5,14.47626479713959,,adverse_first,volatility_stop,0.006,,7.944176330613426e-05,3.972088165306713e-05,3.972088165306713e-05,0.0,0.0,fractional_return,R,False
ETHUSD,2023-04-28 08:30:00,2023-04-28 09:00:00,2023-04-28 13:30:00,long,,,1909.95,1886.4997870797292,1968.5755323006772,1886.4997870797292,stop_loss,10,-0.006,-0.006097736426009966,9.77364260099662e-05,,,,,-1.0162894043349944,0.2537290394858953,-1.1940190093453804,,,,,,,,2023-04-28 08:30:00,2023-04-28 09:00:00,2023-04-28 13:30:00,1.0,1909.95,1886.4997870797292,1968.5755323006772,0.48868213004982963,9.773642600996592e-05,-1.0162894043349944,0.2537290394858953,-1.1940190093453804,False,False,1886.4997870797292,False,0.75,0.5,11.724492187738592,,adverse_first,volatility_stop,0.006,,9.77364260099662e-05,4.88682130049831e-05,4.88682130049831e-05,0.0,0.0,fractional_return,R,False
ETHUSD,2023-04-28 14:00:00,2023-04-28 14:30:00,2023-04-28 19:30:00,long,,,1895.75,1893.2,1952.9778537030797,1872.858858518768,r_trailing_stop,11,-0.0006683808237585804,-0.0007677598783970377,9.93790546384573e-05,,,,,-0.12795997973283962,0.4237447052587102,-0.8868059295620369,,,,,,,,2023-04-28 14:00:00,2023-04-28 14:30:00,2023-04-28 19:30:00,1.0,1895.75,1893.2,1952.9778537030797,0.49689527319228627,9.937905463845726e-05,-0.12795997973283962,0.4237447052587102,-0.8868059295620369,False,False,1899.7269126209108,True,0.75,0.5,11.446174758178428,1899.7269126209108,adverse_first,volatility_stop,0.006,,9.93790546384573e-05,4.968952731922865e-05,4.968952731922865e-05,0.0,0.0,fractional_return,R,False
ETHUSD,2023-05-01 17:00:00,2023-05-01 17:30:00,2023-05-01 18:00:00,long,,,1833.4,1835.8835693168478,1874.063196450565,1817.134721419774,r_trailing_stop,2,0.0009161488275522841,0.0007808864655122833,0.00013526236204000077,,,,,0.13014774425204723,0.4026982979537081,-0.02766629527926538,,,,,,,,2023-05-01 17:00:00,2023-05-01 17:30:00,2023-05-01 18:00:00,1.0,1833.4,1835.8835693168478,1874.063196450565,0.676311810200004,0.0001352623620400008,0.13014774425204723,0.4026982979537081,-0.02766629527926538,False,False,1835.8835693168478,True,0.75,0.5,8.132861366304617,1835.8835693168478,adverse_first,volatility_stop,0.006,,0.00013526236204000077,6.763118102000038e-05,6.763118102000038e-05,0.0,0.0,fractional_return,R,False
ETHUSD,2023-05-01 19:00:00,2023-05-01 19:30:00,2023-05-01 23:00:00,long,,,1822.8,1826.15,1864.5883795453235,1806.0846481818705,r_trailing_stop,8,0.001202487403118806,0.0010716280575423882,0.00013085934557641784,,,,,0.1786046762570647,0.6401301101179849,-0.9751514761610356,,,,,,,,2023-05-01 19:00:00,2023-05-01 19:30:00,2023-05-01 23:00:00,1.0,1822.8,1826.15,1864.5883795453235,0.6542967278820886,0.00013085934557641773,0.1786046762570647,0.6401301101179849,-0.9751514761610356,False,False,1829.32093275237,True,0.75,0.5,8.358134495260105,1829.32093275237,adverse_first,volatility_stop,0.006,,0.00013085934557641784,6.542967278820892e-05,6.542967278820892e-05,0.0,0.0,fractional_return,R,False
ETHUSD,2023-05-02 00:00:00,2023-05-02 00:30:00,2023-05-02 12:00:00,long,,,1834.65,1829.3,1877.4233686098364,1817.5406525560657,max_holding_close,24,-0.0018761674052846626,-0.0020048444344474836,0.00012867702916282103,,,,,-0.3341407390745806,0.34776311717891945,-0.6224667559589305,,,,,,,,2023-05-02 00:00:00,2023-05-02 00:30:00,2023-05-02 12:00:00,1.0,1834.65,1829.3,1877.4233686098364,0.6433851458141049,0.00012867702916282098,-0.3341407390745806,0.34776311717891945,-0.6224667559589305,False,False,1817.5406525560657,False,0.75,0.5,8.554207088044242,,adverse_first,volatility_stop,0.006,,0.00012867702916282103,6.433851458141052e-05,6.433851458141052e-05,0.0,0.0,fractional_return,R,False
ETHUSD,2023-05-02 12:30:00,2023-05-02 13:00:00,2023-05-02 14:30:00,long,,,1832.25,1851.8885527493348,1868.3664437164553,1817.803422513418,r_trailing_stop,4,0.008156348215032238,0.0080041529977192,0.00015219521731303816,,,,,1.3340254996198666,2.356959635015657,-0.5053099951722235,,,,,,,,2023-05-02 12:30:00,2023-05-02 13:00:00,2023-05-02 14:30:00,1.0,1832.25,1851.8885527493348,1868.3664437164553,0.7609760865651882,0.00015219521731303764,1.3340254996198666,2.356959635015657,-0.5053099951722235,False,False,1851.8885527493348,True,0.75,0.5,7.222894501330337,1851.8885527493348,adverse_first,volatility_stop,0.006,,0.00015219521731303816,7.609760865651908e-05,7.609760865651908e-05,0.0,0.0,fractional_return,R,False
ETHUSD,2023-05-02 14:30:00,2023-05-02 15:00:00,2023-05-02 15:30:00,long,,,1852.25,1857.7665973839328,1892.0829503368586,1836.3168198652565,r_trailing_stop,2,0.0020773997421532275,0.0019378984008514217,0.00013950134130180582,,,,,0.32298306680857025,1.0355748105816338,-0.45188719007198846,,,,,,,,2023-05-02 14:30:00,2023-05-02 15:00:00,2023-05-02 15:30:00,1.0,1852.25,1857.7665973839328,1892.0829503368586,0.6975067065090295,0.0001395013413018059,0.32298306680857025,1.0355748105816338,-0.45188719007198846,False,False,1857.7665973839328,True,0.75,0.5,7.966805232134427,1857.7665973839328,adverse_first,volatility_stop,0.006,,0.00013950134130180582,6.975067065090291e-05,6.975067065090291e-05,0.0,0.0,fractional_return,R,False
ETHUSD,2023-05-03 14:30:00,2023-05-03 15:00:00,2023-05-03 16:30:00,long,,,1848.8,1858.599077999174,1883.3082869427278,1834.9966852229088,r_trailing_stop,4,0.004259445571191474,0.004098718960531108,0.00016072661066036595,,,,,0.6831198267551847,1.2786783671189725,-0.27167387403377463,,,,,,,,2023-05-03 14:30:00,2023-05-03 15:00:00,2023-05-03 16:30:00,1.0,1848.8,1858.599077999174,1883.3082869427278,0.8036330533018281,0.00016072661066036562,0.6831198267551847,1.2786783671189725,-0.27167387403377463,False,False,1858.599077999174,True,0.75,0.5,6.901844001651987,1858.599077999174,adverse_first,volatility_stop,0.006,,0.00016072661066036595,8.036330533018297e-05,8.036330533018297e-05,0.0,0.0,fractional_return,R,False
ETHUSD,2023-05-03 16:30:00,2023-05-03 17:00:00,2023-05-03 17:30:00,short,,,1865.55,1879.7065092892851,1830.158726776787,1879.7065092892851,stop_loss,2,-0.006,-0.006158136441283192,0.00015813644128319197,,,,,-1.0263560735471986,0.30021525173700525,-1.6282262476559899,,,,,,,,2023-05-03 16:30:00,2023-05-03 17:00:00,2023-05-03 17:30:00,-1.0,1865.55,1879.7065092892851,1830.158726776787,0.7906822064159579,0.0001581364412831916,-1.0263560735471986,0.30021525173700525,-1.6282262476559899,False,False,1879.7065092892851,False,0.75,0.5,7.077875196635907,,adverse_first,volatility_stop,0.006,,0.00015813644128319197,7.906822064159599e-05,7.906822064159599e-05,0.0,0.0,fractional_return,R,False
ETHUSD,2023-05-03 17:30:00,2023-05-03 18:00:00,2023-05-03 18:00:00,short,,,1875.45,1890.413225176139,1838.041937059653,1890.413225176139,stop_loss,1,-0.006,-0.006150404740522707,0.0001504047405227072,,,,,-1.0250674567537845,0.07351356322260355,-1.1394602299502108,,,,,,,,2023-05-03 17:30:00,2023-05-03 18:00:00,2023-05-03 18:00:00,-1.0,1875.45,1890.413225176139,1838.041937059653,0.7520237026135372,0.00015040474052270745,-1.0250674567537845,0.07351356322260355,-1.1394602299502108,False,False,1890.413225176139,False,0.75,0.5,7.48141332871906,,adverse_first,volatility_stop,0.006,,0.0001504047405227072,7.52023702613536e-05,7.52023702613536e-05,0.0,0.0,fractional_return,R,False
ETHUSD,2023-05-03 18:00:00,2023-05-03 18:30:00,2023-05-03 19:00:00,short,,,1882.45,1886.05,1843.930598422233,1897.8577606311069,r_trailing_stop,2,-0.0014018909377649597,-0.0015485014708647156,0.0001466105330997559,,,,,-0.2580835784774526,0.9248586047754773,-0.7885636524927666,,,,,,,,2023-05-03 18:00:00,2023-05-03 18:30:00,2023-05-03 19:00:00,-1.0,1882.45,1886.05,1843.930598422233,0.73305266549878,0.000146610533099756,-0.2580835784774526,0.9248586047754773,-0.7885636524927666,False,False,1872.0518377755188,True,0.75,0.5,7.703675551037414,1872.0518377755188,adverse_first,volatility_stop,0.006,,0.0001466105330997559,7.330526654987794e-05,7.330526654987794e-05,0.0,0.0,fractional_return,R,False
ETHUSD,2023-05-03 19:00:00,2023-05-03 19:30:00,2023-05-03 20:00:00,short,,,1879.65,1872.4200996727955,1837.9523321474903,1896.329067141004,r_trailing_stop,2,0.0026008290269774023,0.002465594845057547,0.00013523418191985518,,,,,0.41093247417625783,0.6984803107698755,-0.13489963083538262,,,,,,,,2023-05-03 19:00:00,2023-05-03 19:30:00,2023-05-03 20:00:00,-1.0,1879.65,1872.4200996727955,1837.9523321474903,0.6761709095992756,0.00013523418191985513,0.41093247417625783,0.6984803107698755,-0.13489963083538262,False,False,1872.4200996727955,True,0.75,0.5,8.340199345590987,1872.4200996727955,adverse_first,volatility_stop,0.006,,0.00013523418191985518,6.761709095992759e-05,6.761709095992759e-05,0.0,0.0,fractional_return,R,False
ETHUSD,2023-05-04 10:30:00,2023-05-04 11:00:00,2023-05-04 12:30:00,short,,,1912.1,1906.5199021062951,1873.3999677243642,1927.5800129102543,r_trailing_stop,4,0.002162826837182397,0.0020146021545996025,0.0001482246825827943,,,,,0.3357670257666004,1.1627897279127173,-0.09366917252630516,,,,,,,,2023-05-04 10:30:00,2023-05-04 11:00:00,2023-05-04 12:30:00,-1.0,1912.1,1906.5199021062951,1873.3999677243642,0.7411234129139711,0.00014822468258279424,0.3357670257666004,1.1627897279127173,-0.09366917252630516,False,False,1906.5199021062951,True,0.75,0.5,7.739804212590163,1906.5199021062951,adverse_first,volatility_stop,0.006,,0.0001482246825827943,7.411234129139715e-05,7.411234129139715e-05,0.0,0.0,fractional_return,R,False
ETHUSD,2023-05-05 16:00:00,2023-05-05 16:30:00,2023-05-05 17:00:00,short,,,1991.45,1992.55,1946.1385200139368,2009.5745919944254,r_trailing_stop,2,-0.00036414612820131386,-0.000495996820384345,0.0001318506921830312,,,,,-0.08266613673072419,0.46897607419876636,-0.18759042967949902,,,,,,,,2023-05-05 16:00:00,2023-05-05 16:30:00,2023-05-05 17:00:00,-1.0,1991.45,1992.55,1946.1385200139368,0.6592534609151561,0.00013185069218303122,-0.08266613673072419,0.46897607419876636,-0.18759042967949902,False,False,1987.4818304685307,True,0.75,0.5,9.063660937061474,1987.4818304685307,adverse_first,volatility_stop,0.006,,0.0001318506921830312,6.59253460915156e-05,6.59253460915156e-05,0.0,0.0,fractional_return,R,False
ETHUSD,2023-05-05 23:00:00,2023-05-05 23:30:00,2023-05-06 00:30:00,short,,,1997.15,2014.8391884444748,1952.9270288888133,2014.8391884444748,stop_loss,3,-0.006,-0.006135482755894807,0.00013548275589480695,,,,,-1.0225804593158012,0.21199389738941568,-1.2691367990379583,,,,,,,,2023-05-05 23:00:00,2023-05-05 23:30:00,2023-05-06 00:30:00,-1.0,1997.15,2014.8391884444748,1952.9270288888133,0.6774137794740327,0.00013548275589480655,-1.0225804593158012,0.21199389738941568,-1.2691367990379583,False,False,2014.8391884444748,False,0.75,0.5,8.844815661168477,,adverse_first,volatility_stop,0.006,,0.00013548275589480695,6.774137794740348e-05,6.774137794740348e-05,0.0,0.0,fractional_return,R,False
ETHUSD,2023-05-06 00:30:00,2023-05-06 01:00:00,2023-05-06 01:30:00,short,,,2005.1,1990.035638411411,1959.7458799275569,2023.2416480289771,r_trailing_stop,2,0.004982246893290071,0.004849617266910111,0.00013262962637996048,,,,,0.8082695444850184,1.2264596890238755,-0.052365694587538765,,,,,,,,2023-05-06 00:30:00,2023-05-06 01:00:00,2023-05-06 01:30:00,-1.0,2005.1,1990.035638411411,1959.7458799275569,0.6631481318998039,0.00013262962637996078,0.8082695444850184,1.2264596890238755,-0.052365694587538765,False,False,1990.035638411411,True,0.75,0.5,9.071276822821673,1990.035638411411,adverse_first,volatility_stop,0.006,,0.00013262962637996048,6.631481318998024e-05,6.631481318998024e-05,0.0,0.0,fractional_return,R,False
ETHUSD,2023-05-12 12:30:00,2023-05-12 13:00:00,2023-05-12 14:30:00,long,,,1773.1,1776.1,1818.991331449151,1754.7434674203396,r_trailing_stop,4,0.0009805773460694587,0.0008646665665817478,0.00011591077948771092,,,,,0.1441110944302913,0.5965178855255732,-0.4276406759247104,,,,,,,,2023-05-12 12:30:00,2023-05-12 13:00:00,2023-05-12 14:30:00,1.0,1773.1,1776.1,1818.991331449151,0.5795538974385547,0.00011591077948771094,0.1441110944302913,0.5965178855255732,-0.4276406759247104,False,False,1779.460996149643,True,0.75,0.5,9.178007700714364,1779.460996149643,adverse_first,volatility_stop,0.006,,0.00011591077948771092,5.795538974385546e-05,5.795538974385546e-05,0.0,0.0,fractional_return,R,False
ETHUSD,2023-05-12 14:30:00,2023-05-12 15:00:00,2023-05-12 16:30:00,long,,,1767.4,1772.7541965818966,1813.3567332714797,1749.0173066914083,r_trailing_stop,4,0.0017475774062097622,0.001632203670468399,0.00011537373574136323,,,,,0.2720339450780665,0.5412699778519036,-0.28559471193191416,,,,,,,,2023-05-12 14:30:00,2023-05-12 15:00:00,2023-05-12 16:30:00,1.0,1767.4,1772.7541965818966,1813.3567332714797,0.5768686787068158,0.00011537373574136316,0.2720339450780665,0.5412699778519036,-0.28559471193191416,False,False,1772.7541965818966,True,0.75,0.5,9.191606836206798,1772.7541965818966,adverse_first,volatility_stop,0.006,,0.00011537373574136323,5.7686867870681614e-05,5.7686867870681614e-05,0.0,0.0,fractional_return,R,False
ETHUSD,2023-05-12 19:00:00,2023-05-12 19:30:00,2023-05-12 20:00:00,long,,,1756.35,1788.9558486751816,1802.7888691778294,1737.7744523288682,r_trailing_stop,2,0.010531861321920842,0.010418399256774012,0.00011346206514683058,,,,,1.736399876129002,2.0053244544649536,-0.16688606198231337,,,,,,,,2023-05-12 19:00:00,2023-05-12 19:30:00,2023-05-12 20:00:00,1.0,1756.35,1788.9558486751816,1802.7888691778294,0.5673103257341496,0.00011346206514682993,1.736399876129002,2.0053244544649536,-0.16688606198231337,False,False,1788.9558486751816,True,0.75,0.5,9.288302649636353,1788.9558486751816,adverse_first,volatility_stop,0.006,,0.00011346206514683058,5.673103257341529e-05,5.673103257341529e-05,0.0,0.0,fractional_return,R,False
ETHUSD,2023-05-13 19:30:00,2023-05-13 20:00:00,2023-05-13 21:00:00,long,,,1793.8,1801.1938469044933,1833.8604155818,1777.77583376728,r_trailing_stop,3,0.0027685110590262934,0.0026341789528350427,0.0001343321061912507,,,,,0.43902982547250713,0.7551094905201936,-0.015601435754549278,,,,,,,,2023-05-13 19:30:00,2023-05-13 20:00:00,2023-05-13 21:00:00,1.0,1793.8,1801.1938469044933,1833.8604155818,0.6716605309562538,0.00013433210619125075,0.43902982547250713,0.7551094905201936,-0.015601435754549278,False,False,1801.1938469044933,True,0.75,0.5,8.012306191013714,1801.1938469044933,adverse_first,volatility_stop,0.006,,0.0001343321061912507,6.716605309562535e-05,6.716605309562535e-05,0.0,0.0,fractional_return,R,False
ETHUSD,2023-05-23 04:00:00,2023-05-23 04:30:00,2023-05-23 07:30:00,long,,,1862.7,1851.267537270114,1891.2811568247155,1851.267537270114,stop_loss,7,-0.006,-0.0061955169286628635,0.00019551692866286337,,,,,-1.032586154777144,0.06122915215547967,-1.307679749606235,,,,,,,,2023-05-23 04:00:00,2023-05-23 04:30:00,2023-05-23 07:30:00,1.0,1862.7,1851.267537270114,1891.2811568247155,0.9775846433143172,0.00019551692866286345,-1.032586154777144,0.06122915215547967,-1.307679749606235,False,False,1851.267537270114,False,0.75,0.5,5.716384637344098,,adverse_first,volatility_stop,0.006,,0.00019551692866286337,9.775846433143168e-05,9.775846433143168e-05,0.0,0.0,fractional_return,R,False
ETHUSD,2023-05-23 15:00:00,2023-05-23 15:30:00,2023-05-23 17:00:00,short,,,1858.05,1852.24444385335,1830.1040576437488,1869.2283769425005,r_trailing_stop,4,0.0031161354693151062,0.0029166735964985995,0.00019946187281650674,,,,,0.48611226608309993,0.8856384116337795,-0.14313348066809975,,,,,,,,2023-05-23 15:00:00,2023-05-23 15:30:00,2023-05-23 17:00:00,-1.0,1858.05,1852.24444385335,1830.1040576437488,0.9973093640825335,0.0001994618728165067,0.48611226608309993,0.8856384116337795,-0.14313348066809975,False,False,1852.24444385335,True,0.75,0.5,5.588887706700015,1852.24444385335,adverse_first,volatility_stop,0.006,,0.00019946187281650674,9.973093640825337e-05,9.973093640825337e-05,0.0,0.0,fractional_return,R,False
ETHUSD,2023-05-23 17:00:00,2023-05-23 17:30:00,2023-05-23 19:30:00,short,,,1848.35,1850.45,1820.6518705748254,1859.4292517700696,r_trailing_stop,5,-0.0011361484567318225,-0.0013361484567318226,0.0002000000000000001,,,,,-0.22290945735812087,0.541552816428346,-0.4242163728688751,,,,,,,,2023-05-23 17:00:00,2023-05-23 17:30:00,2023-05-23 19:30:00,-1.0,1848.35,1850.45,1820.6518705748254,1.0,0.0002,-0.22290945735812087,0.541552816428346,-0.4242163728688751,False,False,1845.119962739687,True,0.75,0.5,5.539925479374195,1845.119962739687,adverse_first,volatility_stop,0.006,,0.0002000000000000001,0.00010000000000000005,0.00010000000000000005,0.0,0.0,fractional_return,R,False
ETHUSD,2023-05-23 20:30:00,2023-05-23 21:00:00,2023-05-23 22:00:00,short,,,1854.45,1852.103843235093,1826.9100830395357,1865.4659667841859,r_trailing_stop,3,0.0012651496480934332,0.0010651496480934331,0.0002000000000000001,,,,,0.17930943362524612,0.6989854046268482,-0.09077732527621352,,,,,,,,2023-05-23 20:30:00,2023-05-23 21:00:00,2023-05-23 22:00:00,-1.0,1854.45,1852.103843235093,1826.9100830395357,1.0,0.0002,0.17930943362524612,0.6989854046268482,-0.09077732527621352,False,False,1852.103843235093,True,0.75,0.5,5.507686470186454,1852.103843235093,adverse_first,volatility_stop,0.006,,0.0002000000000000001,0.00010000000000000005,0.00010000000000000005,0.0,0.0,fractional_return,R,False
ETHUSD,2023-05-23 22:00:00,2023-05-23 22:30:00,2023-05-24 01:00:00,short,,,1851.95,1850.381488861736,1824.636586642638,1862.8753653429449,r_trailing_stop,6,0.0008469511262528817,0.0006469511262528817,0.00019999999999999998,,,,,0.1096641714629452,0.4210385516279912,-0.4851096355713626,,,,,,,,2023-05-23 22:00:00,2023-05-23 22:30:00,2023-05-24 01:00:00,-1.0,1851.95,1850.381488861736,1824.636586642638,1.0,0.0002,0.1096641714629452,0.4210385516279912,-0.4851096355713626,False,False,1850.381488861736,True,0.75,0.5,5.462977723471572,1850.381488861736,adverse_first,volatility_stop,0.006,,0.00019999999999999998,9.999999999999999e-05,9.999999999999999e-05,0.0,0.0,fractional_return,R,False
ETHUSD,2023-05-24 03:00:00,2023-05-24 03:30:00,2023-05-24 03:30:00,long,,,1833.25,1822.4074725440005,1860.3563186399988,1822.4074725440005,stop_loss,1,-0.005914374720305204,-0.006114374720305204,0.00019999999999999966,,,,,-1.033815916213993,0.018445883656893956,-1.821531011117864,,,,,,,,2023-05-24 03:00:00,2023-05-24 03:30:00,2023-05-24 03:30:00,1.0,1833.25,1822.4074725440005,1860.3563186399988,1.0,0.0002,-1.033815916213993,0.018445883656893956,-1.821531011117864,False,False,1822.4074725440005,False,0.75,0.5,5.420968042948981,,adverse_first,volatility_stop,0.006,,0.00019999999999999966,9.999999999999983e-05,9.999999999999983e-05,0.0,0.0,fractional_return,R,False
ETHUSD,2023-05-26 06:00:00,2023-05-26 06:30:00,2023-05-26 12:30:00,short,,,1807.3,1818.629042168334,1778.9773945791646,1818.629042168334,stop_loss,13,-0.006,-0.006191433659419321,0.00019143365941932076,,,,,-1.0319056099032202,0.07944184394647757,-1.3107904251170908,,,,,,,,2023-05-26 06:00:00,2023-05-26 06:30:00,2023-05-26 12:30:00,-1.0,1807.3,1818.629042168334,1778.9773945791646,0.9571682970966046,0.00019143365941932093,-1.0319056099032202,0.07944184394647757,-1.3107904251170908,False,False,1818.629042168334,False,0.75,0.5,5.664364548303975,,adverse_first,volatility_stop,0.006,,0.00019143365941932076,9.571682970966038e-05,9.571682970966038e-05,0.0,0.0,fractional_return,R,False
ETHUSD,2023-05-26 14:00:00,2023-05-26 14:30:00,2023-05-26 18:00:00,short,,,1833.5,1826.0816442950468,1805.1827856231248,1844.82688575075,r_trailing_stop,8,0.003929600351691664,0.0037353545502934902,0.00019424580139817352,,,,,0.6225590917155817,0.9049265813704559,-0.4149419446284082,,,,,,,,2023-05-26 14:00:00,2023-05-26 14:30:00,2023-05-26 18:00:00,-1.0,1833.5,1826.0816442950468,1805.1827856231248,0.9712290069908669,0.0001942458013981734,0.6225590917155817,0.9049265813704559,-0.4149419446284082,False,False,1826.0816442950468,True,0.75,0.5,5.6632885900934795,1826.0816442950468,adverse_first,volatility_stop,0.006,,0.00019424580139817352,9.712290069908676e-05,9.712290069908676e-05,0.0,0.0,fractional_return,R,False
ETHUSD,2023-05-28 22:00:00,2023-05-28 22:30:00,2023-05-28 23:30:00,long,,,1905.6,1910.15,1934.9247496560215,1893.8701001375912,r_trailing_stop,3,0.0023273855975097096,0.002132437641702486,0.00019494795580722373,,,,,0.355406273617081,0.9548248605167658,-0.37084715564712745,,,,,,,,2023-05-28 22:00:00,2023-05-28 22:30:00,2023-05-28 23:30:00,1.0,1905.6,1910.15,1934.9247496560215,0.9747397790361192,0.00019494795580722384,0.355406273617081,0.9548248605167658,-0.37084715564712745,False,False,1911.817601985288,True,0.75,0.5,5.864796029423814,1911.817601985288,adverse_first,volatility_stop,0.006,,0.00019494795580722373,9.747397790361187e-05,9.747397790361187e-05,0.0,0.0,fractional_return,R,False
ETHUSD,2023-05-28 23:30:00,2023-05-29 00:00:00,2023-05-29 00:30:00,long,,,1909.05,1920.4,1938.9339850954245,1897.0964059618302,r_trailing_stop,2,0.005697031351620809,0.005505385224716641,0.0001916461269041679,,,,,0.9175642041194402,1.5351031615600836,-0.008365684804134474,,,,,,,,2023-05-28 23:30:00,2023-05-29 00:00:00,2023-05-29 00:30:00,1.0,1909.05,1920.4,1938.9339850954245,0.9582306345208395,0.0001916461269041679,0.9175642041194402,1.5351031615600836,-0.008365684804134474,False,False,1924.4116797862284,True,0.75,0.5,5.976640427543295,1924.4116797862284,adverse_first,volatility_stop,0.006,,0.0001916461269041679,9.582306345208395e-05,9.582306345208395e-05,0.0,0.0,fractional_return,R,False
ETHUSD,2023-05-29 00:30:00,2023-05-29 01:00:00,2023-05-29 03:30:00,long,,,1915.25,1902.713279147516,1946.59180213121,1902.713279147516,stop_loss,6,-0.006,-0.0061833254506535994,0.00018332545065359931,,,,,-1.0305542417756,0.3350158346365244,-1.0409420576206145,,,,,,,,2023-05-29 00:30:00,2023-05-29 01:00:00,2023-05-29 03:30:00,1.0,1915.25,1902.713279147516,1946.59180213121,0.9166272532679949,0.000183325450653599,-1.0305542417756,0.3350158346365244,-1.0409420576206145,False,False,1902.713279147516,False,0.75,0.5,6.268033291859002,,adverse_first,volatility_stop,0.006,,0.00018332545065359931,9.166272532679966e-05,9.166272532679966e-05,0.0,0.0,fractional_return,R,False
ETHUSD,2023-05-29 03:30:00,2023-05-29 04:00:00,2023-05-29 14:30:00,long,,,1904.45,1892.0810249619187,1935.3724375952036,1892.0810249619187,stop_loss,22,-0.006,-0.006184763894580103,0.00018476389458010282,,,,,-1.0307939824300172,0.14552539676554896,-1.2976014544928405,,,,,,,,2023-05-29 03:30:00,2023-05-29 04:00:00,2023-05-29 14:30:00,1.0,1904.45,1892.0810249619187,1935.3724375952036,0.9238194729005156,0.00018476389458010312,-1.0307939824300172,0.14552539676554896,-1.2976014544928405,False,False,1892.0810249619187,False,0.75,0.5,6.184162673925577,,adverse_first,volatility_stop,0.006,,0.00018476389458010282,9.238194729005141e-05,9.238194729005141e-05,0.0,0.0,fractional_return,R,False
ETHUSD,2023-05-30 13:30:00,2023-05-30 14:00:00,2023-05-30 14:30:00,long,,,1906.35,1905.3,1936.2398492975276,1894.394060280989,r_trailing_stop,2,-0.0005269347410628021,-0.0007182722731818766,0.00019133753211907447,,,,,-0.11971204553031276,0.37638195790202994,-0.7862200898397844,,,,,,,,2023-05-30 13:30:00,2023-05-30 14:00:00,2023-05-30 14:30:00,1.0,1906.35,1905.3,1936.2398492975276,0.9566876605953724,0.00019133753211907447,-0.11971204553031276,0.37638195790202994,-0.7862200898397844,False,False,1907.8605447312377,True,0.75,0.5,5.978910537524494,1907.8605447312377,adverse_first,volatility_stop,0.006,,0.00019133753211907447,9.566876605953724e-05,9.566876605953724e-05,0.0,0.0,fractional_return,R,False
ETHUSD,2023-05-30 14:30:00,2023-05-30 15:00:00,2023-05-30 15:30:00,long,,,1897.0,1899.65,1927.6860681145918,1884.7255727541633,r_trailing_stop,2,0.0012953761248121038,0.0011099173694333452,0.00018545875537875857,,,,,0.18498622823889085,0.5988059444886046,-0.20367549132265714,,,,,,,,2023-05-30 14:30:00,2023-05-30 15:00:00,2023-05-30 15:30:00,1.0,1897.0,1899.65,1927.6860681145918,0.9272937768937933,0.00018545875537875867,0.18498622823889085,0.5988059444886046,-0.20367549132265714,False,False,1900.681312201087,True,0.75,0.5,6.137375597826211,1900.681312201087,adverse_first,volatility_stop,0.006,,0.00018545875537875857,9.272937768937928e-05,9.272937768937928e-05,0.0,0.0,fractional_return,R,False
ETHUSD,2023-06-06 09:30:00,2023-06-06 10:00:00,2023-06-06 11:00:00,long,,,1817.7,1819.1,1847.0505005396437,1805.9597997841427,r_trailing_stop,3,0.0007154903532781296,0.000529697951113318,0.0001857924021648116,,,,,0.08828299185221966,0.44292259964838177,-0.12776613451395516,,,,,,,,2023-06-06 09:30:00,2023-06-06 10:00:00,2023-06-06 11:00:00,1.0,1817.7,1819.1,1847.0505005396437,0.9289620108240579,0.0001857924021648116,0.08828299185221966,0.44292259964838177,-0.12776613451395516,False,False,1819.9650306066048,True,0.75,0.5,5.86993878679057,1819.9650306066048,adverse_first,volatility_stop,0.006,,0.0001857924021648116,9.28962010824058e-05,9.28962010824058e-05,0.0,0.0,fractional_return,R,False
ETHUSD,2023-06-06 12:00:00,2023-06-06 12:30:00,2023-06-06 14:30:00,long,,,1808.55,1832.0,1838.8081288017681,1796.4467484792926,r_trailing_stop,5,0.01162497530182526,0.011445663156135572,0.00017931214568968866,,,,,1.9076105260225953,2.6439176237271083,-0.7312084678120209,,,,,,,,2023-06-06 12:00:00,2023-06-06 12:30:00,2023-06-06 14:30:00,1.0,1808.55,1832.0,1838.8081288017681,0.8965607284484399,0.00017931214568968798,1.9076105260225953,2.6439176237271083,-0.7312084678120209,False,False,1834.024354322759,True,0.75,0.5,6.051291354481795,1834.024354322759,adverse_first,volatility_stop,0.006,,0.00017931214568968866,8.965607284484433e-05,8.965607284484433e-05,0.0,0.0,fractional_return,R,False
ETHUSD,2023-06-11 13:30:00,2023-06-11 14:00:00,2023-06-11 14:30:00,long,,,1742.4,1744.9,1776.6448507994414,1728.7020596802236,r_trailing_stop,2,0.0010950551433154343,0.0009424132167784008,0.00015264192653703353,,,,,0.1570688694630668,0.6314817993119258,-0.06935349240998472,,,,,,,,2023-06-11 13:30:00,2023-06-11 14:00:00,2023-06-11 14:30:00,1.0,1742.4,1744.9,1776.6448507994414,0.7632096326851678,0.00015264192653703358,0.1570688694630668,0.6314817993119258,-0.06935349240998472,False,False,1747.6254168093692,True,0.75,0.5,6.849166381261348,1747.6254168093692,adverse_first,volatility_stop,0.006,,0.00015264192653703353,7.632096326851676e-05,7.632096326851676e-05,0.0,0.0,fractional_return,R,False
ETHUSD,2023-06-11 16:00:00,2023-06-11 16:30:00,2023-06-11 17:00:00,long,,,1748.45,1752.9,1782.857014205819,1734.6871943176725,r_trailing_stop,2,0.001940011405834595,0.0017875613859455431,0.00015245001988905193,,,,,0.2979268976575905,0.7956226552018129,-0.032696821446653014,,,,,,,,2023-06-11 16:00:00,2023-06-11 16:30:00,2023-06-11 17:00:00,1.0,1748.45,1752.9,1782.857014205819,0.7622500994452599,0.00015245001988905199,0.2979268976575905,0.7956226552018129,-0.032696821446653014,False,False,1753.8594952515525,True,0.75,0.5,6.881009496895065,1753.8594952515525,adverse_first,volatility_stop,0.006,,0.00015245001988905193,7.622500994452597e-05,7.622500994452597e-05,0.0,0.0,fractional_return,R,False
ETHUSD,2023-06-11 17:00:00,2023-06-11 17:30:00,2023-06-11 18:00:00,long,,,1757.4,1756.9,1792.1569311596454,1743.497227536142,r_trailing_stop,2,-0.00021578429826132515,-0.000367472028567081,0.00015168773030575582,,,,,-0.0612453380945135,0.5610391754793321,-0.27692318276866423,,,,,,,,2023-06-11 17:00:00,2023-06-11 17:30:00,2023-06-11 18:00:00,1.0,1757.4,1756.9,1792.1569311596454,0.7584386515287791,0.00015168773030575582,-0.0612453380945135,0.5610391754793321,-0.27692318276866423,False,False,1761.7242079039406,True,0.75,0.5,6.951584192118577,1761.7242079039406,adverse_first,volatility_stop,0.006,,0.00015168773030575582,7.584386515287791e-05,7.584386515287791e-05,0.0,0.0,fractional_return,R,False
ETHUSD,2023-06-11 19:00:00,2023-06-11 19:30:00,2023-06-11 20:30:00,long,,,1765.1,1768.1,1800.7166973614599,1750.853321055416,r_trailing_stop,3,0.0012634523505453345,0.0011147777009488245,0.00014867464959650994,,,,,0.18579628349147076,0.9019645946948953,-0.15091236409291173,,,,,,,,2023-06-11 19:00:00,2023-06-11 19:30:00,2023-06-11 20:30:00,1.0,1765.1,1768.1,1800.7166973614599,0.7433732479825499,0.00014867464959650997,0.18579628349147076,0.9019645946948953,-0.15091236409291173,False,False,1774.388431346358,True,0.75,0.5,7.123137307283635,1774.388431346358,adverse_first,volatility_stop,0.006,,0.00014867464959650994,7.433732479825497e-05,7.433732479825497e-05,0.0,0.0,fractional_return,R,False
ETHUSD,2023-06-11 22:00:00,2023-06-11 22:30:00,2023-06-11 22:30:00,long,,,1759.9499999999998,1745.6822967376559,1795.6192581558598,1745.6822967376559,stop_loss,1,-0.006,-0.0061480224224717325,0.00014802242247173233,,,,,-1.0246704037452887,0.04906185579621271,-1.2090243035490402,,,,,,,,2023-06-11 22:00:00,2023-06-11 22:30:00,2023-06-11 22:30:00,1.0,1759.9499999999998,1745.6822967376559,1795.6192581558598,0.7401121123586625,0.0001480224224717325,-1.0246704037452887,0.04906185579621271,-1.2090243035490402,False,False,1745.6822967376559,False,0.75,0.5,7.135067297556557,,adverse_first,volatility_stop,0.006,,0.00014802242247173233,7.401121123586617e-05,7.401121123586617e-05,0.0,0.0,fractional_return,R,False
ETHUSD,2023-06-11 22:30:00,2023-06-11 23:00:00,2023-06-12 02:00:00,long,,,1754.35,1739.6296619383152,1791.1508451542118,1739.6296619383152,stop_loss,7,-0.005999999999999999,-0.0061430143785542275,0.00014301437855422823,,,,,-1.0238357297590381,0.14265976713306297,-2.201036407195915,,,,,,,,2023-06-11 22:30:00,2023-06-11 23:00:00,2023-06-12 02:00:00,1.0,1754.35,1739.6296619383152,1791.1508451542118,0.7150718927711425,0.0001430143785542285,-1.0238357297590381,0.14265976713306297,-2.201036407195915,False,False,1739.6296619383152,False,0.75,0.5,7.36037839552413,,adverse_first,volatility_stop,0.006,,0.00014301437855422823,7.150718927711412e-05,7.150718927711412e-05,0.0,0.0,fractional_return,R,False
ETHUSD,2023-06-12 02:00:00,2023-06-12 02:30:00,2023-06-12 03:00:00,long,,,1728.05,1731.5563437517048,1766.9854356069816,1712.4758257572073,r_trailing_stop,2,0.0013508300460915537,0.0012176826979450129,0.0001331473481465408,,,,,0.2029471163241688,0.5907215276121353,-0.3916740563515167,,,,,,,,2023-06-12 02:00:00,2023-06-12 02:30:00,2023-06-12 03:00:00,1.0,1728.05,1731.5563437517048,1766.9854356069816,0.6657367407327035,0.0001331473481465407,0.2029471163241688,0.5907215276121353,-0.3916740563515167,False,False,1731.5563437517048,True,0.75,0.5,7.787312496590186,1731.5563437517048,adverse_first,volatility_stop,0.006,,0.0001331473481465408,6.65736740732704e-05,6.65736740732704e-05,0.0,0.0,fractional_return,R,False
ETHUSD,2023-06-12 20:00:00,2023-06-12 20:30:00,2023-06-13 01:00:00,short,,,1737.3000000000002,1732.6999999999998,1698.62254952495,1752.7709801900203,r_trailing_stop,10,0.0017839852201353547,0.0016492322843553175,0.00013475293578003715,,,,,0.27487204739255294,0.6075891691764799,-0.7788776051676963,,,,,,,,2023-06-12 20:00:00,2023-06-12 20:30:00,2023-06-13 01:00:00,-1.0,1737.3000000000002,1732.6999999999998,1698.62254952495,0.673764678900186,0.0001347529357800372,0.27487204739255294,0.6075891691764799,-0.7788776051676963,False,False,1731.9176339124515,True,0.75,0.5,7.735267824903107,1731.9176339124515,adverse_first,volatility_stop,0.006,,0.00013475293578003715,6.737646789001857e-05,6.737646789001857e-05,0.0,0.0,fractional_return,R,False
ETHUSD,2023-06-13 01:00:00,2023-06-13 01:30:00,2023-06-13 02:00:00,short,,,1743.6,1741.5145537892645,1705.4522747196256,1758.8590901121497,r_trailing_stop,2,0.0008200146386480374,0.000682895060441075,0.00013711957820696245,,,,,0.11381584340684583,0.4325290663789163,-0.22609473924354542,,,,,,,,2023-06-13 01:00:00,2023-06-13 01:30:00,2023-06-13 02:00:00,-1.0,1743.6,1741.5145537892645,1705.4522747196256,0.6855978910348122,0.00013711957820696245,0.11381584340684583,0.4325290663789163,-0.22609473924354542,False,False,1741.5145537892645,True,0.75,0.5,7.629107578529049,1741.5145537892645,adverse_first,volatility_stop,0.006,,0.00013711957820696245,6.855978910348123e-05,6.855978910348123e-05,0.0,0.0,fractional_return,R,False
ETHUSD,2023-06-13 02:30:00,2023-06-13 03:00:00,2023-06-13 03:30:00,short,,,1752.9,1749.3,1714.1342539799866,1768.4062984080056,r_trailing_stop,2,0.001392982350246121,0.0012573290857046595,0.00013565326454146156,,,,,0.20955484761744325,0.4965724118932695,-0.05159193889799879,,,,,,,,2023-06-13 02:30:00,2023-06-13 03:00:00,2023-06-13 03:30:00,-1.0,1752.9,1749.3,1714.1342539799866,0.6782663227073081,0.00013565326454146164,0.20955484761744325,0.4965724118932695,-0.05159193889799879,False,False,1749.0764638767978,True,0.75,0.5,7.752927753595398,1749.0764638767978,adverse_first,volatility_stop,0.006,,0.00013565326454146156,6.782663227073078e-05,6.782663227073078e-05,0.0,0.0,fractional_return,R,False
ETHUSD,2023-06-15 19:00:00,2023-06-15 19:30:00,2023-06-15 21:30:00,long,,,1665.85,1673.9,1703.2227353096473,1650.900905876141,r_trailing_stop,5,0.0032309650069640484,0.003097243191887004,0.00013372181507704433,,,,,0.516207198647834,0.8763072793215207,-0.8595838579604079,,,,,,,,2023-06-15 19:00:00,2023-06-15 19:30:00,2023-06-15 21:30:00,1.0,1665.85,1673.9,1703.2227353096473,0.6686090753852224,0.0001337218150770445,0.516207198647834,0.8763072793215207,-0.8595838579604079,False,False,1675.2129507338543,True,0.75,0.5,7.474098532291536,1675.2129507338543,adverse_first,volatility_stop,0.006,,0.00013372181507704433,6.686090753852216e-05,6.686090753852216e-05,0.0,0.0,fractional_return,R,False
ETHUSD,2023-06-16 16:30:00,2023-06-16 17:00:00,2023-06-16 17:00:00,short,,,1684.4,1698.4357308730484,1649.3106728173793,1698.4357308730484,stop_loss,1,-0.006,-0.006144009600802571,0.00014400960080257052,,,,,-1.0240016001337617,0.09262075568123523,-1.143510098987395,,,,,,,,2023-06-16 16:30:00,2023-06-16 17:00:00,2023-06-16 17:00:00,-1.0,1684.4,1698.4357308730484,1649.3106728173793,0.7200480040128522,0.00014400960080257044,-1.0240016001337617,0.09262075568123523,-1.143510098987395,False,False,1698.4357308730484,False,0.75,0.5,7.017656891133613,,adverse_first,volatility_stop,0.006,,0.00014400960080257052,7.200480040128526e-05,7.200480040128526e-05,0.0,0.0,fractional_return,R,False
ETHUSD,2023-06-17 17:30:00,2023-06-17 18:00:00,2023-06-17 19:00:00,long,,,1723.4,1727.7620599468726,1756.7784313714133,1710.0486274514349,r_trailing_stop,3,0.001960274839611713,0.0018053784053704085,0.00015489643424130466,,,,,0.3008964008950681,0.5767197321467359,-0.052429066558815844,,,,,,,,2023-06-17 17:30:00,2023-06-17 18:00:00,2023-06-17 19:00:00,1.0,1723.4,1727.7620599468726,1756.7784313714133,0.7744821712065232,0.00015489643424130463,0.3008964008950681,0.5767197321467359,-0.052429066558815844,False,False,1727.7620599468726,True,0.75,0.5,6.6758801062546125,1727.7620599468726,adverse_first,volatility_stop,0.006,,0.00015489643424130466,7.744821712065233e-05,7.744821712065233e-05,0.0,0.0,fractional_return,R,False
ETHUSD,2023-06-21 10:00:00,2023-06-21 10:30:00,2023-06-21 11:00:00,short,,,1816.95,1812.7469912001593,1780.4820932564792,1831.5371626974083,r_trailing_stop,2,0.0017287839535459757,0.0015793141734915328,0.00014946978005444286,,,,,0.26321902891525545,0.5381444056557239,-0.301635080877079,,,,,,,,2023-06-21 10:00:00,2023-06-21 10:30:00,2023-06-21 11:00:00,-1.0,1816.95,1812.7469912001593,1780.4820932564792,0.7473489002722146,0.00014946978005444292,0.26321902891525545,0.5381444056557239,-0.301635080877079,False,False,1812.7469912001593,True,0.75,0.5,7.293982400318619,1812.7469912001593,adverse_first,volatility_stop,0.006,,0.00014946978005444286,7.473489002722143e-05,7.473489002722143e-05,0.0,0.0,fractional_return,R,False
ETHUSD,2023-06-22 14:00:00,2023-06-22 14:30:00,2023-06-22 15:00:00,short,,,1892.5,1871.8274647461462,1842.7279813983478,1912.408807440661,r_trailing_stop,2,0.006230167823603444,0.006116097706306423,0.00011407011729702102,,,,,1.0193496177177372,1.2883745084406026,-0.010045805134042036,,,,,,,,2023-06-22 14:00:00,2023-06-22 14:30:00,2023-06-22 15:00:00,-1.0,1892.5,1871.8274647461462,1842.7279813983478,0.5703505864851068,0.00011407011729702138,1.0193496177177372,1.2883745084406026,-0.010045805134042036,False,False,1871.8274647461462,True,0.75,0.5,9.954929492292758,1871.8274647461462,adverse_first,volatility_stop,0.006,,0.00011407011729702102,5.703505864851051e-05,5.703505864851051e-05,0.0,0.0,fractional_return,R,False
ETHUSD,2023-06-22 22:30:00,2023-06-22 23:00:00,2023-06-23 00:30:00,long,,,1870.8,1876.0964398011035,1919.3317092295736,1851.3873163081705,r_trailing_stop,4,0.0016370038945206656,0.001521359914757843,0.00011564397976282265,,,,,0.2535599857929738,0.5228540350797607,-0.14423559588406829,,,,,,,,2023-06-22 22:30:00,2023-06-22 23:00:00,2023-06-23 00:30:00,1.0,1870.8,1876.0964398011035,1919.3317092295736,0.578219898814113,0.0001156439797628226,0.2535599857929738,0.5228540350797607,-0.14423559588406829,False,False,1876.0964398011035,True,0.75,0.5,9.707120397793082,1876.0964398011035,adverse_first,volatility_stop,0.006,,0.00011564397976282265,5.7821989881411324e-05,5.7821989881411324e-05,0.0,0.0,fractional_return,R,False
ETHUSD,2023-06-23 02:00:00,2023-06-23 02:30:00,2023-06-23 06:30:00,long,,,1872.35,1881.922481749599,1919.1226835998473,1853.640926560061,r_trailing_stop,9,0.003069894972724038,0.002949802440765527,0.00012009253195851112,,,,,0.4916337401275878,0.7616625187637567,-0.005345000131670624,,,,,,,,2023-06-23 02:00:00,2023-06-23 02:30:00,2023-06-23 06:30:00,1.0,1872.35,1881.922481749599,1919.1226835998473,0.6004626597925558,0.00012009253195851115,0.4916337401275878,0.7616625187637567,-0.005345000131670624,False,False,1881.922481749599,True,0.75,0.5,9.355036500801639,1881.922481749599,adverse_first,volatility_stop,0.006,,0.00012009253195851112,6.004626597925556e-05,6.004626597925556e-05,0.0,0.0,fractional_return,R,False
ETHUSD,2023-06-23 12:00:00,2023-06-23 12:30:00,2023-06-23 15:00:00,long,,,1874.2,1883.3836394111202,1914.3646780157462,1858.1341287937016,r_trailing_stop,6,0.0034297446904167153,0.003289756016841498,0.00013998867357521748,,,,,0.5482926694735829,2.016697357022123,-0.6815690141787788,,,,,,,,2023-06-23 12:00:00,2023-06-23 12:30:00,2023-06-23 15:00:00,1.0,1874.2,1883.3836394111202,1914.3646780157462,0.6999433678760868,0.00013998867357521737,0.5482926694735829,2.016697357022123,-0.6815690141787788,False,False,1883.3836394111202,True,0.75,0.5,8.03272117775987,1883.3836394111202,adverse_first,volatility_stop,0.006,,0.00013998867357521748,6.999433678760874e-05,6.999433678760874e-05,0.0,0.0,fractional_return,R,False
ETHUSD,2023-06-23 20:30:00,2023-06-23 21:00:00,2023-06-23 22:00:00,short,,,1907.05,1884.7,1857.0648975771153,1927.044040969154,r_trailing_stop,3,0.006706998360505736,0.006592541257835468,0.00011445710267026822,,,,,1.0987568763059112,1.4929448252132398,-0.04001192161375302,,,,,,,,2023-06-23 20:30:00,2023-06-23 21:00:00,2023-06-23 22:00:00,-1.0,1907.05,1884.7,1857.0648975771153,0.5722855133513428,0.00011445710267026857,1.0987568763059112,1.4929448252132398,-0.04001192161375302,False,False,1882.1985102039196,True,0.75,0.5,9.997020407838855,1882.1985102039196,adverse_first,volatility_stop,0.006,,0.00011445710267026822,5.722855133513411e-05,5.722855133513411e-05,0.0,0.0,fractional_return,R,False
ETHUSD,2023-06-27 07:00:00,2023-06-27 07:30:00,2023-06-27 08:00:00,long,,,1873.1,1875.279967700078,1912.801382929692,1857.2194468281232,r_trailing_stop,2,0.0008236366868902663,0.0006820975367314084,0.00014153915015885788,,,,,0.11368292278856808,0.44393919554925865,-0.0031485049329705206,,,,,,,,2023-06-27 07:00:00,2023-06-27 07:30:00,2023-06-27 08:00:00,1.0,1873.1,1875.279967700078,1912.801382929692,0.7076957507942895,0.0001415391501588579,0.11368292278856808,0.44393919554925865,-0.0031485049329705206,False,False,1875.279967700078,True,0.75,0.5,7.940064599843821,1875.279967700078,adverse_first,volatility_stop,0.006,,0.00014153915015885788,7.076957507942894e-05,7.076957507942894e-05,0.0,0.0,fractional_return,R,False
ETHUSD,2023-06-27 14:30:00,2023-06-27 15:00:00,2023-06-27 15:30:00,long,,,1885.0,1868.941636895761,1925.1459077605978,1868.941636895761,stop_loss,2,-0.006,-0.0061408611815112635,0.00014086118151126342,,,,,-1.0234768635852105,0.0031136423853036096,-1.1862977488017512,,,,,,,,2023-06-27 14:30:00,2023-06-27 15:00:00,2023-06-27 15:30:00,1.0,1885.0,1868.941636895761,1925.1459077605978,0.7043059075563171,0.00014086118151126342,-1.0234768635852105,0.0031136423853036096,-1.1862977488017512,False,False,1868.941636895761,False,0.75,0.5,8.028968364508254,,adverse_first,volatility_stop,0.006,,0.00014086118151126342,7.043059075563171e-05,7.043059075563171e-05,0.0,0.0,fractional_return,R,False
ETHUSD,2023-06-27 16:00:00,2023-06-27 16:30:00,2023-06-27 17:00:00,long,,,1883.4,1905.9545456158296,1924.8556423095056,1866.817743076198,r_trailing_stop,2,0.00816096833602478,0.008024673258075779,0.00013629507794900124,,,,,1.3374455430126297,1.745841964277197,0.0,,,,,,,,2023-06-27 16:00:00,2023-06-27 16:30:00,2023-06-27 17:00:00,1.0,1883.4,1905.9545456158296,1924.8556423095056,0.6814753897450104,0.00013629507794900208,1.3374455430126297,1.745841964277197,0.0,False,False,1905.9545456158296,True,0.75,0.5,8.29090876834075,1905.9545456158296,adverse_first,volatility_stop,0.006,,0.00013629507794900124,6.814753897450062e-05,6.814753897450062e-05,0.0,0.0,fractional_return,R,False
ETHUSD,2023-06-28 14:00:00,2023-06-28 14:30:00,2023-06-28 15:00:00,long,,,1858.6,1857.95,1897.5577686288393,1843.016892548464,r_trailing_stop,2,-0.0002502710073795382,-0.00039339522101513084,0.00014312421363559262,,,,,-0.06556587016918847,0.6096345051553689,-0.23101939142729183,,,,,,,,2023-06-28 14:00:00,2023-06-28 14:30:00,2023-06-28 15:00:00,1.0,1858.6,1857.95,1897.5577686288393,0.7156210681779632,0.00014312421363559265,-0.06556587016918847,0.6096345051553689,-0.23101939142729183,False,False,1864.2043277791508,True,0.75,0.5,7.791344441698335,1864.2043277791508,adverse_first,volatility_stop,0.006,,0.00014312421363559262,7.156210681779631e-05,7.156210681779631e-05,0.0,0.0,fractional_return,R,False
ETHUSD,2023-06-28 16:00:00,2023-06-28 16:30:00,2023-06-28 17:00:00,long,,,1858.8,1843.1894458975642,1897.8263852560892,1843.1894458975642,stop_loss,2,-0.006,-0.0061428879452557015,0.00014288794525570137,,,,,-1.0238146575426168,0.006405922515238129,-1.008932796148629,,,,,,,,2023-06-28 16:00:00,2023-06-28 16:30:00,2023-06-28 17:00:00,1.0,1858.8,1843.1894458975642,1897.8263852560892,0.7144397262785075,0.0001428879452557015,-1.0238146575426168,0.006405922515238129,-1.008932796148629,False,False,1843.1894458975642,False,0.75,0.5,7.805906524019778,,adverse_first,volatility_stop,0.006,,0.00014288794525570137,7.144397262785068e-05,7.144397262785068e-05,0.0,0.0,fractional_return,R,False
ETHUSD,2023-06-28 19:00:00,2023-06-28 19:30:00,2023-06-29 01:30:00,long,,,1832.8,1838.6282192433607,1873.0167090550065,1816.7133163779974,r_trailing_stop,13,0.0021738051348467445,0.002037085842562546,0.00013671929228419857,,,,,0.33951430709375763,0.6123076845079386,-0.9137992855092996,,,,,,,,2023-06-28 19:00:00,2023-06-28 19:30:00,2023-06-29 01:30:00,1.0,1832.8,1838.6282192433607,1873.0167090550065,0.6835964614209917,0.00013671929228419835,0.33951430709375763,0.6123076845079386,-0.9137992855092996,False,False,1838.6282192433607,True,0.75,0.5,8.043561513278801,1838.6282192433607,adverse_first,volatility_stop,0.006,,0.00013671929228419857,6.835964614209929e-05,6.835964614209929e-05,0.0,0.0,fractional_return,R,False
ETHUSD,2023-07-03 01:30:00,2023-07-03 02:00:00,2023-07-03 07:00:00,short,,,1945.15,1960.8209977068009,1905.9725057329983,1960.8209977068009,stop_loss,11,-0.006,-0.006148949035898783,0.00014894903589878286,,,,,-1.0248248393164638,0.17548340261747178,-1.1549998499549903,,,,,,,,2023-07-03 01:30:00,2023-07-03 02:00:00,2023-07-03 07:00:00,-1.0,1945.15,1960.8209977068009,1905.9725057329983,0.744745179493914,0.0001489490358987828,-1.0248248393164638,0.17548340261747178,-1.1549998499549903,False,False,1960.8209977068009,False,0.75,0.5,7.835297217949555,,adverse_first,volatility_stop,0.006,,0.00014894903589878286,7.447451794939143e-05,7.447451794939143e-05,0.0,0.0,fractional_return,R,False
ETHUSD,2023-07-03 07:00:00,2023-07-03 07:30:00,2023-07-03 08:00:00,short,,,1959.3,1974.3032366206403,1921.791908448399,1974.3032366206403,stop_loss,2,-0.006,-0.006156710185905183,0.00015671018590518275,,,,,-1.0261183643175305,0.29660266731233625,-1.1030953132627193,,,,,,,,2023-07-03 07:00:00,2023-07-03 07:30:00,2023-07-03 08:00:00,-1.0,1959.3,1974.3032366206403,1921.791908448399,0.7835509295259138,0.00015671018590518275,-1.0261183643175305,0.29660266731233625,-1.1030953132627193,False,False,1974.3032366206403,False,0.75,0.5,7.501426954212527,,adverse_first,volatility_stop,0.006,,0.00015671018590518275,7.835509295259138e-05,7.835509295259138e-05,0.0,0.0,fractional_return,R,False
ETHUSD,2023-07-03 08:00:00,2023-07-03 08:30:00,2023-07-03 10:00:00,short,,,1962.35,1959.185243520368,1923.0015765363582,1978.0893693854566,r_trailing_stop,4,0.0012064358115476072,0.0010568224476109377,0.00014961336393666948,,,,,0.17613707460182296,0.48286559733596207,-0.19695833575546923,,,,,,,,2023-07-03 08:00:00,2023-07-03 08:30:00,2023-07-03 10:00:00,-1.0,1962.35,1959.185243520368,1923.0015765363582,0.7480668196833468,0.00014961336393666937,0.17613707460182296,0.48286559733596207,-0.19695833575546923,False,False,1959.185243520368,True,0.75,0.5,7.870487040735884,1959.185243520368,adverse_first,volatility_stop,0.006,,0.00014961336393666948,7.480668196833474e-05,7.480668196833474e-05,0.0,0.0,fractional_return,R,False
ETHUSD,2023-07-03 12:00:00,2023-07-03 12:30:00,2023-07-03 15:30:00,short,,,1960.35,1975.366368868458,1922.8090778288547,1975.366368868458,stop_loss,7,-0.006,-0.00615665704676057,0.00015665704676056953,,,,,-1.0261095077934284,0.18313348746888955,-1.085482125724703,,,,,,,,2023-07-03 12:00:00,2023-07-03 12:30:00,2023-07-03 15:30:00,-1.0,1960.35,1975.366368868458,1922.8090778288547,0.7832852338028481,0.00015665704676056963,-1.0261095077934284,0.18313348746888955,-1.085482125724703,False,False,1975.366368868458,False,0.75,0.5,7.5078015969052565,,adverse_first,volatility_stop,0.006,,0.00015665704676056953,7.832852338028476e-05,7.832852338028476e-05,0.0,0.0,fractional_return,R,False
ETHUSD,2023-07-03 15:30:00,2023-07-03 16:00:00,2023-07-03 16:30:00,short,,,1968.5,1962.85,1930.3910256237723,1983.743589750491,r_trailing_stop,2,0.002223885617159725,0.002068922118491447,0.00015496349866827783,,,,,0.34482035308190784,0.8528174933060761,-0.13448275855980132,,,,,,,,2023-07-03 15:30:00,2023-07-03 16:00:00,2023-07-03 16:30:00,-1.0,1968.5,1962.85,1930.3910256237723,0.7748174933413897,0.00015496349866827796,0.34482035308190784,0.8528174933060761,-0.13448275855980132,False,False,1959.3108007276476,True,0.75,0.5,7.621601455295152,1959.3108007276476,adverse_first,volatility_stop,0.006,,0.00015496349866827783,7.748174933413891e-05,7.748174933413891e-05,0.0,0.0,fractional_return,R,False
ETHUSD,2023-07-03 16:30:00,2023-07-03 17:00:00,2023-07-03 20:30:00,short,,,1964.35,1962.35,1925.3709986679255,1979.9416005328296,r_trailing_stop,8,0.0007696451672637681,0.000618459918832305,0.0001511852484314631,,,,,0.10307665313871749,0.4682008100854723,-0.7055080699918119,,,,,,,,2023-07-03 16:30:00,2023-07-03 17:00:00,2023-07-03 20:30:00,-1.0,1964.35,1962.35,1925.3709986679255,0.7559262421573155,0.00015118524843146311,0.10307665313871749,0.4682008100854723,-0.7055080699918119,False,False,1961.3978011316726,True,0.75,0.5,7.795602263345047,1961.3978011316726,adverse_first,volatility_stop,0.006,,0.0001511852484314631,7.559262421573154e-05,7.559262421573154e-05,0.0,0.0,fractional_return,R,False
ETHUSD,2023-07-07 08:00:00,2023-07-07 08:30:00,2023-07-07 10:00:00,long,,,1857.75,1861.15,1896.2501527686836,1842.3499388925266,r_trailing_stop,4,0.001324670068360929,0.0011799109025081292,0.00014475916585279976,,,,,0.19665181708468818,0.506491496726251,-0.10389569163614877,,,,,,,,2023-07-07 08:00:00,2023-07-07 08:30:00,2023-07-07 10:00:00,1.0,1857.75,1861.15,1896.2501527686836,0.7237958292639988,0.00014475916585279976,0.19665181708468818,0.506491496726251,-0.10389569163614877,False,False,1861.700088371508,True,0.75,0.5,7.69982325698408,1861.700088371508,adverse_first,volatility_stop,0.006,,0.00014475916585279976,7.237958292639988e-05,7.237958292639988e-05,0.0,0.0,fractional_return,R,False
ETHUSD,2023-07-07 12:00:00,2023-07-07 12:30:00,2023-07-07 13:00:00,long,,,1856.75,1863.0,1892.9135574651882,1842.2845770139247,r_trailing_stop,2,0.002592388762921,0.0024383593921832886,0.00015402937073771134,,,,,0.4063932320305481,1.154477129087467,-0.2834345047460178,,,,,,,,2023-07-07 12:00:00,2023-07-07 12:30:00,2023-07-07 13:00:00,1.0,1856.75,1863.0,1892.9135574651882,0.7701468536885564,0.00015402937073771128,0.4063932320305481,1.154477129087467,-0.2834345047460178,False,False,1869.834228458731,True,0.75,0.5,7.231543082537701,1869.834228458731,adverse_first,volatility_stop,0.006,,0.00015402937073771134,7.701468536885567e-05,7.701468536885567e-05,0.0,0.0,fractional_return,R,False
ETHUSD,2023-07-07 13:00:00,2023-07-07 13:30:00,2023-07-07 14:00:00,long,,,1867.35,1870.689392649886,1904.957080610236,1852.3071677559055,r_trailing_stop,2,0.0013319536889193808,0.001182991049195754,0.00014896263972362682,,,,,0.197165174865959,0.7079783798148217,-0.15289673930272712,,,,,,,,2023-07-07 13:00:00,2023-07-07 13:30:00,2023-07-07 14:00:00,1.0,1867.35,1870.689392649886,1904.957080610236,0.7448131986181341,0.00014896263972362682,0.197165174865959,0.7079783798148217,-0.15289673930272712,False,False,1870.689392649886,True,0.75,0.5,7.5212147002282,1870.689392649886,adverse_first,volatility_stop,0.006,,0.00014896263972362682,7.448131986181341e-05,7.448131986181341e-05,0.0,0.0,fractional_return,R,False
ETHUSD,2023-07-07 18:30:00,2023-07-07 19:00:00,2023-07-07 21:30:00,long,,,1860.4,1868.0792910279029,1896.6080627228134,1845.9167749108747,r_trailing_stop,6,0.003181318103107608,0.0030271756392390983,0.00015414246386850992,,,,,0.5045292732065164,0.7802129657215946,-0.1795180275111735,,,,,,,,2023-07-07 18:30:00,2023-07-07 19:00:00,2023-07-07 21:30:00,1.0,1860.4,1868.0792910279029,1896.6080627228134,0.7707123193425501,0.00015414246386851003,0.5045292732065164,0.7802129657215946,-0.1795180275111735,False,False,1868.0792910279029,True,0.75,0.5,7.2414179441943665,1868.0792910279029,adverse_first,volatility_stop,0.006,,0.00015414246386850992,7.707123193425496e-05,7.707123193425496e-05,0.0,0.0,fractional_return,R,False
ETHUSD,2023-07-12 06:00:00,2023-07-12 06:30:00,2023-07-12 12:30:00,short,,,1888.8,1898.6699474416673,1864.1251313958317,1898.6699474416673,stop_loss,13,-0.005225512199103832,-0.005425512199103832,0.00019999999999999966,,,,,-1.0382737600410348,0.6737624530730486,-1.1195601663845578,,,,,,,,2023-07-12 06:00:00,2023-07-12 06:30:00,2023-07-12 12:30:00,-1.0,1888.8,1898.6699474416673,1864.1251313958317,1.0,0.0002,-1.0382737600410348,0.6737624530730486,-1.1195601663845578,False,False,1898.6699474416673,False,0.75,0.5,4.934581951307132,,adverse_first,volatility_stop,0.006,,0.00019999999999999966,9.999999999999983e-05,9.999999999999983e-05,0.0,0.0,fractional_return,R,False
ETHUSD,2023-07-12 13:00:00,2023-07-12 13:30:00,2023-07-12 14:00:00,short,,,1885.95,1887.4,1861.1401059038938,1895.8739576384426,r_trailing_stop,2,-0.0007688432885284424,-0.0009688432885284424,0.00019999999999999998,,,,,-0.18411908500316598,0.6600189398861565,-0.9774326285337087,,,,,,,,2023-07-12 13:00:00,2023-07-12 13:30:00,2023-07-12 14:00:00,-1.0,1885.95,1887.4,1861.1401059038938,1.0,0.0002,-0.18411908500316598,0.6600189398861565,-0.9774326285337087,False,False,1881.881121055901,True,0.75,0.5,4.962242111801841,1881.881121055901,adverse_first,volatility_stop,0.006,,0.00019999999999999998,9.999999999999999e-05,9.999999999999999e-05,0.0,0.0,fractional_return,R,False
ETHUSD,2023-07-12 14:00:00,2023-07-12 14:30:00,2023-07-12 16:00:00,short,,,1892.6,1884.0214285644468,1866.885034775501,1902.8859860897994,r_trailing_stop,4,0.004532691237215003,0.004332691237215003,0.00019999999999999966,,,,,0.7972061564116808,1.3124653175827052,-0.947891618254176,,,,,,,,2023-07-12 14:00:00,2023-07-12 14:30:00,2023-07-12 16:00:00,-1.0,1892.6,1884.0214285644468,1866.885034775501,1.0,0.0002,0.7972061564116808,1.3124653175827052,-0.947891618254176,False,False,1884.0214285644468,True,0.75,0.5,5.142857128893346,1884.0214285644468,adverse_first,volatility_stop,0.006,,0.00019999999999999966,9.999999999999983e-05,9.999999999999983e-05,0.0,0.0,fractional_return,R,False
ETHUSD,2023-07-13 00:00:00,2023-07-13 00:30:00,2023-07-13 01:30:00,short,,,1873.75,1871.6881953490142,1846.36950730026,1884.702197079896,r_trailing_stop,3,0.0011003627223405976,0.0009003627223405976,0.00019999999999999998,,,,,0.15403801070038045,0.4930517557899324,-0.06391411649129061,,,,,,,,2023-07-13 00:00:00,2023-07-13 00:30:00,2023-07-13 01:30:00,-1.0,1873.75,1871.6881953490142,1846.36950730026,1.0,0.0002,0.15403801070038045,0.4930517557899324,-0.06391411649129061,False,False,1871.6881953490142,True,0.75,0.5,5.476390698028446,1871.6881953490142,adverse_first,volatility_stop,0.006,,0.00019999999999999998,9.999999999999999e-05,9.999999999999999e-05,0.0,0.0,fractional_return,R,False
ETHUSD,2023-07-13 01:30:00,2023-07-13 02:00:00,2023-07-13 04:30:00,short,,,1872.55,1867.4086801551714,1845.466091639141,1883.3835633443434,r_trailing_stop,6,0.002745624867068197,0.002545624867068197,0.0002000000000000001,,,,,0.4400038743778062,0.7246000000635643,-0.1384585987382623,,,,,,,,2023-07-13 01:30:00,2023-07-13 02:00:00,2023-07-13 04:30:00,-1.0,1872.55,1867.4086801551714,1845.466091639141,1.0,0.0002,0.4400038743778062,0.7246000000635643,-0.1384585987382623,False,False,1867.4086801551714,True,0.75,0.5,5.417360310342587,1867.4086801551714,adverse_first,volatility_stop,0.006,,0.0002000000000000001,0.00010000000000000005,0.00010000000000000005,0.0,0.0,fractional_return,R,False
ETHUSD,2023-07-13 09:00:00,2023-07-13 09:30:00,2023-07-13 13:30:00,short,,,1877.05,1886.8443475399165,1852.5641311502084,1886.8443475399165,stop_loss,9,-0.005217947065830231,-0.00541794706583023,0.00019999999999999966,,,,,-1.0383292504651305,0.015314955834326224,-1.1026768200724864,,,,,,,,2023-07-13 09:00:00,2023-07-13 09:30:00,2023-07-13 13:30:00,-1.0,1877.05,1886.8443475399165,1852.5641311502084,1.0,0.0002,-1.0383292504651305,0.015314955834326224,-1.1026768200724864,False,False,1886.8443475399165,False,0.75,0.5,4.897434838847142,,adverse_first,volatility_stop,0.006,,0.00019999999999999966,9.999999999999983e-05,9.999999999999983e-05,0.0,0.0,fractional_return,R,False
ETHUSD,2023-07-13 14:00:00,2023-07-13 14:30:00,2023-07-13 15:00:00,short,,,1881.75,1891.5484244077234,1857.2539389806916,1891.5484244077234,stop_loss,2,-0.005207080859690905,-0.005407080859690904,0.00019999999999999966,,,,,-1.0384092364588078,0.030617167364529255,-2.0003216011495386,,,,,,,,2023-07-13 14:00:00,2023-07-13 14:30:00,2023-07-13 15:00:00,-1.0,1881.75,1891.5484244077234,1857.2539389806916,1.0,0.0002,-1.0384092364588078,0.030617167364529255,-2.0003216011495386,False,False,1891.5484244077234,False,0.75,0.5,4.899082081669005,,adverse_first,volatility_stop,0.006,,0.00019999999999999966,9.999999999999983e-05,9.999999999999983e-05,0.0,0.0,fractional_return,R,False
ETHUSD,2023-07-14 14:30:00,2023-07-14 15:00:00,2023-07-14 17:00:00,short,,,2000.0,1992.15,1960.4801088571548,2015.807956457138,r_trailing_stop,5,0.0029795122555978156,0.002827689975057798,0.00015182228054001767,,,,,0.471281662509633,2.046437823112317,-0.5029113042888117,,,,,,,,2023-07-14 14:30:00,2023-07-14 15:00:00,2023-07-14 17:00:00,-1.0,2000.0,1992.15,1960.4801088571548,0.7591114027000888,0.00015182228054001778,0.471281662509633,2.046437823112317,-0.5029113042888117,False,False,1988.0520879248313,True,0.75,0.5,7.904175849662736,1988.0520879248313,adverse_first,volatility_stop,0.006,,0.00015182228054001767,7.591114027000884e-05,7.591114027000884e-05,0.0,0.0,fractional_return,R,False
ETHUSD,2023-07-16 02:00:00,2023-07-16 02:30:00,2023-07-16 03:00:00,long,,,1921.85,1929.55,1952.2103310230536,1909.7058675907783,r_trailing_stop,2,0.003804306346735667,0.0036144022908272512,0.00018990405590841577,,,,,0.6024003818045418,0.9757798746497445,-0.06999264923647126,,,,,,,,2023-07-16 02:00:00,2023-07-16 02:30:00,2023-07-16 03:00:00,1.0,1921.85,1929.55,1952.2103310230536,0.949520279542078,0.0001899040559084156,0.6024003818045418,0.9757798746497445,-0.06999264923647126,False,False,1930.663808943951,True,0.75,0.5,6.072382112098375,1930.663808943951,adverse_first,volatility_stop,0.006,,0.00018990405590841577,9.495202795420789e-05,9.495202795420789e-05,0.0,0.0,fractional_return,R,False
ETHUSD,2023-07-16 07:30:00,2023-07-16 08:00:00,2023-07-16 10:30:00,long,,,1926.25,1932.85,1955.733741124568,1914.4565035501728,r_trailing_stop,6,0.003357782839760035,0.0031617849853634397,0.0001959978543965954,,,,,0.5269641642272399,0.9157589562981708,0.0,,,,,,,,2023-07-16 07:30:00,2023-07-16 08:00:00,2023-07-16 10:30:00,1.0,1926.25,1932.85,1955.733741124568,0.9799892719829773,0.00019599785439659547,0.5269641642272399,0.9157589562981708,0.0,False,False,1934.1015493921363,True,0.75,0.5,5.896901215727309,1934.1015493921363,adverse_first,volatility_stop,0.006,,0.0001959978543965954,9.79989271982977e-05,9.79989271982977e-05,0.0,0.0,fractional_return,R,False
ETHUSD,2023-07-23 19:00:00,2023-07-23 19:30:00,2023-07-23 19:30:00,long,,,1894.8,1886.2932970214636,1916.0667574463412,1886.2932970214636,stop_loss,1,-0.004489499144256115,-0.004689499144256115,0.00019999999999999966,,,,,-1.0445483991807596,0.14694294642165423,-1.1931767249438163,,,,,,,,2023-07-23 19:00:00,2023-07-23 19:30:00,2023-07-23 19:30:00,1.0,1894.8,1886.2932970214636,1916.0667574463412,1.0,0.0002,-1.0445483991807596,0.14694294642165423,-1.1931767249438163,False,False,1886.2932970214636,False,0.75,0.5,4.253239067825841,,adverse_first,volatility_stop,0.006,,0.00019999999999999966,9.999999999999983e-05,9.999999999999983e-05,0.0,0.0,fractional_return,R,False
ETHUSD,2023-07-23 19:30:00,2023-07-23 20:00:00,2023-07-23 20:30:00,long,,,1889.0,1890.9489350397102,1911.0112332177814,1880.1955067128874,r_trailing_stop,2,0.0010317284487613154,0.0008317284487613154,0.00019999999999999998,,,,,0.1784469575335867,0.471350237278798,0.0,,,,,,,,2023-07-23 19:30:00,2023-07-23 20:00:00,2023-07-23 20:30:00,1.0,1889.0,1890.9489350397102,1911.0112332177814,1.0,0.0002,0.1784469575335867,0.471350237278798,0.0,False,False,1890.9489350397102,True,0.75,0.5,4.402129920579466,1890.9489350397102,adverse_first,volatility_stop,0.006,,0.00019999999999999998,9.999999999999999e-05,9.999999999999999e-05,0.0,0.0,fractional_return,R,False
ETHUSD,2023-07-23 21:00:00,2023-07-23 21:30:00,2023-07-23 21:30:00,long,,,1886.65,1877.7574563578237,1908.8813591054409,1877.7574563578237,stop_loss,1,-0.00471340399235487,-0.0049134039923548695,0.00019999999999999966,,,,,-1.0424321785962756,0.0,-1.2313687107550801,,,,,,,,2023-07-23 21:00:00,2023-07-23 21:30:00,2023-07-23 21:30:00,1.0,1886.65,1877.7574563578237,1908.8813591054409,1.0,0.0002,-1.0424321785962756,0.0,-1.2313687107550801,False,False,1877.7574563578237,False,0.75,0.5,4.446507294780114,,adverse_first,volatility_stop,0.006,,0.00019999999999999966,9.999999999999983e-05,9.999999999999983e-05,0.0,0.0,fractional_return,R,False
ETHUSD,2023-07-24 04:00:00,2023-07-24 04:30:00,2023-07-24 05:00:00,long,,,1868.2,1869.99483976442,1891.252219382953,1858.9791122468189,r_trailing_stop,2,0.0009607321295470594,0.0007607321295470595,0.00019999999999999998,,,,,0.15412830114210097,0.5259797244930873,0.0,,,,,,,,2023-07-24 04:00:00,2023-07-24 04:30:00,2023-07-24 05:00:00,1.0,1868.2,1869.99483976442,1891.252219382953,1.0,0.0002,0.15412830114210097,0.5259797244930873,0.0,False,False,1869.99483976442,True,0.75,0.5,4.6103204711598,1869.99483976442,adverse_first,volatility_stop,0.006,,0.00019999999999999998,9.999999999999999e-05,9.999999999999999e-05,0.0,0.0,fractional_return,R,False
ETHUSD,2023-07-24 05:00:00,2023-07-24 05:30:00,2023-07-24 08:00:00,long,,,1872.35,1875.0980798783005,1895.3704308190731,1863.1418276723707,r_trailing_stop,6,0.001467716975085187,0.001267716975085187,0.0002000000000000001,,,,,0.2577720956827328,0.5484258786999038,-0.43439673560386854,,,,,,,,2023-07-24 05:00:00,2023-07-24 05:30:00,2023-07-24 08:00:00,1.0,1872.35,1875.0980798783005,1895.3704308190731,1.0,0.0002,0.2577720956827328,0.5484258786999038,-0.43439673560386854,False,False,1875.0980798783005,True,0.75,0.5,4.6038402433993015,1875.0980798783005,adverse_first,volatility_stop,0.006,,0.0002000000000000001,0.00010000000000000005,0.00010000000000000005,0.0,0.0,fractional_return,R,False
ETHUSD,2023-07-24 08:30:00,2023-07-24 09:00:00,2023-07-24 09:30:00,long,,,1869.7,1860.731424400583,1892.1214389985428,1860.731424400583,stop_loss,2,-0.004796799272298813,-0.0049967992722988125,0.00019999999999999966,,,,,-1.0416944693005992,0.20627578811067165,-3.9972902723070107,,,,,,,,2023-07-24 08:30:00,2023-07-24 09:00:00,2023-07-24 09:30:00,1.0,1869.7,1860.731424400583,1892.1214389985428,1.0,0.0002,-1.0416944693005992,0.20627578811067165,-3.9972902723070107,False,False,1860.731424400583,False,0.75,0.5,4.484168062618852,,adverse_first,volatility_stop,0.006,,0.00019999999999999966,9.999999999999983e-05,9.999999999999983e-05,0.0,0.0,fractional_return,R,False
ETHUSD,2023-07-24 09:30:00,2023-07-24 10:00:00,2023-07-24 10:30:00,long,,,1842.5,1850.6889806314398,1868.1094993150327,1832.256200273987,r_trailing_stop,2,0.004444494236873764,0.004244494236873764,0.00019999999999999966,,,,,0.7634355259387384,1.049415284125622,-0.29286007929087127,,,,,,,,2023-07-24 09:30:00,2023-07-24 10:00:00,2023-07-24 10:30:00,1.0,1842.5,1850.6889806314398,1868.1094993150327,1.0,0.0002,0.7634355259387384,1.049415284125622,-0.29286007929087127,False,False,1850.6889806314398,True,0.75,0.5,5.122038737120248,1850.6889806314398,adverse_first,volatility_stop,0.006,,0.00019999999999999966,9.999999999999983e-05,9.999999999999983e-05,0.0,0.0,fractional_return,R,False
ETHUSD,2023-07-24 13:30:00,2023-07-24 14:00:00,2023-07-24 15:00:00,long,,,1850.05,1839.5203449561725,1876.3741376095684,1839.5203449561725,stop_loss,3,-0.005691551603376865,-0.005891551603376865,0.00019999999999999966,,,,,-1.0351398026298027,0.047484936393343925,-1.5385119391443474,,,,,,,,2023-07-24 13:30:00,2023-07-24 14:00:00,2023-07-24 15:00:00,1.0,1850.05,1839.5203449561725,1876.3741376095684,1.0,0.0002,-1.0351398026298027,0.047484936393343925,-1.5385119391443474,False,False,1839.5203449561725,False,0.75,0.5,5.264969762508998,,adverse_first,volatility_stop,0.006,,0.00019999999999999966,9.999999999999983e-05,9.999999999999983e-05,0.0,0.0,fractional_return,R,False
ETHUSD,2023-07-25 01:00:00,2023-07-25 01:30:00,2023-07-25 03:00:00,long,,,1846.15,1852.9,1870.244626688224,1836.5121493247107,r_trailing_stop,4,0.003656257617203451,0.003456257617203451,0.0002000000000000001,,,,,0.6620532123785445,1.022012099155511,-0.10375757351832696,,,,,,,,2023-07-25 01:00:00,2023-07-25 01:30:00,2023-07-25 03:00:00,1.0,1846.15,1852.9,1870.244626688224,1.0,0.0002,0.6620532123785445,1.022012099155511,-0.10375757351832696,False,False,1853.5906026069438,True,0.75,0.5,4.818794786112637,1853.5906026069438,adverse_first,volatility_stop,0.006,,0.0002000000000000001,0.00010000000000000005,0.00010000000000000005,0.0,0.0,fractional_return,R,False
ETHUSD,2023-07-25 09:30:00,2023-07-25 10:00:00,2023-07-25 14:00:00,long,,,1856.6,1864.25,1878.6483930134214,1847.7806427946314,r_trailing_stop,9,0.00412043520413663,0.00392043520413663,0.00019999999999999966,,,,,0.8253073132778136,1.2585951267790045,-0.5102412676131037,,,,,,,,2023-07-25 09:30:00,2023-07-25 10:00:00,2023-07-25 14:00:00,1.0,1856.6,1864.25,1878.6483930134214,1.0,0.0002,0.8253073132778136,1.2585951267790045,-0.5102412676131037,False,False,1865.4952794304531,True,0.75,0.5,4.40944113909402,1865.4952794304531,adverse_first,volatility_stop,0.006,,0.00019999999999999966,9.999999999999983e-05,9.999999999999983e-05,0.0,0.0,fractional_return,R,False
ETHUSD,2023-07-25 14:00:00,2023-07-25 14:30:00,2023-07-25 14:30:00,long,,,1863.3,1854.586872144509,1885.0828196387272,1854.586872144509,stop_loss,1,-0.004676180891692638,-0.004876180891692638,0.00019999999999999966,,,,,-1.0427699450967145,0.02869233691348304,-1.0903088027123555,,,,,,,,2023-07-25 14:00:00,2023-07-25 14:30:00,2023-07-25 14:30:00,1.0,1863.3,1854.586872144509,1885.0828196387272,1.0,0.0002,-1.0427699450967145,0.02869233691348304,-1.0903088027123555,False,False,1854.586872144509,False,0.75,0.5,4.356447038078954,,adverse_first,volatility_stop,0.006,,0.00019999999999999966,9.999999999999983e-05,9.999999999999983e-05,0.0,0.0,fractional_return,R,False
ETHUSD,2023-07-25 14:30:00,2023-07-25 15:00:00,2023-07-25 15:30:00,long,,,1853.85,1856.5,1876.193460940523,1844.9126156237908,r_trailing_stop,2,0.001429457615233165,0.001229457615233165,0.0002000000000000001,,,,,0.2550220404604253,0.6769318343412614,-0.09510612548594931,,,,,,,,2023-07-25 14:30:00,2023-07-25 15:00:00,2023-07-25 15:30:00,1.0,1853.85,1856.5,1876.193460940523,1.0,0.0002,0.2550220404604253,0.6769318343412614,-0.09510612548594931,False,False,1856.8655936376072,True,0.75,0.5,4.468812724785643,1856.8655936376072,adverse_first,volatility_stop,0.006,,0.0002000000000000001,0.00010000000000000005,0.00010000000000000005,0.0,0.0,fractional_return,R,False
ETHUSD,2023-07-25 15:30:00,2023-07-25 16:00:00,2023-07-25 16:30:00,long,,,1857.8,1859.05,1880.3176850212737,1848.7929259914904,r_trailing_stop,2,0.0006728388416405995,0.0004728388416405995,0.00019999999999999998,,,,,0.09752778751123743,0.6550406929515602,-0.4385441927387547,,,,,,,,2023-07-25 15:30:00,2023-07-25 16:00:00,2023-07-25 16:30:00,1.0,1857.8,1859.05,1880.3176850212737,1.0,0.0002,0.09752778751123743,0.6550406929515602,-0.4385441927387547,False,False,1861.4481103930011,True,0.75,0.5,4.503779213998042,1861.4481103930011,adverse_first,volatility_stop,0.006,,0.00019999999999999998,9.999999999999999e-05,9.999999999999999e-05,0.0,0.0,fractional_return,R,False
ETHUSD,2023-07-25 16:30:00,2023-07-25 17:00:00,2023-07-25 17:30:00,long,,,1855.7,1858.5100481155118,1878.5982853055932,1846.5406858777628,r_trailing_stop,2,0.001514279309970279,0.0013142793099702788,0.0002000000000000001,,,,,0.266276282586552,0.5677280995719266,-0.3111586699577027,,,,,,,,2023-07-25 16:30:00,2023-07-25 17:00:00,2023-07-25 17:30:00,1.0,1855.7,1858.5100481155118,1878.5982853055932,1.0,0.0002,0.266276282586552,0.5677280995719266,-0.3111586699577027,False,False,1858.5100481155118,True,0.75,0.5,4.579903768976427,1858.5100481155118,adverse_first,volatility_stop,0.006,,0.0002000000000000001,0.00010000000000000005,0.00010000000000000005,0.0,0.0,fractional_return,R,False
ETHUSD,2023-07-25 23:00:00,2023-07-25 23:30:00,2023-07-26 03:30:00,long,,,1856.55,1859.75,1878.3030637289746,1847.84877450841,r_trailing_stop,9,0.0017236271579004203,0.0015236271579004202,0.0002000000000000001,,,,,0.3250909889341546,1.120531815825693,-0.5688853834192031,,,,,,,,2023-07-25 23:00:00,2023-07-25 23:30:00,2023-07-26 03:30:00,1.0,1856.55,1859.75,1878.3030637289746,1.0,0.0002,0.3250909889341546,1.120531815825693,-0.5688853834192031,False,False,1864.1246350306253,True,0.75,0.5,4.350729938749223,1864.1246350306253,adverse_first,volatility_stop,0.006,,0.0002000000000000001,0.00010000000000000005,0.00010000000000000005,0.0,0.0,fractional_return,R,False
ETHUSD,2023-07-26 05:30:00,2023-07-26 06:00:00,2023-07-26 09:30:00,long,,,1859.25,1850.8684700787999,1880.2038248030003,1850.8684700787999,stop_loss,8,-0.0045080166310071945,-0.004708016631007194,0.00019999999999999966,,,,,-1.0443654086420961,0.1431719520519496,-1.2706510744610156,,,,,,,,2023-07-26 05:30:00,2023-07-26 06:00:00,2023-07-26 09:30:00,1.0,1859.25,1850.8684700787999,1880.2038248030003,1.0,0.0002,-1.0443654086420961,0.1431719520519496,-1.2706510744610156,False,False,1850.8684700787999,False,0.75,0.5,4.190652104377403,,adverse_first,volatility_stop,0.006,,0.00019999999999999966,9.999999999999983e-05,9.999999999999983e-05,0.0,0.0,fractional_return,R,False
ETHUSD,2023-07-26 19:00:00,2023-07-26 19:30:00,2023-07-26 20:00:00,short,,,1870.9,1880.1093734737951,1847.8765663155123,1880.1093734737951,stop_loss,2,-0.0049224295653402805,-0.00512242956534028,0.00019999999999999966,,,,,-1.0406303426682295,0.07600951378417563,-1.4387515109146596,,,,,,,,2023-07-26 19:00:00,2023-07-26 19:30:00,2023-07-26 20:00:00,-1.0,1870.9,1880.1093734737951,1847.8765663155123,1.0,0.0002,-1.0406303426682295,0.07600951378417563,-1.4387515109146596,False,False,1880.1093734737951,False,0.75,0.5,4.604440443302729,,adverse_first,volatility_stop,0.006,,0.00019999999999999966,9.999999999999983e-05,9.999999999999983e-05,0.0,0.0,fractional_return,R,False
ETHUSD,2023-07-26 20:00:00,2023-07-26 20:30:00,2023-07-26 22:00:00,short,,,1878.25,1872.1884350996647,1854.3662841372425,1887.803486345103,r_trailing_stop,4,0.003227240729580916,0.0030272407295809157,0.0002000000000000001,,,,,0.5951664863424313,1.0572056770853118,-0.957765539141662,,,,,,,,2023-07-26 20:00:00,2023-07-26 20:30:00,2023-07-26 22:00:00,-1.0,1878.25,1872.1884350996647,1854.3662841372425,1.0,0.0002,0.5951664863424313,1.0572056770853118,-0.957765539141662,False,False,1872.1884350996647,True,0.75,0.5,4.7768701993297435,1872.1884350996647,adverse_first,volatility_stop,0.006,,0.0002000000000000001,0.00010000000000000005,0.00010000000000000005,0.0,0.0,fractional_return,R,False
ETHUSD,2023-07-27 00:30:00,2023-07-27 01:00:00,2023-07-27 04:30:00,short,,,1870.0,1879.9864237615839,1845.0339405960403,1879.9864237615839,stop_loss,8,-0.005340333562344313,-0.005540333562344312,0.00019999999999999966,,,,,-1.0374508441589185,0.08010875755917983,-1.0414138482694062,,,,,,,,2023-07-27 00:30:00,2023-07-27 01:00:00,2023-07-27 04:30:00,-1.0,1870.0,1879.9864237615839,1845.0339405960403,1.0,0.0002,-1.0374508441589185,0.08010875755917983,-1.0414138482694062,False,False,1879.9864237615839,False,0.75,0.5,4.993345278607248,,adverse_first,volatility_stop,0.006,,0.00019999999999999966,9.999999999999983e-05,9.999999999999983e-05,0.0,0.0,fractional_return,R,False
ETHUSD,2023-08-02 13:30:00,2023-08-02 14:00:00,2023-08-02 14:00:00,long,,,1851.45,1842.1666340018157,1874.6584149954608,1842.1666340018157,stop_loss,1,-0.005014105699956417,-0.005214105699956417,0.00019999999999999966,,,,,-1.0398874718579902,0.0,-1.0448796268397933,,,,,,,,2023-08-02 13:30:00,2023-08-02 14:00:00,2023-08-02 14:00:00,1.0,1851.45,1842.1666340018157,1874.6584149954608,1.0,0.0002,-1.0398874718579902,0.0,-1.0448796268397933,False,False,1842.1666340018157,False,0.75,0.5,4.641808161011562,,adverse_first,volatility_stop,0.006,,0.00019999999999999966,9.999999999999983e-05,9.999999999999983e-05,0.0,0.0,fractional_return,R,False
ETHUSD,2023-08-03 06:30:00,2023-08-03 07:00:00,2023-08-03 13:30:00,long,,,1833.6,1834.8280819515335,1857.3185330316423,1824.112586787343,r_trailing_stop,14,0.0006697654622238591,0.00046976546222385915,0.00019999999999999998,,,,,0.09078996900699358,0.4690424987564984,-0.8853835931583106,,,,,,,,2023-08-03 06:30:00,2023-08-03 07:00:00,2023-08-03 13:30:00,1.0,1833.6,1834.8280819515335,1857.3185330316423,1.0,0.0002,0.09078996900699358,0.4690424987564984,-0.8853835931583106,False,False,1834.8280819515335,True,0.75,0.5,4.74383609693334,1834.8280819515335,adverse_first,volatility_stop,0.006,,0.00019999999999999998,9.999999999999999e-05,9.999999999999999e-05,0.0,0.0,fractional_return,R,False
ETHUSD,2023-08-03 13:30:00,2023-08-03 14:00:00,2023-08-03 15:00:00,long,,,1836.85,1844.3444519411016,1858.906081238028,1828.0275675047887,r_trailing_stop,3,0.0040800565866030425,0.0038800565866030424,0.0002000000000000001,,,,,0.8078363812894374,1.258156410493959,-0.2266948487376475,,,,,,,,2023-08-03 13:30:00,2023-08-03 14:00:00,2023-08-03 15:00:00,1.0,1836.85,1844.3444519411016,1858.906081238028,1.0,0.0002,0.8078363812894374,1.258156410493959,-0.2266948487376475,False,False,1844.3444519411016,True,0.75,0.5,4.411096117796644,1844.3444519411016,adverse_first,volatility_stop,0.006,,0.0002000000000000001,0.00010000000000000005,0.00010000000000000005,0.0,0.0,fractional_return,R,False
ETHUSD,2023-08-03 15:00:00,2023-08-03 15:30:00,2023-08-03 17:30:00,long,,,1839.55,1851.6,1862.788681007002,1830.254527597199,r_trailing_stop,5,0.006550515071620744,0.006350515071620744,0.00019999999999999966,,,,,1.2567505441122095,1.920289709495733,-0.2097795480961758,,,,,,,,2023-08-03 15:00:00,2023-08-03 15:30:00,2023-08-03 17:30:00,1.0,1839.55,1851.6,1862.788681007002,1.0,0.0002,1.2567505441122095,1.920289709495733,-0.2097795480961758,False,False,1855.07619501303,True,0.75,0.5,4.647609973940258,1855.07619501303,adverse_first,volatility_stop,0.006,,0.00019999999999999966,9.999999999999983e-05,9.999999999999983e-05,0.0,0.0,fractional_return,R,False
ETHUSD,2023-08-03 20:30:00,2023-08-03 21:00:00,2023-08-03 22:00:00,short,,,1842.7,1839.3,1817.803676359635,1852.6585294561462,r_trailing_stop,3,0.001845118576002669,0.0016451185760026688,0.0002000000000000001,,,,,0.30440839818264587,1.300392799662568,-0.30124929721912663,,,,,,,,2023-08-03 20:30:00,2023-08-03 21:00:00,2023-08-03 22:00:00,-1.0,1842.7,1839.3,1817.803676359635,1.0,0.0002,0.30440839818264587,1.300392799662568,-0.30124929721912663,False,False,1838.4396998147042,True,0.75,0.5,4.979399629408177,1838.4396998147042,adverse_first,volatility_stop,0.006,,0.0002000000000000001,0.00010000000000000005,0.00010000000000000005,0.0,0.0,fractional_return,R,False
ETHUSD,2023-08-04 00:00:00,2023-08-04 00:30:00,2023-08-04 02:30:00,short,,,1833.15,1831.9,1807.9804241022562,1843.2178303590977,r_trailing_stop,5,0.000681886370455187,0.000481886370455187,0.00019999999999999998,,,,,0.08774184392188218,0.43703557202114846,-0.4569008252948185,,,,,,,,2023-08-04 00:00:00,2023-08-04 00:30:00,2023-08-04 02:30:00,-1.0,1833.15,1831.9,1807.9804241022562,1.0,0.0002,0.08774184392188218,0.43703557202114846,-0.4569008252948185,False,False,1831.267163503619,True,0.75,0.5,5.0343270072381765,1831.267163503619,adverse_first,volatility_stop,0.006,,0.00019999999999999998,9.999999999999999e-05,9.999999999999999e-05,0.0,0.0,fractional_return,R,False
ETHUSD,2023-08-08 12:30:00,2023-08-08 13:00:00,2023-08-08 13:30:00,long,,,1843.45,1840.5,1863.0522913487978,1835.6090834604809,r_trailing_stop,2,-0.0016002603813501937,-0.0018002603813501938,0.0002000000000000001,,,,,-0.42325281531482284,0.41449235986884947,-1.2371002740701105,,,,,,,,2023-08-08 12:30:00,2023-08-08 13:00:00,2023-08-08 13:30:00,1.0,1843.45,1840.5,1863.0522913487978,1.0,0.0002,-0.42325281531482284,0.41449235986884947,-1.2371002740701105,False,False,1844.7397176573663,True,0.75,0.5,3.9205646852674962,1844.7397176573663,adverse_first,volatility_stop,0.006,,0.0002000000000000001,0.00010000000000000005,0.00010000000000000005,0.0,0.0,fractional_return,R,False
ETHUSD,2023-08-09 15:30:00,2023-08-09 16:00:00,2023-08-09 23:30:00,long,,,1852.1,1855.262616455684,1874.975071024522,1842.9499715901911,r_trailing_stop,16,0.0017075840698042022,0.001507584069804202,0.0002000000000000001,,,,,0.3051571351069375,0.5956265659413335,-0.7814183388037463,,,,,,,,2023-08-09 15:30:00,2023-08-09 16:00:00,2023-08-09 23:30:00,1.0,1852.1,1855.262616455684,1874.975071024522,1.0,0.0002,0.3051571351069375,0.5956265659413335,-0.7814183388037463,False,False,1855.262616455684,True,0.75,0.5,4.574767088631873,1855.262616455684,adverse_first,volatility_stop,0.006,,0.0002000000000000001,0.00010000000000000005,0.00010000000000000005,0.0,0.0,fractional_return,R,False
ETHUSD,2023-08-10 05:30:00,2023-08-10 06:00:00,2023-08-10 13:00:00,long,,,1852.0,1855.5,1871.3300101859495,1844.2679959256202,r_trailing_stop,15,0.0018898488120950852,0.001689848812095085,0.0002000000000000001,,,,,0.40475922799499153,0.7824620812147252,-0.4849971577777259,,,,,,,,2023-08-10 05:30:00,2023-08-10 06:00:00,2023-08-10 13:00:00,1.0,1852.0,1855.5,1871.3300101859495,1.0,0.0002,0.40475922799499153,0.7824620812147252,-0.4849971577777259,False,False,1856.116894617708,True,0.75,0.5,3.866210764583469,1856.116894617708,adverse_first,volatility_stop,0.006,,0.0002000000000000001,0.00010000000000000005,0.00010000000000000005,0.0,0.0,fractional_return,R,False
ETHUSD,2023-08-10 13:30:00,2023-08-10 14:00:00,2023-08-10 14:30:00,long,,,1862.3,1854.6069912839214,1881.5325217901961,1854.6069912839214,stop_loss,2,-0.004130918066948652,-0.004330918066948652,0.00019999999999999966,,,,,-1.0484153877561004,0.2599763075557101,-2.027815198934527,,,,,,,,2023-08-10 13:30:00,2023-08-10 14:00:00,2023-08-10 14:30:00,1.0,1862.3,1854.6069912839214,1881.5325217901961,1.0,0.0002,-1.0484153877561004,0.2599763075557101,-2.027815198934527,False,False,1854.6069912839214,False,0.75,0.5,3.846297960794624,,adverse_first,volatility_stop,0.006,,0.00019999999999999966,9.999999999999983e-05,9.999999999999983e-05,0.0,0.0,fractional_return,R,False
ETHUSD,2023-08-10 14:30:00,2023-08-10 15:00:00,2023-08-10 16:00:00,long,,,1851.35,1852.0,1871.9687691093654,1843.1024923562536,r_trailing_stop,3,0.0003510951467848855,0.0001510951467848855,0.0002,,,,,0.03391691309462525,0.41830819067091357,-0.418308190670886,,,,,,,,2023-08-10 14:30:00,2023-08-10 15:00:00,2023-08-10 16:00:00,1.0,1851.35,1852.0,1871.9687691093654,1.0,0.0002,0.03391691309462525,0.41830819067091357,-0.418308190670886,False,False,1852.738178777041,True,0.75,0.5,4.123642445918108,1852.738178777041,adverse_first,volatility_stop,0.006,,0.0002,0.0001,0.0001,0.0,0.0,fractional_return,R,False
ETHUSD,2023-08-10 16:00:00,2023-08-10 16:30:00,2023-08-11 04:00:00,long,,,1850.35,1845.7,1870.8911545563838,1842.1335381774463,max_holding_close,24,-0.0025130380738778157,-0.002713038073877816,0.0002000000000000001,,,,,-0.6109770979790987,0.3346939424037062,-0.9371430387303553,,,,,,,,2023-08-10 16:00:00,2023-08-10 16:30:00,2023-08-11 04:00:00,1.0,1850.35,1845.7,1870.8911545563838,1.0,0.0002,-0.6109770979790987,0.3346939424037062,-0.9371430387303553,False,False,1842.1335381774463,False,0.75,0.5,4.108341739570272,,adverse_first,volatility_stop,0.006,,0.0002000000000000001,0.00010000000000000005,0.00010000000000000005,0.0,0.0,fractional_return,R,False
ETHUSD,2023-08-15 08:30:00,2023-08-15 09:00:00,2023-08-15 09:30:00,long,,,1840.65,1841.375461983304,1852.3950606609928,1835.951975735603,r_trailing_stop,2,0.00039413358503992413,0.00019413358503992412,0.0002,,,,,0.07606005486427452,0.4044253271313521,-0.031928315299865236,,,,,,,,2023-08-15 08:30:00,2023-08-15 09:00:00,2023-08-15 09:30:00,1.0,1840.65,1841.375461983304,1852.3950606609928,1.0,0.0002,0.07606005486427452,0.4044253271313521,-0.031928315299865236,False,False,1841.375461983304,True,0.75,0.5,2.349076033391883,1841.375461983304,adverse_first,volatility_stop,0.006,,0.0002,0.0001,0.0001,0.0,0.0,fractional_return,R,False
ETHUSD,2023-08-15 15:00:00,2023-08-15 15:30:00,2023-08-15 19:00:00,long,,,1838.3,1838.2,1850.6396099475794,1833.3641560209683,r_trailing_stop,8,-5.439808518736822e-05,-0.0002543980851873682,0.00019999999999999998,,,,,-0.09474772743762369,0.4153291734318804,-5.105509839260311,,,,,,,,2023-08-15 15:00:00,2023-08-15 15:30:00,2023-08-15 19:00:00,1.0,1838.3,1838.2,1850.6396099475794,1.0,0.0002,-0.09474772743762369,0.4153291734318804,-5.105509839260311,False,False,1839.1160726088872,True,0.75,0.5,2.4678547822255132,1839.1160726088872,adverse_first,volatility_stop,0.006,,0.00019999999999999998,9.999999999999999e-05,9.999999999999999e-05,0.0,0.0,fractional_return,R,False
ETHUSD,2023-08-16 06:30:00,2023-08-16 07:00:00,2023-08-16 09:30:00,short,,,1823.45,1821.6247469841992,1809.2021399231337,1829.1491440307466,r_trailing_stop,6,0.0010009887936608397,0.0008009887936608397,0.00019999999999999998,,,,,0.25627761079930755,0.9387374614744265,-0.5527145801204187,,,,,,,,2023-08-16 06:30:00,2023-08-16 07:00:00,2023-08-16 09:30:00,-1.0,1823.45,1821.6247469841992,1809.2021399231337,1.0,0.0002,0.25627761079930755,0.9387374614744265,-0.5527145801204187,False,False,1821.6247469841992,True,0.75,0.5,2.8494939683980705,1821.6247469841992,adverse_first,volatility_stop,0.006,,0.00019999999999999998,9.999999999999999e-05,9.999999999999999e-05,0.0,0.0,fractional_return,R,False
ETHUSD,2023-08-16 09:30:00,2023-08-16 10:00:00,2023-08-16 12:30:00,short,,,1822.25,1820.405592834136,1807.6936723679828,1828.0725310528069,r_trailing_stop,6,0.0010121592349370268,0.0008121592349370268,0.00019999999999999998,,,,,0.2541776338231036,0.6440498068605799,-0.6354624761024467,,,,,,,,2023-08-16 09:30:00,2023-08-16 10:00:00,2023-08-16 12:30:00,-1.0,1822.25,1820.405592834136,1807.6936723679828,1.0,0.0002,0.2541776338231036,0.6440498068605799,-0.6354624761024467,False,False,1820.405592834136,True,0.75,0.5,2.911185668271879,1820.405592834136,adverse_first,volatility_stop,0.006,,0.00019999999999999998,9.999999999999999e-05,9.999999999999999e-05,0.0,0.0,fractional_return,R,False
ETHUSD,2023-08-19 15:30:00,2023-08-19 16:00:00,2023-08-19 17:30:00,short,,,1683.05,1678.3159173483323,1645.8897207527887,1697.9141116988844,r_trailing_stop,4,0.0019109447295217856,0.0017750698087115788,0.00013587492081020675,,,,,0.29584496811859645,0.5684833491014606,-0.851043120252484,,,,,,,,2023-08-19 15:30:00,2023-08-19 16:00:00,2023-08-19 17:30:00,-1.0,1683.05,1678.3159173483323,1645.8897207527887,0.6793746040510332,0.00013587492081020664,0.29584496811859645,0.5684833491014606,-0.851043120252484,False,False,1678.3159173483323,True,0.75,0.5,7.4318346966647075,1678.3159173483323,adverse_first,volatility_stop,0.006,,0.00013587492081020675,6.793746040510338e-05,6.793746040510338e-05,0.0,0.0,fractional_return,R,False
ETHUSD,2023-08-24 09:30:00,2023-08-24 10:00:00,2023-08-24 11:30:00,long,,,1666.6,1669.993255491529,1698.1655512260272,1653.973779509589,r_trailing_stop,4,0.0016124803906787753,0.001454086198092098,0.00015839419258667736,,,,,0.2423476996820163,0.5227217444058007,-0.06732022465831652,,,,,,,,2023-08-24 09:30:00,2023-08-24 10:00:00,2023-08-24 11:30:00,1.0,1666.6,1669.993255491529,1698.1655512260272,0.7919709629333869,0.0001583941925866774,0.2423476996820163,0.5227217444058007,-0.06732022465831652,False,False,1669.993255491529,True,0.75,0.5,6.313489016942335,1669.993255491529,adverse_first,volatility_stop,0.006,,0.00015839419258667736,7.919709629333868e-05,7.919709629333868e-05,0.0,0.0,fractional_return,R,False
ETHUSD,2023-08-30 14:30:00,2023-08-30 15:00:00,2023-08-30 16:00:00,long,,,1702.75,1703.5,1734.299807144329,1690.1300771422684,r_trailing_stop,3,0.0003565790417841841,0.00019466838487805456,0.00016191065690612956,,,,,0.032444730813009096,0.4516667862599451,-0.44374280755361956,,,,,,,,2023-08-30 14:30:00,2023-08-30 15:00:00,2023-08-30 16:00:00,1.0,1702.75,1703.5,1734.299807144329,0.8095532845306478,0.00016191065690612956,0.032444730813009096,0.4516667862599451,-0.44374280755361956,False,False,1705.2949265728207,True,0.75,0.5,6.310146854358767,1705.2949265728207,adverse_first,volatility_stop,0.006,,0.00016191065690612956,8.095532845306478e-05,8.095532845306478e-05,0.0,0.0,fractional_return,R,False
ETHUSD,2023-08-30 16:00:00,2023-08-30 16:30:00,2023-08-30 21:30:00,long,,,1702.55,1703.45,1734.398087308812,1689.8107650764753,r_trailing_stop,11,0.0004238873081796209,0.00026351190005937313,0.00016037540812024776,,,,,0.04391865000989552,0.4121126607301336,-0.49061031039301617,,,,,,,,2023-08-30 16:00:00,2023-08-30 16:30:00,2023-08-30 21:30:00,1.0,1702.55,1703.45,1734.398087308812,0.8018770406012388,0.00016037540812024776,0.04391865000989552,0.4121126607301336,-0.49061031039301617,False,False,1704.6152848901363,True,0.75,0.5,6.369430219727381,1704.6152848901363,adverse_first,volatility_stop,0.006,,0.00016037540812024776,8.018770406012388e-05,8.018770406012388e-05,0.0,0.0,fractional_return,R,False
ETHUSD,2023-08-31 11:00:00,2023-08-31 11:30:00,2023-08-31 12:00:00,long,,,1712.55,1713.8000000000002,1736.154074959061,1703.1083700163756,r_trailing_stop,2,0.000729905696184252,0.0005299056961842521,0.00019999999999999998,,,,,0.09611581915138498,1.1968272448294177,-0.8049457575844049,,,,,,,,2023-08-31 11:00:00,2023-08-31 11:30:00,2023-08-31 12:00:00,1.0,1712.55,1713.8000000000002,1736.154074959061,1.0,0.0002,0.09611581915138498,1.1968272448294177,-0.8049457575844049,False,False,1721.4896613837666,True,0.75,0.5,4.720677232466703,1721.4896613837666,adverse_first,volatility_stop,0.006,,0.00019999999999999998,9.999999999999999e-05,9.999999999999999e-05,0.0,0.0,fractional_return,R,False
ETHUSD,2023-08-31 12:00:00,2023-08-31 12:30:00,2023-08-31 13:30:00,long,,,1709.95,1699.962118339818,1734.9197041504551,1699.962118339818,stop_loss,3,-0.005841037258505821,-0.006041037258505821,0.00019999999999999966,,,,,-1.034240493793933,0.11013346347356168,-1.0562800360419697,,,,,,,,2023-08-31 12:00:00,2023-08-31 12:30:00,2023-08-31 13:30:00,1.0,1709.95,1699.962118339818,1734.9197041504551,1.0,0.0002,-1.034240493793933,0.11013346347356168,-1.0562800360419697,False,False,1699.962118339818,False,0.75,0.5,4.994086808384959,,adverse_first,volatility_stop,0.006,,0.00019999999999999966,9.999999999999983e-05,9.999999999999983e-05,0.0,0.0,fractional_return,R,False
ETHUSD,2023-08-31 13:30:00,2023-08-31 14:00:00,2023-08-31 15:30:00,long,,,1704.05,1693.989292337303,1729.2017691567423,1693.989292337303,stop_loss,4,-0.005903997924178839,-0.006103997924178838,0.00019999999999999966,,,,,-1.0338753506638159,0.13418539184928796,-2.460065517236697,,,,,,,,2023-08-31 13:30:00,2023-08-31 14:00:00,2023-08-31 15:30:00,1.0,1704.05,1693.989292337303,1729.2017691567423,1.0,0.0002,-1.0338753506638159,0.13418539184928796,-2.460065517236697,False,False,1693.989292337303,False,0.75,0.5,5.03050152548965,,adverse_first,volatility_stop,0.006,,0.00019999999999999966,9.999999999999983e-05,9.999999999999983e-05,0.0,0.0,fractional_return,R,False
ETHUSD,2023-08-31 15:30:00,2023-08-31 16:00:00,2023-08-31 16:00:00,long,,,1688.85,1677.9827687249053,1716.0180781877366,1677.9827687249053,stop_loss,1,-0.006,-0.006186489083437892,0.00018648908343789176,,,,,-1.0310815139063152,0.013802963809545448,-1.0168183339692274,,,,,,,,2023-08-31 15:30:00,2023-08-31 16:00:00,2023-08-31 16:00:00,1.0,1688.85,1677.9827687249053,1716.0180781877366,0.9324454171894601,0.000186489083437892,-1.0310815139063152,0.013802963809545448,-1.0168183339692274,False,False,1677.9827687249053,False,0.75,0.5,5.433776340136661,,adverse_first,volatility_stop,0.006,,0.00018648908343789176,9.324454171894588e-05,9.324454171894588e-05,0.0,0.0,fractional_return,R,False
ETHUSD,2023-08-31 16:00:00,2023-08-31 16:30:00,2023-08-31 16:30:00,long,,,1680.4,1669.292518372275,1708.1687040693128,1669.292518372275,stop_loss,1,-0.006,-0.006181542501494374,0.00018154250149437362,,,,,-1.0302570835823956,0.009002940842170914,-2.7278910751802843,,,,,,,,2023-08-31 16:00:00,2023-08-31 16:30:00,2023-08-31 16:30:00,1.0,1680.4,1669.292518372275,1708.1687040693128,0.9077125074718658,0.0001815425014943732,-1.0302570835823956,0.009002940842170914,-2.7278910751802843,False,False,1669.292518372275,False,0.75,0.5,5.553905999717148,,adverse_first,volatility_stop,0.006,,0.00018154250149437362,9.077125074718681e-05,9.077125074718681e-05,0.0,0.0,fractional_return,R,False
ETHUSD,2023-09-01 09:00:00,2023-09-01 09:30:00,2023-09-01 12:30:00,long,,,1645.85,1647.9,1672.587385553366,1635.1550457786534,r_trailing_stop,7,0.001150075048984439,0.0009654066568506989,0.00018466839213374022,,,,,0.16090110947511646,0.5563371171915997,-0.48153548798935136,,,,,,,,2023-09-01 09:00:00,2023-09-01 09:30:00,2023-09-01 12:30:00,1.0,1645.85,1647.9,1672.587385553366,0.923341960668701,0.00018466839213374022,0.16090110947511646,0.5563371171915997,-0.48153548798935136,False,False,1649.1263427141002,True,0.75,0.5,5.347314571799532,1649.1263427141002,adverse_first,volatility_stop,0.006,,0.00018466839213374022,9.233419606687011e-05,9.233419606687011e-05,0.0,0.0,fractional_return,R,False
ETHUSD,2023-09-01 12:30:00,2023-09-01 13:00:00,2023-09-01 13:30:00,long,,,1646.25,1635.7373300485779,1672.5316748785554,1635.7373300485779,stop_loss,2,-0.006,-0.006187916105911111,0.00018791610591111126,,,,,-1.0313193509851852,0.02378082838662507,-1.0844057744301117,,,,,,,,2023-09-01 12:30:00,2023-09-01 13:00:00,2023-09-01 13:30:00,1.0,1646.25,1635.7373300485779,1672.5316748785554,0.9395805295555565,0.0001879161059111113,-1.0313193509851852,0.02378082838662507,-1.0844057744301117,False,False,1635.7373300485779,False,0.75,0.5,5.256494568649698,,adverse_first,volatility_stop,0.006,,0.00018791610591111126,9.395805295555563e-05,9.395805295555563e-05,0.0,0.0,fractional_return,R,False
ETHUSD,2023-09-01 14:00:00,2023-09-01 14:30:00,2023-09-01 14:30:00,long,,,1639.75,1629.0370464597363,1666.5323838506592,1629.0370464597363,stop_loss,1,-0.006,-0.006183674837439047,0.00018367483743904692,,,,,-1.0306124729065078,0.004667246974633212,-1.5028535258264184,,,,,,,,2023-09-01 14:00:00,2023-09-01 14:30:00,2023-09-01 14:30:00,1.0,1639.75,1629.0370464597363,1666.5323838506592,0.9183741871952361,0.00018367483743904724,-1.0306124729065078,0.004667246974633212,-1.5028535258264184,False,False,1629.0370464597363,False,0.75,0.5,5.356640042687702,,adverse_first,volatility_stop,0.006,,0.00018367483743904692,9.183741871952346e-05,9.183741871952346e-05,0.0,0.0,fractional_return,R,False
ETHUSD,2023-09-01 14:30:00,2023-09-01 15:00:00,2023-09-01 15:30:00,long,,,1630.3000000000002,1636.1,1658.2083635604477,1619.1366545758212,r_trailing_stop,2,0.0031173450858757164,0.002942096544720422,0.00017524854115529443,,,,,0.4903494241200703,0.9226624823138344,-0.4747680734236524,,,,,,,,2023-09-01 14:30:00,2023-09-01 15:00:00,2023-09-01 15:30:00,1.0,1630.3000000000002,1636.1,1658.2083635604477,0.8762427057764726,0.0001752485411552945,0.4903494241200703,0.9226624823138344,-0.4747680734236524,False,False,1637.8092491457674,True,0.75,0.5,5.581501708465043,1637.8092491457674,adverse_first,volatility_stop,0.006,,0.00017524854115529443,8.762427057764722e-05,8.762427057764722e-05,0.0,0.0,fractional_return,R,False
ETHUSD,2023-09-01 15:30:00,2023-09-01 16:00:00,2023-09-01 17:00:00,long,,,1634.25,1622.6729639915284,1663.192590021179,1622.6729639915284,stop_loss,3,-0.006,-0.006169395689757287,0.000169395689757287,,,,,-1.0282326149595478,0.20298805309755197,-2.677714742989087,,,,,,,,2023-09-01 15:30:00,2023-09-01 16:00:00,2023-09-01 17:00:00,1.0,1634.25,1622.6729639915284,1663.192590021179,0.8469784487864354,0.00016939568975728707,-1.0282326149595478,0.20298805309755197,-2.677714742989087,False,False,1622.6729639915284,False,0.75,0.5,5.788340830728857,,adverse_first,volatility_stop,0.006,,0.000169395689757287,8.46978448786435e-05,8.46978448786435e-05,0.0,0.0,fractional_return,R,False
ETHUSD,2023-09-01 17:00:00,2023-09-01 17:30:00,2023-09-01 18:00:00,long,,,1603.8000000000002,1605.15,1635.2545476296918,1591.2181809481235,r_trailing_stop,2,0.0006437860826485229,0.0004908225094112383,0.00015296357323728467,,,,,0.08180375156853971,0.5205924495490777,-0.11524565677043301,,,,,,,,2023-09-01 17:00:00,2023-09-01 17:30:00,2023-09-01 18:00:00,1.0,1603.8000000000002,1605.15,1635.2545476296918,0.7648178661864234,0.0001529635732372847,0.08180375156853971,0.5205924495490777,-0.11524565677043301,False,False,1607.2047412558377,True,0.75,0.5,6.290517488324302,1607.2047412558377,adverse_first,volatility_stop,0.006,,0.00015296357323728467,7.648178661864234e-05,7.648178661864234e-05,0.0,0.0,fractional_return,R,False
ETHUSD,2023-09-01 18:00:00,2023-09-01 18:30:00,2023-09-01 19:00:00,long,,,1605.6,1617.7,1637.2083738673477,1592.9566504530608,r_trailing_stop,2,0.0057421492406319295,0.005589759243594598,0.00015238999703733134,,,,,0.9316265405990997,1.6016325361266612,-0.09491155769638035,,,,,,,,2023-09-01 18:00:00,2023-09-01 18:30:00,2023-09-01 19:00:00,1.0,1605.6,1617.7,1637.2083738673477,0.761949985186657,0.00015238999703733142,0.9316265405990997,1.6016325361266612,-0.09491155769638035,False,False,1622.6887688516256,True,0.75,0.5,6.322462296748427,1622.6887688516256,adverse_first,volatility_stop,0.006,,0.00015238999703733134,7.619499851866567e-05,7.619499851866567e-05,0.0,0.0,fractional_return,R,False
ETHUSD,2023-09-07 12:30:00,2023-09-07 13:00:00,2023-09-07 14:00:00,long,,,1625.35,1624.9,1646.9521142345852,1616.7091543061658,r_trailing_stop,3,-0.0002768634447963825,-0.00047686344479638246,0.00019999999999999998,,,,,-0.08969839613648803,0.8101058910234964,-0.2951100031585541,,,,,,,,2023-09-07 12:30:00,2023-09-07 13:00:00,2023-09-07 14:00:00,1.0,1625.35,1624.9,1646.9521142345852,1.0,0.0002,-0.08969839613648803,0.8101058910234964,-0.2951100031585541,False,False,1630.1897221716813,True,0.75,0.5,4.32055565663743,1630.1897221716813,adverse_first,volatility_stop,0.006,,0.00019999999999999998,9.999999999999999e-05,9.999999999999999e-05,0.0,0.0,fractional_return,R,False
ETHUSD,2023-09-08 05:30:00,2023-09-08 06:00:00,2023-09-08 10:00:00,short,,,1645.4,1621.4016084632372,1621.4016084632372,1654.9993566147052,take_profit,9,0.014585141325369477,0.014385141325369477,0.00020000000000000052,,,,,2.4657185358135476,3.0262444834582833,-0.270851485610713,,,,,,,,2023-09-08 05:30:00,2023-09-08 06:00:00,2023-09-08 10:00:00,-1.0,1645.4,1621.4016084632372,1621.4016084632372,1.0,0.0002,2.4657185358135476,3.0262444834582833,-0.270851485610713,False,False,1636.6997661658033,True,0.75,0.5,4.799532331606177,1636.6997661658033,adverse_first,volatility_stop,0.006,,0.00020000000000000052,0.00010000000000000026,0.00010000000000000026,0.0,0.0,fractional_return,R,False
ETHUSD,2023-09-08 13:30:00,2023-09-08 14:00:00,2023-09-08 16:00:00,short,,,1630.8000000000002,1629.2984265032117,1607.3150140011685,1640.1939943995328,r_trailing_stop,5,0.000920758828052759,0.000720758828052759,0.00019999999999999998,,,,,0.12512392990642116,0.40983630990792175,-0.2767725729248108,,,,,,,,2023-09-08 13:30:00,2023-09-08 14:00:00,2023-09-08 16:00:00,-1.0,1630.8000000000002,1629.2984265032117,1607.3150140011685,1.0,0.0002,0.12512392990642116,0.40983630990792175,-0.2767725729248108,False,False,1629.2984265032117,True,0.75,0.5,4.696853006423095,1629.2984265032117,adverse_first,volatility_stop,0.006,,0.00019999999999999998,9.999999999999999e-05,9.999999999999999e-05,0.0,0.0,fractional_return,R,False
ETHUSD,2023-09-08 19:00:00,2023-09-08 19:30:00,2023-09-09 07:00:00,short,,,1631.65,1634.25,1608.8108118656442,1640.7856752537425,max_holding_close,24,-0.001593478993656694,-0.001793478993656694,0.0002000000000000001,,,,,-0.32031896041851876,0.016419147554379586,-0.7169694432074688,,,,,,,,2023-09-08 19:00:00,2023-09-08 19:30:00,2023-09-09 07:00:00,-1.0,1631.65,1634.25,1608.8108118656442,1.0,0.0002,-0.32031896041851876,0.016419147554379586,-0.7169694432074688,False,False,1640.7856752537425,False,0.75,0.5,4.567977682373255,,adverse_first,volatility_stop,0.006,,0.0002000000000000001,0.00010000000000000005,0.00010000000000000005,0.0,0.0,fractional_return,R,False
ETHUSD,2023-09-10 15:30:00,2023-09-10 16:00:00,2023-09-10 16:00:00,long,,,1619.25,1613.411033160577,1633.8474170985573,1613.411033160577,stop_loss,1,-0.00360596994869411,-0.00380596994869411,0.0002000000000000001,,,,,-1.0554635792437563,0.0,-1.1217737966546302,,,,,,,,2023-09-10 15:30:00,2023-09-10 16:00:00,2023-09-10 16:00:00,1.0,1619.25,1613.411033160577,1633.8474170985573,1.0,0.0002,-1.0554635792437563,0.0,-1.1217737966546302,False,False,1613.411033160577,False,0.75,0.5,2.9195734862186917,,adverse_first,volatility_stop,0.006,,0.0002000000000000001,0.00010000000000000005,0.00010000000000000005,0.0,0.0,fractional_return,R,False
ETHUSD,2023-09-10 16:00:00,2023-09-10 16:30:00,2023-09-10 16:30:00,long,,,1614.85,1608.8582438869053,1629.8293902827368,1608.8582438869053,stop_loss,1,-0.003710410324856528,-0.0039104103248565275,0.00019999999999999966,,,,,-1.0539023942069308,0.11682718501683696,-2.887300429700657,,,,,,,,2023-09-10 16:00:00,2023-09-10 16:30:00,2023-09-10 16:30:00,1.0,1614.85,1608.8582438869053,1629.8293902827368,1.0,0.0002,-1.0539023942069308,0.11682718501683696,-2.887300429700657,False,False,1608.8582438869053,False,0.75,0.5,2.9962490385891383,,adverse_first,volatility_stop,0.006,,0.00019999999999999966,9.999999999999983e-05,9.999999999999983e-05,0.0,0.0,fractional_return,R,False
ETHUSD,2023-09-10 16:30:00,2023-09-10 17:00:00,2023-09-10 17:00:00,long,,,1613.15,1606.532550658565,1629.6936233535876,1606.532550658565,stop_loss,1,-0.0041021909564734615,-0.004302190956473461,0.00019999999999999966,,,,,-1.048754434428389,0.0,-1.586714073389936,,,,,,,,2023-09-10 16:30:00,2023-09-10 17:00:00,2023-09-10 17:00:00,1.0,1613.15,1606.532550658565,1629.6936233535876,1.0,0.0002,-1.048754434428389,0.0,-1.586714073389936,False,False,1606.532550658565,False,0.75,0.5,3.308827183618531,,adverse_first,volatility_stop,0.006,,0.00019999999999999966,9.999999999999983e-05,9.999999999999983e-05,0.0,0.0,fractional_return,R,False
ETHUSD,2023-09-10 20:00:00,2023-09-10 20:30:00,2023-09-10 21:00:00,short,,,1621.15,1618.9835421226871,1601.815174274298,1628.883930290281,r_trailing_stop,2,0.001336371018914373,0.0011363710189143728,0.0002000000000000001,,,,,0.23820073470640746,0.5301314915072826,-0.8016622554500313,,,,,,,,2023-09-10 20:00:00,2023-09-10 20:30:00,2023-09-10 21:00:00,-1.0,1621.15,1618.9835421226871,1601.815174274298,1.0,0.0002,0.23820073470640746,0.5301314915072826,-0.8016622554500313,False,False,1618.9835421226871,True,0.75,0.5,3.8670842453737966,1618.9835421226871,adverse_first,volatility_stop,0.006,,0.0002000000000000001,0.00010000000000000005,0.00010000000000000005,0.0,0.0,fractional_return,R,False
ETHUSD,2023-09-10 21:00:00,2023-09-10 21:30:00,2023-09-10 22:00:00,short,,,1624.25,1623.1,1604.3568646131898,1632.207254154724,r_trailing_stop,2,0.0007080190857319257,0.0005080190857319258,0.00019999999999999998,,,,,0.10369783143224157,0.47126809412939225,-0.056552171295532784,,,,,,,,2023-09-10 21:00:00,2023-09-10 21:30:00,2023-09-10 22:00:00,-1.0,1624.25,1623.1,1604.3568646131898,1.0,0.0002,0.10369783143224157,0.47126809412939225,-0.056552171295532784,False,False,1622.7893748042602,True,0.75,0.5,3.9787496085202654,1622.7893748042602,adverse_first,volatility_stop,0.006,,0.00019999999999999998,9.999999999999999e-05,9.999999999999999e-05,0.0,0.0,fractional_return,R,False
ETHUSD,2023-09-11 00:30:00,2023-09-11 01:00:00,2023-09-11 02:00:00,short,,,1609.4499999999998,1608.1261779431934,1588.6875752948572,1617.754969882057,r_trailing_stop,3,0.0008225307134774873,0.0006225307134774873,0.00019999999999999998,,,,,0.12064246722568181,0.40939341722904304,-0.30704506292183703,,,,,,,,2023-09-11 00:30:00,2023-09-11 01:00:00,2023-09-11 02:00:00,-1.0,1609.4499999999998,1608.1261779431934,1588.6875752948572,1.0,0.0002,0.12064246722568181,0.40939341722904304,-0.30704506292183703,False,False,1608.1261779431934,True,0.75,0.5,4.152355886386268,1608.1261779431934,adverse_first,volatility_stop,0.006,,0.00019999999999999998,9.999999999999999e-05,9.999999999999999e-05,0.0,0.0,fractional_return,R,False
ETHUSD,2023-09-11 08:30:00,2023-09-11 09:00:00,2023-09-11 09:00:00,long,,,1606.45,1598.5949719511439,1626.0875701221405,1598.5949719511439,stop_loss,1,-0.004889681003987789,-0.005089681003987789,0.00019999999999999966,,,,,-1.0409024637469988,0.12730699289426672,-2.9598875847917014,,,,,,,,2023-09-11 08:30:00,2023-09-11 09:00:00,2023-09-11 09:00:00,1.0,1606.45,1598.5949719511439,1626.0875701221405,1.0,0.0002,-1.0409024637469988,0.12730699289426672,-2.9598875847917014,False,False,1598.5949719511439,False,0.75,0.5,3.927636127718934,,adverse_first,volatility_stop,0.006,,0.00019999999999999966,9.999999999999983e-05,9.999999999999983e-05,0.0,0.0,fractional_return,R,False
ETHUSD,2023-09-13 05:00:00,2023-09-13 05:30:00,2023-09-13 07:30:00,long,,,1584.5500000000002,1586.2811402739753,1618.2375349505573,1571.0749860197773,r_trailing_stop,5,0.0007708223278355,0.0006297122701546135,0.0001411100576808865,,,,,0.1049520450257689,1.3320950929138018,-0.2189237060777782,,,,,,,,2023-09-13 05:00:00,2023-09-13 05:30:00,2023-09-13 07:30:00,1.0,1584.5500000000002,1586.2811402739753,1618.2375349505573,0.7055502884044323,0.00014111005768088647,0.1049520450257689,1.3320950929138018,-0.2189237060777782,False,False,1586.2811402739753,True,0.75,0.5,6.737719452049717,1586.2811402739753,adverse_first,volatility_stop,0.006,,0.0001411100576808865,7.055502884044325e-05,7.055502884044325e-05,0.0,0.0,fractional_return,R,False
ETHUSD,2023-09-13 08:00:00,2023-09-13 08:30:00,2023-09-13 10:00:00,long,,,1592.95,1598.5014877962465,1626.9361901040422,1579.3555239583832,r_trailing_stop,4,0.002450180990831125,0.0023095694664039836,0.0001406115244271416,,,,,0.3849282444006639,0.7944403275961378,-0.150796543664079,,,,,,,,2023-09-13 08:00:00,2023-09-13 08:30:00,2023-09-13 10:00:00,1.0,1592.95,1598.5014877962465,1626.9361901040422,0.7030576221357072,0.00014061152442714146,0.3849282444006639,0.7944403275961378,-0.150796543664079,False,False,1598.5014877962465,True,0.75,0.5,6.797024407507447,1598.5014877962465,adverse_first,volatility_stop,0.006,,0.0001406115244271416,7.03057622135708e-05,7.03057622135708e-05,0.0,0.0,fractional_return,R,False
ETHUSD,2023-09-13 14:30:00,2023-09-13 15:00:00,2023-09-13 15:30:00,long,,,1603.85,1610.35,1637.7236595502122,1590.300536179915,r_trailing_stop,2,0.0028783426796703264,0.0027362986825383473,0.0001420439971319791,,,,,0.4560497804230579,1.0037297549619757,-0.12177603644760016,,,,,,,,2023-09-13 14:30:00,2023-09-13 15:00:00,2023-09-13 15:30:00,1.0,1603.85,1610.35,1637.7236595502122,0.7102199856598962,0.00014204399713197924,0.4560497804230579,1.0037297549619757,-0.12177603644760016,False,False,1614.0627395019978,True,0.75,0.5,6.774520996004166,1614.0627395019978,adverse_first,volatility_stop,0.006,,0.0001420439971319791,7.102199856598955e-05,7.102199856598955e-05,0.0,0.0,fractional_return,R,False
ETHUSD,2023-09-13 16:00:00,2023-09-13 16:30:00,2023-09-13 17:30:00,long,,,1614.35,1600.290479328623,1649.4988016784423,1600.290479328623,stop_loss,3,-0.006,-0.006137787058697093,0.00013778705869709265,,,,,-1.0229645097828488,0.08890772517905318,-1.2340392254852517,,,,,,,,2023-09-13 16:00:00,2023-09-13 16:30:00,2023-09-13 17:30:00,1.0,1614.35,1600.290479328623,1649.4988016784423,0.6889352934854617,0.00013778705869709235,-1.0229645097828488,0.08890772517905318,-1.2340392254852517,False,False,1600.290479328623,False,0.75,0.5,7.029542311994901,,adverse_first,volatility_stop,0.006,,0.00013778705869709265,6.889352934854633e-05,6.889352934854633e-05,0.0,0.0,fractional_return,R,False
ETHUSD,2023-09-14 00:30:00,2023-09-14 01:00:00,2023-09-14 01:00:00,long,,,1635.9499999999998,1622.5190735165959,1669.5273162085095,1622.5190735165959,stop_loss,1,-0.006,-0.006146165642588081,0.00014616564258808102,,,,,-1.0243609404313467,0.1526328062723957,-1.2247852015515408,,,,,,,,2023-09-14 00:30:00,2023-09-14 01:00:00,2023-09-14 01:00:00,1.0,1635.9499999999998,1622.5190735165959,1669.5273162085095,0.7308282129404032,0.00014616564258808064,-1.0243609404313467,0.1526328062723957,-1.2247852015515408,False,False,1622.5190735165959,False,0.75,0.5,6.715257675528701,,adverse_first,volatility_stop,0.006,,0.00014616564258808102,7.308282129404051e-05,7.308282129404051e-05,0.0,0.0,fractional_return,R,False
ETHUSD,2023-09-19 08:30:00,2023-09-19 09:00:00,2023-09-19 10:00:00,long,,,1643.95,1653.65,1667.3545278789127,1634.588188848435,r_trailing_stop,3,0.0059004227622494465,0.005700422762249447,0.00019999999999999966,,,,,1.001003956209195,1.7517977808448195,-0.26170149774816603,,,,,,,,2023-09-19 08:30:00,2023-09-19 09:00:00,2023-09-19 10:00:00,1.0,1643.95,1653.65,1667.3545278789127,1.0,0.0002,1.001003956209195,1.7517977808448195,-0.26170149774816603,False,False,1658.0096183990606,True,0.75,0.5,4.68076320187856,1658.0096183990606,adverse_first,volatility_stop,0.006,,0.00019999999999999966,9.999999999999983e-05,9.999999999999983e-05,0.0,0.0,fractional_return,R,False
ETHUSD,2023-09-20 15:30:00,2023-09-20 16:00:00,2023-09-20 18:30:00,short,,,1629.35,1639.7815028619252,1603.2712428451864,1639.7815028619252,stop_loss,6,-0.006,-0.006187434162256379,0.00018743416225637868,,,,,-1.0312390270427298,0.33072895110753603,-1.020945892549413,,,,,,,,2023-09-20 15:30:00,2023-09-20 16:00:00,2023-09-20 18:30:00,-1.0,1629.35,1639.7815028619252,1603.2712428451864,0.9371708112818914,0.00018743416225637828,-1.0312390270427298,0.33072895110753603,-1.020945892549413,False,False,1639.7815028619252,False,0.75,0.5,5.215591476531383,,adverse_first,volatility_stop,0.006,,0.00018743416225637868,9.371708112818934e-05,9.371708112818934e-05,0.0,0.0,fractional_return,R,False
ETHUSD,2023-09-21 09:00:00,2023-09-21 09:30:00,2023-09-21 10:30:00,long,,,1610.75,1600.3659786002245,1636.7100534994388,1600.3659786002245,stop_loss,3,-0.006,-0.006186141758147935,0.00018614175814793497,,,,,-1.031023626357989,0.19260360923786576,-1.993447355611915,,,,,,,,2023-09-21 09:00:00,2023-09-21 09:30:00,2023-09-21 10:30:00,1.0,1610.75,1600.3659786002245,1636.7100534994388,0.9307087907396768,0.00018614175814793537,-1.031023626357989,0.19260360923786576,-1.993447355611915,False,False,1600.3659786002245,False,0.75,0.5,5.1918493669034005,,adverse_first,volatility_stop,0.006,,0.00018614175814793497,9.307087907396748e-05,9.307087907396748e-05,0.0,0.0,fractional_return,R,False
ETHUSD,2023-09-22 00:00:00,2023-09-22 00:30:00,2023-09-22 01:00:00,long,,,1582.25,1588.6583610330501,1609.6672562541207,1571.2830974983517,r_trailing_stop,2,0.003506018786300079,0.003332888770808956,0.00017313001549112278,,,,,0.5554814618014927,1.0987605660020117,-0.004559172473053996,,,,,,,,2023-09-22 00:00:00,2023-09-22 00:30:00,2023-09-22 01:00:00,1.0,1582.25,1588.6583610330501,1609.6672562541207,0.8656500774556131,0.00017313001549112262,0.5554814618014927,1.0987605660020117,-0.004559172473053996,False,False,1588.6583610330501,True,0.75,0.5,5.483277933900035,1588.6583610330501,adverse_first,volatility_stop,0.006,,0.00017313001549112278,8.656500774556139e-05,8.656500774556139e-05,0.0,0.0,fractional_return,R,False
ETHUSD,2023-09-22 03:00:00,2023-09-22 03:30:00,2023-09-22 08:30:00,long,,,1592.6,1597.05,1620.1802505447063,1581.5678997821174,r_trailing_stop,11,0.002420210066322771,0.0022469774123171304,0.0001732326540056406,,,,,0.37449623538618837,0.8701878890149097,-0.4532228588619257,,,,,,,,2023-09-22 03:00:00,2023-09-22 03:30:00,2023-09-22 08:30:00,1.0,1592.6,1597.05,1620.1802505447063,0.8661632700282035,0.0001732326540056407,0.37449623538618837,0.8701878890149097,-0.4532228588619257,False,False,1599.4420615654644,True,0.75,0.5,5.515876869071383,1599.4420615654644,adverse_first,volatility_stop,0.006,,0.0001732326540056406,8.66163270028203e-05,8.66163270028203e-05,0.0,0.0,fractional_return,R,False
ETHUSD,2023-09-27 10:00:00,2023-09-27 10:30:00,2023-09-27 11:00:00,long,,,1614.5,1615.75,1635.3448610897176,1606.162055564113,r_trailing_stop,2,0.0007742335088263275,0.0005742335088263275,0.00019999999999999998,,,,,0.1111904747181822,1.03142927685929,-0.1918938189505567,,,,,,,,2023-09-27 10:00:00,2023-09-27 10:30:00,2023-09-27 11:00:00,1.0,1614.5,1615.75,1635.3448610897176,1.0,0.0002,0.1111904747181822,1.03142927685929,-0.1918938189505567,False,False,1617.2655784922804,True,0.75,0.5,4.168843015439156,1617.2655784922804,adverse_first,volatility_stop,0.006,,0.00019999999999999998,9.999999999999999e-05,9.999999999999999e-05,0.0,0.0,fractional_return,R,False
ETHUSD,2023-09-27 12:00:00,2023-09-27 12:30:00,2023-09-27 13:30:00,long,,,1625.75,1616.8299009751063,1648.0502475622343,1616.8299009751063,stop_loss,3,-0.005486759357154369,-0.005686759357154369,0.00019999999999999966,,,,,-1.0364513890588647,0.218607438612295,-1.0930371930614495,,,,,,,,2023-09-27 12:00:00,2023-09-27 12:30:00,2023-09-27 13:30:00,1.0,1625.75,1616.8299009751063,1648.0502475622343,1.0,0.0002,-1.0364513890588647,0.218607438612295,-1.0930371930614495,False,False,1616.8299009751063,False,0.75,0.5,4.460186843763025,,adverse_first,volatility_stop,0.006,,0.00019999999999999966,9.999999999999983e-05,9.999999999999983e-05,0.0,0.0,fractional_return,R,False
ETHUSD,2023-09-28 10:00:00,2023-09-28 10:30:00,2023-09-28 10:30:00,short,,,1620.25,1629.8432145407423,1596.2669636481442,1629.8432145407423,stop_loss,1,-0.005920823663473129,-0.006120823663473129,0.00019999999999999966,,,,,-1.0337790840206649,0.0,-1.6313614100398375,,,,,,,,2023-09-28 10:00:00,2023-09-28 10:30:00,2023-09-28 10:30:00,-1.0,1620.25,1629.8432145407423,1596.2669636481442,1.0,0.0002,-1.0337790840206649,0.0,-1.6313614100398375,False,False,1629.8432145407423,False,0.75,0.5,4.796459274989977,,adverse_first,volatility_stop,0.006,,0.00019999999999999966,9.999999999999983e-05,9.999999999999983e-05,0.0,0.0,fractional_return,R,False
ETHUSD,2023-09-29 06:30:00,2023-09-29 07:00:00,2023-09-29 07:30:00,short,,,1659.1,1670.5712515359278,1630.4218711601802,1670.5712515359278,stop_loss,2,-0.006,-0.0061735573484518625,0.00017355734845186238,,,,,-1.028926224741977,0.10896805776466578,-2.5367763847614313,,,,,,,,2023-09-29 06:30:00,2023-09-29 07:00:00,2023-09-29 07:30:00,-1.0,1659.1,1670.5712515359278,1630.4218711601802,0.8677867422593136,0.00017355734845186273,-1.028926224741977,0.10896805776466578,-2.5367763847614313,False,False,1670.5712515359278,False,0.75,0.5,5.735452788054334,,adverse_first,volatility_stop,0.006,,0.00017355734845186238,8.677867422593119e-05,8.677867422593119e-05,0.0,0.0,fractional_return,R,False
ETHUSD,2023-09-29 12:30:00,2023-09-29 13:00:00,2023-09-29 14:30:00,short,,,1673.45,1663.9,1643.2543382902397,1685.5282646839041,r_trailing_stop,4,0.004744058976978679,0.004577798338339412,0.000166260638639267,,,,,0.7629663897232354,1.3743696163673147,-0.8403525063932495,,,,,,,,2023-09-29 12:30:00,2023-09-29 13:00:00,2023-09-29 14:30:00,-1.0,1673.45,1663.9,1643.2543382902397,0.8313031931963332,0.00016626063863926663,0.7629663897232354,1.3743696163673147,-0.8403525063932495,False,False,1659.8696563498831,True,0.75,0.5,6.039312699766685,1659.8696563498831,adverse_first,volatility_stop,0.006,,0.000166260638639267,8.31303193196335e-05,8.31303193196335e-05,0.0,0.0,fractional_return,R,False
ETHUSD,2023-10-04 09:30:00,2023-10-04 10:00:00,2023-10-04 13:30:00,long,,,1651.6,1639.4936767408624,1681.8658081478438,1639.4936767408624,stop_loss,8,-0.006,-0.006163709489460732,0.0001637094894607321,,,,,-1.027284914910122,0.04130073097318077,-1.445525584061327,,,,,,,,2023-10-04 09:30:00,2023-10-04 10:00:00,2023-10-04 13:30:00,1.0,1651.6,1639.4936767408624,1681.8658081478438,0.8185474473036614,0.00016370948946073228,-1.027284914910122,0.04130073097318077,-1.445525584061327,False,False,1639.4936767408624,False,0.75,0.5,6.052795115219098,,adverse_first,volatility_stop,0.006,,0.0001637094894607321,8.185474473036605e-05,8.185474473036605e-05,0.0,0.0,fractional_return,R,False
ETHUSD,2023-10-04 13:30:00,2023-10-04 14:00:00,2023-10-04 17:00:00,long,,,1634.9,1637.5,1663.8873993104557,1623.3050402758179,r_trailing_stop,7,0.00134541217659125,0.0011762110713982466,0.0001692011051930033,,,,,0.19603517856637442,0.6727060882956264,-0.612335029089624,,,,,,,,2023-10-04 13:30:00,2023-10-04 14:00:00,2023-10-04 17:00:00,1.0,1634.9,1637.5,1663.8873993104557,0.8460055259650167,0.00016920110519300335,0.19603517856637442,0.6727060882956264,-0.612335029089624,False,False,1639.8011713918643,True,0.75,0.5,5.797657216271348,1639.8011713918643,adverse_first,volatility_stop,0.006,,0.0001692011051930033,8.460055259650165e-05,8.460055259650165e-05,0.0,0.0,fractional_return,R,False
ETHUSD,2023-10-04 18:30:00,2023-10-04 19:00:00,2023-10-04 19:30:00,long,,,1643.6,1649.1,1672.685665559396,1631.9657337762414,r_trailing_stop,2,0.0028364487596656456,0.0026669219530697725,0.00016952680659587313,,,,,0.4444869921782954,0.9111017228016955,-0.5028250073952719,,,,,,,,2023-10-04 18:30:00,2023-10-04 19:00:00,2023-10-04 19:30:00,1.0,1643.6,1649.1,1672.685665559396,0.8476340329793659,0.00016952680659587318,0.4444869921782954,0.9111017228016955,-0.5028250073952719,False,False,1651.2915219772458,True,0.75,0.5,5.816956045508206,1651.2915219772458,adverse_first,volatility_stop,0.006,,0.00016952680659587313,8.476340329793657e-05,8.476340329793657e-05,0.0,0.0,fractional_return,R,False
ETHUSD,2023-10-04 19:30:00,2023-10-04 20:00:00,2023-10-04 20:30:00,long,,,1642.65,1644.3814657325245,1672.8362623218914,1630.5754950712435,r_trailing_stop,2,0.0008603909192503376,0.0006971395054962664,0.00016325141375407115,,,,,0.11618991758271106,0.4099546962137484,-0.19876591331577165,,,,,,,,2023-10-04 19:30:00,2023-10-04 20:00:00,2023-10-04 20:30:00,1.0,1642.65,1644.3814657325245,1672.8362623218914,0.8162570687703559,0.00016325141375407118,0.11618991758271106,0.4099546962137484,-0.19876591331577165,False,False,1644.3814657325245,True,0.75,0.5,6.037068534951227,1644.3814657325245,adverse_first,volatility_stop,0.006,,0.00016325141375407115,8.162570687703558e-05,8.162570687703558e-05,0.0,0.0,fractional_return,R,False
ETHUSD,2023-10-04 20:30:00,2023-10-04 21:00:00,2023-10-04 21:30:00,long,,,1641.95,1643.8694586819213,1672.2544900316163,1629.8282039873536,r_trailing_stop,2,0.0009500862809035833,0.0007875410608764216,0.0001625452200271617,,,,,0.1312568434794036,0.457852944745956,-0.03712321173616265,,,,,,,,2023-10-04 20:30:00,2023-10-04 21:00:00,2023-10-04 21:30:00,1.0,1641.95,1643.8694586819213,1672.2544900316163,0.8127261001358086,0.00016254522002716172,0.1312568434794036,0.457852944745956,-0.03712321173616265,False,False,1643.8694586819213,True,0.75,0.5,6.061082636157664,1643.8694586819213,adverse_first,volatility_stop,0.006,,0.0001625452200271617,8.127261001358084e-05,8.127261001358084e-05,0.0,0.0,fractional_return,R,False
ETHUSD,2023-10-05 15:00:00,2023-10-05 15:30:00,2023-10-05 15:30:00,long,,,1627.15,1615.9743668413257,1655.0890828966863,1615.9743668413257,stop_loss,1,-0.005999999999999903,-0.006174717617541278,0.00017471761754137526,,,,,-1.0291196029235463,0.0,-1.6553871925941444,,,,,,,,2023-10-05 15:00:00,2023-10-05 15:30:00,2023-10-05 15:30:00,1.0,1627.15,1615.9743668413257,1655.0890828966863,0.8735880877068779,0.00017471761754137558,-1.0291196029235463,0.0,-1.6553871925941444,False,False,1615.9743668413257,False,0.75,0.5,5.587988211803272,,adverse_first,volatility_stop,0.006,,0.00017471761754137526,8.735880877068763e-05,8.735880877068763e-05,0.0,0.0,fractional_return,R,False
ETHUSD,2023-10-05 16:00:00,2023-10-05 16:30:00,2023-10-06 03:00:00,long,,,1618.1999999999998,1622.352318585097,1647.6749933271667,1606.410002669133,r_trailing_stop,22,0.0021131397074498777,0.0019484373800866498,0.00016470232736322797,,,,,0.324739563347775,0.6022053950268706,-0.7591180683788882,,,,,,,,2023-10-05 16:00:00,2023-10-05 16:30:00,2023-10-06 03:00:00,1.0,1618.1999999999998,1622.352318585097,1647.6749933271667,0.8235116368161398,0.00016470232736322797,0.324739563347775,0.6022053950268706,-0.7591180683788882,False,False,1622.352318585097,True,0.75,0.5,5.895362829806172,1622.352318585097,adverse_first,volatility_stop,0.006,,0.00016470232736322797,8.235116368161398e-05,8.235116368161398e-05,0.0,0.0,fractional_return,R,False
ETHUSD,2023-10-09 10:30:00,2023-10-09 11:00:00,2023-10-09 11:30:00,long,,,1595.65,1586.9240046905122,1617.4649882737199,1586.9240046905122,stop_loss,2,-0.005468614865094423,-0.005668614865094423,0.00019999999999999966,,,,,-1.036572332287757,0.022920021488248555,-1.0371309723442113,,,,,,,,2023-10-09 10:30:00,2023-10-09 11:00:00,2023-10-09 11:30:00,1.0,1595.65,1586.9240046905122,1617.4649882737199,1.0,0.0002,-1.036572332287757,0.022920021488248555,-1.0371309723442113,False,False,1586.9240046905122,False,0.75,0.5,4.363134519405165,,adverse_first,volatility_stop,0.006,,0.00019999999999999966,9.999999999999983e-05,9.999999999999983e-05,0.0,0.0,fractional_return,R,False
ETHUSD,2023-10-09 12:00:00,2023-10-09 12:30:00,2023-10-09 14:30:00,long,,,1592.55,1593.75,1615.3323687635245,1583.43705249459,r_trailing_stop,5,0.000753508524065305,0.000553508524065305,0.00019999999999999998,,,,,0.09672940609796248,0.5322098033727204,-0.746191064522551,,,,,,,,2023-10-09 12:00:00,2023-10-09 12:30:00,2023-10-09 14:30:00,1.0,1592.55,1593.75,1615.3323687635245,1.0,0.0002,0.09672940609796248,0.5322098033727204,-0.746191064522551,False,False,1595.12183469325,True,0.75,0.5,4.556330613500095,1595.12183469325,adverse_first,volatility_stop,0.006,,0.00019999999999999998,9.999999999999999e-05,9.999999999999999e-05,0.0,0.0,fractional_return,R,False
ETHUSD,2023-10-09 15:30:00,2023-10-09 16:00:00,2023-10-09 16:30:00,short,,,1586.4499999999998,1569.15,1562.9593113873734,1595.8462754450504,r_trailing_stop,2,0.010904850452267523,0.010704850452267522,0.00020000000000000052,,,,,1.807387416356059,3.9696580009951847,-0.037248801617956274,,,,,,,,2023-10-09 15:30:00,2023-10-09 16:00:00,2023-10-09 16:30:00,-1.0,1586.4499999999998,1569.15,1562.9593113873734,1.0,0.0002,1.807387416356059,3.9696580009951847,-0.037248801617956274,False,False,1566.5991428809864,True,0.75,0.5,4.698285761972985,1566.5991428809864,adverse_first,volatility_stop,0.006,,0.00020000000000000052,0.00010000000000000026,0.00010000000000000026,0.0,0.0,fractional_return,R,False
ETHUSD,2023-10-10 00:30:00,2023-10-10 01:00:00,2023-10-10 03:00:00,long,,,1577.75,1587.7972574233402,1604.7782828930067,1566.9386868427973,r_trailing_stop,5,0.0055759687711829055,0.005400846658589335,0.00017512211259357053,,,,,0.9001411097648891,1.1793202004796002,-0.17111704869703162,,,,,,,,2023-10-10 00:30:00,2023-10-10 01:00:00,2023-10-10 03:00:00,1.0,1577.75,1587.7972574233402,1604.7782828930067,0.8756105629678538,0.00017512211259357077,0.9001411097648891,1.1793202004796002,-0.17111704869703162,False,False,1587.7972574233402,True,0.75,0.5,5.405485153319762,1587.7972574233402,adverse_first,volatility_stop,0.006,,0.00017512211259357053,8.756105629678526e-05,8.756105629678526e-05,0.0,0.0,fractional_return,R,False
ETHUSD,2023-10-10 07:00:00,2023-10-10 07:30:00,2023-10-10 11:30:00,long,,,1592.45,1582.4744946737076,1617.3887633157312,1582.4744946737076,stop_loss,9,-0.006,-0.006191563227876119,0.00019156322787611865,,,,,-1.0319272046460197,0.2355770382685281,-1.4385236166610815,,,,,,,,2023-10-10 07:00:00,2023-10-10 07:30:00,2023-10-10 11:30:00,1.0,1592.45,1582.4744946737076,1617.3887633157312,0.9578161393805926,0.00019156322787611854,-1.0319272046460197,0.2355770382685281,-1.4385236166610815,False,False,1582.4744946737076,False,0.75,0.5,4.987596140354218,,adverse_first,volatility_stop,0.006,,0.00019156322787611865,9.578161393805932e-05,9.578161393805932e-05,0.0,0.0,fractional_return,R,False
ETHUSD,2023-10-10 11:30:00,2023-10-10 12:00:00,2023-10-10 13:00:00,long,,,1579.6,1574.45,1603.8636921568773,1569.894523137249,r_trailing_stop,3,-0.003183769374443769,-0.0033790735338174206,0.00019530415937365174,,,,,-0.5631789223029035,0.42244189110745656,-0.7418491746276852,,,,,,,,2023-10-10 11:30:00,2023-10-10 12:00:00,2023-10-10 13:00:00,1.0,1579.6,1574.45,1603.8636921568773,0.9765207968682584,0.00019530415937365169,-0.5631789223029035,0.42244189110745656,-0.7418491746276852,False,False,1581.2734771202265,True,0.75,0.5,4.853045759546946,1581.2734771202265,adverse_first,volatility_stop,0.006,,0.00019530415937365174,9.765207968682587e-05,9.765207968682587e-05,0.0,0.0,fractional_return,R,False
ETHUSD,2023-10-10 13:00:00,2023-10-10 13:30:00,2023-10-10 14:30:00,long,,,1577.45,1582.8000000000002,1602.424110452342,1567.4603558190634,r_trailing_stop,3,0.0032133276639879464,0.003023837431331582,0.00018949023265636428,,,,,0.5039729052219304,1.0560936714975886,-1.1361766039334433,,,,,,,,2023-10-10 13:00:00,2023-10-10 13:30:00,2023-10-10 14:30:00,1.0,1577.45,1582.8000000000002,1602.424110452342,0.9474511632818223,0.00018949023265636447,0.5039729052219304,1.0560936714975886,-1.1361766039334433,False,False,1585.502509811318,True,0.75,0.5,4.994980377364028,1585.502509811318,adverse_first,volatility_stop,0.006,,0.00018949023265636428,9.474511632818214e-05,9.474511632818214e-05,0.0,0.0,fractional_return,R,False
ETHUSD,2023-10-11 02:00:00,2023-10-11 02:30:00,2023-10-11 02:30:00,long,,,1568.85,1557.7751503866864,1596.5371240332838,1557.7751503866864,stop_loss,1,-0.006,-0.006169990570141632,0.0001699905701416319,,,,,-1.028331761690272,0.0,-2.0812923700824464,,,,,,,,2023-10-11 02:00:00,2023-10-11 02:30:00,2023-10-11 02:30:00,1.0,1568.85,1557.7751503866864,1596.5371240332838,0.8499528507081576,0.00016999057014163154,-1.028331761690272,0.0,-2.0812923700824464,False,False,1557.7751503866864,False,0.75,0.5,5.537601128156143,,adverse_first,volatility_stop,0.006,,0.0001699905701416319,8.499528507081595e-05,8.499528507081595e-05,0.0,0.0,fractional_return,R,False
ETHUSD,2023-10-11 12:30:00,2023-10-11 13:00:00,2023-10-11 15:00:00,long,,,1572.6,1561.1815965503454,1601.1460086241364,1561.1815965503454,stop_loss,5,-0.006,-0.006165270040450102,0.00016527004045010195,,,,,-1.0275450067416836,0.3021438167964214,-1.5720236265204746,,,,,,,,2023-10-11 12:30:00,2023-10-11 13:00:00,2023-10-11 15:00:00,1.0,1572.6,1561.1815965503454,1601.1460086241364,0.8263502022505116,0.00016527004045010233,-1.0275450067416836,0.3021438167964214,-1.5720236265204746,False,False,1561.1815965503454,False,0.75,0.5,5.7088387587575395,,adverse_first,volatility_stop,0.006,,0.00016527004045010195,8.263502022505097e-05,8.263502022505097e-05,0.0,0.0,fractional_return,R,False
ETHUSD,2023-10-12 09:00:00,2023-10-12 09:30:00,2023-10-12 09:30:00,long,,,1553.6999999999998,1543.3219581326935,1579.645104668266,1543.3219581326935,stop_loss,1,-0.0059999999999999,-0.006179652387592735,0.00017965238759283433,,,,,-1.0299420645987891,0.02408932274476507,-1.7296133730725414,,,,,,,,2023-10-12 09:00:00,2023-10-12 09:30:00,2023-10-12 09:30:00,1.0,1553.6999999999998,1543.3219581326935,1579.645104668266,0.8982619379641709,0.0001796523875928342,-1.0299420645987891,0.02408932274476507,-1.7296133730725414,False,False,1543.3219581326935,False,0.75,0.5,5.188686801366064,,adverse_first,volatility_stop,0.006,,0.00017965238759283433,8.982619379641716e-05,8.982619379641716e-05,0.0,0.0,fractional_return,R,False
ETHUSD,2023-10-12 09:30:00,2023-10-12 10:00:00,2023-10-12 11:00:00,long,,,1541.25,1546.0,1568.5505503462628,1530.329779861495,r_trailing_stop,3,0.0026098374976442074,0.002440472780033928,0.00016936471761027933,,,,,0.406745463338988,0.750900613357284,-0.1602531796799073,,,,,,,,2023-10-12 09:30:00,2023-10-12 10:00:00,2023-10-12 11:00:00,1.0,1541.25,1546.0,1568.5505503462628,0.8468235880513958,0.00016936471761027917,0.406745463338988,0.750900613357284,-0.1602531796799073,False,False,1546.7201220868312,True,0.75,0.5,5.459755826337606,1546.7201220868312,adverse_first,volatility_stop,0.006,,0.00016936471761027933,8.468235880513967e-05,8.468235880513967e-05,0.0,0.0,fractional_return,R,False
ETHUSD,2023-10-12 11:30:00,2023-10-12 12:00:00,2023-10-12 14:30:00,long,,,1551.45,1540.4705196747557,1578.898700813111,1540.4705196747557,stop_loss,6,-0.006,-0.006169565402446182,0.00016956540244618228,,,,,-1.028260900407697,0.1593882358872983,-1.1612571471789084,,,,,,,,2023-10-12 11:30:00,2023-10-12 12:00:00,2023-10-12 14:30:00,1.0,1551.45,1540.4705196747557,1578.898700813111,0.8478270122309107,0.00016956540244618214,-1.028260900407697,0.1593882358872983,-1.1612571471789084,False,False,1540.4705196747557,False,0.75,0.5,5.489917109062088,,adverse_first,volatility_stop,0.006,,0.00016956540244618228,8.478270122309114e-05,8.478270122309114e-05,0.0,0.0,fractional_return,R,False
ETHUSD,2023-10-12 14:30:00,2023-10-12 15:00:00,2023-10-12 16:00:00,long,,,1544.0,1532.6290792226791,1572.4273019433022,1532.6290792226791,stop_loss,3,-0.006,-0.006162941949582076,0.00016294194958207595,,,,,-1.0271569915970127,0.2198590640949864,-1.9171710389082774,,,,,,,,2023-10-12 14:30:00,2023-10-12 15:00:00,2023-10-12 16:00:00,1.0,1544.0,1532.6290792226791,1572.4273019433022,0.8147097479103816,0.00016294194958207633,-1.0271569915970127,0.2198590640949864,-1.9171710389082774,False,False,1532.6290792226791,False,0.75,0.5,5.685092157950565,,adverse_first,volatility_stop,0.006,,0.00016294194958207595,8.147097479103797e-05,8.147097479103797e-05,0.0,0.0,fractional_return,R,False
ETHUSD,2023-10-16 10:30:00,2023-10-16 11:00:00,2023-10-16 13:00:00,long,,,1585.75,1607.8503008287516,1607.8503008287516,1576.9098796684993,take_profit,5,0.013936812756583095,0.013736812756583094,0.00020000000000000052,,,,,2.464123791520136,4.326864178952512,-0.5769152238603247,,,,,,,,2023-10-16 10:30:00,2023-10-16 11:00:00,2023-10-16 13:00:00,1.0,1585.75,1607.8503008287516,1607.8503008287516,1.0,0.0002,2.464123791520136,4.326864178952512,-0.5769152238603247,False,False,1576.9098796684993,False,0.75,0.5,4.419920765249411,,adverse_first,volatility_stop,0.006,,0.00020000000000000052,0.00010000000000000026,0.00010000000000000026,0.0,0.0,fractional_return,R,False
ETHUSD,2023-10-16 13:00:00,2023-10-16 13:30:00,2023-10-16 13:30:00,long,,,1624.2,1614.0566065742635,1649.5584835643415,1614.0566065742635,stop_loss,1,-0.006,-0.00619214871376819,0.00019214871376819,,,,,-1.0320247856280316,1.58724002158388,-5.570128026055262,,,,,,,,2023-10-16 13:00:00,2023-10-16 13:30:00,2023-10-16 13:30:00,1.0,1624.2,1614.0566065742635,1649.5584835643415,0.9607435688409512,0.00019214871376819025,-1.0320247856280316,1.58724002158388,-5.570128026055262,False,False,1614.0566065742635,False,0.75,0.5,5.0710722218641955,,adverse_first,volatility_stop,0.006,,0.00019214871376819,9.6074356884095e-05,9.6074356884095e-05,0.0,0.0,fractional_return,R,False
ETHUSD,2023-10-17 07:30:00,2023-10-17 08:00:00,2023-10-17 09:00:00,short,,,1590.9499999999998,1589.3000000000002,1560.9126964020425,1602.9649214391827,r_trailing_stop,3,0.0008239754250670056,0.0006650780065808612,0.00015889741848614436,,,,,0.11084633443014354,0.4619256170831165,-0.2288820625186915,,,,,,,,2023-10-17 07:30:00,2023-10-17 08:00:00,2023-10-17 09:00:00,-1.0,1590.9499999999998,1589.3000000000002,1560.9126964020425,0.7944870924307217,0.00015889741848614433,0.11084633443014354,0.4619256170831165,-0.2288820625186915,False,False,1588.4036360513974,True,0.75,0.5,6.007272102794583,1588.4036360513974,adverse_first,volatility_stop,0.006,,0.00015889741848614436,7.944870924307218e-05,7.944870924307218e-05,0.0,0.0,fractional_return,R,False
ETHUSD,2023-10-17 10:30:00,2023-10-17 11:00:00,2023-10-17 13:00:00,short,,,1587.0500000000002,1577.704934309749,1558.0015721822392,1598.6693711271046,r_trailing_stop,5,0.0048255962847001945,0.004661692405637628,0.00016390387906256663,,,,,0.776948734272938,1.5190150832542149,-0.0043031588760507585,,,,,,,,2023-10-17 10:30:00,2023-10-17 11:00:00,2023-10-17 13:00:00,-1.0,1587.0500000000002,1577.704934309749,1558.0015721822392,0.8195193953128349,0.00016390387906256698,0.776948734272938,1.5190150832542149,-0.0043031588760507585,False,False,1577.704934309749,True,0.75,0.5,5.809868619497383,1577.704934309749,adverse_first,volatility_stop,0.006,,0.00016390387906256663,8.195193953128331e-05,8.195193953128331e-05,0.0,0.0,fractional_return,R,False
ETHUSD,2023-10-17 18:30:00,2023-10-17 19:00:00,2023-10-18 00:00:00,short,,,1554.45,1566.5853162039305,1524.111709490174,1566.5853162039305,stop_loss,11,-0.006,-0.006153711693099175,0.00015371169309917523,,,,,-1.0256186155165292,0.04532226361121264,-1.1000949440177181,,,,,,,,2023-10-17 18:30:00,2023-10-17 19:00:00,2023-10-18 00:00:00,-1.0,1554.45,1566.5853162039305,1524.111709490174,0.7685584654958761,0.00015371169309917523,-1.0256186155165292,0.04532226361121264,-1.1000949440177181,False,False,1566.5853162039305,False,0.75,0.5,6.068243790498298,,adverse_first,volatility_stop,0.006,,0.00015371169309917523,7.685584654958761e-05,7.685584654958761e-05,0.0,0.0,fractional_return,R,False
ETHUSD,2023-10-18 02:30:00,2023-10-18 03:00:00,2023-10-18 04:30:00,short,,,1568.1,1579.3647889721206,1539.938027569698,1579.3647889721206,stop_loss,4,-0.006,-0.006167044407547898,0.00016704440754789808,,,,,-1.0278407345913163,0.3373343264045507,-1.2383720666694302,,,,,,,,2023-10-18 02:30:00,2023-10-18 03:00:00,2023-10-18 04:30:00,-1.0,1568.1,1579.3647889721206,1539.938027569698,0.8352220377394889,0.00016704440754789778,-1.0278407345913163,0.3373343264045507,-1.2383720666694302,False,False,1579.3647889721206,False,0.75,0.5,5.6327537553610805,,adverse_first,volatility_stop,0.006,,0.00016704440754789808,8.352220377394904e-05,8.352220377394904e-05,0.0,0.0,fractional_return,R,False
ETHUSD,2023-10-18 04:30:00,2023-10-18 05:00:00,2023-10-18 07:30:00,short,,,1573.9,1574.4,1545.4726540216711,1585.2709383913316,r_trailing_stop,6,-0.0002638304682301114,-0.00042992757780901817,0.00016609710957890675,,,,,-0.07165459630150303,0.5980157279881215,-0.28141916611203366,,,,,,,,2023-10-18 04:30:00,2023-10-18 05:00:00,2023-10-18 07:30:00,-1.0,1573.9,1574.4,1545.4726540216711,0.8304855478945339,0.00016609710957890677,-0.07165459630150303,0.5980157279881215,-0.28141916611203366,False,False,1569.9425539914084,True,0.75,0.5,5.685107982817112,1569.9425539914084,adverse_first,volatility_stop,0.006,,0.00016609710957890675,8.304855478945337e-05,8.304855478945337e-05,0.0,0.0,fractional_return,R,False
ETHUSD,2023-10-18 07:30:00,2023-10-18 08:00:00,2023-10-18 09:30:00,short,,,1573.0,1584.2266425192356,1544.933393701911,1584.2266425192356,stop_loss,4,-0.006,-0.006168135753567089,0.00016813575356708875,,,,,-1.0280226255945148,0.262767786089701,-1.0243489966208528,,,,,,,,2023-10-18 07:30:00,2023-10-18 08:00:00,2023-10-18 09:30:00,-1.0,1573.0,1584.2266425192356,1544.933393701911,0.8406787678354442,0.00016813575356708883,-1.0280226255945148,0.262767786089701,-1.0243489966208528,False,False,1584.2266425192356,False,0.75,0.5,5.613678128189705,,adverse_first,volatility_stop,0.006,,0.00016813575356708875,8.406787678354437e-05,8.406787678354437e-05,0.0,0.0,fractional_return,R,False
ETHUSD,2023-10-18 09:30:00,2023-10-18 10:00:00,2023-10-18 10:30:00,short,,,1570.4,1581.8559691227974,1541.760077193007,1581.8559691227974,stop_loss,2,-0.006,-0.006164497650072215,0.00016449765007221524,,,,,-1.027416275012036,0.017458147613393395,-1.1260505210623457,,,,,,,,2023-10-18 09:30:00,2023-10-18 10:00:00,2023-10-18 10:30:00,-1.0,1570.4,1581.8559691227974,1541.760077193007,0.8224882503610742,0.00016449765007221486,-1.027416275012036,0.017458147613393395,-1.1260505210623457,False,False,1581.8559691227974,False,0.75,0.5,5.727619991018582,,adverse_first,volatility_stop,0.006,,0.00016449765007221524,8.224882503610762e-05,8.224882503610762e-05,0.0,0.0,fractional_return,R,False
ETHUSD,2023-10-18 11:00:00,2023-10-18 11:30:00,2023-10-18 14:00:00,short,,,1581.0,1575.130824970737,1551.6898957374506,1592.7240417050198,r_trailing_stop,6,0.0030036612852119833,0.0028418399570613257,0.00016182132815065762,,,,,0.4736399928435543,0.7761828411190015,-0.2644139348866877,,,,,,,,2023-10-18 11:00:00,2023-10-18 11:30:00,2023-10-18 14:00:00,-1.0,1581.0,1575.130824970737,1551.6898957374506,0.8091066407532881,0.00016182132815065762,0.4736399928435543,0.7761828411190015,-0.2644139348866877,False,False,1575.130824970737,True,0.75,0.5,5.8616499414742655,1575.130824970737,adverse_first,volatility_stop,0.006,,0.00016182132815065762,8.091066407532881e-05,8.091066407532881e-05,0.0,0.0,fractional_return,R,False
ETHUSD,2023-10-20 08:30:00,2023-10-20 09:00:00,2023-10-20 10:30:00,long,,,1612.3000000000002,1619.9,1642.8943950085204,1600.062241996592,r_trailing_stop,4,0.0037261727178539935,0.0035680751317225153,0.00015809758613147826,,,,,0.5946791886204192,1.5117148087785126,-0.3677144129461478,,,,,,,,2023-10-20 08:30:00,2023-10-20 09:00:00,2023-10-20 10:30:00,1.0,1612.3000000000002,1619.9,1642.8943950085204,0.7904879306573922,0.00015809758613147845,0.5946791886204192,1.5117148087785126,-0.3677144129461478,False,False,1626.490655397592,True,0.75,0.5,6.118689204816454,1626.490655397592,adverse_first,volatility_stop,0.006,,0.00015809758613147826,7.904879306573913e-05,7.904879306573913e-05,0.0,0.0,fractional_return,R,False
ETHUSD,2023-10-20 10:30:00,2023-10-20 11:00:00,2023-10-20 12:30:00,long,,,1617.05,1604.0836029737723,1649.4659925655694,1604.0836029737723,stop_loss,4,-0.005999999999999918,-0.006149652983482911,0.00014965298348299308,,,,,-1.0249421639138185,0.29306522022374676,-1.0103037855081847,,,,,,,,2023-10-20 10:30:00,2023-10-20 11:00:00,2023-10-20 12:30:00,1.0,1617.05,1604.0836029737723,1649.4659925655694,0.7482649174149664,0.00014965298348299327,-1.0249421639138185,0.29306522022374676,-1.0103037855081847,False,False,1604.0836029737723,False,0.75,0.5,6.482997820375797,,adverse_first,volatility_stop,0.006,,0.00014965298348299308,7.482649174149654e-05,7.482649174149654e-05,0.0,0.0,fractional_return,R,False
ETHUSD,2023-10-20 20:30:00,2023-10-20 21:00:00,2023-10-21 02:30:00,short,,,1602.95,1598.35,1570.7286533015315,1615.8385386793875,r_trailing_stop,12,0.002141437496257145,0.001992193268664741,0.00014924422759240432,,,,,0.3320322114441235,0.7681243193096111,-0.612947689146037,,,,,,,,2023-10-20 20:30:00,2023-10-20 21:00:00,2023-10-21 02:30:00,-1.0,1602.95,1598.35,1570.7286533015315,0.7462211379620207,0.00014924422759240416,0.3320322114441235,0.7681243193096111,-0.612947689146037,False,False,1597.623039368362,True,0.75,0.5,6.4460787367238455,1597.623039368362,adverse_first,volatility_stop,0.006,,0.00014924422759240432,7.462211379620216e-05,7.462211379620216e-05,0.0,0.0,fractional_return,R,False
ETHUSD,2023-10-21 02:30:00,2023-10-21 03:00:00,2023-10-21 08:00:00,short,,,1595.8,1607.7386589741334,1565.9533525646664,1607.7386589741334,stop_loss,11,-0.006,-0.006160399924660634,0.00016039992466063396,,,,,-1.0267333207767724,0.23453220383181209,-1.0888995177905738,,,,,,,,2023-10-21 02:30:00,2023-10-21 03:00:00,2023-10-21 08:00:00,-1.0,1595.8,1607.7386589741334,1565.9533525646664,0.8019996233031681,0.00016039992466063363,-1.0267333207767724,0.23453220383181209,-1.0888995177905738,False,False,1607.7386589741334,False,0.75,0.5,5.969703657515965,,adverse_first,volatility_stop,0.006,,0.00016039992466063396,8.019996233031698e-05,8.019996233031698e-05,0.0,0.0,fractional_return,R,False
ETHUSD,2023-10-22 05:30:00,2023-10-22 06:00:00,2023-10-22 08:00:00,short,,,1642.85,1631.15,1613.2065446095307,1654.7073821561876,r_trailing_stop,5,0.005920362443860779,0.005754101461965105,0.00016626098189567382,,,,,0.9590169103275176,1.4590066991280937,-0.4005943249051187,,,,,,,,2023-10-22 05:30:00,2023-10-22 06:00:00,2023-10-22 08:00:00,-1.0,1642.85,1631.15,1613.2065446095307,0.8313049094783675,0.00016626098189567352,0.9590169103275176,1.4590066991280937,-0.4005943249051187,False,False,1628.5139846717084,True,0.75,0.5,5.927969343416396,1628.5139846717084,adverse_first,volatility_stop,0.006,,0.00016626098189567382,8.313049094783691e-05,8.313049094783691e-05,0.0,0.0,fractional_return,R,False
ETHUSD,2023-10-22 09:00:00,2023-10-22 09:30:00,2023-10-22 12:00:00,short,,,1635.1,1628.95,1603.770238494058,1647.6319046023766,r_trailing_stop,6,0.002944484591193061,0.0027879146154187583,0.00015656997577430257,,,,,0.4646524359031264,0.7700345882117331,-0.0558574312692493,,,,,,,,2023-10-22 09:00:00,2023-10-22 09:30:00,2023-10-22 12:00:00,-1.0,1635.1,1628.95,1603.770238494058,0.7828498788715138,0.00015656997577430276,0.4646524359031264,0.7700345882117331,-0.0558574312692493,False,False,1628.583072033109,True,0.75,0.5,6.266144066217539,1628.583072033109,adverse_first,volatility_stop,0.006,,0.00015656997577430257,7.828498788715129e-05,7.828498788715129e-05,0.0,0.0,fractional_return,R,False
ETHUSD,2023-10-25 05:00:00,2023-10-25 05:30:00,2023-10-25 13:30:00,long,,,1786.15,1788.85,1850.582518690941,1760.3769925236238,r_trailing_stop,17,0.0006285645947546761,0.0005454008428345857,8.316375192009046e-05,,,,,0.09090014047243095,0.4675434177033887,-0.987467218303022,,,,,,,,2023-10-25 05:00:00,2023-10-25 05:30:00,2023-10-25 13:30:00,1.0,1786.15,1788.85,1850.582518690941,0.4158187596004521,8.316375192009043e-05,0.09090014047243095,0.4675434177033887,-0.987467218303022,False,False,1791.7569283265834,True,0.75,0.5,12.886143346833139,1791.7569283265834,adverse_first,volatility_stop,0.006,,8.316375192009046e-05,4.158187596004523e-05,4.158187596004523e-05,0.0,0.0,fractional_return,R,False
ETHUSD,2023-10-26 14:30:00,2023-10-26 15:00:00,2023-10-26 16:30:00,long,,,1789.85,1764.2291577356866,1853.902105660783,1764.2291577356866,stop_loss,4,-0.006,-0.006083830967688039,8.383096768803909e-05,,,,,-1.0139718279480066,0.115140633144174,-1.0206534090576658,,,,,,,,2023-10-26 14:30:00,2023-10-26 15:00:00,2023-10-26 16:30:00,1.0,1789.85,1764.2291577356866,1853.902105660783,0.41915483844019735,8.383096768803947e-05,-1.0139718279480066,0.115140633144174,-1.0206534090576658,False,False,1764.2291577356866,False,0.75,0.5,12.810063230404163,,adverse_first,volatility_stop,0.006,,8.383096768803909e-05,4.1915483844019545e-05,4.1915483844019545e-05,0.0,0.0,fractional_return,R,False
ETHUSD,2023-11-02 13:00:00,2023-11-02 13:30:00,2023-11-02 14:00:00,short,,,1829.75,1825.0,1784.4127483103657,1847.8849006758537,r_trailing_stop,2,0.001571555340137415,0.0014504794081956684,0.00012107593194174665,,,,,0.24174656803261144,0.7140926896414013,-0.25916877539108935,,,,,,,,2023-11-02 13:00:00,2023-11-02 13:30:00,2023-11-02 14:00:00,-1.0,1829.75,1825.0,1784.4127483103657,0.6053796597087333,0.00012107593194174666,0.24174656803261144,0.7140926896414013,-0.25916877539108935,False,False,1824.0836010998164,True,0.75,0.5,9.067202199633128,1824.0836010998164,adverse_first,volatility_stop,0.006,,0.00012107593194174665,6.0537965970873324e-05,6.0537965970873324e-05,0.0,0.0,fractional_return,R,False
ETHUSD,2023-11-03 00:30:00,2023-11-03 01:00:00,2023-11-03 04:00:00,long,,,1787.55,1796.6014406920374,1832.5368496848503,1769.55526012606,r_trailing_stop,7,0.0030180288535803473,0.0028988240184436936,0.00011920483513665377,,,,,0.48313733640728224,0.7529978257492376,-0.5140391061387675,,,,,,,,2023-11-03 00:30:00,2023-11-03 01:00:00,2023-11-03 04:00:00,1.0,1787.55,1796.6014406920374,1832.5368496848503,0.5960241756832682,0.00011920483513665363,0.48313733640728224,0.7529978257492376,-0.5140391061387675,False,False,1796.6014406920374,True,0.75,0.5,8.997118615924935,1796.6014406920374,adverse_first,volatility_stop,0.006,,0.00011920483513665377,5.960241756832688e-05,5.960241756832688e-05,0.0,0.0,fractional_return,R,False
ETHUSD,2023-11-05 08:30:00,2023-11-05 09:00:00,2023-11-05 12:00:00,short,,,1881.25,1896.2847018090542,1843.6632454773644,1896.2847018090542,stop_loss,7,-0.006,-0.006150152628809737,0.00015015262880973667,,,,,-1.0250254381349562,0.13302558477053095,-1.2105328214118347,,,,,,,,2023-11-05 08:30:00,2023-11-05 09:00:00,2023-11-05 12:00:00,-1.0,1881.25,1896.2847018090542,1843.6632454773644,0.750763144048684,0.0001501526288097368,-1.0250254381349562,0.13302558477053095,-1.2105328214118347,False,False,1896.2847018090542,False,0.75,0.5,7.516950916166955,,adverse_first,volatility_stop,0.006,,0.00015015262880973667,7.507631440486833e-05,7.507631440486833e-05,0.0,0.0,fractional_return,R,False
ETHUSD,2023-11-05 13:00:00,2023-11-05 13:30:00,2023-11-05 14:00:00,short,,,1887.7,1871.05,1849.269787712535,1903.0720849149861,r_trailing_stop,2,0.0064987931404548544,0.006351432518097659,0.00014736062235719532,,,,,1.0585720863496098,1.375870619826018,-0.19841160238625408,,,,,,,,2023-11-05 13:00:00,2023-11-05 13:30:00,2023-11-05 14:00:00,-1.0,1887.7,1871.05,1849.269787712535,0.7368031117859775,0.0001473606223571955,1.0585720863496098,1.375870619826018,-0.19841160238625408,False,False,1870.3931230784451,True,0.75,0.5,7.686246156890267,1870.3931230784451,adverse_first,volatility_stop,0.006,,0.00014736062235719532,7.368031117859766e-05,7.368031117859766e-05,0.0,0.0,fractional_return,R,False
ETHUSD,2023-11-05 17:00:00,2023-11-05 17:30:00,2023-11-05 17:30:00,short,,,1895.65,1911.9935757455883,1854.7910606360297,1911.9935757455883,stop_loss,1,-0.006000000000000001,-0.006139184963891031,0.00013918496389103002,,,,,-1.0231974939818382,0.2080328107463201,-1.0646385020546603,,,,,,,,2023-11-05 17:00:00,2023-11-05 17:30:00,2023-11-05 17:30:00,-1.0,1895.65,1911.9935757455883,1854.7910606360297,0.6959248194551492,0.00013918496389102983,-1.0231974939818382,0.2080328107463201,-1.0646385020546603,False,False,1911.9935757455883,False,0.75,0.5,8.172003189159438,,adverse_first,volatility_stop,0.006,,0.00013918496389103002,6.959248194551501e-05,6.959248194551501e-05,0.0,0.0,fractional_return,R,False
ETHUSD,2023-11-05 19:30:00,2023-11-05 20:00:00,2023-11-05 21:00:00,short,,,1890.25,1887.7204557030716,1848.5410278911004,1906.9335888435598,r_trailing_stop,3,0.0009097122881584865,0.0007737523324637258,0.0001359599556947607,,,,,0.12895872207728762,0.7911966737957268,-0.3116835381619546,,,,,,,,2023-11-05 19:30:00,2023-11-05 20:00:00,2023-11-05 21:00:00,-1.0,1890.25,1887.7204557030716,1848.5410278911004,0.6797997784738034,0.00013595995569476066,0.12895872207728762,0.7911966737957268,-0.3116835381619546,False,False,1887.7204557030716,True,0.75,0.5,8.340911406143382,1887.7204557030716,adverse_first,volatility_stop,0.006,,0.0001359599556947607,6.797997784738035e-05,6.797997784738035e-05,0.0,0.0,fractional_return,R,False
ETHUSD,2023-11-05 21:00:00,2023-11-05 21:30:00,2023-11-05 22:00:00,short,,,1877.65,1869.7,1835.479150646343,1894.518339741463,r_trailing_stop,2,0.0028277827415790027,0.0026942082443531957,0.000133574497225807,,,,,0.44903470739219925,1.1382270154783412,-0.10670878270109153,,,,,,,,2023-11-05 21:00:00,2023-11-05 21:30:00,2023-11-05 22:00:00,-1.0,1877.65,1869.7,1835.479150646343,0.6678724861290355,0.0001335744972258071,0.44903470739219925,1.1382270154783412,-0.10670878270109153,False,False,1862.6668603738067,True,0.75,0.5,8.433720747613068,1862.6668603738067,adverse_first,volatility_stop,0.006,,0.000133574497225807,6.67872486129035e-05,6.67872486129035e-05,0.0,0.0,fractional_return,R,False
ETHUSD,2023-11-05 22:00:00,2023-11-05 22:30:00,2023-11-05 23:00:00,short,,,1877.5,1894.9484017468058,1833.8789956329856,1894.9484017468058,stop_loss,2,-0.006,-0.006129123574336111,0.00012912357433611087,,,,,-1.0215205957226852,0.12608604684396352,-1.8769627427907816,,,,,,,,2023-11-05 22:00:00,2023-11-05 22:30:00,2023-11-05 23:00:00,-1.0,1877.5,1894.9484017468058,1833.8789956329856,0.6456178716805544,0.00012912357433611087,-1.0215205957226852,0.12608604684396352,-1.8769627427907816,False,False,1894.9484017468058,False,0.75,0.5,8.723736602203678,,adverse_first,volatility_stop,0.006,,0.00012912357433611087,6.456178716805544e-05,6.456178716805544e-05,0.0,0.0,fractional_return,R,False
ETHUSD,2023-11-05 23:00:00,2023-11-05 23:30:00,2023-11-06 00:30:00,short,,,1897.45,1896.85,1851.82809817167,1915.698760731332,r_trailing_stop,3,0.00019727366986736048,7.250136157079578e-05,0.0001247723082965647,,,,,0.012083560261799296,0.4219464605494912,-0.10685657117811977,,,,,,,,2023-11-05 23:00:00,2023-11-05 23:30:00,2023-11-06 00:30:00,-1.0,1897.45,1896.85,1851.82809817167,0.6238615414828235,0.0001247723082965647,0.012083560261799296,0.4219464605494912,-0.10685657117811977,False,False,1894.3125508147282,True,0.75,0.5,9.125101629456568,1894.3125508147282,adverse_first,volatility_stop,0.006,,0.0001247723082965647,6.238615414828235e-05,6.238615414828235e-05,0.0,0.0,fractional_return,R,False
ETHUSD,2023-11-06 01:30:00,2023-11-06 02:00:00,2023-11-06 05:00:00,short,,,1887.45,1880.2157968213694,1842.2944254125935,1905.5122298349627,r_trailing_stop,7,0.0024030930548655125,0.002277696577204941,0.00012539647766057153,,,,,0.3796160962008235,0.9107402657537977,-0.2519068820170047,,,,,,,,2023-11-06 01:30:00,2023-11-06 02:00:00,2023-11-06 05:00:00,-1.0,1887.45,1880.2157968213694,1842.2944254125935,0.6269823883028575,0.0001253964776605715,0.3796160962008235,0.9107402657537977,-0.2519068820170047,False,False,1880.2157968213694,True,0.75,0.5,9.031593642738832,1880.2157968213694,adverse_first,volatility_stop,0.006,,0.00012539647766057153,6.269823883028576e-05,6.269823883028576e-05,0.0,0.0,fractional_return,R,False
ETHUSD,2023-11-06 10:00:00,2023-11-06 10:30:00,2023-11-06 13:00:00,short,,,1894.45,1911.2631701980251,1852.417074504937,1911.2631701980251,stop_loss,6,-0.006,-0.006135211859109534,0.00013521185910953405,,,,,-1.022535309851589,0.13382366165925624,-1.0586938566821134,,,,,,,,2023-11-06 10:00:00,2023-11-06 10:30:00,2023-11-06 13:00:00,-1.0,1894.45,1911.2631701980251,1852.417074504937,0.676059295547671,0.0001352118591095342,-1.022535309851589,0.13382366165925624,-1.0586938566821134,False,False,1911.2631701980251,False,0.75,0.5,8.406362859473269,,adverse_first,volatility_stop,0.006,,0.00013521185910953405,6.760592955476702e-05,6.760592955476702e-05,0.0,0.0,fractional_return,R,False
ETHUSD,2023-11-06 13:00:00,2023-11-06 13:30:00,2023-11-06 14:00:00,short,,,1896.95,1898.1,1854.4364430446178,1913.955422782153,r_trailing_stop,2,-0.00040575292295824304,-0.0005396125763853256,0.00013385965342708258,,,,,-0.08993542939755426,0.39105173009748595,-0.9467568202360003,,,,,,,,2023-11-06 13:00:00,2023-11-06 13:30:00,2023-11-06 14:00:00,-1.0,1896.95,1898.1,1854.4364430446178,0.6692982671354127,0.00013385965342708255,-0.08993542939755426,0.39105173009748595,-0.9467568202360003,False,False,1894.551243434559,True,0.75,0.5,8.502486869118068,1894.551243434559,adverse_first,volatility_stop,0.006,,0.00013385965342708258,6.692982671354129e-05,6.692982671354129e-05,0.0,0.0,fractional_return,R,False
ETHUSD,2023-11-06 14:00:00,2023-11-06 14:30:00,2023-11-06 16:30:00,short,,,1910.4,1896.7918605672487,1866.9802583098412,1927.7678966760636,r_trailing_stop,5,0.004701135555984571,0.004569140298138554,0.0001319952578460173,,,,,0.7615233830230923,1.0335160517588042,-0.27349310561862433,,,,,,,,2023-11-06 14:00:00,2023-11-06 14:30:00,2023-11-06 16:30:00,-1.0,1910.4,1896.7918605672487,1866.9802583098412,0.6599762892300884,0.0001319952578460177,0.7615233830230923,1.0335160517588042,-0.27349310561862433,False,False,1896.7918605672487,True,0.75,0.5,8.683721134497313,1896.7918605672487,adverse_first,volatility_stop,0.006,,0.0001319952578460173,6.599762892300865e-05,6.599762892300865e-05,0.0,0.0,fractional_return,R,False
ETHUSD,2023-11-06 16:30:00,2023-11-06 17:00:00,2023-11-06 18:30:00,short,,,1894.8,1890.6966129236796,1850.8361891789361,1912.3855243284254,r_trailing_stop,4,0.0014000334592313326,0.0012707362055620372,0.00012929725366929543,,,,,0.21178936759367287,0.4833520935318662,-0.27295177046505126,,,,,,,,2023-11-06 16:30:00,2023-11-06 17:00:00,2023-11-06 18:30:00,-1.0,1894.8,1890.6966129236796,1850.8361891789361,0.6464862683464767,0.00012929725366929535,0.21178936759367287,0.4833520935318662,-0.27295177046505126,False,False,1890.6966129236796,True,0.75,0.5,8.793225847359386,1890.6966129236796,adverse_first,volatility_stop,0.006,,0.00012929725366929543,6.464862683464771e-05,6.464862683464771e-05,0.0,0.0,fractional_return,R,False
ETHUSD,2023-11-06 21:00:00,2023-11-06 21:30:00,2023-11-07 03:00:00,short,,,1891.45,1885.1309798710934,1847.1390311677708,1909.1743875328918,r_trailing_stop,12,0.0021390934215967635,0.00201103596427769,0.00012805745731907367,,,,,0.33517266071294827,0.7080639585830799,-0.8857851912154922,,,,,,,,2023-11-06 21:00:00,2023-11-06 21:30:00,2023-11-07 03:00:00,-1.0,1891.45,1885.1309798710934,1847.1390311677708,0.640287286595368,0.0001280574573190736,0.33517266071294827,0.7080639585830799,-0.8857851912154922,False,False,1885.1309798710934,True,0.75,0.5,8.861959742186658,1885.1309798710934,adverse_first,volatility_stop,0.006,,0.00012805745731907367,6.402872865953683e-05,6.402872865953683e-05,0.0,0.0,fractional_return,R,False
ETHUSD,2023-11-07 03:00:00,2023-11-07 03:30:00,2023-11-07 10:30:00,short,,,1889.05,1879.7,1844.9792406842578,1906.678303726297,r_trailing_stop,15,0.0031823822002971496,0.003053790134083857,0.00012859206621329252,,,,,0.5089650223473096,1.2082841509149715,-0.4850154690292476,,,,,,,,2023-11-07 03:00:00,2023-11-07 03:30:00,2023-11-07 10:30:00,-1.0,1889.05,1879.7,1844.9792406842578,0.642960331066463,0.0001285920662132926,0.5089650223473096,1.2082841509149715,-0.4850154690292476,False,False,1875.4071925367628,True,0.75,0.5,8.81438507352563,1875.4071925367628,adverse_first,volatility_stop,0.006,,0.00012859206621329252,6.429603310664626e-05,6.429603310664626e-05,0.0,0.0,fractional_return,R,False
ETHUSD,2023-11-10 22:30:00,2023-11-10 23:00:00,2023-11-10 23:30:00,long,,,2082.4,2081.45,2149.739481547475,2055.46420738101,r_trailing_stop,2,-0.00021161434083744377,-0.00030438606786055243,9.277172702310866e-05,,,,,-0.05073101131009207,0.4325100124132494,-0.23203326846204184,,,,,,,,2023-11-10 22:30:00,2023-11-10 23:00:00,2023-11-10 23:30:00,1.0,2082.4,2081.45,2149.739481547475,0.46385863511554326,9.277172702310865e-05,-0.05073101131009207,0.4325100124132494,-0.23203326846204184,False,False,2087.31491996504,True,0.75,0.5,13.470160069920354,2087.31491996504,adverse_first,volatility_stop,0.006,,9.277172702310866e-05,4.638586351155433e-05,4.638586351155433e-05,0.0,0.0,fractional_return,R,False
ETHUSD,2023-11-11 01:00:00,2023-11-11 01:30:00,2023-11-11 13:00:00,long,,,2057.75,2056.45,2126.7516404073685,2030.1493438370526,max_holding_close,24,-0.0002826019770672122,-0.0003720672414225908,8.946526435537862e-05,,,,,-0.06201120690376513,0.31702144863303877,-0.9293257322785684,,,,,,,,2023-11-11 01:00:00,2023-11-11 01:30:00,2023-11-11 13:00:00,1.0,2057.75,2056.45,2126.7516404073685,0.44732632177689297,8.94652643553786e-05,-0.06201120690376513,0.31702144863303877,-0.9293257322785684,False,False,2030.1493438370526,False,0.75,0.5,13.799992401911913,,adverse_first,volatility_stop,0.006,,8.946526435537862e-05,4.473263217768931e-05,4.473263217768931e-05,0.0,0.0,fractional_return,R,False
ETHUSD,2023-11-11 14:00:00,2023-11-11 14:30:00,2023-11-11 15:00:00,long,,,2078.35,2083.0911326074483,2137.94153886477,2054.513384454092,r_trailing_stop,2,0.001193407494864504,0.0010887777081736603,0.00010462978669084372,,,,,0.18146295136227675,0.4488892300751619,-0.22654222826222928,,,,,,,,2023-11-11 14:00:00,2023-11-11 14:30:00,2023-11-11 15:00:00,1.0,2078.35,2083.0911326074483,2137.94153886477,0.5231489334542181,0.00010462978669084362,0.18146295136227675,0.4488892300751619,-0.22654222826222928,False,False,2083.0911326074483,True,0.75,0.5,11.91773478510374,2083.0911326074483,adverse_first,volatility_stop,0.006,,0.00010462978669084372,5.231489334542186e-05,5.231489334542186e-05,0.0,0.0,fractional_return,R,False
ETHUSD,2023-11-11 17:30:00,2023-11-11 18:00:00,2023-11-11 21:30:00,long,,,2071.6000000000004,2047.636692815647,2131.508267960884,2047.636692815647,stop_loss,8,-0.006,-0.00610373860255913,0.00010373860255913012,,,,,-1.0172897670931884,0.35888201631929706,-1.27486576727388,,,,,,,,2023-11-11 17:30:00,2023-11-11 18:00:00,2023-11-11 21:30:00,1.0,2071.6000000000004,2047.636692815647,2131.508267960884,0.5186930127956523,0.00010373860255913046,-1.0172897670931884,0.35888201631929706,-1.27486576727388,False,False,2047.636692815647,False,0.75,0.5,11.981364268382848,,adverse_first,volatility_stop,0.006,,0.00010373860255913012,5.186930127956506e-05,5.186930127956506e-05,0.0,0.0,fractional_return,R,False
ETHUSD,2023-11-11 21:30:00,2023-11-11 22:00:00,2023-11-12 00:30:00,long,,,2046.0,2040.75,2103.574654505588,2022.9701381977648,r_trailing_stop,6,-0.0013677893628064508,-0.0014743987737131938,0.00010660941090674301,,,,,-0.245733128952199,0.37777039544177415,-1.2939721590994353,,,,,,,,2023-11-11 21:30:00,2023-11-11 22:00:00,2023-11-12 00:30:00,1.0,2046.0,2040.75,2103.574654505588,0.5330470545337145,0.0001066094109067429,-0.245733128952199,0.37777039544177415,-1.2939721590994353,False,False,2048.943519406876,True,0.75,0.5,11.512961186247288,2048.943519406876,adverse_first,volatility_stop,0.006,,0.00010660941090674301,5.3304705453371504e-05,5.3304705453371504e-05,0.0,0.0,fractional_return,R,False
ETHUSD,2023-11-12 00:30:00,2023-11-12 01:00:00,2023-11-12 02:30:00,long,,,2034.2,2039.498046271837,2093.718076135777,2010.3927695456894,r_trailing_stop,4,0.0013352362716876072,0.001232702715561258,0.0001025335561263491,,,,,0.205450452593543,0.4725455160183492,-0.33393216465296865,,,,,,,,2023-11-12 00:30:00,2023-11-12 01:00:00,2023-11-12 02:30:00,1.0,2034.2,2039.498046271837,2093.718076135777,0.5126677806317452,0.00010253355612634905,0.205450452593543,0.4725455160183492,-0.33393216465296865,False,False,2039.498046271837,True,0.75,0.5,11.903907456325953,2039.498046271837,adverse_first,volatility_stop,0.006,,0.0001025335561263491,5.126677806317455e-05,5.126677806317455e-05,0.0,0.0,fractional_return,R,False
ETHUSD,2023-11-15 09:30:00,2023-11-15 10:00:00,2023-11-15 12:30:00,long,,,1986.95,2018.3620010532522,2042.3313814007445,1964.7974474397022,r_trailing_stop,6,0.008507913740707938,0.00840028099755069,0.00010763274315724915,,,,,1.4000468329251148,1.6679793400523237,-0.14219580300852408,,,,,,,,2023-11-15 09:30:00,2023-11-15 10:00:00,2023-11-15 12:30:00,1.0,1986.95,2018.3620010532522,2042.3313814007445,0.5381637157862476,0.00010763274315724951,1.4000468329251148,1.6679793400523237,-0.14219580300852408,False,False,2018.3620010532522,True,0.75,0.5,11.075997893495902,2018.3620010532522,adverse_first,volatility_stop,0.006,,0.00010763274315724915,5.3816371578624574e-05,5.3816371578624574e-05,0.0,0.0,fractional_return,R,False
ETHUSD,2023-11-15 13:00:00,2023-11-15 13:30:00,2023-11-15 14:30:00,long,,,2010.35,2013.95,2064.9445849462877,1988.5121660214847,r_trailing_stop,3,0.0009891090856927695,0.0008786393384470751,0.00011046974724569433,,,,,0.14643988974117916,0.5060025646715496,-0.19232676666247794,,,,,,,,2023-11-15 13:00:00,2023-11-15 13:30:00,2023-11-15 14:30:00,1.0,2010.35,2013.95,2064.9445849462877,0.5523487362284716,0.00011046974724569432,0.14643988974117916,0.5060025646715496,-0.19232676666247794,False,False,2015.9406771961958,True,0.75,0.5,10.918645607608811,2015.9406771961958,adverse_first,volatility_stop,0.006,,0.00011046974724569433,5.5234873622847167e-05,5.5234873622847167e-05,0.0,0.0,fractional_return,R,False
ETHUSD,2023-11-15 15:30:00,2023-11-15 16:00:00,2023-11-15 18:30:00,long,,,2021.9,2030.45,2075.413858244056,2000.4944567023776,r_trailing_stop,6,0.0023965754705089887,0.002283227261296775,0.00011334820921221362,,,,,0.3805378768827959,1.1282124290992535,-0.8829488575559468,,,,,,,,2023-11-15 15:30:00,2023-11-15 16:00:00,2023-11-15 18:30:00,1.0,2021.9,2030.45,2075.413858244056,0.5667410460610691,0.00011334820921221382,0.3805378768827959,1.1282124290992535,-0.8829488575559468,False,False,2040.698084831223,True,0.75,0.5,10.70383033755409,2040.698084831223,adverse_first,volatility_stop,0.006,,0.00011334820921221362,5.667410460610681e-05,5.667410460610681e-05,0.0,0.0,fractional_return,R,False
ETHUSD,2023-11-16 00:30:00,2023-11-16 01:00:00,2023-11-16 03:00:00,long,,,2077.95,2054.221929373825,2137.2701765654374,2054.221929373825,stop_loss,5,-0.006,-0.006105088190240353,0.0001050881902403527,,,,,-1.017514698373392,0.1770055419241362,-1.0831053398690411,,,,,,,,2023-11-16 00:30:00,2023-11-16 01:00:00,2023-11-16 03:00:00,1.0,2077.95,2054.221929373825,2137.2701765654374,0.5254409512017622,0.00010508819024035244,-1.017514698373392,0.1770055419241362,-1.0831053398690411,False,False,2054.221929373825,False,0.75,0.5,11.864320389874537,,adverse_first,volatility_stop,0.006,,0.0001050881902403527,5.254409512017635e-05,5.254409512017635e-05,0.0,0.0,fractional_return,R,False
ETHUSD,2023-11-17 10:00:00,2023-11-17 10:30:00,2023-11-17 13:30:00,long,,,1961.95,1963.2,2022.7774134105305,1937.6190346357878,r_trailing_stop,7,0.0003082491749806454,0.00021148605996413472,9.676311501651067e-05,,,,,0.03524767666068912,0.3801739824760742,-0.46648375147064797,,,,,,,,2023-11-17 10:00:00,2023-11-17 10:30:00,2023-11-17 13:30:00,1.0,1961.95,1963.2,2022.7774134105305,0.4838155750825534,9.676311501651069e-05,0.03524767666068912,0.3801739824760742,-0.46648375147064797,False,False,1965.1174135327583,True,0.75,0.5,12.165172934483676,1965.1174135327583,adverse_first,volatility_stop,0.006,,9.676311501651067e-05,4.838155750825534e-05,4.838155750825534e-05,0.0,0.0,fractional_return,R,False
ETHUSD,2023-11-18 07:00:00,2023-11-18 07:30:00,2023-11-18 11:30:00,long,,,1933.35,1939.7240442989148,1988.6167047822614,1911.2433180870953,r_trailing_stop,9,0.0017299867046607254,0.0016250401546022244,0.000104946550058501,,,,,0.27084002576703736,0.5382987843622773,-0.08820862432826342,,,,,,,,2023-11-18 07:00:00,2023-11-18 07:30:00,2023-11-18 11:30:00,1.0,1933.35,1939.7240442989148,1988.6167047822614,0.5247327502925047,0.00010494655005850094,0.27084002576703736,0.5382987843622773,-0.08820862432826342,False,False,1939.7240442989148,True,0.75,0.5,11.051911402170369,1939.7240442989148,adverse_first,volatility_stop,0.006,,0.000104946550058501,5.24732750292505e-05,5.24732750292505e-05,0.0,0.0,fractional_return,R,False
ETHUSD,2023-11-24 19:00:00,2023-11-24 19:30:00,2023-11-24 21:30:00,long,,,2087.05,2092.3992445034996,2140.556271055085,2065.6474915779663,r_trailing_stop,5,0.001499612400009851,0.0013825952751656593,0.0001170171248441917,,,,,0.2304325458609432,0.4999413988775343,-0.1448428351888378,,,,,,,,2023-11-24 19:00:00,2023-11-24 19:30:00,2023-11-24 21:30:00,1.0,2087.05,2092.3992445034996,2140.556271055085,0.5850856242209583,0.00011701712484419167,0.2304325458609432,0.4999413988775343,-0.1448428351888378,False,False,2092.3992445034996,True,0.75,0.5,10.701510993000296,2092.3992445034996,adverse_first,volatility_stop,0.006,,0.0001170171248441917,5.850856242209585e-05,5.850856242209585e-05,0.0,0.0,fractional_return,R,False
ETHUSD,2023-11-28 00:00:00,2023-11-28 00:30:00,2023-11-28 01:00:00,long,,,2032.35,2033.35,2078.9480141028994,2013.71079435884,r_trailing_stop,2,0.000321902130139647,0.00019105857130179035,0.00013084355883785664,,,,,0.03184309521696506,0.4131077336791971,-0.39433010942104463,,,,,,,,2023-11-28 00:00:00,2023-11-28 00:30:00,2023-11-28 01:00:00,1.0,2032.35,2033.35,2078.9480141028994,0.6542177941892832,0.00013084355883785664,0.03184309521696506,0.4131077336791971,-0.39433010942104463,False,False,2035.3903130404178,True,0.75,0.5,9.319373919164265,2035.3903130404178,adverse_first,volatility_stop,0.006,,0.00013084355883785664,6.542177941892832e-05,6.542177941892832e-05,0.0,0.0,fractional_return,R,False
ETHUSD,2023-11-28 01:00:00,2023-11-28 01:30:00,2023-11-28 05:00:00,long,,,2025.05,2006.4874214768408,2071.4564463078973,2006.4874214768408,stop_loss,8,-0.006,-0.006130911769448852,0.0001309117694488519,,,,,-1.0218186282414754,0.3636348253869223,-1.018177511083375,,,,,,,,2023-11-28 01:00:00,2023-11-28 01:30:00,2023-11-28 05:00:00,1.0,2025.05,2006.4874214768408,2071.4564463078973,0.6545588472442584,0.0001309117694488517,-1.0218186282414754,0.3636348253869223,-1.018177511083375,False,False,2006.4874214768408,False,0.75,0.5,9.281747824407057,,adverse_first,volatility_stop,0.006,,0.0001309117694488519,6.545588472442595e-05,6.545588472442595e-05,0.0,0.0,fractional_return,R,False
ETHUSD,2023-11-28 05:30:00,2023-11-28 06:00:00,2023-11-28 07:00:00,long,,,1997.95,2009.8592752040781,2042.856121928827,1979.9875512284693,r_trailing_stop,3,0.003978057342477786,0.003844582222771394,0.00013347511970639202,,,,,0.6407637037952323,0.913015825881868,-0.13361207208027956,,,,,,,,2023-11-28 05:30:00,2023-11-28 06:00:00,2023-11-28 07:00:00,1.0,1997.95,2009.8592752040781,2042.856121928827,0.6673755985319594,0.00013347511970639189,0.6407637037952323,0.913015825881868,-0.13361207208027956,False,False,2009.8592752040781,True,0.75,0.5,8.981449591843331,2009.8592752040781,adverse_first,volatility_stop,0.006,,0.00013347511970639202,6.673755985319601e-05,6.673755985319601e-05,0.0,0.0,fractional_return,R,False
ETHUSD,2023-11-28 07:30:00,2023-11-28 08:00:00,2023-11-28 12:00:00,long,,,2014.55,2024.347055263211,2060.5805900312957,1996.1377639874815,r_trailing_stop,9,0.003192568873183073,0.003061272489715232,0.00013129638346784074,,,,,0.5102120816192053,0.7902353625115096,-0.4860897934349188,,,,,,,,2023-11-28 07:30:00,2023-11-28 08:00:00,2023-11-28 12:00:00,1.0,2014.55,2024.347055263211,2060.5805900312957,0.6564819173392028,0.00013129638346784055,0.5102120816192053,0.7902353625115096,-0.4860897934349188,False,False,2024.347055263211,True,0.75,0.5,9.205889473578488,2024.347055263211,adverse_first,volatility_stop,0.006,,0.00013129638346784074,6.564819173392037e-05,6.564819173392037e-05,0.0,0.0,fractional_return,R,False
ETHUSD,2023-11-29 09:30:00,2023-11-29 10:00:00,2023-11-29 11:00:00,short,,,2067.4,2050.419257326886,2025.209469562024,2084.2762121751907,r_trailing_stop,3,0.006037163729694276,0.005890159178302873,0.00014700455139140308,,,,,0.9816931963838121,1.2562060597440061,-0.011851000563611895,,,,,,,,2023-11-29 09:30:00,2023-11-29 10:00:00,2023-11-29 11:00:00,-1.0,2067.4,2050.419257326886,2025.209469562024,0.7350227569570135,0.0001470045513914027,0.9816931963838121,1.2562060597440061,-0.011851000563611895,False,False,2050.419257326886,True,0.75,0.5,8.43851465377172,2050.419257326886,adverse_first,volatility_stop,0.006,,0.00014700455139140308,7.350227569570154e-05,7.350227569570154e-05,0.0,0.0,fractional_return,R,False
ETHUSD,2023-12-01 15:00:00,2023-12-01 15:30:00,2023-12-01 16:00:00,short,,,2073.8,2089.7644184051082,2033.8889539872298,2089.7644184051082,stop_loss,2,-0.006,-0.0061558816573739844,0.00015588165737398432,,,,,-1.0259802762289973,0.0156598250970426,-1.7163168306358458,,,,,,,,2023-12-01 15:00:00,2023-12-01 15:30:00,2023-12-01 16:00:00,-1.0,2073.8,2089.7644184051082,2033.8889539872298,0.7794082868699221,0.00015588165737398442,-1.0259802762289973,0.0156598250970426,-1.7163168306358458,False,False,2089.7644184051082,False,0.75,0.5,7.982401427801203,,adverse_first,volatility_stop,0.006,,0.00015588165737398432,7.794082868699216e-05,7.794082868699216e-05,0.0,0.0,fractional_return,R,False
ETHUSD,2023-12-01 16:00:00,2023-12-01 16:30:00,2023-12-01 18:00:00,short,,,2100.55,2095.05,2059.0813352891246,2117.1374658843506,r_trailing_stop,4,0.0019894539786897256,0.0018374922494193032,0.00015196172927042242,,,,,0.30624870823655054,0.6631513262298877,-0.5636786272953991,,,,,,,,2023-12-01 16:00:00,2023-12-01 16:30:00,2023-12-01 18:00:00,-1.0,2100.55,2095.05,2059.0813352891246,0.7598086463521123,0.00015196172927042247,0.30624870823655054,0.6631513262298877,-0.5636786272953991,False,False,2093.69716249002,True,0.75,0.5,8.294324980040289,2093.69716249002,adverse_first,volatility_stop,0.006,,0.00015196172927042242,7.598086463521121e-05,7.598086463521121e-05,0.0,0.0,fractional_return,R,False
ETHUSD,2023-12-01 18:00:00,2023-12-01 18:30:00,2023-12-01 19:30:00,short,,,2091.7,2087.4515111817655,2049.1869184193665,2108.7052326322532,r_trailing_stop,3,0.0014990052450713704,0.0013514012660914368,0.00014760397897993363,,,,,0.2252335443485728,0.5880542898915269,-0.17053574406854816,,,,,,,,2023-12-01 18:00:00,2023-12-01 18:30:00,2023-12-01 19:30:00,-1.0,2091.7,2087.4515111817655,2049.1869184193665,0.738019894899668,0.0001476039789799336,0.2252335443485728,0.5880542898915269,-0.17053574406854816,False,False,2087.4515111817655,True,0.75,0.5,8.503022363531423,2087.4515111817655,adverse_first,volatility_stop,0.006,,0.00014760397897993363,7.380198948996682e-05,7.380198948996682e-05,0.0,0.0,fractional_return,R,False
ETHUSD,2023-12-01 19:30:00,2023-12-01 20:00:00,2023-12-01 23:30:00,short,,,2090.95,2087.502764851205,2048.4213353771947,2107.961465849122,r_trailing_stop,8,0.0012158511839141068,0.001068354194398092,0.00014749698951601492,,,,,0.178059032399682,0.4526358908922136,-0.33506812702413014,,,,,,,,2023-12-01 19:30:00,2023-12-01 20:00:00,2023-12-01 23:30:00,-1.0,2090.95,2087.502764851205,2048.4213353771947,0.7374849475800751,0.00014749698951601502,0.178059032399682,0.4526358908922136,-0.33506812702413014,False,False,2087.502764851205,True,0.75,0.5,8.505529702409971,2087.502764851205,adverse_first,volatility_stop,0.006,,0.00014749698951601492,7.374849475800746e-05,7.374849475800746e-05,0.0,0.0,fractional_return,R,False
ETHUSD,2023-12-02 21:30:00,2023-12-02 22:00:00,2023-12-03 02:30:00,long,,,2169.4,2169.25,2211.293854947528,2152.642458020989,r_trailing_stop,10,-5.3707160699767396e-05,-0.00020905691326256052,0.0001553497525627931,,,,,-0.034842818877093416,0.5221529512478313,-0.8205260662465921,,,,,,,,2023-12-02 21:30:00,2023-12-02 22:00:00,2023-12-03 02:30:00,1.0,2169.4,2169.25,2211.293854947528,0.7767487628139655,0.0001553497525627931,-0.034842818877093416,0.5221529512478313,-0.8205260662465921,False,False,2173.960324725882,True,0.75,0.5,8.37935054823622,2173.960324725882,adverse_first,volatility_stop,0.006,,0.0001553497525627931,7.767487628139655e-05,7.767487628139655e-05,0.0,0.0,fractional_return,R,False
ETHUSD,2023-12-03 03:00:00,2023-12-03 03:30:00,2023-12-03 13:00:00,short,,,2159.65,2154.938001543566,2118.771876276622,2176.0012494893513,r_trailing_stop,20,0.0017290416097569593,0.0015705473000904241,0.00015849430966653516,,,,,0.261757883348404,0.5381851708477216,-0.5443009114255308,,,,,,,,2023-12-03 03:00:00,2023-12-03 03:30:00,2023-12-03 13:00:00,-1.0,2159.65,2154.938001543566,2118.771876276622,0.7924715483326757,0.00015849430966653516,0.261757883348404,0.5381851708477216,-0.5443009114255308,False,False,2154.938001543566,True,0.75,0.5,8.176003087131999,2154.938001543566,adverse_first,volatility_stop,0.006,,0.00015849430966653516,7.924715483326758e-05,7.924715483326758e-05,0.0,0.0,fractional_return,R,False
ETHUSD,2023-12-03 23:30:00,2023-12-04 00:00:00,2023-12-04 00:30:00,short,,,2193.7,2209.9780858572103,2153.004785356973,2209.9780858572103,stop_loss,2,-0.006,-0.006161716802767317,0.00016171680276731715,,,,,-1.0269528004612196,0.07371874128973642,-1.0873514340237938,,,,,,,,2023-12-03 23:30:00,2023-12-04 00:00:00,2023-12-04 00:30:00,-1.0,2193.7,2209.9780858572103,2153.004785356973,0.8085840138365875,0.0001617168027673175,-1.0269528004612196,0.07371874128973642,-1.0873514340237938,False,False,2209.9780858572103,False,0.75,0.5,8.138857587701379,,adverse_first,volatility_stop,0.006,,0.00016171680276731715,8.085840138365857e-05,8.085840138365857e-05,0.0,0.0,fractional_return,R,False
ETHUSD,2023-12-04 00:30:00,2023-12-04 01:00:00,2023-12-04 01:30:00,short,,,2210.8,2227.2845091849567,2169.588727037609,2227.2845091849567,stop_loss,2,-0.006,-0.006160936547775474,0.00016093654777547383,,,,,-1.026822757962579,0.23658575188633196,-1.104066842136179,,,,,,,,2023-12-04 00:30:00,2023-12-04 01:00:00,2023-12-04 01:30:00,-1.0,2210.8,2227.2845091849567,2169.588727037609,0.8046827388773701,0.00016093654777547402,-1.026822757962579,0.23658575188633196,-1.104066842136179,False,False,2227.2845091849567,False,0.75,0.5,8.241508859041813,,adverse_first,volatility_stop,0.006,,0.00016093654777547383,8.046827388773692e-05,8.046827388773692e-05,0.0,0.0,fractional_return,R,False
ETHUSD,2023-12-04 04:00:00,2023-12-04 04:30:00,2023-12-04 05:00:00,short,,,2218.9,2236.0742628183684,2175.9643429540797,2236.0742628183684,stop_loss,2,-0.006,-0.006155038968959543,0.00015503896895954251,,,,,-1.0258398281599237,0.197970651547483,-2.0088198465847005,,,,,,,,2023-12-04 04:00:00,2023-12-04 04:30:00,2023-12-04 05:00:00,-1.0,2218.9,2236.0742628183684,2175.9643429540797,0.7751948447977112,0.00015503896895954224,-1.0258398281599237,0.197970651547483,-2.0088198465847005,False,False,2236.0742628183684,False,0.75,0.5,8.586937973906057,,adverse_first,volatility_stop,0.006,,0.00015503896895954251,7.751948447977126e-05,7.751948447977126e-05,0.0,0.0,fractional_return,R,False
ETHUSD,2023-12-05 15:30:00,2023-12-05 16:00:00,2023-12-05 17:00:00,short,,,2228.55,2251.0497096702925,2172.3007258242696,2251.0497096702925,stop_loss,3,-0.006,-0.006118857533683245,0.00011885753368324516,,,,,-1.0198095889472076,0.34222663815822646,-2.260029162382489,,,,,,,,2023-12-05 15:30:00,2023-12-05 16:00:00,2023-12-05 17:00:00,-1.0,2228.55,2251.0497096702925,2172.3007258242696,0.5942876684162273,0.00011885753368324545,-1.0198095889472076,0.34222663815822646,-2.260029162382489,False,False,2251.0497096702925,False,0.75,0.5,11.249602718545928,,adverse_first,volatility_stop,0.006,,0.00011885753368324516,5.942876684162258e-05,5.942876684162258e-05,0.0,0.0,fractional_return,R,False
ETHUSD,2023-12-06 10:00:00,2023-12-06 10:30:00,2023-12-06 11:00:00,short,,,2286.65,2277.12806858157,2221.3721673233435,2312.7611330706627,r_trailing_stop,2,0.002188016443253147,0.0020829279358883317,0.00010508850736481523,,,,,0.3471546559813886,1.3365946205992982,-0.02872338009883871,,,,,,,,2023-12-06 10:00:00,2023-12-06 10:30:00,2023-12-06 11:00:00,-1.0,2286.65,2277.12806858157,2221.3721673233435,0.5254425368240764,0.00010508850736481528,0.3471546559813886,1.3365946205992982,-0.02872338009883871,False,False,2277.12806858157,True,0.75,0.5,13.056137163138947,2277.12806858157,adverse_first,volatility_stop,0.006,,0.00010508850736481523,5.254425368240762e-05,5.254425368240762e-05,0.0,0.0,fractional_return,R,False
ETHUSD,2023-12-08 07:00:00,2023-12-08 07:30:00,2023-12-08 10:00:00,short,,,2359.15,2352.953500506704,2295.613646410499,2384.5645414358005,r_trailing_stop,6,0.001462902529785677,0.0013515103959889166,0.00011139213379676043,,,,,0.22525173266481946,0.49381178219179145,-0.24985695752333856,,,,,,,,2023-12-08 07:00:00,2023-12-08 07:30:00,2023-12-08 10:00:00,-1.0,2359.15,2352.953500506704,2295.613646410499,0.556960668983802,0.00011139213379676041,0.22525173266481946,0.49381178219179145,-0.24985695752333856,False,False,2352.953500506704,True,0.75,0.5,12.707001013407336,2352.953500506704,adverse_first,volatility_stop,0.006,,0.00011139213379676043,5.569606689838022e-05,5.569606689838022e-05,0.0,0.0,fractional_return,R,False
ETHUSD,2023-12-08 10:00:00,2023-12-08 10:30:00,2023-12-08 14:00:00,short,,,2357.8,2347.043249468936,2296.370108230226,2382.3719567079097,r_trailing_stop,8,0.0026265919297183285,0.002511446032562762,0.00011514589715556651,,,,,0.41857433876046035,0.7569604741332289,-0.6267307151425388,,,,,,,,2023-12-08 10:00:00,2023-12-08 10:30:00,2023-12-08 14:00:00,-1.0,2357.8,2347.043249468936,2296.370108230226,0.5757294857778319,0.00011514589715556639,0.41857433876046035,0.7569604741332289,-0.6267307151425388,False,False,2347.043249468936,True,0.75,0.5,12.286498937872443,2347.043249468936,adverse_first,volatility_stop,0.006,,0.00011514589715556651,5.7572948577783254e-05,5.7572948577783254e-05,0.0,0.0,fractional_return,R,False
ETHUSD,2023-12-08 15:00:00,2023-12-08 15:30:00,2023-12-08 16:00:00,short,,,2360.8500000000004,2350.653634048083,2299.814950173861,2385.264019930456,r_trailing_stop,2,0.0025058632656880294,0.002389822564153831,0.00011604070153419833,,,,,0.39830376069230516,0.6676491641454954,0.0,,,,,,,,2023-12-08 15:00:00,2023-12-08 15:30:00,2023-12-08 16:00:00,-1.0,2360.8500000000004,2350.653634048083,2299.814950173861,0.5802035076709927,0.00011604070153419855,0.39830376069230516,0.6676491641454954,0.0,False,False,2350.653634048083,True,0.75,0.5,12.207268096165864,2350.653634048083,adverse_first,volatility_stop,0.006,,0.00011604070153419833,5.802035076709917e-05,5.802035076709917e-05,0.0,0.0,fractional_return,R,False
ETHUSD,2023-12-08 16:00:00,2023-12-08 16:30:00,2023-12-08 17:30:00,short,,,2356.2,2352.0161252657185,2294.5400531485675,2380.8639787405727,r_trailing_stop,3,0.0010178101704406918,0.0009031717323468094,0.00011463843809388237,,,,,0.15052862205780157,0.59195639736676,-0.20272479361875467,,,,,,,,2023-12-08 16:00:00,2023-12-08 16:30:00,2023-12-08 17:30:00,-1.0,2356.2,2352.0161252657185,2294.5400531485675,0.5731921904694117,0.00011463843809388235,0.15052862205780157,0.59195639736676,-0.20272479361875467,False,False,2352.0161252657185,True,0.75,0.5,12.332250531436804,2352.0161252657185,adverse_first,volatility_stop,0.006,,0.00011463843809388237,5.731921904694119e-05,5.731921904694119e-05,0.0,0.0,fractional_return,R,False
ETHUSD,2023-12-18 13:00:00,2023-12-18 13:30:00,2023-12-18 14:00:00,long,,,2140.4,2152.6014279139226,2193.886970017664,2119.0052119929346,r_trailing_stop,2,0.0034217944790740315,0.003301742810454938,0.00012005166861909361,,,,,0.5502904684091563,1.0656801082801193,-0.009348071125277068,,,,,,,,2023-12-18 13:00:00,2023-12-18 13:30:00,2023-12-18 14:00:00,1.0,2140.4,2152.6014279139226,2193.886970017664,0.6002583430954671,0.00012005166861909342,0.5502904684091563,1.0656801082801193,-0.009348071125277068,False,False,2152.6014279139226,True,0.75,0.5,10.69714417215413,2152.6014279139226,adverse_first,volatility_stop,0.006,,0.00012005166861909361,6.0025834309546805e-05,6.0025834309546805e-05,0.0,0.0,fractional_return,R,False
ETHUSD,2023-12-18 14:00:00,2023-12-18 14:30:00,2023-12-18 15:00:00,long,,,2162.9,2165.961232318514,2217.2864213151393,2141.1454314739444,r_trailing_stop,2,0.0008443005380265214,0.0007249931844059995,0.00011930735362052189,,,,,0.12083219740099994,0.3907225275380417,-0.3999159987742435,,,,,,,,2023-12-18 14:00:00,2023-12-18 14:30:00,2023-12-18 15:00:00,1.0,2162.9,2165.961232318514,2217.2864213151393,0.5965367681026097,0.00011930735362052194,0.12083219740099994,0.3907225275380417,-0.3999159987742435,False,False,2165.961232318514,True,0.75,0.5,10.877535362972424,2165.961232318514,adverse_first,volatility_stop,0.006,,0.00011930735362052189,5.9653676810260945e-05,5.9653676810260945e-05,0.0,0.0,fractional_return,R,False
ETHUSD,2023-12-27 17:30:00,2023-12-27 18:00:00,2023-12-27 18:30:00,short,,,2347.05,2343.55,2286.911541689141,2371.105383324344,r_trailing_stop,2,0.0008729854651182594,0.0007559031487807857,0.0001170823163374737,,,,,0.12598385813013094,0.45935663759794065,-0.3034663759696639,,,,,,,,2023-12-27 17:30:00,2023-12-27 18:00:00,2023-12-27 18:30:00,-1.0,2347.05,2343.55,2286.911541689141,0.5854115816873685,0.00011708231633747371,0.12598385813013094,0.45935663759794065,-0.3034663759696639,False,False,2342.0139741735347,True,0.75,0.5,12.027948347069481,2342.0139741735347,adverse_first,volatility_stop,0.006,,0.0001170823163374737,5.854115816873685e-05,5.854115816873685e-05,0.0,0.0,fractional_return,R,False
ETHUSD,2023-12-27 19:00:00,2023-12-27 19:30:00,2023-12-27 23:00:00,short,,,2350.8500000000004,2375.202462692885,2289.9688432677885,2375.202462692885,stop_loss,8,-0.005999999999999999,-0.0061158412615420705,0.0001158412615420712,,,,,-1.0193068769236786,0.244328472033292,-1.7226183868564848,,,,,,,,2023-12-27 19:00:00,2023-12-27 19:30:00,2023-12-27 23:00:00,-1.0,2350.8500000000004,2375.202462692885,2289.9688432677885,0.5792063077103577,0.00011584126154207156,-1.0193068769236786,0.244328472033292,-1.7226183868564848,False,False,2375.202462692885,False,0.75,0.5,12.176490444496837,,adverse_first,volatility_stop,0.006,,0.0001158412615420712,5.79206307710356e-05,5.79206307710356e-05,0.0,0.0,fractional_return,R,False
ETHUSD,2023-12-27 23:00:00,2023-12-27 23:30:00,2023-12-28 00:30:00,short,,,2376.8,2400.954995260388,2316.412511849031,2400.954995260388,stop_loss,3,-0.006,-0.006118077439852672,0.00011807743985267193,,,,,-1.0196795733087787,0.15317742604023504,-2.682674920920664,,,,,,,,2023-12-27 23:00:00,2023-12-27 23:30:00,2023-12-28 00:30:00,-1.0,2376.8,2400.954995260388,2316.412511849031,0.5903871992633598,0.00011807743985267197,-1.0196795733087787,0.15317742604023504,-2.682674920920664,False,False,2400.954995260388,False,0.75,0.5,12.078005644898871,,adverse_first,volatility_stop,0.006,,0.00011807743985267193,5.9038719926335966e-05,5.9038719926335966e-05,0.0,0.0,fractional_return,R,False
ETHUSD,2023-12-29 09:30:00,2023-12-29 10:00:00,2023-12-29 13:30:00,short,,,2368.95,2360.6908105621615,2293.043498536851,2399.312600585259,r_trailing_stop,8,0.0016321110732223777,0.001538484705743826,9.36263674785518e-05,,,,,0.256414117623971,0.5220237955405718,-0.3425266544872039,,,,,,,,2023-12-29 09:30:00,2023-12-29 10:00:00,2023-12-29 13:30:00,-1.0,2368.95,2360.6908105621615,2293.043498536851,0.4681318373927594,9.362636747855188e-05,0.256414117623971,0.5220237955405718,-0.3425266544872039,False,False,2360.6908105621615,True,0.75,0.5,15.181621124321994,2360.6908105621615,adverse_first,volatility_stop,0.006,,9.36263674785518e-05,4.68131837392759e-05,4.68131837392759e-05,0.0,0.0,fractional_return,R,False
ETHUSD,2024-01-04 14:30:00,2024-01-04 15:00:00,2024-01-04 16:30:00,short,,,2274.9,2271.103858190894,2199.3663994987496,2305.1134402005005,r_trailing_stop,4,0.0007538648595952078,0.0006635116928626485,9.035316673255923e-05,,,,,0.11058528214377475,0.4584052629587853,-0.3955193424084943,,,,,,,,2024-01-04 14:30:00,2024-01-04 15:00:00,2024-01-04 16:30:00,-1.0,2274.9,2271.103858190894,2199.3663994987496,0.45176583366279593,9.035316673255919e-05,0.11058528214377475,0.4584052629587853,-0.3955193424084943,False,False,2271.103858190894,True,0.75,0.5,15.10771638178682,2271.103858190894,adverse_first,volatility_stop,0.006,,9.035316673255923e-05,4.5176583366279615e-05,4.5176583366279615e-05,0.0,0.0,fractional_return,R,False
ETHUSD,2024-01-05 06:30:00,2024-01-05 07:00:00,2024-01-05 11:00:00,short,,,2257.0,2243.7948539085837,2184.5530642294325,2285.978774308227,r_trailing_stop,9,0.0027341003351547557,0.0026406388253202595,9.346150983449621e-05,,,,,0.4401064708867099,0.7056889219153107,-0.46758361329841924,,,,,,,,2024-01-05 06:30:00,2024-01-05 07:00:00,2024-01-05 11:00:00,-1.0,2257.0,2243.7948539085837,2184.5530642294325,0.46730754917248035,9.346150983449608e-05,0.4401064708867099,0.7056889219153107,-0.46758361329841924,False,False,2243.7948539085837,True,0.75,0.5,14.48970781716744,2243.7948539085837,adverse_first,volatility_stop,0.006,,9.346150983449621e-05,4.673075491724811e-05,4.673075491724811e-05,0.0,0.0,fractional_return,R,False
ETHUSD,2024-01-06 06:30:00,2024-01-06 07:00:00,2024-01-06 08:30:00,long,,,2220.75,2233.124126286839,2283.5059101273073,2195.647635949077,r_trailing_stop,4,0.002957679904984975,0.0028515185890788733,0.00010616131590610164,,,,,0.4752530981798122,0.7489334455456987,-0.09959221350341642,,,,,,,,2024-01-06 06:30:00,2024-01-06 07:00:00,2024-01-06 08:30:00,1.0,2220.75,2233.124126286839,2283.5059101273073,0.5308065795305088,0.00010616131590610176,0.4752530981798122,0.7489334455456987,-0.09959221350341642,False,False,2233.124126286839,True,0.75,0.5,12.551747426322729,2233.124126286839,adverse_first,volatility_stop,0.006,,0.00010616131590610164,5.308065795305082e-05,5.308065795305082e-05,0.0,0.0,fractional_return,R,False
ETHUSD,2024-01-09 00:30:00,2024-01-09 01:00:00,2024-01-09 02:00:00,short,,,2308.55,2310.8,2241.851628775429,2335.2293484898287,r_trailing_stop,3,-0.0005060093579551692,-0.0006098447271380475,0.00010383536918287832,,,,,-0.10164078785634124,0.39731105143147005,-0.30735383223942175,,,,,,,,2024-01-09 00:30:00,2024-01-09 01:00:00,2024-01-09 02:00:00,-1.0,2308.55,2310.8,2241.851628775429,0.5191768459143916,0.00010383536918287833,-0.10164078785634124,0.39731105143147005,-0.30735383223942175,False,False,2304.620125862841,True,0.75,0.5,13.340251725682576,2304.620125862841,adverse_first,volatility_stop,0.006,,0.00010383536918287832,5.191768459143916e-05,5.191768459143916e-05,0.0,0.0,fractional_return,R,False
ETHUSD,2024-01-09 04:30:00,2024-01-09 05:00:00,2024-01-09 06:00:00,short,,,2316.65,2310.2,2252.541420054599,2342.2934319781607,r_trailing_stop,3,0.001509158369790797,0.0014007493236706209,0.0001084090461201761,,,,,0.23345822061177013,0.5478985812805984,-0.12283847195971306,,,,,,,,2024-01-09 04:30:00,2024-01-09 05:00:00,2024-01-09 06:00:00,-1.0,2316.65,2310.2,2252.541420054599,0.5420452306008802,0.00010840904612017604,0.23345822061177013,0.5478985812805984,-0.12283847195971306,False,False,2309.0100276413114,True,0.75,0.5,12.82005528262239,2309.0100276413114,adverse_first,volatility_stop,0.006,,0.0001084090461201761,5.420452306008805e-05,5.420452306008805e-05,0.0,0.0,fractional_return,R,False
ETHUSD,2024-01-09 07:00:00,2024-01-09 07:30:00,2024-01-09 09:30:00,short,,,2310.45,2294.239099159326,2248.063060684176,2335.4047757263293,r_trailing_stop,5,0.003897666968067304,0.00378656438672554,0.00011110258134176387,,,,,0.6310940644542566,0.9557288857874245,-0.08214860443875899,,,,,,,,2024-01-09 07:00:00,2024-01-09 07:30:00,2024-01-09 09:30:00,-1.0,2310.45,2294.239099159326,2248.063060684176,0.555512906708819,0.00011110258134176381,0.6310940644542566,0.9557288857874245,-0.08214860443875899,False,False,2294.239099159326,True,0.75,0.5,12.478198318651827,2294.239099159326,adverse_first,volatility_stop,0.006,,0.00011110258134176387,5.555129067088193e-05,5.555129067088193e-05,0.0,0.0,fractional_return,R,False
ETHUSD,2024-01-09 09:30:00,2024-01-09 10:00:00,2024-01-09 13:00:00,short,,,2292.3500000000004,2265.95,2230.8463469331855,2316.951461226726,r_trailing_stop,7,0.006438641938387177,0.0063268266289367115,0.0001118153094504656,,,,,1.0544711048227853,2.306773548001673,-0.5243590972549911,,,,,,,,2024-01-09 09:30:00,2024-01-09 10:00:00,2024-01-09 13:00:00,-1.0,2292.3500000000004,2265.95,2230.8463469331855,0.5590765472523294,0.00011181530945046587,1.0544711048227853,2.306773548001673,-0.5243590972549911,False,False,2241.750499535566,True,0.75,0.5,12.300999071131377,2241.750499535566,adverse_first,volatility_stop,0.006,,0.0001118153094504656,5.59076547252328e-05,5.59076547252328e-05,0.0,0.0,fractional_return,R,False
ETHUSD,2024-01-11 11:30:00,2024-01-11 12:00:00,2024-01-11 13:00:00,short,,,2658.3,2649.1295605664336,2540.5199001456613,2705.4120399417357,r_trailing_stop,3,0.0011679102978653987,0.0011002002177256916,6.771008013970706e-05,,,,,0.18336670295428192,0.44468462893793514,-0.10931388253127561,,,,,,,,2024-01-11 11:30:00,2024-01-11 12:00:00,2024-01-11 13:00:00,-1.0,2658.3,2649.1295605664336,2540.5199001456613,0.3385504006985358,6.771008013970717e-05,0.18336670295428192,0.44468462893793514,-0.10931388253127561,False,False,2649.1295605664336,True,0.75,0.5,23.55912113286641,2649.1295605664336,adverse_first,volatility_stop,0.006,,6.771008013970706e-05,3.385504006985353e-05,3.385504006985353e-05,0.0,0.0,fractional_return,R,False
ETHUSD,2024-01-12 01:00:00,2024-01-12 01:30:00,2024-01-12 03:00:00,long,,,2584.75,2603.318581647006,2708.061796768103,2535.425281292759,r_trailing_stop,4,0.0022587354333087977,0.0021958521552832375,6.288327802556016e-05,,,,,0.3659753592138729,0.6264607444271916,-0.04662976414830583,,,,,,,,2024-01-12 01:00:00,2024-01-12 01:30:00,2024-01-12 03:00:00,1.0,2584.75,2603.318581647006,2708.061796768103,0.31441639012780165,6.288327802556034e-05,0.3659753592138729,0.6264607444271916,-0.04662976414830583,False,False,2603.318581647006,True,0.75,0.5,24.662836705988127,2603.318581647006,adverse_first,volatility_stop,0.006,,6.288327802556016e-05,3.144163901278008e-05,3.144163901278008e-05,0.0,0.0,fractional_return,R,False
ETHUSD,2024-01-12 11:30:00,2024-01-12 12:00:00,2024-01-12 14:00:00,short,,,2647.65,2692.706251978688,2535.0093700532802,2692.706251978688,stop_loss,5,-0.006,-0.006070515852084253,7.051585208425314e-05,,,,,-1.0117526420140421,0.2807601485801264,-1.1152725269684782,,,,,,,,2024-01-12 11:30:00,2024-01-12 12:00:00,2024-01-12 14:00:00,-1.0,2647.65,2692.706251978688,2535.0093700532802,0.3525792604212661,7.051585208425322e-05,-1.0117526420140421,0.2807601485801264,-1.1152725269684782,False,False,2692.706251978688,False,0.75,0.5,22.525572858690783,,adverse_first,volatility_stop,0.006,,7.051585208425314e-05,3.525792604212657e-05,3.525792604212657e-05,0.0,0.0,fractional_return,R,False
ETHUSD,2024-01-18 18:30:00,2024-01-18 19:00:00,2024-01-18 20:00:00,short,,,2460.2,2436.4,2397.116348610073,2485.4334605559707,r_trailing_stop,3,0.005659152444955065,0.00554215541264348,0.00011699703231158459,,,,,0.9236925687739134,1.3276022892576693,-0.46763304517136534,,,,,,,,2024-01-18 18:30:00,2024-01-18 19:00:00,2024-01-18 20:00:00,-1.0,2460.2,2436.4,2397.116348610073,0.5849851615579238,0.00011699703231158477,0.9236925687739134,1.3276022892576693,-0.46763304517136534,False,False,2433.0086215376155,True,0.75,0.5,12.617243075231585,2433.0086215376155,adverse_first,volatility_stop,0.006,,0.00011699703231158459,5.8498516155792296e-05,5.8498516155792296e-05,0.0,0.0,fractional_return,R,False
ETHUSD,2024-01-19 00:00:00,2024-01-19 00:30:00,2024-01-19 03:30:00,short,,,2460.55,2450.2806601602733,2393.742041268456,2487.273183492618,r_trailing_stop,7,0.0023057147759129254,0.0021952241975424377,0.00011049057837048777,,,,,0.36587069959040625,0.7502848605421164,-0.336786221689725,,,,,,,,2024-01-19 00:00:00,2024-01-19 00:30:00,2024-01-19 03:30:00,-1.0,2460.55,2450.2806601602733,2393.742041268456,0.5524528918524391,0.00011049057837048782,0.36587069959040625,0.7502848605421164,-0.336786221689725,False,False,2450.2806601602733,True,0.75,0.5,13.361320320546438,2450.2806601602733,adverse_first,volatility_stop,0.006,,0.00011049057837048777,5.5245289185243884e-05,5.5245289185243884e-05,0.0,0.0,fractional_return,R,False
ETHUSD,2024-01-19 08:30:00,2024-01-19 09:00:00,2024-01-19 09:30:00,long,,,2470.4,2474.05,2530.529591226578,2446.348163509369,r_trailing_stop,2,0.0009105333810385835,0.0007872795912020049,0.00012325378983657866,,,,,0.13121326520033413,0.40953213713375997,-0.03326149337127771,,,,,,,,2024-01-19 08:30:00,2024-01-19 09:00:00,2024-01-19 09:30:00,1.0,2470.4,2474.05,2530.529591226578,0.6162689491828934,0.0001232537898365787,0.13121326520033413,0.40953213713375997,-0.03326149337127771,False,False,2474.237162731197,True,0.75,0.5,12.025674537606546,2474.237162731197,adverse_first,volatility_stop,0.006,,0.00012325378983657866,6.162689491828933e-05,6.162689491828933e-05,0.0,0.0,fractional_return,R,False
ETHUSD,2024-01-19 16:00:00,2024-01-19 16:30:00,2024-01-19 16:30:00,long,,,2440.6000000000004,2415.928074835986,2502.2798129100356,2415.928074835986,stop_loss,1,-0.006000000000000066,-0.006118706585746028,0.00011870658574596182,,,,,-1.0197844309576714,0.026345734906317985,-1.1065208660659822,,,,,,,,2024-01-19 16:00:00,2024-01-19 16:30:00,2024-01-19 16:30:00,1.0,2440.6000000000004,2415.928074835986,2502.2798129100356,0.5935329287298106,0.00011870658574596212,-1.0197844309576714,0.026345734906317985,-1.1065208660659822,False,False,2415.928074835986,False,0.75,0.5,12.336468135985406,,adverse_first,volatility_stop,0.006,,0.00011870658574596182,5.935329287298091e-05,5.935329287298091e-05,0.0,0.0,fractional_return,R,False
ETHUSD,2024-01-19 16:30:00,2024-01-19 17:00:00,2024-01-19 17:30:00,long,,,2425.95,2435.3191249750907,2489.2574462878283,2400.6270214848682,r_trailing_stop,2,0.0022199106561243,0.002104950245828944,0.00011496041029535617,,,,,0.35082504097149064,1.7000369831801554,-0.44820951821357785,,,,,,,,2024-01-19 16:30:00,2024-01-19 17:00:00,2024-01-19 17:30:00,1.0,2425.95,2435.3191249750907,2489.2574462878283,0.5748020514767819,0.00011496041029535638,0.35082504097149064,1.7000369831801554,-0.44820951821357785,False,False,2435.3191249750907,True,0.75,0.5,12.66175004981904,2435.3191249750907,adverse_first,volatility_stop,0.006,,0.00011496041029535617,5.7480205147678086e-05,5.7480205147678086e-05,0.0,0.0,fractional_return,R,False
ETHUSD,2024-01-22 17:00:00,2024-01-22 17:30:00,2024-01-22 18:00:00,long,,,2364.45,2374.108893529818,2423.876144068362,2340.679542372655,r_trailing_stop,2,0.002438041458328516,0.002318677328092504,0.00011936413023601192,,,,,0.3864462213487507,0.6752078673292619,-0.05679318510243768,,,,,,,,2024-01-22 17:00:00,2024-01-22 17:30:00,2024-01-22 18:00:00,1.0,2364.45,2374.108893529818,2423.876144068362,0.5968206511800603,0.00011936413023601207,0.3864462213487507,0.6752078673292619,-0.05679318510243768,False,False,2374.108893529818,True,0.75,0.5,11.882212940364655,2374.108893529818,adverse_first,volatility_stop,0.006,,0.00011936413023601192,5.968206511800596e-05,5.968206511800596e-05,0.0,0.0,fractional_return,R,False
ETHUSD,2024-01-22 18:00:00,2024-01-22 18:30:00,2024-01-22 19:00:00,long,,,2372.35,2348.355662817182,2432.335842957045,2348.355662817182,stop_loss,2,-0.006,-0.006118645494489365,0.00011864549448936494,,,,,-1.019774249081561,0.14795157594693947,-1.4628451593626186,,,,,,,,2024-01-22 18:00:00,2024-01-22 18:30:00,2024-01-22 19:00:00,1.0,2372.35,2348.355662817182,2432.335842957045,0.5932274724468257,0.00011864549448936514,-1.019774249081561,0.14795157594693947,-1.4628451593626186,False,False,2348.355662817182,False,0.75,0.5,11.997421174160378,,adverse_first,volatility_stop,0.006,,0.00011864549448936494,5.932274724468247e-05,5.932274724468247e-05,0.0,0.0,fractional_return,R,False
ETHUSD,2024-01-23 07:00:00,2024-01-23 07:30:00,2024-01-23 08:00:00,long,,,2332.25,2307.2577966370154,2394.7305084074615,2307.2577966370154,stop_loss,2,-0.006,-0.0061119829236082925,0.00011198292360829233,,,,,-1.018663820601382,0.18605802507541638,-1.0403244412818777,,,,,,,,2024-01-23 07:00:00,2024-01-23 07:30:00,2024-01-23 08:00:00,1.0,2332.25,2307.2577966370154,2394.7305084074615,0.5599146180414598,0.00011198292360829197,-1.018663820601382,0.18605802507541638,-1.0403244412818777,False,False,2307.2577966370154,False,0.75,0.5,12.490207483948323,,adverse_first,volatility_stop,0.006,,0.00011198292360829233,5.5991461804146166e-05,5.5991461804146166e-05,0.0,0.0,fractional_return,R,False
ETHUSD,2024-01-24 10:30:00,2024-01-24 11:00:00,2024-01-24 12:00:00,short,,,2255.6,2245.875553351664,2181.3428190959617,2285.3028723616153,r_trailing_stop,3,0.001964344699720508,0.0018732181592618193,9.112654045868862e-05,,,,,0.3122030265436365,0.5773852370642375,-0.021883405486402618,,,,,,,,2024-01-24 10:30:00,2024-01-24 11:00:00,2024-01-24 12:00:00,-1.0,2255.6,2245.875553351664,2181.3428190959617,0.455632702293443,9.112654045868861e-05,0.3122030265436365,0.5773852370642375,-0.021883405486402618,False,False,2245.875553351664,True,0.75,0.5,14.85110670332867,2245.875553351664,adverse_first,volatility_stop,0.006,,9.112654045868862e-05,4.556327022934431e-05,4.556327022934431e-05,0.0,0.0,fractional_return,R,False
ETHUSD,2024-01-24 13:30:00,2024-01-24 14:00:00,2024-01-24 18:30:00,short,,,2227.55,2217.7,2155.5604244883407,2256.345830204664,r_trailing_stop,10,0.0020523804863396737,0.0019595524629417906,9.282802339788312e-05,,,,,0.3265920771569651,0.8577630797392165,-0.5782087156946457,,,,,,,,2024-01-24 13:30:00,2024-01-24 14:00:00,2024-01-24 18:30:00,-1.0,2227.55,2217.7,2155.5604244883407,0.46414011698941554,9.282802339788312e-05,0.3265920771569651,0.8577630797392165,-0.5782087156946457,False,False,2210.0487961011513,True,0.75,0.5,14.397592202301944,2210.0487961011513,adverse_first,volatility_stop,0.006,,9.282802339788312e-05,4.641401169894156e-05,4.641401169894156e-05,0.0,0.0,fractional_return,R,False
ETHUSD,2024-01-24 20:00:00,2024-01-24 20:30:00,2024-01-24 21:00:00,short,,,2217.8500000000004,2203.4621012202397,2145.7257382199405,2246.6997047120244,r_trailing_stop,2,0.0029923146021867113,0.002900063398003995,9.225120418271653e-05,,,,,0.48334389966733243,0.7487078365484228,-0.010398719952051794,,,,,,,,2024-01-24 20:00:00,2024-01-24 20:30:00,2024-01-24 21:00:00,-1.0,2217.8500000000004,2203.4621012202397,2145.7257382199405,0.4612560209135824,9.225120418271649e-05,0.48334389966733243,0.7487078365484228,-0.010398719952051794,False,False,2203.4621012202397,True,0.75,0.5,14.424202440479341,2203.4621012202397,adverse_first,volatility_stop,0.006,,9.225120418271653e-05,4.6125602091358266e-05,4.6125602091358266e-05,0.0,0.0,fractional_return,R,False
ETHUSD,2024-01-24 21:00:00,2024-01-24 21:30:00,2024-01-25 09:00:00,short,,,2213.7,2225.05,2140.523782780906,2242.9704868876374,max_holding_close,24,-0.002326575579744277,-0.002417330475971232,9.075489622695524e-05,,,,,-0.40288841266187203,0.3518902859231197,-0.883142125350778,,,,,,,,2024-01-24 21:00:00,2024-01-24 21:30:00,2024-01-25 09:00:00,-1.0,2213.7,2225.05,2140.523782780906,0.4537744811347766,9.075489622695533e-05,-0.40288841266187203,0.3518902859231197,-0.883142125350778,False,False,2242.9704868876374,False,0.75,0.5,14.635574301657504,,adverse_first,volatility_stop,0.006,,9.075489622695524e-05,4.537744811347762e-05,4.537744811347762e-05,0.0,0.0,fractional_return,R,False
ETHUSD,2024-01-25 20:30:00,2024-01-25 21:00:00,2024-01-26 00:30:00,short,,,2221.45,2216.4398100620124,2157.549020581576,2247.0103917673696,r_trailing_stop,8,0.0011760828981620141,0.0010717910694505667,0.0001042918287114474,,,,,0.1786318449084278,0.4460025536288064,-0.3442826729766406,,,,,,,,2024-01-25 20:30:00,2024-01-25 21:00:00,2024-01-26 00:30:00,-1.0,2221.45,2216.4398100620124,2157.549020581576,0.5214591435572372,0.00010429182871144744,0.1786318449084278,0.4460025536288064,-0.3442826729766406,False,False,2216.4398100620124,True,0.75,0.5,12.77962012402441,2216.4398100620124,adverse_first,volatility_stop,0.006,,0.0001042918287114474,5.21459143557237e-05,5.21459143557237e-05,0.0,0.0,fractional_return,R,False
ETHUSD,2024-01-31 09:00:00,2024-01-31 09:30:00,2024-01-31 10:30:00,short,,,2321.55,2307.9017910606867,2272.0331559840824,2341.3567376063675,r_trailing_stop,3,0.004134414019275792,0.003993761880828496,0.00014065213844729595,,,,,0.6656269801380827,2.034661174440203,-0.27263449980090093,,,,,,,,2024-01-31 09:00:00,2024-01-31 09:30:00,2024-01-31 10:30:00,-1.0,2321.55,2307.9017910606867,2272.0331559840824,0.7032606922364777,0.00014065213844729555,0.6656269801380827,2.034661174440203,-0.27263449980090093,False,False,2307.9017910606867,True,0.75,0.5,9.903582121373654,2307.9017910606867,adverse_first,volatility_stop,0.006,,0.00014065213844729595,7.032606922364798e-05,7.032606922364798e-05,0.0,0.0,fractional_return,R,False
ETHUSD,2024-02-01 10:00:00,2024-02-01 10:30:00,2024-02-01 15:00:00,long,,,2273.2,2294.2386554065524,2329.8159352278335,2250.5536259088663,r_trailing_stop,10,0.005574046067212988,0.0054535923473802836,0.00012045371983270426,,,,,0.9089320578967139,1.5322541198145228,-0.523262574057669,,,,,,,,2024-02-01 10:00:00,2024-02-01 10:30:00,2024-02-01 15:00:00,1.0,2273.2,2294.2386554065524,2329.8159352278335,0.6022685991635204,0.00012045371983270408,0.9089320578967139,1.5322541198145228,-0.523262574057669,False,False,2294.2386554065524,True,0.75,0.5,11.322689186895287,2294.2386554065524,adverse_first,volatility_stop,0.006,,0.00012045371983270426,6.022685991635213e-05,6.022685991635213e-05,0.0,0.0,fractional_return,R,False
ETHUSD,2024-02-08 12:00:00,2024-02-08 12:30:00,2024-02-08 14:30:00,long,,,2421.75,2431.65,2465.9940939540393,2404.0523624183843,r_trailing_stop,5,0.0033563801793356335,0.0031921718217738956,0.00016420835756173792,,,,,0.532028636962316,1.197899996665225,-0.3503292443077472,,,,,,,,2024-02-08 12:00:00,2024-02-08 12:30:00,2024-02-08 14:30:00,1.0,2421.75,2431.65,2465.9940939540393,0.8210417878086887,0.00016420835756173776,0.532028636962316,1.197899996665225,-0.3503292443077472,False,False,2432.3254077693946,True,0.75,0.5,8.849184461211243,2432.3254077693946,adverse_first,volatility_stop,0.006,,0.00016420835756173792,8.210417878086896e-05,8.210417878086896e-05,0.0,0.0,fractional_return,R,False
ETHUSD,2024-02-08 15:00:00,2024-02-08 15:30:00,2024-02-08 17:00:00,short,,,2456.45,2424.55,2408.3844741748644,2475.676210330054,r_trailing_stop,4,0.009955159998473703,0.00980184117227777,0.00015331882619593236,,,,,1.6336401953796285,2.2417314312132692,-0.22365301981943356,,,,,,,,2024-02-08 15:00:00,2024-02-08 15:30:00,2024-02-08 17:00:00,-1.0,2456.45,2424.55,2408.3844741748644,0.7665941309796582,0.00015331882619593165,1.6336401953796285,2.2417314312132692,-0.22365301981943356,False,False,2418.155965304667,True,0.75,0.5,9.611930609332918,2418.155965304667,adverse_first,volatility_stop,0.006,,0.00015331882619593236,7.665941309796618e-05,7.665941309796618e-05,0.0,0.0,fractional_return,R,False
ETHUSD,2024-02-09 03:00:00,2024-02-09 03:30:00,2024-02-09 08:30:00,short,,,2445.55,2465.365116410796,2396.012208973011,2465.365116410796,stop_loss,11,-0.006,-0.0061481020822265345,0.0001481020822265344,,,,,-1.024683680371089,0.2725192165440942,-1.5644621690494036,,,,,,,,2024-02-09 03:00:00,2024-02-09 03:30:00,2024-02-09 08:30:00,-1.0,2445.55,2465.365116410796,2396.012208973011,0.7405104111326718,0.00014810208222653436,-1.024683680371089,0.2725192165440942,-1.5644621690494036,False,False,2465.365116410796,False,0.75,0.5,9.909583465155992,,adverse_first,volatility_stop,0.006,,0.0001481020822265344,7.40510411132672e-05,7.40510411132672e-05,0.0,0.0,fractional_return,R,False
ETHUSD,2024-02-09 08:30:00,2024-02-09 09:00:00,2024-02-09 09:30:00,short,,,2476.45,2474.25,2427.754815197829,2495.928073920868,r_trailing_stop,2,0.0006776850757228608,0.0005251166024706801,0.00015256847325218078,,,,,0.08751943374511334,0.5133977846385692,-0.13861740185242769,,,,,,,,2024-02-09 08:30:00,2024-02-09 09:00:00,2024-02-09 09:30:00,-1.0,2476.45,2474.25,2427.754815197829,0.7628423662609037,0.00015256847325218075,0.08751943374511334,0.5133977846385692,-0.13861740185242769,False,False,2472.818731794044,True,0.75,0.5,9.737463588088684,2472.818731794044,adverse_first,volatility_stop,0.006,,0.00015256847325218078,7.628423662609039e-05,7.628423662609039e-05,0.0,0.0,fractional_return,R,False
ETHUSD,2024-02-09 10:30:00,2024-02-09 11:00:00,2024-02-09 11:30:00,short,,,2474.6,2473.15,2425.997345124744,2494.041061950102,r_trailing_stop,2,0.0004475064182362079,0.0002947616758131042,0.0001527447424231037,,,,,0.0491269459688507,0.43464703840190005,-1.5919912234957652,,,,,,,,2024-02-09 10:30:00,2024-02-09 11:00:00,2024-02-09 11:30:00,-1.0,2474.6,2473.15,2425.997345124744,0.7637237121155184,0.0001527447424231037,0.0491269459688507,0.43464703840190005,-1.5919912234957652,False,False,2471.0101674076586,True,0.75,0.5,9.720334815317452,2471.0101674076586,adverse_first,volatility_stop,0.006,,0.0001527447424231037,7.637237121155185e-05,7.637237121155185e-05,0.0,0.0,fractional_return,R,False
ETHUSD,2024-02-09 11:30:00,2024-02-09 12:00:00,2024-02-09 14:30:00,short,,,2502.65,2490.65,2451.586898249085,2523.075240700366,r_trailing_stop,6,0.0035250502579737236,0.003378017474171759,0.0001470327838019648,,,,,0.5630029123619598,1.0354835132797788,-0.9693888209427541,,,,,,,,2024-02-09 11:30:00,2024-02-09 12:00:00,2024-02-09 14:30:00,-1.0,2502.65,2490.65,2451.586898249085,0.7351639190098234,0.00014703278380196467,0.5630029123619598,1.0354835132797788,-0.9693888209427541,False,False,2486.6075346369435,True,0.75,0.5,10.215069273887257,2486.6075346369435,adverse_first,volatility_stop,0.006,,0.0001470327838019648,7.35163919009824e-05,7.35163919009824e-05,0.0,0.0,fractional_return,R,False
ETHUSD,2024-02-10 08:30:00,2024-02-10 09:00:00,2024-02-10 11:00:00,short,,,2487.0,2478.4075711884384,2434.4232326145284,2508.0307069541886,r_trailing_stop,5,0.0024513951424301587,0.0023094883579125986,0.0001419067845175601,,,,,0.38491472631876644,0.6585608382147815,-0.3875285798881274,,,,,,,,2024-02-10 08:30:00,2024-02-10 09:00:00,2024-02-10 11:00:00,-1.0,2487.0,2478.4075711884384,2434.4232326145284,0.7095339225878003,0.00014190678451756007,0.38491472631876644,0.6585608382147815,-0.3875285798881274,False,False,2478.4075711884384,True,0.75,0.5,10.515142376876165,2478.4075711884384,adverse_first,volatility_stop,0.006,,0.0001419067845175601,7.095339225878005e-05,7.095339225878005e-05,0.0,0.0,fractional_return,R,False
ETHUSD,2024-02-10 12:00:00,2024-02-10 12:30:00,2024-02-10 20:30:00,short,,,2489.55,2510.094743805612,2438.1881404859714,2510.094743805612,stop_loss,17,-0.006,-0.006145412375460434,0.00014541237546043372,,,,,-1.0242353959100723,0.360189451375822,-1.0805683541274438,,,,,,,,2024-02-10 12:00:00,2024-02-10 12:30:00,2024-02-10 20:30:00,-1.0,2489.55,2510.094743805612,2438.1881404859714,0.7270618773021685,0.00014541237546043372,-1.0242353959100723,0.360189451375822,-1.0805683541274438,False,False,2510.094743805612,False,0.75,0.5,10.272577832899298,,adverse_first,volatility_stop,0.006,,0.00014541237546043372,7.270618773021686e-05,7.270618773021686e-05,0.0,0.0,fractional_return,R,False
ETHUSD,2024-02-13 07:30:00,2024-02-13 08:00:00,2024-02-13 09:00:00,long,,,2649.3500000000004,2658.928672993867,2710.5655823340876,2624.8637670663657,r_trailing_stop,3,0.0023471163620376514,0.0022172793222358716,0.00012983703980177976,,,,,0.3695465537059786,0.6411766171853257,-0.08576247745792566,,,,,,,,2024-02-13 07:30:00,2024-02-13 08:00:00,2024-02-13 09:00:00,1.0,2649.3500000000004,2658.928672993867,2710.5655823340876,0.649185199008898,0.00012983703980177963,0.3695465537059786,0.6411766171853257,-0.08576247745792566,False,False,2658.928672993867,True,0.75,0.5,12.242654012265717,2658.928672993867,adverse_first,volatility_stop,0.006,,0.00012983703980177976,6.491851990088988e-05,6.491851990088988e-05,0.0,0.0,fractional_return,R,False
ETHUSD,2024-02-14 09:30:00,2024-02-14 10:00:00,2024-02-14 11:00:00,long,,,2746.15,2752.7978357375555,2819.67030219452,2716.741879122192,r_trailing_stop,3,0.0013563265259641966,0.0012442697232295898,0.00011205680273460679,,,,,0.20737828720493162,0.47605897902047595,-0.2652328597399856,,,,,,,,2024-02-14 09:30:00,2024-02-14 10:00:00,2024-02-14 11:00:00,1.0,2746.15,2752.7978357375555,2819.67030219452,0.5602840136730343,0.00011205680273460685,0.20737828720493162,0.47605897902047595,-0.2652328597399856,False,False,2752.7978357375555,True,0.75,0.5,14.704328524888899,2752.7978357375555,adverse_first,volatility_stop,0.006,,0.00011205680273460679,5.602840136730339e-05,5.602840136730339e-05,0.0,0.0,fractional_return,R,False
ETHUSD,2024-02-14 11:00:00,2024-02-14 11:30:00,2024-02-14 12:30:00,long,,,2747.0,2749.9,2820.9938577543944,2717.4024568982422,r_trailing_stop,3,0.00058788663437976,0.0004765125250941744,0.0001113741092855856,,,,,0.0794187541823624,0.4020603993746144,-0.4814588816040514,,,,,,,,2024-02-14 11:00:00,2024-02-14 11:30:00,2024-02-14 12:30:00,1.0,2747.0,2749.9,2820.9938577543944,0.5568705464279281,0.00011137410928558562,0.0794187541823624,0.4020603993746144,-0.4814588816040514,False,False,2751.5003447336176,True,0.75,0.5,14.799310532764954,2751.5003447336176,adverse_first,volatility_stop,0.006,,0.0001113741092855856,5.56870546427928e-05,5.56870546427928e-05,0.0,0.0,fractional_return,R,False
ETHUSD,2024-02-15 00:30:00,2024-02-15 01:00:00,2024-02-15 02:00:00,short,,,2819.45,2781.0902490324884,2741.555795433512,2850.607681826595,r_trailing_stop,3,0.007386894412940957,0.00727830674525664,0.00010858766768431696,,,,,1.2130511242094402,1.481175661810864,-0.009628444172124207,,,,,,,,2024-02-15 00:30:00,2024-02-15 01:00:00,2024-02-15 02:00:00,-1.0,2819.45,2781.0902490324884,2741.555795433512,0.5429383384215842,0.00010858766768431685,1.2130511242094402,1.481175661810864,-0.009628444172124207,False,False,2781.0902490324884,True,0.75,0.5,15.580498064976432,2781.0902490324884,adverse_first,volatility_stop,0.006,,0.00010858766768431696,5.429383384215848e-05,5.429383384215848e-05,0.0,0.0,fractional_return,R,False
ETHUSD,2024-02-15 04:30:00,2024-02-15 05:00:00,2024-02-15 06:00:00,short,,,2797.0,2771.55,2718.8456113617867,2828.2617554552853,r_trailing_stop,3,0.004884562551786678,0.004777198139548192,0.00010736441223848595,,,,,0.7961996899246987,1.1195788429111608,-0.03678616198136962,,,,,,,,2024-02-15 04:30:00,2024-02-15 05:00:00,2024-02-15 06:00:00,-1.0,2797.0,2771.55,2718.8456113617867,0.5368220611924315,0.0001073644122384863,0.7961996899246987,1.1195788429111608,-0.03678616198136962,False,False,2769.8152989060513,True,0.75,0.5,15.63059781210295,2769.8152989060513,adverse_first,volatility_stop,0.006,,0.00010736441223848595,5.3682206119242976e-05,5.3682206119242976e-05,0.0,0.0,fractional_return,R,False
ETHUSD,2024-02-15 07:30:00,2024-02-15 08:00:00,2024-02-15 13:00:00,short,,,2773.25,2804.5328132989816,2695.042966752546,2804.5328132989816,stop_loss,11,-0.006,-0.006106381097128126,0.00010638109712812586,,,,,-1.0177301828546876,0.12147245082090763,-1.2994355594393867,,,,,,,,2024-02-15 07:30:00,2024-02-15 08:00:00,2024-02-15 13:00:00,-1.0,2773.25,2804.5328132989816,2695.042966752546,0.5319054856406304,0.0001063810971281261,-1.0177301828546876,0.12147245082090763,-1.2994355594393867,False,False,2804.5328132989816,False,0.75,0.5,15.643098180121017,,adverse_first,volatility_stop,0.006,,0.00010638109712812586,5.319054856406293e-05,5.319054856406293e-05,0.0,0.0,fractional_return,R,False
ETHUSD,2024-02-15 13:00:00,2024-02-15 13:30:00,2024-02-15 14:00:00,short,,,2795.8,2826.2317550702023,2719.720612324495,2826.2317550702023,stop_loss,2,-0.006,-0.006110245366797299,0.00011024536679729927,,,,,-1.0183742277995498,0.16594507902519856,-1.2634828294096287,,,,,,,,2024-02-15 13:00:00,2024-02-15 13:30:00,2024-02-15 14:00:00,-1.0,2795.8,2826.2317550702023,2719.720612324495,0.5512268339864969,0.00011024536679729937,-1.0183742277995498,0.16594507902519856,-1.2634828294096287,False,False,2826.2317550702023,False,0.75,0.5,15.22077559662734,,adverse_first,volatility_stop,0.006,,0.00011024536679729927,5.512268339864963e-05,5.512268339864963e-05,0.0,0.0,fractional_return,R,False
ETHUSD,2024-02-15 14:00:00,2024-02-15 14:30:00,2024-02-15 15:00:00,short,,,2831.25,2862.827668071259,2752.305829821853,2862.827668071259,stop_loss,2,-0.006,-0.00610759185866205,0.00010759185866205008,,,,,-1.017931976443675,0.07600307896657225,-1.1907149038095983,,,,,,,,2024-02-15 14:00:00,2024-02-15 14:30:00,2024-02-15 15:00:00,-1.0,2831.25,2862.827668071259,2752.305829821853,0.5379592933102488,0.00010759185866204977,-1.017931976443675,0.07600307896657225,-1.1907149038095983,False,False,2862.827668071259,False,0.75,0.5,15.789949345898343,,adverse_first,volatility_stop,0.006,,0.00010759185866205008,5.379592933102504e-05,5.379592933102504e-05,0.0,0.0,fractional_return,R,False
ETHUSD,2024-02-19 16:30:00,2024-02-19 17:00:00,2024-02-19 17:00:00,short,,,2897.65,2926.4127341373824,2825.743164656544,2926.4127341373824,stop_loss,1,-0.006000000000000001,-0.006120891845100386,0.00012089184510038521,,,,,-1.0201486408500642,0.3389802914225789,-1.5593093405438598,,,,,,,,2024-02-19 16:30:00,2024-02-19 17:00:00,2024-02-19 17:00:00,-1.0,2897.65,2926.4127341373824,2825.743164656544,0.6044592255019279,0.00012089184510038558,-1.0201486408500642,0.3389802914225789,-1.5593093405438598,False,False,2926.4127341373824,False,0.75,0.5,14.380374316409098,,adverse_first,volatility_stop,0.006,,0.00012089184510038521,6.0445922550192606e-05,6.0445922550192606e-05,0.0,0.0,fractional_return,R,False
ETHUSD,2024-02-19 17:00:00,2024-02-19 17:30:00,2024-02-19 18:00:00,short,,,2940.9,2943.2,2864.8098743980286,2971.3360502407886,r_trailing_stop,2,-0.0004534096865664535,-0.0005693603428467659,0.00011595065628031246,,,,,-0.09489339047446099,0.5010505594304379,-0.42548227833602015,,,,,,,,2024-02-19 17:00:00,2024-02-19 17:30:00,2024-02-19 18:00:00,-1.0,2940.9,2943.2,2864.8098743980286,0.5797532814015621,0.00011595065628031243,-0.09489339047446099,0.5010505594304379,-0.42548227833602015,False,False,2933.259141592409,True,0.75,0.5,15.21828318481724,2933.259141592409,adverse_first,volatility_stop,0.006,,0.00011595065628031246,5.797532814015623e-05,5.797532814015623e-05,0.0,0.0,fractional_return,R,False
ETHUSD,2024-02-19 21:00:00,2024-02-19 21:30:00,2024-02-19 22:00:00,short,,,2943.05,2973.166197525896,2867.75950618526,2973.166197525896,stop_loss,2,-0.005999999999999999,-0.006117267792421776,0.00011726779242177653,,,,,-1.019544632070296,0.1394598370657124,-1.3647141198572368,,,,,,,,2024-02-19 21:00:00,2024-02-19 21:30:00,2024-02-19 22:00:00,-1.0,2943.05,2973.166197525896,2867.75950618526,0.5863389621088814,0.00011726779242177628,-1.019544632070296,0.1394598370657124,-1.3647141198572368,False,False,2973.166197525896,False,0.75,0.5,15.057587591473565,,adverse_first,volatility_stop,0.006,,0.00011726779242177653,5.863389621088826e-05,5.863389621088826e-05,0.0,0.0,fractional_return,R,False
ETHUSD,2024-02-19 22:00:00,2024-02-19 22:30:00,2024-02-20 00:00:00,short,,,2974.15,2944.25,2896.567290404439,3005.1830838382243,r_trailing_stop,4,0.005780927249615714,0.005665921598917089,0.00011500565069862568,,,,,0.9443202664861814,1.2518897639217985,-0.043501960908476654,,,,,,,,2024-02-19 22:00:00,2024-02-19 22:30:00,2024-02-20 00:00:00,-1.0,2974.15,2944.25,2896.567290404439,0.575028253493128,0.00011500565069862561,0.9443202664861814,1.2518897639217985,-0.043501960908476654,False,False,2943.0581404057216,True,0.75,0.5,15.516280811443194,2943.0581404057216,adverse_first,volatility_stop,0.006,,0.00011500565069862568,5.750282534931284e-05,5.750282534931284e-05,0.0,0.0,fractional_return,R,False
ETHUSD,2024-02-20 00:30:00,2024-02-20 01:00:00,2024-02-20 01:30:00,short,,,2935.15,2915.6,2856.607965699374,2966.5668137202506,r_trailing_stop,2,0.00373366952627637,0.0036215582208027125,0.00011211130547365746,,,,,0.6035930368004522,0.9676347280375222,-0.29601983456410086,,,,,,,,2024-02-20 00:30:00,2024-02-20 01:00:00,2024-02-20 01:30:00,-1.0,2935.15,2915.6,2856.607965699374,0.5605565273682878,0.00011211130547365756,0.6035930368004522,0.9676347280375222,-0.29601983456410086,False,False,2912.603668293275,True,0.75,0.5,15.70733658654958,2912.603668293275,adverse_first,volatility_stop,0.006,,0.00011211130547365746,5.605565273682873e-05,5.605565273682873e-05,0.0,0.0,fractional_return,R,False
ETHUSD,2024-02-20 01:30:00,2024-02-20 02:00:00,2024-02-20 04:00:00,short,,,2921.75,2914.749350373196,2840.7592692145845,2954.146292314166,r_trailing_stop,5,0.001296564969641764,0.001188339621938414,0.00010822534770335004,,,,,0.19805660365640235,0.5278381808069575,-0.27780956884576863,,,,,,,,2024-02-20 01:30:00,2024-02-20 02:00:00,2024-02-20 04:00:00,-1.0,2921.75,2914.749350373196,2840.7592692145845,0.5411267385167496,0.00010822534770334993,0.19805660365640235,0.5278381808069575,-0.27780956884576863,False,False,2914.749350373196,True,0.75,0.5,16.198700746392362,2914.749350373196,adverse_first,volatility_stop,0.006,,0.00010822534770335004,5.411267385167502e-05,5.411267385167502e-05,0.0,0.0,fractional_return,R,False
ETHUSD,2024-02-20 04:00:00,2024-02-20 04:30:00,2024-02-20 08:30:00,short,,,2917.3500000000004,2912.0696436074973,2837.1508129246304,2949.4296748301485,r_trailing_stop,9,0.0009876078396294805,0.0008784789279888306,0.00010912891164064991,,,,,0.1464131546648051,0.41459273108033395,-0.5517512285805816,,,,,,,,2024-02-20 04:00:00,2024-02-20 04:30:00,2024-02-20 08:30:00,-1.0,2917.3500000000004,2912.0696436074973,2837.1508129246304,0.5456445582032493,0.00010912891164064987,0.1464131546648051,0.41459273108033395,-0.5517512285805816,False,False,2912.0696436074973,True,0.75,0.5,16.039287214994463,2912.0696436074973,adverse_first,volatility_stop,0.006,,0.00010912891164064991,5.4564455820324954e-05,5.4564455820324954e-05,0.0,0.0,fractional_return,R,False
ETHUSD,2024-02-20 10:00:00,2024-02-20 10:30:00,2024-02-20 12:00:00,short,,,2915.9,2947.153094507288,2837.7672637317796,2947.153094507288,stop_loss,4,-0.005999999999999999,-0.006111959473299004,0.00011195947329900504,,,,,-1.0186599122165008,0.12478764299933968,-1.251076113147194,,,,,,,,2024-02-20 10:00:00,2024-02-20 10:30:00,2024-02-20 12:00:00,-1.0,2915.9,2947.153094507288,2837.7672637317796,0.5597973664950231,0.00011195947329900462,-1.0186599122165008,0.12478764299933968,-1.251076113147194,False,False,2947.153094507288,False,0.75,0.5,15.621991763966427,,adverse_first,volatility_stop,0.006,,0.00011195947329900504,5.597973664950252e-05,5.597973664950252e-05,0.0,0.0,fractional_return,R,False
ETHUSD,2024-02-20 12:00:00,2024-02-20 12:30:00,2024-02-20 13:00:00,short,,,2947.45,2938.4111454945114,2868.8398805511415,2978.894047779543,r_trailing_stop,2,0.0017247501788943541,0.001612266569125098,0.00011248360976925617,,,,,0.26871109485418293,0.6392306785984609,-0.7553098814285332,,,,,,,,2024-02-20 12:00:00,2024-02-20 12:30:00,2024-02-20 13:00:00,-1.0,2947.45,2938.4111454945114,2868.8398805511415,0.5624180488462813,0.00011248360976925627,0.26871109485418293,0.6392306785984609,-0.7553098814285332,False,False,2938.4111454945114,True,0.75,0.5,15.72229098902261,2938.4111454945114,adverse_first,volatility_stop,0.006,,0.00011248360976925617,5.624180488462808e-05,5.624180488462808e-05,0.0,0.0,fractional_return,R,False
ETHUSD,2024-02-25 16:00:00,2024-02-25 16:30:00,2024-02-25 17:00:00,short,,,3041.15,3040.15,2972.2032270271798,3068.728709189128,r_trailing_stop,2,0.00021755913080825627,8.523314067675908e-05,0.0001323259901314972,,,,,0.014205523446126512,0.45143519642711555,-0.4605001602107924,,,,,,,,2024-02-25 16:00:00,2024-02-25 16:30:00,2024-02-25 17:00:00,-1.0,3041.15,3040.15,2972.2032270271798,0.661629950657486,0.0001323259901314972,0.014205523446126512,0.45143519642711555,-0.4605001602107924,False,False,3035.594450571992,True,0.75,0.5,13.788901143984859,3035.594450571992,adverse_first,volatility_stop,0.006,,0.0001323259901314972,6.61629950657486e-05,6.61629950657486e-05,0.0,0.0,fractional_return,R,False
ETHUSD,2024-02-25 17:00:00,2024-02-25 17:30:00,2024-02-25 19:00:00,short,,,3047.95,3075.55206216271,2978.944844593224,3075.55206216271,stop_loss,4,-0.006,-0.006132509664619958,0.0001325096646199583,,,,,-1.0220849441033264,0.07608127203033757,-1.371274355404311,,,,,,,,2024-02-25 17:00:00,2024-02-25 17:30:00,2024-02-25 19:00:00,-1.0,3047.95,3075.55206216271,2978.944844593224,0.6625483230997934,0.00013250966461995868,-1.0220849441033264,0.07608127203033757,-1.371274355404311,False,False,3075.55206216271,False,0.75,0.5,13.80057839716258,,adverse_first,volatility_stop,0.006,,0.0001325096646199583,6.625483230997915e-05,6.625483230997915e-05,0.0,0.0,fractional_return,R,False
ETHUSD,2024-02-25 21:00:00,2024-02-25 21:30:00,2024-02-26 00:00:00,short,,,3091.05,3120.164360320894,3018.264099197765,3120.164360320894,stop_loss,6,-0.006,-0.006127403108264001,0.00012740310826400095,,,,,-1.0212338513773336,0.0,-1.0836576745035997,,,,,,,,2024-02-25 21:00:00,2024-02-25 21:30:00,2024-02-26 00:00:00,-1.0,3091.05,3120.164360320894,3018.264099197765,0.6370155413200052,0.00012740310826400104,-1.0212338513773336,0.0,-1.0836576745035997,False,False,3120.164360320894,False,0.75,0.5,14.556709128388766,,adverse_first,volatility_stop,0.006,,0.00012740310826400095,6.370155413200048e-05,6.370155413200048e-05,0.0,0.0,fractional_return,R,False
ETHUSD,2024-02-26 01:30:00,2024-02-26 02:00:00,2024-02-26 03:00:00,short,,,3107.15,3097.821934533588,3034.4236307822634,3136.240547687095,r_trailing_stop,3,0.0019239374040146348,0.0017957658742068926,0.00012817152980774222,,,,,0.29929431236781545,0.742509224382259,-0.10656382386967339,,,,,,,,2024-02-26 01:30:00,2024-02-26 02:00:00,2024-02-26 03:00:00,-1.0,3107.15,3097.821934533588,3034.4236307822634,0.6408576490387112,0.00012817152980774225,0.29929431236781545,0.742509224382259,-0.10656382386967339,False,False,3097.821934533588,True,0.75,0.5,14.54386906717565,3097.821934533588,adverse_first,volatility_stop,0.006,,0.00012817152980774222,6.408576490387111e-05,6.408576490387111e-05,0.0,0.0,fractional_return,R,False
ETHUSD,2024-02-26 03:00:00,2024-02-26 03:30:00,2024-02-26 08:00:00,short,,,3097.65,3093.1863747746734,3025.2955933466787,3126.5917626613286,r_trailing_stop,10,0.0009253669745466422,0.0007969304296306399,0.0001284365449160023,,,,,0.1328217382717733,0.4042601045731607,-0.6081177641442244,,,,,,,,2024-02-26 03:00:00,2024-02-26 03:30:00,2024-02-26 08:00:00,-1.0,3097.65,3093.1863747746734,3025.2955933466787,0.6421827245800114,0.00012843654491600227,0.1328217382717733,0.4042601045731607,-0.6081177641442244,False,False,3093.1863747746734,True,0.75,0.5,14.472749549346934,3093.1863747746734,adverse_first,volatility_stop,0.006,,0.0001284365449160023,6.421827245800115e-05,6.421827245800115e-05,0.0,0.0,fractional_return,R,False
ETHUSD,2024-02-26 08:00:00,2024-02-26 08:30:00,2024-02-26 09:30:00,short,,,3102.05,3060.0539146747697,3031.015431988938,3130.463827204425,r_trailing_stop,3,0.008868094753252504,0.008737086002716415,0.0001310087505360883,,,,,1.4561810004527358,2.2629827209615447,-0.007038826503761991,,,,,,,,2024-02-26 08:00:00,2024-02-26 08:30:00,2024-02-26 09:30:00,-1.0,3102.05,3060.0539146747697,3031.015431988938,0.6550437526804381,0.00013100875053608763,1.4561810004527358,2.2629827209615447,-0.007038826503761991,False,False,3060.0539146747697,True,0.75,0.5,14.207829349539844,3060.0539146747697,adverse_first,volatility_stop,0.006,,0.0001310087505360883,6.550437526804415e-05,6.550437526804415e-05,0.0,0.0,fractional_return,R,False
ETHUSD,2024-02-26 20:00:00,2024-02-26 20:30:00,2024-02-27 01:30:00,short,,,3178.5,3213.1903435830027,3091.7741410424933,3213.1903435830027,stop_loss,11,-0.006,-0.00610994990553708,0.00010994990553708003,,,,,-1.01832498425618,0.3502415584593057,-1.4773563679868276,,,,,,,,2024-02-26 20:00:00,2024-02-26 20:30:00,2024-02-27 01:30:00,-1.0,3178.5,3213.1903435830027,3091.7741410424933,0.5497495276854008,0.00010994990553708016,-1.01832498425618,0.3502415584593057,-1.4773563679868276,False,False,3213.1903435830027,False,0.75,0.5,17.345717173658336,,adverse_first,volatility_stop,0.006,,0.00010994990553708003,5.4974952768540013e-05,5.4974952768540013e-05,0.0,0.0,fractional_return,R,False
ETHUSD,2024-02-27 09:00:00,2024-02-27 09:30:00,2024-02-27 12:30:00,short,,,3241.8,3279.279240134172,3148.10189966457,3279.279240134172,stop_loss,7,-0.005999999999999999,-0.006103795060574162,0.00010379506057416315,,,,,-1.0172991767623605,0.0026681437415052634,-1.2500253428906658,,,,,,,,2024-02-27 09:00:00,2024-02-27 09:30:00,2024-02-27 12:30:00,-1.0,3241.8,3279.279240134172,3148.10189966457,0.5189753028708152,0.00010379506057416304,-1.0172991767623605,0.0026681437415052634,-1.2500253428906658,False,False,3279.279240134172,False,0.75,0.5,18.740776331707362,,adverse_first,volatility_stop,0.006,,0.00010379506057416315,5.1897530287081575e-05,5.1897530287081575e-05,0.0,0.0,fractional_return,R,False
ETHUSD,2024-02-27 12:30:00,2024-02-27 13:00:00,2024-02-27 13:30:00,short,,,3258.05,3253.55,3164.274877146422,3295.5600491414316,r_trailing_stop,2,0.0007198071081750938,0.0006155774393399859,0.00010422966883510791,,,,,0.10259623988999765,0.41455557526381803,-0.6198338987063445,,,,,,,,2024-02-27 12:30:00,2024-02-27 13:00:00,2024-02-27 13:30:00,-1.0,3258.05,3253.55,3164.274877146422,0.5211483441755395,0.0001042296688351079,0.10259623988999765,0.41455557526381803,-0.6198338987063445,False,False,3251.877224683495,True,0.75,0.5,18.754449366989814,3251.877224683495,adverse_first,volatility_stop,0.006,,0.00010422966883510791,5.2114834417553955e-05,5.2114834417553955e-05,0.0,0.0,fractional_return,R,False
ETHUSD,2024-02-28 04:00:00,2024-02-28 04:30:00,2024-02-28 06:00:00,short,,,3266.3,3260.7703942426997,3173.594635158731,3303.382145936508,r_trailing_stop,4,0.0008947064336732428,0.000789007049211753,0.00010569938446148978,,,,,0.1315011748686255,0.39911390309883243,-0.09977847577470197,,,,,,,,2024-02-28 04:00:00,2024-02-28 04:30:00,2024-02-28 06:00:00,-1.0,3266.3,3260.7703942426997,3173.594635158731,0.5284969223074487,0.00010569938446148975,0.1315011748686255,0.39911390309883243,-0.09977847577470197,False,False,3260.7703942426997,True,0.75,0.5,18.540788485398945,3260.7703942426997,adverse_first,volatility_stop,0.006,,0.00010569938446148978,5.284969223074489e-05,5.284969223074489e-05,0.0,0.0,fractional_return,R,False
ETHUSD,2024-02-29 11:30:00,2024-02-29 12:00:00,2024-02-29 12:30:00,short,,,3513.65,3474.55,3358.073572221538,3575.880571111385,r_trailing_stop,2,0.0037698513095773176,0.0037020971507338574,6.775415884346025e-05,,,,,0.6170161917889763,1.0316472893216788,-0.0658840169192955,,,,,,,,2024-02-29 11:30:00,2024-02-29 12:00:00,2024-02-29 12:30:00,-1.0,3513.65,3474.55,3358.073572221538,0.3387707942173002,6.775415884346005e-05,0.6170161917889763,1.0316472893216788,-0.0658840169192955,False,False,3465.007864163391,True,0.75,0.5,31.11572832678195,3465.007864163391,adverse_first,volatility_stop,0.006,,6.775415884346025e-05,3.3877079421730126e-05,3.3877079421730126e-05,0.0,0.0,fractional_return,R,False
ETHUSD,2024-03-04 23:00:00,2024-03-04 23:30:00,2024-03-05 02:00:00,long,,,3624.8,3648.0,3745.140866737068,3576.6636533051733,r_trailing_stop,6,0.0028917857203101293,0.0028014224023878856,9.036331792224364e-05,,,,,0.4669037337313143,0.7437207527809141,-0.3178471373616818,,,,,,,,2024-03-04 23:00:00,2024-03-04 23:30:00,2024-03-05 02:00:00,1.0,3624.8,3648.0,3745.140866737068,0.45181658961121807,9.036331792224361e-05,0.4669037337313143,0.7437207527809141,-0.3178471373616818,False,False,3648.566743273437,True,0.75,0.5,24.06651345312562,3648.566743273437,adverse_first,volatility_stop,0.006,,9.036331792224364e-05,4.518165896112182e-05,4.518165896112182e-05,0.0,0.0,fractional_return,R,False
ETHUSD,2024-03-05 02:00:00,2024-03-05 02:30:00,2024-03-05 04:30:00,long,,,3626.2,3715.4,3748.5411268168127,3577.2635492732747,r_trailing_stop,5,0.010936632960749575,0.010847712740026997,8.892022072257838e-05,,,,,1.8079521233378328,2.3550951956771136,-0.30651998208378917,,,,,,,,2024-03-05 02:00:00,2024-03-05 02:30:00,2024-03-05 04:30:00,1.0,3626.2,3715.4,3748.5411268168127,0.4446011036128937,8.892022072257875e-05,1.8079521233378328,2.3550951956771136,-0.30651998208378917,False,False,3729.2142007169728,True,0.75,0.5,24.47159856605401,3729.2142007169728,adverse_first,volatility_stop,0.006,,8.892022072257838e-05,4.446011036128919e-05,4.446011036128919e-05,0.0,0.0,fractional_return,R,False
ETHUSD,2024-03-05 04:30:00,2024-03-05 05:00:00,2024-03-05 06:00:00,long,,,3696.7,3714.9,3828.3042622928506,3644.0582950828593,r_trailing_stop,3,0.0020744008989049293,0.0019901323516194175,8.42685472855118e-05,,,,,0.3316887252699029,0.6933666008244227,-0.9650143375857667,,,,,,,,2024-03-05 04:30:00,2024-03-05 05:00:00,2024-03-05 06:00:00,1.0,3696.7,3714.9,3828.3042622928506,0.4213427364275593,8.426854728551187e-05,0.3316887252699029,0.6933666008244227,-0.9650143375857667,False,False,3720.0392174357094,True,0.75,0.5,26.321565128580918,3720.0392174357094,adverse_first,volatility_stop,0.006,,8.42685472855118e-05,4.21342736427559e-05,4.21342736427559e-05,0.0,0.0,fractional_return,R,False
ETHUSD,2024-03-05 10:00:00,2024-03-05 10:30:00,2024-03-05 11:30:00,long,,,3713.45,3726.837754403128,3848.0706426828865,3659.601742926845,r_trailing_stop,3,0.001491720081295149,0.0014089664279327721,8.275365336237687e-05,,,,,0.23482773798879536,0.5422645334709904,-0.0928535160053057,,,,,,,,2024-03-05 10:00:00,2024-03-05 10:30:00,2024-03-05 11:30:00,1.0,3713.45,3726.837754403128,3848.0706426828865,0.41376826681188433,8.275365336237687e-05,0.23482773798879536,0.5422645334709904,-0.0928535160053057,False,False,3726.837754403128,True,0.75,0.5,26.9244911937442,3726.837754403128,adverse_first,volatility_stop,0.006,,8.275365336237687e-05,4.1376826681188434e-05,4.1376826681188434e-05,0.0,0.0,fractional_return,R,False
ETHUSD,2024-03-05 12:00:00,2024-03-05 12:30:00,2024-03-05 15:00:00,long,,,3770.05,3795.066003784106,3904.3881831720473,3716.3147267311815,r_trailing_stop,6,0.002793249453738833,0.002709057828298171,8.419162544066189e-05,,,,,0.45150963804969513,1.0523813606957941,-0.34614134940658264,,,,,,,,2024-03-05 12:00:00,2024-03-05 12:30:00,2024-03-05 15:00:00,1.0,3770.05,3795.066003784106,3904.3881831720473,0.42095812720330866,8.419162544066174e-05,0.45150963804969513,1.0523813606957941,-0.34614134940658264,False,False,3795.066003784106,True,0.75,0.5,26.867992431787744,3795.066003784106,adverse_first,volatility_stop,0.006,,8.419162544066189e-05,4.2095812720330944e-05,4.2095812720330944e-05,0.0,0.0,fractional_return,R,False
ETHUSD,2024-03-12 00:30:00,2024-03-12 01:00:00,2024-03-12 03:30:00,short,,,4058.05,4048.4166544256886,3936.4104375560537,4106.705824977579,r_trailing_stop,6,0.0011879373841159778,0.0010878535811541738,0.00010008380296180398,,,,,0.18130893019236227,0.7429737347308022,-0.25279604252250737,,,,,,,,2024-03-12 00:30:00,2024-03-12 01:00:00,2024-03-12 03:30:00,-1.0,4058.05,4048.4166544256886,3936.4104375560537,0.5004190148090203,0.00010008380296180406,0.18130893019236227,0.7429737347308022,-0.25279604252250737,False,False,4048.4166544256886,True,0.75,0.5,24.33330885137747,4048.4166544256886,adverse_first,volatility_stop,0.006,,0.00010008380296180398,5.004190148090199e-05,5.004190148090199e-05,0.0,0.0,fractional_return,R,False
ETHUSD,2024-03-12 03:30:00,2024-03-12 04:00:00,2024-03-12 06:30:00,short,,,4030.15,4017.4954103790747,3912.70172372947,4077.1293105082123,r_trailing_stop,6,0.0016161909764997701,0.0015132482140862045,0.00010294276241356562,,,,,0.25220803568103406,0.6236787999448913,-0.47254844227905757,,,,,,,,2024-03-12 03:30:00,2024-03-12 04:00:00,2024-03-12 06:30:00,-1.0,4030.15,4017.4954103790747,3912.70172372947,0.5147138120678278,0.00010294276241356558,0.25220803568103406,0.6236787999448913,-0.47254844227905757,False,False,4017.4954103790747,True,0.75,0.5,23.490820758149738,4017.4954103790747,adverse_first,volatility_stop,0.006,,0.00010294276241356562,5.147138120678281e-05,5.147138120678281e-05,0.0,0.0,fractional_return,R,False
ETHUSD,2024-03-12 06:30:00,2024-03-12 07:00:00,2024-03-12 08:30:00,short,,,4030.75,3978.6272936614346,3914.989985840977,4077.054005663609,r_trailing_stop,4,0.006753978053289139,0.006649518408153051,0.00010445964513608724,,,,,1.1082530680255087,1.3756909167377371,-0.07990669375085387,,,,,,,,2024-03-12 06:30:00,2024-03-12 07:00:00,2024-03-12 08:30:00,-1.0,4030.75,3978.6272936614346,3914.989985840977,0.5222982256804379,0.00010445964513608759,1.1082530680255087,1.3756909167377371,-0.07990669375085387,False,False,3978.6272936614346,True,0.75,0.5,23.15458732286919,3978.6272936614346,adverse_first,volatility_stop,0.006,,0.00010445964513608724,5.222982256804362e-05,5.222982256804362e-05,0.0,0.0,fractional_return,R,False
ETHUSD,2024-03-12 14:30:00,2024-03-12 15:00:00,2024-03-12 15:30:00,long,,,3980.35,3991.758229373439,4111.279221206693,3927.9783115173223,r_trailing_stop,2,0.0013069919688243974,0.0012157896391233063,9.120232970109116e-05,,,,,0.20263160652055104,0.46781000784619664,-0.550870152096438,,,,,,,,2024-03-12 14:30:00,2024-03-12 15:00:00,2024-03-12 15:30:00,1.0,3980.35,3991.758229373439,4111.279221206693,0.456011648505456,9.12023297010912e-05,0.20263160652055104,0.46781000784619664,-0.550870152096438,False,False,3991.758229373439,True,0.75,0.5,26.183541253121934,3991.758229373439,adverse_first,volatility_stop,0.006,,9.120232970109116e-05,4.560116485054558e-05,4.560116485054558e-05,0.0,0.0,fractional_return,R,False
ETHUSD,2024-03-12 16:00:00,2024-03-12 16:30:00,2024-03-12 17:00:00,long,,,3923.6,3867.7533635836094,4063.2165910409763,3867.7533635836094,stop_loss,2,-0.006,-0.006084308031819409,8.430803181940904e-05,,,,,-1.0140513386365682,0.26232555691931403,-1.633043740002815,,,,,,,,2024-03-12 16:00:00,2024-03-12 16:30:00,2024-03-12 17:00:00,1.0,3923.6,3867.7533635836094,4063.2165910409763,0.42154015909704334,8.430803181940867e-05,-1.0140513386365682,0.26232555691931403,-1.633043740002815,False,False,3867.7533635836094,False,0.75,0.5,27.922250737149856,,adverse_first,volatility_stop,0.006,,8.430803181940904e-05,4.215401590970452e-05,4.215401590970452e-05,0.0,0.0,fractional_return,R,False
ETHUSD,2024-03-13 13:30:00,2024-03-13 14:00:00,2024-03-13 14:30:00,long,,,3973.8,3983.95,4105.087949960679,3921.2848200157287,r_trailing_stop,2,0.0011596646915851226,0.0010688612324438191,9.080345914130351e-05,,,,,0.17814353874063651,0.5055681044595399,-0.36275225574216297,,,,,,,,2024-03-13 13:30:00,2024-03-13 14:00:00,2024-03-13 14:30:00,1.0,3973.8,3983.95,4105.087949960679,0.4540172957065176,9.080345914130353e-05,0.17814353874063651,0.5055681044595399,-0.36275225574216297,False,False,3987.2299599869616,True,0.75,0.5,26.24008002607621,3987.2299599869616,adverse_first,volatility_stop,0.006,,9.080345914130351e-05,4.540172957065176e-05,4.540172957065176e-05,0.0,0.0,fractional_return,R,False
ETHUSD,2024-03-14 10:30:00,2024-03-14 11:00:00,2024-03-14 13:00:00,long,,,3968.6,3920.303087876923,4089.3422803076915,3920.303087876923,stop_loss,5,-0.006,-0.006098605061703822,9.860506170382161e-05,,,,,-1.0164341769506369,0.06108050950509392,-1.0269807699838551,,,,,,,,2024-03-14 10:30:00,2024-03-14 11:00:00,2024-03-14 13:00:00,1.0,3968.6,3920.303087876923,4089.3422803076915,0.49302530851910603,9.86050617038212e-05,-1.0164341769506369,0.06108050950509392,-1.0269807699838551,False,False,3920.303087876923,False,0.75,0.5,24.14936800538949,,adverse_first,volatility_stop,0.006,,9.860506170382161e-05,4.9302530851910806e-05,4.9302530851910806e-05,0.0,0.0,fractional_return,R,False
ETHUSD,2024-03-14 13:00:00,2024-03-14 13:30:00,2024-03-14 13:30:00,long,,,3924.3,3875.008669698425,4047.5283257539386,3875.008669698425,stop_loss,1,-0.006,-0.006095537287616064,9.553728761606348e-05,,,,,-1.015922881269344,0.0862220592140151,-1.4931631901533042,,,,,,,,2024-03-14 13:00:00,2024-03-14 13:30:00,2024-03-14 13:30:00,1.0,3924.3,3875.008669698425,4047.5283257539386,0.47768643808031835,9.553728761606367e-05,-1.015922881269344,0.0862220592140151,-1.4931631901533042,False,False,3875.008669698425,False,0.75,0.5,24.645351316081673,,adverse_first,volatility_stop,0.006,,9.553728761606348e-05,4.776864380803174e-05,4.776864380803174e-05,0.0,0.0,fractional_return,R,False
ETHUSD,2024-03-14 13:30:00,2024-03-14 14:00:00,2024-03-14 14:30:00,long,,,3878.05,3911.2,4006.815585664427,3826.5437657342295,r_trailing_stop,2,0.0038616684530590937,0.003771317060332783,9.035139272631047e-05,,,,,0.6285528433887971,1.0115280362211188,-0.2485136058278412,,,,,,,,2024-03-14 13:30:00,2024-03-14 14:00:00,2024-03-14 14:30:00,1.0,3878.05,3911.2,4006.815585664427,0.451756963631552,9.03513927263104e-05,0.6285528433887971,1.0115280362211188,-0.2485136058278412,False,False,3917.273109251502,True,0.75,0.5,25.75378149699665,3917.273109251502,adverse_first,volatility_stop,0.006,,9.035139272631047e-05,4.5175696363155236e-05,4.5175696363155236e-05,0.0,0.0,fractional_return,R,False
ETHUSD,2024-03-16 17:30:00,2024-03-16 18:00:00,2024-03-16 21:00:00,long,,,3631.8,3565.9844302073125,3796.33892448172,3565.9844302073125,stop_loss,7,-0.006,-0.006066217766004727,6.621776600472702e-05,,,,,-1.0110362943341211,0.08584594827328178,-1.324154759649026,,,,,,,,2024-03-16 17:30:00,2024-03-16 18:00:00,2024-03-16 21:00:00,1.0,3631.8,3565.9844302073125,3796.33892448172,0.3310888300236361,6.621776600472722e-05,-1.0110362943341211,0.08584594827328178,-1.324154759649026,False,False,3565.9844302073125,False,0.75,0.5,32.90642724685308,,adverse_first,volatility_stop,0.006,,6.621776600472702e-05,3.310888300236351e-05,3.310888300236351e-05,0.0,0.0,fractional_return,R,False
ETHUSD,2024-03-16 21:00:00,2024-03-16 21:30:00,2024-03-16 22:00:00,long,,,3550.95,3554.65,3724.7549067836253,3481.4280372865496,r_trailing_stop,2,0.0003193235509115751,0.0002580315529056613,6.12919980059138e-05,,,,,0.04300525881761021,0.4200111570548488,-0.4049080161333469,,,,,,,,2024-03-16 21:00:00,2024-03-16 21:30:00,2024-03-16 22:00:00,1.0,3550.95,3554.65,3724.7549067836253,0.3064599900295688,6.129199800591377e-05,0.04300525881761021,0.4200111570548488,-0.4049080161333469,False,False,3562.769020622774,True,0.75,0.5,34.76195875445237,3562.769020622774,adverse_first,volatility_stop,0.006,,6.12919980059138e-05,3.06459990029569e-05,3.06459990029569e-05,0.0,0.0,fractional_return,R,False
ETHUSD,2024-03-16 22:00:00,2024-03-16 22:30:00,2024-03-16 23:00:00,long,,,3561.75,3491.777776388917,3736.680559027707,3491.777776388917,stop_loss,2,-0.006,-0.006061082809426726,6.10828094267258e-05,,,,,-1.0101804682377877,0.2436681174342391,-1.3362445149619422,,,,,,,,2024-03-16 22:00:00,2024-03-16 22:30:00,2024-03-16 23:00:00,1.0,3561.75,3491.777776388917,3736.680559027707,0.30541404713362763,6.108280942672552e-05,-1.0101804682377877,0.2436681174342391,-1.3362445149619422,False,False,3491.777776388917,False,0.75,0.5,34.987095003726246,,adverse_first,volatility_stop,0.006,,6.10828094267258e-05,3.05414047133629e-05,3.05414047133629e-05,0.0,0.0,fractional_return,R,False
ETHUSD,2024-03-17 00:00:00,2024-03-17 00:30:00,2024-03-17 06:30:00,long,,,3557.95,3485.8039400472303,3738.3151498819234,3485.8039400472303,stop_loss,13,-0.005999999999999999,-0.006059179115294654,5.917911529465438e-05,,,,,-1.0098631858824425,0.30493695725591,-1.5898304089660373,,,,,,,,2024-03-17 00:00:00,2024-03-17 00:30:00,2024-03-17 06:30:00,1.0,3557.95,3485.8039400472303,3738.3151498819234,0.29589557647327264,5.917911529465453e-05,-1.0098631858824425,0.30493695725591,-1.5898304089660373,False,False,3485.8039400472303,False,0.75,0.5,36.073536528576106,,adverse_first,volatility_stop,0.006,,5.917911529465438e-05,2.958955764732719e-05,2.958955764732719e-05,0.0,0.0,fractional_return,R,False
ETHUSD,2024-03-17 06:30:00,2024-03-17 07:00:00,2024-03-17 08:00:00,long,,,3443.4,3463.0172995596163,3616.1893639029936,3374.2842544388027,r_trailing_stop,3,0.0017029954086725445,0.0016432104788211936,5.9784929851350874e-05,,,,,0.2738684131368656,0.9910910957235902,-0.4420121602095746,,,,,,,,2024-03-17 06:30:00,2024-03-17 07:00:00,2024-03-17 08:00:00,1.0,3443.4,3463.0172995596163,3616.1893639029936,0.2989246492567542,5.978492985135085e-05,0.2738684131368656,0.9910910957235902,-0.4420121602095746,False,False,3463.0172995596163,True,0.75,0.5,34.56540088076806,3463.0172995596163,adverse_first,volatility_stop,0.006,,5.9784929851350874e-05,2.9892464925675437e-05,2.9892464925675437e-05,0.0,0.0,fractional_return,R,False
ETHUSD,2024-03-17 08:30:00,2024-03-17 09:00:00,2024-03-17 10:30:00,long,,,3553.15,3572.6808768533524,3733.8412391358056,3480.8735043456777,r_trailing_stop,4,0.001621346747088835,0.0015623541249175494,5.8992622171285744e-05,,,,,0.26039235415292494,0.6744931330533397,-0.14596723187102667,,,,,,,,2024-03-17 08:30:00,2024-03-17 09:00:00,2024-03-17 10:30:00,1.0,3553.15,3572.6808768533524,3733.8412391358056,0.2949631108564283,5.899262217128566e-05,0.26039235415292494,0.6744931330533397,-0.14596723187102667,False,False,3572.6808768533524,True,0.75,0.5,36.13824629329486,3572.6808768533524,adverse_first,volatility_stop,0.006,,5.8992622171285744e-05,2.9496311085642872e-05,2.9496311085642872e-05,0.0,0.0,fractional_return,R,False
ETHUSD,2024-03-21 03:30:00,2024-03-21 04:00:00,2024-03-21 09:00:00,long,,,3511.5,3563.893069078347,3737.066104527097,3421.273558189161,r_trailing_stop,11,0.0034841051931221697,0.003437402697540727,4.6702495581442665e-05,,,,,0.5729004495901212,0.8395543310774799,-0.7026764962417466,,,,,,,,2024-03-21 03:30:00,2024-03-21 04:00:00,2024-03-21 09:00:00,1.0,3511.5,3563.893069078347,3737.066104527097,0.23351247790721352,4.6702495581442706e-05,0.5729004495901212,0.8395543310774799,-0.7026764962417466,False,False,3563.893069078347,True,0.75,0.5,45.113861843305756,3563.893069078347,adverse_first,volatility_stop,0.006,,4.6702495581442665e-05,2.3351247790721332e-05,2.3351247790721332e-05,0.0,0.0,fractional_return,R,False
ETHUSD,2024-03-26 16:30:00,2024-03-26 17:00:00,2024-03-26 19:00:00,long,,,3563.15,3573.55,3686.456079991977,3513.8275680032093,r_trailing_stop,5,0.0012651444276725985,0.001178454055221414,8.669037245118442e-05,,,,,0.196409009203569,0.6153386759593417,-0.16625295363646736,,,,,,,,2024-03-26 16:30:00,2024-03-26 17:00:00,2024-03-26 19:00:00,1.0,3563.15,3573.55,3686.456079991977,0.433451862255922,8.669037245118441e-05,0.196409009203569,0.6153386759593417,-0.16625295363646736,False,False,3581.169391675651,True,0.75,0.5,24.661216648698655,3581.169391675651,adverse_first,volatility_stop,0.006,,8.669037245118442e-05,4.334518622559221e-05,4.334518622559221e-05,0.0,0.0,fractional_return,R,False
ETHUSD,2024-04-01 14:30:00,2024-04-01 15:00:00,2024-04-01 15:00:00,long,,,3508.65,3474.5903054265304,3593.7992364336737,3474.5903054265304,stop_loss,1,-0.006,-0.006123617667531277,0.00012361766753127713,,,,,-1.0206029445885463,0.15560914642282475,-1.5326032911833798,,,,,,,,2024-04-01 14:30:00,2024-04-01 15:00:00,2024-04-01 15:00:00,1.0,3508.65,3474.5903054265304,3593.7992364336737,0.6180883376563869,0.0001236176675312774,-1.0206029445885463,0.15560914642282475,-1.5326032911833798,False,False,3474.5903054265304,False,0.75,0.5,17.028634506764963,,adverse_first,volatility_stop,0.006,,0.00012361766753127713,6.180883376563856e-05,6.180883376563856e-05,0.0,0.0,fractional_return,R,False
ETHUSD,2024-04-01 15:00:00,2024-04-01 15:30:00,2024-04-01 15:30:00,long,,,3489.2,3453.4548877272755,3578.562780681811,3453.4548877272755,stop_loss,1,-0.006,-0.0061171360147942505,0.00011713601479425035,,,,,-1.019522669132375,0.03636860866687388,-1.4211733232899422,,,,,,,,2024-04-01 15:00:00,2024-04-01 15:30:00,2024-04-01 15:30:00,1.0,3489.2,3453.4548877272755,3578.562780681811,0.5856800739712521,0.00011713601479425043,-1.019522669132375,0.03636860866687388,-1.4211733232899422,False,False,3453.4548877272755,False,0.75,0.5,17.871787954540693,,adverse_first,volatility_stop,0.006,,0.00011713601479425035,5.8568007397125175e-05,5.8568007397125175e-05,0.0,0.0,fractional_return,R,False
ETHUSD,2024-04-03 08:30:00,2024-04-03 09:00:00,2024-04-03 11:00:00,short,,,3344.75,3320.15,3224.7849124259083,3392.7360350296367,r_trailing_stop,5,0.0030758948912707486,0.0029922518064123913,8.364308485835732e-05,,,,,0.4987086344020652,1.109697852033664,-0.23131729873377596,,,,,,,,2024-04-03 08:30:00,2024-04-03 09:00:00,2024-04-03 11:00:00,-1.0,3344.75,3320.15,3224.7849124259083,0.41821542429178565,8.364308485835713e-05,0.4987086344020652,1.109697852033664,-0.23131729873377596,False,False,3319.6966883535624,True,0.75,0.5,23.99337670712487,3319.6966883535624,adverse_first,volatility_stop,0.006,,8.364308485835732e-05,4.182154242917866e-05,4.182154242917866e-05,0.0,0.0,fractional_return,R,False
ETHUSD,2024-04-03 14:00:00,2024-04-03 14:30:00,2024-04-03 16:00:00,short,,,3357.05,3329.35,3235.689623672585,3405.594150530966,r_trailing_stop,4,0.0034236874717579963,0.0033407019841979603,8.298548756003601e-05,,,,,0.5567836640329934,0.9311111535707597,-0.06282940306173775,,,,,,,,2024-04-03 14:00:00,2024-04-03 14:30:00,2024-04-03 16:00:00,-1.0,3357.05,3329.35,3235.689623672585,0.41492743780018065,8.298548756003613e-05,0.5567836640329934,0.9311111535707597,-0.06282940306173775,False,False,3323.986218009924,True,0.75,0.5,24.272436019848417,3323.986218009924,adverse_first,volatility_stop,0.006,,8.298548756003601e-05,4.1492743780018005e-05,4.1492743780018005e-05,0.0,0.0,fractional_return,R,False
ETHUSD,2024-04-08 08:00:00,2024-04-08 08:30:00,2024-04-08 09:00:00,long,,,3560.95,3596.25,3648.8310350140555,3525.7975859943776,r_trailing_stop,2,0.006025190758339526,0.0059036304012238935,0.0001215603571156328,,,,,0.9839384002039823,1.7907731739257573,-0.03698181296430478,,,,,,,,2024-04-08 08:00:00,2024-04-08 08:30:00,2024-04-08 09:00:00,1.0,3560.95,3596.25,3648.8310350140555,0.6078017855781619,0.00012156035711563239,0.9839384002039823,1.7907731739257573,-0.03698181296430478,False,False,3601.962143505024,True,0.75,0.5,17.575712989952013,3601.962143505024,adverse_first,volatility_stop,0.006,,0.0001215603571156328,6.07801785578164e-05,6.07801785578164e-05,0.0,0.0,fractional_return,R,False
ETHUSD,2024-04-08 09:00:00,2024-04-08 09:30:00,2024-04-08 10:30:00,long,,,3616.7,3622.6116210948776,3710.087660736218,3579.3449357055124,r_trailing_stop,3,0.0009495292603338171,0.0008333458168846114,0.0001161834434492057,,,,,0.13889096948076857,0.4082445121704818,-0.377458860433021,,,,,,,,2024-04-08 09:00:00,2024-04-08 09:30:00,2024-04-08 10:30:00,1.0,3616.7,3622.6116210948776,3710.087660736218,0.5809172172460284,0.00011618344344920568,0.13889096948076857,0.4082445121704818,-0.377458860433021,False,False,3622.6116210948776,True,0.75,0.5,18.676757810244787,3622.6116210948776,adverse_first,volatility_stop,0.006,,0.0001161834434492057,5.809172172460285e-05,5.809172172460285e-05,0.0,0.0,fractional_return,R,False
ETHUSD,2024-04-08 15:00:00,2024-04-08 15:30:00,2024-04-08 17:00:00,long,,,3626.45,3653.992277231592,3727.021680929861,3586.2213276280554,r_trailing_stop,4,0.004107857745382674,0.00399968266170691,0.00010817508367576452,,,,,0.6666137769511516,0.9396283240597819,-0.08203104416394204,,,,,,,,2024-04-08 15:00:00,2024-04-08 15:30:00,2024-04-08 17:00:00,1.0,3626.45,3653.992277231592,3727.021680929861,0.5408754183788222,0.00010817508367576445,0.6666137769511516,0.9396283240597819,-0.08203104416394204,False,False,3653.992277231592,True,0.75,0.5,20.115445536816186,3653.992277231592,adverse_first,volatility_stop,0.006,,0.00010817508367576452,5.408754183788226e-05,5.408754183788226e-05,0.0,0.0,fractional_return,R,False
ETHUSD,2024-04-08 22:30:00,2024-04-08 23:00:00,2024-04-09 00:00:00,short,,,3721.05,3700.2486265065454,3621.0691129875604,3761.042354804976,r_trailing_stop,3,0.0031208025026123335,0.0030091496624188767,0.00011165284019345675,,,,,0.5015249437364795,0.8351596239550348,-0.20628942807272513,,,,,,,,2024-04-08 22:30:00,2024-04-08 23:00:00,2024-04-09 00:00:00,-1.0,3721.05,3700.2486265065454,3621.0691129875604,0.558264200967284,0.00011165284019345681,0.5015249437364795,0.8351596239550348,-0.20628942807272513,False,False,3700.2486265065454,True,0.75,0.5,19.997253013090507,3700.2486265065454,adverse_first,volatility_stop,0.006,,0.00011165284019345675,5.582642009672838e-05,5.582642009672838e-05,0.0,0.0,fractional_return,R,False
ETHUSD,2024-04-09 04:00:00,2024-04-09 04:30:00,2024-04-09 07:00:00,short,,,3691.55,3642.85,3585.692712754896,3733.892914898042,r_trailing_stop,6,0.006900800303984639,0.006796181620772424,0.000104618683212215,,,,,1.132696936795404,1.4016512595533468,-0.23852868949433176,,,,,,,,2024-04-09 04:00:00,2024-04-09 04:30:00,2024-04-09 07:00:00,-1.0,3691.55,3642.85,3585.692712754896,0.5230934160610754,0.00010461868321221508,1.132696936795404,1.4016512595533468,-0.23852868949433176,False,False,3642.785871805216,True,0.75,0.5,21.17174361043265,3642.785871805216,adverse_first,volatility_stop,0.006,,0.000104618683212215,5.23093416061075e-05,5.23093416061075e-05,0.0,0.0,fractional_return,R,False
ETHUSD,2024-04-09 07:30:00,2024-04-09 08:00:00,2024-04-09 08:30:00,short,,,3642.15,3608.95,3535.3333308083006,3684.87666767668,r_trailing_stop,2,0.0046621936797735805,0.0045599020610338995,0.00010229161873968103,,,,,0.7599836768389833,1.4042752047510567,0.0,,,,,,,,2024-04-09 07:30:00,2024-04-09 08:00:00,2024-04-09 08:30:00,-1.0,3642.15,3608.95,3535.3333308083006,0.5114580936984072,0.00010229161873968145,0.7599836768389833,1.4042752047510567,0.0,False,False,3592.831960492719,True,0.75,0.5,21.363920985438483,3592.831960492719,adverse_first,volatility_stop,0.006,,0.00010229161873968103,5.1145809369840516e-05,5.1145809369840516e-05,0.0,0.0,fractional_return,R,False
ETHUSD,2024-04-09 14:00:00,2024-04-09 14:30:00,2024-04-09 14:30:00,long,,,3579.0,3533.2584917759523,3693.3537705601193,3533.2584917759523,stop_loss,1,-0.006,-0.006093892837528739,9.3892837528739e-05,,,,,-1.01564880625479,0.0,-1.8604546134152222,,,,,,,,2024-04-09 14:00:00,2024-04-09 14:30:00,2024-04-09 14:30:00,1.0,3579.0,3533.2584917759523,3693.3537705601193,0.46946418764369596,9.38928375287392e-05,-1.01564880625479,0.0,-1.8604546134152222,False,False,3533.2584917759523,False,0.75,0.5,22.869156177696723,,adverse_first,volatility_stop,0.006,,9.3892837528739e-05,4.69464187643695e-05,4.69464187643695e-05,0.0,0.0,fractional_return,R,False
ETHUSD,2024-04-14 14:30:00,2024-04-14 15:00:00,2024-04-14 15:30:00,long,,,3036.55,3050.073089225352,3225.2942507860253,2961.0522996855902,r_trailing_stop,2,0.0010747153226417377,0.00102645080617534,4.826451646639776e-05,,,,,0.17107513436255667,0.49604159920155727,-0.03973630968236793,,,,,,,,2024-04-14 14:30:00,2024-04-14 15:00:00,2024-04-14 15:30:00,1.0,3036.55,3050.073089225352,3225.2942507860253,0.2413225823319884,4.826451646639768e-05,0.17107513436255667,0.49604159920155727,-0.03973630968236793,False,False,3050.073089225352,True,0.75,0.5,37.7538215492962,3050.073089225352,adverse_first,volatility_stop,0.006,,4.826451646639776e-05,2.413225823319888e-05,2.413225823319888e-05,0.0,0.0,fractional_return,R,False
ETHUSD,2024-04-14 22:00:00,2024-04-14 22:30:00,2024-04-15 01:00:00,short,,,3155.55,3124.3193181089587,2960.8753278660124,3233.4198688535953,r_trailing_stop,6,0.002406374816150712,0.002357746764559674,4.862805159103808e-05,,,,,0.39295779409327897,0.6587914010289457,-0.24720729960637738,,,,,,,,2024-04-14 22:00:00,2024-04-14 22:30:00,2024-04-15 01:00:00,-1.0,3155.55,3124.3193181089587,2960.8753278660124,0.2431402579551909,4.862805159103818e-05,0.39295779409327897,0.6587914010289457,-0.24720729960637738,False,False,3124.3193181089587,True,0.75,0.5,38.93863621791616,3124.3193181089587,adverse_first,volatility_stop,0.006,,4.862805159103808e-05,2.431402579551904e-05,2.431402579551904e-05,0.0,0.0,fractional_return,R,False
ETHUSD,2024-04-16 01:30:00,2024-04-16 02:00:00,2024-04-16 03:30:00,long,,,3080.15,3081.05,3253.8779216255994,3010.6588313497605,r_trailing_stop,4,7.770771602907915e-05,2.4518511245324935e-05,5.318920478375421e-05,,,,,0.004086418540887489,0.4058069614850632,-0.38709954836696125,,,,,,,,2024-04-16 01:30:00,2024-04-16 02:00:00,2024-04-16 03:30:00,1.0,3080.15,3081.05,3253.8779216255994,0.26594602391877104,5.318920478375421e-05,0.004086418540887489,0.4058069614850632,-0.38709954836696125,False,False,3090.976079966878,True,0.75,0.5,34.747840066243505,3090.976079966878,adverse_first,volatility_stop,0.006,,5.318920478375421e-05,2.6594602391877106e-05,2.6594602391877106e-05,0.0,0.0,fractional_return,R,False
ETHUSD,2024-04-16 04:00:00,2024-04-16 04:30:00,2024-04-16 08:00:00,long,,,3035.45,3108.55,3209.8449624861123,2965.692015005555,r_trailing_stop,8,0.006287452254174633,0.0062352354362678365,5.221681790679687e-05,,,,,1.0392059060446395,1.330313655238036,-0.6271683450071547,,,,,,,,2024-04-16 04:00:00,2024-04-16 04:30:00,2024-04-16 08:00:00,1.0,3035.45,3108.55,3209.8449624861123,0.26108408953398415,5.221681790679683e-05,1.0392059060446395,1.330313655238036,-0.6271683450071547,False,False,3110.8076315000176,True,0.75,0.5,34.884736999964986,3110.8076315000176,adverse_first,volatility_stop,0.006,,5.221681790679687e-05,2.6108408953398436e-05,2.6108408953398436e-05,0.0,0.0,fractional_return,R,False
ETHUSD,2024-04-26 10:00:00,2024-04-26 10:30:00,2024-04-26 11:00:00,short,,,3140.25,3131.368944182458,3051.0534550992306,3175.9286179603077,r_trailing_stop,2,0.0014935089404116762,0.0013878910601397383,0.00010561788027193793,,,,,0.23131517668995638,0.4988982482393959,-0.10090076930684053,,,,,,,,2024-04-26 10:00:00,2024-04-26 10:30:00,2024-04-26 11:00:00,-1.0,3140.25,3131.368944182458,3051.0534550992306,0.52808940135969,0.000105617880271938,0.23131517668995638,0.4988982482393959,-0.10090076930684053,False,False,3131.368944182458,True,0.75,0.5,17.837888364916406,3131.368944182458,adverse_first,volatility_stop,0.006,,0.00010561788027193793,5.2808940135968966e-05,5.2808940135968966e-05,0.0,0.0,fractional_return,R,False
ETHUSD,2024-04-26 12:00:00,2024-04-26 12:30:00,2024-04-26 13:00:00,short,,,3136.9,3130.25,3048.867201285763,3172.113119485695,r_trailing_stop,2,0.0011331004064042277,0.0010262004766343244,0.00010689992976990336,,,,,0.1710334127723874,0.7184822125820977,-0.38195991143198366,,,,,,,,2024-04-26 12:00:00,2024-04-26 12:30:00,2024-04-26 13:00:00,-1.0,3136.9,3130.25,3048.867201285763,0.5344996488495165,0.0001068999297699033,0.1710334127723874,0.7184822125820977,-0.38195991143198366,False,False,3128.953560189556,True,0.75,0.5,17.607120379111887,3128.953560189556,adverse_first,volatility_stop,0.006,,0.00010689992976990336,5.344996488495168e-05,5.344996488495168e-05,0.0,0.0,fractional_return,R,False
ETHUSD,2024-04-27 12:00:00,2024-04-27 12:30:00,2024-04-27 13:30:00,long,,,3132.2,3138.9087913587705,3213.6081897758877,3099.6367240896448,r_trailing_stop,3,0.0012361393940658607,0.0011207136607843775,0.00011542573328148322,,,,,0.18678561013072958,0.6157242918432638,-0.08752190682060998,,,,,,,,2024-04-27 12:00:00,2024-04-27 12:30:00,2024-04-27 13:30:00,1.0,3132.2,3138.9087913587705,3213.6081897758877,0.5771286664074159,0.00011542573328148318,0.18678561013072958,0.6157242918432638,-0.08752190682060998,False,False,3138.9087913587705,True,0.75,0.5,16.282417282459352,3138.9087913587705,adverse_first,volatility_stop,0.006,,0.00011542573328148322,5.771286664074161e-05,5.771286664074161e-05,0.0,0.0,fractional_return,R,False
ETHUSD,2024-04-27 17:30:00,2024-04-27 18:00:00,2024-04-27 18:30:00,long,,,3257.75,3241.25,3346.935245099361,3222.0759019602556,r_trailing_stop,2,-0.0027751227204035876,-0.002884706430008373,0.00010958370960478542,,,,,-0.48078440500139547,0.7246153769942816,-0.7694658452028091,,,,,,,,2024-04-27 17:30:00,2024-04-27 18:00:00,2024-04-27 18:30:00,1.0,3257.75,3241.25,3346.935245099361,0.5479185480239275,0.0001095837096047855,-0.48078440500139547,0.7246153769942816,-0.7694658452028091,False,False,3274.681475359391,True,0.75,0.5,17.837049281218967,3274.681475359391,adverse_first,volatility_stop,0.006,,0.00010958370960478542,5.479185480239271e-05,5.479185480239271e-05,0.0,0.0,fractional_return,R,False
ETHUSD,2024-05-02 08:00:00,2024-05-02 08:30:00,2024-05-02 11:00:00,short,,,2941.85,2992.9574703979306,2814.0813240051734,2992.9574703979306,stop_loss,6,-0.006,-0.006069074442004528,6.907444200452816e-05,,,,,-1.0115124070007546,0.149684575277078,-1.1573650493645846,,,,,,,,2024-05-02 08:00:00,2024-05-02 08:30:00,2024-05-02 11:00:00,-1.0,2941.85,2992.9574703979306,2814.0813240051734,0.3453722100226412,6.907444200452824e-05,-1.0115124070007546,0.149684575277078,-1.1573650493645846,False,False,2992.9574703979306,False,0.75,0.5,25.555472567680983,,adverse_first,volatility_stop,0.006,,6.907444200452816e-05,3.453722100226408e-05,3.453722100226408e-05,0.0,0.0,fractional_return,R,False
ETHUSD,2024-05-02 11:00:00,2024-05-02 11:30:00,2024-05-02 14:00:00,short,,,2991.05,2970.024880514748,2867.297055537999,3040.5511777848005,r_trailing_stop,6,0.0025484386949323886,0.0024759301171445266,7.250857778786203e-05,,,,,0.4126550195240878,0.7716988101994177,-0.4424137157949436,,,,,,,,2024-05-02 11:00:00,2024-05-02 11:30:00,2024-05-02 14:00:00,-1.0,2991.05,2970.024880514748,2867.297055537999,0.36254288893931047,7.25085777878621e-05,0.4126550195240878,0.7716988101994177,-0.4424137157949436,False,False,2970.024880514748,True,0.75,0.5,24.749761029496245,2970.024880514748,adverse_first,volatility_stop,0.006,,7.250857778786203e-05,3.625428889393102e-05,3.625428889393102e-05,0.0,0.0,fractional_return,R,False
ETHUSD,2024-05-02 14:00:00,2024-05-02 14:30:00,2024-05-03 02:00:00,short,,,2975.25,3024.3016570201144,2852.620857449714,3024.3016570201144,stop_loss,24,-0.006,-0.006072786531931754,7.278653193175388e-05,,,,,-1.0121310886552923,0.08766268585456559,-1.2446062724234928,,,,,,,,2024-05-02 14:00:00,2024-05-02 14:30:00,2024-05-03 02:00:00,-1.0,2975.25,3024.3016570201144,2852.620857449714,0.3639326596587701,7.278653193175402e-05,-1.0121310886552923,0.08766268585456559,-1.2446062724234928,False,False,3024.3016570201144,False,0.75,0.5,24.522531237264786,,adverse_first,volatility_stop,0.006,,7.278653193175388e-05,3.639326596587694e-05,3.639326596587694e-05,0.0,0.0,fractional_return,R,False
ETHUSD,2024-05-13 05:30:00,2024-05-13 06:00:00,2024-05-13 07:00:00,long,,,2873.9,2915.591546018518,2933.4835001310335,2850.066599947587,r_trailing_stop,3,0.010495744441036169,0.010351044985968247,0.00014469945506792245,,,,,1.725174164328041,2.532160743632093,-0.0755242641017106,,,,,,,,2024-05-13 05:30:00,2024-05-13 06:00:00,2024-05-13 07:00:00,1.0,2873.9,2915.591546018518,2933.4835001310335,0.7234972753396112,0.00014469945506792223,1.725174164328041,2.532160743632093,-0.0755242641017106,False,False,2915.591546018518,True,0.75,0.5,11.916907962964245,2915.591546018518,adverse_first,volatility_stop,0.006,,0.00014469945506792245,7.234972753396123e-05,7.234972753396123e-05,0.0,0.0,fractional_return,R,False
ETHUSD,2024-05-16 08:00:00,2024-05-16 08:30:00,2024-05-16 09:30:00,short,,,3011.4,3007.1008280936485,2943.8906008606778,3038.403759655729,r_trailing_stop,3,0.0009552385211159905,0.0008214171552739439,0.00013382136584204655,,,,,0.136902859212324,0.4351245956044924,-0.04258666254852816,,,,,,,,2024-05-16 08:00:00,2024-05-16 08:30:00,2024-05-16 09:30:00,-1.0,3011.4,3007.1008280936485,2943.8906008606778,0.6691068292102329,0.00013382136584204658,0.136902859212324,0.4351245956044924,-0.04258666254852816,False,False,3007.1008280936485,True,0.75,0.5,13.501656187297392,3007.1008280936485,adverse_first,volatility_stop,0.006,,0.00013382136584204655,6.691068292102327e-05,6.691068292102327e-05,0.0,0.0,fractional_return,R,False
ETHUSD,2024-05-16 12:00:00,2024-05-16 12:30:00,2024-05-16 13:00:00,short,,,2993.65,2981.7111687891356,2927.0405363536906,3020.293785458524,r_trailing_stop,2,0.0026885439149289614,0.0025537139747317536,0.0001348299401972078,,,,,0.4256189957886256,0.9570712104590279,-0.5536000138929671,,,,,,,,2024-05-16 12:00:00,2024-05-16 12:30:00,2024-05-16 13:00:00,-1.0,2993.65,2981.7111687891356,2927.0405363536906,0.6741497009860398,0.00013482994019720795,0.4256189957886256,0.9570712104590279,-0.5536000138929671,False,False,2981.7111687891356,True,0.75,0.5,13.322337578270442,2981.7111687891356,adverse_first,volatility_stop,0.006,,0.0001348299401972078,6.74149700986039e-05,6.74149700986039e-05,0.0,0.0,fractional_return,R,False
ETHUSD,2024-05-16 17:00:00,2024-05-16 17:30:00,2024-05-16 19:00:00,long,,,2926.95,2947.1375507837392,3001.0694295992607,2897.3022281602953,r_trailing_stop,4,0.004085477497510425,0.0039670085609916856,0.00011846893651873934,,,,,0.6611680934986143,0.974778143742221,-0.04722108654805365,,,,,,,,2024-05-16 17:00:00,2024-05-16 17:30:00,2024-05-16 19:00:00,1.0,2926.95,2947.1375507837392,3001.0694295992607,0.592344682593696,0.0001184689365187392,0.6611680934986143,0.974778143742221,-0.04722108654805365,False,False,2947.1375507837392,True,0.75,0.5,14.824898432521932,2947.1375507837392,adverse_first,volatility_stop,0.006,,0.00011846893651873934,5.923446825936967e-05,5.923446825936967e-05,0.0,0.0,fractional_return,R,False
ETHUSD,2024-05-17 08:00:00,2024-05-17 08:30:00,2024-05-17 10:00:00,long,,,3048.05,3018.27581624412,3122.4854593897007,3018.27581624412,stop_loss,4,-0.006000000000000001,-0.006122846692624367,0.0001228466926243661,,,,,-1.0204744487707276,0.00335861432238793,-1.0008670680725194,,,,,,,,2024-05-17 08:00:00,2024-05-17 08:30:00,2024-05-17 10:00:00,1.0,3048.05,3018.27581624412,3122.4854593897007,0.6142334631218286,0.00012284669262436573,-1.0204744487707276,0.00335861432238793,-1.0008670680725194,False,False,3018.27581624412,False,0.75,0.5,14.886115585457054,,adverse_first,volatility_stop,0.006,,0.0001228466926243661,6.142334631218304e-05,6.142334631218304e-05,0.0,0.0,fractional_return,R,False
ETHUSD,2024-05-17 10:00:00,2024-05-17 10:30:00,2024-05-17 13:00:00,long,,,3034.35,3076.417234544527,3108.6727549970615,3004.620898001175,r_trailing_stop,6,0.008490112055088093,0.008367632068974017,0.0001224799861140758,,,,,1.3946053448290028,1.8046290130835785,-0.47428274155597855,,,,,,,,2024-05-17 10:00:00,2024-05-17 10:30:00,2024-05-17 13:00:00,1.0,3034.35,3076.417234544527,3108.6727549970615,0.6123999305703818,0.00012247998611407637,1.3946053448290028,1.8046290130835785,-0.47428274155597855,False,False,3076.417234544527,True,0.75,0.5,14.865530910945688,3076.417234544527,adverse_first,volatility_stop,0.006,,0.0001224799861140758,6.12399930570379e-05,6.12399930570379e-05,0.0,0.0,fractional_return,R,False
ETHUSD,2024-05-17 13:00:00,2024-05-17 13:30:00,2024-05-17 14:30:00,long,,,3071.75,3086.1935855072675,3148.8078707312234,3040.9268517075107,r_trailing_stop,3,0.0028115724007570916,0.0026919837083554726,0.00011958869240161901,,,,,0.44866395139257875,0.7186157555942253,-0.5920874735708604,,,,,,,,2024-05-17 13:00:00,2024-05-17 13:30:00,2024-05-17 14:30:00,1.0,3071.75,3086.1935855072675,3148.8078707312234,0.5979434620080956,0.00011958869240161912,0.44866395139257875,0.7186157555942253,-0.5920874735708604,False,False,3086.1935855072675,True,0.75,0.5,15.41282898546484,3086.1935855072675,adverse_first,volatility_stop,0.006,,0.00011958869240161901,5.9794346200809506e-05,5.9794346200809506e-05,0.0,0.0,fractional_return,R,False
ETHUSD,2024-05-18 01:30:00,2024-05-18 02:00:00,2024-05-18 03:00:00,short,,,3108.45,3100.515264693861,3036.301993214688,3137.3092027141247,r_trailing_stop,3,0.0016496786937753203,0.0015204256427832242,0.00012925305099209614,,,,,0.25340427379720404,0.5249625275539787,-0.6306480529031541,,,,,,,,2024-05-18 01:30:00,2024-05-18 02:00:00,2024-05-18 03:00:00,-1.0,3108.45,3100.515264693861,3036.301993214688,0.6462652549604809,0.0001292530509920962,0.25340427379720404,0.5249625275539787,-0.6306480529031541,False,False,3100.515264693861,True,0.75,0.5,14.43052938772165,3100.515264693861,adverse_first,volatility_stop,0.006,,0.00012925305099209614,6.462652549604807e-05,6.462652549604807e-05,0.0,0.0,fractional_return,R,False
ETHUSD,2024-05-18 03:00:00,2024-05-18 03:30:00,2024-05-18 06:30:00,short,,,3113.0,3099.399576382656,3040.0065812324174,3142.197367507033,r_trailing_stop,7,0.0027948595600068384,0.002666916518597363,0.0001279430414094754,,,,,0.44448608643289383,0.7158179584157958,-0.2414601247287784,,,,,,,,2024-05-18 03:00:00,2024-05-18 03:30:00,2024-05-18 06:30:00,-1.0,3113.0,3099.399576382656,3040.0065812324174,0.6397152070473768,0.00012794304140947537,0.44448608643289383,0.7158179584157958,-0.2414601247287784,False,False,3099.399576382656,True,0.75,0.5,14.599152765312354,3099.399576382656,adverse_first,volatility_stop,0.006,,0.0001279430414094754,6.39715207047377e-05,6.39715207047377e-05,0.0,0.0,fractional_return,R,False
ETHUSD,2024-05-22 11:30:00,2024-05-22 12:00:00,2024-05-22 12:30:00,long,,,3690.55,3707.5673203151687,3835.3767915134786,3632.619283394609,r_trailing_stop,2,0.0017625178467325837,0.0016860703201092406,7.644752662334313e-05,,,,,0.28101172001820673,0.5437529836644285,-0.6283367811233411,,,,,,,,2024-05-22 11:30:00,2024-05-22 12:00:00,2024-05-22 12:30:00,1.0,3690.55,3707.5673203151687,3835.3767915134786,0.38223763311671555,7.644752662334311e-05,0.28101172001820673,0.5437529836644285,-0.6283367811233411,False,False,3707.5673203151687,True,0.75,0.5,28.965359369662718,3707.5673203151687,adverse_first,volatility_stop,0.006,,7.644752662334313e-05,3.8223763311671564e-05,3.8223763311671564e-05,0.0,0.0,fractional_return,R,False
ETHUSD,2024-05-22 12:30:00,2024-05-22 13:00:00,2024-05-22 13:30:00,long,,,3666.85,3688.5604212570342,3815.7376742743886,3607.2949302902443,r_trailing_stop,2,0.002187261775983894,0.0021133768821966032,7.38848937872909e-05,,,,,0.3522294803661005,0.6145572522771231,-0.006716472702483764,,,,,,,,2024-05-22 12:30:00,2024-05-22 13:00:00,2024-05-22 13:30:00,1.0,3666.85,3688.5604212570342,3815.7376742743886,0.3694244689364554,7.388489378729109e-05,0.3522294803661005,0.6145572522771231,-0.006716472702483764,False,False,3688.5604212570342,True,0.75,0.5,29.779157485930966,3688.5604212570342,adverse_first,volatility_stop,0.006,,7.38848937872909e-05,3.694244689364545e-05,3.694244689364545e-05,0.0,0.0,fractional_return,R,False
ETHUSD,2024-05-22 13:30:00,2024-05-22 14:00:00,2024-05-22 14:30:00,long,,,3695.75,3707.05,3845.285159030929,3635.9359363876283,r_trailing_stop,2,0.001133512687574315,0.0010593679173955053,7.414477017880956e-05,,,,,0.17656131956591756,0.9663279253952088,-0.2892296385698484,,,,,,,,2024-05-22 13:30:00,2024-05-22 14:00:00,2024-05-22 14:30:00,1.0,3695.75,3707.05,3845.285159030929,0.3707238508940483,7.414477017880966e-05,0.17656131956591756,0.9663279253952088,-0.2892296385698484,False,False,3722.10113739444,True,0.75,0.5,29.89772521112045,3722.10113739444,adverse_first,volatility_stop,0.006,,7.414477017880956e-05,3.707238508940478e-05,3.707238508940478e-05,0.0,0.0,fractional_return,R,False
ETHUSD,2024-05-22 21:30:00,2024-05-22 22:00:00,2024-05-23 00:00:00,short,,,3772.95,3749.579571224743,3616.6874169279354,3835.4550332288254,r_trailing_stop,5,0.002243380499266299,0.0021709456925616123,7.243480670468668e-05,,,,,0.36182428209360207,0.6239497522899368,-0.06079510406927881,,,,,,,,2024-05-22 21:30:00,2024-05-22 22:00:00,2024-05-23 00:00:00,-1.0,3772.95,3749.579571224743,3616.6874169279354,0.36217403352343236,7.243480670468648e-05,0.36182428209360207,0.6239497522899368,-0.06079510406927881,False,False,3749.579571224743,True,0.75,0.5,31.259142449486845,3749.579571224743,adverse_first,volatility_stop,0.006,,7.243480670468668e-05,3.621740335234334e-05,3.621740335234334e-05,0.0,0.0,fractional_return,R,False
ETHUSD,2024-05-23 11:00:00,2024-05-23 11:30:00,2024-05-23 12:00:00,short,,,3874.15,3931.2994821716566,3731.2762945708587,3931.2994821716566,stop_loss,2,-0.006,-0.006081347718707864,8.13477187078639e-05,,,,,-1.0135579531179773,0.21172545297358714,-1.2712276164075405,,,,,,,,2024-05-23 11:00:00,2024-05-23 11:30:00,2024-05-23 12:00:00,-1.0,3874.15,3931.2994821716566,3731.2762945708587,0.4067385935393194,8.134771870786389e-05,-1.0135579531179773,0.21172545297358714,-1.2712276164075405,False,False,3931.2994821716566,False,0.75,0.5,28.576215615797434,,adverse_first,volatility_stop,0.006,,8.13477187078639e-05,4.067385935393195e-05,4.067385935393195e-05,0.0,0.0,fractional_return,R,False
ETHUSD,2024-05-23 12:00:00,2024-05-23 12:30:00,2024-05-23 13:00:00,short,,,3932.8,3864.95,3785.3575734972956,3991.776970601082,r_trailing_stop,2,0.006902694320357884,0.006822673933554338,8.002038680354675e-05,,,,,1.1371123222590562,2.322092820370935,-0.1458196294646936,,,,,,,,2024-05-23 12:00:00,2024-05-23 12:30:00,2024-05-23 13:00:00,-1.0,3932.8,3864.95,3785.3575734972956,0.4001019340177359,8.002038680354718e-05,1.1371123222590562,2.322092820370935,-0.1458196294646936,False,False,3810.5948047515835,True,0.75,0.5,29.489609503166903,3810.5948047515835,adverse_first,volatility_stop,0.006,,8.002038680354675e-05,4.0010193401773374e-05,4.0010193401773374e-05,0.0,0.0,fractional_return,R,False
ETHUSD,2024-05-27 05:00:00,2024-05-27 05:30:00,2024-05-27 06:00:00,long,,,3888.15,3903.349901537548,3994.6345564370044,3845.5561774251983,r_trailing_stop,2,0.002141141689387618,0.0020316004527022717,0.00010954123668534613,,,,,0.3386000754503786,0.6785021454518877,-0.0504768032083604,,,,,,,,2024-05-27 05:00:00,2024-05-27 05:30:00,2024-05-27 06:00:00,1.0,3888.15,3903.349901537548,3994.6345564370044,0.547706183426731,0.00010954123668534622,0.3386000754503786,0.6785021454518877,-0.0504768032083604,False,False,3903.349901537548,True,0.75,0.5,21.300196924904814,3903.349901537548,adverse_first,volatility_stop,0.006,,0.00010954123668534613,5.4770618342673064e-05,5.4770618342673064e-05,0.0,0.0,fractional_return,R,False
ETHUSD,2024-05-27 06:30:00,2024-05-27 07:00:00,2024-05-27 07:30:00,long,,,3893.15,3902.018844286502,4000.464313986688,3850.224274405325,r_trailing_stop,2,0.0012396544259140438,0.0011308203890916231,0.00010883403682242069,,,,,0.18847006484860385,0.6324878525377355,-0.0349440802507035,,,,,,,,2024-05-27 06:30:00,2024-05-27 07:00:00,2024-05-27 07:30:00,1.0,3893.15,3902.018844286502,4000.464313986688,0.544170184112103,0.00010883403682242061,0.18847006484860385,0.6324878525377355,-0.0349440802507035,False,False,3902.018844286502,True,0.75,0.5,21.462311426996454,3902.018844286502,adverse_first,volatility_stop,0.006,,0.00010883403682242069,5.4417018411210345e-05,5.4417018411210345e-05,0.0,0.0,fractional_return,R,False
ETHUSD,2024-05-28 03:00:00,2024-05-28 03:30:00,2024-05-28 07:00:00,long,,,3845.65,3852.0404678758896,3961.2783926693724,3799.3986429322513,r_trailing_stop,8,0.0008290093455889806,0.000729233246192799,9.97760993961816e-05,,,,,0.12153887436546651,0.3880967205720413,-0.5534972727935555,,,,,,,,2024-05-28 03:00:00,2024-05-28 03:30:00,2024-05-28 07:00:00,1.0,3845.65,3852.0404678758896,3961.2783926693724,0.4988804969809079,9.97760993961816e-05,0.12153887436546651,0.3880967205720413,-0.5534972727935555,False,False,3852.0404678758896,True,0.75,0.5,23.119064248220962,3852.0404678758896,adverse_first,volatility_stop,0.006,,9.97760993961816e-05,4.98880496980908e-05,4.98880496980908e-05,0.0,0.0,fractional_return,R,False
ETHUSD,2024-05-28 09:30:00,2024-05-28 10:00:00,2024-05-28 10:00:00,short,,,3880.05,3924.5103634856177,3768.8990912859563,3924.5103634856177,stop_loss,1,-0.006,-0.006104723840179719,0.00010472384017971847,,,,,-1.0174539733632864,0.0854693867095675,-1.1066036384501328,,,,,,,,2024-05-28 09:30:00,2024-05-28 10:00:00,2024-05-28 10:00:00,-1.0,3880.05,3924.5103634856177,3768.8990912859563,0.5236192008985918,0.00010472384017971837,-1.0174539733632864,0.0854693867095675,-1.1066036384501328,False,False,3924.5103634856177,False,0.75,0.5,22.22989562801043,,adverse_first,volatility_stop,0.006,,0.00010472384017971847,5.236192008985924e-05,5.236192008985924e-05,0.0,0.0,fractional_return,R,False
ETHUSD,2024-05-28 10:00:00,2024-05-28 10:30:00,2024-05-28 11:00:00,short,,,3911.55,3904.4354697345466,3797.1923830850983,3957.2930467659608,r_trailing_stop,2,0.0009331949795807173,0.0008305813512403136,0.00010261362834040368,,,,,0.13843022520671894,0.4831335374985549,-0.14428422386834236,,,,,,,,2024-05-28 10:00:00,2024-05-28 10:30:00,2024-05-28 11:00:00,-1.0,3911.55,3904.4354697345466,3797.1923830850983,0.5130681417020183,0.00010261362834040366,0.13843022520671894,0.4831335374985549,-0.14428422386834236,False,False,3904.4354697345466,True,0.75,0.5,22.870939469093543,3904.4354697345466,adverse_first,volatility_stop,0.006,,0.00010261362834040368,5.130681417020184e-05,5.130681417020184e-05,0.0,0.0,fractional_return,R,False
ETHUSD,2024-05-28 11:00:00,2024-05-28 11:30:00,2024-05-28 13:30:00,short,,,3900.45,3903.25,3785.863696210831,3946.284521515667,r_trailing_stop,5,-0.0003665359524754657,-0.00046865417789208907,0.00010211822541662336,,,,,-0.07810902964868151,1.0559726249886856,-0.21490351975493832,,,,,,,,2024-05-28 11:00:00,2024-05-28 11:30:00,2024-05-28 13:30:00,-1.0,3900.45,3903.25,3785.863696210831,0.5105911270831167,0.00010211822541662334,-0.07810902964868151,1.0559726249886856,-0.21490351975493832,False,False,3888.4574555744853,True,0.75,0.5,22.91491114897033,3888.4574555744853,adverse_first,volatility_stop,0.006,,0.00010211822541662336,5.105911270831168e-05,5.105911270831168e-05,0.0,0.0,fractional_return,R,False
ETHUSD,2024-05-30 12:00:00,2024-05-30 12:30:00,2024-05-30 13:30:00,long,,,3752.75,3770.1102264927426,3857.6449406202883,3710.7920237518847,r_trailing_stop,3,0.0024825162762976702,0.002375187458211448,0.00010732881808622231,,,,,0.39586457636857464,0.9759765284637445,-0.2299920268540968,,,,,,,,2024-05-30 12:00:00,2024-05-30 12:30:00,2024-05-30 13:30:00,1.0,3752.75,3770.1102264927426,3857.6449406202883,0.5366440904311112,0.00010732881808622223,0.39586457636857464,0.9759765284637445,-0.2299920268540968,False,False,3770.1102264927426,True,0.75,0.5,20.979547014514566,3770.1102264927426,adverse_first,volatility_stop,0.006,,0.00010732881808622231,5.366440904311116e-05,5.366440904311116e-05,0.0,0.0,fractional_return,R,False
ETHUSD,2024-05-30 17:00:00,2024-05-30 17:30:00,2024-05-30 19:30:00,long,,,3813.45,3770.5772686863315,3920.6318282841703,3770.5772686863315,stop_loss,5,-0.005999999999999999,-0.006106737776199042,0.00010673777619904252,,,,,-1.0177896293665072,0.2332484937065788,-1.4064884170506637,,,,,,,,2024-05-30 17:00:00,2024-05-30 17:30:00,2024-05-30 19:30:00,1.0,3813.45,3770.5772686863315,3920.6318282841703,0.5336888809952128,0.00010673777619904257,-1.0177896293665072,0.2332484937065788,-1.4064884170506637,False,False,3770.5772686863315,False,0.75,0.5,21.436084503680807,,adverse_first,volatility_stop,0.006,,0.00010673777619904252,5.336888809952126e-05,5.336888809952126e-05,0.0,0.0,fractional_return,R,False
ETHUSD,2024-05-30 19:30:00,2024-05-30 20:00:00,2024-05-31 07:30:00,long,,,3763.3,3728.75,3872.7425216144884,3719.522991354205,max_holding_close,24,-0.004735362383421123,-0.004838520642509567,0.00010315825908844417,,,,,-0.8064201070849278,0.11421520461700692,-0.9833929117524337,,,,,,,,2024-05-30 19:30:00,2024-05-30 20:00:00,2024-05-31 07:30:00,1.0,3763.3,3728.75,3872.7425216144884,0.5157912954422197,0.00010315825908844394,-0.8064201070849278,0.11421520461700692,-0.9833929117524337,False,False,3719.522991354205,False,0.75,0.5,21.887921993621635,,adverse_first,volatility_stop,0.006,,0.00010315825908844417,5.1579129544222085e-05,5.1579129544222085e-05,0.0,0.0,fractional_return,R,False
ETHUSD,2024-06-06 05:00:00,2024-06-06 05:30:00,2024-06-06 13:00:00,long,,,3850.05,3844.5,3919.7426477415256,3822.17294090339,r_trailing_stop,16,-0.0011945305953758151,-0.0013602604158704668,0.0001657298204946517,,,,,-0.22671006931174448,0.5811229923449772,-0.9111434571334963,,,,,,,,2024-06-06 05:00:00,2024-06-06 05:30:00,2024-06-06 13:00:00,1.0,3850.05,3844.5,3919.7426477415256,0.8286491024732583,0.00016572982049465167,-0.22671006931174448,0.5811229923449772,-0.9111434571334963,False,False,3859.28091644558,True,0.75,0.5,13.9381671088406,3859.28091644558,adverse_first,volatility_stop,0.006,,0.0001657298204946517,8.286491024732585e-05,8.286491024732585e-05,0.0,0.0,fractional_return,R,False
ETHUSD,2024-06-06 19:30:00,2024-06-06 20:00:00,2024-06-06 20:00:00,long,,,3790.45,3763.668181412178,3857.4045464695546,3763.668181412178,stop_loss,1,-0.006,-0.006169836860969116,0.0001698368609691159,,,,,-1.0283061434948526,0.0429395784393453,-1.1350984213530246,,,,,,,,2024-06-06 19:30:00,2024-06-06 20:00:00,2024-06-06 20:00:00,1.0,3790.45,3763.668181412178,3857.4045464695546,0.8491843048455807,0.00016983686096911616,-1.0283061434948526,0.0429395784393453,-1.1350984213530246,False,False,3763.668181412178,False,0.75,0.5,13.392146195741946,,adverse_first,volatility_stop,0.006,,0.0001698368609691159,8.491843048455796e-05,8.491843048455796e-05,0.0,0.0,fractional_return,R,False
ETHUSD,2024-06-06 20:00:00,2024-06-06 20:30:00,2024-06-06 21:00:00,long,,,3790.65,3794.8147825916676,3859.5039923801437,3763.108403047943,r_trailing_stop,2,0.0009073074300486039,0.0007421470725022274,0.00016516035754637654,,,,,0.12369117875037122,0.44115088973054367,-0.01996979336229444,,,,,,,,2024-06-06 20:00:00,2024-06-06 20:30:00,2024-06-06 21:00:00,1.0,3790.65,3794.8147825916676,3859.5039923801437,0.8258017877318824,0.00016516035754637648,0.12369117875037122,0.44115088973054367,-0.01996979336229444,False,False,3794.8147825916676,True,0.75,0.5,13.770434816663984,3794.8147825916676,adverse_first,volatility_stop,0.006,,0.00016516035754637654,8.258017877318827e-05,8.258017877318827e-05,0.0,0.0,fractional_return,R,False
ETHUSD,2024-06-08 14:30:00,2024-06-08 15:00:00,2024-06-09 02:30:00,long,,,3696.05,3668.5007501651535,3764.923124587117,3668.5007501651535,stop_loss,24,-0.006,-0.0061609938574222044,0.00016099385742220432,,,,,-1.0268323095703673,0.050818080651647855,-1.0671796936848856,,,,,,,,2024-06-08 14:30:00,2024-06-08 15:00:00,2024-06-09 02:30:00,1.0,3696.05,3668.5007501651535,3764.923124587117,0.8049692871110222,0.00016099385742220445,-1.0268323095703673,0.050818080651647855,-1.0671796936848856,False,False,3668.5007501651535,False,0.75,0.5,13.774252588497832,,adverse_first,volatility_stop,0.006,,0.00016099385742220432,8.049692871110216e-05,8.049692871110216e-05,0.0,0.0,fractional_return,R,False
ETHUSD,2024-06-10 19:00:00,2024-06-10 19:30:00,2024-06-10 20:30:00,short,,,3682.05,3665.75,3629.042028729001,3703.2531885084,r_trailing_stop,3,0.004426881764234669,0.0042268817642346695,0.00019999999999999966,,,,,0.7340212060009117,1.4714768011254635,-0.00943254359694944,,,,,,,,2024-06-10 19:00:00,2024-06-10 19:30:00,2024-06-10 20:30:00,-1.0,3682.05,3665.75,3629.042028729001,1.0,0.0002,0.7340212060009117,1.4714768011254635,-0.00943254359694944,False,False,3656.151085024415,True,0.75,0.5,10.60217004883038,3656.151085024415,adverse_first,volatility_stop,0.006,,0.00019999999999999966,9.999999999999983e-05,9.999999999999983e-05,0.0,0.0,fractional_return,R,False
ETHUSD,2024-06-12 09:30:00,2024-06-12 10:00:00,2024-06-12 12:30:00,short,,,3538.65,3571.5432174656075,3456.4169563359815,3571.5432174656075,stop_loss,6,-0.006,-0.006129095914817088,0.0001290959148170876,,,,,-1.021515985802848,0.2553717953794875,-3.1313446338198725,,,,,,,,2024-06-12 09:30:00,2024-06-12 10:00:00,2024-06-12 12:30:00,-1.0,3538.65,3571.5432174656075,3456.4169563359815,0.6454795740854384,0.0001290959148170877,-1.021515985802848,0.2553717953794875,-3.1313446338198725,False,False,3571.5432174656075,False,0.75,0.5,16.445214262011792,,adverse_first,volatility_stop,0.006,,0.0001290959148170876,6.45479574085438e-05,6.45479574085438e-05,0.0,0.0,fractional_return,R,False
ETHUSD,2024-06-17 07:30:00,2024-06-17 08:00:00,2024-06-17 09:30:00,long,,,3552.15,3521.7823714271653,3628.0690714320867,3521.7823714271653,stop_loss,4,-0.006,-0.006140365915954764,0.00014036591595476423,,,,,-1.023394319325794,0.2568524565983789,-1.3846981794823257,,,,,,,,2024-06-17 07:30:00,2024-06-17 08:00:00,2024-06-17 09:30:00,1.0,3552.15,3521.7823714271653,3628.0690714320867,0.7018295797738202,0.00014036591595476404,-1.023394319325794,0.2568524565983789,-1.3846981794823257,False,False,3521.7823714271653,False,0.75,0.5,15.183386588015777,,adverse_first,volatility_stop,0.006,,0.00014036591595476423,7.018295797738211e-05,7.018295797738211e-05,0.0,0.0,fractional_return,R,False
ETHUSD,2024-06-17 15:00:00,2024-06-17 15:30:00,2024-06-17 16:00:00,long,,,3511.3,3476.739692606125,3597.7007684846876,3476.739692606125,stop_loss,2,-0.005999999999999999,-0.006121919054480017,0.00012191905448001757,,,,,-1.0203198424133362,0.16926932776751497,-1.2991782592754795,,,,,,,,2024-06-17 15:00:00,2024-06-17 15:30:00,2024-06-17 16:00:00,1.0,3511.3,3476.739692606125,3597.7007684846876,0.6095952724000883,0.00012191905448001766,-1.0203198424133362,0.16926932776751497,-1.2991782592754795,False,False,3476.739692606125,False,0.75,0.5,17.27990735302846,,adverse_first,volatility_stop,0.006,,0.00012191905448001757,6.095952724000878e-05,6.095952724000878e-05,0.0,0.0,fractional_return,R,False
ETHUSD,2024-06-17 20:00:00,2024-06-17 20:30:00,2024-06-18 00:00:00,long,,,3530.2,3491.126334335655,3627.8841641608624,3491.126334335655,stop_loss,8,-0.006,-0.0061084167540458225,0.00010841675404582238,,,,,-1.0180694590076371,0.04478719798221784,-1.0377833589593837,,,,,,,,2024-06-17 20:00:00,2024-06-17 20:30:00,2024-06-18 00:00:00,1.0,3530.2,3491.126334335655,3627.8841641608624,0.5420837702291132,0.00010841675404582265,-1.0180694590076371,0.04478719798221784,-1.0377833589593837,False,False,3491.126334335655,False,0.75,0.5,19.536279959052795,,adverse_first,volatility_stop,0.006,,0.00010841675404582238,5.420837702291119e-05,5.420837702291119e-05,0.0,0.0,fractional_return,R,False
ETHUSD,2024-06-19 10:30:00,2024-06-19 11:00:00,2024-06-19 12:00:00,short,,,3560.15,3537.05,3450.11887615812,3604.162449536752,r_trailing_stop,3,0.0031491089784553665,0.0030520414431337395,9.706753532162703e-05,,,,,0.5086735738556233,0.9440510682166003,-0.08747524940153668,,,,,,,,2024-06-19 10:30:00,2024-06-19 11:00:00,2024-06-19 12:00:00,-1.0,3560.15,3537.05,3450.11887615812,0.4853376766081354,9.706753532162708e-05,0.5086735738556233,0.9440510682166003,-0.08747524940153668,False,False,3529.6029576229744,True,0.75,0.5,22.00591524594837,3529.6029576229744,adverse_first,volatility_stop,0.006,,9.706753532162703e-05,4.8533767660813515e-05,4.8533767660813515e-05,0.0,0.0,fractional_return,R,False
ETHUSD,2024-06-19 14:00:00,2024-06-19 14:30:00,2024-06-19 17:00:00,short,,,3517.75,3560.8251120389905,3410.062219902524,3560.8251120389905,stop_loss,6,-0.006,-0.006097998584337494,9.79985843374935e-05,,,,,-1.0163330973895823,0.12768393951062834,-1.6157822163526767,,,,,,,,2024-06-19 14:00:00,2024-06-19 14:30:00,2024-06-19 17:00:00,-1.0,3517.75,3560.8251120389905,3410.062219902524,0.4899929216874686,9.799858433749372e-05,-1.0163330973895823,0.12768393951062834,-1.6157822163526767,False,False,3560.8251120389905,False,0.75,0.5,21.537249891152683,,adverse_first,volatility_stop,0.006,,9.79985843374935e-05,4.899929216874675e-05,4.899929216874675e-05,0.0,0.0,fractional_return,R,False
ETHUSD,2024-06-19 17:00:00,2024-06-19 17:30:00,2024-06-19 20:00:00,short,,,3570.75,3546.5,3463.1171896982705,3613.803124120692,r_trailing_stop,6,0.0033795456885339216,0.0032800198100404574,9.952587849346422e-05,,,,,0.5466699683400762,0.8826304891016444,-0.08710169300345175,,,,,,,,2024-06-19 17:00:00,2024-06-19 17:30:00,2024-06-19 20:00:00,-1.0,3570.75,3546.5,3463.1171896982705,0.4976293924673206,9.952587849346412e-05,0.5466699683400762,0.8826304891016444,-0.08710169300345175,False,False,3546.4634313349457,True,0.75,0.5,21.52686266989183,3546.4634313349457,adverse_first,volatility_stop,0.006,,9.952587849346422e-05,4.976293924673211e-05,4.976293924673211e-05,0.0,0.0,fractional_return,R,False
ETHUSD,2024-06-19 20:00:00,2024-06-19 20:30:00,2024-06-20 02:30:00,short,,,3551.55,3550.05,3447.255091421027,3593.2679634315896,r_trailing_stop,13,0.0002157344045511496,0.0001135755346200045,0.00010215886993114511,,,,,0.01892925577000075,0.4003071728893365,-0.997172358814137,,,,,,,,2024-06-19 20:00:00,2024-06-19 20:30:00,2024-06-20 02:30:00,-1.0,3551.55,3550.05,3447.255091421027,0.5107943496557256,0.00010215886993114511,0.01892925577000075,0.4003071728893365,-0.997172358814137,False,False,3545.279344341168,True,0.75,0.5,20.858688682336208,3545.279344341168,adverse_first,volatility_stop,0.006,,0.00010215886993114511,5.1079434965572556e-05,5.1079434965572556e-05,0.0,0.0,fractional_return,R,False
ETHUSD,2024-06-24 11:00:00,2024-06-24 11:30:00,2024-06-24 12:00:00,long,,,3307.2,3316.4054867976197,3392.6645123519,3273.0141950592397,r_trailing_stop,2,0.0016156682834126447,0.001499577993689259,0.00011609028972338581,,,,,0.24992966561487648,0.8614686724806849,-0.08921831752345771,,,,,,,,2024-06-24 11:00:00,2024-06-24 11:30:00,2024-06-24 12:00:00,1.0,3307.2,3316.4054867976197,3392.6645123519,0.5804514486169293,0.00011609028972338587,0.24992966561487648,0.8614686724806849,-0.08921831752345771,False,False,3316.4054867976197,True,0.75,0.5,17.08902640475981,3316.4054867976197,adverse_first,volatility_stop,0.006,,0.00011609028972338581,5.8045144861692904e-05,5.8045144861692904e-05,0.0,0.0,fractional_return,R,False
ETHUSD,2024-06-24 14:00:00,2024-06-24 14:30:00,2024-06-24 15:30:00,long,,,3314.45,3279.2655033542305,3402.4112416144226,3279.2655033542305,stop_loss,3,-0.006,-0.006113042401602135,0.00011304240160213506,,,,,-1.0188404002670226,0.13073940054656102,-1.4708182561486953,,,,,,,,2024-06-24 14:00:00,2024-06-24 14:30:00,2024-06-24 15:30:00,1.0,3314.45,3279.2655033542305,3402.4112416144226,0.5652120080106746,0.00011304240160213492,-1.0188404002670226,0.13073940054656102,-1.4708182561486953,False,False,3279.2655033542305,False,0.75,0.5,17.592778342109707,,adverse_first,volatility_stop,0.006,,0.00011304240160213506,5.652120080106753e-05,5.652120080106753e-05,0.0,0.0,fractional_return,R,False
ETHUSD,2024-06-25 16:30:00,2024-06-25 17:00:00,2024-06-25 18:30:00,short,,,3383.15,3421.787423687475,3286.556440781313,3421.787423687475,stop_loss,4,-0.006,-0.006105073775954583,0.0001050737759545825,,,,,-1.0175122959924303,0.04658695710562318,-1.0275012206072471,,,,,,,,2024-06-25 16:30:00,2024-06-25 17:00:00,2024-06-25 18:30:00,-1.0,3383.15,3421.787423687475,3286.556440781313,0.5253688797729117,0.00010507377595458234,-1.0175122959924303,0.04658695710562318,-1.0275012206072471,False,False,3421.787423687475,False,0.75,0.5,19.319282661586232,,adverse_first,volatility_stop,0.006,,0.0001050737759545825,5.253688797729125e-05,5.253688797729125e-05,0.0,0.0,fractional_return,R,False
ETHUSD,2024-06-25 19:00:00,2024-06-25 19:30:00,2024-06-25 22:00:00,short,,,3415.55,3409.8422292971445,3317.6420405691724,3454.7131837723314,r_trailing_stop,6,0.0008744596561970326,0.000769803711373269,0.00010465594482376365,,,,,0.1283006185622115,0.4251441889094656,-0.15575853167253378,,,,,,,,2024-06-25 19:00:00,2024-06-25 19:30:00,2024-06-25 22:00:00,-1.0,3415.55,3409.8422292971445,3317.6420405691724,0.5232797241188183,0.00010465594482376367,0.1283006185622115,0.4251441889094656,-0.15575853167253378,False,False,3409.8422292971445,True,0.75,0.5,19.584458594288744,3409.8422292971445,adverse_first,volatility_stop,0.006,,0.00010465594482376365,5.232797241188183e-05,5.232797241188183e-05,0.0,0.0,fractional_return,R,False
ETHUSD,2024-06-26 07:30:00,2024-06-26 08:00:00,2024-06-26 08:30:00,short,,,3401.75,3389.1471208088337,3317.776326250867,3435.339469499653,r_trailing_stop,2,0.0022512196909742605,0.002129690531365409,0.0001215291596088513,,,,,0.35494842189423487,0.625195941252267,-0.004465685294661758,,,,,,,,2024-06-26 07:30:00,2024-06-26 08:00:00,2024-06-26 08:30:00,-1.0,3401.75,3389.1471208088337,3317.776326250867,0.607645798044257,0.00012152915960885141,0.35494842189423487,0.625195941252267,-0.004465685294661758,False,False,3389.1471208088337,True,0.75,0.5,16.79424161766787,3389.1471208088337,adverse_first,volatility_stop,0.006,,0.0001215291596088513,6.076457980442565e-05,6.076457980442565e-05,0.0,0.0,fractional_return,R,False
ETHUSD,2024-06-26 13:30:00,2024-06-26 14:00:00,2024-06-26 15:00:00,short,,,3388.05,3378.886084012231,3309.686843826855,3419.3952624692583,r_trailing_stop,3,0.00175412459795288,0.0016244188727579678,0.0001297057251949123,,,,,0.2707364787929946,1.2123044124217646,-0.20736786001951235,,,,,,,,2024-06-26 13:30:00,2024-06-26 14:00:00,2024-06-26 15:00:00,-1.0,3388.05,3378.886084012231,3309.686843826855,0.648528625974562,0.0001297057251949124,0.2707364787929946,1.2123044124217646,-0.20736786001951235,False,False,3378.886084012231,True,0.75,0.5,15.672168024461612,3378.886084012231,adverse_first,volatility_stop,0.006,,0.0001297057251949123,6.485286259745615e-05,6.485286259745615e-05,0.0,0.0,fractional_return,R,False
ETHUSD,2024-07-01 01:30:00,2024-07-01 02:00:00,2024-07-01 02:30:00,short,,,3515.05,3501.95,3454.9170539002635,3539.1031784398947,r_trailing_stop,2,0.003267759402210059,0.0030923954680613847,0.0001753639341486742,,,,,0.5153992446768975,0.9562145833438914,-0.19747909873406452,,,,,,,,2024-07-01 01:30:00,2024-07-01 02:00:00,2024-07-01 02:30:00,-1.0,3515.05,3501.95,3454.9170539002635,0.8768196707433704,0.0001753639341486741,0.5153992446768975,0.9562145833438914,-0.19747909873406452,False,False,3500.6633799443193,True,0.75,0.5,12.026759888638693,3500.6633799443193,adverse_first,volatility_stop,0.006,,0.0001753639341486742,8.76819670743371e-05,8.76819670743371e-05,0.0,0.0,fractional_return,R,False
ETHUSD,2024-07-01 02:30:00,2024-07-01 03:00:00,2024-07-01 05:00:00,short,,,3500.0,3487.6969536879346,3438.4926789207384,3524.6029284317046,r_trailing_stop,5,0.0030003858311950377,0.0028296744456923406,0.00017071138550269708,,,,,0.4716124076153901,0.7499107291725553,-0.24184112946214695,,,,,,,,2024-07-01 02:30:00,2024-07-01 03:00:00,2024-07-01 05:00:00,-1.0,3500.0,3487.6969536879346,3438.4926789207384,0.853556927513486,0.00017071138550269721,0.4716124076153901,0.7499107291725553,-0.24184112946214695,False,False,3487.6969536879346,True,0.75,0.5,12.293907375869304,3487.6969536879346,adverse_first,volatility_stop,0.006,,0.00017071138550269708,8.535569275134854e-05,8.535569275134854e-05,0.0,0.0,fractional_return,R,False
ETHUSD,2024-07-01 08:30:00,2024-07-01 09:00:00,2024-07-01 10:30:00,short,,,3480.85,3474.9807455042333,3422.5442203849902,3504.1723118460036,r_trailing_stop,4,0.0015099500944472132,0.00133085035392489,0.0001790997405223232,,,,,0.221808392320815,0.7524982993059046,-0.23582567784517847,,,,,,,,2024-07-01 08:30:00,2024-07-01 09:00:00,2024-07-01 10:30:00,-1.0,3480.85,3474.9807455042333,3422.5442203849902,0.8954987026116166,0.0001790997405223233,0.221808392320815,0.7524982993059046,-0.23582567784517847,False,False,3474.9807455042333,True,0.75,0.5,11.66149100846676,3474.9807455042333,adverse_first,volatility_stop,0.006,,0.0001790997405223232,8.95498702611616e-05,8.95498702611616e-05,0.0,0.0,fractional_return,R,False
ETHUSD,2024-07-01 10:30:00,2024-07-01 11:00:00,2024-07-01 12:00:00,short,,,3467.45,3460.8462736299953,3409.488100406993,3490.6347598372026,r_trailing_stop,3,0.0017089829050741174,0.0015295141493390128,0.0001794687557351046,,,,,0.2549190248898355,0.5348340930451347,-0.04313178169718956,,,,,,,,2024-07-01 10:30:00,2024-07-01 11:00:00,2024-07-01 12:00:00,-1.0,3467.45,3460.8462736299953,3409.488100406993,0.8973437786755231,0.00017946875573510463,0.2549190248898355,0.5348340930451347,-0.04313178169718956,False,False,3460.8462736299953,True,0.75,0.5,11.592547259989809,3460.8462736299953,adverse_first,volatility_stop,0.006,,0.0001794687557351046,8.97343778675523e-05,8.97343778675523e-05,0.0,0.0,fractional_return,R,False
ETHUSD,2024-07-01 12:00:00,2024-07-01 12:30:00,2024-07-01 14:00:00,short,,,3468.05,3458.8,3410.636875215231,3491.0152499139076,r_trailing_stop,4,0.00241669479792553,0.002235479265083463,0.0001812155328420671,,,,,0.3725798775139105,0.7837929074353097,-0.45938973185790577,,,,,,,,2024-07-01 12:00:00,2024-07-01 12:30:00,2024-07-01 14:00:00,-1.0,3468.05,3458.8,3410.636875215231,0.9060776642103349,0.00018121553284206697,0.3725798775139105,0.7837929074353097,-0.45938973185790577,False,False,3455.791395327754,True,0.75,0.5,11.48279065550782,3455.791395327754,adverse_first,volatility_stop,0.006,,0.0001812155328420671,9.060776642103355e-05,9.060776642103355e-05,0.0,0.0,fractional_return,R,False
ETHUSD,2024-07-02 07:00:00,2024-07-02 07:30:00,2024-07-02 11:00:00,long,,,3441.45,3444.4499571401907,3498.451258521981,3418.6494965912075,r_trailing_stop,8,0.0007894449748949682,0.0006083200266445944,0.0001811249482503738,,,,,0.1013866711074324,0.3815705225458038,-0.5043748286524834,,,,,,,,2024-07-02 07:00:00,2024-07-02 07:30:00,2024-07-02 11:00:00,1.0,3441.45,3444.4499571401907,3498.451258521981,0.905624741251869,0.0001811249482503738,0.1013866711074324,0.3815705225458038,-0.5043748286524834,False,False,3444.4499571401907,True,0.75,0.5,11.400085719618659,3444.4499571401907,adverse_first,volatility_stop,0.006,,0.0001811249482503738,9.05624741251869e-05,9.05624741251869e-05,0.0,0.0,fractional_return,R,False
ETHUSD,2024-07-02 13:30:00,2024-07-02 14:00:00,2024-07-02 14:00:00,long,,,3435.65,3413.129133967217,3491.9521650819574,3413.129133967217,stop_loss,1,-0.006,-0.006183064896083419,0.00018306489608341855,,,,,-1.0305108160139032,0.14875094035564182,-1.078999358400643,,,,,,,,2024-07-02 13:30:00,2024-07-02 14:00:00,2024-07-02 14:00:00,1.0,3435.65,3413.129133967217,3491.9521650819574,0.9153244804170928,0.00018306489608341857,-1.0305108160139032,0.14875094035564182,-1.078999358400643,False,False,3413.129133967217,False,0.75,0.5,11.260596679502845,,adverse_first,volatility_stop,0.006,,0.00018306489608341855,9.153244804170927e-05,9.153244804170927e-05,0.0,0.0,fractional_return,R,False
ETHUSD,2024-07-02 14:00:00,2024-07-02 14:30:00,2024-07-02 14:30:00,long,,,3425.6,3402.3972702518104,3483.6068243704735,3402.3972702518104,stop_loss,1,-0.006,-0.006177165361343778,0.00017716536134377778,,,,,-1.0295275602239629,0.11421069972195254,-1.2024447253744819,,,,,,,,2024-07-02 14:00:00,2024-07-02 14:30:00,2024-07-02 14:30:00,1.0,3425.6,3402.3972702518104,3483.6068243704735,0.8858268067188877,0.00017716536134377756,-1.0295275602239629,0.11421069972195254,-1.2024447253744819,False,False,3402.3972702518104,False,0.75,0.5,11.602042582013196,,adverse_first,volatility_stop,0.006,,0.00017716536134377778,8.858268067188889e-05,8.858268067188889e-05,0.0,0.0,fractional_return,R,False
ETHUSD,2024-07-02 14:30:00,2024-07-02 15:00:00,2024-07-02 16:00:00,long,,,3407.45,3411.001604152556,3467.4418826675856,3383.4532469329656,r_trailing_stop,3,0.0008880211775237894,0.0007176256249014137,0.00017039555262237575,,,,,0.11960427081690227,0.39797050764836994,-0.11876606772751797,,,,,,,,2024-07-02 14:30:00,2024-07-02 15:00:00,2024-07-02 16:00:00,1.0,3407.45,3411.001604152556,3467.4418826675856,0.8519777631118789,0.00017039555262237578,0.11960427081690227,0.39797050764836994,-0.11876606772751797,False,False,3411.001604152556,True,0.75,0.5,11.996791694887925,3411.001604152556,adverse_first,volatility_stop,0.006,,0.00017039555262237575,8.519777631118788e-05,8.519777631118788e-05,0.0,0.0,fractional_return,R,False
ETHUSD,2024-07-02 18:00:00,2024-07-02 18:30:00,2024-07-03 01:30:00,long,,,3427.55,3404.285854332196,3485.710364169511,3404.285854332196,stop_loss,15,-0.006,-0.006176798239605769,0.00017679823960576897,,,,,-1.0294663732676281,0.1225061105056644,-1.9901869882149,,,,,,,,2024-07-02 18:00:00,2024-07-02 18:30:00,2024-07-03 01:30:00,1.0,3427.55,3404.285854332196,3485.710364169511,0.8839911980288458,0.00017679823960576918,-1.0294663732676281,0.1225061105056644,-1.9901869882149,False,False,3404.285854332196,False,0.75,0.5,11.636993930340317,,adverse_first,volatility_stop,0.006,,0.00017679823960576897,8.839911980288448e-05,8.839911980288448e-05,0.0,0.0,fractional_return,R,False
ETHUSD,2024-07-06 07:00:00,2024-07-06 07:30:00,2024-07-06 09:30:00,short,,,3009.95,3000.8513310432054,2883.424081870634,3060.5603672517464,r_trailing_stop,5,0.0010786725468561406,0.0010073049556661088,7.136759119003174e-05,,,,,0.16788415927768482,0.47618702073670943,-0.1116372061063352,,,,,,,,2024-07-06 07:00:00,2024-07-06 07:30:00,2024-07-06 09:30:00,-1.0,3009.95,3000.8513310432054,2883.424081870634,0.35683795595015827,7.136759119003166e-05,0.16788415927768482,0.47618702073670943,-0.1116372061063352,False,False,3000.8513310432054,True,0.75,0.5,25.30266208641075,3000.8513310432054,adverse_first,volatility_stop,0.006,,7.136759119003174e-05,3.568379559501587e-05,3.568379559501587e-05,0.0,0.0,fractional_return,R,False
ETHUSD,2024-07-06 16:00:00,2024-07-06 16:30:00,2024-07-07 04:00:00,short,,,3040.25,3046.15,2931.025656476035,3083.939737409586,max_holding_close,24,-0.0008102589326213739,-0.0008937636688892443,8.350473626787043e-05,,,,,-0.14896061148154072,0.07667704588366045,-0.931568885810463,,,,,,,,2024-07-06 16:00:00,2024-07-06 16:30:00,2024-07-07 04:00:00,-1.0,3040.25,3046.15,2931.025656476035,0.4175236813393523,8.350473626787046e-05,-0.14896061148154072,0.07667704588366045,-0.931568885810463,False,False,3083.939737409586,False,0.75,0.5,21.84558729774614,,adverse_first,volatility_stop,0.006,,8.350473626787043e-05,4.175236813393522e-05,4.175236813393522e-05,0.0,0.0,fractional_return,R,False
ETHUSD,2024-07-15 08:30:00,2024-07-15 09:00:00,2024-07-15 15:00:00,long,,,3353.7,3367.3617346099954,3433.5814632589927,3321.7474146964028,r_trailing_stop,13,0.002565376381320354,0.002439426009487783,0.00012595037183257092,,,,,0.40657100158129716,1.2628086152220668,-0.7824093031115584,,,,,,,,2024-07-15 08:30:00,2024-07-15 09:00:00,2024-07-15 15:00:00,1.0,3353.7,3367.3617346099954,3433.5814632589927,0.6297518591628543,0.00012595037183257086,0.40657100158129716,1.2628086152220668,-0.7824093031115584,False,False,3367.3617346099954,True,0.75,0.5,15.976530780008602,3367.3617346099954,adverse_first,volatility_stop,0.006,,0.00012595037183257092,6.297518591628546e-05,6.297518591628546e-05,0.0,0.0,fractional_return,R,False
ETHUSD,2024-07-15 15:00:00,2024-07-15 15:30:00,2024-07-15 16:30:00,short,,,3374.4,3380.55,3293.2090000860394,3406.8763999655844,r_trailing_stop,3,-0.0011362096796167674,-0.0012608934501175334,0.00012468377050076605,,,,,-0.21014890835292224,0.45109679692099225,-0.9360643430988478,,,,,,,,2024-07-15 15:00:00,2024-07-15 15:30:00,2024-07-15 16:30:00,-1.0,3374.4,3380.55,3293.2090000860394,0.6234188525038308,0.00012468377050076616,-0.21014890835292224,0.45109679692099225,-0.9360643430988478,False,False,3367.86922018458,True,0.75,0.5,16.2384403691601,3367.86922018458,adverse_first,volatility_stop,0.006,,0.00012468377050076605,6.234188525038303e-05,6.234188525038303e-05,0.0,0.0,fractional_return,R,False
ETHUSD,2024-07-15 16:30:00,2024-07-15 17:00:00,2024-07-15 17:30:00,short,,,3390.2,3387.95,3307.1290719009003,3423.4283712396395,r_trailing_stop,2,0.00040627931783470154,0.0002838465939837416,0.00012243272385095992,,,,,0.047307765663956926,0.43185986747617355,-0.4047745796205358,,,,,,,,2024-07-15 16:30:00,2024-07-15 17:00:00,2024-07-15 17:30:00,-1.0,3390.2,3387.95,3307.1290719009003,0.6121636192547996,0.00012243272385095992,0.047307765663956926,0.43185986747617355,-0.4047745796205358,False,False,3384.1610132037003,True,0.75,0.5,16.622026407401155,3384.1610132037003,adverse_first,volatility_stop,0.006,,0.00012243272385095992,6.121636192547996e-05,6.121636192547996e-05,0.0,0.0,fractional_return,R,False
ETHUSD,2024-07-15 18:00:00,2024-07-15 18:30:00,2024-07-15 19:30:00,short,,,3400.15,3394.3558107625126,3315.5993500767277,3433.970259969309,r_trailing_stop,3,0.0010279381488041165,0.0009072950785349151,0.0001206430702692014,,,,,0.15121584642248587,0.5706638570346411,-0.922523955413499,,,,,,,,2024-07-15 18:00:00,2024-07-15 18:30:00,2024-07-15 19:30:00,-1.0,3400.15,3394.3558107625126,3315.5993500767277,0.6032153513460068,0.00012064307026920136,0.15121584642248587,0.5706638570346411,-0.922523955413499,False,False,3394.3558107625126,True,0.75,0.5,16.91162152502541,3394.3558107625126,adverse_first,volatility_stop,0.006,,0.0001206430702692014,6.03215351346007e-05,6.03215351346007e-05,0.0,0.0,fractional_return,R,False
ETHUSD,2024-07-15 20:00:00,2024-07-15 20:30:00,2024-07-15 21:30:00,short,,,3438.75,3430.1953930028144,3346.8067646131385,3475.5272941547446,r_trailing_stop,3,0.0013956339954523617,0.0012834316136611052,0.00011220238179125643,,,,,0.21390526894351752,0.5329375216548207,-0.2392780709470684,,,,,,,,2024-07-15 20:00:00,2024-07-15 20:30:00,2024-07-15 21:30:00,-1.0,3438.75,3430.1953930028144,3346.8067646131385,0.5610119089562826,0.00011220238179125652,0.21390526894351752,0.5329375216548207,-0.2392780709470684,False,False,3430.1953930028144,True,0.75,0.5,18.390786005629078,3430.1953930028144,adverse_first,volatility_stop,0.006,,0.00011220238179125643,5.6101190895628214e-05,5.6101190895628214e-05,0.0,0.0,fractional_return,R,False
ETHUSD,2024-07-15 22:30:00,2024-07-15 23:00:00,2024-07-16 03:00:00,short,,,3474.05,3467.1000000000004,3377.534647759353,3512.656140896259,r_trailing_stop,9,0.001080139040886088,0.0009721546657784486,0.00010798437510763949,,,,,0.16202577762974144,0.4895594214088278,-0.6203676266000677,,,,,,,,2024-07-15 22:30:00,2024-07-15 23:00:00,2024-07-16 03:00:00,-1.0,3474.05,3467.1000000000004,3377.534647759353,0.5399218755381975,0.0001079843751076395,0.16202577762974144,0.4895594214088278,-0.6203676266000677,False,False,3464.8016744051383,True,0.75,0.5,19.303348810276393,3464.8016744051383,adverse_first,volatility_stop,0.006,,0.00010798437510763949,5.3992187553819745e-05,5.3992187553819745e-05,0.0,0.0,fractional_return,R,False
ETHUSD,2024-07-18 02:00:00,2024-07-18 02:30:00,2024-07-18 08:30:00,short,,,3418.45,3458.910875349119,3317.2978116272016,3458.910875349119,stop_loss,13,-0.006,-0.006101385349788021,0.00010138534978802131,,,,,-1.0168975582980035,0.23232319911250368,-1.0170318769659599,,,,,,,,2024-07-18 02:00:00,2024-07-18 02:30:00,2024-07-18 08:30:00,-1.0,3418.45,3458.910875349119,3317.2978116272016,0.5069267489401078,0.00010138534978802157,-1.0168975582980035,0.23232319911250368,-1.0170318769659599,False,False,3458.910875349119,False,0.75,0.5,20.2310294185979,,adverse_first,volatility_stop,0.006,,0.00010138534978802131,5.0692674894010654e-05,5.0692674894010654e-05,0.0,0.0,fractional_return,R,False
ETHUSD,2024-07-24 19:30:00,2024-07-24 20:00:00,2024-07-24 21:30:00,short,,,3362.35,3338.05,3261.7132840419886,3402.6046863832044,r_trailing_stop,4,0.003621938539330687,0.003521706234411192,0.00010023230491949505,,,,,0.586951039068532,1.4880255041557673,-0.34405931940830065,,,,,,,,2024-07-24 19:30:00,2024-07-24 20:00:00,2024-07-24 21:30:00,-1.0,3362.35,3338.05,3261.7132840419886,0.501161524597475,0.000100232304919495,0.586951039068532,1.4880255041557673,-0.34405931940830065,False,False,3312.512773500677,True,0.75,0.5,20.125547001355233,3312.512773500677,adverse_first,volatility_stop,0.006,,0.00010023230491949505,5.0116152459747524e-05,5.0116152459747524e-05,0.0,0.0,fractional_return,R,False
ETHUSD,2024-07-26 19:30:00,2024-07-26 20:00:00,2024-07-26 21:00:00,short,,,3274.65,3261.893918956773,3174.209277141234,3314.8262891435065,r_trailing_stop,3,0.0019050163141244546,0.0018072078782591147,9.780843586533992e-05,,,,,0.30120131304318576,0.5674989026129426,-0.016178696785020236,,,,,,,,2024-07-26 19:30:00,2024-07-26 20:00:00,2024-07-26 21:00:00,-1.0,3274.65,3261.893918956773,3174.209277141234,0.48904217932669936,9.780843586533987e-05,0.30120131304318576,0.5674989026129426,-0.016178696785020236,False,False,3261.893918956773,True,0.75,0.5,20.087837913546597,3261.893918956773,adverse_first,volatility_stop,0.006,,9.780843586533992e-05,4.890421793266996e-05,4.890421793266996e-05,0.0,0.0,fractional_return,R,False
ETHUSD,2024-07-26 21:00:00,2024-07-26 21:30:00,2024-07-27 01:30:00,short,,,3267.5,3261.1461283171393,3168.040240004193,3307.283903998323,r_trailing_stop,9,0.0009582576435628921,0.0008597001968084131,9.855744675447899e-05,,,,,0.14328336613473552,0.5441899317098784,-0.48135044767872504,,,,,,,,2024-07-26 21:00:00,2024-07-26 21:30:00,2024-07-27 01:30:00,-1.0,3267.5,3261.1461283171393,3168.040240004193,0.49278723377239475,9.855744675447895e-05,0.14328336613473552,0.5441899317098784,-0.48135044767872504,False,False,3261.1461283171393,True,0.75,0.5,19.89225663427869,3261.1461283171393,adverse_first,volatility_stop,0.006,,9.855744675447899e-05,4.9278723377239495e-05,4.9278723377239495e-05,0.0,0.0,fractional_return,R,False
ETHUSD,2024-07-27 20:00:00,2024-07-27 20:30:00,2024-07-27 21:00:00,long,,,3229.95,3241.85,3321.84795870753,3193.190816516988,r_trailing_stop,2,0.001942371762229055,0.0018369303559532264,0.00010544140627582869,,,,,0.3061550593255377,1.74378193219727,-0.39853986437892713,,,,,,,,2024-07-27 20:00:00,2024-07-27 20:30:00,2024-07-27 21:00:00,1.0,3229.95,3241.85,3321.84795870753,0.5272070313791432,0.00010544140627582864,0.3061550593255377,1.74378193219727,-0.39853986437892713,False,False,3249.2599198106095,True,0.75,0.5,18.380160378780626,3249.2599198106095,adverse_first,volatility_stop,0.006,,0.00010544140627582869,5.2720703137914345e-05,5.2720703137914345e-05,0.0,0.0,fractional_return,R,False
ETHUSD,2024-08-04 17:00:00,2024-08-04 17:30:00,2024-08-04 17:30:00,short,,,2737.05,2632.0638646666894,2632.0638646666894,2779.0444541333245,take_profit,1,0.015000000000000001,0.014921788244000686,7.821175599931514e-05,,,,,2.4869647073334478,2.540811690544858,-0.10239447300226961,,,,,,,,2024-08-04 17:00:00,2024-08-04 17:30:00,2024-08-04 17:30:00,-1.0,2737.05,2632.0638646666894,2632.0638646666894,0.3910587799965765,7.82117559993153e-05,2.4869647073334478,2.540811690544858,-0.10239447300226961,False,False,2779.0444541333245,False,0.75,0.5,20.99799465565871,,adverse_first,volatility_stop,0.006,,7.821175599931514e-05,3.910587799965757e-05,3.910587799965757e-05,0.0,0.0,fractional_return,R,False
ETHUSD,2024-08-06 08:00:00,2024-08-06 08:30:00,2024-08-06 09:30:00,short,,,2486.4,2464.9258371501282,2268.562770599127,2573.534891760349,r_trailing_stop,3,0.0014786840781715572,0.0014444419974192664,3.424208075229079e-05,,,,,0.24074033290321106,0.49635684541793396,-0.04533201247169361,,,,,,,,2024-08-06 08:00:00,2024-08-06 08:30:00,2024-08-06 09:30:00,-1.0,2486.4,2464.9258371501282,2268.562770599127,0.1712104037614541,3.424208075229082e-05,0.24074033290321106,0.49635684541793396,-0.04533201247169361,False,False,2464.9258371501282,True,0.75,0.5,43.551674300256764,2464.9258371501282,adverse_first,volatility_stop,0.006,,3.424208075229079e-05,1.7121040376145394e-05,1.7121040376145394e-05,0.0,0.0,fractional_return,R,False
ETHUSD,2024-08-06 12:30:00,2024-08-06 13:00:00,2024-08-06 14:00:00,short,,,2440.15,2521.4014346217737,2237.021413445566,2521.4014346217737,stop_loss,3,-0.006,-0.00603603850213391,3.6038502133909495e-05,,,,,-1.0060064170223182,0.29414865240539917,-1.4092058870467816,,,,,,,,2024-08-06 12:30:00,2024-08-06 13:00:00,2024-08-06 14:00:00,-1.0,2440.15,2521.4014346217737,2237.021413445566,0.1801925106695476,3.603850213390952e-05,-1.0060064170223182,0.29414865240539917,-1.4092058870467816,False,False,2521.4014346217737,False,0.75,0.5,40.61739394147147,,adverse_first,volatility_stop,0.006,,3.6038502133909495e-05,1.8019251066954747e-05,1.8019251066954747e-05,0.0,0.0,fractional_return,R,False
ETHUSD,2024-08-06 14:00:00,2024-08-06 14:30:00,2024-08-06 16:00:00,short,,,2529.75,2528.25,2319.2932470110245,2613.93270119559,r_trailing_stop,4,0.00010691032566285593,7.084947281677237e-05,3.606085284608355e-05,,,,,0.011808245469462061,0.41516843132411424,-0.2458937490245818,,,,,,,,2024-08-06 14:00:00,2024-08-06 14:30:00,2024-08-06 16:00:00,-1.0,2529.75,2528.25,2319.2932470110245,0.18030426423041776,3.606085284608355e-05,0.011808245469462061,0.41516843132411424,-0.2458937490245818,False,False,2515.8448431676134,True,0.75,0.5,42.08968633522671,2515.8448431676134,adverse_first,volatility_stop,0.006,,3.606085284608355e-05,1.8030426423041777e-05,1.8030426423041777e-05,0.0,0.0,fractional_return,R,False
ETHUSD,2024-08-06 16:30:00,2024-08-06 17:00:00,2024-08-06 18:00:00,short,,,2531.65,2502.4301837601884,2324.9175767512993,2614.3429692994805,r_trailing_stop,3,0.0021201185412019425,0.0020833804723463223,3.6738068855620126e-05,,,,,0.34723007872438705,0.6034370324674462,-0.14390582537800906,,,,,,,,2024-08-06 16:30:00,2024-08-06 17:00:00,2024-08-06 18:00:00,-1.0,2531.65,2502.4301837601884,2324.9175767512993,0.1836903442781013,3.673806885562026e-05,0.34723007872438705,0.6034370324674462,-0.14390582537800906,False,False,2502.4301837601884,True,0.75,0.5,41.36036752037698,2502.4301837601884,adverse_first,volatility_stop,0.006,,3.6738068855620126e-05,1.8369034427810063e-05,1.8369034427810063e-05,0.0,0.0,fractional_return,R,False
ETHUSD,2024-08-07 01:00:00,2024-08-07 01:30:00,2024-08-07 02:00:00,long,,,2447.65,2485.9145799642915,2635.511878985772,2372.5052484056914,r_trailing_stop,2,0.0030552696617489133,0.0030161827004151764,3.9086961333736816e-05,,,,,0.5026971167358627,1.0193659354088735,-0.014638414216053127,,,,,,,,2024-08-07 01:00:00,2024-08-07 01:30:00,2024-08-07 02:00:00,1.0,2447.65,2485.9145799642915,2635.511878985772,0.19543480666868376,3.9086961333736755e-05,0.5026971167358627,1.0193659354088735,-0.014638414216053127,False,False,2485.9145799642915,True,0.75,0.5,37.57084007141644,2485.9145799642915,adverse_first,volatility_stop,0.006,,3.9086961333736816e-05,1.9543480666868408e-05,1.9543480666868408e-05,0.0,0.0,fractional_return,R,False
ETHUSD,2024-08-07 10:30:00,2024-08-07 11:00:00,2024-08-07 12:30:00,short,,,2509.75,2473.576135985458,2340.4515407958534,2577.4693836816587,r_trailing_stop,4,0.003205037794016951,0.0031605645599698477,4.447323404710348e-05,,,,,0.5267607599949746,0.8668123779144541,-0.07678746789020473,,,,,,,,2024-08-07 10:30:00,2024-08-07 11:00:00,2024-08-07 12:30:00,-1.0,2509.75,2473.576135985458,2340.4515407958534,0.222366170235517,4.44732340471034e-05,0.5267607599949746,0.8668123779144541,-0.07678746789020473,False,False,2473.576135985458,True,0.75,0.5,33.852271970916036,2473.576135985458,adverse_first,volatility_stop,0.006,,4.447323404710348e-05,2.223661702355174e-05,2.223661702355174e-05,0.0,0.0,fractional_return,R,False
ETHUSD,2024-08-07 13:00:00,2024-08-07 13:30:00,2024-08-07 14:00:00,short,,,2465.7,2453.2916686307954,2300.2866675325668,2531.865332986973,r_trailing_stop,2,0.0011252114189448015,0.0010804925326878163,4.471888625698513e-05,,,,,0.18008208878130272,0.954427298241403,-0.324187894652074,,,,,,,,2024-08-07 13:00:00,2024-08-07 13:30:00,2024-08-07 14:00:00,-1.0,2465.7,2453.2916686307954,2300.2866675325668,0.2235944312849255,4.4718886256985105e-05,0.18008208878130272,0.954427298241403,-0.324187894652074,False,False,2453.2916686307954,True,0.75,0.5,33.083337261591005,2453.2916686307954,adverse_first,volatility_stop,0.006,,4.471888625698513e-05,2.2359443128492566e-05,2.2359443128492566e-05,0.0,0.0,fractional_return,R,False
ETHUSD,2024-08-07 15:30:00,2024-08-07 16:00:00,2024-08-07 18:30:00,long,,,2412.95,2344.603310723789,2583.8167231905272,2344.603310723789,stop_loss,6,-0.005999999999999977,-0.006042365475645742,4.23654756457649e-05,,,,,-1.0070609126076235,0.04828324583015029,-1.253901262922316,,,,,,,,2024-08-07 15:30:00,2024-08-07 16:00:00,2024-08-07 18:30:00,1.0,2412.95,2344.603310723789,2583.8167231905272,0.21182737822882622,4.2365475645765245e-05,-1.0070609126076235,0.04828324583015029,-1.253901262922316,False,False,2344.603310723789,False,0.75,0.5,34.171927981290125,,adverse_first,volatility_stop,0.006,,4.23654756457649e-05,2.118273782288245e-05,2.118273782288245e-05,0.0,0.0,fractional_return,R,False
ETHUSD,2024-08-14 10:00:00,2024-08-14 10:30:00,2024-08-14 13:00:00,short,,,2741.45,2732.95,2637.9509915565604,2782.8496033773754,r_trailing_stop,6,0.0012318958598494742,0.0011524327797321947,7.946308011727945e-05,,,,,0.1920721299553658,0.7198136592845984,-0.8985593330666947,,,,,,,,2024-08-14 10:00:00,2024-08-14 10:30:00,2024-08-14 13:00:00,-1.0,2741.45,2732.95,2637.9509915565604,0.39731540058639697,7.94630801172794e-05,0.1920721299553658,0.7198136592845984,-0.8985593330666947,False,False,2731.4508447041817,True,0.75,0.5,20.70168940836249,2731.4508447041817,adverse_first,volatility_stop,0.006,,7.946308011727945e-05,3.9731540058639725e-05,3.9731540058639725e-05,0.0,0.0,fractional_return,R,False
ETHUSD,2024-08-15 21:30:00,2024-08-15 22:00:00,2024-08-15 23:00:00,long,,,2572.6,2576.35,2679.634116527997,2529.786353388801,r_trailing_stop,3,0.0005255333703370181,0.0004534273890821418,7.210598125487633e-05,,,,,0.07557123151369029,0.39590180565387045,-0.2651023890366561,,,,,,,,2024-08-15 21:30:00,2024-08-15 22:00:00,2024-08-15 23:00:00,1.0,2572.6,2576.35,2679.634116527997,0.3605299062743818,7.210598125487636e-05,0.07557123151369029,0.39590180565387045,-0.2651023890366561,False,False,2578.847212598369,True,0.75,0.5,21.40557480326272,2578.847212598369,adverse_first,volatility_stop,0.006,,7.210598125487633e-05,3.6052990627438166e-05,3.6052990627438166e-05,0.0,0.0,fractional_return,R,False
ETHUSD,2024-08-21 13:30:00,2024-08-21 14:00:00,2024-08-21 14:30:00,long,,,2594.35,2601.35,2661.20945160361,2567.606219358556,r_trailing_stop,2,0.0015704585886003172,0.0014540494674764497,0.00011640912112386749,,,,,0.2423415779127416,0.8693610044037885,-0.6020091256301352,,,,,,,,2024-08-21 13:30:00,2024-08-21 14:00:00,2024-08-21 14:30:00,1.0,2594.35,2601.35,2661.20945160361,0.5820456056193374,0.00011640912112386748,0.2423415779127416,0.8693610044037885,-0.6020091256301352,False,False,2608.764441692544,True,0.75,0.5,13.371116614911239,2608.764441692544,adverse_first,volatility_stop,0.006,,0.00011640912112386749,5.8204560561933745e-05,5.8204560561933745e-05,0.0,0.0,fractional_return,R,False
ETHUSD,2024-08-24 20:00:00,2024-08-24 20:30:00,2024-08-24 21:00:00,long,,,2805.95,2776.806419633096,2878.8089509172596,2776.806419633096,stop_loss,2,-0.005999999999999936,-0.006115536250440317,0.00011553625044038139,,,,,-1.019256041740053,0.005146931094673937,-1.358789808988973,,,,,,,,2024-08-24 20:00:00,2024-08-24 20:30:00,2024-08-24 21:00:00,1.0,2805.95,2776.806419633096,2878.8089509172596,0.5776812522019081,0.00011553625044038164,-1.019256041740053,0.005146931094673937,-1.358789808988973,False,False,2776.806419633096,False,0.75,0.5,14.57282879725985,,adverse_first,volatility_stop,0.006,,0.00011553625044038139,5.7768125220190696e-05,5.7768125220190696e-05,0.0,0.0,fractional_return,R,False
ETHUSD,2024-08-24 21:00:00,2024-08-24 21:30:00,2024-08-24 21:30:00,long,,,2772.6000000000004,2742.906138111279,2846.8346547218043,2742.906138111279,stop_loss,1,-0.005999999999999999,-0.006112047399306578,0.00011204739930657879,,,,,-1.0186745665510966,0.14312722326002983,-1.3319251011611322,,,,,,,,2024-08-24 21:00:00,2024-08-24 21:30:00,2024-08-24 21:30:00,1.0,2772.6000000000004,2742.906138111279,2846.8346547218043,0.5602369965328957,0.00011204739930657915,-1.0186745665510966,0.14312722326002983,-1.3319251011611322,False,False,2742.906138111279,False,0.75,0.5,14.847733859872832,,adverse_first,volatility_stop,0.006,,0.00011204739930657879,5.6023699653289395e-05,5.6023699653289395e-05,0.0,0.0,fractional_return,R,False
ETHUSD,2024-08-29 12:30:00,2024-08-29 13:00:00,2024-08-29 14:00:00,short,,,2573.15,2571.05,2481.4232978878777,2609.840680844849,r_trailing_stop,3,0.00034341145244156307,0.0002592543877891775,8.415706465238556e-05,,,,,0.043209064631529584,0.4238133401163865,-0.16080377534963106,,,,,,,,2024-08-29 12:30:00,2024-08-29 13:00:00,2024-08-29 14:00:00,-1.0,2573.15,2571.05,2481.4232978878777,0.42078532326192786,8.415706465238558e-05,0.043209064631529584,0.4238133401163865,-0.16080377534963106,False,False,2566.7719572200094,True,0.75,0.5,18.343914440018022,2566.7719572200094,adverse_first,volatility_stop,0.006,,8.415706465238556e-05,4.207853232619278e-05,4.207853232619278e-05,0.0,0.0,fractional_return,R,False
ETHUSD,2024-09-03 14:30:00,2024-09-03 15:00:00,2024-09-03 18:30:00,short,,,2445.9,2448.05,2381.77672102754,2471.549311588984,r_trailing_stop,8,-0.0005029374747641309,-0.0006173686161153309,0.00011443114135120008,,,,,-0.10289476935255515,0.3879246413877904,-0.6686339296281868,,,,,,,,2024-09-03 14:30:00,2024-09-03 15:00:00,2024-09-03 18:30:00,-1.0,2445.9,2448.05,2381.77672102754,0.5721557067560004,0.00011443114135120008,-0.10289476935255515,0.3879246413877904,-0.6686339296281868,False,False,2442.3627212832203,True,0.75,0.5,12.825442566440616,2442.3627212832203,adverse_first,volatility_stop,0.006,,0.00011443114135120008,5.721557067560004e-05,5.721557067560004e-05,0.0,0.0,fractional_return,R,False
ETHUSD,2024-09-05 03:00:00,2024-09-05 03:30:00,2024-09-05 04:00:00,short,,,2418.25,2411.885384106549,2342.393024442019,2448.5927902231924,r_trailing_stop,2,0.0012585426415899984,0.0011629054250171487,9.56372165728497e-05,,,,,0.19381757083619144,0.5371951583919043,-0.05932216473039968,,,,,,,,2024-09-05 03:00:00,2024-09-05 03:30:00,2024-09-05 04:00:00,-1.0,2418.25,2411.885384106549,2342.393024442019,0.47818608286424846,9.56372165728497e-05,0.19381757083619144,0.5371951583919043,-0.05932216473039968,False,False,2411.885384106549,True,0.75,0.5,15.170768213096856,2411.885384106549,adverse_first,volatility_stop,0.006,,9.56372165728497e-05,4.781860828642485e-05,4.781860828642485e-05,0.0,0.0,fractional_return,R,False
ETHUSD,2024-09-05 04:00:00,2024-09-05 04:30:00,2024-09-05 05:30:00,short,,,2414.55,2412.75,2338.572510940209,2444.9409956239165,r_trailing_stop,3,0.00035536841680505076,0.00026002899338320586,9.53394234218449e-05,,,,,0.043338165563867645,0.4014346930575529,-0.1283274838462521,,,,,,,,2024-09-05 04:00:00,2024-09-05 04:30:00,2024-09-05 05:30:00,-1.0,2414.55,2412.75,2338.572510940209,0.4766971171092245,9.533942342184491e-05,0.043338165563867645,0.4014346930575529,-0.1283274838462521,False,False,2409.946804900766,True,0.75,0.5,15.193609801532538,2409.946804900766,adverse_first,volatility_stop,0.006,,9.53394234218449e-05,4.766971171092245e-05,4.766971171092245e-05,0.0,0.0,fractional_return,R,False
ETHUSD,2024-09-05 17:00:00,2024-09-05 17:30:00,2024-09-05 19:00:00,long,,,2378.65,2387.988420620101,2456.7723614348565,2347.4010554260576,r_trailing_stop,4,0.0017930373164451142,0.0017016940714518042,9.134324499330995e-05,,,,,0.2836156785753007,0.548818535596269,-0.5808196163890543,,,,,,,,2024-09-05 17:00:00,2024-09-05 17:30:00,2024-09-05 19:00:00,1.0,2378.65,2387.988420620101,2456.7723614348565,0.4567162249665498,9.134324499330996e-05,0.2836156785753007,0.548818535596269,-0.5808196163890543,False,False,2387.988420620101,True,0.75,0.5,15.623158759799002,2387.988420620101,adverse_first,volatility_stop,0.006,,9.134324499330995e-05,4.5671622496654975e-05,4.5671622496654975e-05,0.0,0.0,fractional_return,R,False
ETHUSD,2024-09-15 21:00:00,2024-09-15 21:30:00,2024-09-15 22:00:00,long,,,2341.65,2349.391270167048,2388.2283465293935,2323.018661388243,r_trailing_stop,2,0.002492983567642142,0.00234216348656505,0.00015082008107709195,,,,,0.390360581094175,0.6655453082783402,-0.024152853929470364,,,,,,,,2024-09-15 21:00:00,2024-09-15 21:30:00,2024-09-15 22:00:00,1.0,2341.65,2349.391270167048,2388.2283465293935,0.7541004053854592,0.00015082008107709184,0.390360581094175,0.6655453082783402,-0.024152853929470364,False,False,2349.391270167048,True,0.75,0.5,9.317459665904963,2349.391270167048,adverse_first,volatility_stop,0.006,,0.00015082008107709195,7.541004053854597e-05,7.541004053854597e-05,0.0,0.0,fractional_return,R,False
ETHUSD,2024-09-16 01:30:00,2024-09-16 02:00:00,2024-09-16 02:30:00,long,,,2277.45,2254.042471700627,2335.9688207484314,2254.042471700627,stop_loss,2,-0.006,-0.00611675474509939,0.00011675474509938947,,,,,-1.0194591241832316,0.18797371271865632,-1.0552160691251546,,,,,,,,2024-09-16 01:30:00,2024-09-16 02:00:00,2024-09-16 02:30:00,1.0,2277.45,2254.042471700627,2335.9688207484314,0.5837737254969477,0.00011675474509938955,-1.0194591241832316,0.18797371271865632,-1.0552160691251546,False,False,2254.042471700627,False,0.75,0.5,11.702735829831624,,adverse_first,volatility_stop,0.006,,0.00011675474509938947,5.8377372549694734e-05,5.8377372549694734e-05,0.0,0.0,fractional_return,R,False
ETHUSD,2024-09-16 03:00:00,2024-09-16 03:30:00,2024-09-16 05:30:00,long,,,2272.75,2286.05,2333.6369122492615,2248.3952351002954,r_trailing_stop,5,0.003276566221379111,0.0031645840277003258,0.0001119821936787853,,,,,0.5274306712833876,0.9320558048283661,-0.016423890833983885,,,,,,,,2024-09-16 03:00:00,2024-09-16 03:30:00,2024-09-16 05:30:00,1.0,2272.75,2286.05,2333.6369122492615,0.5599109683939258,0.00011198219367878518,0.5274306712833876,0.9320558048283661,-0.016423890833983885,False,False,2289.3615765965865,True,0.75,0.5,12.176846806826974,2289.3615765965865,adverse_first,volatility_stop,0.006,,0.0001119821936787853,5.599109683939265e-05,5.599109683939265e-05,0.0,0.0,fractional_return,R,False
ETHUSD,2024-09-16 06:00:00,2024-09-16 06:30:00,2024-09-16 08:30:00,long,,,2295.55,2329.8244332994313,2354.3031068221435,2272.0487572711427,r_trailing_stop,5,0.008750456397953528,0.008633243021972456,0.00011721337598107236,,,,,1.4388738369954093,1.7084202934808588,-0.23403017718916086,,,,,,,,2024-09-16 06:00:00,2024-09-16 06:30:00,2024-09-16 08:30:00,1.0,2295.55,2329.8244332994313,2354.3031068221435,0.5860668799053625,0.00011721337598107252,1.4388738369954093,1.7084202934808588,-0.23403017718916086,False,False,2329.8244332994313,True,0.75,0.5,11.751133401136665,2329.8244332994313,adverse_first,volatility_stop,0.006,,0.00011721337598107236,5.860668799053618e-05,5.860668799053618e-05,0.0,0.0,fractional_return,R,False
ETHUSD,2024-09-16 08:30:00,2024-09-16 09:00:00,2024-09-16 09:30:00,long,,,2315.75,2291.5715332946274,2376.1961667634314,2291.5715332946274,stop_loss,2,-0.005999999999999999,-0.006114932846398506,0.00011493284639850672,,,,,-1.019155474399751,0.16543646248300697,-1.1208320333223685,,,,,,,,2024-09-16 08:30:00,2024-09-16 09:00:00,2024-09-16 09:30:00,1.0,2315.75,2291.5715332946274,2376.1961667634314,0.574664231992535,0.00011493284639850702,-1.019155474399751,0.16543646248300697,-1.1208320333223685,False,False,2291.5715332946274,False,0.75,0.5,12.089755311391473,,adverse_first,volatility_stop,0.006,,0.00011493284639850672,5.746642319925336e-05,5.746642319925336e-05,0.0,0.0,fractional_return,R,False
ETHUSD,2024-09-16 09:30:00,2024-09-16 10:00:00,2024-09-16 11:00:00,long,,,2291.75,2299.6984658240312,2353.262655148399,2267.1449379406404,r_trailing_stop,3,0.0019382513577545107,0.001826481674208686,0.0001117696835458246,,,,,0.3044136123681143,0.5730528118963369,-0.09347669981288566,,,,,,,,2024-09-16 09:30:00,2024-09-16 10:00:00,2024-09-16 11:00:00,1.0,2291.75,2299.6984658240312,2353.262655148399,0.5588484177291229,0.00011176968354582458,0.3044136123681143,0.5730528118963369,-0.09347669981288566,False,False,2299.6984658240312,True,0.75,0.5,12.303068351937398,2299.6984658240312,adverse_first,volatility_stop,0.006,,0.0001117696835458246,5.58848417729123e-05,5.58848417729123e-05,0.0,0.0,fractional_return,R,False
ETHUSD,2024-09-16 12:00:00,2024-09-16 12:30:00,2024-09-16 14:00:00,long,,,2304.3,2280.3480295976624,2364.179926005844,2280.3480295976624,stop_loss,4,-0.006000000000000064,-0.0061154460344411445,0.00011544603444108015,,,,,-1.0192410057401908,0.12942567763432686,-1.0625430631592743,,,,,,,,2024-09-16 12:00:00,2024-09-16 12:30:00,2024-09-16 14:00:00,1.0,2304.3,2280.3480295976624,2364.179926005844,0.5772301722054007,0.00011544603444108015,-1.0192410057401908,0.12942567763432686,-1.0625430631592743,False,False,2280.3480295976624,False,0.75,0.5,11.975205493646632,,adverse_first,volatility_stop,0.006,,0.00011544603444108015,5.7723017220540074e-05,5.7723017220540074e-05,0.0,0.0,fractional_return,R,False
