{
  "could_have_been_profitable": {
    "loser_was_positive_rate": 0.9864559819413092,
    "avg_mfe_r_of_losers": 1.4569559806669021,
    "median_mfe_r_of_losers": 1.0630969243279218,
    "avg_mfe_r_before_loss": 1.4569559806669021,
    "median_mfe_r_before_loss": 1.0630969243279218,
    "loser_reached_0_5r_rate": 0.7629796839729119,
    "loser_reached_1r_rate": 0.5259593679458239,
    "loser_reached_1_5r_rate": 0.35214446952595935,
    "loser_reached_2r_rate": 0.23927765237020315
  },
  "capture_giveback": {
    "avg_capture_ratio": -3.4335173653280826,
    "median_capture_ratio": -0.019141977611938477,
    "avg_giveback_r": 3.318516245868574,
    "median_giveback_r": 2.725576706133951,
    "avg_giveback_r_winners": 2.7934691029457763,
    "avg_giveback_r_losers": 3.818674020842437,
    "median_giveback_r_winners": 2.3784645923898804,
    "median_giveback_r_losers": 3.200194708099261
  },
  "mae_before_win": {
    "winner_had_negative_mae_rate": 0.9786729857819905,
    "winner_had_mae_below_minus_0_25r_rate": 0.8696682464454977,
    "winner_had_mae_below_minus_0_5r_rate": 0.7085308056872038,
    "winner_had_mae_below_minus_1r_rate": 0.4597156398104265,
    "avg_mae_r_of_winners": -1.2043642191885957,
    "median_mae_r_of_winners": -0.9387182588901001,
    "p90_abs_mae_r_of_winners": 2.5746345473150933,
    "avg_mae_r": -2.5669481514657684,
    "median_mae_r": -1.8533340455231313,
    "q10_mae_r": -5.509636069170633,
    "q25_mae_r": -3.3845612126195888,
    "q75_mae_r": -0.8686070561322148,
    "q90_mae_r": -0.3726589950464461
  },
  "conditional_probabilities": {
    "prob_final_win": 0.48786127167630056,
    "prob_final_loss": 0.5121387283236994,
    "prob_final_win_given_mae_gt_minus_0_5r": 0.9761904761904762,
    "prob_final_win_given_mae_gt_minus_1r": 0.9156626506024096,
    "prob_mfe_ge_0_5r": 0.8786127167630058,
    "prob_final_loss_given_mfe_ge_0_5r": 0.44473684210526315,
    "prob_mfe_ge_1r": 0.7410404624277457,
    "prob_final_loss_given_mfe_ge_1r": 0.36349453978159124,
    "prob_mfe_ge_1_5r": 0.6265895953757226,
    "prob_final_loss_given_mfe_ge_1_5r": 0.2878228782287823,
    "prob_mfe_ge_2r": 0.5329479768786127,
    "prob_final_loss_given_mfe_ge_2r": 0.2299349240780911,
    "prob_stop_loss_given_mfe_ge_0_5r": 0.0,
    "prob_stop_loss_given_mfe_ge_1r": 0.0
  },
  "exit_reason_quality": {
    "position_exit": {
      "trade_count": 652,
      "avg_r": 1.4624671862972993,
      "median_r": 0.5731133502159265,
      "win_rate": 0.6349693251533742,
      "avg_mfe_r": 4.095199844165672,
      "avg_mae_r": -1.6357698891562955,
      "avg_giveback_r": 2.6327326578683716,
      "avg_bars_held": 27.41871165644172,
      "profit_factor": 5.3885112658457075,
      "stop_after_positive_rate": 0.9969325153374233,
      "stop_after_0_5r_rate": 0.9309815950920245,
      "stop_after_1r_rate": 0.8328220858895705
    },
    "reversal": {
      "trade_count": 213,
      "avg_r": -3.711918541692178,
      "median_r": -3.125170256852251,
      "win_rate": 0.03755868544600939,
      "avg_mfe_r": 1.7058038045338237,
      "avg_mae_r": -5.417315414497583,
      "avg_giveback_r": 5.417722346226002,
      "avg_bars_held": 24.431924882629108,
      "profit_factor": 0.04623134996883619,
      "stop_after_positive_rate": 0.9812206572769953,
      "stop_after_0_5r_rate": 0.7183098591549296,
      "stop_after_1r_rate": 0.460093896713615
    }
  },
  "timing": {
    "avg_time_to_mfe": 12.31907514450867,
    "median_time_to_mfe": 10.0,
    "avg_time_to_mae": 11.415028901734104,
    "median_time_to_mae": 11.0,
    "prob_mfe_ge_0_5r_within_1_bar": 0.08670520231213873,
    "prob_mfe_ge_0_5r_within_2_bars": 0.130635838150289,
    "prob_mfe_ge_1r_within_4_bars": 0.1375722543352601,
    "avg_r_by_bars_held_bucket": {
      "1": null,
      "2": null,
      "3-4": null,
      "5-8": null,
      "9-16": null,
      "17+": 0.18831208796000604
    },
    "win_rate_by_bars_held_bucket": {
      "1": null,
      "2": null,
      "3-4": null,
      "5-8": null,
      "9-16": null,
      "17+": 0.48786127167630056
    }
  },
  "warnings": [],
  "trade_ledger_construction": {
    "ledger_source": "position_transitions",
    "trade_count": 865,
    "position_transition_count": 1730,
    "fallback_price_risk_distance_count": 0,
    "end_of_data_exit_count": 0,
    "skipped_missing_price_count": 0,
    "warnings": []
  },
  "path_construction": {
    "trade_count": 865,
    "path_trade_count": 865,
    "skipped_trade_paths_missing_risk": 0,
    "skipped_trade_paths_missing_asset_frame": 0,
    "skipped_trade_paths_missing_timestamps": 0,
    "truncated": false,
    "warnings": []
  },
  "counterfactual": {
    "counterfactual.baseline.trade_count": 865,
    "counterfactual.baseline.avg_r": 0.18831208796000604,
    "counterfactual.baseline.median_r": -0.043074347578100775,
    "counterfactual.baseline.win_rate": 0.48786127167630056,
    "counterfactual.baseline.profit_factor": 1.155690650426959,
    "counterfactual.breakeven_after_0_5r.trade_count": 865,
    "counterfactual.breakeven_after_0_5r.avg_r": -0.0906953668625623,
    "counterfactual.breakeven_after_0_5r.median_r": 0.0,
    "counterfactual.breakeven_after_0_5r.win_rate": 0.019653179190751446,
    "counterfactual.breakeven_after_0_5r.profit_factor": 0.45963489367840876,
    "counterfactual.breakeven_after_1_0r.trade_count": 865,
    "counterfactual.breakeven_after_1_0r.avg_r": -0.27266640642150003,
    "counterfactual.breakeven_after_1_0r.median_r": 0.0,
    "counterfactual.breakeven_after_1_0r.win_rate": 0.11213872832369942,
    "counterfactual.breakeven_after_1_0r.profit_factor": 0.5220543553867985,
    "counterfactual.exit_at_first_0_5r.trade_count": 865,
    "counterfactual.exit_at_first_0_5r.avg_r": 0.2957429130136889,
    "counterfactual.exit_at_first_0_5r.median_r": 0.5,
    "counterfactual.exit_at_first_0_5r.win_rate": 0.9271676300578034,
    "counterfactual.exit_at_first_0_5r.profit_factor": 2.762043157912029,
    "counterfactual.exit_at_first_1_0r.trade_count": 865,
    "counterfactual.exit_at_first_1_0r.avg_r": 0.20826105356504324,
    "counterfactual.exit_at_first_1_0r.median_r": 1.0,
    "counterfactual.exit_at_first_1_0r.win_rate": 0.7895953757225433,
    "counterfactual.exit_at_first_1_0r.profit_factor": 1.3650521705270124,
    "counterfactual.partial_50pct_at_1r.trade_count": 865,
    "counterfactual.partial_50pct_at_1r.avg_r": 0.19828657076252465,
    "counterfactual.partial_50pct_at_1r.median_r": 0.44243565287102193,
    "counterfactual.partial_50pct_at_1r.win_rate": 0.6115606936416185,
    "counterfactual.partial_50pct_at_1r.profit_factor": 1.2564225134368836,
    "counterfactual.time_exit_after_4_bars_if_mfe_lt_0_3r.trade_count": 865,
    "counterfactual.time_exit_after_4_bars_if_mfe_lt_0_3r.avg_r": 0.17236917862070128,
    "counterfactual.time_exit_after_4_bars_if_mfe_lt_0_3r.median_r": -0.18501770163149234,
    "counterfactual.time_exit_after_4_bars_if_mfe_lt_0_3r.win_rate": 0.4554913294797688,
    "counterfactual.time_exit_after_4_bars_if_mfe_lt_0_3r.profit_factor": 1.1496024303829424,
    "counterfactual.trail_0_5r_after_1_0r.trade_count": 865,
    "counterfactual.trail_0_5r_after_1_0r.avg_r": 0.3689209096396513,
    "counterfactual.trail_0_5r_after_1_0r.median_r": 0.7337881093213878,
    "counterfactual.trail_0_5r_after_1_0r.win_rate": 0.7895953757225433,
    "counterfactual.trail_0_5r_after_1_0r.profit_factor": 1.646666174550458,
    "counterfactual.best_policy_by_avg_r": "trail_0_5r_after_1_0r",
    "counterfactual.best_policy_by_profit_factor": "exit_at_first_0_5r"
  }
}