{
  "could_have_been_profitable": {
    "loser_was_positive_rate": 0.9855072463768116,
    "avg_mfe_r_of_losers": 1.322559551017836,
    "median_mfe_r_of_losers": 0.9925193088204047,
    "avg_mfe_r_before_loss": 1.322559551017836,
    "median_mfe_r_before_loss": 0.9925193088204047,
    "loser_reached_0_5r_rate": 0.7391304347826086,
    "loser_reached_1r_rate": 0.4855072463768116,
    "loser_reached_1_5r_rate": 0.34057971014492755,
    "loser_reached_2r_rate": 0.21739130434782608
  },
  "capture_giveback": {
    "avg_capture_ratio": -9.80803776859871,
    "median_capture_ratio": 0.12213457764420083,
    "avg_giveback_r": 2.9486871794099248,
    "median_giveback_r": 2.1641581359117374,
    "avg_giveback_r_winners": 1.9578639430902138,
    "avg_giveback_r_losers": 4.169266528499423,
    "median_giveback_r_winners": 1.6085188597749362,
    "median_giveback_r_losers": 3.198834648801542
  },
  "mae_before_win": {
    "winner_had_negative_mae_rate": 0.9823529411764705,
    "winner_had_mae_below_minus_0_25r_rate": 0.8705882352941177,
    "winner_had_mae_below_minus_0_5r_rate": 0.6941176470588235,
    "winner_had_mae_below_minus_1r_rate": 0.45294117647058824,
    "avg_mae_r_of_winners": -1.22806699287403,
    "median_mae_r_of_winners": -0.922437091999062,
    "p90_abs_mae_r_of_winners": 2.741216690997241,
    "avg_mae_r": -2.881273888951036,
    "median_mae_r": -1.8613533388499306,
    "q10_mae_r": -6.84626759603672,
    "q25_mae_r": -3.786839049831587,
    "q75_mae_r": -0.8381557810066893,
    "q90_mae_r": -0.2827997009289728
  },
  "conditional_probabilities": {
    "prob_final_win": 0.551948051948052,
    "prob_final_loss": 0.44805194805194803,
    "prob_final_win_given_mae_gt_minus_0_5r": 1.0,
    "prob_final_win_given_mae_gt_minus_1r": 0.9893617021276596,
    "prob_mfe_ge_0_5r": 0.8831168831168831,
    "prob_final_loss_given_mfe_ge_0_5r": 0.375,
    "prob_mfe_ge_1r": 0.762987012987013,
    "prob_final_loss_given_mfe_ge_1r": 0.2851063829787234,
    "prob_mfe_ge_1_5r": 0.6623376623376623,
    "prob_final_loss_given_mfe_ge_1_5r": 0.23039215686274508,
    "prob_mfe_ge_2r": 0.5746753246753247,
    "prob_final_loss_given_mfe_ge_2r": 0.1694915254237288,
    "prob_stop_loss_given_mfe_ge_0_5r": 0.0,
    "prob_stop_loss_given_mfe_ge_1r": 0.0
  },
  "exit_reason_quality": {
    "position_exit": {
      "trade_count": 304,
      "avg_r": 0.3618811544427665,
      "median_r": 0.19767892333152987,
      "win_rate": 0.5460526315789473,
      "avg_mfe_r": 3.336016763993755,
      "avg_mae_r": -2.907462871262898,
      "avg_giveback_r": 2.9741356095509883,
      "avg_bars_held": 24.148026315789473,
      "profit_factor": 1.2800384714558086,
      "stop_after_positive_rate": 0.993421052631579,
      "stop_after_0_5r_rate": 0.881578947368421,
      "stop_after_1r_rate": 0.7598684210526315
    },
    "reversal": {
      "trade_count": 4,
      "avg_r": 2.179885895153437,
      "median_r": 2.232443584698933,
      "win_rate": 1.0,
      "avg_mfe_r": 3.1944923838425296,
      "avg_mae_r": -0.8909112332495417,
      "avg_giveback_r": 1.014606488689093,
      "avg_bars_held": 24.0,
      "profit_factor": Infinity,
      "stop_after_positive_rate": 1.0,
      "stop_after_0_5r_rate": 1.0,
      "stop_after_1r_rate": 1.0
    }
  },
  "timing": {
    "avg_time_to_mfe": 11.581168831168831,
    "median_time_to_mfe": 11.0,
    "avg_time_to_mae": 9.724025974025974,
    "median_time_to_mae": 8.0,
    "prob_mfe_ge_0_5r_within_1_bar": 0.07792207792207792,
    "prob_mfe_ge_0_5r_within_2_bars": 0.12337662337662338,
    "prob_mfe_ge_1r_within_4_bars": 0.1038961038961039,
    "avg_r_by_bars_held_bucket": {
      "1": null,
      "2": null,
      "3-4": null,
      "5-8": null,
      "9-16": null,
      "17+": 0.3854916056208272
    },
    "win_rate_by_bars_held_bucket": {
      "1": null,
      "2": null,
      "3-4": null,
      "5-8": null,
      "9-16": null,
      "17+": 0.551948051948052
    }
  },
  "warnings": [],
  "trade_ledger_construction": {
    "ledger_source": "position_transitions",
    "trade_count": 308,
    "position_transition_count": 616,
    "fallback_price_risk_distance_count": 0,
    "end_of_data_exit_count": 0,
    "skipped_missing_price_count": 0,
    "warnings": []
  },
  "path_construction": {
    "trade_count": 308,
    "path_trade_count": 308,
    "skipped_trade_paths_missing_risk": 0,
    "skipped_trade_paths_missing_asset_frame": 0,
    "skipped_trade_paths_missing_timestamps": 0,
    "truncated": false,
    "warnings": []
  },
  "counterfactual": {
    "counterfactual.baseline.trade_count": 308,
    "counterfactual.baseline.avg_r": 0.3854916056208272,
    "counterfactual.baseline.median_r": 0.22426080323861025,
    "counterfactual.baseline.win_rate": 0.551948051948052,
    "counterfactual.baseline.profit_factor": 1.302234327548501,
    "counterfactual.breakeven_after_0_5r.trade_count": 308,
    "counterfactual.breakeven_after_0_5r.avg_r": -0.10342101236448593,
    "counterfactual.breakeven_after_0_5r.median_r": 0.0,
    "counterfactual.breakeven_after_0_5r.win_rate": 0.01948051948051948,
    "counterfactual.breakeven_after_0_5r.profit_factor": 0.32585361280960445,
    "counterfactual.breakeven_after_1_0r.trade_count": 308,
    "counterfactual.breakeven_after_1_0r.avg_r": 0.013260451070255756,
    "counterfactual.breakeven_after_1_0r.median_r": 0.0,
    "counterfactual.breakeven_after_1_0r.win_rate": 0.13636363636363635,
    "counterfactual.breakeven_after_1_0r.profit_factor": 1.0284310930953193,
    "counterfactual.exit_at_first_0_5r.trade_count": 308,
    "counterfactual.exit_at_first_0_5r.avg_r": 0.3254857848176197,
    "counterfactual.exit_at_first_0_5r.median_r": 0.5,
    "counterfactual.exit_at_first_0_5r.win_rate": 0.9577922077922078,
    "counterfactual.exit_at_first_0_5r.profit_factor": 3.1216681301021363,
    "counterfactual.exit_at_first_1_0r.trade_count": 308,
    "counterfactual.exit_at_first_1_0r.avg_r": 0.3800862208450358,
    "counterfactual.exit_at_first_1_0r.median_r": 1.0,
    "counterfactual.exit_at_first_1_0r.win_rate": 0.8506493506493507,
    "counterfactual.exit_at_first_1_0r.profit_factor": 1.8149245204284612,
    "counterfactual.partial_50pct_at_1r.trade_count": 308,
    "counterfactual.partial_50pct_at_1r.avg_r": 0.3827889132329314,
    "counterfactual.partial_50pct_at_1r.median_r": 0.606949841636937,
    "counterfactual.partial_50pct_at_1r.win_rate": 0.6688311688311688,
    "counterfactual.partial_50pct_at_1r.profit_factor": 1.5081335581497362,
    "counterfactual.time_exit_after_4_bars_if_mfe_lt_0_3r.trade_count": 308,
    "counterfactual.time_exit_after_4_bars_if_mfe_lt_0_3r.avg_r": 0.345330422220912,
    "counterfactual.time_exit_after_4_bars_if_mfe_lt_0_3r.median_r": 0.14684754199076075,
    "counterfactual.time_exit_after_4_bars_if_mfe_lt_0_3r.win_rate": 0.5357142857142857,
    "counterfactual.time_exit_after_4_bars_if_mfe_lt_0_3r.profit_factor": 1.2723886702084088,
    "counterfactual.trail_0_5r_after_1_0r.trade_count": 308,
    "counterfactual.trail_0_5r_after_1_0r.avg_r": 0.5738744976153051,
    "counterfactual.trail_0_5r_after_1_0r.median_r": 0.8395245429488413,
    "counterfactual.trail_0_5r_after_1_0r.win_rate": 0.8506493506493507,
    "counterfactual.trail_0_5r_after_1_0r.profit_factor": 2.230416611040333,
    "counterfactual.best_policy_by_avg_r": "trail_0_5r_after_1_0r",
    "counterfactual.best_policy_by_profit_factor": "exit_at_first_0_5r"
  }
}