lag,autocorrelation,asset
1,0.9393619765886265,ETHUSD
2,0.8965379872440047,ETHUSD
4,0.8203637760243888,ETHUSD
8,0.6941112470884725,ETHUSD
16,0.5110036975707857,ETHUSD
