{
  "could_have_been_profitable": {
    "loser_was_positive_rate": 0.9844961240310077,
    "avg_mfe_r_of_losers": 1.2668454424974254,
    "median_mfe_r_of_losers": 0.8956478744057008,
    "avg_mfe_r_before_loss": 1.2668454424974254,
    "median_mfe_r_before_loss": 0.8956478744057008,
    "loser_reached_0_5r_rate": 0.6821705426356589,
    "loser_reached_1r_rate": 0.4496124031007752,
    "loser_reached_1_5r_rate": 0.3023255813953488,
    "loser_reached_2r_rate": 0.1937984496124031
  },
  "capture_giveback": {
    "avg_capture_ratio": -8.364001109582526,
    "median_capture_ratio": 0.18938887843956953,
    "avg_giveback_r": 2.8234349362302753,
    "median_giveback_r": 1.9867379050396892,
    "avg_giveback_r_winners": 1.8683281393489375,
    "avg_giveback_r_losers": 4.1487381660113565,
    "median_giveback_r_winners": 1.5358038706761385,
    "median_giveback_r_losers": 3.5755103571908964
  },
  "mae_before_win": {
    "winner_had_negative_mae_rate": 0.9776536312849162,
    "winner_had_mae_below_minus_0_25r_rate": 0.8603351955307262,
    "winner_had_mae_below_minus_0_5r_rate": 0.7374301675977654,
    "winner_had_mae_below_minus_1r_rate": 0.5139664804469274,
    "avg_mae_r_of_winners": -1.3493813390216045,
    "median_mae_r_of_winners": -1.0377393396614025,
    "p90_abs_mae_r_of_winners": 2.815940671309523,
    "avg_mae_r": -2.8794395344280264,
    "median_mae_r": -1.9309134206644294,
    "q10_mae_r": -6.437694230178317,
    "q25_mae_r": -3.9798543814862337,
    "q75_mae_r": -0.842849455585406,
    "q90_mae_r": -0.28511328075334663
  },
  "conditional_probabilities": {
    "prob_final_win": 0.5811688311688312,
    "prob_final_loss": 0.41883116883116883,
    "prob_final_win_given_mae_gt_minus_0_5r": 1.0,
    "prob_final_win_given_mae_gt_minus_1r": 1.0,
    "prob_mfe_ge_0_5r": 0.8668831168831169,
    "prob_final_loss_given_mfe_ge_0_5r": 0.3295880149812734,
    "prob_mfe_ge_1r": 0.762987012987013,
    "prob_final_loss_given_mfe_ge_1r": 0.24680851063829787,
    "prob_mfe_ge_1_5r": 0.6753246753246753,
    "prob_final_loss_given_mfe_ge_1_5r": 0.1875,
    "prob_mfe_ge_2r": 0.577922077922078,
    "prob_final_loss_given_mfe_ge_2r": 0.1404494382022472,
    "prob_stop_loss_given_mfe_ge_0_5r": 0.0,
    "prob_stop_loss_given_mfe_ge_1r": 0.0
  },
  "exit_reason_quality": {
    "position_exit": {
      "trade_count": 304,
      "avg_r": 0.6112247505036877,
      "median_r": 0.496019851458682,
      "win_rate": 0.5789473684210527,
      "avg_mfe_r": 3.4355921899002966,
      "avg_mae_r": -2.867304651141374,
      "avg_giveback_r": 2.824367439396609,
      "avg_bars_held": 24.10855263157895,
      "profit_factor": 1.5094502585554532,
      "stop_after_positive_rate": 0.993421052631579,
      "stop_after_0_5r_rate": 0.868421052631579,
      "stop_after_1r_rate": 0.7631578947368421
    },
    "reversal": {
      "trade_count": 4,
      "avg_r": 0.04508429592782548,
      "median_r": 1.464582362949587,
      "win_rate": 0.75,
      "avg_mfe_r": 2.797648991516749,
      "avg_mae_r": -3.8016906642136004,
      "avg_giveback_r": 2.752564695588924,
      "avg_bars_held": 24.0,
      "profit_factor": 1.0256411416446585,
      "stop_after_positive_rate": 1.0,
      "stop_after_0_5r_rate": 0.75,
      "stop_after_1r_rate": 0.75
    }
  },
  "timing": {
    "avg_time_to_mfe": 12.152597402597403,
    "median_time_to_mfe": 13.0,
    "avg_time_to_mae": 9.512987012987013,
    "median_time_to_mae": 8.0,
    "prob_mfe_ge_0_5r_within_1_bar": 0.07142857142857142,
    "prob_mfe_ge_0_5r_within_2_bars": 0.11038961038961038,
    "prob_mfe_ge_1r_within_4_bars": 0.09090909090909091,
    "avg_r_by_bars_held_bucket": {
      "1": null,
      "2": null,
      "3-4": null,
      "5-8": null,
      "9-16": null,
      "17+": 0.6038722770676376
    },
    "win_rate_by_bars_held_bucket": {
      "1": null,
      "2": null,
      "3-4": null,
      "5-8": null,
      "9-16": null,
      "17+": 0.5811688311688312
    }
  },
  "warnings": [],
  "trade_ledger_construction": {
    "ledger_source": "position_transitions",
    "trade_count": 308,
    "position_transition_count": 616,
    "fallback_price_risk_distance_count": 0,
    "end_of_data_exit_count": 0,
    "skipped_missing_price_count": 0,
    "warnings": []
  },
  "path_construction": {
    "trade_count": 308,
    "path_trade_count": 308,
    "skipped_trade_paths_missing_risk": 0,
    "skipped_trade_paths_missing_asset_frame": 0,
    "skipped_trade_paths_missing_timestamps": 0,
    "truncated": false,
    "warnings": []
  },
  "counterfactual": {
    "counterfactual.baseline.trade_count": 308,
    "counterfactual.baseline.avg_r": 0.6038722770676376,
    "counterfactual.baseline.median_r": 0.5267598373777135,
    "counterfactual.baseline.win_rate": 0.5811688311688312,
    "counterfactual.baseline.profit_factor": 1.500297448440934,
    "counterfactual.breakeven_after_0_5r.trade_count": 308,
    "counterfactual.breakeven_after_0_5r.avg_r": -0.14941012842042314,
    "counterfactual.breakeven_after_0_5r.median_r": 0.0,
    "counterfactual.breakeven_after_0_5r.win_rate": 0.006493506493506494,
    "counterfactual.breakeven_after_0_5r.profit_factor": 0.10384092987585794,
    "counterfactual.breakeven_after_1_0r.trade_count": 308,
    "counterfactual.breakeven_after_1_0r.avg_r": -0.11433947014054659,
    "counterfactual.breakeven_after_1_0r.median_r": 0.0,
    "counterfactual.breakeven_after_1_0r.win_rate": 0.09740259740259741,
    "counterfactual.breakeven_after_1_0r.profit_factor": 0.7856576195835064,
    "counterfactual.exit_at_first_0_5r.trade_count": 308,
    "counterfactual.exit_at_first_0_5r.avg_r": 0.31054995070168184,
    "counterfactual.exit_at_first_0_5r.median_r": 0.5,
    "counterfactual.exit_at_first_0_5r.win_rate": 0.9545454545454546,
    "counterfactual.exit_at_first_0_5r.profit_factor": 2.86267261791521,
    "counterfactual.exit_at_first_1_0r.trade_count": 308,
    "counterfactual.exit_at_first_1_0r.avg_r": 0.3072790506284857,
    "counterfactual.exit_at_first_1_0r.median_r": 1.0,
    "counterfactual.exit_at_first_1_0r.win_rate": 0.8441558441558441,
    "counterfactual.exit_at_first_1_0r.profit_factor": 1.5760296342362874,
    "counterfactual.partial_50pct_at_1r.trade_count": 308,
    "counterfactual.partial_50pct_at_1r.avg_r": 0.4555756638480616,
    "counterfactual.partial_50pct_at_1r.median_r": 0.7480099257293409,
    "counterfactual.partial_50pct_at_1r.win_rate": 0.672077922077922,
    "counterfactual.partial_50pct_at_1r.profit_factor": 1.595513681997393,
    "counterfactual.time_exit_after_4_bars_if_mfe_lt_0_3r.trade_count": 308,
    "counterfactual.time_exit_after_4_bars_if_mfe_lt_0_3r.avg_r": 0.580566363801747,
    "counterfactual.time_exit_after_4_bars_if_mfe_lt_0_3r.median_r": 0.3880904183138755,
    "counterfactual.time_exit_after_4_bars_if_mfe_lt_0_3r.win_rate": 0.5616883116883117,
    "counterfactual.time_exit_after_4_bars_if_mfe_lt_0_3r.profit_factor": 1.4845001601018817,
    "counterfactual.trail_0_5r_after_1_0r.trade_count": 308,
    "counterfactual.trail_0_5r_after_1_0r.avg_r": 0.47630651976912947,
    "counterfactual.trail_0_5r_after_1_0r.median_r": 0.7790608829950766,
    "counterfactual.trail_0_5r_after_1_0r.win_rate": 0.8441558441558441,
    "counterfactual.trail_0_5r_after_1_0r.profit_factor": 1.8928909074855618,
    "counterfactual.best_policy_by_avg_r": "baseline",
    "counterfactual.best_policy_by_profit_factor": "exit_at_first_0_5r"
  }
}