{
  "could_have_been_profitable": {
    "loser_was_positive_rate": 0.9774436090225563,
    "avg_mfe_r_of_losers": 1.4003482583410871,
    "median_mfe_r_of_losers": 1.0400258550261248,
    "avg_mfe_r_before_loss": 1.4003482583410871,
    "median_mfe_r_before_loss": 1.0400258550261248,
    "loser_reached_0_5r_rate": 0.7593984962406015,
    "loser_reached_1r_rate": 0.5112781954887218,
    "loser_reached_1_5r_rate": 0.3233082706766917,
    "loser_reached_2r_rate": 0.22556390977443608
  },
  "capture_giveback": {
    "avg_capture_ratio": -4.6041403906092,
    "median_capture_ratio": 0.22554013431243247,
    "avg_giveback_r": 2.7986930934800465,
    "median_giveback_r": 2.1035105741635034,
    "avg_giveback_r_winners": 1.898960968766908,
    "avg_giveback_r_losers": 4.043435281053109,
    "median_giveback_r_winners": 1.504666262800412,
    "median_giveback_r_losers": 3.4515916348321447
  },
  "mae_before_win": {
    "winner_had_negative_mae_rate": 0.9945652173913043,
    "winner_had_mae_below_minus_0_25r_rate": 0.8695652173913043,
    "winner_had_mae_below_minus_0_5r_rate": 0.7391304347826086,
    "winner_had_mae_below_minus_1r_rate": 0.4891304347826087,
    "avg_mae_r_of_winners": -1.228384876859888,
    "median_mae_r_of_winners": -0.9960896455883224,
    "p90_abs_mae_r_of_winners": 2.5244604932441823,
    "avg_mae_r": -2.682182306543623,
    "median_mae_r": -1.7771152564477686,
    "q10_mae_r": -6.547223555428474,
    "q25_mae_r": -3.310461369652877,
    "q75_mae_r": -0.8461771063666175,
    "q90_mae_r": -0.28681377337945146
  },
  "conditional_probabilities": {
    "prob_final_win": 0.580441640378549,
    "prob_final_loss": 0.4195583596214511,
    "prob_final_win_given_mae_gt_minus_0_5r": 1.0,
    "prob_final_win_given_mae_gt_minus_1r": 0.9791666666666666,
    "prob_mfe_ge_0_5r": 0.8958990536277602,
    "prob_final_loss_given_mfe_ge_0_5r": 0.35563380281690143,
    "prob_mfe_ge_1r": 0.7791798107255521,
    "prob_final_loss_given_mfe_ge_1r": 0.27530364372469635,
    "prob_mfe_ge_1_5r": 0.6750788643533123,
    "prob_final_loss_given_mfe_ge_1_5r": 0.20093457943925233,
    "prob_mfe_ge_2r": 0.583596214511041,
    "prob_final_loss_given_mfe_ge_2r": 0.16216216216216217,
    "prob_stop_loss_given_mfe_ge_0_5r": 0.0,
    "prob_stop_loss_given_mfe_ge_1r": 0.0
  },
  "exit_reason_quality": {
    "position_exit": {
      "trade_count": 305,
      "avg_r": 0.5644073256462663,
      "median_r": 0.3984286377129121,
      "win_rate": 0.5737704918032787,
      "avg_mfe_r": 3.3915777186516354,
      "avg_mae_r": -2.70942886721263,
      "avg_giveback_r": 2.827170393005369,
      "avg_bars_held": 24.091803278688523,
      "profit_factor": 1.5042709948692237,
      "stop_after_positive_rate": 0.9901639344262295,
      "stop_after_0_5r_rate": 0.8950819672131147,
      "stop_after_1r_rate": 0.7770491803278688
    },
    "reversal": {
      "trade_count": 12,
      "avg_r": 1.3359563846167444,
      "median_r": 1.5141936094814503,
      "win_rate": 0.75,
      "avg_mfe_r": 3.41085144849484,
      "avg_mae_r": -1.98966555620637,
      "avg_giveback_r": 2.074895063878095,
      "avg_bars_held": 24.25,
      "profit_factor": 2.5781955223910025,
      "stop_after_positive_rate": 1.0,
      "stop_after_0_5r_rate": 0.9166666666666666,
      "stop_after_1r_rate": 0.8333333333333334
    }
  },
  "timing": {
    "avg_time_to_mfe": 12.05993690851735,
    "median_time_to_mfe": 12.0,
    "avg_time_to_mae": 9.413249211356467,
    "median_time_to_mae": 8.0,
    "prob_mfe_ge_0_5r_within_1_bar": 0.07886435331230283,
    "prob_mfe_ge_0_5r_within_2_bars": 0.12302839116719243,
    "prob_mfe_ge_1r_within_4_bars": 0.11041009463722397,
    "avg_r_by_bars_held_bucket": {
      "1": null,
      "2": null,
      "3-4": null,
      "5-8": null,
      "9-16": null,
      "17+": 0.593614230086789
    },
    "win_rate_by_bars_held_bucket": {
      "1": null,
      "2": null,
      "3-4": null,
      "5-8": null,
      "9-16": null,
      "17+": 0.580441640378549
    }
  },
  "warnings": [],
  "trade_ledger_construction": {
    "ledger_source": "position_transitions",
    "trade_count": 317,
    "position_transition_count": 634,
    "fallback_price_risk_distance_count": 0,
    "end_of_data_exit_count": 0,
    "skipped_missing_price_count": 0,
    "warnings": []
  },
  "path_construction": {
    "trade_count": 317,
    "path_trade_count": 317,
    "skipped_trade_paths_missing_risk": 0,
    "skipped_trade_paths_missing_asset_frame": 0,
    "skipped_trade_paths_missing_timestamps": 0,
    "truncated": false,
    "warnings": []
  },
  "counterfactual": {
    "counterfactual.baseline.trade_count": 317,
    "counterfactual.baseline.avg_r": 0.593614230086789,
    "counterfactual.baseline.median_r": 0.4861178009870259,
    "counterfactual.baseline.win_rate": 0.580441640378549,
    "counterfactual.baseline.profit_factor": 1.535303967405213,
    "counterfactual.breakeven_after_0_5r.trade_count": 317,
    "counterfactual.breakeven_after_0_5r.avg_r": -0.05569745490893023,
    "counterfactual.breakeven_after_0_5r.median_r": 0.0,
    "counterfactual.breakeven_after_0_5r.win_rate": 0.012618296529968454,
    "counterfactual.breakeven_after_0_5r.profit_factor": 0.4054234283000785,
    "counterfactual.breakeven_after_1_0r.trade_count": 317,
    "counterfactual.breakeven_after_1_0r.avg_r": -0.015206842778532348,
    "counterfactual.breakeven_after_1_0r.median_r": 0.0,
    "counterfactual.breakeven_after_1_0r.win_rate": 0.13564668769716087,
    "counterfactual.breakeven_after_1_0r.profit_factor": 0.9666860306403201,
    "counterfactual.exit_at_first_0_5r.trade_count": 317,
    "counterfactual.exit_at_first_0_5r.avg_r": 0.39370587169332927,
    "counterfactual.exit_at_first_0_5r.median_r": 0.5,
    "counterfactual.exit_at_first_0_5r.win_rate": 0.9747634069400631,
    "counterfactual.exit_at_first_0_5r.profit_factor": 5.20285429257588,
    "counterfactual.exit_at_first_1_0r.trade_count": 317,
    "counterfactual.exit_at_first_1_0r.avg_r": 0.4049379562582168,
    "counterfactual.exit_at_first_1_0r.median_r": 1.0,
    "counterfactual.exit_at_first_1_0r.win_rate": 0.8706624605678234,
    "counterfactual.exit_at_first_1_0r.profit_factor": 1.8871066048241052,
    "counterfactual.partial_50pct_at_1r.trade_count": 317,
    "counterfactual.partial_50pct_at_1r.avg_r": 0.49927609317250293,
    "counterfactual.partial_50pct_at_1r.median_r": 0.7311082646481815,
    "counterfactual.partial_50pct_at_1r.win_rate": 0.694006309148265,
    "counterfactual.partial_50pct_at_1r.profit_factor": 1.7478213028524394,
    "counterfactual.time_exit_after_4_bars_if_mfe_lt_0_3r.trade_count": 317,
    "counterfactual.time_exit_after_4_bars_if_mfe_lt_0_3r.avg_r": 0.538244508632697,
    "counterfactual.time_exit_after_4_bars_if_mfe_lt_0_3r.median_r": 0.34920927764034043,
    "counterfactual.time_exit_after_4_bars_if_mfe_lt_0_3r.win_rate": 0.5615141955835962,
    "counterfactual.time_exit_after_4_bars_if_mfe_lt_0_3r.profit_factor": 1.4759788498838986,
    "counterfactual.trail_0_5r_after_1_0r.trade_count": 317,
    "counterfactual.trail_0_5r_after_1_0r.avg_r": 0.5953480961348142,
    "counterfactual.trail_0_5r_after_1_0r.median_r": 0.7953301306495049,
    "counterfactual.trail_0_5r_after_1_0r.win_rate": 0.8706624605678234,
    "counterfactual.trail_0_5r_after_1_0r.profit_factor": 2.304242341544967,
    "counterfactual.best_policy_by_avg_r": "trail_0_5r_after_1_0r",
    "counterfactual.best_policy_by_profit_factor": "exit_at_first_0_5r"
  }
}