{
  "could_have_been_profitable": {
    "loser_was_positive_rate": 0.9871794871794872,
    "avg_mfe_r_of_losers": 1.4640920490503964,
    "median_mfe_r_of_losers": 1.0561072330848518,
    "avg_mfe_r_before_loss": 1.4640920490503964,
    "median_mfe_r_before_loss": 1.0561072330848518,
    "loser_reached_0_5r_rate": 0.7243589743589743,
    "loser_reached_1r_rate": 0.532051282051282,
    "loser_reached_1_5r_rate": 0.358974358974359,
    "loser_reached_2r_rate": 0.23717948717948717
  },
  "capture_giveback": {
    "avg_capture_ratio": -4.725079380403744,
    "median_capture_ratio": 0.12380404916847632,
    "avg_giveback_r": 2.966685716579111,
    "median_giveback_r": 2.252476176423674,
    "avg_giveback_r_winners": 2.048173900592323,
    "avg_giveback_r_losers": 3.94996439138548,
    "median_giveback_r_winners": 1.638162962307734,
    "median_giveback_r_losers": 3.1934151718723776
  },
  "mae_before_win": {
    "winner_had_negative_mae_rate": 0.9820359281437125,
    "winner_had_mae_below_minus_0_25r_rate": 0.8323353293413174,
    "winner_had_mae_below_minus_0_5r_rate": 0.6586826347305389,
    "winner_had_mae_below_minus_1r_rate": 0.4431137724550898,
    "avg_mae_r_of_winners": -1.126513216656029,
    "median_mae_r_of_winners": -0.8679904530823369,
    "p90_abs_mae_r_of_winners": 2.598279381185555,
    "avg_mae_r": -2.8409803565579583,
    "median_mae_r": -1.8907173079057065,
    "q10_mae_r": -6.508010920535756,
    "q25_mae_r": -3.902815918218051,
    "q75_mae_r": -0.8040293856128304,
    "q90_mae_r": -0.28808900070569515
  },
  "conditional_probabilities": {
    "prob_final_win": 0.5170278637770898,
    "prob_final_loss": 0.48297213622291024,
    "prob_final_win_given_mae_gt_minus_0_5r": 0.9827586206896551,
    "prob_final_win_given_mae_gt_minus_1r": 0.96875,
    "prob_mfe_ge_0_5r": 0.8668730650154799,
    "prob_final_loss_given_mfe_ge_0_5r": 0.4035714285714286,
    "prob_mfe_ge_1r": 0.7678018575851393,
    "prob_final_loss_given_mfe_ge_1r": 0.3346774193548387,
    "prob_mfe_ge_1_5r": 0.6687306501547987,
    "prob_final_loss_given_mfe_ge_1_5r": 0.25925925925925924,
    "prob_mfe_ge_2r": 0.5820433436532507,
    "prob_final_loss_given_mfe_ge_2r": 0.19680851063829788,
    "prob_stop_loss_given_mfe_ge_0_5r": 0.0,
    "prob_stop_loss_given_mfe_ge_1r": 0.0
  },
  "exit_reason_quality": {
    "position_exit": {
      "trade_count": 315,
      "avg_r": 0.6255233307362479,
      "median_r": 0.21152568091455873,
      "win_rate": 0.5142857142857142,
      "avg_mfe_r": 3.6143356887028513,
      "avg_mae_r": -2.848612174481764,
      "avg_giveback_r": 2.9888123579666033,
      "avg_bars_held": 24.136507936507936,
      "profit_factor": 1.5147492095979067,
      "stop_after_positive_rate": 0.9936507936507937,
      "stop_after_0_5r_rate": 0.8666666666666667,
      "stop_after_1r_rate": 0.7682539682539683
    },
    "reversal": {
      "trade_count": 8,
      "avg_r": 3.1539675357874004,
      "median_r": 1.1112518849488608,
      "win_rate": 0.625,
      "avg_mfe_r": 5.249416747734004,
      "avg_mae_r": -2.5404775258081207,
      "avg_giveback_r": 2.095449211946603,
      "avg_bars_held": 24.0,
      "profit_factor": 6.038257045245901,
      "stop_after_positive_rate": 1.0,
      "stop_after_0_5r_rate": 0.875,
      "stop_after_1r_rate": 0.75
    }
  },
  "timing": {
    "avg_time_to_mfe": 11.492260061919504,
    "median_time_to_mfe": 11.0,
    "avg_time_to_mae": 9.885448916408668,
    "median_time_to_mae": 8.0,
    "prob_mfe_ge_0_5r_within_1_bar": 0.06811145510835913,
    "prob_mfe_ge_0_5r_within_2_bars": 0.11145510835913312,
    "prob_mfe_ge_1r_within_4_bars": 0.10835913312693499,
    "avg_r_by_bars_held_bucket": {
      "1": null,
      "2": null,
      "3-4": null,
      "5-8": null,
      "9-16": null,
      "17+": 0.6881473358149142
    },
    "win_rate_by_bars_held_bucket": {
      "1": null,
      "2": null,
      "3-4": null,
      "5-8": null,
      "9-16": null,
      "17+": 0.5170278637770898
    }
  },
  "warnings": [],
  "trade_ledger_construction": {
    "ledger_source": "position_transitions",
    "trade_count": 323,
    "position_transition_count": 646,
    "fallback_price_risk_distance_count": 0,
    "end_of_data_exit_count": 0,
    "skipped_missing_price_count": 0,
    "warnings": []
  },
  "path_construction": {
    "trade_count": 323,
    "path_trade_count": 323,
    "skipped_trade_paths_missing_risk": 0,
    "skipped_trade_paths_missing_asset_frame": 0,
    "skipped_trade_paths_missing_timestamps": 0,
    "truncated": false,
    "warnings": []
  },
  "counterfactual": {
    "counterfactual.baseline.trade_count": 323,
    "counterfactual.baseline.avg_r": 0.6881473358149142,
    "counterfactual.baseline.median_r": 0.21627368563318944,
    "counterfactual.baseline.win_rate": 0.5170278637770898,
    "counterfactual.baseline.profit_factor": 1.5731661505466246,
    "counterfactual.breakeven_after_0_5r.trade_count": 323,
    "counterfactual.breakeven_after_0_5r.avg_r": -0.14388831670752913,
    "counterfactual.breakeven_after_0_5r.median_r": 0.0,
    "counterfactual.breakeven_after_0_5r.win_rate": 0.009287925696594427,
    "counterfactual.breakeven_after_0_5r.profit_factor": 0.16641785589949606,
    "counterfactual.breakeven_after_1_0r.trade_count": 323,
    "counterfactual.breakeven_after_1_0r.avg_r": -0.031219619458802913,
    "counterfactual.breakeven_after_1_0r.median_r": 0.0,
    "counterfactual.breakeven_after_1_0r.win_rate": 0.13003095975232198,
    "counterfactual.breakeven_after_1_0r.profit_factor": 0.9425985993195343,
    "counterfactual.exit_at_first_0_5r.trade_count": 323,
    "counterfactual.exit_at_first_0_5r.avg_r": 0.3026177560914816,
    "counterfactual.exit_at_first_0_5r.median_r": 0.5,
    "counterfactual.exit_at_first_0_5r.win_rate": 0.9504643962848297,
    "counterfactual.exit_at_first_0_5r.profit_factor": 2.7531427411049902,
    "counterfactual.exit_at_first_1_0r.trade_count": 323,
    "counterfactual.exit_at_first_1_0r.avg_r": 0.29185254423150664,
    "counterfactual.exit_at_first_1_0r.median_r": 1.0,
    "counterfactual.exit_at_first_1_0r.win_rate": 0.8390092879256966,
    "counterfactual.exit_at_first_1_0r.profit_factor": 1.5366095141919596,
    "counterfactual.partial_50pct_at_1r.trade_count": 323,
    "counterfactual.partial_50pct_at_1r.avg_r": 0.48999994002321035,
    "counterfactual.partial_50pct_at_1r.median_r": 0.5945492501103102,
    "counterfactual.partial_50pct_at_1r.win_rate": 0.6625386996904025,
    "counterfactual.partial_50pct_at_1r.profit_factor": 1.6525434993591723,
    "counterfactual.time_exit_after_4_bars_if_mfe_lt_0_3r.trade_count": 323,
    "counterfactual.time_exit_after_4_bars_if_mfe_lt_0_3r.avg_r": 0.6644946475347085,
    "counterfactual.time_exit_after_4_bars_if_mfe_lt_0_3r.median_r": 0.08394482980187906,
    "counterfactual.time_exit_after_4_bars_if_mfe_lt_0_3r.win_rate": 0.5077399380804953,
    "counterfactual.time_exit_after_4_bars_if_mfe_lt_0_3r.profit_factor": 1.5566487988800506,
    "counterfactual.trail_0_5r_after_1_0r.trade_count": 323,
    "counterfactual.trail_0_5r_after_1_0r.avg_r": 0.48856445999294157,
    "counterfactual.trail_0_5r_after_1_0r.median_r": 0.863382400341218,
    "counterfactual.trail_0_5r_after_1_0r.win_rate": 0.8390092879256966,
    "counterfactual.trail_0_5r_after_1_0r.profit_factor": 1.8982903959895212,
    "counterfactual.best_policy_by_avg_r": "baseline",
    "counterfactual.best_policy_by_profit_factor": "exit_at_first_0_5r"
  }
}