{
  "could_have_been_profitable": {
    "loser_was_positive_rate": 1.0,
    "avg_mfe_r_of_losers": 1.782685973872098,
    "median_mfe_r_of_losers": 1.1387406609710276,
    "avg_mfe_r_before_loss": 1.782685973872098,
    "median_mfe_r_before_loss": 1.1387406609710276,
    "loser_reached_0_5r_rate": 0.875,
    "loser_reached_1r_rate": 0.6875,
    "loser_reached_1_5r_rate": 0.4375,
    "loser_reached_2r_rate": 0.3125
  },
  "capture_giveback": {
    "avg_capture_ratio": -0.7123448775429586,
    "median_capture_ratio": 0.24112952898550624,
    "avg_giveback_r": 2.681834043840809,
    "median_giveback_r": 2.060056284582238,
    "avg_giveback_r_winners": 1.4869612038173035,
    "avg_giveback_r_losers": 4.250104646371659,
    "median_giveback_r_winners": 1.1086336405782689,
    "median_giveback_r_losers": 3.6278937875501223
  },
  "mae_before_win": {
    "winner_had_negative_mae_rate": 1.0,
    "winner_had_mae_below_minus_0_25r_rate": 0.9047619047619048,
    "winner_had_mae_below_minus_0_5r_rate": 0.7619047619047619,
    "winner_had_mae_below_minus_1r_rate": 0.5238095238095238,
    "avg_mae_r_of_winners": -1.3168040164523762,
    "median_mae_r_of_winners": -1.0503272254341274,
    "p90_abs_mae_r_of_winners": 2.9913597199221047,
    "avg_mae_r": -2.444786115917735,
    "median_mae_r": -2.062086581963691,
    "q10_mae_r": -4.937241568603229,
    "q25_mae_r": -3.6490086894954445,
    "q75_mae_r": -0.8015334573097787,
    "q90_mae_r": -0.34965432118384837
  },
  "conditional_probabilities": {
    "prob_final_win": 0.5675675675675675,
    "prob_final_loss": 0.43243243243243246,
    "prob_final_win_given_mae_gt_minus_0_5r": 1.0,
    "prob_final_win_given_mae_gt_minus_1r": 1.0,
    "prob_mfe_ge_0_5r": 0.9459459459459459,
    "prob_final_loss_given_mfe_ge_0_5r": 0.4,
    "prob_mfe_ge_1r": 0.7837837837837838,
    "prob_final_loss_given_mfe_ge_1r": 0.3793103448275862,
    "prob_mfe_ge_1_5r": 0.6486486486486487,
    "prob_final_loss_given_mfe_ge_1_5r": 0.2916666666666667,
    "prob_mfe_ge_2r": 0.5405405405405406,
    "prob_final_loss_given_mfe_ge_2r": 0.25,
    "prob_stop_loss_given_mfe_ge_0_5r": 0.0,
    "prob_stop_loss_given_mfe_ge_1r": 0.0
  },
  "exit_reason_quality": {
    "position_exit": {
      "trade_count": 37,
      "avg_r": 0.7085826220613243,
      "median_r": 0.29068293809774126,
      "win_rate": 0.5675675675675675,
      "avg_mfe_r": 3.390416665902133,
      "avg_mae_r": -2.444786115917735,
      "avg_giveback_r": 2.681834043840809,
      "avg_bars_held": 24.18918918918919,
      "profit_factor": 1.6640937477614486,
      "stop_after_positive_rate": 1.0,
      "stop_after_0_5r_rate": 0.9459459459459459,
      "stop_after_1r_rate": 0.7837837837837838
    }
  },
  "timing": {
    "avg_time_to_mfe": 12.45945945945946,
    "median_time_to_mfe": 13.0,
    "avg_time_to_mae": 8.945945945945946,
    "median_time_to_mae": 6.0,
    "prob_mfe_ge_0_5r_within_1_bar": 0.05405405405405406,
    "prob_mfe_ge_0_5r_within_2_bars": 0.16216216216216217,
    "prob_mfe_ge_1r_within_4_bars": 0.16216216216216217,
    "avg_r_by_bars_held_bucket": {
      "1": null,
      "2": null,
      "3-4": null,
      "5-8": null,
      "9-16": null,
      "17+": 0.7085826220613243
    },
    "win_rate_by_bars_held_bucket": {
      "1": null,
      "2": null,
      "3-4": null,
      "5-8": null,
      "9-16": null,
      "17+": 0.5675675675675675
    }
  },
  "warnings": [],
  "trade_ledger_construction": {
    "ledger_source": "position_transitions",
    "trade_count": 37,
    "position_transition_count": 74,
    "fallback_price_risk_distance_count": 0,
    "end_of_data_exit_count": 0,
    "skipped_missing_price_count": 0,
    "warnings": []
  },
  "path_construction": {
    "trade_count": 37,
    "path_trade_count": 37,
    "skipped_trade_paths_missing_risk": 0,
    "skipped_trade_paths_missing_asset_frame": 0,
    "skipped_trade_paths_missing_timestamps": 0,
    "truncated": false,
    "warnings": []
  },
  "counterfactual": {
    "counterfactual.baseline.trade_count": 37,
    "counterfactual.baseline.avg_r": 0.7085826220613243,
    "counterfactual.baseline.median_r": 0.29068293809774126,
    "counterfactual.baseline.win_rate": 0.5675675675675675,
    "counterfactual.baseline.profit_factor": 1.6640937477614486,
    "counterfactual.breakeven_after_0_5r.trade_count": 37,
    "counterfactual.breakeven_after_0_5r.avg_r": 0.05597310456704265,
    "counterfactual.breakeven_after_0_5r.median_r": 0.0,
    "counterfactual.breakeven_after_0_5r.win_rate": 0.05405405405405406,
    "counterfactual.breakeven_after_0_5r.profit_factor": 1.3091213962737995,
    "counterfactual.breakeven_after_1_0r.trade_count": 37,
    "counterfactual.breakeven_after_1_0r.avg_r": 0.3828478069046819,
    "counterfactual.breakeven_after_1_0r.median_r": 0.0,
    "counterfactual.breakeven_after_1_0r.win_rate": 0.24324324324324326,
    "counterfactual.breakeven_after_1_0r.profit_factor": 2.234098356791567,
    "counterfactual.exit_at_first_0_5r.trade_count": 37,
    "counterfactual.exit_at_first_0_5r.avg_r": 0.2919013770182713,
    "counterfactual.exit_at_first_0_5r.median_r": 0.5,
    "counterfactual.exit_at_first_0_5r.win_rate": 0.9459459459459459,
    "counterfactual.exit_at_first_0_5r.profit_factor": 2.612077120540185,
    "counterfactual.exit_at_first_1_0r.trade_count": 37,
    "counterfactual.exit_at_first_1_0r.avg_r": 0.5450685556707122,
    "counterfactual.exit_at_first_1_0r.median_r": 1.0,
    "counterfactual.exit_at_first_1_0r.win_rate": 0.8918918918918919,
    "counterfactual.exit_at_first_1_0r.profit_factor": 2.7570120469815143,
    "counterfactual.partial_50pct_at_1r.trade_count": 37,
    "counterfactual.partial_50pct_at_1r.avg_r": 0.6268255888660181,
    "counterfactual.partial_50pct_at_1r.median_r": 0.6282907076753027,
    "counterfactual.partial_50pct_at_1r.win_rate": 0.6486486486486487,
    "counterfactual.partial_50pct_at_1r.profit_factor": 2.119154486408401,
    "counterfactual.time_exit_after_4_bars_if_mfe_lt_0_3r.trade_count": 37,
    "counterfactual.time_exit_after_4_bars_if_mfe_lt_0_3r.avg_r": 0.7097471409312166,
    "counterfactual.time_exit_after_4_bars_if_mfe_lt_0_3r.median_r": 0.29068293809774126,
    "counterfactual.time_exit_after_4_bars_if_mfe_lt_0_3r.win_rate": 0.5675675675675675,
    "counterfactual.time_exit_after_4_bars_if_mfe_lt_0_3r.profit_factor": 1.665911930218123,
    "counterfactual.trail_0_5r_after_1_0r.trade_count": 37,
    "counterfactual.trail_0_5r_after_1_0r.avg_r": 0.8686741016435804,
    "counterfactual.trail_0_5r_after_1_0r.median_r": 0.8165155143257683,
    "counterfactual.trail_0_5r_after_1_0r.win_rate": 0.8918918918918919,
    "counterfactual.trail_0_5r_after_1_0r.profit_factor": 3.800144762727183,
    "counterfactual.best_policy_by_avg_r": "trail_0_5r_after_1_0r",
    "counterfactual.best_policy_by_profit_factor": "trail_0_5r_after_1_0r"
  }
}