lag,autocorrelation,asset
1,0.9694455554062142,ETHUSD
2,0.9630444487766272,ETHUSD
4,0.9808277898155788,ETHUSD
8,0.9416452892119767,ETHUSD
16,0.8296840763525544,ETHUSD
