{
  "prediction_distribution": {
    "rows": 8760,
    "mean": 0.3414891402175537,
    "std": 0.6005537906106215,
    "min": -1.469795823097229,
    "max": 2.486299753189087,
    "median": 0.30473220348358154,
    "q01": -0.9795013380050659,
    "q05": -0.6093881845474243,
    "q25": -0.04457493592053652,
    "q75": 0.7331936806440353,
    "q95": 1.383235329389572,
    "q99": 1.7683563220500946,
    "skew": 0.1336613900276268,
    "kurtosis": -0.07082735714922173,
    "positive_rate": 0.723744292237443,
    "negative_rate": 0.2762557077625571,
    "zero_rate": 0.0
  },
  "expected_net_return_distribution": {
    "rows": 0,
    "mean": null,
    "std": null,
    "min": null,
    "max": null,
    "median": null,
    "q01": null,
    "q05": null,
    "q25": null,
    "q75": null,
    "q95": null,
    "q99": null,
    "skew": null,
    "kurtosis": null,
    "positive_rate": null,
    "negative_rate": null,
    "zero_rate": null
  },
  "prediction_vs_realized": {
    "evaluation_rows": 8760,
    "correlation": 0.03121504271022528,
    "spearman_rank_correlation": 0.028857886262102898,
    "calibration_slope": 0.13282046625919955,
    "calibration_intercept": -0.09688248472574951,
    "directional_accuracy": 0.49840182648401826,
    "mean_prediction": 0.3414891402175537,
    "mean_realized": -0.05152573789960084
  },
  "quantile_monotonicity": {
    "monotonicity": 0.2727272727272727,
    "monotonic_increasing_steps": 5,
    "quantile_count": 10
  },
  "residuals": {
    "ETHUSD": {
      "rows": 8760,
      "distribution": {
        "rows": 8760,
        "mean": -0.3930148781171545,
        "std": 2.60667391794613,
        "min": -5.586219429969788,
        "max": 5.425782680511475,
        "median": -0.43159853757683647,
        "q01": -5.205925072431564,
        "q05": -4.475480513540925,
        "q25": -2.3396262713856775,
        "q75": 1.5301040379867832,
        "q95": 3.9044364772737024,
        "q99": 4.612249719500541,
        "skew": 0.054511684980833246,
        "kurtosis": -0.8977493470244062,
        "positive_rate": 0.4341324200913242,
        "negative_rate": 0.5658675799086758,
        "zero_rate": 0.0
      },
      "autocorrelation": [
        {
          "lag": 1,
          "autocorrelation": 0.950806941197533
        },
        {
          "lag": 2,
          "autocorrelation": 0.9066843452490794
        },
        {
          "lag": 4,
          "autocorrelation": 0.8198571906856914
        },
        {
          "lag": 8,
          "autocorrelation": 0.6611551442921223
        }
      ],
      "residual_vs_forecast_abs_correlation": -0.07541366863477374,
      "residual_vs_volatility_correlation": -0.0036065910059745253
    }
  },
  "turnover_cost": {
    "rows": 73965,
    "total_turnover": 74.0,
    "avg_turnover": 0.001000473196782262,
    "rebalance_frequency": 0.001000473196782262,
    "churn_frequency": 0.001000473196782262,
    "total_cost": 0.0074,
    "gross_pnl": 0.27217786087174345,
    "net_pnl": 0.2647778608717435,
    "cost_to_abs_gross_pnl": 0.001696807380135937,
    "turnover_vs_net_pnl_correlation": -0.02030387492807032
  },
  "residual_diagnostics": {
    "ETHUSD": {
      "rows": 8760,
      "distribution": {
        "rows": 8760,
        "mean": -0.3930148781171545,
        "std": 2.60667391794613,
        "min": -5.586219429969788,
        "max": 5.425782680511475,
        "median": -0.43159853757683647,
        "q01": -5.205925072431564,
        "q05": -4.475480513540925,
        "q25": -2.3396262713856775,
        "q75": 1.5301040379867832,
        "q95": 3.9044364772737024,
        "q99": 4.612249719500541,
        "skew": 0.054511684980833246,
        "kurtosis": -0.8977493470244062,
        "positive_rate": 0.4341324200913242,
        "negative_rate": 0.5658675799086758,
        "zero_rate": 0.0
      },
      "autocorrelation": [
        {
          "lag": 1,
          "autocorrelation": 0.950806941197533
        },
        {
          "lag": 2,
          "autocorrelation": 0.9066843452490794
        },
        {
          "lag": 4,
          "autocorrelation": 0.8198571906856914
        },
        {
          "lag": 8,
          "autocorrelation": 0.6611551442921223
        }
      ],
      "residual_vs_forecast_abs_correlation": -0.07541366863477374,
      "residual_vs_volatility_correlation": -0.0036065910059745253
    }
  }
}