asset,signal_time,entry_time,exit_time,side,signal_module,entry_cluster,entry_price,exit_price,take_profit_price,stop_loss_price,exit_reason,bars_held,gross_return,net_return,cost_return,gross_pnl_currency,net_pnl_currency,cost_currency,gross_r_multiple,net_r_multiple,mfe_r_multiple,mae_r_multiple,realized_r,cost,entry_context_age_bars,entry_macro_context_age_bars,entry_laggard_gap,signal_strength,entry_relay_score,trade_id,signal_timestamp,entry_timestamp,exit_timestamp,raw_entry_price,raw_exit_price,position_size,entry_cost,exit_cost,holding_cost,total_cost,entry_turnover,exit_turnover,holding_turnover,total_turnover,trade_r,gross_trade_r,total_cost_r,max_favorable_r,max_adverse_r,time_to_mfe,time_to_mae,risk_distance,risk_distance_source,cost_component_reconciliation,return_unit,r_multiple_unit,currency_pnl_available
ETHUSD,2022-03-18 00:00:00,2022-03-18 00:00:00,2022-03-18 12:00:00,long,,,2809.1,2804.1,,,position_exit,24,-0.001779929514791334,-0.001979314381474806,0.00019938486668347188,,,,-0.27163199723794745,-0.3021536549755922,0.3123767968236396,-2.156758058069293,,,,,,,,0,2022-03-18 00:00:00,2022-03-18 00:00:00,2022-03-18 12:00:00,2809.1,2804.1,1.0,0.0001,9.938486668347188e-05,0.0,0.00019938486668347188,1.0,1.0,0.0,2.0,-0.3021536549755922,-0.27163199723794745,0.03052165773764473,0.3123767968236396,-2.156758058069293,17,1,18.407257064122824,atr_48,0.0,fractional_return,R,False
ETHUSD,2022-03-24 05:30:00,2022-03-24 05:30:00,2022-03-24 17:30:00,short,,,3049.5,3099.45,,,position_exit,24,-0.01677584747175176,-0.016971814464463608,0.00019596699271184903,,,,-2.490193451772782,-2.5205992372830166,2.260866327085002,-4.005746623622516,,,,,,,,1,2022-03-24 05:30:00,2022-03-24 05:30:00,2022-03-24 17:30:00,3049.5,3099.45,1.0,0.0001,9.596699271184903e-05,0.0,0.00019596699271184903,1.0,1.0,0.0,2.0,-2.5205992372830166,-2.490193451772782,0.03040578551023474,2.260866327085002,-4.005746623622516,16,20,20.058682575219265,atr_48,0.0,fractional_return,R,False
ETHUSD,2022-03-25 17:00:00,2022-03-25 17:00:00,2022-03-26 06:00:00,short,,,3095.7,3129.05,,,position_exit,24,-0.011019043688344499,-0.01121688377379415,0.00019784008544965204,,,,-1.6808235494450618,-1.7120279000418657,0.6173939574423323,-1.887461527038001,,,,,,,,2,2022-03-25 17:00:00,2022-03-25 17:00:00,2022-03-26 06:00:00,3095.7,3129.05,1.0,0.0001,9.784008544965203e-05,0.0,0.00019784008544965204,1.0,1.0,0.0,2.0,-1.7120279000418657,-1.6808235494450618,0.031204350596803727,0.6173939574423323,-1.887461527038001,5,24,19.841464031730844,atr_48,0.0,fractional_return,R,False
ETHUSD,2022-03-28 13:30:00,2022-03-28 13:30:00,2022-03-29 01:30:00,long,,,3380.3,3390.8500000000004,,,reversal,24,0.003121024761115976,0.0029208542905958534,0.00020017047052012238,,,,0.6361814601860369,0.5954139873923531,3.147741442816155,-3.7899530590229347,,,,,,,,3,2022-03-28 13:30:00,2022-03-28 13:30:00,2022-03-29 01:30:00,3380.3,3390.8500000000004,1.0,0.0001,0.00010017047052012237,0.0,0.00020017047052012238,1.0,1.0,0.0,2.0,0.5954139873923531,0.6361814601860369,0.04076747279368386,3.147741442816155,-3.7899530590229347,12,20,16.583318848862827,atr_48,0.0,fractional_return,R,False
ETHUSD,2022-03-29 01:30:00,2022-03-29 01:30:00,2022-03-29 13:30:00,short,,,3390.8500000000004,3445.45,,,position_exit,24,-0.016144767156005657,-0.016341152932975667,0.00019638577697000947,,,,-2.703086408307,-2.7366606227671024,1.081729634093581,-4.576929275604106,,,,,,,,4,2022-03-29 01:30:00,2022-03-29 01:30:00,2022-03-29 13:30:00,3390.8500000000004,3445.45,1.0,0.0001,9.638577697000947e-05,0.0,0.00019638577697000947,1.0,1.0,0.0,2.0,-2.7366606227671024,-2.703086408307,0.033574214460102135,1.081729634093581,-4.576929275604106,3,21,20.199132307500516,atr_48,0.0,fractional_return,R,False
ETHUSD,2022-03-30 11:00:00,2022-03-30 11:00:00,2022-03-30 23:00:00,short,,,3413.3,3391.65,,,position_exit,24,0.005836750693178461,0.005635550367325326,0.00020120032585313474,,,,1.0205616069919488,0.9883816260852919,2.9768344333275465,-1.623942141379783,,,,,,,,5,2022-03-30 11:00:00,2022-03-30 11:00:00,2022-03-30 23:00:00,3413.3,3391.65,1.0,0.0001,0.00010120032585313474,0.0,0.00020120032585313474,1.0,1.0,0.0,2.0,0.9883816260852919,1.0205616069919488,0.03217998090665685,2.9768344333275465,-1.623942141379783,8,14,21.213809976462194,atr_48,0.0,fractional_return,R,False
ETHUSD,2022-04-03 07:00:00,2022-04-03 07:00:00,2022-04-03 19:00:00,short,,,3484.3,3500.15,,,position_exit,24,-0.004698722798839761,-0.004897486169263665,0.00019876337042390446,,,,-0.7146694515016012,-0.74609055900781,0.5568560079523713,-1.6638045905620806,,,,,,,,6,2022-04-03 07:00:00,2022-04-03 07:00:00,2022-04-03 19:00:00,3484.3,3500.15,1.0,0.0001,9.876337042390446e-05,0.0,0.00019876337042390446,1.0,1.0,0.0,2.0,-0.74609055900781,-0.7146694515016012,0.03142110750620875,0.5568560079523713,-1.6638045905620806,4,23,22.178085220653085,atr_48,0.0,fractional_return,R,False
ETHUSD,2022-04-04 15:00:00,2022-04-04 15:00:00,2022-04-05 03:00:00,long,,,3433.8,3524.05,,,position_exit,24,0.02628283534276954,0.02607782927310942,0.00020500606966011858,,,,4.286662979158678,4.254043492537437,5.376734063609547,-1.1660673256326464,,,,,,,,7,2022-04-04 15:00:00,2022-04-04 15:00:00,2022-04-05 03:00:00,3433.8,3524.05,1.0,0.0001,0.00010500606966011858,0.0,0.00020500606966011858,1.0,1.0,0.0,2.0,4.254043492537437,4.286662979158678,0.03261948662124115,5.376734063609547,-1.1660673256326464,15,6,21.053672854335964,atr_48,0.0,fractional_return,R,False
ETHUSD,2022-04-07 11:30:00,2022-04-07 11:30:00,2022-04-07 23:30:00,short,,,3251.3,3228.0,,,position_exit,24,0.006599272536444989,0.0063983157097908805,0.0002009568266541084,,,,0.9169067249042291,0.8913175503576102,3.6046633476921484,-0.663084906207556,,,,,,,,8,2022-04-07 11:30:00,2022-04-07 11:30:00,2022-04-07 23:30:00,3251.3,3228.0,1.0,0.0001,0.0001009568266541084,0.0,0.0002009568266541084,1.0,1.0,0.0,2.0,0.8913175503576102,0.9169067249042291,0.025589174546618857,3.6046633476921484,-0.663084906207556,8,1,25.41152700394238,atr_48,0.0,fractional_return,R,False
ETHUSD,2022-04-08 12:30:00,2022-04-08 12:30:00,2022-04-09 01:00:00,short,,,3237.2,3207.7,,,position_exit,24,0.008308698380733448,0.008107309367843207,0.0002013890128902407,,,,1.3001303448674058,1.271596229935848,2.8074001006119835,-3.1026839416496976,,,,,,,,9,2022-04-08 12:30:00,2022-04-08 12:30:00,2022-04-09 01:00:00,3237.2,3207.7,1.0,0.0001,0.00010138901289024069,0.0,0.0002013890128902407,1.0,1.0,0.0,2.0,1.271596229935848,1.3001303448674058,0.028534114931557737,2.8074001006119835,-3.1026839416496976,21,5,22.690032669769405,atr_48,0.0,fractional_return,R,False
ETHUSD,2022-04-11 18:30:00,2022-04-11 18:30:00,2022-04-12 06:30:00,short,,,3037.1,3006.9,,,position_exit,24,0.009461252491596905,0.009259667333982868,0.00020158515761403706,,,,1.4688853605849828,1.439341309401985,4.216965588169487,-0.14591576429652234,,,,,,,,10,2022-04-11 18:30:00,2022-04-11 18:30:00,2022-04-12 06:30:00,3037.1,3006.9,1.0,0.0001,0.00010158515761403705,0.0,0.00020158515761403706,1.0,1.0,0.0,2.0,1.439341309401985,1.4688853605849828,0.029544051182997865,4.216965588169487,-0.14591576429652234,6,1,20.55980732762745,atr_48,0.0,fractional_return,R,False
ETHUSD,2022-04-12 19:00:00,2022-04-12 19:00:00,2022-04-13 07:00:00,long,,,2976.4,3058.3,,,position_exit,24,0.027516462841015388,0.027311275531514134,0.00020518730950125352,,,,3.698674102260616,3.6717907479310226,4.242862416451594,-0.3928994467602971,,,,,,,,11,2022-04-12 19:00:00,2022-04-12 19:00:00,2022-04-13 07:00:00,2976.4,3058.3,1.0,0.0001,0.00010518730950125352,0.0,0.00020518730950125352,1.0,1.0,0.0,2.0,3.6717907479310226,3.698674102260616,0.02688335432959337,4.242862416451594,-0.3928994467602971,21,3,22.14307012070707,atr_48,0.0,fractional_return,R,False
ETHUSD,2022-04-14 01:30:00,2022-04-14 01:30:00,2022-04-14 13:30:00,short,,,3140.2,3047.1,,,position_exit,24,0.030203035897709896,0.029998484809878656,0.00020455108783123954,,,,4.76299573360538,4.730865209002442,4.929265724305868,-0.2148719879822118,,,,,,,,12,2022-04-14 01:30:00,2022-04-14 01:30:00,2022-04-14 13:30:00,3140.2,3047.1,1.0,0.0001,0.00010455108783123954,0.0,0.00020455108783123954,1.0,1.0,0.0,2.0,4.730865209002442,4.76299573360538,0.032130524602937985,4.929265724305868,-0.2148719879822118,24,1,19.546521812549948,atr_48,0.0,fractional_return,R,False
ETHUSD,2022-04-18 12:00:00,2022-04-18 12:00:00,2022-04-19 00:00:00,short,,,2936.1,3073.75,,,position_exit,24,-0.045411589433081545,-0.045603048845413774,0.00019145941233222885,,,,-9.410595429918969,-9.450741378690179,2.755154346717992,-10.774499380713605,,,,,,,,13,2022-04-18 12:00:00,2022-04-18 12:00:00,2022-04-19 00:00:00,2936.1,3073.75,1.0,0.0001,9.145941233222885e-05,0.0,0.00019145941233222885,1.0,1.0,0.0,2.0,-9.450741378690179,-9.410595429918969,0.04014594877120968,2.755154346717992,-10.774499380713605,8,24,14.627129709813202,atr_48,0.0,fractional_return,R,False
ETHUSD,2022-04-19 14:00:00,2022-04-19 14:00:00,2022-04-20 02:00:00,long,,,3114.3500000000004,3085.9,,,position_exit,24,-0.009135132531667756,-0.009333359808949004,0.00019822727728124878,,,,-1.681412188391413,-1.7182241817054147,0.9722049384547689,-2.751133123712472,,,,,,,,14,2022-04-19 14:00:00,2022-04-19 14:00:00,2022-04-20 02:00:00,3114.3500000000004,3085.9,1.0,0.0001,9.822727728124878e-05,0.0,0.00019822727728124878,1.0,1.0,0.0,2.0,-1.7182241817054147,-1.681412188391413,0.03681199331400175,0.9722049384547689,-2.751133123712472,2,20,16.92030080215967,atr_48,0.0,fractional_return,R,False
ETHUSD,2022-04-20 22:00:00,2022-04-20 22:00:00,2022-04-21 11:30:00,long,,,3089.9,3151.7,,,position_exit,27,0.020000647270138616,0.019796953437166254,0.00020369383297236254,,,,3.5567408846274864,3.5211746268300415,4.017160416618101,-1.274786579199021,,,,,,,,15,2022-04-20 22:00:00,2022-04-20 22:00:00,2022-04-21 11:30:00,3089.9,3151.7,1.0,0.0001,0.00010369383297236254,0.0,0.00020369383297236254,1.0,1.0,0.0,2.0,3.5211746268300415,3.5567408846274864,0.03556625779744505,4.017160416618101,-1.274786579199021,27,16,17.375457477688123,atr_48,0.0,fractional_return,R,False
ETHUSD,2022-04-25 00:30:00,2022-04-25 00:30:00,2022-04-25 12:30:00,long,,,2856.9,2860.05,,,position_exit,24,0.0011025937204660607,0.0009020944670790065,0.0002004992533870542,,,,0.21022659290580345,0.17209349111071948,1.5283139611246919,-3.9042081539648086,,,,,,,,16,2022-04-25 00:30:00,2022-04-25 00:30:00,2022-04-25 12:30:00,2856.9,2860.05,1.0,0.0001,0.0001004992533870542,0.0,0.0002004992533870542,1.0,1.0,0.0,2.0,0.17209349111071948,0.21022659290580345,0.03813310179508397,1.5283139611246919,-3.9042081539648086,5,17,14.9838322376823,atr_48,0.0,fractional_return,R,False
ETHUSD,2022-04-28 01:00:00,2022-04-28 01:00:00,2022-04-28 13:00:00,short,,,2894.95,2908.2,,,position_exit,24,-0.0048019900273083005,-0.0050008050402198245,0.00019881501291152404,,,,-0.621941144917254,-0.6491183300867364,1.1382696425844083,-2.452560363918983,,,,,,,,17,2022-04-28 01:00:00,2022-04-28 01:00:00,2022-04-28 13:00:00,2894.95,2908.2,1.0,0.0001,9.881501291152403e-05,0.0,0.00019881501291152404,1.0,1.0,0.0,2.0,-0.6491183300867364,-0.621941144917254,0.027177185169482334,1.1382696425844083,-2.452560363918983,1,16,21.304266662986,atr_48,0.0,fractional_return,R,False
ETHUSD,2022-04-29 18:30:00,2022-04-29 18:30:00,2022-04-30 06:30:00,long,,,2816.05,2832.15,,,position_exit,24,0.00571722803217245,0.005516256201416603,0.00020097183075584724,,,,0.7607577759272208,0.7341449568601418,1.2309155318573917,-1.878268421932124,,,,,,,,18,2022-04-29 18:30:00,2022-04-29 18:30:00,2022-04-30 06:30:00,2816.05,2832.15,1.0,0.0001,0.00010097183075584723,0.0,0.00020097183075584724,1.0,1.0,0.0,2.0,0.7341449568601418,0.7607577759272208,0.02661281906707904,1.2309155318573917,-1.878268421932124,22,2,21.1631093489344,atr_48,0.0,fractional_return,R,False
ETHUSD,2022-05-01 20:30:00,2022-05-01 20:30:00,2022-05-02 08:30:00,short,,,2813.9,2838.95,,,position_exit,24,-0.009145010706630319,-0.009343069058363351,0.00019805835173303254,,,,-1.430712973328334,-1.462855753652874,1.190832953848142,-3.466837424392437,,,,,,,,19,2022-05-01 20:30:00,2022-05-01 20:30:00,2022-05-02 08:30:00,2813.9,2838.95,1.0,0.0001,9.805835173303254e-05,0.0,0.00019805835173303254,1.0,1.0,0.0,2.0,-1.462855753652874,-1.430712973328334,0.032142780324540064,1.190832953848142,-3.466837424392437,1,19,17.508752955335794,atr_48,0.0,fractional_return,R,False
ETHUSD,2022-05-05 14:30:00,2022-05-05 14:30:00,2022-05-06 02:30:00,long,,,2830.2,2745.8,,,position_exit,24,-0.029821214048477374,-0.030015609298813195,0.0001943952503358215,,,,-5.123157881994531,-5.157517032320647,0.0,-8.598285710717139,,,,,,,,20,2022-05-05 14:30:00,2022-05-05 14:30:00,2022-05-06 02:30:00,2830.2,2745.8,1.0,0.0001,9.43952503358215e-05,0.0,0.0001943952503358215,1.0,1.0,0.0,2.0,-5.157517032320647,-5.123157881994531,0.03435915032611608,0.0,-8.598285710717139,1,9,16.474214135899576,atr_48,0.0,fractional_return,R,False
ETHUSD,2022-05-07 15:00:00,2022-05-07 15:00:00,2022-05-08 03:00:00,short,,,2694.95,2538.25,,,position_exit,24,0.06077262078940171,0.06056093258362294,0.00021168820577877057,,,,8.99890515556158,8.967952252627336,10.156071325852372,-0.2900093875914976,,,,,,,,21,2022-05-07 15:00:00,2022-05-07 15:00:00,2022-05-08 03:00:00,2694.95,2538.25,1.0,0.0001,0.00011168820577877056,0.0,0.00021168820577877057,1.0,1.0,0.0,2.0,8.967952252627336,8.99890515556158,0.030952902934244683,10.156071325852372,-0.2900093875914976,24,6,17.413229419709435,atr_48,0.0,fractional_return,R,False
ETHUSD,2022-05-08 22:00:00,2022-05-08 22:00:00,2022-05-09 10:00:00,short,,,2532.3,2420.5,,,position_exit,24,0.04519292221625992,0.044984922622411494,0.00020799959384842914,,,,5.785781497198931,5.759571596509563,6.21790381832246,-0.5537375851523024,,,,,,,,22,2022-05-08 22:00:00,2022-05-08 22:00:00,2022-05-09 10:00:00,2532.3,2420.5,1.0,0.0001,0.00010799959384842914,0.0,0.00020799959384842914,1.0,1.0,0.0,2.0,5.759571596509563,5.785781497198931,0.026209900689368213,6.21790381832246,-0.5537375851523024,24,1,19.32323231600189,atr_48,0.0,fractional_return,R,False
ETHUSD,2022-05-12 21:30:00,2022-05-12 21:30:00,2022-05-13 09:30:00,long,,,1908.9,2073.9,,,position_exit,24,0.08643721515008651,0.08621969761904791,0.00021751753103860239,,,,2.9189406868118115,2.9121867887790174,4.051135862302454,-0.2839333213535158,,,,,,,,23,2022-05-12 21:30:00,2022-05-12 21:30:00,2022-05-13 09:30:00,1908.9,2073.9,1.0,0.0001,0.00011751753103860238,0.0,0.00021751753103860239,1.0,1.0,0.0,2.0,2.9121867887790174,2.9189406868118115,0.006753898032794022,4.051135862302454,-0.2839333213535158,16,2,56.52735622395255,atr_48,0.0,fractional_return,R,False
ETHUSD,2022-05-13 23:30:00,2022-05-13 23:30:00,2022-05-14 11:30:00,short,,,2005.65,1981.8,,,position_exit,24,0.011065712622663426,0.010863004675235377,0.0002027079474280491,,,,0.6047199551675995,0.594549250110309,0.9774404306797039,-1.5377889006672854,,,,,,,,24,2022-05-13 23:30:00,2022-05-13 23:30:00,2022-05-14 11:30:00,2005.65,1981.8,1.0,0.0001,0.00010270794742804909,0.0,0.0002027079474280491,1.0,1.0,0.0,2.0,0.594549250110309,0.6047199551675995,0.010170705057290475,0.9774404306797039,-1.5377889006672854,24,4,39.43974363040501,atr_48,0.0,fractional_return,R,False
ETHUSD,2022-05-18 20:00:00,2022-05-18 20:00:00,2022-05-19 08:00:00,long,,,1953.3,1949.7,,,position_exit,24,-0.0018430348640759986,-0.002042702346797598,0.0001996674827215994,,,,-0.18554382389872767,-0.2056784211888051,0.9483350999268589,-2.7058474318565136,,,,,,,,25,2022-05-18 20:00:00,2022-05-18 20:00:00,2022-05-19 08:00:00,1953.3,1949.7,1.0,0.0001,9.96674827215994e-05,0.0,0.0001996674827215994,1.0,1.0,0.0,2.0,-0.2056784211888051,-0.18554382389872767,0.02013459729007744,0.9483350999268589,-2.7058474318565136,2,12,19.402424313324694,atr_48,0.0,fractional_return,R,False
ETHUSD,2022-05-20 15:00:00,2022-05-20 15:00:00,2022-05-21 03:00:00,long,,,1965.5,1949.1,,,position_exit,24,-0.008343932841516244,-0.00854268146781989,0.00019874862630364643,,,,-0.8898605899413162,-0.9111901142038729,0.5751537959376719,-2.4091347678898964,,,,,,,,26,2022-05-20 15:00:00,2022-05-20 15:00:00,2022-05-21 03:00:00,1965.5,1949.1,1.0,0.0001,9.874862630364642e-05,0.0,0.00019874862630364643,1.0,1.0,0.0,2.0,-0.9111901142038729,-0.8898605899413162,0.021329524262556677,0.5751537959376719,-2.4091347678898964,16,6,18.429853153831235,atr_48,0.0,fractional_return,R,False
ETHUSD,2022-05-23 22:00:00,2022-05-23 22:00:00,2022-05-24 10:00:00,long,,,1968.2,1970.1,,,position_exit,24,0.00096534904989376,0.0007651405883544182,0.0002002084615393418,,,,0.13114034460010288,0.10397082604831961,1.6012926288013742,-1.2147737184010496,,,,,,,,27,2022-05-23 22:00:00,2022-05-23 22:00:00,2022-05-24 10:00:00,1968.2,1970.1,1.0,0.0001,0.00010020846153934179,0.0,0.0002002084615393418,1.0,1.0,0.0,2.0,0.10397082604831961,0.13114034460010288,0.027169518551783265,1.6012926288013742,-1.2147737184010496,13,22,14.488295007868793,atr_48,0.0,fractional_return,R,False
ETHUSD,2022-05-25 14:00:00,2022-05-25 14:00:00,2022-05-26 02:00:00,short,,,1977.8,1947.2,,,position_exit,24,0.015235873590541349,0.015032574557457323,0.00020329903308402564,,,,2.167505858944269,2.13948694987355,2.7554241148017,-0.1983338694458782,,,,,,,,28,2022-05-25 14:00:00,2022-05-25 14:00:00,2022-05-26 02:00:00,1977.8,1947.2,1.0,0.0001,0.00010329903308402563,0.0,0.00020329903308402564,1.0,1.0,0.0,2.0,2.13948694987355,2.167505858944269,0.028018909070718877,2.7554241148017,-0.1983338694458782,19,9,14.117608897677586,atr_48,0.0,fractional_return,R,False
ETHUSD,2022-05-28 05:30:00,2022-05-28 05:30:00,2022-05-28 17:30:00,short,,,1769.4,1774.65,,,position_exit,24,-0.003444874244305729,-0.0036443386711145775,0.00019946442680884857,,,,-0.24783001948445663,-0.26453517896924894,1.0503272254341258,-1.7985378556871952,,,,,,,,29,2022-05-28 05:30:00,2022-05-28 05:30:00,2022-05-28 17:30:00,1769.4,1774.65,1.0,0.0001,9.946442680884857e-05,0.0,0.00019946442680884857,1.0,1.0,0.0,2.0,-0.26453517896924894,-0.24783001948445663,0.01670515948479229,1.0503272254341258,-1.7985378556871952,6,20,21.183874378580956,atr_48,0.0,fractional_return,R,False
ETHUSD,2022-05-31 06:00:00,2022-05-31 06:00:00,2022-05-31 18:00:00,long,,,1968.8,1960.0,,,position_exit,24,-0.004469727752946406,-0.00466913873323882,0.00019941098029241378,,,,-0.5801685525359793,-0.6061284581321803,1.9580688648089433,-2.6503154331757406,,,,,,,,30,2022-05-31 06:00:00,2022-05-31 06:00:00,2022-05-31 18:00:00,1968.8,1960.0,1.0,0.0001,9.941098029241377e-05,0.0,0.00019941098029241378,1.0,1.0,0.0,2.0,-0.6061284581321803,-0.5801685525359793,0.025959905596200955,1.9580688648089433,-2.6503154331757406,20,16,15.168005851979059,atr_48,0.0,fractional_return,R,False
ETHUSD,2022-06-01 14:00:00,2022-06-01 14:00:00,2022-06-02 02:00:00,short,,,1921.0,1827.6,,,position_exit,24,0.04935009608009522,0.049140003004343846,0.00021009307575137193,,,,6.135310454887701,6.110072914451215,10.424772689407668,-0.3153050340841612,,,,,,,,31,2022-06-01 14:00:00,2022-06-01 14:00:00,2022-06-02 02:00:00,1921.0,1827.6,1.0,0.0001,0.00011009307575137192,0.0,0.00021009307575137193,1.0,1.0,0.0,2.0,6.110072914451215,6.135310454887701,0.025237540436486645,10.424772689407668,-0.3153050340841612,13,1,15.223353518417783,atr_48,0.0,fractional_return,R,False
ETHUSD,2022-06-03 15:30:00,2022-06-03 15:30:00,2022-06-04 03:30:00,short,,,1761.5,1751.3,,,position_exit,24,0.005460015059815637,0.005259198641423879,0.00020081641839175823,,,,0.6581536592352637,0.6354215480442262,1.3163073184705274,-2.0809270108173687,,,,,,,,32,2022-06-03 15:30:00,2022-06-03 15:30:00,2022-06-04 03:30:00,1761.5,1751.3,1.0,0.0001,0.00010081641839175823,0.0,0.00020081641839175823,1.0,1.0,0.0,2.0,0.6354215480442262,0.6581536592352637,0.022732111191037487,1.3163073184705274,-2.0809270108173687,5,13,15.497900614655629,atr_48,0.0,fractional_return,R,False
ETHUSD,2022-06-07 00:00:00,2022-06-07 00:00:00,2022-06-07 12:30:00,long,,,1808.0,1749.6,,,position_exit,25,-0.03230088495575256,-0.03249374039048647,0.00019285543473390732,,,,-4.442766331512472,-4.4702749668801935,0.03803738297527796,-6.32181305049119,,,,,,,,33,2022-06-07 00:00:00,2022-06-07 00:00:00,2022-06-07 12:30:00,1808.0,1749.6,1.0,0.0001,9.285543473390731e-05,0.0,0.00019285543473390732,1.0,1.0,0.0,2.0,-4.4702749668801935,-4.442766331512472,0.02750863536772102,0.03803738297527796,-6.32181305049119,1,4,13.144963214871284,atr_48,0.0,fractional_return,R,False
ETHUSD,2022-06-11 08:30:00,2022-06-11 08:30:00,2022-06-11 20:30:00,long,,,1577.5,1521.65,,,position_exit,24,-0.03540412044373964,-0.035598031458319745,0.00019391101458010596,,,,-4.026784017459481,-4.049531561909051,2.5126843869017508,-5.584143637461728,,,,,,,,34,2022-06-11 08:30:00,2022-06-11 08:30:00,2022-06-11 20:30:00,1577.5,1521.65,1.0,0.0001,9.391101458010595e-05,0.0,0.00019391101458010596,1.0,1.0,0.0,2.0,-4.049531561909051,-4.026784017459481,0.02274754444956971,2.5126843869017508,-5.584143637461728,2,14,13.869628904317537,atr_48,0.0,fractional_return,R,False
ETHUSD,2022-06-14 23:00:00,2022-06-14 23:00:00,2022-06-15 11:00:00,short,,,1199.45,1103.65,,,position_exit,24,0.07766638688524186,0.07744658555622541,0.00021980132901644467,,,,3.2296640205005556,3.2215767125477592,6.282337058666794,-1.014748298716769,,,,,,,,35,2022-06-14 23:00:00,2022-06-14 23:00:00,2022-06-15 11:00:00,1199.45,1103.65,1.0,0.0001,0.00011980132901644466,0.0,0.00021980132901644467,1.0,1.0,0.0,2.0,3.2215767125477592,3.2296640205005556,0.00808730795279623,6.282337058666794,-1.014748298716769,20,5,29.662528173798155,atr_48,0.0,fractional_return,R,False
ETHUSD,2022-06-18 20:00:00,2022-06-18 20:00:00,2022-06-19 08:00:00,long,,,900.1500000000001,960.45,,,position_exit,24,0.06698883519413346,0.06677614791034725,0.00021268728378620594,,,,3.49172616230255,3.4813013619543023,6.404393259546634,-0.7875203284795222,,,,,,,,36,2022-06-18 20:00:00,2022-06-18 20:00:00,2022-06-19 08:00:00,900.1500000000001,960.45,1.0,0.0001,0.00011268728378620593,0.0,0.00021268728378620594,1.0,1.0,0.0,2.0,3.4813013619543023,3.49172616230255,0.010424800348247573,6.404393259546634,-0.7875203284795222,5,1,17.269395478663856,atr_48,0.0,fractional_return,R,False
ETHUSD,2022-06-19 20:00:00,2022-06-19 20:00:00,2022-06-20 08:00:00,long,,,1124.1,1114.45,,,position_exit,24,-0.008584645494173149,-0.00877969861889527,0.0001950531247221221,,,,-0.44939713475336585,-0.4598669237518377,1.5251560790852787,-3.3739712344955164,,,,,,,,37,2022-06-19 20:00:00,2022-06-19 20:00:00,2022-06-20 08:00:00,1124.1,1114.45,1.0,0.0001,9.50531247221221e-05,0.0,0.0001950531247221221,1.0,1.0,0.0,2.0,-0.4598669237518377,-0.44939713475336585,0.010469788998471827,1.5251560790852787,-3.3739712344955164,1,13,21.47321211848823,atr_48,0.0,fractional_return,R,False
ETHUSD,2022-06-20 20:00:00,2022-06-20 20:00:00,2022-06-21 08:00:00,long,,,1116.85,1156.05,,,position_exit,24,0.03509871513632157,0.03489247569011056,0.00020623944621100954,,,,1.8791237500617795,1.8684161002645525,2.3680794197207136,-1.3038817857571428,,,,,,,,38,2022-06-20 20:00:00,2022-06-20 20:00:00,2022-06-21 08:00:00,1116.85,1156.05,1.0,0.0001,0.00010623944621100953,0.0,0.00020623944621100954,1.0,1.0,0.0,2.0,1.8684161002645525,1.8791237500617795,0.010707649797227018,2.3680794197207136,-1.3038817857571428,24,4,20.860786842117918,atr_48,0.0,fractional_return,R,False
ETHUSD,2022-06-25 15:30:00,2022-06-25 15:30:00,2022-06-26 03:30:00,long,,,1183.05,1232.6,,,position_exit,24,0.04188326782469032,0.04167480439330551,0.00020846343138480883,,,,3.7422512672384243,3.7243813565958153,5.44533433638529,-0.27566533048273967,,,,,,,,39,2022-06-25 15:30:00,2022-06-25 15:30:00,2022-06-26 03:30:00,1183.05,1232.6,1.0,0.0001,0.00010846343138480882,0.0,0.00020846343138480883,1.0,1.0,0.0,2.0,3.7243813565958153,3.7422512672384243,0.01786991064260917,5.44533433638529,-0.27566533048273967,12,1,13.240692957681896,atr_48,0.0,fractional_return,R,False
ETHUSD,2022-06-26 23:30:00,2022-06-26 23:30:00,2022-06-27 11:30:00,long,,,1197.15,1219.25,,,position_exit,24,0.01846051037881602,0.018256335673474178,0.0002041747053418419,,,,1.8169662879402217,1.797281390278614,3.313291466243944,-0.15620977136138464,,,,,,,,40,2022-06-26 23:30:00,2022-06-26 23:30:00,2022-06-27 11:30:00,1197.15,1219.25,1.0,0.0001,0.0001041747053418419,0.0,0.0002041747053418419,1.0,1.0,0.0,2.0,1.797281390278614,1.8169662879402217,0.019684897661607654,3.313291466243944,-0.15620977136138464,21,1,12.163131559833872,atr_48,0.0,fractional_return,R,False
ETHUSD,2022-07-02 00:00:00,2022-07-02 00:00:00,2022-07-02 12:00:00,long,,,1061.6,1045.25,,,position_exit,24,-0.01540128108515415,-0.015597927256499666,0.00019664617134551587,,,,-1.169712025879465,-1.184901827551314,0.13950693886637852,-2.5433188085636185,,,,,,,,41,2022-07-02 00:00:00,2022-07-02 00:00:00,2022-07-02 12:00:00,1061.6,1045.25,1.0,0.0001,9.664617134551587e-05,0.0,0.00019664617134551587,1.0,1.0,0.0,2.0,-1.184901827551314,-1.169712025879465,0.015189801671848892,0.13950693886637852,-2.5433188085636185,1,18,13.97779935425296,atr_48,0.0,fractional_return,R,False
ETHUSD,2022-07-05 02:00:00,2022-07-05 02:00:00,2022-07-05 14:00:00,long,,,1145.15,1100.05,,,position_exit,24,-0.03938348687944759,-0.039575076679473575,0.00019158980002598192,,,,-4.546625949901147,-4.56971494638243,2.706805027823614,-5.968076634903487,,,,,,,,42,2022-07-05 02:00:00,2022-07-05 02:00:00,2022-07-05 14:00:00,1145.15,1100.05,1.0,0.0001,9.158980002598191e-05,0.0,0.00019158980002598192,1.0,1.0,0.0,2.0,-4.56971494638243,-4.546625949901147,0.023088996481282854,2.706805027823614,-5.968076634903487,8,23,9.919443670306924,atr_48,0.0,fractional_return,R,False
ETHUSD,2022-07-06 13:00:00,2022-07-06 13:00:00,2022-07-07 01:00:00,long,,,1141.55,1184.45,,,position_exit,24,0.03758048267706182,0.03737306454776457,0.00020741812929725434,,,,3.5042077811168033,3.4855586977017268,5.011262176492212,-1.2252474759149636,,,,,,,,43,2022-07-06 13:00:00,2022-07-06 13:00:00,2022-07-07 01:00:00,1141.55,1184.45,1.0,0.0001,0.00010741812929725433,0.0,0.00020741812929725434,1.0,1.0,0.0,2.0,3.4855586977017268,3.5042077811168033,0.018649083415076356,5.011262176492212,-1.2252474759149636,20,1,12.242424730398753,atr_48,0.0,fractional_return,R,False
ETHUSD,2022-07-07 14:30:00,2022-07-07 14:30:00,2022-07-08 02:30:00,long,,,1222.15,1253.05,,,position_exit,24,0.025283312195719887,0.02507892848627402,0.0002043837094458656,,,,2.8540904285545965,2.8315135572454833,4.913838537187854,-0.877471167354977,,,,,,,,44,2022-07-07 14:30:00,2022-07-07 14:30:00,2022-07-08 02:30:00,1222.15,1253.05,1.0,0.0001,0.00010438370944586559,0.0,0.0002043837094458656,1.0,1.0,0.0,2.0,2.8315135572454833,2.8540904285545965,0.022576871309113376,4.913838537187854,-0.877471167354977,21,2,10.826566562450727,atr_48,0.0,fractional_return,R,False
ETHUSD,2022-07-08 19:00:00,2022-07-08 19:00:00,2022-07-09 07:00:00,long,,,1233.2,1223.35,,,position_exit,24,-0.007987349983782366,-0.008185227724618716,0.00019787774083634968,,,,-0.806578975474406,-0.8267753854755233,1.6581953556707103,-2.4074539978626497,,,,,,,,45,2022-07-08 19:00:00,2022-07-08 19:00:00,2022-07-09 07:00:00,1233.2,1223.35,1.0,0.0001,9.787774083634968e-05,0.0,0.00019787774083634968,1.0,1.0,0.0,2.0,-0.8267753854755233,-0.806578975474406,0.020196410001117236,1.6581953556707103,-2.4074539978626497,3,16,12.212071352599608,atr_48,0.0,fractional_return,R,False
ETHUSD,2022-07-11 22:00:00,2022-07-11 22:00:00,2022-07-12 10:00:00,long,,,1107.05,1059.95,,,reversal,24,-0.04254550381644928,-0.042736389021724164,0.00019088520527488217,,,,-5.415693572628205,-5.441151931734694,0.011498287839990667,-6.220573721426454,,,,,,,,46,2022-07-11 22:00:00,2022-07-11 22:00:00,2022-07-12 10:00:00,1107.05,1059.95,1.0,0.0001,9.088520527488217e-05,0.0,0.00019088520527488217,1.0,1.0,0.0,2.0,-5.441151931734694,-5.415693572628205,0.025458359106488603,0.011498287839990667,-6.220573721426454,1,23,8.696947005652417,atr_48,0.0,fractional_return,R,False
ETHUSD,2022-07-12 10:00:00,2022-07-12 10:00:00,2022-07-12 22:00:00,short,,,1059.95,1046.85,,,reversal,24,0.01158216034603976,0.01137915858456684,0.0002030017614729207,,,,1.5798359313612982,1.5542703268506664,3.3224793823666596,-3.3224793823666596,,,,,,,,47,2022-07-12 10:00:00,2022-07-12 10:00:00,2022-07-12 22:00:00,1059.95,1046.85,1.0,0.0001,0.0001030017614729207,0.0,0.0002030017614729207,1.0,1.0,0.0,2.0,1.5542703268506664,1.5798359313612982,0.02556560451063192,3.3224793823666596,-3.3224793823666596,19,13,8.292000289366916,atr_48,0.0,fractional_return,R,False
ETHUSD,2022-07-12 22:00:00,2022-07-12 22:00:00,2022-07-13 10:00:00,long,,,1046.85,1069.0,,,position_exit,24,0.021158714237952125,0.020954115421980113,0.00020459881597201246,,,,2.4744518586063906,2.451062423588945,3.518972169124198,-1.3740748469913484,,,,,,,,48,2022-07-12 22:00:00,2022-07-12 22:00:00,2022-07-13 10:00:00,1046.85,1069.0,1.0,0.0001,0.00010459881597201246,0.0,0.00020459881597201246,1.0,1.0,0.0,2.0,2.451062423588945,2.4744518586063906,0.023389435017445503,3.518972169124198,-1.3740748469913484,21,3,8.951477444574312,atr_48,0.0,fractional_return,R,False
ETHUSD,2022-07-14 12:30:00,2022-07-14 12:30:00,2022-07-15 00:30:00,long,,,1086.15,1181.55,,,position_exit,24,0.08783317221378195,0.0876154047217228,0.00021776749205915102,,,,8.97674277535464,8.956302336852646,11.940761616273631,-1.0773973247150022,,,,,,,,49,2022-07-14 12:30:00,2022-07-14 12:30:00,2022-07-15 00:30:00,1086.15,1181.55,1.0,0.0001,0.00011776749205915102,0.0,0.00021776749205915102,1.0,1.0,0.0,2.0,8.956302336852646,8.97674277535464,0.020440438501994673,11.940761616273631,-1.0773973247150022,14,2,10.62746280999802,atr_48,0.0,fractional_return,R,False
ETHUSD,2022-07-15 12:30:00,2022-07-15 12:30:00,2022-07-16 00:30:00,long,,,1227.05,1212.6,,,position_exit,24,-0.011776211238336276,-0.011975084733303887,0.00019887349496761075,,,,-1.136433926458204,-1.155734428180841,4.679433814827885,-1.8560443366376074,,,,,,,,50,2022-07-15 12:30:00,2022-07-15 12:30:00,2022-07-16 00:30:00,1227.05,1212.6,1.0,0.0001,9.887349496761075e-05,0.0,0.00019887349496761075,1.0,1.0,0.0,2.0,-1.155734428180841,-1.136433926458204,0.01930050172263716,4.679433814827885,-1.8560443366376074,15,7,12.715213496867994,atr_48,0.0,fractional_return,R,False
ETHUSD,2022-07-16 12:30:00,2022-07-16 12:30:00,2022-07-17 00:30:00,long,,,1215.15,1363.4,,,position_exit,24,0.12200139900423834,0.1217769976015306,0.00022440140270774123,,,,12.23647749526133,12.21641792611682,17.003132303702085,-0.19809474528585702,,,,,,,,51,2022-07-16 12:30:00,2022-07-16 12:30:00,2022-07-17 00:30:00,1215.15,1363.4,1.0,0.0001,0.00012440140270774124,0.0,0.00022440140270774123,1.0,1.0,0.0,2.0,12.21641792611682,12.23647749526133,0.02005956914450834,17.003132303702085,-0.19809474528585702,7,1,12.115414755382908,atr_48,0.0,fractional_return,R,False
ETHUSD,2022-07-17 12:30:00,2022-07-17 12:30:00,2022-07-18 00:30:00,short,,,1355.1,1348.05,,,position_exit,24,0.0029067281614356677,0.0027064820354463226,0.0002002461259893451,,,,0.45533525738262454,0.4378310075307324,2.308969567578572,-1.6631039542698807,,,,,,,,52,2022-07-17 12:30:00,2022-07-17 12:30:00,2022-07-18 00:30:00,1355.1,1348.05,1.0,0.0001,0.0001002461259893451,0.0,0.0002002461259893451,1.0,1.0,0.0,2.0,0.4378310075307324,0.45533525738262454,0.017504249851892157,2.308969567578572,-1.6631039542698807,10,9,15.483097093172693,atr_48,0.0,fractional_return,R,False
ETHUSD,2022-07-19 22:00:00,2022-07-19 22:00:00,2022-07-20 10:00:00,short,,,1562.85,1595.05,,,position_exit,24,-0.022036830026453735,-0.02223526786747565,0.00019843784102191453,,,,-1.4360352380219696,-1.44997503722534,2.2923046967182903,-1.9979620702914413,,,,,,,,53,2022-07-19 22:00:00,2022-07-19 22:00:00,2022-07-20 10:00:00,1562.85,1595.05,1.0,0.0001,9.843784102191452e-05,0.0,0.00019843784102191453,1.0,1.0,0.0,2.0,-1.44997503722534,-1.4360352380219696,0.013939799203370387,2.2923046967182903,-1.9979620702914413,5,24,22.422848094140864,atr_48,0.0,fractional_return,R,False
ETHUSD,2022-07-24 22:30:00,2022-07-24 22:30:00,2022-07-25 10:30:00,long,,,1605.35,1547.05,,,position_exit,24,-0.03631606814713306,-0.03650863335440868,0.000192565207275619,,,,-3.3599611558548803,-3.3784651477641483,0.6051388016548246,-6.062914469913089,,,,,,,,54,2022-07-24 22:30:00,2022-07-24 22:30:00,2022-07-25 10:30:00,1605.35,1547.05,1.0,0.0001,9.256520727561898e-05,0.0,0.000192565207275619,1.0,1.0,0.0,2.0,-3.3784651477641483,-3.3599611558548803,0.01850399190926805,0.6051388016548246,-6.062914469913089,2,11,17.35139107141451,atr_48,0.0,fractional_return,R,False
ETHUSD,2022-07-26 21:00:00,2022-07-26 21:00:00,2022-07-27 09:00:00,long,,,1384.95,1460.25,,,position_exit,24,0.054370193869814676,0.0541592798364563,0.0002109140333583781,,,,4.637398000264284,4.620339396385224,5.530389647061524,-1.0869863838600942,,,,,,,,55,2022-07-26 21:00:00,2022-07-26 21:00:00,2022-07-27 09:00:00,1384.95,1460.25,1.0,0.0001,0.0001109140333583781,0.0,0.0002109140333583781,1.0,1.0,0.0,2.0,4.620339396385224,4.637398000264284,0.017058603879059827,5.530389647061524,-1.0869863838600942,22,1,16.237553903225177,atr_48,0.0,fractional_return,R,False
ETHUSD,2022-07-27 21:30:00,2022-07-27 21:30:00,2022-07-28 09:30:00,long,,,1607.15,1619.45,,,position_exit,24,0.007653299318670204,0.007452332455278654,0.00020096686339154957,,,,0.6682144138462138,0.6507522870947838,3.713207738730799,-0.2987950631019667,,,,,,,,56,2022-07-27 21:30:00,2022-07-27 21:30:00,2022-07-28 09:30:00,1607.15,1619.45,1.0,0.0001,0.00010096686339154956,0.0,0.00020096686339154957,1.0,1.0,0.0,2.0,0.6507522870947838,0.6682144138462138,0.017462126751430027,3.713207738730799,-0.2987950631019667,10,23,18.407265310548564,atr_48,0.0,fractional_return,R,False
ETHUSD,2022-07-28 22:00:00,2022-07-28 22:00:00,2022-07-29 10:00:00,short,,,1748.75,1720.35,,,position_exit,24,0.015498464489687835,0.01529588330758802,0.00020258118209981468,,,,1.3441688763503767,1.3276152473185618,2.6173429176822482,-0.15145564803948075,,,,,,,,57,2022-07-28 22:00:00,2022-07-28 22:00:00,2022-07-29 10:00:00,1748.75,1720.35,1.0,0.0001,0.00010258118209981468,0.0,0.00020258118209981468,1.0,1.0,0.0,2.0,1.3276152473185618,1.3441688763503767,0.016553629031814888,2.6173429176822482,-0.15145564803948075,20,17,21.12829756712595,atr_48,0.0,fractional_return,R,False
ETHUSD,2022-07-29 23:00:00,2022-07-29 23:00:00,2022-07-30 11:00:00,short,,,1761.8000000000002,1700.15,,,reversal,24,0.035325616921119796,0.03511771429311983,0.0002079026279999674,,,,2.841780436701856,2.8255382671207325,3.8005644283222786,-0.1889910752713274,,,,,,,,58,2022-07-29 23:00:00,2022-07-29 23:00:00,2022-07-30 11:00:00,1761.8000000000002,1700.15,1.0,0.0001,0.00010790262799996739,0.0,0.0002079026279999674,1.0,1.0,0.0,2.0,2.8255382671207325,2.841780436701856,0.016242169581123515,3.8005644283222786,-0.1889910752713274,22,1,21.694146107765633,atr_48,0.0,fractional_return,R,False
ETHUSD,2022-07-30 11:00:00,2022-07-30 11:00:00,2022-07-30 23:00:00,long,,,1700.15,1684.45,,,position_exit,24,-0.00923447931064958,-0.00943352233773509,0.00019904302708551036,,,,-0.800061513964341,-0.8173892156581813,2.2880740112738027,-1.314750768170706,,,,,,,,59,2022-07-30 11:00:00,2022-07-30 11:00:00,2022-07-30 23:00:00,1700.15,1684.45,1.0,0.0001,9.904302708551036e-05,0.0,0.00019904302708551036,1.0,1.0,0.0,2.0,-0.8173892156581813,-0.800061513964341,0.017327701693840392,2.2880740112738027,-1.314750768170706,9,22,19.62349110158522,atr_48,0.0,fractional_return,R,False
ETHUSD,2022-08-02 14:30:00,2022-08-02 14:30:00,2022-08-03 02:30:00,long,,,1624.05,1607.65,,,position_exit,24,-0.010098211261968304,-0.010295953917982659,0.0001977426560143547,,,,-1.0018955102168332,-1.0217385395261949,3.2958696814755273,-2.046554853186841,,,,,,,,60,2022-08-02 14:30:00,2022-08-02 14:30:00,2022-08-03 02:30:00,1624.05,1607.65,1.0,0.0001,9.77426560143547e-05,0.0,0.0001977426560143547,1.0,1.0,0.0,2.0,-1.0217385395261949,-1.0018955102168332,0.019843029309361725,3.2958696814755273,-2.046554853186841,5,21,16.368972445490375,atr_48,0.0,fractional_return,R,False
ETHUSD,2022-08-03 23:00:00,2022-08-03 23:00:00,2022-08-04 11:00:00,short,,,1613.7,1618.35,,,position_exit,24,-0.0036118240051400408,-0.00381117492403682,0.00019935091889677903,,,,-0.31580157342432713,-0.33772024004948203,0.47200450221487145,-3.365154400682979,,,,,,,,61,2022-08-03 23:00:00,2022-08-03 23:00:00,2022-08-04 11:00:00,1613.7,1618.35,1.0,0.0001,9.935091889677902e-05,0.0,0.00019935091889677903,1.0,1.0,0.0,2.0,-0.33772024004948203,-0.31580157342432713,0.02191866662515491,0.47200450221487145,-3.365154400682979,24,12,14.72443582081805,atr_48,0.0,fractional_return,R,False
ETHUSD,2022-08-11 20:00:00,2022-08-11 20:00:00,2022-08-12 08:00:00,long,,,1896.35,1894.5,,,position_exit,24,-0.0009755583093837839,-0.0011750711147726633,0.0001995128053888795,,,,-0.10979025597407231,-0.13229844537044444,1.068229517585621,-2.243281986929801,,,,,,,,62,2022-08-11 20:00:00,2022-08-11 20:00:00,2022-08-12 08:00:00,1896.35,1894.5,1.0,0.0001,9.95128053888795e-05,0.0,0.0001995128053888795,1.0,1.0,0.0,2.0,-0.13229844537044444,-0.10979025597407231,0.022508189396372134,1.068229517585621,-2.243281986929801,13,8,16.85031138315953,atr_48,0.0,fractional_return,R,False
ETHUSD,2022-08-12 20:30:00,2022-08-12 20:30:00,2022-08-13 09:30:00,long,,,1933.1,2003.55,,,position_exit,26,0.03644405359267533,0.03623714239537579,0.00020691119729954188,,,,4.907160107087366,4.88023028110295,6.101734923787845,-1.0169558206312994,,,,,,,,63,2022-08-12 20:30:00,2022-08-12 20:30:00,2022-08-13 09:30:00,1933.1,2003.55,1.0,0.0001,0.00010691119729954188,0.0,0.00020691119729954188,1.0,1.0,0.0,2.0,4.88023028110295,4.907160107087366,0.02692982598441613,6.101734923787845,-1.0169558206312994,19,3,14.356572531279296,atr_48,0.0,fractional_return,R,False
ETHUSD,2022-08-17 05:00:00,2022-08-17 05:00:00,2022-08-17 17:00:00,short,,,1912.55,1843.05,,,position_exit,24,0.03647740781849862,0.03626997043064728,0.00020743738785133914,,,,4.978939549382932,4.9515367556126515,6.6696298136338195,-3.1664622745715945,,,,,,,,64,2022-08-17 05:00:00,2022-08-17 05:00:00,2022-08-17 17:00:00,1912.55,1843.05,1.0,0.0001,0.00010743738785133913,0.0,0.00020743738785133914,1.0,1.0,0.0,2.0,4.9515367556126515,4.978939549382932,0.027402793770280074,6.6696298136338195,-3.1664622745715945,17,3,13.958795705525995,atr_48,0.0,fractional_return,R,False
ETHUSD,2022-08-18 08:30:00,2022-08-18 08:30:00,2022-08-18 20:30:00,long,,,1849.1,1877.35,,,position_exit,24,0.015277702666161908,0.01507485735573999,0.00020284531042191745,,,,2.0234799520860953,1.996990629754043,2.367292474918436,-0.23995248989338885,,,,,,,,65,2022-08-18 08:30:00,2022-08-18 08:30:00,2022-08-18 20:30:00,1849.1,1877.35,1.0,0.0001,0.00010284531042191744,0.0,0.00020284531042191745,1.0,1.0,0.0,2.0,1.996990629754043,2.0234799520860953,0.026489322332052378,2.367292474918436,-0.23995248989338885,9,1,13.961097055039177,atr_48,0.0,fractional_return,R,False
ETHUSD,2022-08-21 09:00:00,2022-08-21 09:00:00,2022-08-21 23:30:00,short,,,1608.15,1617.95,,,position_exit,29,-0.006801748114114159,-0.007000148719279009,0.00019840060516485014,,,,-0.6327906687214544,-0.6535584710460343,1.7434028628040152,-2.4762777699456975,,,,,,,,66,2022-08-21 09:00:00,2022-08-21 09:00:00,2022-08-21 23:30:00,1608.15,1617.95,1.0,0.0001,9.840060516485014e-05,0.0,0.00019840060516485014,1.0,1.0,0.0,2.0,-0.6535584710460343,-0.6327906687214544,0.020767802324579834,1.7434028628040152,-2.4762777699456975,26,24,15.486954034579446,atr_48,0.0,fractional_return,R,False
ETHUSD,2022-08-26 13:00:00,2022-08-26 13:00:00,2022-08-27 01:00:00,long,,,1688.95,1510.95,,,position_exit,24,-0.10539092335474709,-0.10557012039580815,0.00017919704106106327,,,,-13.72630047506156,-13.752348829204657,0.994771214203889,-15.61173893919221,,,,,,,,67,2022-08-26 13:00:00,2022-08-26 13:00:00,2022-08-27 01:00:00,1688.95,1510.95,1.0,0.0001,7.919704106106326e-05,0.0,0.00017919704106106327,1.0,1.0,0.0,2.0,-13.752348829204657,-13.72630047506156,0.026048354143095757,0.994771214203889,-15.61173893919221,2,21,12.967805879187685,atr_48,0.0,fractional_return,R,False
ETHUSD,2022-08-27 13:00:00,2022-08-27 13:00:00,2022-08-28 01:00:00,short,,,1499.05,1496.35,,,position_exit,24,0.000993564750871867,0.0007927255670483468,0.00020083918382352017,,,,0.18947788731513857,0.16843812235367533,3.557973661806434,-0.4982566666435137,,,,,,,,68,2022-08-27 13:00:00,2022-08-27 13:00:00,2022-08-28 01:00:00,1499.05,1496.35,1.0,0.0001,0.00010083918382352017,0.0,0.00020083918382352017,1.0,1.0,0.0,2.0,0.16843812235367533,0.18947788731513857,0.021039764961463238,3.557973661806434,-0.4982566666435137,6,1,14.249683898519622,atr_48,0.0,fractional_return,R,False
ETHUSD,2022-08-28 14:00:00,2022-08-28 14:00:00,2022-08-29 02:00:00,short,,,1466.25,1447.95,,,position_exit,24,0.011797230682493831,0.011594287548870374,0.00020294313362345662,,,,1.5262987800564058,1.5018404676382888,3.6531085555448453,-2.560512161078243,,,,,,,,69,2022-08-28 14:00:00,2022-08-28 14:00:00,2022-08-29 02:00:00,1466.25,1447.95,1.0,0.0001,0.00010294313362345661,0.0,0.00020294313362345662,1.0,1.0,0.0,2.0,1.5018404676382888,1.5262987800564058,0.024458312418117054,3.6531085555448453,-2.560512161078243,20,4,11.98978878783069,atr_48,0.0,fractional_return,R,False
ETHUSD,2022-08-29 23:00:00,2022-08-29 23:00:00,2022-08-30 11:00:00,long,,,1544.05,1581.75,,,position_exit,24,0.024416307762053835,0.024211195139082653,0.00020511262297118193,,,,2.9382202279527494,2.914152541252641,4.797014722294201,-1.5665312090676373,,,,,,,,70,2022-08-29 23:00:00,2022-08-29 23:00:00,2022-08-30 11:00:00,1544.05,1581.75,1.0,0.0001,0.00010511262297118193,0.0,0.00020511262297118193,1.0,1.0,0.0,2.0,2.914152541252641,2.9382202279527494,0.024067686700108424,4.797014722294201,-1.5665312090676373,22,5,12.830896622840319,atr_48,0.0,fractional_return,R,False
ETHUSD,2022-09-06 01:00:00,2022-09-06 01:00:00,2022-09-06 13:00:00,long,,,1659.0500000000002,1663.0,,,position_exit,24,0.0023808806244538516,0.002180239690786401,0.00020064093366745084,,,,0.38123388950810977,0.3492092776403397,2.6300312630623752,-3.3104613696528697,,,,,,,,71,2022-09-06 01:00:00,2022-09-06 01:00:00,2022-09-06 13:00:00,1659.0500000000002,1663.0,1.0,0.0001,0.00010064093366745083,0.0,0.00020064093366745084,1.0,1.0,0.0,2.0,0.3492092776403397,0.38123388950810977,0.03202461186777006,2.6300312630623752,-3.3104613696528697,22,2,10.361093566724456,atr_48,0.0,fractional_return,R,False
ETHUSD,2022-09-07 17:30:00,2022-09-07 17:30:00,2022-09-08 05:30:00,short,,,1569.45,1634.85,,,position_exit,24,-0.042016883728896115,-0.042208301456912456,0.00019141772801634094,,,,-4.8618425206994695,-4.8851771345958355,0.4163045583473662,-6.504758724177438,,,,,,,,72,2022-09-07 17:30:00,2022-09-07 17:30:00,2022-09-08 05:30:00,1569.45,1634.85,1.0,0.0001,9.141772801634093e-05,0.0,0.00019141772801634094,1.0,1.0,0.0,2.0,-4.8851771345958355,-4.8618425206994695,0.023334613896366357,0.4163045583473662,-6.504758724177438,1,9,13.451690325541605,atr_48,0.0,fractional_return,R,False
ETHUSD,2022-09-09 04:00:00,2022-09-09 04:00:00,2022-09-09 16:00:00,long,,,1696.15,1720.35,,,position_exit,24,0.014267606048992798,0.014064792146036176,0.00020281390295662227,,,,1.687169529308507,1.6635191772660554,3.471943907420008,-0.7668952405947816,,,,,,,,73,2022-09-09 04:00:00,2022-09-09 04:00:00,2022-09-09 16:00:00,1696.15,1720.35,1.0,0.0001,0.00010281390295662227,0.0,0.00020281390295662227,1.0,1.0,0.0,2.0,1.6635191772660554,1.687169529308507,0.023650352042451618,3.471943907420008,-0.7668952405947816,17,11,14.343549702393146,atr_48,0.0,fractional_return,R,False
ETHUSD,2022-09-14 07:30:00,2022-09-14 07:30:00,2022-09-14 20:00:00,long,,,1611.95,1598.15,,,position_exit,25,-0.008561059586215336,-0.008759455317782439,0.00019839573156710255,,,,-0.8653504329953263,-0.8855663986542658,0.06897720842715822,-3.2670114173229545,,,,,,,,74,2022-09-14 07:30:00,2022-09-14 07:30:00,2022-09-14 20:00:00,1611.95,1598.15,1.0,0.0001,9.839573156710255e-05,0.0,0.00019839573156710255,1.0,1.0,0.0,2.0,-0.8855663986542658,-0.8653504329953263,0.020215965658939433,0.06897720842715822,-3.2670114173229545,10,21,15.947296579297472,atr_48,0.0,fractional_return,R,False
ETHUSD,2022-09-16 08:30:00,2022-09-16 08:30:00,2022-09-16 20:30:00,long,,,1451.45,1437.9,,,position_exit,24,-0.009335492094113218,-0.00953309497158028,0.0001976028774670624,,,,-0.8339800819708544,-0.8518469511956013,1.8864567905835172,-2.7912174699172314,,,,,,,,75,2022-09-16 08:30:00,2022-09-16 08:30:00,2022-09-16 20:30:00,1451.45,1437.9,1.0,0.0001,9.76028774670624e-05,0.0,0.0001976028774670624,1.0,1.0,0.0,2.0,-0.8518469511956013,-0.8339800819708544,0.017866869224746874,1.8864567905835172,-2.7912174699172314,6,17,16.247390426853737,atr_48,0.0,fractional_return,R,False
ETHUSD,2022-09-27 16:30:00,2022-09-27 16:30:00,2022-09-28 04:30:00,short,,,1331.85,1283.95,,,position_exit,24,0.0360355428303456,0.03582846280912788,0.0002070800212177204,,,,4.366682197978021,4.342399251483753,5.8617466665968125,-0.7566484810692791,,,,,,,,76,2022-09-27 16:30:00,2022-09-27 16:30:00,2022-09-28 04:30:00,1331.85,1283.95,1.0,0.0001,0.0001070800212177204,0.0,0.0002070800212177204,1.0,1.0,0.0,2.0,4.342399251483753,4.366682197978021,0.0242829464942674,5.8617466665968125,-0.7566484810692791,20,15,10.969426632920486,atr_48,0.0,fractional_return,R,False
ETHUSD,2022-09-29 00:30:00,2022-09-29 00:30:00,2022-09-29 12:30:00,long,,,1334.25,1319.75,,,position_exit,24,-0.010867528574105223,-0.011066484279931954,0.00019895570582673106,,,,-1.2241597231358732,-1.2466884832819978,1.485876629461466,-1.8066909017315722,,,,,,,,77,2022-09-29 00:30:00,2022-09-29 00:30:00,2022-09-29 12:30:00,1334.25,1319.75,1.0,0.0001,9.895570582673105e-05,0.0,0.00019895570582673106,1.0,1.0,0.0,2.0,-1.2466884832819978,-1.2241597231358732,0.022528760146124677,1.485876629461466,-1.8066909017315722,2,24,11.84485956036523,atr_48,0.0,fractional_return,R,False
ETHUSD,2022-10-03 07:00:00,2022-10-03 07:00:00,2022-10-03 20:00:00,long,,,1293.85,1316.55,,,position_exit,26,0.017544537620281186,0.017340984791513803,0.0002035528287673838,,,,3.097461834976811,3.0621521345787075,4.884983863091197,-1.0370356804327503,,,,,,,,78,2022-10-03 07:00:00,2022-10-03 07:00:00,2022-10-03 20:00:00,1293.85,1316.55,1.0,0.0001,0.00010355282876738378,0.0,0.0002035528287673838,1.0,1.0,0.0,2.0,3.0621521345787075,3.097461834976811,0.035309700398103425,4.884983863091197,-1.0370356804327503,22,4,7.32858101548489,atr_48,0.0,fractional_return,R,False
ETHUSD,2022-10-04 19:00:00,2022-10-04 19:00:00,2022-10-05 07:00:00,short,,,1352.35,1352.95,,,position_exit,24,-0.0005386970773119115,-0.00073829291967209,0.00019959584236017847,,,,-0.08667651727065472,-0.1257488466476358,0.5056130174120376,-2.4413885697895656,,,,,,,,79,2022-10-04 19:00:00,2022-10-04 19:00:00,2022-10-05 07:00:00,1352.35,1352.95,1.0,0.0001,9.959584236017846e-05,0.0,0.00019959584236017847,1.0,1.0,0.0,2.0,-0.1257488466476358,-0.08667651727065472,0.03907232937698108,0.5056130174120376,-2.4413885697895656,1,3,6.922290129938954,atr_48,0.0,fractional_return,R,False
ETHUSD,2022-10-06 04:00:00,2022-10-06 04:00:00,2022-10-06 16:00:00,short,,,1376.7,1364.0,,,position_exit,24,0.008850478194603717,0.008648536343859536,0.00020194185074418058,,,,1.719373974028603,1.6820974047365531,3.7298230696447057,-0.4941507878113499,,,,,,,,80,2022-10-06 04:00:00,2022-10-06 04:00:00,2022-10-06 16:00:00,1376.7,1364.0,1.0,0.0001,0.00010194185074418058,0.0,0.00020194185074418058,1.0,1.0,0.0,2.0,1.6820974047365531,1.719373974028603,0.037276569292049914,3.7298230696447057,-0.4941507878113499,20,19,7.386409351214695,atr_48,0.0,fractional_return,R,False
ETHUSD,2022-10-10 08:30:00,2022-10-10 08:30:00,2022-10-10 20:30:00,short,,,1306.75,1307.35,,,position_exit,24,-0.0006463833303664845,-0.000846190613930653,0.00019980728356416844,,,,-0.1248546434714716,-0.17923924525692836,1.602301257884138,-2.663565727391836,,,,,,,,81,2022-10-10 08:30:00,2022-10-10 08:30:00,2022-10-10 20:30:00,1306.75,1307.35,1.0,0.0001,9.980728356416843e-05,0.0,0.00019980728356416844,1.0,1.0,0.0,2.0,-0.17923924525692836,-0.1248546434714716,0.05438460178545675,1.602301257884138,-2.663565727391836,15,8,4.805588188932715,atr_48,0.0,fractional_return,R,False
ETHUSD,2022-10-11 09:30:00,2022-10-11 09:30:00,2022-10-11 21:30:00,short,,,1280.6,1276.5,,,position_exit,24,0.002932009189761997,0.0027315190857117866,0.0002004901040502105,,,,0.7739238812269602,0.7255781777001666,2.217952586443167,-3.2561431588208194,,,,,,,,82,2022-10-11 09:30:00,2022-10-11 09:30:00,2022-10-11 21:30:00,1280.6,1276.5,1.0,0.0001,0.0001004901040502105,0.0,0.0002004901040502105,1.0,1.0,0.0,2.0,0.7255781777001666,0.7739238812269602,0.04834570352679353,2.217952586443167,-3.2561431588208194,9,14,5.297678621184125,atr_48,0.0,fractional_return,R,False
ETHUSD,2022-10-12 09:30:00,2022-10-12 09:30:00,2022-10-12 21:30:00,short,,,1303.0,1299.95,,,position_exit,24,0.0022298743783819575,0.0020294345710154538,0.00020043980736650369,,,,0.5542268691644227,0.5068722717531929,2.9437623870373133,-0.4542843189872384,,,,,,,,83,2022-10-12 09:30:00,2022-10-12 09:30:00,2022-10-12 21:30:00,1303.0,1299.95,1.0,0.0001,0.00010043980736650368,0.0,0.00020043980736650369,1.0,1.0,0.0,2.0,0.5068722717531929,0.5542268691644227,0.047354597411229736,2.9437623870373133,-0.4542843189872384,6,6,5.503161556563058,atr_48,0.0,fractional_return,R,False
ETHUSD,2022-10-13 10:00:00,2022-10-13 10:00:00,2022-10-13 22:00:00,long,,,1242.6,1294.5500000000002,,,position_exit,24,0.041807500402382125,0.04159911713302766,0.00020838326935446183,,,,9.468098980868135,9.422805199179486,10.68920125559026,-9.13092894978807,,,,,,,,84,2022-10-13 10:00:00,2022-10-13 10:00:00,2022-10-13 22:00:00,1242.6,1294.5500000000002,1.0,0.0001,0.00010838326935446183,0.0,0.00020838326935446183,1.0,1.0,0.0,2.0,9.422805199179486,9.468098980868135,0.04529378168864941,10.68920125559026,-9.13092894978807,20,5,5.486845892187425,atr_48,0.0,fractional_return,R,False
ETHUSD,2022-10-14 10:00:00,2022-10-14 10:00:00,2022-10-14 22:00:00,long,,,1332.55,1291.9,,,position_exit,24,-0.030505421935386856,-0.030699322411541496,0.00019390047615464034,,,,-4.880944638820028,-4.912945144495106,1.2487533639293706,-5.199136601744348,,,,,,,,85,2022-10-14 10:00:00,2022-10-14 10:00:00,2022-10-14 22:00:00,1332.55,1291.9,1.0,0.0001,9.390047615464034e-05,0.0,0.00019390047615464034,1.0,1.0,0.0,2.0,-4.912945144495106,-4.880944638820028,0.032000505675078235,1.2487533639293706,-5.199136601744348,5,23,8.328305893227059,atr_48,0.0,fractional_return,R,False
ETHUSD,2022-10-15 21:00:00,2022-10-15 21:00:00,2022-10-16 09:00:00,long,,,1276.65,1285.95,,,position_exit,24,0.007284690400658045,0.007083016401128406,0.00020167399952963905,,,,1.5723326971503373,1.5291645565521226,2.2147912185666,-2.113350399395625,,,,,,,,86,2022-10-15 21:00:00,2022-10-15 21:00:00,2022-10-16 09:00:00,1276.65,1285.95,1.0,0.0001,0.00010167399952963904,0.0,0.00020167399952963905,1.0,1.0,0.0,2.0,1.5291645565521226,1.5723326971503373,0.043168140598214805,2.2147912185666,-2.113350399395625,22,4,5.9147787340777676,atr_48,0.0,fractional_return,R,False
ETHUSD,2022-10-16 21:30:00,2022-10-16 21:30:00,2022-10-17 09:30:00,long,,,1293.45,1317.9,,,position_exit,24,0.018902934013685035,0.01869967382813531,0.00020326018554972514,,,,4.710282548027851,4.66044602482338,5.182274050795432,-0.43346158417438513,,,,,,,,87,2022-10-16 21:30:00,2022-10-16 21:30:00,2022-10-17 09:30:00,1293.45,1317.9,1.0,0.0001,0.00010326018554972513,0.0,0.00020326018554972514,1.0,1.0,0.0,2.0,4.66044602482338,4.710282548027851,0.049836523204471274,5.182274050795432,-0.43346158417438513,24,1,5.190771413540154,atr_48,0.0,fractional_return,R,False
ETHUSD,2022-10-21 08:30:00,2022-10-21 08:30:00,2022-10-21 20:30:00,short,,,1278.3000000000002,1302.8000000000002,,,position_exit,24,-0.019172310709474005,-0.01936838002122887,0.00019606931175486508,,,,-4.397159076701079,-4.443043880356156,4.343316312496625,-5.177879157666355,,,,,,,,88,2022-10-21 08:30:00,2022-10-21 08:30:00,2022-10-21 20:30:00,1278.3000000000002,1302.8000000000002,1.0,0.0001,9.606931175486508e-05,0.0,0.00019606931175486508,1.0,1.0,0.0,2.0,-4.443043880356156,-4.397159076701079,0.045884803655077466,4.343316312496625,-5.177879157666355,7,23,5.571779317654539,atr_48,0.0,fractional_return,R,False
ETHUSD,2022-10-23 22:30:00,2022-10-23 22:30:00,2022-10-24 11:00:00,short,,,1365.25,1348.45,,,position_exit,25,0.012252657911085763,0.012050355983718397,0.0002023019273673654,,,,3.5565125875424637,3.498708673136007,6.901327997255018,-1.1219950424985088,,,,,,,,89,2022-10-23 22:30:00,2022-10-23 22:30:00,2022-10-24 11:00:00,1365.25,1348.45,1.0,0.0001,0.0001023019273673654,0.0,0.0002023019273673654,1.0,1.0,0.0,2.0,3.498708673136007,3.5565125875424637,0.05780391440645669,6.901327997255018,-1.1219950424985088,18,3,4.723728536444936,atr_48,0.0,fractional_return,R,False
ETHUSD,2022-10-25 01:00:00,2022-10-25 01:00:00,2022-10-25 15:00:00,long,,,1337.55,1391.25,,,position_exit,28,0.04014803184927662,0.039940677973533845,0.0002073538757427773,,,,8.892929582314359,8.848628882266595,10.664891342663783,-0.23184546397092887,,,,,,,,90,2022-10-25 01:00:00,2022-10-25 01:00:00,2022-10-25 15:00:00,1337.55,1391.25,1.0,0.0001,0.0001073538757427773,0.0,0.0002073538757427773,1.0,1.0,0.0,2.0,8.848628882266595,8.892929582314359,0.044300700047763736,10.664891342663783,-0.23184546397092887,28,1,6.038505028398614,atr_48,0.0,fractional_return,R,False
ETHUSD,2022-10-27 11:00:00,2022-10-27 11:00:00,2022-10-27 23:00:00,short,,,1554.0,1516.65,,,position_exit,24,0.022812961189873526,0.022608469442815915,0.0002044917470576113,,,,2.863260151073687,2.8394341469249933,3.8061811646802983,-1.782350696451496,,,,,,,,91,2022-10-27 11:00:00,2022-10-27 11:00:00,2022-10-27 23:00:00,1554.0,1516.65,1.0,0.0001,0.0001044917470576113,0.0,0.0002044917470576113,1.0,1.0,0.0,2.0,2.8394341469249933,2.863260151073687,0.02382600414869355,3.8061811646802983,-1.782350696451496,24,4,13.04457088399534,atr_48,0.0,fractional_return,R,False
ETHUSD,2022-11-04 14:00:00,2022-11-04 14:00:00,2022-11-05 02:00:00,long,,,1654.85,1651.8,,,position_exit,24,-0.001843067347493621,-0.0020428247028426716,0.0001997573553490506,,,,-0.25862767274123444,-0.2866925910517812,1.0472300847063372,-3.9430120598254366,,,,,,,,92,2022-11-04 14:00:00,2022-11-04 14:00:00,2022-11-05 02:00:00,1654.85,1651.8,1.0,0.0001,9.975735534905059e-05,0.0,0.0001997573553490506,1.0,1.0,0.0,2.0,-0.2866925910517812,-0.25862767274123444,0.02806491831054677,1.0472300847063372,-3.9430120598254366,1,4,11.793014906999455,atr_48,0.0,fractional_return,R,False
ETHUSD,2022-11-06 23:30:00,2022-11-06 23:30:00,2022-11-07 11:30:00,long,,,1568.65,1580.25,,,position_exit,24,0.007394893698401628,0.007193431167882958,0.00020146253051867014,,,,1.3886719617208136,1.3511143708112727,3.1963397739608412,-2.609745583233985,,,,,,,,93,2022-11-06 23:30:00,2022-11-06 23:30:00,2022-11-07 11:30:00,1568.65,1580.25,1.0,0.0001,0.00010146253051867013,0.0,0.00020146253051867014,1.0,1.0,0.0,2.0,1.3511143708112727,1.3886719617208136,0.03755759090954089,3.1963397739608412,-2.609745583233985,6,16,8.35330468228467,atr_48,0.0,fractional_return,R,False
ETHUSD,2022-11-10 12:00:00,2022-11-10 12:00:00,2022-11-11 00:00:00,long,,,1189.95,1285.1999999999998,,,position_exit,24,0.08004538005798567,0.07982839444472467,0.0002169856132610004,,,,3.529149736151317,3.520331863755447,5.863390506519123,-0.044461728959388463,,,,,,,,94,2022-11-10 12:00:00,2022-11-10 12:00:00,2022-11-11 00:00:00,1189.95,1285.1999999999998,1.0,0.0001,0.0001169856132610004,0.0,0.0002169856132610004,1.0,1.0,0.0,2.0,3.520331863755447,3.529149736151317,0.008817872395870384,5.863390506519123,-0.044461728959388463,8,2,26.98950373918501,atr_48,0.0,fractional_return,R,False
ETHUSD,2022-11-11 14:00:00,2022-11-11 14:00:00,2022-11-12 02:00:00,long,,,1205.4499999999998,1283.7,,,position_exit,24,0.06491351777344567,0.06470168625782868,0.0002118315156169892,,,,3.0286493539863697,3.0193180175933656,3.493106762904406,-0.19932963799397643,,,,,,,,95,2022-11-11 14:00:00,2022-11-11 14:00:00,2022-11-12 02:00:00,1205.4499999999998,1283.7,1.0,0.0001,0.0001118315156169892,0.0,0.0002118315156169892,1.0,1.0,0.0,2.0,3.0193180175933656,3.0286493539863697,0.009331336393004111,3.493106762904406,-0.19932963799397643,1,1,25.83659937292047,atr_48,0.0,fractional_return,R,False
ETHUSD,2022-11-17 15:30:00,2022-11-17 15:30:00,2022-11-18 03:30:00,long,,,1192.6999999999998,1219.25,,,position_exit,24,0.022260417540035604,0.022055606805148287,0.00020481073488731738,,,,2.640754652381058,2.617028640524976,3.8939941484262883,-0.35309525483811566,,,,,,,,96,2022-11-17 15:30:00,2022-11-17 15:30:00,2022-11-18 03:30:00,1192.6999999999998,1219.25,1.0,0.0001,0.00010481073488731738,0.0,0.00020481073488731738,1.0,1.0,0.0,2.0,2.617028640524976,2.640754652381058,0.023726011856081853,3.8939941484262883,-0.35309525483811566,22,1,10.053944229942436,atr_48,0.0,fractional_return,R,False
ETHUSD,2022-11-21 02:30:00,2022-11-21 02:30:00,2022-11-21 14:30:00,long,,,1121.55,1133.45,,,position_exit,24,0.01061031608042362,0.01040793666310047,0.0002023794173231508,,,,1.5502578021883378,1.5210360939859122,2.937673398264427,-2.110434991214366,,,,,,,,97,2022-11-21 02:30:00,2022-11-21 02:30:00,2022-11-21 14:30:00,1121.55,1133.45,1.0,0.0001,0.00010237941732315079,0.0,0.0002023794173231508,1.0,1.0,0.0,2.0,1.5210360939859122,1.5502578021883378,0.029221708202425496,2.937673398264427,-2.110434991214366,21,13,7.676142628150039,atr_48,0.0,fractional_return,R,False
ETHUSD,2022-11-22 22:30:00,2022-11-22 22:30:00,2022-11-23 10:30:00,short,,,1136.35,1173.65,,,position_exit,24,-0.032615614623354494,-0.032810052855426264,0.0001944382320717697,,,,-3.6580149306283976,-3.6803033234778324,0.9169554852915555,-4.172882983866977,,,,,,,,98,2022-11-22 22:30:00,2022-11-22 22:30:00,2022-11-23 10:30:00,1136.35,1173.65,1.0,0.0001,9.443823207176969e-05,0.0,0.0001944382320717697,1.0,1.0,0.0,2.0,-3.6803033234778324,-3.6580149306283976,0.022288392849434634,0.9169554852915555,-4.172882983866977,5,24,10.19678724864924,atr_48,0.0,fractional_return,R,False
ETHUSD,2022-11-28 21:00:00,2022-11-28 21:00:00,2022-11-29 09:00:00,long,,,1171.2,1213.95,,,position_exit,24,0.036501024590164244,0.03629366218237706,0.00020736240778718162,,,,7.088463219806948,7.04962341572256,8.365215659397915,-2.097521865042305,,,,,,,,99,2022-11-28 21:00:00,2022-11-28 21:00:00,2022-11-29 09:00:00,1171.2,1213.95,1.0,0.0001,0.00010736240778718162,0.0,0.00020736240778718162,1.0,1.0,0.0,2.0,7.04962341572256,7.088463219806948,0.03883980408438783,8.365215659397915,-2.097521865042305,23,6,6.030926404547851,atr_48,0.0,fractional_return,R,False
ETHUSD,2022-11-29 22:00:00,2022-11-29 22:00:00,2022-11-30 10:00:00,long,,,1218.8000000000002,1266.95,,,position_exit,24,0.03950607154578267,0.03929822995036081,0.00020784159542186487,,,,7.766232513045874,7.726915860140784,10.177554965175396,-1.0000133246290066,,,,,,,,100,2022-11-29 22:00:00,2022-11-29 22:00:00,2022-11-30 10:00:00,1218.8000000000002,1266.95,1.0,0.0001,0.00010784159542186486,0.0,0.00020784159542186487,1.0,1.0,0.0,2.0,7.726915860140784,7.766232513045874,0.03931665290508968,10.177554965175396,-1.0000133246290066,8,4,6.1999173884012,atr_48,0.0,fractional_return,R,False
ETHUSD,2022-12-01 05:30:00,2022-12-01 05:30:00,2022-12-01 17:30:00,long,,,1282.45,1274.9499999999998,,,position_exit,24,-0.005848181215641901,-0.006046919771531489,0.00019873855588958822,,,,-1.032241719297744,-1.0675430097754335,2.03695699274748,-2.6425388014021505,,,,,,,,101,2022-12-01 05:30:00,2022-12-01 05:30:00,2022-12-01 17:30:00,1282.45,1274.9499999999998,1.0,0.0001,9.873855588958822e-05,0.0,0.00019873855588958822,1.0,1.0,0.0,2.0,-1.0675430097754335,-1.032241719297744,0.03530129047768937,2.03695699274748,-2.6425388014021505,16,19,7.265740048854679,atr_48,0.0,fractional_return,R,False
ETHUSD,2022-12-05 13:30:00,2022-12-05 13:30:00,2022-12-06 01:30:00,short,,,1286.15,1263.6,,,position_exit,24,0.01742577682196389,0.0172224623526962,0.00020331446926769026,,,,4.328382646090361,4.279008372562476,7.447505395490264,-0.33590552685845104,,,,,,,,102,2022-12-05 13:30:00,2022-12-05 13:30:00,2022-12-06 01:30:00,1286.15,1263.6,1.0,0.0001,0.00010331446926769025,0.0,0.00020331446926769026,1.0,1.0,0.0,2.0,4.279008372562476,4.328382646090361,0.04937427352788535,7.447505395490264,-0.33590552685845104,12,1,5.209798172619653,atr_48,0.0,fractional_return,R,False
ETHUSD,2022-12-08 02:30:00,2022-12-08 02:30:00,2022-12-08 14:30:00,short,,,1233.0500000000002,1247.45,,,position_exit,24,-0.01163807004067785,-0.01183599136532798,0.0001979213246501299,,,,-2.6596951910270388,-2.7052443181839267,1.4868434922061353,-2.7982209822263653,,,,,,,,103,2022-12-08 02:30:00,2022-12-08 02:30:00,2022-12-08 14:30:00,1233.0500000000002,1247.45,1.0,0.0001,9.79213246501299e-05,0.0,0.0001979213246501299,1.0,1.0,0.0,2.0,-2.7052443181839267,-2.6596951910270388,0.04554912715688781,1.4868434922061353,-2.7982209822263653,7,24,5.414154241651772,atr_48,0.0,fractional_return,R,False
ETHUSD,2022-12-09 14:00:00,2022-12-09 14:00:00,2022-12-10 02:00:00,long,,,1270.0,1264.25,,,position_exit,24,-0.0045275590551177025,-0.004726753813779294,0.00019919475866159164,,,,-1.0089181910156497,-1.0534860554535583,1.4212586690828992,-2.4038572551155557,,,,,,,,104,2022-12-09 14:00:00,2022-12-09 14:00:00,2022-12-10 02:00:00,1270.0,1264.25,1.0,0.0001,9.919475866159164e-05,0.0,0.00019919475866159164,1.0,1.0,0.0,2.0,-1.0534860554535583,-1.0089181910156497,0.0445678644379087,1.4212586690828992,-2.4038572551155557,5,15,5.699173680486062,atr_48,0.0,fractional_return,R,False
ETHUSD,2022-12-14 17:00:00,2022-12-14 17:00:00,2022-12-15 05:00:00,long,,,1334.25,1291.1,,,position_exit,24,-0.03234026606707874,-0.03253383704890367,0.00019357098182493093,,,,-7.980249385394261,-8.029601170990842,3.1255206167592924,-9.69096333243706,,,,,,,,105,2022-12-14 17:00:00,2022-12-14 17:00:00,2022-12-15 05:00:00,1334.25,1291.1,1.0,0.0001,9.357098182493093e-05,0.0,0.00019357098182493093,1.0,1.0,0.0,2.0,-8.029601170990842,-7.980249385394261,0.049351785596580634,3.1255206167592924,-9.69096333243706,3,17,5.4070991915333835,atr_48,0.0,fractional_return,R,False
ETHUSD,2022-12-15 18:30:00,2022-12-15 18:30:00,2022-12-16 06:30:00,long,,,1272.05,1271.25,,,position_exit,24,-0.0006289060964588256,-0.0008285109237060606,0.00019960482724723505,,,,-0.14064340822524804,-0.18536977008348227,0.6504757630418172,-2.118441336392911,,,,,,,,106,2022-12-15 18:30:00,2022-12-15 18:30:00,2022-12-16 06:30:00,1272.05,1271.25,1.0,0.0001,9.960482724723505e-05,0.0,0.00019960482724723505,1.0,1.0,0.0,2.0,-0.18536977008348227,-0.14064340822524804,0.04472636185823424,0.6504757630418172,-2.118441336392911,2,10,5.688144294105211,atr_48,0.0,fractional_return,R,False
ETHUSD,2022-12-17 17:30:00,2022-12-17 17:30:00,2022-12-18 05:30:00,short,,,1174.35,1187.5500000000002,,,position_exit,24,-0.011263888363611696,-0.011461530145959964,0.0001976417823482679,,,,-2.165260402264938,-2.203787274286147,0.18043836685539286,-3.649776056848021,,,,,,,,107,2022-12-17 17:30:00,2022-12-17 17:30:00,2022-12-18 05:30:00,1174.35,1187.5500000000002,1.0,0.0001,9.76417823482679e-05,0.0,0.0001976417823482679,1.0,1.0,0.0,2.0,-2.203787274286147,-2.165260402264938,0.03852687202120875,0.18043836685539286,-3.649776056848021,1,22,6.096264442924561,atr_48,0.0,fractional_return,R,False
ETHUSD,2022-12-19 04:00:00,2022-12-19 04:00:00,2022-12-19 16:00:00,short,,,1183.3,1175.4499999999998,,,position_exit,24,0.006584215571171725,0.006383278527757108,0.00020093704341461738,,,,1.5776516441762407,1.5300889641621334,2.2408682589254223,-1.2359946002144582,,,,,,,,108,2022-12-19 04:00:00,2022-12-19 04:00:00,2022-12-19 16:00:00,1183.3,1175.4499999999998,1.0,0.0001,0.00010093704341461737,0.0,0.00020093704341461738,1.0,1.0,0.0,2.0,1.5300889641621334,1.5776516441762407,0.04756268001410734,2.2408682589254223,-1.2359946002144582,24,21,4.975749893189479,atr_48,0.0,fractional_return,R,False
ETHUSD,2022-12-25 21:30:00,2022-12-25 21:30:00,2022-12-26 09:30:00,long,,,1218.25,1219.1999999999998,,,position_exit,24,0.0007798071003495277,0.0005796365237025203,0.00020017057664700744,,,,0.29229791233441565,0.2173311898709483,1.6460987694625226,-0.7230527305115597,,,,,,,,109,2022-12-25 21:30:00,2022-12-25 21:30:00,2022-12-26 09:30:00,1218.25,1219.1999999999998,1.0,0.0001,0.00010017057664700743,0.0,0.00020017057664700744,1.0,1.0,0.0,2.0,0.2173311898709483,0.29229791233441565,0.07496672246346738,1.6460987694625226,-0.7230527305115597,9,4,3.2501087414984027,atr_48,0.0,fractional_return,R,False
ETHUSD,2022-12-29 08:00:00,2022-12-29 08:00:00,2022-12-29 21:00:00,long,,,1192.85,1195.3000000000002,,,position_exit,26,0.0020539045143981305,0.0018534199295798803,0.00020048458481825016,,,,0.645061738932024,0.5822485229903931,3.475434675062018,-0.7898715170595332,,,,,,,,110,2022-12-29 08:00:00,2022-12-29 08:00:00,2022-12-29 21:00:00,1192.85,1195.3000000000002,1.0,0.0001,0.00010048458481825015,0.0,0.00020048458481825016,1.0,1.0,0.0,2.0,0.5822485229903931,0.645061738932024,0.06281321594163095,3.475434675062018,-0.7898715170595332,14,1,3.798086062361314,atr_48,0.0,fractional_return,R,False
ETHUSD,2022-12-30 09:00:00,2022-12-30 09:00:00,2022-12-30 21:30:00,long,,,1194.1,1198.5,,,position_exit,25,0.003684783518968393,0.003483935180889741,0.00020084833807865188,,,,1.1771836848195838,1.1132893649085367,1.872792225849299,-3.304140569891239,,,,,,,,111,2022-12-30 09:00:00,2022-12-30 09:00:00,2022-12-30 21:30:00,1194.1,1198.5,1.0,0.0001,0.00010084833807865187,0.0,0.00020084833807865188,1.0,1.0,0.0,2.0,1.1132893649085367,1.1771836848195838,0.06389431991104709,1.872792225849299,-3.304140569891239,24,11,3.737734439187746,atr_48,0.0,fractional_return,R,False
ETHUSD,2023-01-04 01:00:00,2023-01-04 01:00:00,2023-01-04 13:00:00,long,,,1225.55,1252.2,,,position_exit,24,0.021745338827465543,0.021541106041369273,0.00020423278609627005,,,,9.14453283644856,9.060427153764062,12.112645745839876,-0.8921495450193375,,,,,,,,112,2023-01-04 01:00:00,2023-01-04 01:00:00,2023-01-04 13:00:00,1225.55,1252.2,1.0,0.0001,0.00010423278609627004,0.0,0.00020423278609627005,1.0,1.0,0.0,2.0,9.060427153764062,9.14453283644856,0.08410568268449903,12.112645745839876,-0.8921495450193375,14,1,2.9143096182866444,atr_48,0.0,fractional_return,R,False
ETHUSD,2023-01-05 07:00:00,2023-01-05 07:00:00,2023-01-05 19:00:00,long,,,1248.4499999999998,1252.4,,,position_exit,24,0.0031639232648488225,0.002963364584885664,0.00020055867996315868,,,,1.1115036712143704,1.0412425695269028,2.082310675186297,-1.7164993403562254,,,,,,,,113,2023-01-05 07:00:00,2023-01-05 07:00:00,2023-01-05 19:00:00,1248.4499999999998,1252.4,1.0,0.0001,0.00010055867996315868,0.0,0.00020055867996315868,1.0,1.0,0.0,2.0,1.0412425695269028,1.1115036712143704,0.07026110168746759,2.082310675186297,-1.7164993403562254,10,15,3.5537444475416895,atr_48,0.0,fractional_return,R,False
ETHUSD,2023-01-06 09:00:00,2023-01-06 09:00:00,2023-01-06 21:00:00,short,,,1248.15,1266.8,,,position_exit,24,-0.014984748492688937,-0.01518181566476573,0.00019706717207679247,,,,-5.999090393114875,-6.079388137609957,3.7635044289246555,-8.974510561281864,,,,,,,,114,2023-01-06 09:00:00,2023-01-06 09:00:00,2023-01-06 21:00:00,1248.15,1266.8,1.0,0.0001,9.706717207679247e-05,0.0,0.00019706717207679247,1.0,1.0,0.0,2.0,-6.079388137609957,-5.999090393114875,0.0802977444950819,3.7635044289246555,-8.974510561281864,9,22,3.108804631682892,atr_48,0.0,fractional_return,R,False
ETHUSD,2023-01-09 08:00:00,2023-01-09 08:00:00,2023-01-09 20:00:00,short,,,1309.35,1325.0,,,position_exit,24,-0.012008441195154207,-0.012205630269243706,0.00019718907408949882,,,,-4.1847595358243845,-4.2547827294120095,0.26739677545203583,-9.479215689774682,,,,,,,,115,2023-01-09 08:00:00,2023-01-09 08:00:00,2023-01-09 20:00:00,1309.35,1325.0,1.0,0.0001,9.718907408949881e-05,0.0,0.00019718907408949882,1.0,1.0,0.0,2.0,-4.2547827294120095,-4.1847595358243845,0.07002319358762461,0.26739677545203583,-9.479215689774682,1,20,3.7397608789765475,atr_48,0.0,fractional_return,R,False
ETHUSD,2023-01-10 10:00:00,2023-01-10 10:00:00,2023-01-10 22:00:00,short,,,1333.3,1338.8000000000002,,,position_exit,24,-0.0041695616774262145,-0.004368706653054444,0.0001991449756282293,,,,-1.1343869603148848,-1.1893861651944402,2.0522091372968525,-2.763779139676122,,,,,,,,116,2023-01-10 10:00:00,2023-01-10 10:00:00,2023-01-10 22:00:00,1333.3,1338.8000000000002,1.0,0.0001,9.91449756282293e-05,0.0,0.0001991449756282293,1.0,1.0,0.0,2.0,-1.1893861651944402,-1.1343869603148848,0.0549992048795554,2.0522091372968525,-2.763779139676122,7,20,4.848433728886948,atr_48,0.0,fractional_return,R,False
ETHUSD,2023-01-11 19:00:00,2023-01-11 19:00:00,2023-01-12 07:00:00,short,,,1340.75,1401.05,,,position_exit,24,-0.04387306906810873,-0.04406442175732095,0.00019135268921222082,,,,-13.14875042712431,-13.207222026245926,0.1962500063750097,-16.73576443253386,,,,,,,,117,2023-01-11 19:00:00,2023-01-11 19:00:00,2023-01-12 07:00:00,1340.75,1401.05,1.0,0.0001,9.135268921222081e-05,0.0,0.00019135268921222082,1.0,1.0,0.0,2.0,-13.207222026245926,-13.14875042712431,0.05847159912161504,0.1962500063750097,-16.73576443253386,4,11,4.585987112175178,atr_48,0.0,fractional_return,R,False
ETHUSD,2023-01-13 10:30:00,2023-01-13 10:30:00,2023-01-13 22:30:00,long,,,1416.65,1453.25,,,position_exit,24,0.025835598065859333,0.02562988007764777,0.00020571798821156229,,,,5.311236414246443,5.270120769075721,6.943788590756625,-2.1186899357376774,,,,,,,,118,2023-01-13 10:30:00,2023-01-13 10:30:00,2023-01-13 22:30:00,1416.65,1453.25,1.0,0.0001,0.00010571798821156228,0.0,0.00020571798821156229,1.0,1.0,0.0,2.0,5.270120769075721,5.311236414246443,0.041115645170722644,6.943788590756625,-2.1186899357376774,24,4,6.8910508110365685,atr_48,0.0,fractional_return,R,False
ETHUSD,2023-01-14 22:30:00,2023-01-14 22:30:00,2023-01-15 10:30:00,short,,,1551.35,1532.05,,,position_exit,24,0.01235369672444575,0.01215106706290725,0.00020262966153850037,,,,1.8374820894774837,1.8079424227468008,3.294138875436317,-0.2856189776389878,,,,,,,,119,2023-01-14 22:30:00,2023-01-14 22:30:00,2023-01-15 10:30:00,1551.35,1532.05,1.0,0.0001,0.00010262966153850037,0.0,0.00020262966153850037,1.0,1.0,0.0,2.0,1.8079424227468008,1.8374820894774837,0.029539666730682913,3.294138875436317,-0.2856189776389878,4,2,10.503503740538884,atr_48,0.0,fractional_return,R,False
ETHUSD,2023-01-15 22:30:00,2023-01-15 22:30:00,2023-01-16 10:30:00,short,,,1557.85,1547.25,,,position_exit,24,0.006272106887361462,0.006070946925448739,0.00020115996191272245,,,,1.1522749073982899,1.118405634483376,3.60901197411541,-2.896993045487245,,,,,,,,120,2023-01-15 22:30:00,2023-01-15 22:30:00,2023-01-16 10:30:00,1557.85,1547.25,1.0,0.0001,0.00010115996191272245,0.0,0.00020115996191272245,1.0,1.0,0.0,2.0,1.118405634483376,1.1522749073982899,0.03386927291491399,3.60901197411541,-2.896993045487245,19,7,9.199193640286365,atr_48,0.0,fractional_return,R,False
ETHUSD,2023-01-19 16:00:00,2023-01-19 16:00:00,2023-01-20 04:00:00,short,,,1536.85,1556.5500000000002,,,position_exit,24,-0.012861794740534727,-0.01305935241207501,0.0001975576715402827,,,,-2.144865586311042,-2.178330933278779,1.409949712828793,-2.961438779069042,,,,,,,,121,2023-01-19 16:00:00,2023-01-19 16:00:00,2023-01-20 04:00:00,1536.85,1556.5500000000002,1.0,0.0001,9.755767154028269e-05,0.0,0.0001975576715402827,1.0,1.0,0.0,2.0,-2.178330933278779,-2.144865586311042,0.03346534696773685,1.409949712828793,-2.961438779069042,3,8,9.184724733209196,atr_48,0.0,fractional_return,R,False
ETHUSD,2023-01-20 22:00:00,2023-01-20 22:00:00,2023-01-21 10:00:00,long,,,1652.0,1635.05,,,position_exit,24,-0.010260290556900808,-0.010459862820520804,0.00019957226361999592,,,,-1.8054491697638329,-1.8406421140523266,2.9025657743990743,-3.3286304752282962,,,,,,,,122,2023-01-20 22:00:00,2023-01-20 22:00:00,2023-01-21 10:00:00,1652.0,1635.05,1.0,0.0001,9.957226361999591e-05,0.0,0.00019957226361999592,1.0,1.0,0.0,2.0,-1.8406421140523266,-1.8054491697638329,0.03519294428849373,2.9025657743990743,-3.3286304752282962,24,24,9.388245475898522,atr_48,0.0,fractional_return,R,False
ETHUSD,2023-01-21 22:30:00,2023-01-21 22:30:00,2023-01-22 10:30:00,long,,,1628.0500000000002,1625.65,,,position_exit,24,-0.0014741561991337138,-0.0016737653987900503,0.0001996091996563365,,,,-0.23743960129042999,-0.26965322986383583,1.5730373585490256,-2.2606228706192524,,,,,,,,123,2023-01-21 22:30:00,2023-01-21 22:30:00,2023-01-22 10:30:00,1628.0500000000002,1625.65,1.0,0.0001,9.96091996563365e-05,0.0,0.0001996091996563365,1.0,1.0,0.0,2.0,-0.26965322986383583,-0.23743960129042999,0.03221362857340583,1.5730373585490256,-2.2606228706192524,1,8,10.107833684678711,atr_48,0.0,fractional_return,R,False
ETHUSD,2023-01-23 14:30:00,2023-01-23 14:30:00,2023-01-24 02:30:00,long,,,1599.4,1636.05,,,position_exit,24,0.02291484306614988,0.02271000462861017,0.00020483843753971165,,,,4.113973570763664,4.078066944138402,4.725737717030028,-0.26378820985796103,,,,,,,,124,2023-01-23 14:30:00,2023-01-23 14:30:00,2023-01-24 02:30:00,1599.4,1636.05,1.0,0.0001,0.00010483843753971164,0.0,0.00020483843753971165,1.0,1.0,0.0,2.0,4.078066944138402,4.113973570763664,0.03590662662526292,4.725737717030028,-0.26378820985796103,23,1,8.908661995413995,atr_48,0.0,fractional_return,R,False
ETHUSD,2023-01-25 14:30:00,2023-01-25 14:30:00,2023-01-26 02:30:00,short,,,1536.5500000000002,1614.5,,,position_exit,24,-0.04939116684485623,-0.04958105351804665,0.0001898866731904203,,,,-8.993641916339104,-9.029098440999915,1.1999214359195345,-11.918450416392933,,,,,,,,125,2023-01-25 14:30:00,2023-01-25 14:30:00,2023-01-26 02:30:00,1536.5500000000002,1614.5,1.0,0.0001,8.988667319042029e-05,0.0,0.0001898866731904203,1.0,1.0,0.0,2.0,-9.029098440999915,-8.993641916339104,0.03545652466081048,1.1999214359195345,-11.918450416392933,1,15,8.667234111065172,atr_48,0.0,fractional_return,R,False
ETHUSD,2023-01-26 15:00:00,2023-01-26 15:00:00,2023-01-27 03:00:00,short,,,1611.8000000000002,1568.9,,,position_exit,24,0.02682595729867665,0.02662076871247443,0.0002051885862022207,,,,4.23698825611638,4.205150597975548,5.678946963326139,-0.3012310997937943,,,,,,,,126,2023-01-26 15:00:00,2023-01-26 15:00:00,2023-01-27 03:00:00,1611.8000000000002,1568.9,1.0,0.0001,0.00010518858620222069,0.0,0.0002051885862022207,1.0,1.0,0.0,2.0,4.205150597975548,4.23698825611638,0.03183765814083155,5.678946963326139,-0.3012310997937943,21,1,10.12511657025979,atr_48,0.0,fractional_return,R,False
ETHUSD,2023-01-31 01:30:00,2023-01-31 01:30:00,2023-01-31 14:00:00,long,,,1570.35,1582.5500000000002,,,position_exit,25,0.007768968701245216,0.0075671193514190715,0.00020184934982614422,,,,1.2888445257284333,1.2556652306304399,2.0072168843311218,-0.9085297476446034,,,,,,,,127,2023-01-31 01:30:00,2023-01-31 01:30:00,2023-01-31 14:00:00,1570.35,1582.5500000000002,1.0,0.0001,0.00010184934982614422,0.0,0.00020184934982614422,1.0,1.0,0.0,2.0,1.2556652306304399,1.2888445257284333,0.033179295097993444,2.0072168843311218,-0.9085297476446034,25,9,9.46584305279571,atr_48,0.0,fractional_return,R,False
ETHUSD,2023-02-01 06:00:00,2023-02-01 06:00:00,2023-02-01 18:00:00,long,,,1579.15,1582.45,,,position_exit,24,0.0020897318177501845,0.0018900203998983844,0.00019971141785180002,,,,0.4170820509432728,0.37716477089799527,1.2322878777869593,-1.5735368285587672,,,,,,,,128,2023-02-01 06:00:00,2023-02-01 06:00:00,2023-02-01 18:00:00,1579.15,1582.45,1.0,0.0001,9.971141785180002e-05,0.0,0.00019971141785180002,1.0,1.0,0.0,2.0,0.37716477089799527,0.4170820509432728,0.039917280045277476,1.2322878777869593,-1.5735368285587672,17,6,7.912112239154561,atr_48,0.0,fractional_return,R,False
ETHUSD,2023-02-02 14:00:00,2023-02-02 14:00:00,2023-02-03 02:00:00,short,,,1683.9,1640.25,,,position_exit,24,0.025307598258568653,0.025102829811471272,0.00020476844709738096,,,,5.019532446195832,4.980804424724359,6.531716905931812,-3.380853468915409,,,,,,,,129,2023-02-02 14:00:00,2023-02-02 14:00:00,2023-02-03 02:00:00,1683.9,1640.25,1.0,0.0001,0.00010476844709738095,0.0,0.00020476844709738096,1.0,1.0,0.0,2.0,4.980804424724359,5.019532446195832,0.03872802147147374,6.531716905931812,-3.380853468915409,16,8,8.696029056069007,atr_48,0.0,fractional_return,R,False
ETHUSD,2023-02-03 14:00:00,2023-02-03 14:00:00,2023-02-04 02:00:00,short,,,1633.85,1652.4,,,position_exit,24,-0.011671565436666809,-0.011868921056265802,0.0001973556195989934,,,,-1.9395349313742807,-1.9737010677368234,0.11501285307339684,-4.333893418084295,,,,,,,,130,2023-02-03 14:00:00,2023-02-03 14:00:00,2023-02-04 02:00:00,1633.85,1652.4,1.0,0.0001,9.735561959899339e-05,0.0,0.0001973556195989934,1.0,1.0,0.0,2.0,-1.9737010677368234,-1.9395349313742807,0.034166136362542725,0.11501285307339684,-4.333893418084295,1,5,9.56414844606916,atr_48,0.0,fractional_return,R,False
ETHUSD,2023-02-07 17:30:00,2023-02-07 17:30:00,2023-02-08 05:30:00,long,,,1671.4,1676.05,,,position_exit,24,0.002782098839295921,0.002581612271449263,0.0002004865678466583,,,,0.6034483867414432,0.5600675852962957,3.3286991655738474,-5.8268457128369135,,,,,,,,131,2023-02-07 17:30:00,2023-02-07 17:30:00,2023-02-08 05:30:00,1671.4,1676.05,1.0,0.0001,0.0001004865678466583,0.0,0.0002004865678466583,1.0,1.0,0.0,2.0,0.5600675852962957,0.6034483867414432,0.04338080144514743,3.3286991655738474,-5.8268457128369135,15,2,7.705712869843545,atr_48,0.0,fractional_return,R,False
ETHUSD,2023-02-08 23:00:00,2023-02-08 23:00:00,2023-02-09 11:00:00,short,,,1648.5,1631.95,,,position_exit,24,0.009885067113576174,0.009683192842578903,0.00020187427099727095,,,,2.041238557219243,2.0005741250551834,4.736166803457362,-0.8695306240722704,,,,,,,,132,2023-02-08 23:00:00,2023-02-08 23:00:00,2023-02-09 11:00:00,1648.5,1631.95,1.0,0.0001,0.00010187427099727095,0.0,0.00020187427099727095,1.0,1.0,0.0,2.0,2.0005741250551834,2.041238557219243,0.04066443216405959,4.736166803457362,-0.8695306240722704,8,4,8.107822547966093,atr_48,0.0,fractional_return,R,False
ETHUSD,2023-02-10 12:00:00,2023-02-10 12:00:00,2023-02-11 00:00:00,short,,,1538.85,1513.8,,,position_exit,24,0.016143317722940864,0.015940048831933007,0.00020326889100785728,,,,2.855430550877027,2.8203480813902635,5.186510581433331,-1.0373021162866558,,,,,,,,133,2023-02-10 12:00:00,2023-02-10 12:00:00,2023-02-11 00:00:00,1538.85,1513.8,1.0,0.0001,0.00010326889100785727,0.0,0.00020326889100785728,1.0,1.0,0.0,2.0,2.8203480813902635,2.855430550877027,0.03508246948676343,5.186510581433331,-1.0373021162866558,19,6,8.772757576718513,atr_48,0.0,fractional_return,R,False
ETHUSD,2023-02-15 11:30:00,2023-02-15 11:30:00,2023-02-15 23:30:00,long,,,1572.3,1674.9,,,position_exit,24,0.06525472238122476,0.06504192374928408,0.0002127986319406805,,,,14.20769612248167,14.164150780155397,14.983164916691182,-0.5954492526965931,,,,,,,,134,2023-02-15 11:30:00,2023-02-15 11:30:00,2023-02-15 23:30:00,1572.3,1674.9,1.0,0.0001,0.00011279863194068049,0.0,0.0002127986319406805,1.0,1.0,0.0,2.0,14.164150780155397,14.20769612248167,0.04354534232627271,14.983164916691182,-0.5954492526965931,18,6,7.221438234285582,atr_48,0.0,fractional_return,R,False
ETHUSD,2023-02-16 14:30:00,2023-02-16 14:30:00,2023-02-17 02:30:00,short,,,1679.0500000000002,1658.1999999999998,,,position_exit,24,0.011226122532253857,0.011024090871792236,0.00020203166046162124,,,,2.353319723675985,2.3154171674933655,5.451575187220553,-7.020455003004474,,,,,,,,135,2023-02-16 14:30:00,2023-02-16 14:30:00,2023-02-17 02:30:00,1679.0500000000002,1658.1999999999998,1.0,0.0001,0.00010203166046162124,0.0,0.00020203166046162124,1.0,1.0,0.0,2.0,2.3154171674933655,2.353319723675985,0.03790255618261961,5.451575187220553,-7.020455003004474,19,3,8.859824608715632,atr_48,0.0,fractional_return,R,False
ETHUSD,2023-02-18 12:00:00,2023-02-18 12:00:00,2023-02-19 00:00:00,short,,,1696.5,1698.05,,,position_exit,24,-0.001004016513596384,-0.0012041671561735523,0.0002001506425771682,,,,-0.17386375065818177,-0.21192308652806746,1.7666800470106085,-1.8676331925540821,,,,,,,,136,2023-02-18 12:00:00,2023-02-18 12:00:00,2023-02-19 00:00:00,1696.5,1698.05,1.0,0.0001,0.00010015064257716819,0.0,0.0002001506425771682,1.0,1.0,0.0,2.0,-0.21192308652806746,-0.17386375065818177,0.03805933586988568,1.7666800470106085,-1.8676331925540821,16,12,8.915026819174477,atr_48,0.0,fractional_return,R,False
ETHUSD,2023-02-23 11:00:00,2023-02-23 11:00:00,2023-02-23 23:00:00,long,,,1640.0500000000002,1648.5,,,position_exit,24,0.005152281942624182,0.004951325553794073,0.00020095638883010913,,,,0.9789178012445778,0.940918413317212,3.5855036625467642,-1.268538452500429,,,,,,,,137,2023-02-23 11:00:00,2023-02-23 11:00:00,2023-02-23 23:00:00,1640.0500000000002,1648.5,1.0,0.0001,0.00010095638883010913,0.0,0.00020095638883010913,1.0,1.0,0.0,2.0,0.940918413317212,0.9789178012445778,0.0379993879273658,3.5855036625467642,-1.268538452500429,4,2,8.631981142090424,atr_48,0.0,fractional_return,R,False
ETHUSD,2023-02-24 15:00:00,2023-02-24 15:00:00,2023-02-25 03:00:00,long,,,1620.6,1600.7,,,position_exit,24,-0.012279402690361652,-0.012476801194002407,0.0001973985036407555,,,,-2.3881259725979844,-2.4270224243687615,0.2820148761610868,-5.3462820140322025,,,,,,,,138,2023-02-24 15:00:00,2023-02-24 15:00:00,2023-02-25 03:00:00,1620.6,1600.7,1.0,0.0001,9.73985036407555e-05,0.0,0.0001973985036407555,1.0,1.0,0.0,2.0,-2.4270224243687615,-2.3881259725979844,0.03889645177077709,0.2820148761610868,-5.3462820140322025,10,2,8.33289375365368,atr_48,0.0,fractional_return,R,False
ETHUSD,2023-03-03 13:00:00,2023-03-03 13:00:00,2023-03-04 01:00:00,long,,,1569.95,1571.9,,,position_exit,24,0.0012420777731778632,0.0010416610382495417,0.00020041673492832146,,,,0.2577818515685824,0.2162736856331889,1.4012757059625058,-2.97440597963742,,,,,,,,139,2023-03-03 13:00:00,2023-03-03 13:00:00,2023-03-04 01:00:00,1569.95,1571.9,1.0,0.0001,0.00010041673492832146,0.0,0.00020041673492832146,1.0,1.0,0.0,2.0,0.2162736856331889,0.2577818515685824,0.0415081659353935,1.4012757059625058,-2.97440597963742,2,16,7.564535626284193,atr_48,0.0,fractional_return,R,False
ETHUSD,2023-03-06 01:30:00,2023-03-06 01:30:00,2023-03-06 13:30:00,long,,,1562.15,1570.45,,,position_exit,24,0.00531319015459486,0.005112355196683849,0.00020083495791101136,,,,1.5983339426551146,1.538169186787194,1.7716472617381742,-1.3094784108500157,,,,,,,,140,2023-03-06 01:30:00,2023-03-06 01:30:00,2023-03-06 13:30:00,1562.15,1570.45,1.0,0.0001,0.00010083495791101135,0.0,0.00020083495791101136,1.0,1.0,0.0,2.0,1.538169186787194,1.5983339426551146,0.06016475586792052,1.7716472617381742,-1.3094784108500157,24,7,5.192907300843646,atr_48,0.0,fractional_return,R,False
ETHUSD,2023-03-08 15:00:00,2023-03-08 15:00:00,2023-03-09 03:00:00,short,,,1557.95,1541.25,,,position_exit,24,0.010646999421940695,0.010444988082350948,0.00020201133958974715,,,,3.0916326644890284,3.033948723056206,5.766727993942111,-1.3884577834531526,,,,,,,,141,2023-03-08 15:00:00,2023-03-08 15:00:00,2023-03-09 03:00:00,1557.95,1541.25,1.0,0.0001,0.00010201133958974715,0.0,0.00020201133958974715,1.0,1.0,0.0,2.0,3.033948723056206,3.0916326644890284,0.057683941432822385,5.766727993942111,-1.3884577834531526,16,1,5.401676658362047,atr_48,0.0,fractional_return,R,False
ETHUSD,2023-03-09 15:00:00,2023-03-09 15:00:00,2023-03-10 03:00:00,short,,,1537.85,1427.6,,,position_exit,24,0.07450802855580752,0.0742929564637036,0.00021507209210391842,,,,20.00778210813063,19.951965386652194,23.047513176712837,-0.2631408984742887,,,,,,,,142,2023-03-09 15:00:00,2023-03-09 15:00:00,2023-03-10 03:00:00,1537.85,1427.6,1.0,0.0001,0.00011507209210391842,0.0,0.00021507209210391842,1.0,1.0,0.0,2.0,19.951965386652194,20.00778210813063,0.05581672147843754,23.047513176712837,-0.2631408984742887,11,1,5.510355890731003,atr_48,0.0,fractional_return,R,False
ETHUSD,2023-03-12 04:00:00,2023-03-12 04:00:00,2023-03-12 16:00:00,long,,,1468.85,1476.3,,,position_exit,24,0.00507199509820655,0.004871211989311952,0.00020078310889459772,,,,0.5673763617561608,0.5450034552067505,1.5612369685907685,-0.9062790207917041,,,,,,,,143,2023-03-12 04:00:00,2023-03-12 04:00:00,2023-03-12 16:00:00,1468.85,1476.3,1.0,0.0001,0.00010078310889459771,0.0,0.00020078310889459772,1.0,1.0,0.0,2.0,0.5450034552067505,0.5673763617561608,0.022372906549410248,1.5612369685907685,-0.9062790207917041,2,16,13.13061400186038,atr_48,0.0,fractional_return,R,False
ETHUSD,2023-03-13 13:00:00,2023-03-13 13:00:00,2023-03-14 01:00:00,long,,,1596.85,1680.0,,,position_exit,24,0.05207126530356643,0.051861296759558195,0.00020996854400823217,,,,5.423644758768184,5.402813136078974,6.72818949930172,-0.867522252454784,,,,,,,,144,2023-03-13 13:00:00,2023-03-13 13:00:00,2023-03-14 01:00:00,1596.85,1680.0,1.0,0.0001,0.00010996854400823217,0.0,0.00020996854400823217,1.0,1.0,0.0,2.0,5.402813136078974,5.423644758768184,0.020831622689209777,6.72818949930172,-0.867522252454784,5,1,15.331018844030096,atr_48,0.0,fractional_return,R,False
ETHUSD,2023-03-14 14:00:00,2023-03-14 14:00:00,2023-03-15 02:00:00,short,,,1747.4,1711.75,,,position_exit,24,0.019397061163205942,0.01919335813275258,0.00020370303045336158,,,,2.2711822083027684,2.2489176148060603,5.029728901697159,-2.252069875554066,,,,,,,,145,2023-03-14 14:00:00,2023-03-14 14:00:00,2023-03-15 02:00:00,1747.4,1711.75,1.0,0.0001,0.00010370303045336157,0.0,0.00020370303045336158,1.0,1.0,0.0,2.0,2.2489176148060603,2.2711822083027684,0.02226459349670826,5.029728901697159,-2.252069875554066,14,1,15.696671041924452,atr_48,0.0,fractional_return,R,False
ETHUSD,2023-03-15 14:00:00,2023-03-15 14:00:00,2023-03-16 02:00:00,long,,,1665.75,1657.85,,,position_exit,24,-0.0047426084346389175,-0.004941226769923257,0.0001986183352843396,,,,-0.4786371999548433,-0.4988217547858501,0.3059642860470771,-3.089936354138826,,,,,,,,146,2023-03-15 14:00:00,2023-03-15 14:00:00,2023-03-16 02:00:00,1665.75,1657.85,1.0,0.0001,9.861833528433958e-05,0.0,0.0001986183352843396,1.0,1.0,0.0,2.0,-0.4988217547858501,-0.4786371999548433,0.02018455483100686,0.3059642860470771,-3.089936354138826,16,6,16.505194332461855,atr_48,0.0,fractional_return,R,False
ETHUSD,2023-03-23 16:00:00,2023-03-23 16:00:00,2023-03-24 04:00:00,long,,,1830.25,1814.45,,,position_exit,24,-0.008632700450757813,-0.00883101043409329,0.00019830998333547623,,,,-1.286320994576255,-1.3161221211626246,0.42334615011370913,-2.7069729790924435,,,,,,,,147,2023-03-23 16:00:00,2023-03-23 16:00:00,2023-03-24 04:00:00,1830.25,1814.45,1.0,0.0001,9.830998333547622e-05,0.0,0.00019830998333547623,1.0,1.0,0.0,2.0,-1.3161221211626246,-1.286320994576255,0.029801126586369596,0.42334615011370913,-2.7069729790924435,2,6,12.283092685745094,atr_48,0.0,fractional_return,R,False
ETHUSD,2023-03-24 17:30:00,2023-03-24 17:30:00,2023-03-25 08:00:00,long,,,1738.7,1745.45,,,position_exit,24,0.0038822108471843197,0.003681211534479978,0.0002009993127043419,,,,0.5192936472952397,0.4925411772344328,2.307971765756621,-0.11924520789742192,,,,,,,,148,2023-03-24 17:30:00,2023-03-24 17:30:00,2023-03-25 08:00:00,1738.7,1745.45,1.0,0.0001,0.0001009993127043419,0.0,0.0002009993127043419,1.0,1.0,0.0,2.0,0.4925411772344328,0.5192936472952397,0.02675247006080692,2.307971765756621,-0.11924520789742192,4,7,12.99842591019094,atr_48,0.0,fractional_return,R,False
ETHUSD,2023-03-29 10:30:00,2023-03-29 10:30:00,2023-03-29 22:30:00,short,,,1811.35,1790.3000000000002,,,position_exit,24,0.011570741721042666,0.011368567298971621,0.0002021744220710442,,,,2.281595470180502,2.242329266333362,2.9969650712822755,-0.5365272008263057,,,,,,,,149,2023-03-29 10:30:00,2023-03-29 10:30:00,2023-03-29 22:30:00,1811.35,1790.3000000000002,1.0,0.0001,0.00010217442207104419,0.0,0.0002021744220710442,1.0,1.0,0.0,2.0,2.242329266333362,2.281595470180502,0.03926620384714019,2.9969650712822755,-0.5365272008263057,23,7,9.226000084201788,atr_48,0.0,fractional_return,R,False
ETHUSD,2023-03-31 15:00:00,2023-03-31 15:00:00,2023-04-01 03:00:00,long,,,1828.25,1826.9,,,position_exit,24,-0.0007384110488170004,-0.0009384174489266428,0.00020000640010964243,,,,-0.1490858213479368,-0.18946599214488255,1.6012921552186883,-1.4466846367837705,,,,,,,,150,2023-03-31 15:00:00,2023-03-31 15:00:00,2023-04-01 03:00:00,1828.25,1826.9,1.0,0.0001,0.00010000640010964243,0.0,0.00020000640010964243,1.0,1.0,0.0,2.0,-0.18946599214488255,-0.1490858213479368,0.04038017079694575,1.6012921552186883,-1.4466846367837705,22,11,9.05518705799176,atr_48,0.0,fractional_return,R,False
ETHUSD,2023-04-04 23:00:00,2023-04-04 23:00:00,2023-04-05 11:00:00,short,,,1864.4,1915.85,,,position_exit,24,-0.027261334753298394,-0.02745596686175511,0.00019463210845671597,,,,-5.615855653039321,-5.656556143921835,0.021830342674599094,-6.554560388046883,,,,,,,,151,2023-04-04 23:00:00,2023-04-04 23:00:00,2023-04-05 11:00:00,1864.4,1915.85,1.0,0.0001,9.463210845671596e-05,0.0,0.00019463210845671597,1.0,1.0,0.0,2.0,-5.656556143921835,-5.615855653039321,0.040700490882513304,0.021830342674599094,-6.554560388046883,1,7,9.161560264134442,atr_48,0.0,fractional_return,R,False
ETHUSD,2023-04-06 05:30:00,2023-04-06 05:30:00,2023-04-06 17:30:00,long,,,1888.3,1875.7,,,position_exit,24,-0.006672668537838655,-0.006871596775671951,0.00019892823783329572,,,,-1.4285272286456372,-1.4713444979448687,0.6065571962900325,-3.6903620073345844,,,,,,,,152,2023-04-06 05:30:00,2023-04-06 05:30:00,2023-04-06 17:30:00,1888.3,1875.7,1.0,0.0001,9.892823783329571e-05,0.0,0.00019892823783329572,1.0,1.0,0.0,2.0,-1.4713444979448687,-1.4285272286456372,0.04281726929923137,0.6065571962900325,-3.6903620073345844,3,10,8.820272898785246,atr_48,0.0,fractional_return,R,False
ETHUSD,2023-04-11 06:00:00,2023-04-11 06:00:00,2023-04-11 18:00:00,short,,,1921.95,1907.65,,,position_exit,24,0.00743357569643166,0.007232099055628272,0.00020147664080338856,,,,1.8958635983289196,1.844901989338594,3.732067153353806,-0.782209456653175,,,,,,,,153,2023-04-11 06:00:00,2023-04-11 06:00:00,2023-04-11 18:00:00,1921.95,1907.65,1.0,0.0001,0.00010147664080338856,0.0,0.00020147664080338856,1.0,1.0,0.0,2.0,1.844901989338594,1.8958635983289196,0.05096160899032558,3.732067153353806,-0.782209456653175,22,3,7.542736730957055,atr_48,0.0,fractional_return,R,False
ETHUSD,2023-04-14 12:00:00,2023-04-14 12:00:00,2023-04-15 00:00:00,long,,,2117.3500000000004,2104.45,,,position_exit,24,-0.006092521312017762,-0.00629117480836916,0.0001986534963513975,,,,-1.2181617318414992,-1.2581504875455998,0.3446736683116931,-6.869865580733789,,,,,,,,154,2023-04-14 12:00:00,2023-04-14 12:00:00,2023-04-15 00:00:00,2117.3500000000004,2104.45,1.0,0.0001,9.86534963513975e-05,0.0,0.0001986534963513975,1.0,1.0,0.0,2.0,-1.2581504875455998,-1.2181617318414992,0.03998875570410062,0.3446736683116931,-6.869865580733789,1,9,10.589726850555033,atr_48,0.0,fractional_return,R,False
ETHUSD,2023-04-15 13:30:00,2023-04-15 13:30:00,2023-04-16 01:30:00,long,,,2098.3,2090.8500000000004,,,position_exit,24,-0.0035504932564460745,-0.0037495301637043843,0.0001990369072583098,,,,-0.7387882668542131,-0.7804043586754273,1.2147860763710512,-2.2956977688155056,,,,,,,,155,2023-04-15 13:30:00,2023-04-15 13:30:00,2023-04-16 01:30:00,2098.3,2090.8500000000004,1.0,0.0001,9.90369072583098e-05,0.0,0.0001990369072583098,1.0,1.0,0.0,2.0,-0.7804043586754273,-0.7387882668542131,0.04161609182121431,1.2147860763710512,-2.2956977688155056,6,23,10.08408001892367,atr_48,0.0,fractional_return,R,False
ETHUSD,2023-04-21 05:30:00,2023-04-21 05:30:00,2023-04-21 17:30:00,long,,,1928.1,1881.4,,,position_exit,24,-0.02422073543903358,-0.024415925614594935,0.00019519017556135498,,,,-4.2152933245783935,-4.250100635324088,0.528039956076751,-4.941912409436144,,,,,,,,156,2023-04-21 05:30:00,2023-04-21 05:30:00,2023-04-21 17:30:00,1928.1,1881.4,1.0,0.0001,9.519017556135498e-05,0.0,0.00019519017556135498,1.0,1.0,0.0,2.0,-4.250100635324088,-4.2152933245783935,0.034807310745694355,0.528039956076751,-4.941912409436144,5,24,11.078707080169961,atr_48,0.0,fractional_return,R,False
ETHUSD,2023-04-22 06:00:00,2023-04-22 06:00:00,2023-04-22 18:00:00,short,,,1855.2,1876.55,,,position_exit,24,-0.011507418916621215,-0.011704811739209786,0.00019739282258857127,,,,-1.9983100084671175,-2.0330384836681312,1.0950926041716846,-3.018524485857837,,,,,,,,157,2023-04-22 06:00:00,2023-04-22 06:00:00,2023-04-22 18:00:00,1855.2,1876.55,1.0,0.0001,9.739282258857127e-05,0.0,0.00019739282258857127,1.0,1.0,0.0,2.0,-2.0330384836681312,-1.9983100084671175,0.0347284752010137,1.0950926041716846,-3.018524485857837,8,22,10.684027958393337,atr_48,0.0,fractional_return,R,False
ETHUSD,2023-04-27 20:00:00,2023-04-27 20:00:00,2023-04-28 08:00:00,long,,,1916.7,1915.25,,,position_exit,24,-0.0007565085824594586,-0.0009565872601349223,0.00020007867767546372,,,,-0.10016395944115056,-0.1266445471736812,0.6320691233699898,-1.4817358138018044,,,,,,,,158,2023-04-27 20:00:00,2023-04-27 20:00:00,2023-04-28 08:00:00,1916.7,1915.25,1.0,0.0001,0.00010007867767546372,0.0,0.00020007867767546372,1.0,1.0,0.0,2.0,-0.1266445471736812,-0.10016395944115056,0.026480587732530654,0.6320691233699898,-1.4817358138018044,2,5,14.47626479713959,atr_48,0.0,fractional_return,R,False
ETHUSD,2023-05-01 15:00:00,2023-05-01 15:00:00,2023-05-02 03:00:00,long,,,1829.75,1825.2,,,position_exit,24,-0.0024866785079921128,-0.0026863788550346435,0.0001997003470425307,,,,-0.5769401505322219,-0.623342622639314,1.5342804003164623,-2.948100769203142,,,,,,,,159,2023-05-01 15:00:00,2023-05-01 15:00:00,2023-05-02 03:00:00,1829.75,1825.2,1.0,0.0001,9.97003470425307e-05,0.0,0.0001997003470425307,1.0,1.0,0.0,2.0,-0.623342622639314,-0.5769401505322219,0.04640247210709203,1.5342804003164623,-2.948100769203142,4,12,7.8864332735425355,atr_48,0.0,fractional_return,R,False
ETHUSD,2023-05-02 19:00:00,2023-05-02 19:00:00,2023-05-03 07:00:00,long,,,1876.55,1868.2,,,position_exit,24,-0.004449654951906301,-0.004648691124670035,0.00019903617276373353,,,,-0.97895333789338,-1.022954652533472,0.1641358889881241,-2.426866358609968,,,,,,,,160,2023-05-02 19:00:00,2023-05-02 19:00:00,2023-05-03 07:00:00,1876.55,1868.2,1.0,0.0001,9.903617276373353e-05,0.0,0.00019903617276373353,1.0,1.0,0.0,2.0,-1.022954652533472,-0.97895333789338,0.044001314640092035,0.1641358889881241,-2.426866358609968,1,14,8.529517880768823,atr_48,0.0,fractional_return,R,False
ETHUSD,2023-05-03 19:00:00,2023-05-03 19:00:00,2023-05-04 07:00:00,short,,,1879.8,1899.7,,,position_exit,24,-0.010699815533324664,-0.010897587693199595,0.00019777215987493157,,,,-2.3860340952785672,-2.4311121544977095,2.5479007298828806,-4.388384315939472,,,,,,,,161,2023-05-03 19:00:00,2023-05-03 19:00:00,2023-05-04 07:00:00,1879.8,1899.7,1.0,0.0001,9.777215987493157e-05,0.0,0.00019777215987493157,1.0,1.0,0.0,2.0,-2.4311121544977095,-2.3860340952785672,0.04507805921914202,2.5479007298828806,-4.388384315939472,3,6,8.340199345590987,atr_48,0.0,fractional_return,R,False
ETHUSD,2023-05-05 23:00:00,2023-05-05 23:00:00,2023-05-06 11:00:00,short,,,1997.2,1931.95,,,position_exit,24,0.033503896625822094,0.03329712850440014,0.0002067681214219519,,,,7.377202928769678,7.332042010181666,8.230810317462563,-2.5325570207576975,,,,,,,,162,2023-05-05 23:00:00,2023-05-05 23:00:00,2023-05-06 11:00:00,1997.2,1931.95,1.0,0.0001,0.00010676812142195188,0.0,0.0002067681214219519,1.0,1.0,0.0,2.0,7.332042010181666,7.377202928769678,0.04516091858801165,8.230810317462563,-2.5325570207576975,22,3,8.844815661168477,atr_48,0.0,fractional_return,R,False
ETHUSD,2023-05-07 23:30:00,2023-05-07 23:30:00,2023-05-08 11:30:00,long,,,1873.4,1864.8,,,position_exit,24,-0.0045905839649835745,-0.004789442399914634,0.0001988584349310596,,,,-0.9364946743746756,-0.9772953516531289,1.4210762209987535,-3.8929865824295486,,,,,,,,163,2023-05-07 23:30:00,2023-05-07 23:30:00,2023-05-08 11:30:00,1873.4,1864.8,1.0,0.0001,9.885843493105959e-05,0.0,0.0001988584349310596,1.0,1.0,0.0,2.0,-0.9772953516531289,-0.9364946743746756,0.04080067727845324,1.4210762209987535,-3.8929865824295486,1,18,9.183180892878653,atr_48,0.0,fractional_return,R,False
ETHUSD,2023-05-09 07:30:00,2023-05-09 07:30:00,2023-05-09 19:30:00,short,,,1849.55,1853.15,,,position_exit,24,-0.0020724668119125322,-0.0022722315111779468,0.00019976469926541451,,,,-0.3865225623486747,-0.4262388293037838,1.4709330844935167,-0.9663064058716502,,,,,,,,164,2023-05-09 07:30:00,2023-05-09 07:30:00,2023-05-09 19:30:00,1849.55,1853.15,1.0,0.0001,9.976469926541451e-05,0.0,0.00019976469926541451,1.0,1.0,0.0,2.0,-0.4262388293037838,-0.3865225623486747,0.039716266955109124,1.4709330844935167,-0.9663064058716502,7,19,9.313815933861694,atr_48,0.0,fractional_return,R,False
ETHUSD,2023-05-12 12:30:00,2023-05-12 12:30:00,2023-05-13 00:30:00,long,,,1773.05,1809.15,,,position_exit,24,0.020360395927920605,0.020156630122670105,0.0002037658052504998,,,,3.933315505628778,3.894678580103819,4.821307787370436,-3.116144694210035,,,,,,,,165,2023-05-12 12:30:00,2023-05-12 12:30:00,2023-05-13 00:30:00,1773.05,1809.15,1.0,0.0001,0.0001037658052504998,0.0,0.0002037658052504998,1.0,1.0,0.0,2.0,3.894678580103819,3.933315505628778,0.038636925524958884,4.821307787370436,-3.116144694210035,19,13,9.178007700714364,atr_48,0.0,fractional_return,R,False
ETHUSD,2023-05-13 19:30:00,2023-05-13 19:30:00,2023-05-14 07:30:00,long,,,1793.85,1806.3,,,position_exit,24,0.006940379630403948,0.0067389765406804525,0.0002014030897234953,,,,1.5538597381567212,1.5090823680154775,2.084293785318652,-0.3432220305165436,,,,,,,,166,2023-05-13 19:30:00,2023-05-13 19:30:00,2023-05-14 07:30:00,1793.85,1806.3,1.0,0.0001,0.0001014030897234953,0.0,0.0002014030897234953,1.0,1.0,0.0,2.0,1.5090823680154775,1.5538597381567212,0.04477737014124376,2.084293785318652,-0.3432220305165436,22,10,8.012306191013714,atr_48,0.0,fractional_return,R,False
ETHUSD,2023-05-23 04:00:00,2023-05-23 04:00:00,2023-05-23 16:00:00,long,,,1862.75,1854.05,,,position_exit,24,-0.0046705140249626576,-0.004869714901355349,0.00019920087639269113,,,,-1.5219409735245129,-1.5871132849827374,0.11370823365414558,-3.5162084560738402,,,,,,,,167,2023-05-23 04:00:00,2023-05-23 04:00:00,2023-05-23 16:00:00,1862.75,1854.05,1.0,0.0001,9.920087639269112e-05,0.0,0.00019920087639269113,1.0,1.0,0.0,2.0,-1.5871132849827374,-1.5219409735245129,0.06517231145822462,0.11370823365414558,-3.5162084560738402,1,19,5.716384637344098,atr_48,0.0,fractional_return,R,False
ETHUSD,2023-05-26 14:00:00,2023-05-26 14:00:00,2023-05-27 02:00:00,short,,,1833.45,1828.35,,,position_exit,24,0.0027371730079452927,0.002536766868126872,0.00020040613981842093,,,,0.9005368380699021,0.8357882394126779,1.8010736761397643,-0.847564082889289,,,,,,,,168,2023-05-26 14:00:00,2023-05-26 14:00:00,2023-05-27 02:00:00,1833.45,1828.35,1.0,0.0001,0.00010040613981842092,0.0,0.00020040613981842093,1.0,1.0,0.0,2.0,0.8357882394126779,0.9005368380699021,0.06474859865722424,1.8010736761397643,-0.847564082889289,7,12,5.6632885900934795,atr_48,0.0,fractional_return,R,False
ETHUSD,2023-05-28 22:00:00,2023-05-28 22:00:00,2023-05-29 10:00:00,long,,,1905.55,1903.35,,,position_exit,24,-0.0011545223163912377,-0.0013543706276402112,0.0001998483112489735,,,,-0.37511961012157896,-0.4401022622185935,3.725619764161992,-2.037581518614906,,,,,,,,169,2023-05-28 22:00:00,2023-05-28 22:00:00,2023-05-29 10:00:00,1905.55,1903.35,1.0,0.0001,9.98483112489735e-05,0.0,0.0001998483112489735,1.0,1.0,0.0,2.0,-0.4401022622185935,-0.37511961012157896,0.06498265209701455,3.725619764161992,-2.037581518614906,4,13,5.864796029423814,atr_48,0.0,fractional_return,R,False
ETHUSD,2023-05-29 22:30:00,2023-05-29 22:30:00,2023-05-30 10:30:00,long,,,1892.85,1908.45,,,position_exit,24,0.008241540534114744,0.008039817788255466,0.00020172274585927852,,,,2.5667865022951206,2.504497504463463,4.03939798918879,-1.694737241899961,,,,,,,,170,2023-05-29 22:30:00,2023-05-29 22:30:00,2023-05-30 10:30:00,1892.85,1908.45,1.0,0.0001,0.00010172274585927851,0.0,0.00020172274585927852,1.0,1.0,0.0,2.0,2.504497504463463,2.5667865022951206,0.062288997831657394,4.03939798918879,-1.694737241899961,24,4,6.077638317815379,atr_48,0.0,fractional_return,R,False
ETHUSD,2023-06-06 09:30:00,2023-06-06 09:30:00,2023-06-06 21:30:00,long,,,1817.65,1880.15,,,position_exit,24,0.03438505762935651,0.034178322987098886,0.00020673464225762217,,,,10.647470488218211,10.585539689072899,13.637280201309876,-3.2879388867618142,,,,,,,,171,2023-06-06 09:30:00,2023-06-06 09:30:00,2023-06-06 21:30:00,1817.65,1880.15,1.0,0.0001,0.00010673464225762217,0.0,0.00020673464225762217,1.0,1.0,0.0,2.0,10.585539689072899,10.647470488218211,0.06193079914531146,13.637280201309876,-3.2879388867618142,20,5,5.86993878679057,atr_48,0.0,fractional_return,R,False
ETHUSD,2023-06-07 10:00:00,2023-06-07 10:00:00,2023-06-07 22:00:00,short,,,1857.15,1828.15,,,position_exit,24,0.015554415478422845,0.015350996155505392,0.00020341932291745302,,,,3.9821092975728947,3.9311067163178084,4.840322508256708,-2.7394165685027074,,,,,,,,172,2023-06-07 10:00:00,2023-06-07 10:00:00,2023-06-07 22:00:00,1857.15,1828.15,1.0,0.0001,0.00010341932291745301,0.0,0.00020341932291745302,1.0,1.0,0.0,2.0,3.9311067163178084,3.9821092975728947,0.05100258125508622,4.840322508256708,-2.7394165685027074,23,3,7.282572584754409,atr_48,0.0,fractional_return,R,False
ETHUSD,2023-06-11 04:30:00,2023-06-11 04:30:00,2023-06-11 16:30:00,long,,,1754.75,1752.95,,,position_exit,24,-0.001025787149166013,-0.0012253098826041642,0.00019952273343815108,,,,-0.22297483589439057,-0.2664487351483563,0.6689245076831999,-1.802379923479725,,,,,,,,173,2023-06-11 04:30:00,2023-06-11 04:30:00,2023-06-11 16:30:00,1754.75,1752.95,1.0,0.0001,9.952273343815107e-05,0.0,0.00019952273343815108,1.0,1.0,0.0,2.0,-0.2664487351483563,-0.22297483589439057,0.043473899253965755,0.6689245076831999,-1.802379923479725,2,18,8.072659826297635,atr_48,0.0,fractional_return,R,False
ETHUSD,2023-06-12 17:00:00,2023-06-12 17:00:00,2023-06-13 05:00:00,long,,,1727.85,1747.0500000000002,,,position_exit,24,0.011112075701015245,0.010909863396995956,0.00020221230401928914,,,,2.5433477106157594,2.497571425805474,3.6163225260317557,-0.2384388478701879,,,,,,,,174,2023-06-12 17:00:00,2023-06-12 17:00:00,2023-06-13 05:00:00,1727.85,1747.0500000000002,1.0,0.0001,0.00010221230401928913,0.0,0.00020221230401928914,1.0,1.0,0.0,2.0,2.497571425805474,2.5433477106157594,0.04577628481028518,3.6163225260317557,-0.2384388478701879,19,1,7.549105425050922,atr_48,0.0,fractional_return,R,False
ETHUSD,2023-06-16 16:30:00,2023-06-16 16:30:00,2023-06-17 04:30:00,short,,,1684.35,1725.8000000000002,,,position_exit,24,-0.024267695785814558,-0.024463156866257108,0.0001954610804425494,,,,-5.906529863603029,-5.954533065416103,0.1781221309892337,-6.163025732227487,,,,,,,,175,2023-06-16 16:30:00,2023-06-16 16:30:00,2023-06-17 04:30:00,1684.35,1725.8000000000002,1.0,0.0001,9.546108044254939e-05,0.0,0.0001954610804425494,1.0,1.0,0.0,2.0,-5.954533065416103,-5.906529863603029,0.04800320181307453,0.1781221309892337,-6.163025732227487,1,9,7.017656891133613,atr_48,0.0,fractional_return,R,False
ETHUSD,2023-06-21 10:00:00,2023-06-21 10:00:00,2023-06-21 22:00:00,short,,,1817.05,1880.25,,,position_exit,24,-0.0346721788287182,-0.034865477227690844,0.00019329839897264112,,,,-8.664676788531779,-8.714500051059,1.0899395643801897,-11.214724071232572,,,,,,,,176,2023-06-21 10:00:00,2023-06-21 10:00:00,2023-06-21 22:00:00,1817.05,1880.25,1.0,0.0001,9.329839897264111e-05,0.0,0.00019329839897264112,1.0,1.0,0.0,2.0,-8.714500051059,-8.664676788531779,0.049823262527220434,1.0899395643801897,-11.214724071232572,1,13,7.293982400318619,atr_48,0.0,fractional_return,R,False
ETHUSD,2023-06-22 22:30:00,2023-06-22 22:30:00,2023-06-23 10:30:00,long,,,1870.95,1879.15,,,position_exit,24,0.0043828001817256546,0.004182045896736986,0.00020075428498866899,,,,0.8447407329844512,0.8061927409264694,1.84915806793547,-0.6696115566340125,,,,,,,,177,2023-06-22 22:30:00,2023-06-22 22:30:00,2023-06-23 10:30:00,1870.95,1879.15,1.0,0.0001,0.00010075428498866898,0.0,0.00020075428498866899,1.0,1.0,0.0,2.0,0.8061927409264694,0.8447407329844512,0.03854799205798171,1.84915806793547,-0.6696115566340125,22,7,9.707120397793082,atr_48,0.0,fractional_return,R,False
ETHUSD,2023-06-27 07:00:00,2023-06-27 07:00:00,2023-06-27 19:00:00,long,,,1873.05,1895.85,,,position_exit,24,0.012172659565948374,0.011970128388723689,0.00020253117722468517,,,,2.871513161297003,2.824333444395535,4.949581896446154,-0.8941992739126535,,,,,,,,178,2023-06-27 07:00:00,2023-06-27 07:00:00,2023-06-27 19:00:00,1873.05,1895.85,1.0,0.0001,0.00010253117722468516,0.0,0.00020253117722468517,1.0,1.0,0.0,2.0,2.824333444395535,2.871513161297003,0.04717971690146809,4.949581896446154,-0.8941992739126535,20,17,7.940064599843821,atr_48,0.0,fractional_return,R,False
ETHUSD,2023-06-28 13:30:00,2023-06-28 13:30:00,2023-06-29 01:30:00,long,,,1857.15,1835.65,,,position_exit,24,-0.011576878550467518,-0.011774725580324774,0.00019784702985725655,,,,-2.7538972447846284,-2.801473061232552,1.4025662711809852,-5.001845925992569,,,,,,,,179,2023-06-28 13:30:00,2023-06-28 13:30:00,2023-06-29 01:30:00,1857.15,1835.65,1.0,0.0001,9.784702985725655e-05,0.0,0.00019784702985725655,1.0,1.0,0.0,2.0,-2.801473061232552,-2.7538972447846284,0.04757581644792347,1.4025662711809852,-5.001845925992569,2,12,7.807117727691917,atr_48,0.0,fractional_return,R,False
ETHUSD,2023-06-30 04:30:00,2023-06-30 04:30:00,2023-06-30 16:30:00,short,,,1886.7,1898.0,,,position_exit,24,-0.007254916969009373,-0.007455351000660637,0.00020043403165126428,,,,-1.4183369716838388,-1.4656993852143858,7.625130179627748,-3.219499409176143,,,,,,,,180,2023-06-30 04:30:00,2023-06-30 04:30:00,2023-06-30 16:30:00,1886.7,1898.0,1.0,0.0001,0.00010043403165126427,0.0,0.00020043403165126428,1.0,1.0,0.0,2.0,-1.4656993852143858,-1.4183369716838388,0.04736241353054707,7.625130179627748,-3.219499409176143,18,16,7.96707709493371,atr_48,0.0,fractional_return,R,False
ETHUSD,2023-07-02 22:30:00,2023-07-02 22:30:00,2023-07-03 10:30:00,short,,,1942.1,1962.1,,,position_exit,24,-0.010315917222561866,-0.010514069600691567,0.0001981523781297012,,,,-2.5612887429009485,-2.611031531576828,1.4151120304527682,-4.322174753645351,,,,,,,,181,2023-07-02 22:30:00,2023-07-02 22:30:00,2023-07-03 10:30:00,1942.1,1962.1,1.0,0.0001,9.815237812970121e-05,0.0,0.0001981523781297012,1.0,1.0,0.0,2.0,-2.611031531576828,-2.5612887429009485,0.04974278867587932,1.4151120304527682,-4.322174753645351,2,19,7.8085690476848555,atr_48,0.0,fractional_return,R,False
ETHUSD,2023-07-07 08:00:00,2023-07-07 08:00:00,2023-07-07 20:00:00,long,,,1857.7,1863.6,,,position_exit,24,0.0031759702858371597,0.002975304755073571,0.0002006655307635885,,,,0.7662513544902869,0.7179982988551467,2.636424151890364,-0.6558592101993226,,,,,,,,182,2023-07-07 08:00:00,2023-07-07 08:00:00,2023-07-07 20:00:00,1857.7,1863.6,1.0,0.0001,0.0001006655307635885,0.0,0.0002006655307635885,1.0,1.0,0.0,2.0,0.7179982988551467,0.7662513544902869,0.048253055635140304,2.636424151890364,-0.6558592101993226,12,9,7.69982325698408,atr_48,0.0,fractional_return,R,False
ETHUSD,2023-07-12 06:00:00,2023-07-12 06:00:00,2023-07-12 18:00:00,short,,,1888.65,1887.95,,,position_exit,24,0.00030373110392467595,0.00010364590112210692,0.00020008520280256903,,,,0.14185598839119917,0.0653084705411932,1.9353209844798427,-2.776324344227538,,,,,,,,183,2023-07-12 06:00:00,2023-07-12 06:00:00,2023-07-12 18:00:00,1888.65,1887.95,1.0,0.0001,0.00010008520280256902,0.0,0.00020008520280256903,1.0,1.0,0.0,2.0,0.0653084705411932,0.14185598839119917,0.07654751785000598,1.9353209844798427,-2.776324344227538,20,18,4.934581951307132,atr_48,0.0,fractional_return,R,False
ETHUSD,2023-07-13 09:00:00,2023-07-13 09:00:00,2023-07-13 21:00:00,short,,,1877.15,1976.55,,,position_exit,24,-0.05112176801332102,-0.051311106051806665,0.00018933803848564246,,,,-20.29633946562088,-20.37299796386613,0.05104713145276888,-27.87173377321181,,,,,,,,184,2023-07-13 09:00:00,2023-07-13 09:00:00,2023-07-13 21:00:00,1877.15,1976.55,1.0,0.0001,8.933803848564245e-05,0.0,0.00018933803848564246,1.0,1.0,0.0,2.0,-20.37299796386613,-20.29633946562088,0.07665849824525209,0.05104713145276888,-27.87173377321181,7,18,4.897434838847142,atr_48,0.0,fractional_return,R,False
ETHUSD,2023-07-14 14:30:00,2023-07-14 14:30:00,2023-07-15 02:30:00,short,,,2000.05,1931.65,,,position_exit,24,0.03479321845778616,0.03458619506206406,0.0002070233957220946,,,,8.653653625750042,8.60304619904191,12.63888884813494,-0.9994716906933664,,,,,,,,185,2023-07-14 14:30:00,2023-07-14 14:30:00,2023-07-15 02:30:00,2000.05,1931.65,1.0,0.0001,0.0001070233957220946,0.0,0.0002070233957220946,1.0,1.0,0.0,2.0,8.60304619904191,8.653653625750042,0.05060742670813278,12.63888884813494,-0.9994716906933664,9,2,7.904175849662736,atr_48,0.0,fractional_return,R,False
ETHUSD,2023-07-16 02:00:00,2023-07-16 02:00:00,2023-07-16 14:00:00,long,,,1921.95,1940.15,,,position_exit,24,0.009469549155805224,0.009268130966986421,0.0002014181888188027,,,,2.9971763410176515,2.9338749886152464,3.1947923635023012,-0.156446017800379,,,,,,,,186,2023-07-16 02:00:00,2023-07-16 02:00:00,2023-07-16 14:00:00,1921.95,1940.15,1.0,0.0001,0.00010141818881880269,0.0,0.0002014181888188027,1.0,1.0,0.0,2.0,2.9338749886152464,2.9971763410176515,0.06330135240240506,3.1947923635023012,-0.156446017800379,24,1,6.072382112098375,atr_48,0.0,fractional_return,R,False
ETHUSD,2023-07-23 19:00:00,2023-07-23 19:00:00,2023-07-24 07:30:00,long,,,1894.75,1875.15,,,position_exit,25,-0.010344372608522834,-0.01054220412481821,0.00019783151629537699,,,,-4.608252601709262,-4.697349403924453,0.3056494072562173,-7.370853013448246,,,,,,,,187,2023-07-23 19:00:00,2023-07-23 19:00:00,2023-07-24 07:30:00,1894.75,1875.15,1.0,0.0001,9.783151629537698e-05,0.0,0.00019783151629537699,1.0,1.0,0.0,2.0,-4.697349403924453,-4.608252601709262,0.08909680221519047,0.3056494072562173,-7.370853013448246,1,18,4.253239067825841,atr_48,0.0,fractional_return,R,False
ETHUSD,2023-07-25 01:00:00,2023-07-25 01:00:00,2023-07-25 17:30:00,long,,,1846.1,1860.5,,,position_exit,33,0.007800227506635782,0.0075986992042684776,0.00020152830236730424,,,,2.9882990745942712,2.9116782562385985,4.482448611891407,-0.1971447306155553,,,,,,,,188,2023-07-25 01:00:00,2023-07-25 01:00:00,2023-07-25 17:30:00,1846.1,1860.5,1.0,0.0001,0.00010152830236730423,0.0,0.00020152830236730424,1.0,1.0,0.0,2.0,2.9116782562385985,2.9882990745942712,0.0766208183556729,4.482448611891407,-0.1971447306155553,25,1,4.818794786112637,atr_48,0.0,fractional_return,R,False
ETHUSD,2023-07-26 05:30:00,2023-07-26 05:30:00,2023-07-26 17:30:00,long,,,1859.2,1857.55,,,position_exit,24,-0.0008874784853704076,-0.0010873555359834919,0.00019987705061308425,,,,-0.39373347128399444,-0.4824642918671656,1.0618872407355737,-2.5294392700667663,,,,,,,,189,2023-07-26 05:30:00,2023-07-26 05:30:00,2023-07-26 17:30:00,1859.2,1857.55,1.0,0.0001,9.987705061308425e-05,0.0,0.00019987705061308425,1.0,1.0,0.0,2.0,-0.4824642918671656,-0.39373347128399444,0.08873082058317117,1.0618872407355737,-2.5294392700667663,21,8,4.190652104377403,atr_48,0.0,fractional_return,R,False
ETHUSD,2023-07-27 07:30:00,2023-07-27 07:30:00,2023-07-27 19:30:00,short,,,1871.7,1860.5,,,position_exit,24,0.005979734063140452,0.005778515716195143,0.00020121834694530882,,,,2.391660663708379,2.3117236768465403,3.4380122040808097,-3.0322840557731205,,,,,,,,190,2023-07-27 07:30:00,2023-07-27 07:30:00,2023-07-27 19:30:00,1871.7,1860.5,1.0,0.0001,0.00010121834694530882,0.0,0.00020121834694530882,1.0,1.0,0.0,2.0,2.3117236768465403,2.391660663708379,0.07993698686183848,3.4380122040808097,-3.0322840557731205,24,4,4.682938583199314,atr_48,0.0,fractional_return,R,False
ETHUSD,2023-08-02 09:30:00,2023-08-02 09:30:00,2023-08-02 21:30:00,short,,,1853.75,1843.1,,,position_exit,24,0.005679957775309719,0.005478856380181307,0.0002011013951284113,,,,2.177292504778261,2.101496148332577,6.746540155650893,-1.359530061669062,,,,,,,,191,2023-08-02 09:30:00,2023-08-02 09:30:00,2023-08-02 21:30:00,1853.75,1843.1,1.0,0.0001,0.00010110139512841129,0.0,0.0002011013951284113,1.0,1.0,0.0,2.0,2.101496148332577,2.177292504778261,0.07579635644568389,6.746540155650893,-1.359530061669062,14,4,4.891396069488929,atr_48,0.0,fractional_return,R,False
ETHUSD,2023-08-03 13:00:00,2023-08-03 13:00:00,2023-08-04 01:00:00,long,,,1835.1,1834.1,,,position_exit,24,-0.000544929431638641,-0.0007449984330551995,0.00020006900141655848,,,,-0.22707221234780972,-0.31041225572370285,5.063710335356198,-1.2148363360607615,,,,,,,,192,2023-08-03 13:00:00,2023-08-03 13:00:00,2023-08-04 01:00:00,1835.1,1834.1,1.0,0.0001,0.00010006900141655847,0.0,0.00020006900141655848,1.0,1.0,0.0,2.0,-0.31041225572370285,-0.22707221234780972,0.08334004337589312,5.063710335356198,-1.2148363360607615,8,18,4.4038853968987,atr_48,0.0,fractional_return,R,False
ETHUSD,2023-08-08 12:30:00,2023-08-08 12:30:00,2023-08-09 00:30:00,long,,,1843.5,1854.4,,,position_exit,24,0.005912666124219923,0.005711292965012271,0.00020137315920765175,,,,2.780211748822707,2.686169173429044,7.907024239770935,-2.4868866560569876,,,,,,,,193,2023-08-08 12:30:00,2023-08-08 12:30:00,2023-08-09 00:30:00,1843.5,1854.4,1.0,0.0001,0.00010137315920765175,0.0,0.00020137315920765175,1.0,1.0,0.0,2.0,2.686169173429044,2.780211748822707,0.0940425753936627,7.907024239770935,-2.4868866560569876,17,2,3.9205646852674962,atr_48,0.0,fractional_return,R,False
ETHUSD,2023-08-09 15:30:00,2023-08-09 15:30:00,2023-08-10 03:30:00,long,,,1852.0,1851.5,,,position_exit,24,-0.0002699784017282658,-0.00047000079319658994,0.00020002239146832412,,,,-0.10929518165907977,-0.19026105223212605,1.2131765164157755,-1.5410620613930146,,,,,,,,194,2023-08-09 15:30:00,2023-08-09 15:30:00,2023-08-10 03:30:00,1852.0,1851.5,1.0,0.0001,0.00010002239146832412,0.0,0.00020002239146832412,1.0,1.0,0.0,2.0,-0.19026105223212605,-0.10929518165907977,0.08096587057304629,1.2131765164157755,-1.5410620613930146,15,8,4.574767088631873,atr_48,0.0,fractional_return,R,False
ETHUSD,2023-08-10 15:30:00,2023-08-10 15:30:00,2023-08-11 03:30:00,long,,,1852.1,1844.6,,,position_exit,24,-0.0040494573727120065,-0.00424871040467556,0.00019925303196355326,,,,-1.826421052022022,-1.9166267701673552,0.2435228069362696,-2.3012905255477034,,,,,,,,195,2023-08-10 15:30:00,2023-08-10 15:30:00,2023-08-11 03:30:00,1852.1,1844.6,1.0,0.0001,9.925303196355326e-05,0.0,0.00019925303196355326,1.0,1.0,0.0,2.0,-1.9166267701673552,-1.826421052022022,0.090205718145333,0.2435228069362696,-2.3012905255477034,19,23,4.106391563816452,atr_48,0.0,fractional_return,R,False
ETHUSD,2023-08-15 08:30:00,2023-08-15 08:30:00,2023-08-15 20:30:00,long,,,1840.7,1827.6,,,position_exit,24,-0.007116857717172298,-0.007315538492420726,0.00019868077524842764,,,,-5.5766607013927745,-5.733377638080615,1.1493880834931747,-11.7493004090412,,,,,,,,196,2023-08-15 08:30:00,2023-08-15 08:30:00,2023-08-15 20:30:00,1840.7,1827.6,1.0,0.0001,9.868077524842764e-05,0.0,0.00019868077524842764,1.0,1.0,0.0,2.0,-5.733377638080615,-5.5766607013927745,0.1567169366878408,1.1493880834931747,-11.7493004090412,9,21,2.349076033391883,atr_48,0.0,fractional_return,R,False
ETHUSD,2023-08-16 08:30:00,2023-08-16 08:30:00,2023-08-16 20:30:00,short,,,1823.3,1808.0,,,position_exit,24,0.00833167221194997,0.008129772210246466,0.0002019000017035033,,,,5.353606165018844,5.226008385663564,9.272585841372535,-1.3296538187628382,,,,,,,,197,2023-08-16 08:30:00,2023-08-16 08:30:00,2023-08-16 20:30:00,1823.3,1808.0,1.0,0.0001,0.0001019000017035033,0.0,0.0002019000017035033,1.0,1.0,0.0,2.0,5.226008385663564,5.353606165018844,0.12759777935527958,9.272585841372535,-1.3296538187628382,24,19,2.857886726889276,atr_48,0.0,fractional_return,R,False
ETHUSD,2023-08-19 15:00:00,2023-08-19 15:00:00,2023-08-20 03:00:00,short,,,1668.1999999999998,1669.5,,,position_exit,24,-0.0010134848265083152,-0.0012132960837444307,0.00019981125723611548,,,,-0.1797439111740835,-0.22587449465417028,0.6221904617563244,-3.80227504406665,,,,,,,,198,2023-08-19 15:00:00,2023-08-19 15:00:00,2023-08-20 03:00:00,1668.1999999999998,1669.5,1.0,0.0001,9.981125723611548e-05,0.0,0.00019981125723611548,1.0,1.0,0.0,2.0,-0.22587449465417028,-0.1797439111740835,0.046130583480086786,0.6221904617563244,-3.80227504406665,15,3,7.232512030636303,atr_48,0.0,fractional_return,R,False
ETHUSD,2023-08-23 07:30:00,2023-08-23 07:30:00,2023-08-23 19:30:00,long,,,1644.6,1686.65,,,position_exit,24,0.025568527301472077,0.0253637369664359,0.00020479033503617572,,,,5.858126135917257,5.812303190646725,7.543817604278685,-1.4697557843977773,,,,,,,,199,2023-08-23 07:30:00,2023-08-23 07:30:00,2023-08-23 19:30:00,1644.6,1686.65,1.0,0.0001,0.00010479033503617571,0.0,0.00020479033503617572,1.0,1.0,0.0,2.0,5.812303190646725,5.858126135917257,0.04582294527053261,7.543817604278685,-1.4697557843977773,24,11,7.17806326193351,atr_48,0.0,fractional_return,R,False
ETHUSD,2023-08-24 09:30:00,2023-08-24 09:30:00,2023-08-24 21:30:00,long,,,1666.7,1653.5,,,position_exit,24,-0.007919841603167499,-0.008118055737084684,0.000198214133917185,,,,-2.0907615368582513,-2.143559601304943,1.0295416658771295,-4.680454804103107,,,,,,,,200,2023-08-24 09:30:00,2023-08-24 09:30:00,2023-08-24 21:30:00,1666.7,1653.5,1.0,0.0001,9.8214133917185e-05,0.0,0.000198214133917185,1.0,1.0,0.0,2.0,-2.143559601304943,-2.0907615368582513,0.052798064446691446,1.0295416658771295,-4.680454804103107,4,16,6.313489016942335,atr_48,0.0,fractional_return,R,False
ETHUSD,2023-08-30 09:00:00,2023-08-30 09:00:00,2023-08-30 21:00:00,long,,,1711.9,1703.5,,,position_exit,24,-0.0049068286698997765,-0.005105849034990784,0.00019902036509100718,,,,-1.3779445077977548,-1.4341088697715394,1.6568142296139343,-2.559039800195825,,,,,,,,201,2023-08-30 09:00:00,2023-08-30 09:00:00,2023-08-30 21:00:00,1711.9,1703.5,1.0,0.0001,9.902036509100717e-05,0.0,0.00019902036509100718,1.0,1.0,0.0,2.0,-1.4341088697715394,-1.3779445077977548,0.05616436197378455,1.6568142296139343,-2.559039800195825,8,15,6.096036489470144,atr_48,0.0,fractional_return,R,False
ETHUSD,2023-08-31 11:30:00,2023-08-31 11:30:00,2023-08-31 23:30:00,long,,,1713.6,1645.5,,,position_exit,24,-0.039740896358543054,-0.0399328452153358,0.0001919488567927452,,,,-13.881915306082094,-13.95177742082072,0.10192301986844429,-16.847875184253812,,,,,,,,202,2023-08-31 11:30:00,2023-08-31 11:30:00,2023-08-31 23:30:00,1713.6,1645.5,1.0,0.0001,9.19488567927452e-05,0.0,0.0001919488567927452,1.0,1.0,0.0,2.0,-13.95177742082072,-13.881915306082094,0.06986211473862645,0.10192301986844429,-16.847875184253812,1,19,4.905663123456978,atr_48,0.0,fractional_return,R,False
ETHUSD,2023-09-01 11:30:00,2023-09-01 11:30:00,2023-09-01 23:30:00,long,,,1646.2,1628.3,,,position_exit,24,-0.010873526910460507,-0.01107129372190474,0.00019776681144423325,,,,-3.4651850431322013,-3.5289212176350415,1.084080236957537,-8.488735426890878,,,,,,,,203,2023-09-01 11:30:00,2023-09-01 11:30:00,2023-09-01 23:30:00,1646.2,1628.3,1.0,0.0001,9.776681144423324e-05,0.0,0.00019776681144423325,1.0,1.0,0.0,2.0,-3.5289212176350415,-3.4651850431322013,0.06373617450284025,1.084080236957537,-8.488735426890878,1,12,5.165669301117661,atr_48,0.0,fractional_return,R,False
ETHUSD,2023-09-07 12:30:00,2023-09-07 12:30:00,2023-09-08 00:30:00,long,,,1625.4,1654.6,,,position_exit,24,0.0179648086624824,0.01776170263842758,0.00020310602405482214,,,,6.7583899666103076,6.683149644338195,7.64947905467369,-0.601774449081775,,,,,,,,204,2023-09-07 12:30:00,2023-09-07 12:30:00,2023-09-08 00:30:00,1625.4,1654.6,1.0,0.0001,0.00010310602405482214,0.0,0.00020310602405482214,1.0,1.0,0.0,2.0,6.683149644338195,6.7583899666103076,0.07524032227211276,7.64947905467369,-0.601774449081775,17,3,4.32055565663743,atr_48,0.0,fractional_return,R,False
ETHUSD,2023-09-08 13:30:00,2023-09-08 13:30:00,2023-09-09 01:30:00,short,,,1630.75,1635.6999999999998,,,position_exit,24,-0.003057348647874214,-0.003256794336190083,0.00019944568831586906,,,,-1.0538971505453836,-1.1233372627979876,1.3519690719117852,-1.5861684386996857,,,,,,,,205,2023-09-08 13:30:00,2023-09-08 13:30:00,2023-09-09 01:30:00,1630.75,1635.6999999999998,1.0,0.0001,9.944568831586906e-05,0.0,0.00019944568831586906,1.0,1.0,0.0,2.0,-1.1233372627979876,-1.0538971505453836,0.06944011225260394,1.3519690719117852,-1.5861684386996857,6,19,4.696853006423095,atr_48,0.0,fractional_return,R,False
ETHUSD,2023-09-10 15:30:00,2023-09-10 15:30:00,2023-09-11 03:30:00,long,,,1619.3000000000002,1611.9,,,position_exit,24,-0.004569875872290741,-0.004768933418143773,0.00019905754585303193,,,,-2.5346167976008913,-2.6455439592321097,2.757252056849491,-7.449718290245772,,,,,,,,206,2023-09-10 15:30:00,2023-09-10 15:30:00,2023-09-11 03:30:00,1619.3000000000002,1611.9,1.0,0.0001,9.905754585303192e-05,0.0,0.00019905754585303193,1.0,1.0,0.0,2.0,-2.6455439592321097,-2.5346167976008913,0.11092716163121821,2.757252056849491,-7.449718290245772,11,2,2.9195734862186917,atr_48,0.0,fractional_return,R,False
ETHUSD,2023-09-13 05:00:00,2023-09-13 05:00:00,2023-09-13 17:00:00,long,,,1584.6,1603.35,,,position_exit,24,0.011832639151835744,0.011629885205414192,0.0002027539464215522,,,,2.7828407124158256,2.7358040255582883,4.8755369281525125,-0.4452545139865321,,,,,,,,207,2023-09-13 05:00:00,2023-09-13 05:00:00,2023-09-13 17:00:00,1584.6,1603.35,1.0,0.0001,0.0001027539464215522,0.0,0.0002027539464215522,1.0,1.0,0.0,2.0,2.7358040255582883,2.7828407124158256,0.047036686857537244,4.8755369281525125,-0.4452545139865321,20,1,6.737719452049717,atr_48,0.0,fractional_return,R,False
ETHUSD,2023-09-19 11:30:00,2023-09-19 11:30:00,2023-09-19 23:30:00,short,,,1647.9,1643.4,,,position_exit,24,0.002639997117234838,0.002439509627662373,0.0002004874895724651,,,,0.892981585193588,0.8275796138940096,2.549958526608339,-2.4110502800226605,,,,,,,,208,2023-09-19 11:30:00,2023-09-19 11:30:00,2023-09-19 23:30:00,1647.9,1643.4,1.0,0.0001,0.00010048748957246509,0.0,0.0002004874895724651,1.0,1.0,0.0,2.0,0.8275796138940096,0.892981585193588,0.06540197129957839,2.549958526608339,-2.4110502800226605,5,9,5.039297645790145,atr_48,0.0,fractional_return,R,False
ETHUSD,2023-09-20 15:30:00,2023-09-20 15:30:00,2023-09-21 03:30:00,short,,,1629.3,1623.35,,,position_exit,24,0.003502574007120174,0.0033016631358275816,0.00020091087129259222,,,,1.140810208539776,1.0783321556734284,4.505720991711643,-2.0515410472900104,,,,,,,,209,2023-09-20 15:30:00,2023-09-20 15:30:00,2023-09-21 03:30:00,1629.3,1623.35,1.0,0.0001,0.00010091087129259221,0.0,0.00020091087129259222,1.0,1.0,0.0,2.0,1.0783321556734284,1.140810208539776,0.06247805286634765,4.505720991711643,-2.0515410472900104,7,6,5.215591476531383,atr_48,0.0,fractional_return,R,False
ETHUSD,2023-09-22 00:30:00,2023-09-22 00:30:00,2023-09-22 12:30:00,long,,,1591.0,1595.0,,,position_exit,24,0.0025141420490255584,0.0023134104261468558,0.0002007316228787026,,,,0.7193326493132415,0.6621097370603731,2.0141314180770844,-1.043032341504192,,,,,,,,210,2023-09-22 00:30:00,2023-09-22 00:30:00,2023-09-22 12:30:00,1591.0,1595.0,1.0,0.0001,0.0001007316228787026,0.0,0.0002007316228787026,1.0,1.0,0.0,2.0,0.6621097370603731,0.7193326493132415,0.057222912252868366,2.0141314180770844,-1.043032341504192,15,1,5.560709643610456,atr_48,0.0,fractional_return,R,False
ETHUSD,2023-09-27 10:00:00,2023-09-27 10:00:00,2023-09-27 22:00:00,long,,,1614.45,1595.9499999999998,,,position_exit,24,-0.01145901080863454,-0.011656637896497402,0.00019762708786286165,,,,-4.4376820934456305,-4.51513523783226,4.425688358057896,-7.448109675755942,,,,,,,,211,2023-09-27 10:00:00,2023-09-27 10:00:00,2023-09-27 22:00:00,1614.45,1595.9499999999998,1.0,0.0001,9.762708786286165e-05,0.0,0.00019762708786286165,1.0,1.0,0.0,2.0,-4.51513523783226,-4.4376820934456305,0.0774531443866293,4.425688358057896,-7.448109675755942,3,16,4.168843015439156,atr_48,0.0,fractional_return,R,False
ETHUSD,2023-09-29 06:30:00,2023-09-29 06:30:00,2023-09-29 18:30:00,short,,,1659.05,1666.45,,,position_exit,24,-0.004779743902478262,-0.004979081401121244,0.0001993374986429819,,,,-1.2902207155139758,-1.3480731662727172,0.38357913163929336,-5.0824234942205475,,,,,,,,212,2023-09-29 06:30:00,2023-09-29 06:30:00,2023-09-29 18:30:00,1659.05,1666.45,1.0,0.0001,9.933749864298189e-05,0.0,0.0001993374986429819,1.0,1.0,0.0,2.0,-1.3480731662727172,-1.2902207155139758,0.05785245075874149,0.38357913163929336,-5.0824234942205475,15,2,5.735452788054334,atr_48,0.0,fractional_return,R,False
ETHUSD,2023-10-04 09:30:00,2023-10-04 09:30:00,2023-10-04 21:30:00,long,,,1651.5,1643.9,,,position_exit,24,-0.004601877081440997,-0.004801043623978041,0.0001991665425370437,,,,-1.2556182483181253,-1.3101880782417412,0.4460749040077303,-3.915546379623682,,,,,,,,213,2023-10-04 09:30:00,2023-10-04 09:30:00,2023-10-04 21:30:00,1651.5,1643.9,1.0,0.0001,9.916654253704368e-05,0.0,0.0001991665425370437,1.0,1.0,0.0,2.0,-1.3101880782417412,-1.2556182483181253,0.054569829923616024,0.4460749040077303,-3.915546379623682,19,10,6.052795115219098,atr_48,0.0,fractional_return,R,False
ETHUSD,2023-10-05 15:00:00,2023-10-05 15:00:00,2023-10-06 03:00:00,long,,,1627.1999999999998,1622.6,,,position_exit,24,-0.0028269419862345657,-0.003026409640486838,0.0001994676542522722,,,,-0.8231942920501376,-0.8814334986598772,0.0,-3.319620460332637,,,,,,,,214,2023-10-05 15:00:00,2023-10-05 15:00:00,2023-10-06 03:00:00,1627.1999999999998,1622.6,1.0,0.0001,9.946765425227219e-05,0.0,0.0001994676542522722,1.0,1.0,0.0,2.0,-0.8814334986598772,-0.8231942920501376,0.05823920660973957,0.0,-3.319620460332637,1,1,5.587988211803272,atr_48,0.0,fractional_return,R,False
ETHUSD,2023-10-09 10:30:00,2023-10-09 10:30:00,2023-10-09 22:30:00,long,,,1595.7,1577.0,,,position_exit,24,-0.011718994798521232,-0.011916797772137833,0.00019780297361660093,,,,-4.2859095718528195,-4.3590542339256055,0.3896281428957203,-10.668935324585457,,,,,,,,215,2023-10-09 10:30:00,2023-10-09 10:30:00,2023-10-09 22:30:00,1595.7,1577.0,1.0,0.0001,9.780297361660093e-05,0.0,0.00019780297361660093,1.0,1.0,0.0,2.0,-4.3590542339256055,-4.2859095718528195,0.07314466207278639,0.3896281428957203,-10.668935324585457,7,12,4.363134519405165,atr_48,0.0,fractional_return,R,False
ETHUSD,2023-10-10 10:30:00,2023-10-10 10:30:00,2023-10-10 22:30:00,long,,,1585.9,1568.1999999999998,,,position_exit,24,-0.011160855034995643,-0.011358512096601214,0.00019765706160557173,,,,-3.6817819632996476,-3.7477586640408544,0.4368215888660342,-7.0723495340218125,,,,,,,,216,2023-10-10 10:30:00,2023-10-10 10:30:00,2023-10-10 22:30:00,1585.9,1568.1999999999998,1.0,0.0001,9.765706160557172e-05,0.0,0.00019765706160557173,1.0,1.0,0.0,2.0,-3.7477586640408544,-3.6817819632996476,0.06597670074120701,0.4368215888660342,-7.0723495340218125,7,20,4.807454698957069,atr_48,0.0,fractional_return,R,False
ETHUSD,2023-10-11 12:30:00,2023-10-11 12:30:00,2023-10-12 00:30:00,long,,,1572.5,1561.2,,,position_exit,24,-0.007186009538950544,-0.007384746810174869,0.00019873727122432516,,,,-1.9793867855639462,-2.034476798312607,0.6218427512169865,-4.151457240519098,,,,,,,,217,2023-10-11 12:30:00,2023-10-11 12:30:00,2023-10-12 00:30:00,1572.5,1561.2,1.0,0.0001,9.873727122432516e-05,0.0,0.00019873727122432516,1.0,1.0,0.0,2.0,-2.034476798312607,-1.9793867855639462,0.055090012748660495,0.6218427512169865,-4.151457240519098,3,11,5.7088387587575395,atr_48,0.0,fractional_return,R,False
ETHUSD,2023-10-12 12:30:00,2023-10-12 12:30:00,2023-10-13 00:30:00,long,,,1549.0,1544.0500000000002,,,position_exit,24,-0.003195610071013655,-0.003394951298256732,0.00019934122724307723,,,,-0.8863827151352831,-0.9418577383976914,0.6446419746438496,-4.861674892105839,,,,,,,,218,2023-10-12 12:30:00,2023-10-12 12:30:00,2023-10-13 00:30:00,1549.0,1544.0500000000002,1.0,0.0001,9.934122724307723e-05,0.0,0.00019934122724307723,1.0,1.0,0.0,2.0,-0.9418577383976914,-0.8863827151352831,0.055475023262408246,0.6446419746438496,-4.861674892105839,1,9,5.584495179651975,atr_48,0.0,fractional_return,R,False
ETHUSD,2023-10-16 10:30:00,2023-10-16 10:30:00,2023-10-16 22:30:00,long,,,1585.6999999999998,1602.6,,,position_exit,24,0.01065775367345645,0.010456042101910423,0.00020171157154602604,,,,3.823597955165254,3.7518455376799817,12.353162624380015,-4.072471194850493,,,,,,,,219,2023-10-16 10:30:00,2023-10-16 10:30:00,2023-10-16 22:30:00,1585.6999999999998,1602.6,1.0,0.0001,0.00010171157154602603,0.0,0.00020171157154602604,1.0,1.0,0.0,2.0,3.7518455376799817,3.823597955165254,0.07175241748527231,12.353162624380015,-4.072471194850493,6,6,4.419920765249411,atr_48,0.0,fractional_return,R,False
ETHUSD,2023-10-17 10:30:00,2023-10-17 10:30:00,2023-10-17 22:30:00,short,,,1587.1,1562.3000000000002,,,position_exit,24,0.01569205167565535,0.015488936420134714,0.00020311525552063614,,,,4.268599106832332,4.213964480683512,5.817687492376342,0.0,,,,,,,,220,2023-10-17 10:30:00,2023-10-17 10:30:00,2023-10-17 22:30:00,1587.1,1562.3000000000002,1.0,0.0001,0.00010311525552063614,0.0,0.00020311525552063614,1.0,1.0,0.0,2.0,4.213964480683512,4.268599106832332,0.05463462614881991,5.817687492376342,0.0,16,1,5.809868619497383,atr_48,0.0,fractional_return,R,False
ETHUSD,2023-10-19 16:00:00,2023-10-19 16:00:00,2023-10-20 04:00:00,short,,,1568.6,1584.8,,,position_exit,24,-0.010370194271862476,-0.010567945425274283,0.00019775115341180705,,,,-2.8908333747739134,-2.9468156122019424,1.4543390126177118,-4.773443998469257,,,,,,,,221,2023-10-19 16:00:00,2023-10-19 16:00:00,2023-10-20 04:00:00,1568.6,1584.8,1.0,0.0001,9.775115341180704e-05,0.0,0.00019775115341180705,1.0,1.0,0.0,2.0,-2.9468156122019424,-2.8908333747739134,0.055982237428028984,1.4543390126177118,-4.773443998469257,3,22,5.6039203578334975,atr_48,0.0,fractional_return,R,False
ETHUSD,2023-10-20 20:30:00,2023-10-20 20:30:00,2023-10-21 08:30:00,short,,,1603.4,1606.65,,,position_exit,24,-0.002061346611655135,-0.0022608035479599886,0.00019945693630485373,,,,-0.5041824856225352,-0.553930559311592,1.6133839539921266,-1.1557413901193216,,,,,,,,222,2023-10-20 20:30:00,2023-10-20 20:30:00,2023-10-21 08:30:00,1603.4,1606.65,1.0,0.0001,9.945693630485372e-05,0.0,0.00019945693630485373,1.0,1.0,0.0,2.0,-0.553930559311592,-0.5041824856225352,0.0497480736890568,1.6133839539921266,-1.1557413901193216,13,5,6.4460787367238455,atr_48,0.0,fractional_return,R,False
ETHUSD,2023-10-22 00:00:00,2023-10-22 00:00:00,2023-10-22 12:00:00,short,,,1635.75,1633.7,,,position_exit,24,0.001137151153114635,0.0009366440787683672,0.0002005070743462678,,,,0.3431114472467293,0.28835588140928053,1.9582458208716282,-1.9833515365238057,,,,,,,,223,2023-10-22 00:00:00,2023-10-22 00:00:00,2023-10-22 12:00:00,1635.75,1633.7,1.0,0.0001,0.0001005070743462678,0.0,0.0002005070743462678,1.0,1.0,0.0,2.0,0.28835588140928053,0.3431114472467293,0.054755565837448776,1.9582458208716282,-1.9833515365238057,5,13,5.974735079374406,atr_48,0.0,fractional_return,R,False
ETHUSD,2023-10-25 05:00:00,2023-10-25 05:00:00,2023-10-25 17:00:00,long,,,1786.1,1789.45,,,position_exit,24,0.0018755948715081239,0.001675540473097481,0.00020005439841064288,,,,0.2599691707467636,0.23224792084403076,2.351362947351243,-1.9711095334231497,,,,,,,,224,2023-10-25 05:00:00,2023-10-25 05:00:00,2023-10-25 17:00:00,1786.1,1789.45,1.0,0.0001,0.00010005439841064287,0.0,0.00020005439841064288,1.0,1.0,0.0,2.0,0.23224792084403076,0.2599691707467636,0.02772124990273287,2.351362947351243,-1.9711095334231497,21,6,12.886143346833139,atr_48,0.0,fractional_return,R,False
ETHUSD,2023-10-26 06:30:00,2023-10-26 06:30:00,2023-10-26 18:30:00,short,,,1813.8,1783.25,,,position_exit,24,0.016157798447559157,0.015954696421624392,0.0002031020259347649,,,,2.820904432604997,2.78740815463538,4.672267243529082,-4.792305730022908,,,,,,,,225,2023-10-26 06:30:00,2023-10-26 06:30:00,2023-10-26 18:30:00,1813.8,1783.25,1.0,0.0001,0.00010310202593476489,0.0,0.0002031020259347649,1.0,1.0,0.0,2.0,2.78740815463538,2.820904432604997,0.033496277969616704,4.672267243529082,-4.792305730022908,21,3,10.829859972175024,atr_48,0.0,fractional_return,R,False
ETHUSD,2023-11-02 12:30:00,2023-11-02 12:30:00,2023-11-03 00:30:00,short,,,1836.65,1787.5,,,position_exit,24,0.027274015523916395,0.027068870918427246,0.00020514460548914926,,,,5.4312494393841035,5.390658170684837,6.1053210890329845,-0.2265322757016713,,,,,,,,226,2023-11-02 12:30:00,2023-11-02 12:30:00,2023-11-03 00:30:00,1836.65,1787.5,1.0,0.0001,0.00010514460548914925,0.0,0.00020514460548914926,1.0,1.0,0.0,2.0,5.390658170684837,5.4312494393841035,0.04059126869926672,6.1053210890329845,-0.2265322757016713,24,1,9.04948309749766,atr_48,0.0,fractional_return,R,False
ETHUSD,2023-11-03 17:30:00,2023-11-03 17:30:00,2023-11-04 05:30:00,short,,,1807.1,1831.65,,,position_exit,24,-0.013568319091902814,-0.01376580647468939,0.0001974873827865764,,,,-2.9099555463073403,-2.9527953073479267,0.43264104863630615,-3.97081510392241,,,,,,,,227,2023-11-03 17:30:00,2023-11-03 17:30:00,2023-11-04 05:30:00,1807.1,1831.65,1.0,0.0001,9.74873827865764e-05,0.0,0.0001974873827865764,1.0,1.0,0.0,2.0,-2.9527953073479267,-2.9099555463073403,0.0428397610405862,0.43264104863630615,-3.97081510392241,1,17,8.436554995196923,atr_48,0.0,fractional_return,R,False
ETHUSD,2023-11-05 09:00:00,2023-11-05 09:00:00,2023-11-05 23:30:00,short,,,1885.45,1893.65,,,position_exit,29,-0.0047078561060379664,-0.004906697855233899,0.00019884174919593267,,,,-1.0900127516115699,-1.140138716063424,3.589066377257588,-3.6688234078633006,,,,,,,,228,2023-11-05 09:00:00,2023-11-05 09:00:00,2023-11-05 23:30:00,1885.45,1893.65,1.0,0.0001,9.884174919593267e-05,0.0,0.00019884174919593267,1.0,1.0,0.0,2.0,-1.140138716063424,-1.0900127516115699,0.05012596445185423,3.589066377257588,-3.6688234078633006,25,17,7.522847772080143,atr_48,0.0,fractional_return,R,False
ETHUSD,2023-11-06 12:00:00,2023-11-06 12:00:00,2023-11-07 00:00:00,short,,,1903.3,1894.85,,,position_exit,24,0.004203845492075864,0.004003380371763843,0.00020046512031202113,,,,1.0190182522226725,0.9731129873834914,2.5324713960563323,-1.429037430631804,,,,,,,,229,2023-11-06 12:00:00,2023-11-06 12:00:00,2023-11-07 00:00:00,1903.3,1894.85,1.0,0.0001,0.00010046512031202112,0.0,0.00020046512031202113,1.0,1.0,0.0,2.0,0.9731129873834914,1.0190182522226725,0.04590526483918112,2.5324713960563323,-1.429037430631804,18,5,8.292295041397923,atr_48,0.0,fractional_return,R,False
ETHUSD,2023-11-10 15:30:00,2023-11-10 15:30:00,2023-11-11 03:30:00,long,,,2090.3,2047.85,,,position_exit,24,-0.020308089747882896,-0.020504123570539656,0.0001960338226567604,,,,-2.872880012583079,-2.901172974139274,0.9204044327710097,-3.938789557887748,,,,,,,,230,2023-11-10 15:30:00,2023-11-10 15:30:00,2023-11-11 03:30:00,2090.3,2047.85,1.0,0.0001,9.603382265676039e-05,0.0,0.0001960338226567604,1.0,1.0,0.0,2.0,-2.901172974139274,-2.872880012583079,0.028292961556194922,0.9204044327710097,-3.938789557887748,5,21,14.776113103948399,atr_48,0.0,fractional_return,R,False
ETHUSD,2023-11-11 17:30:00,2023-11-11 17:30:00,2023-11-12 05:30:00,long,,,2071.55,2053.15,,,position_exit,24,-0.008882237937775539,-0.009080268159831428,0.00019803022205588938,,,,-1.5357182694591074,-1.5702978040362596,0.7219545125446007,-4.6196742507913795,,,,,,,,231,2023-11-11 17:30:00,2023-11-11 17:30:00,2023-11-12 05:30:00,2071.55,2053.15,1.0,0.0001,9.803022205588938e-05,0.0,0.00019803022205588938,1.0,1.0,0.0,2.0,-1.5702978040362596,-1.5357182694591074,0.03457953457715216,0.7219545125446007,-4.6196742507913795,3,14,11.981364268382848,atr_48,0.0,fractional_return,R,False
ETHUSD,2023-11-15 13:00:00,2023-11-15 13:00:00,2023-11-16 01:00:00,long,,,2010.3,2065.7,,,position_exit,24,0.027558075909069224,0.027351962781675176,0.00020611312739404752,,,,5.073889380693298,5.037066132238396,6.580486498245758,-0.6685810916798002,,,,,,,,232,2023-11-15 13:00:00,2023-11-15 13:00:00,2023-11-16 01:00:00,2010.3,2065.7,1.0,0.0001,0.00010611312739404752,0.0,0.00020611312739404752,1.0,1.0,0.0,2.0,5.037066132238396,5.073889380693298,0.03682324845490167,6.580486498245758,-0.6685810916798002,24,8,10.918645607608811,atr_48,0.0,fractional_return,R,False
ETHUSD,2023-11-17 10:00:00,2023-11-17 10:00:00,2023-11-17 22:00:00,long,,,1961.9,1954.9,,,position_exit,24,-0.0035679698251698255,-0.0037668079601400617,0.00019883813497023617,,,,-0.5754131106642669,-0.6076674815731876,0.7644774184539509,-4.484112169533695,,,,,,,,233,2023-11-17 10:00:00,2023-11-17 10:00:00,2023-11-17 22:00:00,1961.9,1954.9,1.0,0.0001,9.883813497023616e-05,0.0,0.00019883813497023617,1.0,1.0,0.0,2.0,-0.6076674815731876,-0.5754131106642669,0.03225437090892073,0.7644774184539509,-4.484112169533695,6,13,12.165172934483676,atr_48,0.0,fractional_return,R,False
ETHUSD,2023-11-23 08:30:00,2023-11-23 08:30:00,2023-11-23 20:30:00,short,,,2082.1,2066.3500000000004,,,position_exit,24,0.007324492829375195,0.0071230063004426025,0.0002014865289325929,,,,1.419788839588016,1.3822505241225393,3.745538176818013,-0.5904518666223512,,,,,,,,234,2023-11-23 08:30:00,2023-11-23 08:30:00,2023-11-23 20:30:00,2082.1,2066.3500000000004,1.0,0.0001,0.00010148652893259289,0.0,0.0002014865289325929,1.0,1.0,0.0,2.0,1.3822505241225393,1.419788839588016,0.03753831546547674,3.745538176818013,-0.5904518666223512,15,3,11.09319890454257,atr_48,0.0,fractional_return,R,False
ETHUSD,2023-11-27 20:00:00,2023-11-27 20:00:00,2023-11-28 08:00:00,long,,,1990.1,2009.9,,,position_exit,24,0.009949248781467857,0.009747037910155187,0.00020221087131266913,,,,2.0735641380922907,2.0318813098981754,5.231036802914599,-0.03141763845593875,,,,,,,,235,2023-11-27 20:00:00,2023-11-27 20:00:00,2023-11-28 08:00:00,1990.1,2009.9,1.0,0.0001,0.00010221087131266912,0.0,0.00020221087131266913,1.0,1.0,0.0,2.0,2.0318813098981754,2.0735641380922907,0.04168282819411545,5.231036802914599,-0.03141763845593875,9,1,9.548776252571802,atr_48,0.0,fractional_return,R,False
ETHUSD,2023-11-29 08:30:00,2023-11-29 08:30:00,2023-11-29 21:30:00,short,,,2072.15,2028.85,,,position_exit,24,0.02112354034475672,0.020919333395577278,0.00020420694917944182,,,,5.136247166379571,5.087087468615999,6.174172402079825,-0.32620507407722305,,,,,,,,236,2023-11-29 08:30:00,2023-11-29 08:30:00,2023-11-29 21:30:00,2072.15,2028.85,1.0,0.0001,0.00010420694917944182,0.0,0.00020420694917944182,1.0,1.0,0.0,2.0,5.087087468615999,5.136247166379571,0.0491596977635722,6.174172402079825,-0.32620507407722305,22,2,8.430279656989603,atr_48,0.0,fractional_return,R,False
ETHUSD,2023-12-01 15:00:00,2023-12-01 15:00:00,2023-12-02 03:00:00,short,,,2073.85,2094.0,,,position_exit,24,-0.009792162611556132,-0.009990255821445526,0.00019809320988939394,,,,-2.5243030161100934,-2.576263570055105,0.037582675177783416,-4.516184800534437,,,,,,,,237,2023-12-01 15:00:00,2023-12-01 15:00:00,2023-12-02 03:00:00,2073.85,2094.0,1.0,0.0001,9.809320988939393e-05,0.0,0.00019809320988939394,1.0,1.0,0.0,2.0,-2.576263570055105,-2.5243030161100934,0.051960553945011353,0.037582675177783416,-4.516184800534437,1,3,7.982401427801203,atr_48,0.0,fractional_return,R,False
ETHUSD,2023-12-03 02:00:00,2023-12-03 02:00:00,2023-12-03 14:00:00,short,,,2169.05,2157.25,,,position_exit,24,0.005384157707127635,0.005183345930461991,0.00020081177666564365,,,,1.4394884016866956,1.3865676844379078,2.220227873787953,-0.4391659530569401,,,,,,,,238,2023-12-03 02:00:00,2023-12-03 02:00:00,2023-12-03 14:00:00,2169.05,2157.25,1.0,0.0001,0.00010081177666564364,0.0,0.00020081177666564365,1.0,1.0,0.0,2.0,1.3865676844379078,1.4394884016866956,0.05292071724878779,2.220227873787953,-0.4391659530569401,21,1,8.197356773541028,atr_48,0.0,fractional_return,R,False
ETHUSD,2023-12-04 04:00:00,2023-12-04 04:00:00,2023-12-04 16:00:00,short,,,2218.85,2219.25,,,position_exit,24,-0.0007917225657685378,-0.0009919170053828141,0.0002001944396142763,,,,-0.046582379099,-0.09826203503089634,1.8516495691848398,-6.3876087339489125,,,,,,,,239,2023-12-04 04:00:00,2023-12-04 04:00:00,2023-12-04 16:00:00,2218.85,2219.25,1.0,0.0001,0.0001001944396142763,0.0,0.0002001944396142763,1.0,1.0,0.0,2.0,-0.09826203503089634,-0.046582379099,0.05167965593189633,1.8516495691848398,-6.3876087339489125,23,13,8.586937973906057,atr_48,0.0,fractional_return,R,False
ETHUSD,2023-12-05 15:30:00,2023-12-05 15:30:00,2023-12-06 03:30:00,short,,,2228.5,2282.4,,,position_exit,24,-0.024242173056543193,-0.02443725509171435,0.00019508203517115685,,,,-4.791280309938532,-4.830899486824239,0.6800240143048265,-7.435818143346159,,,,,,,,240,2023-12-05 15:30:00,2023-12-05 15:30:00,2023-12-06 03:30:00,2228.5,2282.4,1.0,0.0001,9.508203517115685e-05,0.0,0.00019508203517115685,1.0,1.0,0.0,2.0,-4.830899486824239,-4.791280309938532,0.039619176885706875,0.6800240143048265,-7.435818143346159,1,19,11.249602718545928,atr_48,0.0,fractional_return,R,False
ETHUSD,2023-12-08 07:00:00,2023-12-08 07:00:00,2023-12-08 19:00:00,short,,,2359.1000000000004,2351.65,,,position_exit,24,0.002937707008277668,0.002736887394371168,0.00020081961390649994,,,,0.5862909739394585,0.5491602615469612,1.566065823006056,-1.3889980791987717,,,,,,,,241,2023-12-08 07:00:00,2023-12-08 07:00:00,2023-12-08 19:00:00,2359.1000000000004,2351.65,1.0,0.0001,0.00010081961390649993,0.0,0.00020081961390649994,1.0,1.0,0.0,2.0,0.5491602615469612,0.5862909739394585,0.03713071239249734,1.566065823006056,-1.3889980791987717,14,16,12.707001013407336,atr_48,0.0,fractional_return,R,False
ETHUSD,2023-12-13 16:30:00,2023-12-13 16:30:00,2023-12-14 04:30:00,short,,,2204.55,2248.3500000000004,,,position_exit,24,-0.019734433233947635,-0.01993031577240101,0.00019588253845337356,,,,-3.513763052895758,-3.549134132065901,0.24467984729069991,-6.285464273844319,,,,,,,,242,2023-12-13 16:30:00,2023-12-13 16:30:00,2023-12-14 04:30:00,2204.55,2248.3500000000004,1.0,0.0001,9.588253845337355e-05,0.0,0.00019588253845337356,1.0,1.0,0.0,2.0,-3.549134132065901,-3.513763052895758,0.03537107917014298,0.24467984729069991,-6.285464273844319,1,11,12.46526852853774,atr_48,0.0,fractional_return,R,False
ETHUSD,2023-12-18 12:30:00,2023-12-18 12:30:00,2023-12-19 00:30:00,long,,,2126.2,2213.75,,,position_exit,24,0.04117674724861198,0.04096859520364893,0.0002081520449630503,,,,8.29334444785909,8.253062759760773,9.2216685551009,-0.05209982234517678,,,,,,,,243,2023-12-18 12:30:00,2023-12-18 12:30:00,2023-12-19 00:30:00,2126.2,2213.75,1.0,0.0001,0.00010815204496305028,0.0,0.0002081520449630503,1.0,1.0,0.0,2.0,8.253062759760773,8.29334444785909,0.0402816880983163,9.2216685551009,-0.05209982234517678,19,1,10.55665787794465,atr_48,0.0,fractional_return,R,False
ETHUSD,2023-12-23 00:00:00,2023-12-23 00:00:00,2023-12-23 12:00:00,short,,,2322.3500000000004,2295.15,,,position_exit,24,0.011695306748665146,0.011492689682896629,0.0002026170657685178,,,,1.8817974145400227,1.8496636481748978,3.7808907611989793,-0.26981654105534303,,,,,,,,244,2023-12-23 00:00:00,2023-12-23 00:00:00,2023-12-23 12:00:00,2322.3500000000004,2295.15,1.0,0.0001,0.00010261706576851779,0.0,0.0002026170657685178,1.0,1.0,0.0,2.0,1.8496636481748978,1.8817974145400227,0.03213376636512485,3.7808907611989793,-0.26981654105534303,8,1,14.454265793881381,atr_48,0.0,fractional_return,R,False
ETHUSD,2023-12-27 16:30:00,2023-12-27 16:30:00,2023-12-28 04:30:00,short,,,2367.0,2404.35,,,position_exit,24,-0.016020729093074837,-0.01621663300044207,0.00019590390736723418,,,,-3.16800790224505,-3.2081614481867584,2.629404149119057,-6.7304264268580045,,,,,,,,245,2023-12-27 16:30:00,2023-12-27 16:30:00,2023-12-28 04:30:00,2367.0,2404.35,1.0,0.0001,9.590390736723417e-05,0.0,0.00019590390736723418,1.0,1.0,0.0,2.0,-3.2081614481867584,-3.16800790224505,0.040153545941708446,2.629404149119057,-6.7304264268580045,3,17,11.789743318989624,atr_48,0.0,fractional_return,R,False
ETHUSD,2023-12-29 09:30:00,2023-12-29 09:30:00,2023-12-29 21:30:00,short,,,2369.0,2285.6,,,position_exit,24,0.035902838447223084,0.035696288383791686,0.0002065500634313988,,,,5.493484478175232,5.462275689856774,5.9578617632008175,-1.1428292049920825,,,,,,,,246,2023-12-29 09:30:00,2023-12-29 09:30:00,2023-12-29 21:30:00,2369.0,2285.6,1.0,0.0001,0.0001065500634313988,0.0,0.0002065500634313988,1.0,1.0,0.0,2.0,5.462275689856774,5.493484478175232,0.0312087883184583,5.9578617632008175,-1.1428292049920825,24,10,15.181621124321994,atr_48,0.0,fractional_return,R,False
ETHUSD,2024-01-04 10:00:00,2024-01-04 10:00:00,2024-01-04 22:00:00,long,,,2213.2,2277.1,,,position_exit,24,0.028872221218146032,0.02866652483101384,0.00020569638713219263,,,,4.209530544647952,4.180370816943993,5.5171859642295065,-0.05270147786724895,,,,,,,,247,2024-01-04 10:00:00,2024-01-04 10:00:00,2024-01-04 22:00:00,2213.2,2277.1,1.0,0.0001,0.00010569638713219262,0.0,0.00020569638713219263,1.0,1.0,0.0,2.0,4.180370816943993,4.209530544647952,0.02915972770395879,5.5171859642295065,-0.05270147786724895,21,1,15.179839966060664,atr_48,0.0,fractional_return,R,False
ETHUSD,2024-01-06 06:30:00,2024-01-06 06:30:00,2024-01-06 18:30:00,long,,,2220.8500000000004,2248.75,,,position_exit,24,0.012562757502756927,0.01236012225814398,0.00020263524461294757,,,,2.222798073636307,2.1874109689636527,2.8004068920543514,-0.20714247281201728,,,,,,,,248,2024-01-06 06:30:00,2024-01-06 06:30:00,2024-01-06 18:30:00,2220.8500000000004,2248.75,1.0,0.0001,0.00010263524461294757,0.0,0.00020263524461294757,1.0,1.0,0.0,2.0,2.1874109689636527,2.222798073636307,0.03538710467265418,2.8004068920543514,-0.20714247281201728,24,1,12.551747426322729,atr_48,0.0,fractional_return,R,False
ETHUSD,2024-01-09 00:30:00,2024-01-09 00:30:00,2024-01-09 12:30:00,short,,,2308.65,2265.9,,,position_exit,24,0.018501880492864275,0.018299667540429443,0.00020221295243483262,,,,3.204587205629557,3.169975414975631,5.475908663654696,-0.8358163121115755,,,,,,,,249,2024-01-09 00:30:00,2024-01-09 00:30:00,2024-01-09 12:30:00,2308.65,2265.9,1.0,0.0001,0.00010221295243483261,0.0,0.00020221295243483262,1.0,1.0,0.0,2.0,3.169975414975631,3.204587205629557,0.03461179065392597,5.475908663654696,-0.8358163121115755,24,9,13.340251725682576,atr_48,0.0,fractional_return,R,False
ETHUSD,2024-01-12 00:00:00,2024-01-12 00:00:00,2024-01-12 12:00:00,long,,,2606.65,2675.15,,,position_exit,24,0.026278940402432616,0.02607476127347419,0.00020417912895842605,,,,2.765646986542046,2.744598596126076,2.991743674492925,-1.0416597409165553,,,,,,,,250,2024-01-12 00:00:00,2024-01-12 00:00:00,2024-01-12 12:00:00,2606.65,2675.15,1.0,0.0001,0.00010417912895842604,0.0,0.00020417912895842605,1.0,1.0,0.0,2.0,2.744598596126076,2.765646986542046,0.021048390415970293,2.991743674492925,-1.0416597409165553,24,2,24.768164676594235,atr_48,0.0,fractional_return,R,False
ETHUSD,2024-01-18 18:00:00,2024-01-18 18:00:00,2024-01-19 06:00:00,short,,,2458.45,2461.1000000000004,,,position_exit,24,-0.0013872707051632016,-0.0015869427260265523,0.00019967202086335067,,,,-0.20961743732439045,-0.24851056855382755,2.709206501267507,-1.0836826005070246,,,,,,,,251,2024-01-18 18:00:00,2024-01-18 18:00:00,2024-01-19 06:00:00,2458.45,2461.1000000000004,1.0,0.0001,9.967202086335067e-05,0.0,0.00019967202086335067,1.0,1.0,0.0,2.0,-0.24851056855382755,-0.20961743732439045,0.0388931312294371,2.709206501267507,-1.0836826005070246,5,12,12.642078034279068,atr_48,0.0,fractional_return,R,False
ETHUSD,2024-01-24 10:30:00,2024-01-24 10:30:00,2024-01-24 22:30:00,short,,,2255.55,2221.3500000000004,,,position_exit,24,0.015125382446079305,0.014922275967966359,0.00020310647811294658,,,,2.302858681389338,2.2724831673612225,3.9929684153914877,-0.04713453441438965,,,,,,,,252,2024-01-24 10:30:00,2024-01-24 10:30:00,2024-01-24 22:30:00,2255.55,2221.3500000000004,1.0,0.0001,0.00010310647811294657,0.0,0.00020310647811294658,1.0,1.0,0.0,2.0,2.2724831673612225,2.302858681389338,0.030375514028115495,3.9929684153914877,-0.04713453441438965,20,1,14.85110670332867,atr_48,0.0,fractional_return,R,False
ETHUSD,2024-01-25 20:30:00,2024-01-25 20:30:00,2024-01-26 08:30:00,short,,,2221.35,2209.4,,,position_exit,24,0.005191751640939879,0.004990906910487869,0.00020084473045201,,,,0.9350825677153746,0.9003186235849213,2.007101913129691,-1.2363434786529968,,,,,,,,253,2024-01-25 20:30:00,2024-01-25 20:30:00,2024-01-26 08:30:00,2221.35,2209.4,1.0,0.0001,0.00010084473045201001,0.0,0.00020084473045201,1.0,1.0,0.0,2.0,0.9003186235849213,0.9350825677153746,0.0347639441304532,2.007101913129691,-1.2363434786529968,22,12,12.77962012402441,atr_48,0.0,fractional_return,R,False
ETHUSD,2024-02-07 16:30:00,2024-02-07 16:30:00,2024-02-08 04:30:00,long,,,2396.8500000000004,2426.75,,,position_exit,24,0.012474706385464662,0.012272017154390413,0.00020268923107424897,,,,3.031416093195722,2.9828150921055796,4.820864054563796,-0.20277030723722062,,,,,,,,254,2024-02-07 16:30:00,2024-02-07 16:30:00,2024-02-08 04:30:00,2396.8500000000004,2426.75,1.0,0.0001,0.00010268923107424896,0.0,0.00020268923107424897,1.0,1.0,0.0,2.0,2.9828150921055796,3.031416093195722,0.04860100109014218,4.820864054563796,-0.20277030723722062,8,1,9.86337707552348,atr_48,0.0,fractional_return,R,False
ETHUSD,2024-02-09 02:00:00,2024-02-09 02:00:00,2024-02-09 14:00:00,long,,,2436.25,2490.75,,,position_exit,24,0.02237044638276031,0.022165071371780698,0.00020537501097961375,,,,5.81278451140243,5.760816084738562,9.193798621704376,-0.34663393875335596,,,,,,,,255,2024-02-09 02:00:00,2024-02-09 02:00:00,2024-02-09 14:00:00,2436.25,2490.75,1.0,0.0001,0.00010537501097961374,0.0,0.00020537501097961375,1.0,1.0,0.0,2.0,5.760816084738562,5.81278451140243,0.05196842666386852,9.193798621704376,-0.34663393875335596,20,1,9.375885153336085,atr_48,0.0,fractional_return,R,False
ETHUSD,2024-02-13 07:30:00,2024-02-13 07:30:00,2024-02-13 19:30:00,long,,,2649.25,2611.45,,,position_exit,24,-0.014268189110125284,-0.014466057824478296,0.00019786871435301112,,,,-3.0875658139263735,-3.1308448283842805,3.014052342166215,-4.774291582645373,,,,,,,,256,2024-02-13 07:30:00,2024-02-13 07:30:00,2024-02-13 19:30:00,2649.25,2611.45,1.0,0.0001,9.786871435301112e-05,0.0,0.00019786871435301112,1.0,1.0,0.0,2.0,-3.1308448283842805,-3.0875658139263735,0.04327901445790691,3.014052342166215,-4.774291582645373,9,13,12.242654012265717,atr_48,0.0,fractional_return,R,False
ETHUSD,2024-02-14 09:00:00,2024-02-14 09:00:00,2024-02-14 21:00:00,long,,,2728.75,2760.35,,,position_exit,24,0.011580393953275259,0.011377901110215527,0.0002024928430597317,,,,2.173067696267523,2.135537579329611,2.9329537103104526,-0.2131806917224412,,,,,,,,257,2024-02-14 09:00:00,2024-02-14 09:00:00,2024-02-14 21:00:00,2728.75,2760.35,1.0,0.0001,0.00010249284305973169,0.0,0.0002024928430597317,1.0,1.0,0.0,2.0,2.135537579329611,2.173067696267523,0.03753011693791152,2.9329537103104526,-0.2131806917224412,11,1,14.541654663716324,atr_48,0.0,fractional_return,R,False
ETHUSD,2024-02-15 09:00:00,2024-02-15 09:00:00,2024-02-15 21:00:00,short,,,2786.15,2828.5,,,position_exit,24,-0.015310256012206702,-0.015507119800362679,0.0001968637881559765,,,,-2.7433123945704434,-2.7794081670763817,0.5246949326096905,-5.357070484792843,,,,,,,,258,2024-02-15 09:00:00,2024-02-15 09:00:00,2024-02-15 21:00:00,2786.15,2828.5,1.0,0.0001,9.686378815597649e-05,0.0,0.0001968637881559765,1.0,1.0,0.0,2.0,-2.7794081670763817,-2.7433123945704434,0.03609577250593841,0.5246949326096905,-5.357070484792843,6,12,15.437541886887878,atr_48,0.0,fractional_return,R,False
ETHUSD,2024-02-19 16:30:00,2024-02-19 16:30:00,2024-02-20 04:30:00,short,,,2897.45,2924.3500000000004,,,position_exit,24,-0.009682565272174815,-0.009880860443171824,0.00019829517099700933,,,,-1.870604993175011,-1.910902275238021,0.664099542186635,-6.0290502939877575,,,,,,,,259,2024-02-19 16:30:00,2024-02-19 16:30:00,2024-02-20 04:30:00,2897.45,2924.3500000000004,1.0,0.0001,9.829517099700932e-05,0.0,0.00019829517099700933,1.0,1.0,0.0,2.0,-1.910902275238021,-1.870604993175011,0.04029728206300986,0.664099542186635,-6.0290502939877575,1,11,14.380374316409098,atr_48,0.0,fractional_return,R,False
ETHUSD,2024-02-26 05:30:00,2024-02-26 05:30:00,2024-02-26 17:30:00,short,,,3107.1,3149.45,,,position_exit,24,-0.0140215556049742,-0.014218785297599235,0.00019722969262503387,,,,-2.9753505037529804,-3.0190091179216267,4.872268180289714,-4.141603593771887,,,,,,,,260,2024-02-26 05:30:00,2024-02-26 05:30:00,2024-02-26 17:30:00,3107.1,3149.45,1.0,0.0001,9.722969262503387e-05,0.0,0.00019722969262503387,1.0,1.0,0.0,2.0,-3.0190091179216267,-2.9753505037529804,0.04365861416864654,4.872268180289714,-4.141603593771887,8,21,14.23361716429087,atr_48,0.0,fractional_return,R,False
ETHUSD,2024-02-27 07:00:00,2024-02-27 07:00:00,2024-02-27 19:00:00,short,,,3223.65,3244.3500000000004,,,position_exit,24,-0.006691480593358778,-0.006890366121949376,0.00019888552859059772,,,,-1.1090742557328805,-1.1436179004139748,1.0287065560420932,-3.4826003199341202,,,,,,,,261,2024-02-27 07:00:00,2024-02-27 07:00:00,2024-02-27 19:00:00,3223.65,3244.3500000000004,1.0,0.0001,9.888552859059771e-05,0.0,0.00019888552859059772,1.0,1.0,0.0,2.0,-1.1436179004139748,-1.1090742557328805,0.034543644681094235,1.0287065560420932,-3.4826003199341202,18,11,18.66421467543815,atr_48,0.0,fractional_return,R,False
ETHUSD,2024-03-01 06:00:00,2024-03-01 06:00:00,2024-03-01 18:00:00,short,,,3397.55,3428.15,,,position_exit,24,-0.009337880764917927,-0.00953625887009446,0.0001983781051765332,,,,-1.0324749823429664,-1.0554023377433543,1.4086872716607508,-1.7612808522321184,,,,,,,,262,2024-03-01 06:00:00,2024-03-01 06:00:00,2024-03-01 18:00:00,3397.55,3428.15,1.0,0.0001,9.83781051765332e-05,0.0,0.0001983781051765332,1.0,1.0,0.0,2.0,-1.0554023377433543,-1.0324749823429664,0.02292735540038795,1.4086872716607508,-1.7612808522321184,4,14,29.6375219964751,atr_48,0.0,fractional_return,R,False
ETHUSD,2024-03-04 23:00:00,2024-03-04 23:00:00,2024-03-05 11:30:00,long,,,3624.55,3732.15,,,position_exit,25,0.029686443834406884,0.029480307182271126,0.00020613665213575771,,,,4.470942590399418,4.4408214845146,4.907233456562931,-0.625350241501042,,,,,,,,263,2024-03-04 23:00:00,2024-03-04 23:00:00,2024-03-05 11:30:00,3624.55,3732.15,1.0,0.0001,0.00010613665213575771,0.0,0.00020613665213575771,1.0,1.0,0.0,2.0,4.4408214845146,4.470942590399418,0.030121105884818266,4.907233456562931,-0.625350241501042,25,1,24.06651345312562,atr_48,0.0,fractional_return,R,False
ETHUSD,2024-03-12 00:30:00,2024-03-12 00:30:00,2024-03-12 12:30:00,short,,,4058.95,4022.55,,,position_exit,24,0.008465143739140757,0.008262591240692174,0.0002025524984485827,,,,1.4958919159873767,1.4625306495456347,3.77671612855057,-0.468493622040011,,,,,,,,264,2024-03-12 00:30:00,2024-03-12 00:30:00,2024-03-12 12:30:00,4058.95,4022.55,1.0,0.0001,0.00010255249844858269,0.0,0.0002025524984485827,1.0,1.0,0.0,2.0,1.4625306495456347,1.4958919159873767,0.03336126644174189,3.77671612855057,-0.468493622040011,15,1,24.33330885137747,atr_48,0.0,fractional_return,R,False
ETHUSD,2024-03-13 20:00:00,2024-03-13 20:00:00,2024-03-14 08:00:00,long,,,4002.6,3979.6,,,position_exit,24,-0.005746264927797173,-0.005944722269899616,0.0001984573421024427,,,,-0.8502926429999765,-0.8798872632858175,0.37893476481520694,-2.1959731736608123,,,,,,,,265,2024-03-13 20:00:00,2024-03-13 20:00:00,2024-03-14 08:00:00,4002.6,3979.6,1.0,0.0001,9.84573421024427e-05,0.0,0.0001984573421024427,1.0,1.0,0.0,2.0,-0.8798872632858175,-0.8502926429999765,0.029594620285840922,0.37893476481520694,-2.1959731736608123,6,18,27.04951076473166,atr_48,0.0,fractional_return,R,False
ETHUSD,2024-03-16 18:00:00,2024-03-16 18:00:00,2024-03-17 06:00:00,long,,,3599.85,3519.75,,,position_exit,24,-0.022250927121963637,-0.02244716434059768,0.0001962372186340433,,,,-2.403597773861861,-2.425202246886172,1.089270901263247,-3.948982110364807,,,,,,,,266,2024-03-16 18:00:00,2024-03-16 18:00:00,2024-03-17 06:00:00,3599.85,3519.75,1.0,0.0001,9.62372186340433e-05,0.0,0.0001962372186340433,1.0,1.0,0.0,2.0,-2.425202246886172,-2.403597773861861,0.021604473024311188,1.089270901263247,-3.948982110364807,3,10,33.32504334587697,atr_48,0.0,fractional_return,R,False
ETHUSD,2024-03-21 00:30:00,2024-03-21 00:30:00,2024-03-21 12:30:00,long,,,3517.1,3542.65,,,position_exit,24,0.007264507690995403,0.007062911341871869,0.00020159634912353397,,,,0.5398753346186858,0.5250119644473561,1.4822800283170483,-1.4579803557216848,,,,,,,,267,2024-03-21 00:30:00,2024-03-21 00:30:00,2024-03-21 12:30:00,3517.1,3542.65,1.0,0.0001,0.00010159634912353396,0.0,0.00020159634912353397,1.0,1.0,0.0,2.0,0.5250119644473561,0.5398753346186858,0.014863370171329677,1.4822800283170483,-1.4579803557216848,17,9,47.32574052127453,atr_48,0.0,fractional_return,R,False
ETHUSD,2024-03-26 14:30:00,2024-03-26 14:30:00,2024-03-27 02:30:00,long,,,3593.45,3618.55,,,position_exit,24,0.006984930915972631,0.006783912689198646,0.00020101822677398573,,,,1.04673636703893,1.0167650937470099,1.4220601639851544,-2.0246633713043436,,,,,,,,268,2024-03-26 14:30:00,2024-03-26 14:30:00,2024-03-27 02:30:00,3593.45,3618.55,1.0,0.0001,0.00010101822677398573,0.0,0.00020101822677398573,1.0,1.0,0.0,2.0,1.0167650937470099,1.04673636703893,0.02997127329192023,1.4220601639851544,-2.0246633713043436,21,4,23.979294873459622,atr_48,0.0,fractional_return,R,False
ETHUSD,2024-03-27 15:30:00,2024-03-27 15:30:00,2024-03-28 03:30:00,long,,,3512.85,3495.7,,,position_exit,24,-0.0048820758073929715,-0.0050806795584782405,0.00019860375108526895,,,,-0.6897475419997264,-0.7180038644826854,0.7339879091250694,-2.09739558689712,,,,,,,,269,2024-03-27 15:30:00,2024-03-27 15:30:00,2024-03-28 03:30:00,3512.85,3495.7,1.0,0.0001,9.860375108526895e-05,0.0,0.00019860375108526895,1.0,1.0,0.0,2.0,-0.7180038644826854,-0.6897475419997264,0.028256322482958906,0.7339879091250694,-2.09739558689712,3,6,24.864169795050742,atr_48,0.0,fractional_return,R,False
ETHUSD,2024-04-01 13:00:00,2024-04-01 13:00:00,2024-04-02 01:00:00,long,,,3563.35,3495.15,,,position_exit,24,-0.019139293080948527,-0.01933534597709985,0.00019605289615132193,,,,-4.192438348347535,-4.2362480996337055,0.4794870838286162,-9.039560984230286,,,,,,,,270,2024-04-01 13:00:00,2024-04-01 13:00:00,2024-04-02 01:00:00,3563.35,3495.15,1.0,0.0001,9.605289615132193e-05,0.0,0.00019605289615132193,1.0,1.0,0.0,2.0,-4.2362480996337055,-4.192438348347535,0.04380975128617076,0.4794870838286162,-9.039560984230286,1,9,16.267382924517207,atr_48,0.0,fractional_return,R,False
ETHUSD,2024-04-03 08:30:00,2024-04-03 08:30:00,2024-04-03 20:30:00,short,,,3344.8,3307.15,,,position_exit,24,0.01061400270532098,0.010411824231280065,0.00020217847404091494,,,,1.5691830482876494,1.5413020206121513,2.561123461282238,-0.9502622443813707,,,,,,,,271,2024-04-03 08:30:00,2024-04-03 08:30:00,2024-04-03 20:30:00,3344.8,3307.15,1.0,0.0001,0.00010217847404091493,0.0,0.00020217847404091494,1.0,1.0,0.0,2.0,1.5413020206121513,1.5691830482876494,0.027881027675498105,2.561123461282238,-0.9502622443813707,19,16,23.99337670712487,atr_48,0.0,fractional_return,R,False
ETHUSD,2024-04-04 13:00:00,2024-04-04 13:00:00,2024-04-05 01:00:00,short,,,3365.35,3303.8,,,position_exit,24,0.017935172091654517,0.01773238980289782,0.00020278228875669768,,,,2.953850090473226,2.921548743919289,4.076841026575161,-3.781695972856081,,,,,,,,272,2024-04-04 13:00:00,2024-04-04 13:00:00,2024-04-05 01:00:00,3365.35,3303.8,1.0,0.0001,0.00010278228875669768,0.0,0.00020278228875669768,1.0,1.0,0.0,2.0,2.921548743919289,2.953850090473226,0.032301346553937016,4.076841026575161,-3.781695972856081,14,10,20.837211813324966,atr_48,0.0,fractional_return,R,False
ETHUSD,2024-04-08 08:00:00,2024-04-08 08:00:00,2024-04-08 20:00:00,long,,,3560.85,3685.85,,,position_exit,24,0.035103977982785084,0.034896508424112405,0.00020746955867267936,,,,7.112087007307308,7.071566887275356,8.560107921995092,-0.06827603527013981,,,,,,,,273,2024-04-08 08:00:00,2024-04-08 08:00:00,2024-04-08 20:00:00,3560.85,3685.85,1.0,0.0001,0.00010746955867267935,0.0,0.00020746955867267936,1.0,1.0,0.0,2.0,7.071566887275356,7.112087007307308,0.040520120031952364,8.560107921995092,-0.06827603527013981,21,1,17.575712989952013,atr_48,0.0,fractional_return,R,False
ETHUSD,2024-04-09 12:00:00,2024-04-09 12:00:00,2024-04-10 00:00:00,long,,,3627.7,3517.15,,,position_exit,24,-0.030473853957052932,-0.030667431139289603,0.00019357718223667053,,,,-5.031776416522787,-5.06479998107497,0.7054955626965481,-7.942514560680493,,,,,,,,274,2024-04-09 12:00:00,2024-04-09 12:00:00,2024-04-10 00:00:00,3627.7,3517.15,1.0,0.0001,9.357718223667053e-05,0.0,0.00019357718223667053,1.0,1.0,0.0,2.0,-5.06479998107497,-5.031776416522787,0.033023564552184095,0.7054955626965481,-7.942514560680493,1,10,21.970372061244205,atr_48,0.0,fractional_return,R,False
ETHUSD,2024-04-13 11:00:00,2024-04-13 11:00:00,2024-04-13 23:00:00,short,,,3277.15,3028.25,,,position_exit,24,0.07496088358737629,0.0747456382131273,0.0002152453742489957,,,,9.933990612777977,9.907831370241485,16.992352363962322,-0.8181872541661248,,,,,,,,275,2024-04-13 11:00:00,2024-04-13 11:00:00,2024-04-13 23:00:00,3277.15,3028.25,1.0,0.0001,0.0001152453742489957,0.0,0.0002152453742489957,1.0,1.0,0.0,2.0,9.907831370241485,9.933990612777977,0.02615924253649284,16.992352363962322,-0.8181872541661248,18,9,25.05538908803104,atr_48,0.0,fractional_return,R,False
ETHUSD,2024-04-14 22:00:00,2024-04-14 22:00:00,2024-04-15 10:00:00,short,,,3155.85,3255.45,,,position_exit,24,-0.03150808098435809,-0.031701716197989116,0.0001936352136310271,,,,-2.557870785268352,-2.5740801357054788,1.325161973090832,-2.866047988312732,,,,,,,,276,2024-04-14 22:00:00,2024-04-14 22:00:00,2024-04-15 10:00:00,3155.85,3255.45,1.0,0.0001,9.363521363102709e-05,0.0,0.0001936352136310271,1.0,1.0,0.0,2.0,-2.5740801357054788,-2.557870785268352,0.01620935043712678,1.325161973090832,-2.866047988312732,6,21,38.93863621791616,atr_48,0.0,fractional_return,R,False
ETHUSD,2024-04-16 04:00:00,2024-04-16 04:00:00,2024-04-16 16:00:00,long,,,3035.95,3017.45,,,position_exit,24,-0.006093644493485595,-0.0062921852782487075,0.00019854078476311265,,,,-0.5303178865880104,-0.547723492942463,2.645856266598565,-1.2684630530551058,,,,,,,,277,2024-04-16 04:00:00,2024-04-16 04:00:00,2024-04-16 16:00:00,3035.95,3017.45,1.0,0.0001,9.854078476311265e-05,0.0,0.00019854078476311265,1.0,1.0,0.0,2.0,-0.547723492942463,-0.5303178865880104,0.01740560635445265,2.645856266598565,-1.2684630530551058,7,1,34.884736999964986,atr_48,0.0,fractional_return,R,False
ETHUSD,2024-04-27 01:00:00,2024-04-27 01:00:00,2024-04-27 13:00:00,long,,,3083.0,3139.2,,,position_exit,24,0.018228997729484053,0.018025423734349122,0.00020357399513493135,,,,3.029538378180333,2.9962997062232866,3.4527034363425533,-0.06199233336134643,,,,,,,,278,2024-04-27 01:00:00,2024-04-27 01:00:00,2024-04-27 13:00:00,3083.0,3139.2,1.0,0.0001,0.00010357399513493135,0.0,0.00020357399513493135,1.0,1.0,0.0,2.0,2.9962997062232866,3.029538378180333,0.03323867195704625,3.4527034363425533,-0.06199233336134643,24,1,18.550680989806732,atr_48,0.0,fractional_return,R,False
ETHUSD,2024-04-29 13:30:00,2024-04-29 13:30:00,2024-04-30 01:30:00,long,,,3131.95,3172.45,,,position_exit,24,0.01293124092019382,0.012726982311819013,0.0002042586083748077,,,,2.109981955858981,2.077348089258228,6.18407057186325,-0.29175059142740994,,,,,,,,279,2024-04-29 13:30:00,2024-04-29 13:30:00,2024-04-30 01:30:00,3131.95,3172.45,1.0,0.0001,0.00010425860837480769,0.0,0.0002042586083748077,1.0,1.0,0.0,2.0,2.077348089258228,2.109981955858981,0.032633866600753264,6.18407057186325,-0.29175059142740994,22,1,19.194476942108402,atr_48,0.0,fractional_return,R,False
ETHUSD,2024-05-02 08:00:00,2024-05-02 08:00:00,2024-05-02 20:00:00,short,,,2942.05,2988.3,,,position_exit,24,-0.01581284851870679,-0.016009290561560308,0.0001964420428535174,,,,-1.8097884857152118,-1.8328132996153133,0.30717491054843393,-2.7743568353990886,,,,,,,,280,2024-05-02 08:00:00,2024-05-02 08:00:00,2024-05-02 20:00:00,2942.05,2988.3,1.0,0.0001,9.64420428535174e-05,0.0,0.0001964420428535174,1.0,1.0,0.0,2.0,-1.8328132996153133,-1.8097884857152118,0.02302481390010136,0.30717491054843393,-2.7743568353990886,2,8,25.555472567680983,atr_48,0.0,fractional_return,R,False
ETHUSD,2024-05-09 15:00:00,2024-05-09 15:00:00,2024-05-10 03:00:00,long,,,3014.65,3028.75,,,position_exit,24,0.004677159869304726,0.004476194682466739,0.00020096518683798692,,,,0.8155814173522196,0.7807063461490864,2.559537426796876,-1.4489584755087241,,,,,,,,281,2024-05-09 15:00:00,2024-05-09 15:00:00,2024-05-10 03:00:00,3014.65,3028.75,1.0,0.0001,0.00010096518683798692,0.0,0.00020096518683798692,1.0,1.0,0.0,2.0,0.7807063461490864,0.8155814173522196,0.03487507120313312,2.559537426796876,-1.4489584755087241,15,4,17.28828011527712,atr_48,0.0,fractional_return,R,False
ETHUSD,2024-05-16 06:00:00,2024-05-16 06:00:00,2024-05-16 18:00:00,short,,,3018.05,2948.85,,,position_exit,24,0.02316542653878817,0.022960744637882557,0.00020468190090561222,,,,4.985161942033697,4.941677930475446,6.663691902284901,-0.6915831595884805,,,,,,,,282,2024-05-16 06:00:00,2024-05-16 06:00:00,2024-05-16 18:00:00,3018.05,2948.85,1.0,0.0001,0.00010468190090561222,0.0,0.00020468190090561222,1.0,1.0,0.0,2.0,4.941677930475446,4.985161942033697,0.043484011558250706,6.663691902284901,-0.6915831595884805,23,4,13.881193992219664,atr_48,0.0,fractional_return,R,False
ETHUSD,2024-05-17 07:00:00,2024-05-17 07:00:00,2024-05-17 19:00:00,long,,,3029.15,3084.45,,,position_exit,24,0.018255946387600863,0.018052203052176363,0.00020374333542449996,,,,3.8726607006541554,3.8302344071229197,6.365729795469526,-1.0154354459219805,,,,,,,,283,2024-05-17 07:00:00,2024-05-17 07:00:00,2024-05-17 19:00:00,3029.15,3084.45,1.0,0.0001,0.00010374333542449996,0.0,0.00020374333542449996,1.0,1.0,0.0,2.0,3.8302344071229197,3.8726607006541554,0.04242629353123542,6.365729795469526,-1.0154354459219805,18,1,14.279588188724786,atr_48,0.0,fractional_return,R,False
ETHUSD,2024-05-22 07:00:00,2024-05-22 07:00:00,2024-05-22 19:00:00,short,,,3744.75,3738.85,,,position_exit,24,0.000902370929959595,0.0007020447292491738,0.00020032620071042118,,,,0.19791076072563657,0.1727878345823377,3.039104224024132,-1.7292033415943127,,,,,,,,284,2024-05-22 07:00:00,2024-05-22 07:00:00,2024-05-22 19:00:00,3744.75,3738.85,1.0,0.0001,0.00010032620071042117,0.0,0.00020032620071042118,1.0,1.0,0.0,2.0,0.1727878345823377,0.19791076072563657,0.025122926143298852,3.039104224024132,-1.7292033415943127,11,20,29.81141590466247,atr_48,0.0,fractional_return,R,False
ETHUSD,2024-05-23 09:30:00,2024-05-23 09:30:00,2024-05-23 21:30:00,long,,,3807.85,3842.9,,,position_exit,24,0.009204669301574597,0.009004550540856027,0.0002001187607185706,,,,1.2620609633049804,1.2346387730674864,5.003234546397332,-9.965060530517858,,,,,,,,285,2024-05-23 09:30:00,2024-05-23 09:30:00,2024-05-23 21:30:00,3807.85,3842.9,1.0,0.0001,0.0001001187607185706,0.0,0.0002001187607185706,1.0,1.0,0.0,2.0,1.2346387730674864,1.2620609633049804,0.02742219023749412,5.003234546397332,-9.965060530517858,5,21,27.772034013487076,atr_48,0.0,fractional_return,R,False
ETHUSD,2024-05-27 03:00:00,2024-05-27 03:00:00,2024-05-27 15:00:00,long,,,3933.45,3929.95,,,position_exit,24,-0.0008898041159799419,-0.0010899275643521111,0.00020012344837216922,,,,-0.16828804841606884,-0.2061139126470509,0.9352007261978814,-2.4377725870556173,,,,,,,,286,2024-05-27 03:00:00,2024-05-27 03:00:00,2024-05-27 15:00:00,3933.45,3929.95,1.0,0.0001,0.00010012344837216922,0.0,0.00020012344837216922,1.0,1.0,0.0,2.0,-0.2061139126470509,-0.16828804841606884,0.037825864230982054,0.9352007261978814,-2.4377725870556173,10,15,20.797674183889374,atr_48,0.0,fractional_return,R,False
ETHUSD,2024-05-28 03:00:00,2024-05-28 03:00:00,2024-05-28 15:00:00,long,,,3844.55,3836.05,,,position_exit,24,-0.0022109219544550474,-0.002410978253372109,0.00020005629891706178,,,,-0.36766193945994524,-0.4009206385034919,3.6636430908537996,-1.0597314725610187,,,,,,,,287,2024-05-28 03:00:00,2024-05-28 03:00:00,2024-05-28 15:00:00,3844.55,3836.05,1.0,0.0001,0.00010005629891706178,0.0,0.00020005629891706178,1.0,1.0,0.0,2.0,-0.4009206385034919,-0.36766193945994524,0.033258699043546655,3.6636430908537996,-1.0597314725610187,14,3,23.119064248220962,atr_48,0.0,fractional_return,R,False
ETHUSD,2024-05-30 12:00:00,2024-05-30 12:00:00,2024-05-31 00:00:00,long,,,3752.85,3748.25,,,position_exit,24,-0.0012257351079842937,-0.0014254719800950166,0.00019973687211072289,,,,-0.2192611688335038,-0.2550374417664095,3.3651822868794903,-1.5538943704287709,,,,,,,,288,2024-05-30 12:00:00,2024-05-30 12:00:00,2024-05-31 00:00:00,3752.85,3748.25,1.0,0.0001,9.973687211072288e-05,0.0,0.00019973687211072289,1.0,1.0,0.0,2.0,-0.2550374417664095,-0.2192611688335038,0.0357762729329057,3.3651822868794903,-1.5538943704287709,11,16,20.979547014514566,atr_48,0.0,fractional_return,R,False
ETHUSD,2024-06-06 19:30:00,2024-06-06 19:30:00,2024-06-07 07:30:00,long,,,3790.8,3815.9,,,position_exit,24,0.0066212936583314175,0.0064198541749769245,0.00020143948335449302,,,,1.874232825204708,1.8176205399952576,2.5985379409212577,-2.2961218874519913,,,,,,,,289,2024-06-06 19:30:00,2024-06-06 19:30:00,2024-06-07 07:30:00,3790.8,3815.9,1.0,0.0001,0.00010143948335449302,0.0,0.00020143948335449302,1.0,1.0,0.0,2.0,1.8176205399952576,1.874232825204708,0.05661228520945046,2.5985379409212577,-2.2961218874519913,20,1,13.392146195741946,atr_48,0.0,fractional_return,R,False
ETHUSD,2024-06-08 10:00:00,2024-06-08 10:00:00,2024-06-08 22:00:00,long,,,3684.65,3670.85,,,position_exit,24,-0.0037452675288017767,-0.003944655052040447,0.00019938752323866993,,,,-0.9860565323952417,-1.0387126657588661,0.9146031604825114,-1.6791542399483967,,,,,,,,290,2024-06-08 10:00:00,2024-06-08 10:00:00,2024-06-08 22:00:00,3684.65,3670.85,1.0,0.0001,9.938752323866992e-05,0.0,0.00019938752323866993,1.0,1.0,0.0,2.0,-1.0387126657588661,-0.9860565323952417,0.05265613336362435,0.9146031604825114,-1.6791542399483967,10,7,13.995140792261106,atr_48,0.0,fractional_return,R,False
ETHUSD,2024-06-10 15:30:00,2024-06-10 15:30:00,2024-06-11 03:30:00,short,,,3702.25,3595.4,,,position_exit,24,0.029427567382727116,0.029222046142245217,0.00020552124048189846,,,,10.794168069900458,10.719366556120788,13.400527791036902,-0.28791182966041506,,,,,,,,291,2024-06-10 15:30:00,2024-06-10 15:30:00,2024-06-11 03:30:00,3702.25,3595.4,1.0,0.0001,0.00010552124048189845,0.0,0.00020552124048189846,1.0,1.0,0.0,2.0,10.719366556120788,10.794168069900458,0.07480151377967058,13.400527791036902,-0.28791182966041506,21,1,9.898863840924543,atr_48,0.0,fractional_return,R,False
ETHUSD,2024-06-17 07:30:00,2024-06-17 07:30:00,2024-06-17 19:30:00,long,,,3552.05,3553.4,,,position_exit,24,0.00038006221759268044,0.00017986108923007116,0.00020020112836260928,,,,0.08891297025035652,0.04212433084623797,1.6827602888123985,-5.641034001439672,,,,,,,,292,2024-06-17 07:30:00,2024-06-17 07:30:00,2024-06-17 19:30:00,3552.05,3553.4,1.0,0.0001,0.00010020112836260928,0.0,0.00020020112836260928,1.0,1.0,0.0,2.0,0.04212433084623797,0.08891297025035652,0.04678863940411855,1.6827602888123985,-5.641034001439672,21,17,15.183386588015777,atr_48,0.0,fractional_return,R,False
ETHUSD,2024-06-19 10:30:00,2024-06-19 10:30:00,2024-06-19 22:30:00,short,,,3560.1000000000004,3557.05,,,position_exit,24,0.0006483669409205195,0.0004485408908507793,0.0001998260500697402,,,,0.1385990978294681,0.1062432520469986,2.174415354472034,-1.238303415033678,,,,,,,,293,2024-06-19 10:30:00,2024-06-19 10:30:00,2024-06-19 22:30:00,3560.1000000000004,3557.05,1.0,0.0001,9.982605006974019e-05,0.0,0.0001998260500697402,1.0,1.0,0.0,2.0,0.1062432520469986,0.1385990978294681,0.032355845782469514,2.174415354472034,-1.238303415033678,8,13,22.00591524594837,atr_48,0.0,fractional_return,R,False
ETHUSD,2024-06-24 06:00:00,2024-06-24 06:00:00,2024-06-24 18:00:00,short,,,3376.65,3306.7,,,position_exit,24,0.020544737388039858,0.02034022174512984,0.00020451564291001922,,,,5.072229984238644,5.023260304821118,10.325740525455046,-1.2363333985885225,,,,,,,,294,2024-06-24 06:00:00,2024-06-24 06:00:00,2024-06-24 18:00:00,3376.65,3306.7,1.0,0.0001,0.00010451564291001922,0.0,0.00020451564291001922,1.0,1.0,0.0,2.0,5.023260304821118,5.072229984238644,0.04896967941752495,10.325740525455046,-1.2363333985885225,7,5,13.79077845786994,atr_48,0.0,fractional_return,R,False
ETHUSD,2024-06-25 16:00:00,2024-06-25 16:00:00,2024-06-26 04:00:00,short,,,3401.35,3392.95,,,position_exit,24,0.0022392972378741938,0.0020389051397093905,0.0002003920981648033,,,,0.43637542042629557,0.40103576480089165,1.0493789872155947,-1.3948428617197464,,,,,,,,295,2024-06-25 16:00:00,2024-06-25 16:00:00,2024-06-26 04:00:00,3401.35,3392.95,1.0,0.0001,0.0001003920981648033,0.0,0.0002003920981648033,1.0,1.0,0.0,2.0,0.40103576480089165,0.43637542042629557,0.035339655625403914,1.0493789872155947,-1.3948428617197464,1,6,19.24948016502424,atr_48,0.0,fractional_return,R,False
ETHUSD,2024-06-27 02:00:00,2024-06-27 02:00:00,2024-06-27 14:00:00,long,,,3380.4,3465.05,,,position_exit,24,0.025041415217134322,0.02483663902955291,0.00020477618758141247,,,,5.366101697660776,5.323243882707976,5.9873396969174095,-0.9667223968024423,,,,,,,,296,2024-06-27 02:00:00,2024-06-27 02:00:00,2024-06-27 14:00:00,3380.4,3465.05,1.0,0.0001,0.00010477618758141247,0.0,0.00020477618758141247,1.0,1.0,0.0,2.0,5.323243882707976,5.366101697660776,0.04285781495279969,5.9873396969174095,-0.9667223968024423,24,8,15.774952613533442,atr_48,0.0,fractional_return,R,False
ETHUSD,2024-07-01 08:30:00,2024-07-01 08:30:00,2024-07-01 20:30:00,short,,,3480.95,3464.75,,,position_exit,24,0.004570147426377069,0.004369409590043283,0.0002007378363337864,,,,1.3891877109228914,1.3294877978076187,2.6497469300936616,-1.31201061587165,,,,,,,,297,2024-07-01 08:30:00,2024-07-01 08:30:00,2024-07-01 20:30:00,3480.95,3464.75,1.0,0.0001,0.00010073783633378639,0.0,0.0002007378363337864,1.0,1.0,0.0,2.0,1.3294877978076187,1.3891877109228914,0.05969991311527275,2.6497469300936616,-1.31201061587165,10,19,11.66149100846676,atr_48,0.0,fractional_return,R,False
ETHUSD,2024-07-02 15:30:00,2024-07-02 15:30:00,2024-07-03 03:30:00,long,,,3413.3500000000004,3356.85,,,position_exit,24,-0.016552653551496044,-0.01674924530490618,0.0001965917534101358,,,,-4.737357038057923,-4.794596888131746,1.4631306250284821,-7.005419124420127,,,,,,,,298,2024-07-02 15:30:00,2024-07-02 15:30:00,2024-07-03 03:30:00,3413.3500000000004,3356.85,1.0,0.0001,9.659175341013579e-05,0.0,0.0001965917534101358,1.0,1.0,0.0,2.0,-4.794596888131746,-4.737357038057923,0.0572398500738226,1.4631306250284821,-7.005419124420127,5,23,11.926481273440727,atr_48,0.0,fractional_return,R,False
ETHUSD,2024-07-06 07:00:00,2024-07-06 07:00:00,2024-07-06 19:00:00,short,,,3009.65,3052.65,,,position_exit,24,-0.014253499771459843,-0.014450552189649302,0.0001970524181894584,,,,-1.6994259281158375,-1.7232151246021343,0.9406124904455172,-2.2211101665141806,,,,,,,,299,2024-07-06 07:00:00,2024-07-06 07:00:00,2024-07-06 19:00:00,3009.65,3052.65,1.0,0.0001,9.70524181894584e-05,0.0,0.0001970524181894584,1.0,1.0,0.0,2.0,-1.7232151246021343,-1.6994259281158375,0.023789196486296887,0.9406124904455172,-2.2211101665141806,5,19,25.30266208641075,atr_48,0.0,fractional_return,R,False
ETHUSD,2024-07-10 14:00:00,2024-07-10 14:00:00,2024-07-11 02:00:00,short,,,3116.75,3111.15,,,position_exit,24,0.0015269228721281891,0.001326966389721962,0.0001999564824062272,,,,0.27183572589784394,0.24157701165883969,1.7280985432077458,-1.6552854023422507,,,,,,,,300,2024-07-10 14:00:00,2024-07-10 14:00:00,2024-07-11 02:00:00,3116.75,3111.15,1.0,0.0001,9.99564824062272e-05,0.0,0.0001999564824062272,1.0,1.0,0.0,2.0,0.24157701165883969,0.27183572589784394,0.03025871423900425,1.7280985432077458,-1.6552854023422507,14,4,20.6006770504639,atr_48,0.0,fractional_return,R,False
ETHUSD,2024-07-15 03:00:00,2024-07-15 03:00:00,2024-07-15 15:00:00,long,,,3323.3,3374.45,,,reversal,24,0.015391327896969509,0.015188319960430796,0.00020300793653871274,,,,3.2048735158159154,3.1632283304586872,4.4329384407424754,-0.12217992875546342,,,,,,,,301,2024-07-15 03:00:00,2024-07-15 03:00:00,2024-07-15 15:00:00,3323.3,3374.45,1.0,0.0001,0.00010300793653871274,0.0,0.00020300793653871274,1.0,1.0,0.0,2.0,3.1632283304586872,3.2048735158159154,0.041645185357228186,4.4329384407424754,-0.12217992875546342,24,1,15.960068235946457,atr_48,0.0,fractional_return,R,False
ETHUSD,2024-07-15 15:00:00,2024-07-15 15:00:00,2024-07-16 03:00:00,short,,,3374.45,3464.65,,,position_exit,24,-0.02640033741630854,-0.026594977468700653,0.00019464005239211435,,,,-5.554720647390947,-5.596281904793582,0.9052593516257834,-7.608489312473952,,,,,,,,302,2024-07-15 15:00:00,2024-07-15 15:00:00,2024-07-16 03:00:00,3374.45,3464.65,1.0,0.0001,9.464005239211434e-05,0.0,0.00019464005239211435,1.0,1.0,0.0,2.0,-5.596281904793582,-5.554720647390947,0.04156125740263487,0.9052593516257834,-7.608489312473952,2,18,16.2384403691601,atr_48,0.0,fractional_return,R,False
ETHUSD,2024-07-24 19:30:00,2024-07-24 19:30:00,2024-07-25 07:30:00,short,,,3362.05,3171.85,,,position_exit,24,0.058481499461819464,0.058269898697965505,0.00021160076385395854,,,,9.450674805867012,9.417264036959477,11.470495683146162,-0.70308648003688,,,,,,,,303,2024-07-24 19:30:00,2024-07-24 19:30:00,2024-07-25 07:30:00,3362.05,3171.85,1.0,0.0001,0.00011160076385395854,0.0,0.00021160076385395854,1.0,1.0,0.0,2.0,9.417264036959477,9.450674805867012,0.033410768907534326,11.470495683146162,-0.70308648003688,17,3,20.125547001355233,atr_48,0.0,fractional_return,R,False
ETHUSD,2024-07-26 19:30:00,2024-07-26 19:30:00,2024-07-27 07:30:00,short,,,3274.6000000000004,3272.6000000000004,,,position_exit,24,0.0004865769591027025,0.00028651409147006923,0.00020006286763263326,,,,0.09956273087265723,0.06695991902109688,1.5730911477880023,-0.5998654535077462,,,,,,,,304,2024-07-26 19:30:00,2024-07-26 19:30:00,2024-07-27 07:30:00,3274.6000000000004,3272.6000000000004,1.0,0.0001,0.00010006286763263325,0.0,0.00020006286763263326,1.0,1.0,0.0,2.0,0.06695991902109688,0.09956273087265723,0.03260281185156034,1.5730911477880023,-0.5998654535077462,16,6,20.087837913546597,atr_48,0.0,fractional_return,R,False
ETHUSD,2024-07-27 20:00:00,2024-07-27 20:00:00,2024-07-28 08:00:00,long,,,3230.05,3221.65,,,position_exit,24,-0.0026005789384069278,-0.0028002268466433833,0.0001996479082364555,,,,-0.4570145105859714,-0.49216164677450003,3.4820153187502205,-1.6811605210840959,,,,,,,,305,2024-07-27 20:00:00,2024-07-27 20:00:00,2024-07-28 08:00:00,3230.05,3221.65,1.0,0.0001,9.96479082364555e-05,0.0,0.0001996479082364555,1.0,1.0,0.0,2.0,-0.49216164677450003,-0.4570145105859714,0.0351471361885286,3.4820153187502205,-1.6811605210840959,2,18,18.380160378780626,atr_48,0.0,fractional_return,R,False
ETHUSD,2024-08-03 12:00:00,2024-08-03 12:00:00,2024-08-04 00:00:00,short,,,3011.75,2903.15,,,position_exit,24,0.036886190834987564,0.036678816822232285,0.00020737401275527922,,,,5.2513456676778665,5.222219074096598,7.3644562171946655,-0.20309071642952212,,,,,,,,306,2024-08-03 12:00:00,2024-08-03 12:00:00,2024-08-04 00:00:00,3011.75,2903.15,1.0,0.0001,0.00010737401275527922,0.0,0.00020737401275527922,1.0,1.0,0.0,2.0,5.222219074096598,5.2513456676778665,0.02912659358126856,7.3644562171946655,-0.20309071642952212,18,1,20.680413530656534,atr_48,0.0,fractional_return,R,False
ETHUSD,2024-08-04 17:00:00,2024-08-04 17:00:00,2024-08-05 05:00:00,short,,,2737.15,2345.3,,,position_exit,24,0.15452944871148766,0.15429815538744673,0.0002312933240409265,,,,18.661305825906616,18.635235241120917,29.39328303113327,-1.604915162263748,,,,,,,,307,2024-08-04 17:00:00,2024-08-04 17:00:00,2024-08-05 05:00:00,2737.15,2345.3,1.0,0.0001,0.00013129332404092652,0.0,0.0002312933240409265,1.0,1.0,0.0,2.0,18.635235241120917,18.661305825906616,0.02607058478569877,29.39328303113327,-1.604915162263748,16,6,20.99799465565871,atr_48,0.0,fractional_return,R,False
ETHUSD,2024-08-06 08:00:00,2024-08-06 08:00:00,2024-08-06 20:00:00,short,,,2485.5,2491.65,,,position_exit,24,-0.004474015415420918,-0.004673030884158491,0.00019901546873757336,,,,-0.14121156301822896,-0.1526255903314583,1.5900651608149938,-1.5877690378390896,,,,,,,,308,2024-08-06 08:00:00,2024-08-06 08:00:00,2024-08-06 20:00:00,2485.5,2491.65,1.0,0.0001,9.901546873757336e-05,0.0,0.00019901546873757336,1.0,1.0,0.0,2.0,-0.1526255903314583,-0.14121156301822896,0.011414027313229365,1.5900651608149938,-1.5877690378390896,10,12,43.551674300256764,atr_48,0.0,fractional_return,R,False
ETHUSD,2024-08-07 10:30:00,2024-08-07 10:30:00,2024-08-07 22:30:00,short,,,2509.2,2356.45,,,position_exit,24,0.06356280324395458,0.06334870255215241,0.00021410069180216595,,,,4.512252534519225,4.497428123311872,5.915407987152045,-0.16985566005555183,,,,,,,,309,2024-08-07 10:30:00,2024-08-07 10:30:00,2024-08-07 22:30:00,2509.2,2356.45,1.0,0.0001,0.00011410069180216595,0.0,0.00021410069180216595,1.0,1.0,0.0,2.0,4.497428123311872,4.512252534519225,0.014824411207352717,5.915407987152045,-0.16985566005555183,20,1,33.852271970916036,atr_48,0.0,fractional_return,R,False
ETHUSD,2024-08-14 13:30:00,2024-08-14 13:30:00,2024-08-15 01:30:00,long,,,2659.1000000000004,2644.5,,,position_exit,24,-0.00549057951938714,-0.005689717757700885,0.00019913823831374522,,,,-0.6360224672759731,-0.6591902390942402,1.1478898638850088,-1.1108611585984185,,,,,,,,310,2024-08-14 13:30:00,2024-08-14 13:30:00,2024-08-15 01:30:00,2659.1000000000004,2644.5,1.0,0.0001,9.913823831374521e-05,0.0,0.00019913823831374522,1.0,1.0,0.0,2.0,-0.6591902390942402,-0.6360224672759731,0.0231677718182671,1.1478898638850088,-1.1108611585984185,4,1,22.9551639308134,atr_48,0.0,fractional_return,R,False
ETHUSD,2024-08-15 21:00:00,2024-08-15 21:00:00,2024-08-16 09:00:00,long,,,2548.95,2617.65,,,position_exit,24,0.026952274465956938,0.02674688251221058,0.00020539195374635888,,,,3.2406714455617935,3.216623965267282,3.783141920437492,-0.3207651503612696,,,,,,,,311,2024-08-15 21:00:00,2024-08-15 21:00:00,2024-08-16 09:00:00,2548.95,2617.65,1.0,0.0001,0.00010539195374635887,0.0,0.00020539195374635888,1.0,1.0,0.0,2.0,3.216623965267282,3.2406714455617935,0.0240474802945115,3.783141920437492,-0.3207651503612696,20,1,21.199310437374695,atr_48,0.0,fractional_return,R,False
ETHUSD,2024-08-21 09:00:00,2024-08-21 09:00:00,2024-08-21 21:00:00,long,,,2574.95,2638.15,,,position_exit,24,0.024544165906134507,0.02433955079069494,0.0002046151154395659,,,,4.866941358282896,4.827282716983812,6.792155503173274,-2.934026356812929,,,,,,,,312,2024-08-21 09:00:00,2024-08-21 09:00:00,2024-08-21 21:00:00,2574.95,2638.15,1.0,0.0001,0.00010461511543956589,0.0,0.0002046151154395659,1.0,1.0,0.0,2.0,4.827282716983812,4.866941358282896,0.03965864129908382,6.792155503173274,-2.934026356812929,22,9,12.985568419155525,atr_48,0.0,fractional_return,R,False
ETHUSD,2024-08-23 15:30:00,2024-08-23 15:30:00,2024-08-24 03:30:00,long,,,2671.05,2748.8,,,position_exit,24,0.029108403062466426,0.028902402627618562,0.0002060004348478639,,,,5.8957868892134195,5.8552777147557125,9.842741327587142,-0.5914744403326784,,,,,,,,313,2024-08-23 15:30:00,2024-08-23 15:30:00,2024-08-24 03:30:00,2671.05,2748.8,1.0,0.0001,0.0001060004348478639,0.0,0.0002060004348478639,1.0,1.0,0.0,2.0,5.8552777147557125,5.8957868892134195,0.04050917445770677,9.842741327587142,-0.5914744403326784,14,1,13.187383034866265,atr_48,0.0,fractional_return,R,False
ETHUSD,2024-08-24 21:00:00,2024-08-24 21:00:00,2024-08-25 09:00:00,long,,,2772.75,2749.35,,,position_exit,24,-0.00843927508790876,-0.008637658456044917,0.00019838336813615687,,,,-1.57599807626135,-1.6133472101583897,0.649930830594962,-2.673808702033122,,,,,,,,314,2024-08-24 21:00:00,2024-08-24 21:00:00,2024-08-25 09:00:00,2772.75,2749.35,1.0,0.0001,9.838336813615686e-05,0.0,0.00019838336813615687,1.0,1.0,0.0,2.0,-1.6133472101583897,-1.57599807626135,0.037349133897039664,0.649930830594962,-2.673808702033122,6,1,14.847733859872832,atr_48,0.0,fractional_return,R,False
ETHUSD,2024-08-29 11:00:00,2024-08-29 11:00:00,2024-08-29 23:00:00,short,,,2554.85,2527.75,,,position_exit,24,0.010329925471973533,0.010127721283518243,0.00020220418845529053,,,,1.4762012778523583,1.448367529994638,2.6500808917903176,-2.260603432873545,,,,,,,,315,2024-08-29 11:00:00,2024-08-29 11:00:00,2024-08-29 23:00:00,2554.85,2527.75,1.0,0.0001,0.00010220418845529053,0.0,0.00020220418845529053,1.0,1.0,0.0,2.0,1.448367529994638,1.4762012778523583,0.027833747857720373,2.6500808917903176,-2.260603432873545,22,9,18.357930186475766,atr_48,0.0,fractional_return,R,False
ETHUSD,2024-08-30 12:00:00,2024-08-30 12:00:00,2024-08-31 00:00:00,long,,,2520.25,2528.6000000000004,,,position_exit,24,0.0033131633766485535,0.003112627817279945,0.00020053555936860867,,,,0.557594050091701,0.5239347350080232,2.0100096895520263,-5.856406969226341,,,,,,,,316,2024-08-30 12:00:00,2024-08-30 12:00:00,2024-08-31 00:00:00,2520.25,2528.6000000000004,1.0,0.0001,0.00010053555936860867,0.0,0.00020053555936860867,1.0,1.0,0.0,2.0,0.5239347350080232,0.557594050091701,0.0336593150836778,2.0100096895520263,-5.856406969226341,1,8,14.975052188284893,atr_48,0.0,fractional_return,R,False
ETHUSD,2024-09-02 05:30:00,2024-09-02 05:30:00,2024-09-02 17:30:00,long,,,2454.15,2522.65,,,position_exit,24,0.02791190432532642,0.027706421858688435,0.00020548246663798508,,,,4.674571288665507,4.641076108729512,5.684551654683729,-1.4262560574176573,,,,,,,,317,2024-09-02 05:30:00,2024-09-02 05:30:00,2024-09-02 17:30:00,2454.15,2522.65,1.0,0.0001,0.00010548246663798508,0.0,0.00020548246663798508,1.0,1.0,0.0,2.0,4.641076108729512,4.674571288665507,0.03349517993599549,5.684551654683729,-1.4262560574176573,9,4,14.653750209370607,atr_48,0.0,fractional_return,R,False
ETHUSD,2024-09-03 14:30:00,2024-09-03 14:30:00,2024-09-04 02:30:00,short,,,2446.05,2364.35,,,position_exit,24,0.03346020592685384,0.03325336200128448,0.0002068439255693555,,,,6.370150548549381,6.332006835576849,10.759862615664769,-1.8089044397349325,,,,,,,,318,2024-09-03 14:30:00,2024-09-03 14:30:00,2024-09-04 02:30:00,2446.05,2364.35,1.0,0.0001,0.00010684392556935549,0.0,0.0002068439255693555,1.0,1.0,0.0,2.0,6.332006835576849,6.370150548549381,0.03814371297253161,10.759862615664769,-1.8089044397349325,21,14,12.825442566440616,atr_48,0.0,fractional_return,R,False
ETHUSD,2024-09-05 03:00:00,2024-09-05 03:00:00,2024-09-05 15:00:00,short,,,2418.15,2360.85,,,position_exit,24,0.023952329829930674,0.023748234209667096,0.00020409562026357797,,,,3.777000557594265,3.7451214863958477,4.067032014023847,-0.1252408561855048,,,,,,,,319,2024-09-05 03:00:00,2024-09-05 03:00:00,2024-09-05 15:00:00,2418.15,2360.85,1.0,0.0001,0.00010409562026357797,0.0,0.00020409562026357797,1.0,1.0,0.0,2.0,3.7451214863958477,3.777000557594265,0.03187907119841726,4.067032014023847,-0.1252408561855048,24,1,15.170768213096856,atr_48,0.0,fractional_return,R,False
ETHUSD,2024-09-07 17:30:00,2024-09-07 17:30:00,2024-09-08 05:30:00,short,,,2272.7,2284.95,,,position_exit,24,-0.005486946394138825,-0.005685506198002566,0.0001985598038637404,,,,-0.7714301971194385,-0.8000543507356564,0.9099727631327139,-2.0057185125105628,,,,,,,,320,2024-09-07 17:30:00,2024-09-07 17:30:00,2024-09-08 05:30:00,2272.7,2284.95,1.0,0.0001,9.855980386374039e-05,0.0,0.0001985598038637404,1.0,1.0,0.0,2.0,-0.8000543507356564,-0.7714301971194385,0.028624153616217923,0.9099727631327139,-2.0057185125105628,11,22,15.87959616533311,atr_48,0.0,fractional_return,R,False
ETHUSD,2024-09-16 01:30:00,2024-09-16 01:30:00,2024-09-16 14:00:00,long,,,2277.25,2286.25,,,position_exit,25,0.003952135250850253,0.0037506259868260727,0.00020150926402418,,,,0.7690509408114606,0.730132690701174,4.994558610047748,-2.093527561097865,,,,,,,,321,2024-09-16 01:30:00,2024-09-16 01:30:00,2024-09-16 14:00:00,2277.25,2286.25,1.0,0.0001,0.00010150926402418001,0.0,0.00020150926402418,1.0,1.0,0.0,2.0,0.730132690701174,0.7690509408114606,0.03891825011028664,4.994558610047748,-2.093527561097865,13,2,11.702735829831624,atr_48,0.0,fractional_return,R,False
