{
  "could_have_been_profitable": {
    "loser_was_positive_rate": 1.0,
    "avg_mfe_r_of_losers": 3.8854918251319326,
    "median_mfe_r_of_losers": 1.6022986143873688,
    "avg_mfe_r_before_loss": 3.8854918251319326,
    "median_mfe_r_before_loss": 1.6022986143873688,
    "loser_reached_0_5r_rate": 0.7916666666666666,
    "loser_reached_1r_rate": 0.75,
    "loser_reached_1_5r_rate": 0.5416666666666666,
    "loser_reached_2r_rate": 0.4166666666666667
  },
  "capture_giveback": {
    "avg_capture_ratio": -1.67030404272517,
    "median_capture_ratio": 0.1293702185792353,
    "avg_giveback_r": 9.090433015078828,
    "median_giveback_r": 2.600870216256683,
    "avg_giveback_r_winners": 3.699391957613525,
    "avg_giveback_r_losers": 16.053861047638183,
    "median_giveback_r_winners": 2.179307627771428,
    "median_giveback_r_losers": 5.5396069582765
  },
  "mae_before_win": {
    "winner_had_negative_mae_rate": 0.967741935483871,
    "winner_had_mae_below_minus_0_25r_rate": 0.8064516129032258,
    "winner_had_mae_below_minus_0_5r_rate": 0.6774193548387096,
    "winner_had_mae_below_minus_1r_rate": 0.5161290322580645,
    "avg_mae_r_of_winners": -4.014035379747669,
    "median_mae_r_of_winners": -1.3947311925117833,
    "p90_abs_mae_r_of_winners": 4.968880057903934,
    "avg_mae_r": -11.315725854955899,
    "median_mae_r": -3.6380227584128204,
    "q10_mae_r": -19.27746336126675,
    "q25_mae_r": -5.447781172936008,
    "q75_mae_r": -0.8088734140552423,
    "q90_mae_r": -0.19483950633712402
  },
  "conditional_probabilities": {
    "prob_final_win": 0.5636363636363636,
    "prob_final_loss": 0.43636363636363634,
    "prob_final_win_given_mae_gt_minus_0_5r": 1.0,
    "prob_final_win_given_mae_gt_minus_1r": 0.9375,
    "prob_mfe_ge_0_5r": 0.9090909090909091,
    "prob_final_loss_given_mfe_ge_0_5r": 0.38,
    "prob_mfe_ge_1r": 0.8909090909090909,
    "prob_final_loss_given_mfe_ge_1r": 0.3673469387755102,
    "prob_mfe_ge_1_5r": 0.7818181818181819,
    "prob_final_loss_given_mfe_ge_1_5r": 0.3023255813953488,
    "prob_mfe_ge_2r": 0.6909090909090909,
    "prob_final_loss_given_mfe_ge_2r": 0.2631578947368421,
    "prob_stop_loss_given_mfe_ge_0_5r": 0.0,
    "prob_stop_loss_given_mfe_ge_1r": 0.0
  },
  "exit_reason_quality": {
    "position_exit": {
      "trade_count": 55,
      "avg_r": -1.5853471824450154,
      "median_r": 0.6424627547407556,
      "win_rate": 0.5636363636363636,
      "avg_mfe_r": 7.505085832633812,
      "avg_mae_r": -11.315725854955899,
      "avg_giveback_r": 9.090433015078828,
      "avg_bars_held": 772.4363636363636,
      "profit_factor": 0.7014318659575589,
      "stop_after_positive_rate": 1.0,
      "stop_after_0_5r_rate": 0.9090909090909091,
      "stop_after_1r_rate": 0.8909090909090909
    }
  },
  "timing": {
    "avg_time_to_mfe": 303.56363636363636,
    "median_time_to_mfe": 19.0,
    "avg_time_to_mae": 426.0181818181818,
    "median_time_to_mae": 15.0,
    "prob_mfe_ge_0_5r_within_1_bar": 0.03636363636363636,
    "prob_mfe_ge_0_5r_within_2_bars": 0.03636363636363636,
    "prob_mfe_ge_1r_within_4_bars": 0.14545454545454545,
    "avg_r_by_bars_held_bucket": {
      "1": null,
      "2": null,
      "3-4": null,
      "5-8": null,
      "9-16": null,
      "17+": -1.5853471824450154
    },
    "win_rate_by_bars_held_bucket": {
      "1": null,
      "2": null,
      "3-4": null,
      "5-8": null,
      "9-16": null,
      "17+": 0.5636363636363636
    }
  },
  "warnings": [],
  "trade_ledger_construction": {
    "ledger_source": "position_transitions",
    "trade_count": 55,
    "position_transition_count": 110,
    "fallback_price_risk_distance_count": 0,
    "end_of_data_exit_count": 0,
    "skipped_missing_price_count": 0,
    "warnings": []
  },
  "path_construction": {
    "trade_count": 55,
    "path_trade_count": 55,
    "skipped_trade_paths_missing_risk": 0,
    "skipped_trade_paths_missing_asset_frame": 0,
    "skipped_trade_paths_missing_timestamps": 0,
    "truncated": false,
    "warnings": []
  },
  "counterfactual": {
    "counterfactual.baseline.trade_count": 55,
    "counterfactual.baseline.avg_r": -1.5853471824450154,
    "counterfactual.baseline.median_r": 0.6424627547407556,
    "counterfactual.baseline.win_rate": 0.5636363636363636,
    "counterfactual.baseline.profit_factor": 0.7014318659575589,
    "counterfactual.breakeven_after_0_5r.trade_count": 55,
    "counterfactual.breakeven_after_0_5r.avg_r": -0.18926065337580592,
    "counterfactual.breakeven_after_0_5r.median_r": 0.0,
    "counterfactual.breakeven_after_0_5r.win_rate": 0.01818181818181818,
    "counterfactual.breakeven_after_0_5r.profit_factor": 0.35071314674517734,
    "counterfactual.breakeven_after_1_0r.trade_count": 55,
    "counterfactual.breakeven_after_1_0r.avg_r": 0.12066188528954983,
    "counterfactual.breakeven_after_1_0r.median_r": 0.0,
    "counterfactual.breakeven_after_1_0r.win_rate": 0.12727272727272726,
    "counterfactual.breakeven_after_1_0r.profit_factor": 1.3362753597301906,
    "counterfactual.exit_at_first_0_5r.trade_count": 55,
    "counterfactual.exit_at_first_0_5r.avg_r": 0.17214631971038932,
    "counterfactual.exit_at_first_0_5r.median_r": 0.5,
    "counterfactual.exit_at_first_0_5r.win_rate": 0.9272727272727272,
    "counterfactual.exit_at_first_0_5r.profit_factor": 1.5905735832065226,
    "counterfactual.exit_at_first_1_0r.trade_count": 55,
    "counterfactual.exit_at_first_1_0r.avg_r": 0.532090397245771,
    "counterfactual.exit_at_first_1_0r.median_r": 1.0,
    "counterfactual.exit_at_first_1_0r.win_rate": 0.8909090909090909,
    "counterfactual.exit_at_first_1_0r.profit_factor": 2.4828948620637705,
    "counterfactual.partial_50pct_at_1r.trade_count": 55,
    "counterfactual.partial_50pct_at_1r.avg_r": -0.5266283925996221,
    "counterfactual.partial_50pct_at_1r.median_r": 0.8212313773703779,
    "counterfactual.partial_50pct_at_1r.win_rate": 0.6181818181818182,
    "counterfactual.partial_50pct_at_1r.profit_factor": 0.8038806301974671,
    "counterfactual.time_exit_after_4_bars_if_mfe_lt_0_3r.trade_count": 55,
    "counterfactual.time_exit_after_4_bars_if_mfe_lt_0_3r.avg_r": 1.148590354689913,
    "counterfactual.time_exit_after_4_bars_if_mfe_lt_0_3r.median_r": 0.24016593045766632,
    "counterfactual.time_exit_after_4_bars_if_mfe_lt_0_3r.win_rate": 0.5272727272727272,
    "counterfactual.time_exit_after_4_bars_if_mfe_lt_0_3r.profit_factor": 1.4806095231576055,
    "counterfactual.trail_0_5r_after_1_0r.trade_count": 55,
    "counterfactual.trail_0_5r_after_1_0r.avg_r": 0.7934782723972827,
    "counterfactual.trail_0_5r_after_1_0r.median_r": 0.8061078005458542,
    "counterfactual.trail_0_5r_after_1_0r.win_rate": 0.8909090909090909,
    "counterfactual.trail_0_5r_after_1_0r.profit_factor": 3.2113626921060154,
    "counterfactual.best_policy_by_avg_r": "time_exit_after_4_bars_if_mfe_lt_0_3r",
    "counterfactual.best_policy_by_profit_factor": "trail_0_5r_after_1_0r"
  }
}