asset,signal_timestamp,entry_timestamp,exit_timestamp,side,signal,entry_price,exit_price,raw_entry_price,raw_exit_price,take_profit_price,stop_loss_price,target_price,position_size,gross_return,cost_paid,net_return,trade_r,bars_held,exit_reason,max_favorable_r,max_adverse_r,breakeven_activated,profit_lock_activated,effective_stop_price,r_trailing_activated,r_trailing_activation_r,r_trailing_distance_r,initial_risk_distance,effective_trailing_stop,intrabar_policy,stop_mode,effective_risk_per_trade,risk_guard_reason,entry_risk_modifier,entry_risk_modifier_rules,cost_return,net_r_multiple,mfe_r_multiple,mae_r_multiple,total_cost,entry_cost,exit_cost,holding_cost,cost_component_reconciliation,gross_pnl_currency,net_pnl_currency,cost_currency,gross_r_multiple,return_unit,r_multiple_unit,currency_pnl_available
ETHUSD,2022-03-24 09:30:00,2022-03-24 10:00:00,2022-03-24 21:30:00,short,-1.0,3049.05,3109.4,3049.05,3109.4,2055.1321383807344,3148.4417861619268,2055.1321383807344,0.30677082259418953,-0.006071930320447131,0.000322109363723899,-0.00639403968417103,-0.639403968417103,24,max_holding_close,0.4517475913638392,-0.8129444405834791,False,False,3148.4417861619268,False,1.0,0.5,,,adverse_first,volatility_stop,0.01,,1.0,,0.0003221093637238992,-0.639403968417103,0.4517475913638392,-0.8129444405834791,0.0003221093637238992,0.0001610546818619496,0.0001610546818619496,0.0,0.0,,,,,fractional_return,R,False
ETHUSD,2022-03-25 00:00:00,2022-03-25 00:30:00,2022-03-25 12:00:00,short,-1.0,3098.5,3179.2,3098.5,3179.2,2127.7604773305357,3195.5739522669464,2127.7604773305357,0.31918964126229726,-0.008313249653015095,0.0003351491233254121,-0.008648398776340507,-0.8648398776340507,24,max_holding_close,0.012876780751262596,-0.8375058200621212,False,False,3195.5739522669464,False,1.0,0.5,,,adverse_first,volatility_stop,0.01,,1.0,,0.00033514912332541225,-0.8648398776340507,0.012876780751262596,-0.8375058200621212,0.00033514912332541225,0.00016757456166270612,0.00016757456166270612,0.0,0.0,,,,,fractional_return,R,False
ETHUSD,2022-03-25 22:00:00,2022-03-25 22:30:00,2022-03-26 10:30:00,short,-1.0,3109.9,3125.0,3109.9,3125.0,2115.606641394645,3209.3293358605356,2115.606641394645,0.3127748941582089,-0.001518666485028123,0.00032841363886611935,-0.0018470801238942424,-0.18470801238942425,24,max_holding_close,0.23383440911856837,-0.3112763424610602,False,False,3209.3293358605356,False,1.0,0.5,,,adverse_first,volatility_stop,0.01,,1.0,,0.00032841363886611935,-0.18470801238942425,0.23383440911856837,-0.3112763424610602,0.00032841363886611935,0.00016420681943305968,0.00016420681943305968,0.0,0.0,,,,,fractional_return,R,False
ETHUSD,2022-03-28 13:30:00,2022-03-28 14:00:00,2022-03-29 01:30:00,long,1.0,3380.4,3390.8500000000004,3380.4,3390.8500000000004,4209.5904933750635,3297.480950662494,4209.5904933750635,0.4076747173307212,0.0012602652928961917,0.0004280584531972572,0.0008322068396989345,0.08322068396989345,24,max_holding_close,0.6283236532046662,-0.7591741644766598,False,False,3297.480950662494,False,1.0,0.5,,,adverse_first,volatility_stop,0.01,,1.0,,0.0004280584531972572,0.08322068396989345,0.6283236532046662,-0.7591741644766598,0.0004280584531972572,0.0002140292265986286,0.0002140292265986286,0.0,0.0,,,,,fractional_return,R,False
ETHUSD,2022-03-29 02:30:00,2022-03-29 03:00:00,2022-03-29 12:00:00,short,-1.0,3376.2,3477.751578960847,3376.2,3477.751578960847,2360.6842103915287,3477.751578960847,2360.6842103915287,0.33246159582626317,-0.01,0.0003490846756175763,-0.010349084675617577,-1.0349084675617577,19,stop_loss,0.07089993157837314,-1.0546364822283307,False,False,3477.751578960847,False,1.0,0.5,,,adverse_first,volatility_stop,0.01,,1.0,,0.000349084675617577,-1.0349084675617577,0.07089993157837314,-1.0546364822283307,0.000349084675617577,0.0001745423378087885,0.0001745423378087885,0.0,0.0,,,,,fractional_return,R,False
ETHUSD,2022-03-30 12:00:00,2022-03-30 12:30:00,2022-03-31 00:00:00,short,-1.0,3392.45,3399.1,3392.45,3399.1,2336.467531442223,3498.0482468557775,2336.467531442223,0.32126006832606674,-0.0006297453033555377,0.00033732307174237007,-0.0009670683750979078,-0.09670683750979077,24,max_holding_close,0.400574832059206,-0.52368293647457,False,False,3498.0482468557775,False,1.0,0.5,,,adverse_first,volatility_stop,0.01,,1.0,,0.0003373230717423701,-0.09670683750979077,0.400574832059206,-0.52368293647457,0.0003373230717423701,0.00016866153587118506,0.00016866153587118506,0.0,0.0,,,,,fractional_return,R,False
ETHUSD,2022-04-04 01:00:00,2022-04-04 01:30:00,2022-04-04 13:00:00,short,-1.0,3487.8500000000004,3462.7,3487.8500000000004,3462.7,2384.718451124756,3598.163154887525,2384.718451124756,0.31617715979170574,0.0022798731507265276,0.000331986017781291,0.0019478871329452366,0.19478871329452366,24,max_holding_close,0.34764666135332745,-0.21801570288259062,False,False,3598.163154887525,False,1.0,0.5,,,adverse_first,volatility_stop,0.01,,1.0,,0.000331986017781291,0.19478871329452366,0.34764666135332745,-0.21801570288259062,0.000331986017781291,0.0001659930088906455,0.0001659930088906455,0.0,0.0,,,,,fractional_return,R,False
ETHUSD,2022-04-07 19:00:00,2022-04-07 19:30:00,2022-04-08 07:00:00,short,-1.0,3224.6,3250.65,3224.6,3250.65,1944.7018428895622,3352.5898157110437,1944.7018428895622,0.25194192069781696,-0.002035318189598164,0.00026453901673270777,-0.002299857206330872,-0.22998572063308723,24,max_holding_close,0.20157853854752866,-0.40276642101260657,False,False,3352.5898157110437,False,1.0,0.5,,,adverse_first,volatility_stop,0.01,,1.0,,0.00026453901673270793,-0.22998572063308723,0.20157853854752866,-0.40276642101260657,0.00026453901673270793,0.00013226950836635397,0.00013226950836635397,0.0,0.0,,,,,fractional_return,R,False
ETHUSD,2022-04-08 11:00:00,2022-04-08 11:30:00,2022-04-08 23:30:00,short,-1.0,3265.15,3192.55,3265.15,3192.55,2137.877457416477,3377.8772542583524,2137.877457416477,0.28965045068132445,0.006440323635809715,0.00030413297321539064,0.006136190662594325,0.6136190662594324,24,max_holding_close,0.8130243267520147,-0.3765726423417699,False,False,3377.8772542583524,False,1.0,0.5,,,adverse_first,volatility_stop,0.01,,1.0,,0.0003041329732153906,0.6136190662594324,0.8130243267520147,-0.3765726423417699,0.0003041329732153906,0.0001520664866076953,0.0001520664866076953,0.0,0.0,,,,,fractional_return,R,False
ETHUSD,2022-04-18 13:30:00,2022-04-18 14:00:00,2022-04-18 18:00:00,short,-1.0,2923.2,2998.6627205729483,2923.2,2998.6627205729483,2168.5727942705153,2998.6627205729483,2168.5727942705153,0.3873700786038048,-0.01,0.000406738582533995,-0.010406738582533995,-1.0406738582533994,9,stop_loss,0.36309319080952757,-1.3384092069986413,False,False,2998.6627205729483,False,1.0,0.5,,,adverse_first,volatility_stop,0.01,,1.0,,0.00040673858253399524,-1.0406738582533994,0.36309319080952757,-1.3384092069986413,0.00040673858253399524,0.00020336929126699762,0.00020336929126699762,0.0,0.0,,,,,fractional_return,R,False
ETHUSD,2022-04-20 08:00:00,2022-04-20 08:30:00,2022-04-20 20:00:00,long,1.0,3100.7,3069.9,3100.7,3069.9,3862.8090603945775,3024.489093960542,3862.8090603945775,0.4068577794357451,-0.004041416327481156,0.0004272006684075323,-0.004468616995888688,-0.44686169958886884,24,max_holding_close,0.8699542289350782,-0.8253411915537852,False,False,3024.489093960542,False,1.0,0.5,,,adverse_first,volatility_stop,0.01,,1.0,,0.0004272006684075324,-0.44686169958886884,0.8699542289350782,-0.8253411915537852,0.0004272006684075324,0.0002136003342037662,0.0002136003342037662,0.0,0.0,,,,,fractional_return,R,False
ETHUSD,2022-04-21 07:00:00,2022-04-21 07:30:00,2022-04-21 19:00:00,long,1.0,3086.1,3062.75,3086.1,3062.75,3877.8911497992463,3006.9208850200753,3877.8911497992463,0.3897618710164241,-0.0029490099764212067,0.0004092499645672453,-0.003358259940988452,-0.33582599409884517,24,max_holding_close,1.1758151126544523,-0.4773986171679701,False,False,3006.9208850200753,False,1.0,0.5,,,adverse_first,volatility_stop,0.01,,1.0,,0.00040924996456724507,-0.33582599409884517,1.1758151126544523,-0.4773986171679701,0.00040924996456724507,0.00020462498228362254,0.00020462498228362254,0.0,0.0,,,,,fractional_return,R,False
ETHUSD,2022-04-25 11:30:00,2022-04-25 12:00:00,2022-04-25 23:30:00,long,1.0,2862.95,3007.3,2862.95,3007.3,3648.2748299099503,2784.4175170090048,3648.2748299099503,0.3645561544677355,0.01838092907574977,0.0003827839621911222,0.017998145113558645,1.7998145113558646,24,max_holding_close,2.07875765266099,-0.2572184048009288,False,False,2784.4175170090048,False,1.0,0.5,,,adverse_first,volatility_stop,0.01,,1.0,,0.00038278396219112304,1.7998145113558646,2.07875765266099,-0.2572184048009288,0.00038278396219112304,0.00019139198109556152,0.00019139198109556152,0.0,0.0,,,,,fractional_return,R,False
ETHUSD,2022-05-01 22:30:00,2022-05-01 23:00:00,2022-05-02 10:30:00,short,-1.0,2807.6000000000004,2806.0,2807.6000000000004,2806.0,1910.9391447830947,2897.266085521691,1910.9391447830947,0.31311727100218195,0.00017843981820900363,0.00032877313455229105,-0.00015033331634328742,-0.015033331634328741,24,max_holding_close,0.05799294091791678,-0.7472167387500372,False,False,2897.266085521691,False,1.0,0.5,,,adverse_first,volatility_stop,0.01,,1.0,,0.00032877313455229105,-0.015033331634328741,0.05799294091791678,-0.7472167387500372,0.00032877313455229105,0.00016438656727614553,0.00016438656727614553,0.0,0.0,,,,,fractional_return,R,False
ETHUSD,2022-05-08 12:00:00,2022-05-08 12:30:00,2022-05-09 00:00:00,short,-1.0,2563.15,2519.05,2563.15,2519.05,1657.5358994951007,2653.71141005049,1657.5358994951007,0.2830289411981316,0.004869623824917613,0.00029718038825803816,0.0045724434366595755,0.45724434366595756,24,max_holding_close,0.8690235714762317,-0.08281673171628609,False,False,2653.71141005049,False,1.0,0.5,,,adverse_first,volatility_stop,0.01,,1.0,,0.0002971803882580379,0.45724434366595756,0.8690235714762317,-0.08281673171628609,0.0002971803882580379,0.00014859019412901894,0.00014859019412901894,0.0,0.0,,,,,fractional_return,R,False
ETHUSD,2022-05-13 00:30:00,2022-05-13 01:00:00,2022-05-13 12:30:00,long,1.0,2008.0,2117.8,2008.0,2117.8,4736.022716939449,1735.197728306055,4736.022716939449,0.07360642517862762,0.004024893169628145,7.7286746437559e-05,0.003947606423190586,0.3947606423190586,24,max_holding_close,0.476169055313931,-0.0542517476416178,False,False,1735.197728306055,False,1.0,0.5,,,adverse_first,volatility_stop,0.01,,1.0,,7.728674643755866e-05,0.3947606423190586,0.476169055313931,-0.0542517476416178,7.728674643755866e-05,3.864337321877933e-05,3.864337321877933e-05,0.0,0.0,,,,,fractional_return,R,False
ETHUSD,2022-05-13 16:00:00,2022-05-13 16:30:00,2022-05-14 04:00:00,short,-1.0,2071.0,2040.0,2071.0,2040.0,-134.25983152911067,2291.525983152911,-134.25983152911067,0.09391183616508283,0.0014057300439968945,9.860742797333697e-05,0.0013071226160235574,0.13071226160235574,24,max_holding_close,0.3342009814276489,-0.09613379655720612,False,False,2291.525983152911,False,1.0,0.5,,,adverse_first,volatility_stop,0.01,,1.0,,9.860742797333701e-05,0.13071226160235574,0.3342009814276489,-0.09613379655720612,9.860742797333701e-05,4.9303713986668506e-05,4.9303713986668506e-05,0.0,0.0,,,,,fractional_return,R,False
ETHUSD,2022-05-19 03:00:00,2022-05-19 03:30:00,2022-05-19 15:00:00,long,1.0,1952.4,2010.2,1952.4,2010.2,2976.223172505945,1850.0176827494056,2976.223172505945,0.19069699264778686,0.0056455061334982895,0.0002002318422801762,0.005445274291218113,0.5445274291218113,24,max_holding_close,0.5811550431542367,-0.3994830464707283,False,False,1850.0176827494056,False,1.0,0.5,,,adverse_first,volatility_stop,0.01,,1.0,,0.00020023184228017653,0.5445274291218113,0.5811550431542367,-0.3994830464707283,0.00020023184228017653,0.00010011592114008826,0.00010011592114008826,0.0,0.0,,,,,fractional_return,R,False
ETHUSD,2022-05-19 15:30:00,2022-05-19 16:00:00,2022-05-20 03:30:00,long,1.0,2020.8,2021.45,2020.8,2021.45,3043.727244901657,1918.5072755098342,3043.727244901657,0.19755070656997478,6.354313107208907e-05,0.0002074282418984735,-0.00014388511082638443,-0.014388511082638443,24,max_holding_close,0.2874104697722304,-0.3123389288851298,False,False,1918.5072755098342,False,1.0,0.5,,,adverse_first,volatility_stop,0.01,,1.0,,0.00020742824189847348,-0.014388511082638443,0.2874104697722304,-0.3123389288851298,0.00020742824189847348,0.00010371412094923674,0.00010371412094923674,0.0,0.0,,,,,fractional_return,R,False
ETHUSD,2022-05-20 19:30:00,2022-05-20 20:00:00,2022-05-21 07:30:00,long,1.0,1966.4,1975.95,1966.4,1975.95,2899.972150915861,1873.042784908414,2899.972150915861,0.2106318186624253,0.0010229525367301494,0.00022116340959554655,0.0008017891271346029,0.08017891271346028,24,max_holding_close,0.1928078079700801,-0.33634250945891847,False,False,1873.042784908414,False,1.0,0.5,,,adverse_first,volatility_stop,0.01,,1.0,,0.00022116340959554652,0.08017891271346028,0.1928078079700801,-0.33634250945891847,0.00022116340959554652,0.00011058170479777326,0.00011058170479777326,0.0,0.0,,,,,fractional_return,R,False
ETHUSD,2022-05-24 17:30:00,2022-05-24 18:00:00,2022-05-25 05:30:00,long,1.0,1957.2,1985.3,1957.2,1985.3,2674.5778645042333,1885.4622135495767,2674.5778645042333,0.27282692941084624,0.0039170430801372955,0.00028646827588138854,0.003630574804255907,0.36305748042559066,24,max_holding_close,0.8670465465642064,-0.2592775846638963,False,False,1885.4622135495767,False,1.0,0.5,,,adverse_first,volatility_stop,0.01,,1.0,,0.0002864682758813887,0.36305748042559066,0.8670465465642064,-0.2592775846638963,0.0002864682758813887,0.00014323413794069435,0.00014323413794069435,0.0,0.0,,,,,fractional_return,R,False
ETHUSD,2022-05-31 14:00:00,2022-05-31 14:30:00,2022-06-01 02:00:00,short,-1.0,1949.7,1931.5,1949.7,1931.5,1181.5394060991705,2026.516059390083,1181.5394060991705,0.253814113283154,0.00236929623108858,0.0002665048189473117,0.0021027914121412683,0.21027914121412683,24,max_holding_close,0.3254527789956839,-0.6352838245995744,False,False,2026.516059390083,False,1.0,0.5,,,adverse_first,volatility_stop,0.01,,1.0,,0.00026650481894731175,0.21027914121412683,0.3254527789956839,-0.6352838245995744,0.00026650481894731175,0.00013325240947365587,0.00013325240947365587,0.0,0.0,,,,,fractional_return,R,False
ETHUSD,2022-06-01 02:00:00,2022-06-01 02:30:00,2022-06-01 14:00:00,short,-1.0,1931.4,1921.0,1931.4,1921.0,1124.7124275505544,2012.0687572449447,1124.7124275505544,0.2394235471033042,0.0012892227865146434,0.0002513947244584694,0.001037828062056174,0.10378280620561739,24,max_holding_close,0.2355310859978658,-0.4958549178902438,False,False,2012.0687572449447,False,1.0,0.5,,,adverse_first,volatility_stop,0.01,,1.0,,0.0002513947244584694,0.10378280620561739,0.2355310859978658,-0.4958549178902438,0.0002513947244584694,0.0001256973622292347,0.0001256973622292347,0.0,0.0,,,,,fractional_return,R,False
ETHUSD,2022-06-01 14:00:00,2022-06-01 14:30:00,2022-06-02 02:00:00,short,-1.0,1920.9,1827.6,1920.9,1827.6,1159.771905184351,1997.012809481565,1159.771905184351,0.25237539030342276,0.012258120628512368,0.0002649941598185939,0.011993126468693775,1.1993126468693773,24,max_holding_close,2.0837491229175296,-0.06437812548736202,False,False,1997.012809481565,False,1.0,0.5,,,adverse_first,volatility_stop,0.01,,1.0,,0.0002649941598185934,1.1993126468693773,2.0837491229175296,-0.06437812548736202,0.0002649941598185934,0.0001324970799092967,0.0001324970799092967,0.0,0.0,,,,,fractional_return,R,False
ETHUSD,2022-06-07 05:30:00,2022-06-07 06:00:00,2022-06-07 17:30:00,long,1.0,1752.8000000000002,1781.55,1752.8000000000002,1781.55,2473.8511738806965,1680.6948826119306,2473.8511738806965,0.2430895425308627,0.003987234338066075,0.0002552440196574058,0.0037319903184086694,0.37319903184086695,24,max_holding_close,0.5533587829176936,-0.242701220577938,False,False,1680.6948826119306,False,1.0,0.5,,,adverse_first,volatility_stop,0.01,,1.0,,0.00025524401965740587,0.37319903184086695,0.5533587829176936,-0.242701220577938,0.00025524401965740587,0.00012762200982870293,0.00012762200982870293,0.0,0.0,,,,,fractional_return,R,False
ETHUSD,2022-06-18 22:00:00,2022-06-18 22:30:00,2022-06-19 10:00:00,long,1.0,990.25,1053.9,990.25,1053.9,1968.2889380641282,892.4461061935872,1968.2889380641282,0.10124852513132471,0.0065079208529248535,0.00010631095138789093,0.006401609901536962,0.6401609901536962,24,max_holding_close,0.8547716941154997,-0.563372252939762,False,False,892.4461061935872,False,1.0,0.5,,,adverse_first,volatility_stop,0.01,,1.0,,0.0001063109513878913,0.6401609901536962,0.8547716941154997,-0.563372252939762,0.0001063109513878913,5.315547569394565e-05,5.315547569394565e-05,0.0,0.0,,,,,fractional_return,R,False
ETHUSD,2022-06-19 10:00:00,2022-06-19 10:30:00,2022-06-19 22:00:00,long,1.0,1054.05,1140.6999999999998,1054.05,1140.6999999999998,2109.8013905223456,948.4748609477654,2109.8013905223456,0.09983884553336898,0.00820742466246043,0.00010483078781003743,0.008102593874650392,0.8102593874650392,24,max_holding_close,0.9737140857483351,-0.33909498316916703,False,False,948.4748609477654,False,1.0,0.5,,,adverse_first,volatility_stop,0.01,,1.0,,0.00010483078781003789,0.8102593874650392,0.9737140857483351,-0.33909498316916703,0.00010483078781003789,5.2415393905018946e-05,5.2415393905018946e-05,0.0,0.0,,,,,fractional_return,R,False
ETHUSD,2022-06-19 22:00:00,2022-06-19 22:30:00,2022-06-20 10:00:00,long,1.0,1140.8000000000002,1124.35,1140.8000000000002,1124.35,2213.001434969902,1033.57985650301,2213.001434969902,0.10639791766665782,-0.0015342266353581243,0.00011171781354999071,-0.001645944448908115,-0.1645944448908115,24,max_holding_close,0.02145119307795266,-0.8314668969129168,False,False,1033.57985650301,False,1.0,0.5,,,adverse_first,volatility_stop,0.01,,1.0,,0.00011171781354999072,-0.1645944448908115,0.02145119307795266,-0.8314668969129168,0.00011171781354999072,5.585890677499536e-05,5.585890677499536e-05,0.0,0.0,,,,,fractional_return,R,False
ETHUSD,2022-06-20 14:30:00,2022-06-20 15:00:00,2022-06-21 02:30:00,long,1.0,1139.55,1118.55,1139.55,1118.55,2189.083594669774,1034.5966405330225,2189.083594669774,0.10857680076058439,-0.002000888785899933,0.0001140056407986136,-0.0021148944266985467,-0.21148944266985467,24,max_holding_close,0.11243089368390073,-0.5488152098468387,False,False,1034.5966405330225,False,1.0,0.5,,,adverse_first,volatility_stop,0.01,,1.0,,0.00011400564079861375,-0.21148944266985467,0.11243089368390073,-0.5488152098468387,0.00011400564079861375,5.700282039930687e-05,5.700282039930687e-05,0.0,0.0,,,,,fractional_return,R,False
ETHUSD,2022-07-02 12:30:00,2022-07-02 13:00:00,2022-07-03 00:30:00,long,1.0,1057.3,1061.85,1057.3,1061.85,1654.8542738195508,997.5445726180449,1654.8542738195508,0.17693790276852459,0.0007614371111290941,0.0001857847979069508,0.0005756523132221433,0.057565231322214326,24,max_holding_close,0.33804460757819016,-0.23261485372954388,False,False,997.5445726180449,False,1.0,0.5,,,adverse_first,volatility_stop,0.01,,1.0,,0.00018578479790695083,0.057565231322214326,0.33804460757819016,-0.23261485372954388,0.00018578479790695083,9.289239895347542e-05,9.289239895347542e-05,0.0,0.0,,,,,fractional_return,R,False
ETHUSD,2022-07-05 03:30:00,2022-07-05 04:00:00,2022-07-05 12:00:00,long,1.0,1152.0,1103.4581322669983,1152.0,1103.4581322669983,1637.418677330017,1103.4581322669983,1637.418677330017,0.23732090539581782,-0.01,0.0002491869506656087,-0.01024918695066561,-1.024918695066561,17,stop_loss,0.41201546075662815,-1.0784504685304723,False,False,1103.4581322669983,False,1.0,0.5,,,adverse_first,volatility_stop,0.01,,1.0,,0.00024918695066560893,-1.024918695066561,0.41201546075662815,-1.0784504685304723,0.00024918695066560893,0.00012459347533280447,0.00012459347533280447,0.0,0.0,,,,,fractional_return,R,False
ETHUSD,2022-07-06 13:00:00,2022-07-06 13:30:00,2022-07-07 01:00:00,long,1.0,1141.65,1184.45,1141.65,1184.45,1753.8248816035689,1080.4325118396432,1753.8248816035689,0.18649082709984627,0.0069914662110746985,0.00019581536845483856,0.00679565084261986,0.6795650842619859,24,max_holding_close,1.000531087449357,-0.24666154155894573,False,False,1080.4325118396432,False,1.0,0.5,,,adverse_first,volatility_stop,0.01,,1.0,,0.0001958153684548389,0.6795650842619859,1.000531087449357,-0.24666154155894573,0.0001958153684548389,9.790768422741946e-05,9.790768422741946e-05,0.0,0.0,,,,,fractional_return,R,False
ETHUSD,2022-07-07 14:30:00,2022-07-07 15:00:00,2022-07-08 02:30:00,long,1.0,1222.45,1253.05,1222.45,1253.05,1763.9111832844094,1168.303881671559,1763.9111832844094,0.22576872317694704,0.005651374640447106,0.00023705715933579439,0.0054143174811113115,0.5414317481111312,24,max_holding_close,0.9769860081034372,-0.18099173685091993,False,False,1168.303881671559,False,1.0,0.5,,,adverse_first,volatility_stop,0.01,,1.0,,0.00023705715933579428,0.5414317481111312,0.9769860081034372,-0.18099173685091993,0.00023705715933579428,0.00011852857966789714,0.00011852857966789714,0.0,0.0,,,,,fractional_return,R,False
ETHUSD,2022-07-08 04:00:00,2022-07-08 04:30:00,2022-07-08 13:30:00,long,1.0,1257.15,1200.847182137752,1257.15,1200.847182137752,1820.1781786224806,1200.847182137752,1820.1781786224806,0.22328367348784856,-0.01,0.00023444785716224097,-0.010234447857162241,-1.023444785716224,19,stop_loss,0.015984990346341585,-1.1384865346673922,False,False,1200.847182137752,False,1.0,0.5,,,adverse_first,volatility_stop,0.01,,1.0,,0.00023444785716224097,-1.023444785716224,0.015984990346341585,-1.1384865346673922,0.00023444785716224097,0.00011722392858112048,0.00011722392858112048,0.0,0.0,,,,,fractional_return,R,False
ETHUSD,2022-07-09 05:00:00,2022-07-09 05:30:00,2022-07-09 17:00:00,long,1.0,1213.9,1221.55,1213.9,1221.55,1807.7805788289756,1154.5119421171025,1807.7805788289756,0.20440136338413187,0.0012881377624916288,0.00021462143155333844,0.0010735163309382903,0.10735163309382903,24,max_holding_close,0.2163734672943468,-0.14901985879805543,False,False,1154.5119421171025,False,1.0,0.5,,,adverse_first,volatility_stop,0.01,,1.0,,0.00021462143155333855,0.10735163309382903,0.2163734672943468,-0.14901985879805543,0.00021462143155333855,0.00010731071577666927,0.00010731071577666927,0.0,0.0,,,,,fractional_return,R,False
ETHUSD,2022-07-12 10:00:00,2022-07-12 10:30:00,2022-07-12 22:00:00,short,-1.0,1059.9,1046.85,1059.9,1046.85,645.3195370059461,1101.3580462994055,645.3195370059461,0.25565604137385545,0.003147760486771251,0.0002684388434425482,0.0028793216433287026,0.2879321643328703,24,max_holding_close,0.6633211753732451,-0.6657332523746001,False,False,1101.3580462994055,False,1.0,0.5,,,adverse_first,volatility_stop,0.01,,1.0,,0.0002684388434425482,0.2879321643328703,0.6633211753732451,-0.6657332523746001,0.0002684388434425482,0.0001342194217212741,0.0001342194217212741,0.0,0.0,,,,,fractional_return,R,False
ETHUSD,2022-07-15 01:30:00,2022-07-15 02:00:00,2022-07-15 13:30:00,long,1.0,1209.05,1221.65,1209.05,1221.65,1814.2231773442588,1148.532682265574,1814.2231773442588,0.19978578781462084,0.002082048655112899,0.00020977507720535186,0.001872273577907547,0.1872273577907547,24,max_holding_close,0.4246718288603254,-0.32552665480733134,False,False,1148.532682265574,False,1.0,0.5,,,adverse_first,volatility_stop,0.01,,1.0,,0.00020977507720535186,0.1872273577907547,0.4246718288603254,-0.32552665480733134,0.00020977507720535186,0.00010488753860267593,0.00010488753860267593,0.0,0.0,,,,,fractional_return,R,False
ETHUSD,2022-07-15 14:00:00,2022-07-15 14:30:00,2022-07-16 02:00:00,long,1.0,1234.35,1214.75,1234.35,1214.75,1874.2357621732167,1170.3614237826782,1874.2357621732167,0.19290161978410483,-0.0030630467434426545,0.00020254670077331005,-0.0032655934442159646,-0.32655934442159645,24,max_holding_close,0.815770612284221,-0.4828986957774386,False,False,1170.3614237826782,False,1.0,0.5,,,adverse_first,volatility_stop,0.01,,1.0,,0.0002025467007733101,-0.32655934442159645,0.815770612284221,-0.4828986957774386,0.0002025467007733101,0.00010127335038665505,0.00010127335038665505,0.0,0.0,,,,,fractional_return,R,False
ETHUSD,2022-07-16 12:30:00,2022-07-16 13:00:00,2022-07-17 00:30:00,long,1.0,1215.1,1363.4,1215.1,1363.4,1820.8457967288791,1154.525420327112,1820.8457967288791,0.2005956965053208,0.024482216930079112,0.00021062548133058683,0.024271591448748527,2.4271591448748526,24,max_holding_close,3.4015919072439624,-0.03879515157497207,False,False,1154.525420327112,False,1.0,0.5,,,adverse_first,volatility_stop,0.01,,1.0,,0.0002106254813305855,2.4271591448748526,3.4015919072439624,-0.03879515157497207,0.0002106254813305855,0.00010531274066529275,0.00010531274066529275,0.0,0.0,,,,,fractional_return,R,False
ETHUSD,2022-07-17 09:00:00,2022-07-17 09:30:00,2022-07-17 21:00:00,short,-1.0,1355.65,1361.55,1355.65,1361.55,563.9180474943482,1434.8231952505653,563.9180474943482,0.17122587963131658,-0.0007452017038503643,0.0001797871736128824,-0.0009249888774632467,-0.09249888774632467,24,max_holding_close,0.458488505928287,-0.3182895413055838,False,False,1434.8231952505653,False,1.0,0.5,,,adverse_first,volatility_stop,0.01,,1.0,,0.00017978717361288236,-0.09249888774632467,0.458488505928287,-0.3182895413055838,0.00017978717361288236,8.989358680644118e-05,8.989358680644118e-05,0.0,0.0,,,,,fractional_return,R,False
ETHUSD,2022-07-19 22:00:00,2022-07-19 22:30:00,2022-07-20 10:00:00,short,-1.0,1563.25,1595.05,1563.25,1595.05,441.8206519964151,1675.3929348003585,441.8206519964151,0.1393979926406387,-0.002835666826145715,0.00014636789227267063,-0.0029820347184183857,-0.29820347184183854,24,max_holding_close,0.46191050815832907,-0.3959232927071404,False,False,1675.3929348003585,False,1.0,0.5,,,adverse_first,volatility_stop,0.01,,1.0,,0.0001463678922726708,-0.29820347184183854,0.46191050815832907,-0.3959232927071404,0.0001463678922726708,7.31839461363354e-05,7.31839461363354e-05,0.0,0.0,,,,,fractional_return,R,False
ETHUSD,2022-07-26 21:00:00,2022-07-26 21:30:00,2022-07-27 09:00:00,long,1.0,1384.85,1460.25,1384.85,1460.25,2196.669051678758,1303.668094832124,2196.669051678758,0.17058604342140937,0.009287784001136772,0.00017911534559247983,0.009108668655544291,0.9108668655544291,24,max_holding_close,1.1073896309047706,-0.21618117933680372,False,False,1303.668094832124,False,1.0,0.5,,,adverse_first,volatility_stop,0.01,,1.0,,0.0001791153455924805,0.9108668655544291,1.1073896309047706,-0.21618117933680372,0.0001791153455924805,8.955767279624025e-05,8.955767279624025e-05,0.0,0.0,,,,,fractional_return,R,False
ETHUSD,2022-07-27 21:30:00,2022-07-27 22:00:00,2022-07-28 09:30:00,long,1.0,1607.8000000000002,1619.45,1607.8000000000002,1619.45,2528.535486317426,1515.7264513682576,2528.535486317426,0.1746212700490732,0.00126529282004708,0.00018335233355152686,0.0010819404864955532,0.10819404864955533,24,max_holding_close,0.7352817503621237,-0.06679442783939646,False,False,1515.7264513682576,False,1.0,0.5,,,adverse_first,volatility_stop,0.01,,1.0,,0.0001833523335515268,0.10819404864955533,0.7352817503621237,-0.06679442783939646,0.0001833523335515268,9.16761667757634e-05,9.16761667757634e-05,0.0,0.0,,,,,fractional_return,R,False
ETHUSD,2022-07-29 05:00:00,2022-07-29 05:30:00,2022-07-29 17:00:00,short,-1.0,1725.85,1678.55,1725.85,1678.55,710.4618273562751,1827.3888172643724,710.4618273562751,0.1699694802930858,0.004658317013566043,0.0001784679543077401,0.004479849059258302,0.44798490592583023,24,max_holding_close,0.6746188486876831,-0.2570445540255273,False,False,1827.3888172643724,False,1.0,0.5,,,adverse_first,volatility_stop,0.01,,1.0,,0.00017846795430774033,0.44798490592583023,0.6746188486876831,-0.2570445540255273,0.00017846795430774033,8.923397715387017e-05,8.923397715387017e-05,0.0,0.0,,,,,fractional_return,R,False
ETHUSD,2022-08-02 10:30:00,2022-08-02 11:00:00,2022-08-02 22:30:00,long,1.0,1587.55,1647.65,1587.55,1647.65,2337.6388959621077,1512.5411104037892,2337.6388959621077,0.21164824710059404,0.008012383641929839,0.00022223065945562373,0.007790152982474215,0.7790152982474214,24,max_holding_close,1.2058570722338662,-0.2966315075423273,False,False,1512.5411104037892,False,1.0,0.5,,,adverse_first,volatility_stop,0.01,,1.0,,0.00022223065945562413,0.7790152982474214,1.2058570722338662,-0.2966315075423273,0.00022223065945562413,0.00011111532972781207,0.00011111532972781207,0.0,0.0,,,,,fractional_return,R,False
ETHUSD,2022-08-11 20:00:00,2022-08-11 20:30:00,2022-08-12 08:00:00,long,1.0,1896.65,1894.5,1896.65,1894.5,2739.298841829505,1812.3851158170496,2739.298841829505,0.22508189720905755,-0.000255147802177263,0.00023633599206951042,-0.0004914837942467734,-0.04914837942467734,24,max_holding_close,0.21005191155987019,-0.4521456401373539,False,False,1812.3851158170496,False,1.0,0.5,,,adverse_first,volatility_stop,0.01,,1.0,,0.00023633599206951042,-0.04914837942467734,0.21005191155987019,-0.4521456401373539,0.00023633599206951042,0.00011816799603475521,0.00011816799603475521,0.0,0.0,,,,,fractional_return,R,False
ETHUSD,2022-08-12 09:00:00,2022-08-12 09:30:00,2022-08-12 21:00:00,long,1.0,1901.35,1924.8,1901.35,1924.8,2661.8643599561415,1825.2985640043858,2661.8643599561415,0.2500084285206199,0.0030834394765869508,0.0002625088499466509,0.0028209306266402997,0.28209306266402995,24,max_holding_close,0.4792808909236388,-0.6166878953173818,False,False,1825.2985640043858,False,1.0,0.5,,,adverse_first,volatility_stop,0.01,,1.0,,0.0002625088499466511,0.28209306266402995,0.4792808909236388,-0.6166878953173818,0.0002625088499466511,0.00013125442497332555,0.00013125442497332555,0.0,0.0,,,,,fractional_return,R,False
ETHUSD,2022-08-12 22:30:00,2022-08-12 23:00:00,2022-08-13 10:30:00,long,1.0,1932.95,1994.95,1932.95,1994.95,2631.9990170696287,1863.0450982930372,2631.9990170696287,0.27651136798715636,0.00886919207180923,0.00029033693638651415,0.008578855135422716,0.8578855135422717,24,max_holding_close,1.2552767811310677,-0.0772478019157593,False,False,1863.0450982930372,False,1.0,0.5,,,adverse_first,volatility_stop,0.01,,1.0,,0.0002903369363865139,0.8578855135422717,1.2552767811310677,-0.0772478019157593,0.0002903369363865139,0.00014516846819325694,0.00014516846819325694,0.0,0.0,,,,,fractional_return,R,False
ETHUSD,2022-08-21 14:00:00,2022-08-21 14:30:00,2022-08-22 02:00:00,short,-1.0,1612.8,1598.85,1612.8,1598.85,869.3014243125915,1687.1498575687408,869.3014243125915,0.21692038865156815,0.001876264522376852,0.00022776640808414654,0.0016484981142927055,0.16484981142927055,24,max_holding_close,0.42569012281883073,-0.45326246884659327,False,False,1687.1498575687408,False,1.0,0.5,,,adverse_first,volatility_stop,0.01,,1.0,,0.00022776640808414646,0.16484981142927055,0.42569012281883073,-0.45326246884659327,0.00022776640808414646,0.00011388320404207323,0.00011388320404207323,0.0,0.0,,,,,fractional_return,R,False
ETHUSD,2022-08-22 06:00:00,2022-08-22 06:30:00,2022-08-22 18:00:00,short,-1.0,1597.25,1567.05,1597.25,1567.05,857.5143444901332,1671.2235655509867,857.5143444901332,0.21592172664694484,0.004082539455149628,0.00022671781297929207,0.0038558216421703357,0.38558216421703356,24,max_holding_close,0.9043771177136095,-0.03920319344349098,False,False,1671.2235655509867,False,1.0,0.5,,,adverse_first,volatility_stop,0.01,,1.0,,0.00022671781297929194,0.38558216421703356,0.9043771177136095,-0.03920319344349098,0.00022671781297929194,0.00011335890648964597,0.00011335890648964597,0.0,0.0,,,,,fractional_return,R,False
ETHUSD,2022-08-26 13:00:00,2022-08-26 13:30:00,2022-08-26 15:00:00,long,1.0,1688.6999999999998,1623.8705689262597,1688.6999999999998,1623.8705689262597,2336.994310737401,1623.8705689262597,2336.994310737401,0.2604835445924539,-0.01,0.00027350772182207654,-0.010273507721822077,-1.0273507721822077,4,stop_loss,0.20283997225029857,-1.593412101403471,False,False,1623.8705689262597,False,1.0,0.5,,,adverse_first,volatility_stop,0.01,,1.0,,0.000273507721822077,-1.0273507721822077,0.20283997225029857,-1.593412101403471,0.000273507721822077,0.0001367538609110385,0.0001367538609110385,0.0,0.0,,,,,fractional_return,R,False
ETHUSD,2022-08-27 22:30:00,2022-08-27 23:00:00,2022-08-28 10:30:00,long,1.0,1484.25,1484.85,1484.25,1484.85,2194.7362690670416,1413.2013730932958,2194.7362690670416,0.2089062188279878,8.44492041750099e-05,0.00021935152976938717,-0.00013490232559437726,-0.013490232559437725,24,max_holding_close,0.3701690116338938,-0.09993155827378772,False,False,1413.2013730932958,False,1.0,0.5,,,adverse_first,volatility_stop,0.01,,1.0,,0.00021935152976938717,-0.013490232559437725,0.3701690116338938,-0.09993155827378772,0.00021935152976938717,0.00010967576488469358,0.00010967576488469358,0.0,0.0,,,,,fractional_return,R,False
ETHUSD,2022-08-28 11:00:00,2022-08-28 11:30:00,2022-08-28 23:00:00,short,-1.0,1480.75,1450.55,1480.75,1450.55,871.0957944863476,1541.7154205513652,871.0957944863476,0.24288358656567005,0.0049536277658505865,0.0002550277658939535,0.004698599999956633,0.46985999999566325,24,max_holding_close,0.5683549737970953,-0.26572440333370695,False,False,1541.7154205513652,False,1.0,0.5,,,adverse_first,volatility_stop,0.01,,1.0,,0.00025502776589395384,0.46985999999566325,0.5683549737970953,-0.26572440333370695,0.00025502776589395384,0.00012751388294697692,0.00012751388294697692,0.0,0.0,,,,,fractional_return,R,False
ETHUSD,2022-08-29 23:00:00,2022-08-29 23:30:00,2022-08-30 11:00:00,long,1.0,1544.15,1581.75,1544.15,1581.75,2185.7363753575833,1479.9913624642418,2185.7363753575833,0.24067686897798915,0.005860473576771916,0.0002527107124268886,0.0056077628643450275,0.5607762864345027,24,max_holding_close,0.9577821842889219,-0.3148445910925358,False,False,1479.9913624642418,False,1.0,0.5,,,adverse_first,volatility_stop,0.01,,1.0,,0.0002527107124268889,0.5607762864345027,0.9577821842889219,-0.3148445910925358,0.0002527107124268889,0.00012635535621344446,0.00012635535621344446,0.0,0.0,,,,,fractional_return,R,False
ETHUSD,2022-09-06 01:00:00,2022-09-06 01:30:00,2022-09-06 13:00:00,long,1.0,1659.15,1663.0,1659.15,1663.0,2177.235913283285,1607.3414086716716,2177.235913283285,0.3202461131369908,0.0007431199925126288,0.00033625841879384035,0.00040686157371878847,0.04068615737187885,24,max_holding_close,0.5240443583563424,-0.6639825387645789,False,False,1607.3414086716716,False,1.0,0.5,,,adverse_first,volatility_stop,0.01,,1.0,,0.00033625841879384035,0.04068615737187885,0.5240443583563424,-0.6639825387645789,0.00033625841879384035,0.00016812920939692018,0.00016812920939692018,0.0,0.0,,,,,fractional_return,R,False
ETHUSD,2022-09-06 14:30:00,2022-09-06 15:00:00,2022-09-06 17:00:00,long,1.0,1666.25,1602.9739169077948,1666.25,1602.9739169077948,2299.0108309220523,1602.9739169077948,2299.0108309220523,0.26333014285539114,-0.010000000000000002,0.0002764966499981607,-0.010276496649998162,-1.0276496649998161,5,stop_loss,0.13196139191852913,-1.1773800835844943,False,False,1602.9739169077948,False,1.0,0.5,,,adverse_first,volatility_stop,0.01,,1.0,,0.00027649664999816054,-1.0276496649998161,0.13196139191852913,-1.1773800835844943,0.00027649664999816054,0.00013824832499908027,0.00013824832499908027,0.0,0.0,,,,,fractional_return,R,False
ETHUSD,2022-09-07 20:00:00,2022-09-07 20:30:00,2022-09-08 08:00:00,long,1.0,1637.65,1616.55,1637.65,1616.55,2371.8935090150685,1564.2256490984932,2371.8935090150685,0.223039084430829,-0.0028737060308921506,0.00023419103865237044,-0.003107897069544521,-0.31078970695445207,24,max_holding_close,0.2628555753375257,-0.5774650981508362,False,False,1564.2256490984932,False,1.0,0.5,,,adverse_first,volatility_stop,0.01,,1.0,,0.00023419103865237028,-0.31078970695445207,0.2628555753375257,-0.5774650981508362,0.00023419103865237028,0.00011709551932618514,0.00011709551932618514,0.0,0.0,,,,,fractional_return,R,False
ETHUSD,2022-09-08 10:00:00,2022-09-08 10:30:00,2022-09-08 22:00:00,long,1.0,1633.65,1631.15,1633.65,1631.15,2330.5923816818745,1563.9557618318127,2330.5923816818745,0.23440244745306568,-0.0003587097105455076,0.00024612256982571893,-0.0006048322803712265,-0.060483228037122645,24,max_holding_close,0.40175487581096553,-0.502193594763707,False,False,1563.9557618318127,False,1.0,0.5,,,adverse_first,volatility_stop,0.01,,1.0,,0.0002461225698257189,-0.060483228037122645,0.40175487581096553,-0.502193594763707,0.0002461225698257189,0.00012306128491285944,0.00012306128491285944,0.0,0.0,,,,,fractional_return,R,False
ETHUSD,2022-09-09 05:00:00,2022-09-09 05:30:00,2022-09-09 17:00:00,long,1.0,1706.75,1712.45,1706.75,1712.45,2424.422261898406,1634.9827738101594,2424.422261898406,0.23781746775126286,0.0007942344023332259,0.00024970834113882597,0.0005445260611943998,0.054452606119439986,24,max_holding_close,0.5462103258151173,-0.30097303667363445,False,False,1634.9827738101594,False,1.0,0.5,,,adverse_first,volatility_stop,0.01,,1.0,,0.000249708341138826,0.054452606119439986,0.5462103258151173,-0.30097303667363445,0.000249708341138826,0.000124854170569413,0.000124854170569413,0.0,0.0,,,,,fractional_return,R,False
ETHUSD,2022-09-09 19:30:00,2022-09-09 20:00:00,2022-09-10 08:00:00,long,1.0,1721.25,1720.0500000000002,1721.25,1720.0500000000002,2430.9854900906794,1650.276450990932,2430.9854900906794,0.2425199280622256,-0.0001690770740302787,0.00025464592446533687,-0.0004237229984956156,-0.042372299849561555,24,max_holding_close,0.3247688796998861,-0.19655209856023578,False,False,1650.276450990932,False,1.0,0.5,,,adverse_first,volatility_stop,0.01,,1.0,,0.0002546459244653369,-0.042372299849561555,0.3247688796998861,-0.19655209856023578,0.0002546459244653369,0.00012732296223266846,0.00012732296223266846,0.0,0.0,,,,,fractional_return,R,False
ETHUSD,2022-09-14 07:30:00,2022-09-14 08:00:00,2022-09-14 19:30:00,long,1.0,1611.85,1600.05,1611.85,1600.05,2409.1653481888584,1532.118465181114,2409.1653481888584,0.20215966037295,-0.0014799664934086985,0.0002122676433915975,-0.001692234136800296,-0.1692234136800296,24,max_holding_close,0.015050506712631398,-0.6521886242140025,False,False,1532.118465181114,False,1.0,0.5,,,adverse_first,volatility_stop,0.01,,1.0,,0.00021226764339159752,-0.1692234136800296,0.015050506712631398,-0.6521886242140025,0.00021226764339159752,0.00010613382169579876,0.00010613382169579876,0.0,0.0,,,,,fractional_return,R,False
ETHUSD,2022-09-14 19:30:00,2022-09-14 20:00:00,2022-09-15 07:30:00,long,1.0,1600.25,1637.25,1600.25,1637.25,2398.0220191935077,1520.4727980806492,2398.0220191935077,0.20058988802562192,0.004637916486141545,0.000210619382426903,0.004427297103714642,0.4427297103714642,24,max_holding_close,0.6693641631350243,-0.3165064629056056,False,False,1520.4727980806492,False,1.0,0.5,,,adverse_first,volatility_stop,0.01,,1.0,,0.00021061938242690308,0.4427297103714642,0.6693641631350243,-0.3165064629056056,0.00021061938242690308,0.00010530969121345154,0.00010530969121345154,0.0,0.0,,,,,fractional_return,R,False
ETHUSD,2022-09-16 11:30:00,2022-09-16 12:00:00,2022-09-16 23:30:00,long,1.0,1478.65,1433.85,1478.65,1433.85,2252.5454295916484,1401.2604570408353,2252.5454295916484,0.19106586542063192,-0.005788895797412741,0.0002006191586916635,-0.005989514956104405,-0.5989514956104405,24,max_holding_close,0.0025843284809854684,-0.9374651564783337,False,False,1401.2604570408353,False,1.0,0.5,,,adverse_first,volatility_stop,0.01,,1.0,,0.00020061915869166395,-0.5989514956104405,0.0025843284809854684,-0.9374651564783337,0.00020061915869166395,0.00010030957934583197,0.00010030957934583197,0.0,0.0,,,,,fractional_return,R,False
ETHUSD,2022-09-17 00:00:00,2022-09-17 00:30:00,2022-09-17 12:30:00,long,1.0,1448.8,1424.85,1448.8,1424.85,2227.3354573652146,1370.9464542634785,2227.3354573652146,0.18609300145469942,-0.0030762889183048466,0.0001953976515274344,-0.003271686569832281,-0.3271686569832281,24,max_holding_close,0.09761918905685678,-0.5028672699441922,False,False,1370.9464542634785,False,1.0,0.5,,,adverse_first,volatility_stop,0.01,,1.0,,0.00019539765152743437,-0.3271686569832281,0.09761918905685678,-0.5028672699441922,0.00019539765152743437,9.769882576371718e-05,9.769882576371718e-05,0.0,0.0,,,,,fractional_return,R,False
ETHUSD,2022-09-27 16:30:00,2022-09-27 17:00:00,2022-09-28 04:30:00,short,-1.0,1331.75,1283.95,1331.75,1283.95,783.319825457409,1386.593017454259,783.319825457409,0.2428294542893676,0.008715785932068149,0.000254970927003836,0.008460815005064312,0.8460815005064312,24,max_holding_close,1.1706139264409545,-0.1531644389735844,False,False,1386.593017454259,False,1.0,0.5,,,adverse_first,volatility_stop,0.01,,1.0,,0.00025497092700383674,0.8460815005064312,1.1706139264409545,-0.1531644389735844,0.00025497092700383674,0.00012748546350191837,0.00012748546350191837,0.0,0.0,,,,,fractional_return,R,False
ETHUSD,2022-09-28 06:00:00,2022-09-28 06:30:00,2022-09-28 18:00:00,long,1.0,1285.55,1324.35,1285.55,1324.35,1842.6532459614798,1229.839675403852,1842.6532459614798,0.23075614965791955,0.006964597726052862,0.0002422939571408155,0.006722303768912047,0.6722303768912047,24,max_holding_close,0.9621196858671012,-0.5564498183186578,False,False,1229.839675403852,False,1.0,0.5,,,adverse_first,volatility_stop,0.01,,1.0,,0.00024229395714081559,0.6722303768912047,0.9621196858671012,-0.5564498183186578,0.00024229395714081559,0.00012114697857040779,0.00012114697857040779,0.0,0.0,,,,,fractional_return,R,False
ETHUSD,2022-09-29 01:00:00,2022-09-29 01:30:00,2022-09-29 13:00:00,long,1.0,1343.15,1326.05,1343.15,1326.05,1934.7293014736847,1283.9920698526316,1934.7293014736847,0.2270447929219423,-0.002890567664791909,0.00023839703256803939,-0.0031289646973599486,-0.31289646973599483,24,max_holding_close,0.14706396891046097,-0.5121883055157572,False,False,1283.9920698526316,False,1.0,0.5,,,adverse_first,volatility_stop,0.01,,1.0,,0.0002383970325680394,-0.31289646973599483,0.14706396891046097,-0.5121883055157572,0.0002383970325680394,0.0001191985162840197,0.0001191985162840197,0.0,0.0,,,,,fractional_return,R,False
ETHUSD,2022-10-03 07:00:00,2022-10-03 07:30:00,2022-10-03 19:00:00,long,1.0,1293.8,1317.35,1293.8,1317.35,1660.2149026200175,1257.1585097379982,1660.2149026200175,0.353096992166202,0.006427140335070368,0.0003707518417745121,0.006056388493295856,0.6056388493295856,24,max_holding_close,0.9783990701158131,-0.2060505712517243,False,False,1257.1585097379982,False,1.0,0.5,,,adverse_first,volatility_stop,0.01,,1.0,,0.00037075184177451197,0.6056388493295856,0.9783990701158131,-0.2060505712517243,0.00037075184177451197,0.00018537592088725598,0.00018537592088725598,0.0,0.0,,,,,fractional_return,R,False
ETHUSD,2022-10-03 20:30:00,2022-10-03 21:00:00,2022-10-04 08:30:00,long,1.0,1323.8000000000002,1348.05,1323.8000000000002,1348.05,1695.82074571047,1286.5979254289532,1695.82074571047,0.3558403705341383,0.006518453682922507,0.0003736323890608452,0.006144821293861662,0.6144821293861662,24,max_holding_close,0.9636559362176178,-0.22713787060081322,False,False,1286.5979254289532,False,1.0,0.5,,,adverse_first,volatility_stop,0.01,,1.0,,0.0003736323890608448,0.6144821293861662,0.9636559362176178,-0.22713787060081322,0.0003736323890608448,0.0001868161945304224,0.0001868161945304224,0.0,0.0,,,,,fractional_return,R,False
ETHUSD,2022-10-05 00:00:00,2022-10-05 00:30:00,2022-10-05 12:00:00,short,-1.0,1358.9499999999998,1332.15,1358.9499999999998,1332.15,1012.5584428895263,1393.5891557110472,1012.5584428895263,0.39231614400076,0.00773690912779737,0.00041193195120079796,0.007324977176596572,0.7324977176596572,24,max_holding_close,0.8429766661630023,-0.03319942349614847,False,False,1393.5891557110472,False,1.0,0.5,,,adverse_first,volatility_stop,0.01,,1.0,,0.00041193195120079774,0.7324977176596572,0.8429766661630023,-0.03319942349614847,0.00041193195120079774,0.00020596597560039887,0.00020596597560039887,0.0,0.0,,,,,fractional_return,R,False
ETHUSD,2022-10-05 16:00:00,2022-10-05 16:30:00,2022-10-06 04:00:00,long,1.0,1337.95,1376.7,1337.95,1376.7,1672.5826588676312,1304.486734113237,1672.5826588676312,0.39982648571347185,0.011579861968980218,0.0004198178099991454,0.011160044158981072,1.1160044158981073,24,max_holding_close,1.3791242061120872,-0.025400987544863828,False,False,1304.486734113237,False,1.0,0.5,,,adverse_first,volatility_stop,0.01,,1.0,,0.0004198178099991453,1.1160044158981073,1.3791242061120872,-0.025400987544863828,0.0004198178099991453,0.00020990890499957265,0.00020990890499957265,0.0,0.0,,,,,fractional_return,R,False
ETHUSD,2022-10-06 06:00:00,2022-10-06 06:30:00,2022-10-06 18:00:00,short,-1.0,1365.8,1363.15,1365.8,1363.15,1002.5152944393456,1402.1284705560654,1002.5152944393456,0.3759585743892443,0.0007294554269522957,0.0003947565031087065,0.0003346989238435892,0.03346989238435892,24,max_holding_close,0.45831822108514175,-0.40051231932665743,False,False,1402.1284705560654,False,1.0,0.5,,,adverse_first,volatility_stop,0.01,,1.0,,0.0003947565031087065,0.03346989238435892,0.45831822108514175,-0.40051231932665743,0.0003947565031087065,0.00019737825155435325,0.00019737825155435325,0.0,0.0,,,,,fractional_return,R,False
ETHUSD,2022-10-10 08:30:00,2022-10-10 09:00:00,2022-10-10 20:30:00,short,-1.0,1306.7,1307.35,1306.7,1307.35,1066.429780415073,1330.7270219584927,1066.429780415073,0.5438460089882792,-0.00027052874098283463,0.0005710383094376931,-0.0008415670504205277,-0.08415670504205276,24,max_holding_close,0.318391518233748,-0.5348145110200858,False,False,1330.7270219584927,False,1.0,0.5,,,adverse_first,volatility_stop,0.01,,1.0,,0.000571038309437693,-0.08415670504205276,0.318391518233748,-0.5348145110200858,0.000571038309437693,0.0002855191547188465,0.0002855191547188465,0.0,0.0,,,,,fractional_return,R,False
ETHUSD,2022-10-14 10:00:00,2022-10-14 10:30:00,2022-10-14 21:30:00,long,1.0,1332.6,1290.956907152105,1332.6,1290.956907152105,1749.0309284789487,1290.956907152105,1749.0309284789487,0.3200050497851927,-0.01,0.0003360053022744523,-0.010336005302274453,-1.0336005302274451,23,stop_loss,0.24854061723523846,-1.040988962043229,False,False,1290.956907152105,False,1.0,0.5,,,adverse_first,volatility_stop,0.01,,1.0,,0.00033600530227445233,-1.0336005302274451,0.24854061723523846,-1.040988962043229,0.00033600530227445233,0.00016800265113722616,0.00016800265113722616,0.0,0.0,,,,,fractional_return,R,False
ETHUSD,2022-10-16 22:30:00,2022-10-16 23:00:00,2022-10-17 10:30:00,long,1.0,1308.3,1319.5,1308.3,1319.5,1586.646858692821,1280.4653141307178,1586.646858692821,0.4700250637438728,0.0040237565649556125,0.0004935263169310665,0.003530230248024546,0.35302302480245457,24,max_holding_close,0.5335070088356322,-0.4436910140821514,False,False,1280.4653141307178,False,1.0,0.5,,,adverse_first,volatility_stop,0.01,,1.0,,0.0004935263169310667,0.35302302480245457,0.5335070088356322,-0.4436910140821514,0.0004935263169310667,0.00024676315846553333,0.00024676315846553333,0.0,0.0,,,,,fractional_return,R,False
ETHUSD,2022-10-21 08:30:00,2022-10-21 09:00:00,2022-10-21 20:00:00,short,-1.0,1278.25,1306.1078063228633,1278.25,1306.1078063228633,999.6719367713667,1306.1078063228633,999.6719367713667,0.4588480461043771,-0.01,0.000481790448409596,-0.010481790448409595,-1.0481790448409596,23,stop_loss,0.8669024301522198,-1.0374111897059684,False,False,1306.1078063228633,False,1.0,0.5,,,adverse_first,volatility_stop,0.01,,1.0,,0.0004817904484095952,-1.0481790448409596,0.8669024301522198,-1.0374111897059684,0.0004817904484095952,0.0002408952242047976,0.0002408952242047976,0.0,0.0,,,,,fractional_return,R,False
ETHUSD,2022-10-24 02:30:00,2022-10-24 03:00:00,2022-10-24 14:30:00,short,-1.0,1352.65,1334.55,1352.65,1334.55,1098.9383574864828,1378.0211642513518,1098.9383574864828,0.5331446308885621,0.007134083332039394,0.0005598018624329902,0.006574281469606404,0.6574281469606403,24,max_holding_close,1.1154395486006288,-0.07882965007778245,False,False,1378.0211642513518,False,1.0,0.5,,,adverse_first,volatility_stop,0.01,,1.0,,0.00055980186243299,0.6574281469606403,1.1154395486006288,-0.07882965007778245,0.00055980186243299,0.000279900931216495,0.000279900931216495,0.0,0.0,,,,,fractional_return,R,False
ETHUSD,2022-10-24 19:00:00,2022-10-24 19:30:00,2022-10-25 07:00:00,long,1.0,1347.05,1346.25,1347.05,1346.25,1654.4562388110905,1316.309376118891,1654.4562388110905,0.43819865374554046,-0.0002602419531542195,0.00046010858643281743,-0.000720350539587037,-0.0720350539587037,24,max_holding_close,0.38223036869531196,-0.3822303686953046,False,False,1316.309376118891,False,1.0,0.5,,,adverse_first,volatility_stop,0.01,,1.0,,0.0004601085864328175,-0.0720350539587037,0.38223036869531196,-0.3822303686953046,0.0004601085864328175,0.00023005429321640874,0.00023005429321640874,0.0,0.0,,,,,fractional_return,R,False
ETHUSD,2022-10-25 13:00:00,2022-10-25 13:30:00,2022-10-26 01:00:00,long,1.0,1365.0500000000002,1466.05,1365.0500000000002,1466.05,1638.9507188472899,1337.6599281152712,1638.9507188472899,0.498374011482996,0.036874675037385035,0.0005232927120571457,0.03635138232532789,3.635138232532789,24,max_holding_close,5.834230763340729,0.0,False,False,1337.6599281152712,False,1.0,0.5,,,adverse_first,volatility_stop,0.01,,1.0,,0.000523292712057144,3.635138232532789,5.834230763340729,0.0,0.000523292712057144,0.000261646356028572,0.000261646356028572,0.0,0.0,,,,,fractional_return,R,False
ETHUSD,2022-11-04 14:00:00,2022-11-04 14:30:00,2022-11-05 02:00:00,long,1.0,1655.0,1651.8,1655.0,1651.8,2244.7041872376576,1596.0295812762342,2244.7041872376576,0.2806491857811781,-0.0005426449513593893,0.00029468164507023695,-0.0008373265964296262,-0.08373265964296261,24,max_holding_close,0.20688338770576348,-0.7910745931535942,False,False,1596.0295812762342,False,1.0,0.5,,,adverse_first,volatility_stop,0.01,,1.0,,0.0002946816450702369,-0.08373265964296261,0.20688338770576348,-0.7910745931535942,0.0002946816450702369,0.00014734082253511845,0.00014734082253511845,0.0,0.0,,,,,fractional_return,R,False
ETHUSD,2022-11-10 12:00:00,2022-11-10 12:30:00,2022-11-11 00:00:00,long,1.0,1189.85,1285.1999999999998,1189.85,1285.1999999999998,2539.2117864185943,1054.9138213581405,2539.2117864185943,0.08817872359925337,0.0070663035636330555,9.258765977921603e-05,0.006973715903853839,0.6973715903853839,24,max_holding_close,1.1735177444166713,-0.008152002013629507,False,False,1054.9138213581405,False,1.0,0.5,,,adverse_first,volatility_stop,0.01,,1.0,,9.258765977921638e-05,0.6973715903853839,1.1735177444166713,-0.008152002013629507,9.258765977921638e-05,4.629382988960819e-05,4.629382988960819e-05,0.0,0.0,,,,,fractional_return,R,False
ETHUSD,2022-11-11 01:30:00,2022-11-11 02:00:00,2022-11-11 13:30:00,short,-1.0,1259.4,1281.65,1259.4,1281.65,-129.3314549647272,1398.2731454964728,-129.3314549647272,0.09068707960042482,-0.0016021816111715553,9.522143358044606e-05,-0.0016974030447520013,-0.1697403044752001,24,max_holding_close,0.29667362867536345,-0.3427588525472617,False,False,1398.2731454964728,False,1.0,0.5,,,adverse_first,volatility_stop,0.01,,1.0,,9.5221433580446e-05,-0.1697403044752001,0.29667362867536345,-0.3427588525472617,9.5221433580446e-05,4.7610716790223e-05,4.7610716790223e-05,0.0,0.0,,,,,fractional_return,R,False
ETHUSD,2022-11-11 21:00:00,2022-11-11 21:30:00,2022-11-12 09:00:00,long,1.0,1267.8,1260.4,1267.8,1260.4,2580.8403791740534,1136.4959620825946,2580.8403791740534,0.0965545325268282,-0.0005635774891138313,0.00010138225915316961,-0.0006649597482670009,-0.06649597482670008,24,max_holding_close,0.18202029715973977,-0.2421860020786506,False,False,1136.4959620825946,False,1.0,0.5,,,adverse_first,volatility_stop,0.01,,1.0,,0.00010138225915316964,-0.06649597482670008,0.18202029715973977,-0.2421860020786506,0.00010138225915316964,5.069112957658482e-05,5.069112957658482e-05,0.0,0.0,,,,,fractional_return,R,False
ETHUSD,2022-11-17 15:30:00,2022-11-17 16:00:00,2022-11-18 03:30:00,long,1.0,1192.75,1219.25,1192.75,1219.25,1695.4682660764083,1142.4781733923592,1695.4682660764083,0.2372601276872469,0.005271342178756704,0.00024912313407160925,0.005022219044685095,0.5022219044685095,24,max_holding_close,0.7777716195825891,-0.07161068620197587,False,False,1142.4781733923592,False,1.0,0.5,,,adverse_first,volatility_stop,0.01,,1.0,,0.00024912313407160925,0.5022219044685095,0.7777716195825891,-0.07161068620197587,0.00024912313407160925,0.00012456156703580462,0.00012456156703580462,0.0,0.0,,,,,fractional_return,R,False
ETHUSD,2022-11-29 01:30:00,2022-11-29 02:00:00,2022-11-29 13:30:00,long,1.0,1176.75,1209.0,1176.75,1209.0,1477.7354340401944,1146.6514565959806,1477.7354340401944,0.39096576342722744,0.010714804223945678,0.0004105140515985888,0.010304290172347089,1.0304290172347088,24,max_holding_close,1.5050562212240046,-0.02159572944361448,False,False,1146.6514565959806,False,1.0,0.5,,,adverse_first,volatility_stop,0.01,,1.0,,0.00041051405159858896,1.0304290172347088,1.5050562212240046,-0.02159572944361448,0.00041051405159858896,0.00020525702579929448,0.00020525702579929448,0.0,0.0,,,,,fractional_return,R,False
ETHUSD,2022-11-29 15:00:00,2022-11-29 15:30:00,2022-11-30 03:00:00,long,1.0,1211.7,1268.35,1211.7,1268.35,1528.9861879086122,1179.9713812091388,1528.9861879086122,0.3818949724811234,0.017854543361438942,0.00040098972110517956,0.017453553640333762,1.745355364033376,24,max_holding_close,2.2125135815940316,-0.2773521298864297,False,False,1179.9713812091388,False,1.0,0.5,,,adverse_first,volatility_stop,0.01,,1.0,,0.00040098972110517994,1.745355364033376,2.2125135815940316,-0.2773521298864297,0.00040098972110517994,0.00020049486055258997,0.00020049486055258997,0.0,0.0,,,,,fractional_return,R,False
ETHUSD,2022-12-02 02:00:00,2022-12-02 02:30:00,2022-12-02 14:00:00,short,-1.0,1271.85,1276.15,1271.85,1276.15,935.2999070851597,1305.505009291484,935.2999070851597,0.3779080816720576,-0.0012776701271297402,0.00039680348575566046,-0.0016744736128854005,-0.16744736128854004,24,max_holding_close,0.1025107427580713,-0.7502597839540397,False,False,1305.505009291484,False,1.0,0.5,,,adverse_first,volatility_stop,0.01,,1.0,,0.00039680348575566035,-0.16744736128854004,0.1025107427580713,-0.7502597839540397,0.00039680348575566035,0.00019840174287783017,0.00019840174287783017,0.0,0.0,,,,,fractional_return,R,False
ETHUSD,2022-12-05 13:30:00,2022-12-05 14:00:00,2022-12-06 01:30:00,short,-1.0,1286.1,1263.6,1286.1,1263.6,1025.6202159974723,1312.1479784002527,1025.6202159974723,0.49374273129292834,0.008637906425698528,0.0005184298678575747,0.008119476557840953,0.8119476557840952,24,max_holding_close,1.4876394399814146,-0.06910325140559527,False,False,1312.1479784002527,False,1.0,0.5,,,adverse_first,volatility_stop,0.01,,1.0,,0.0005184298678575748,0.8119476557840952,1.4876394399814146,-0.06910325140559527,0.0005184298678575748,0.0002592149339287874,0.0002592149339287874,0.0,0.0,,,,,fractional_return,R,False
ETHUSD,2022-12-07 06:30:00,2022-12-07 07:00:00,2022-12-07 18:30:00,short,-1.0,1250.2,1229.45,1250.2,1229.45,982.3026881271974,1276.9897311872803,982.3026881271974,0.46667134927938114,0.007745505117218976,0.0004900049167433501,0.0072555002004756255,0.7255500200475625,24,max_holding_close,1.1534270270942986,-0.03546134872943796,False,False,1276.9897311872803,False,1.0,0.5,,,adverse_first,volatility_stop,0.01,,1.0,,0.0004900049167433501,0.7255500200475625,1.1534270270942986,-0.03546134872943796,0.0004900049167433501,0.00024500245837167506,0.00024500245837167506,0.0,0.0,,,,,fractional_return,R,False
ETHUSD,2022-12-08 18:30:00,2022-12-08 19:00:00,2022-12-09 06:30:00,long,1.0,1287.2,1279.55,1287.2,1279.55,1577.4698561549187,1258.1730143845082,1577.4698561549187,0.4434494222207538,-0.0026354786202523587,0.00046562189333179145,-0.0031011005135841503,-0.310110051358415,24,max_holding_close,0.14813801394882078,-0.47369713762704824,False,False,1258.1730143845082,False,1.0,0.5,,,adverse_first,volatility_stop,0.01,,1.0,,0.0004656218933317916,-0.310110051358415,0.14813801394882078,-0.47369713762704824,0.0004656218933317916,0.0002328109466658958,0.0002328109466658958,0.0,0.0,,,,,fractional_return,R,False
ETHUSD,2022-12-14 18:00:00,2022-12-14 18:30:00,2022-12-14 19:00:00,long,1.0,1343.5500000000002,1315.979352637497,1343.5500000000002,1315.979352637497,1619.2564736250324,1315.979352637497,1619.2564736250324,0.4873117349530436,-0.01,0.0005116773217006957,-0.010511677321700696,-1.0511677321700696,2,stop_loss,0.2756554788167978,-1.3256852303623856,False,False,1315.979352637497,False,1.0,0.5,,,adverse_first,volatility_stop,0.01,,1.0,,0.0005116773217006959,-1.0511677321700696,0.2756554788167978,-1.3256852303623856,0.0005116773217006959,0.00025583866085034795,0.00025583866085034795,0.0,0.0,,,,,fractional_return,R,False
ETHUSD,2022-12-15 18:30:00,2022-12-15 19:00:00,2022-12-16 06:30:00,long,1.0,1272.1,1271.25,1272.1,1271.25,1556.5184021581895,1243.658159784181,1556.5184021581895,0.44726360543031096,-0.00029885548668795946,0.00046962678570182647,-0.0007684822723897859,-0.07684822723897859,24,max_holding_close,0.12833206193071894,-0.425429575167575,False,False,1243.658159784181,False,1.0,0.5,,,adverse_first,volatility_stop,0.01,,1.0,,0.0004696267857018264,-0.07684822723897859,0.12833206193071894,-0.425429575167575,0.0004696267857018264,0.0002348133928509132,0.0002348133928509132,0.0,0.0,,,,,fractional_return,R,False
ETHUSD,2022-12-16 07:00:00,2022-12-16 07:30:00,2022-12-16 08:30:00,long,1.0,1276.8,1252.7265612848103,1276.8,1252.7265612848103,1517.534387151897,1252.7265612848103,1517.534387151897,0.5303770745449728,-0.01,0.0005568959282722214,-0.010556895928272221,-1.055689592827222,3,stop_loss,0.11631076196161495,-1.4497305687358615,False,False,1252.7265612848103,False,1.0,0.5,,,adverse_first,volatility_stop,0.01,,1.0,,0.0005568959282722212,-1.055689592827222,0.11631076196161495,-1.4497305687358615,0.0005568959282722212,0.0002784479641361106,0.0002784479641361106,0.0,0.0,,,,,fractional_return,R,False
ETHUSD,2022-12-19 05:30:00,2022-12-19 06:00:00,2022-12-19 17:30:00,short,-1.0,1179.2,1173.5,1179.2,1173.5,934.4945886179805,1203.670541138202,934.4945886179805,0.4818855428411851,0.002329331406203143,0.0005059798199832443,0.001823351586219899,0.1823351586219899,24,max_holding_close,0.5700732125707729,-0.4188709984838906,False,False,1203.670541138202,False,1.0,0.5,,,adverse_first,volatility_stop,0.01,,1.0,,0.0005059798199832442,0.1823351586219899,0.5700732125707729,-0.4188709984838906,0.0005059798199832442,0.0002529899099916221,0.0002529899099916221,0.0,0.0,,,,,fractional_return,R,False
ETHUSD,2022-12-26 01:30:00,2022-12-26 02:00:00,2022-12-26 13:30:00,long,1.0,1221.0500000000002,1215.6999999999998,1221.0500000000002,1215.6999999999998,1379.135685776896,1205.2414314223106,1379.135685776896,0.7723975728727591,-0.003384240624765226,0.000811017451516397,-0.004195258076281623,-0.4195258076281623,24,max_holding_close,0.16130492697476145,-0.5092175145674502,False,False,1205.2414314223106,False,1.0,0.5,,,adverse_first,volatility_stop,0.01,,1.0,,0.000811017451516397,-0.4195258076281623,0.16130492697476145,-0.5092175145674502,0.000811017451516397,0.0004055087257581985,0.0004055087257581985,0.0,0.0,,,,,fractional_return,R,False
ETHUSD,2022-12-29 08:00:00,2022-12-29 08:30:00,2022-12-29 20:00:00,long,1.0,1192.75,1196.0,1192.75,1196.0,1382.638384490041,1173.761161550996,1382.638384490041,0.6281321541616229,0.0017115317552087374,0.000659538761869704,0.0010519929933390333,0.10519929933390333,24,max_holding_close,0.700411456746988,-0.15272129508017301,False,False,1173.761161550996,False,1.0,0.5,,,adverse_first,volatility_stop,0.01,,1.0,,0.0006595387618697041,0.10519929933390333,0.700411456746988,-0.15272129508017301,0.0006595387618697041,0.00032976938093485207,0.00032976938093485207,0.0,0.0,,,,,fractional_return,R,False
ETHUSD,2022-12-29 23:30:00,2022-12-30 00:00:00,2022-12-30 11:30:00,long,1.0,1200.5,1190.5,1200.5,1190.5,1395.9626777209342,1180.9537322279066,1395.9626777209342,0.6141837480165789,-0.005116066205885674,0.0006448929354174078,-0.005760959141303082,-0.5760959141303081,24,max_holding_close,0.08185705929416663,-0.8108964936328796,False,False,1180.9537322279066,False,1.0,0.5,,,adverse_first,volatility_stop,0.01,,1.0,,0.0006448929354174078,-0.5760959141303081,0.08185705929416663,-0.8108964936328796,0.0006448929354174078,0.0003224464677087039,0.0003224464677087039,0.0,0.0,,,,,fractional_return,R,False
ETHUSD,2022-12-30 12:30:00,2022-12-30 13:00:00,2022-12-31 00:30:00,long,1.0,1192.3,1196.75,1192.3,1196.75,1373.1900128875393,1174.210998711246,1373.1900128875393,0.6591298109648882,0.002460058423881362,0.0006920863015131326,0.0017679721223682295,0.17679721223682296,24,max_holding_close,0.4864834635990092,-0.5832273342010854,False,False,1174.210998711246,False,1.0,0.5,,,adverse_first,volatility_stop,0.01,,1.0,,0.0006920863015131326,0.17679721223682296,0.4864834635990092,-0.5832273342010854,0.0006920863015131326,0.0003460431507565663,0.0003460431507565663,0.0,0.0,,,,,fractional_return,R,False
ETHUSD,2023-01-04 01:00:00,2023-01-04 01:30:00,2023-01-04 13:00:00,long,1.0,1225.6,1252.2,1225.6,1252.2,1371.3214254513382,1211.027857454866,1371.3214254513382,0.8410568289487894,0.0182540075473547,0.0008831096703962289,0.01737089787695847,1.737089787695847,24,max_holding_close,2.418999120467104,-0.18185383458829776,False,False,1211.027857454866,False,1.0,0.5,,,adverse_first,volatility_stop,0.01,,1.0,,0.0008831096703962281,1.737089787695847,2.418999120467104,-0.18185383458829776,0.0008831096703962281,0.00044155483519811405,0.00044155483519811405,0.0,0.0,,,,,fractional_return,R,False
ETHUSD,2023-01-05 12:00:00,2023-01-05 12:30:00,2023-01-06 00:00:00,long,1.0,1252.1,1252.0,1252.1,1252.0,1426.2152033186517,1234.6884796681347,1426.2152033186517,0.7191215793537032,-5.7433238507523583e-05,0.0007550776583213883,-0.0008125108968289119,-0.08125108968289119,24,max_holding_close,0.15794140589590958,-0.5599740754491339,False,False,1234.6884796681347,False,1.0,0.5,,,adverse_first,volatility_stop,0.01,,1.0,,0.0007550776583213883,-0.08125108968289119,0.15794140589590958,-0.5599740754491339,0.0007550776583213883,0.00037753882916069417,0.00037753882916069417,0.0,0.0,,,,,fractional_return,R,False
ETHUSD,2023-01-06 09:00:00,2023-01-06 09:30:00,2023-01-06 15:30:00,short,-1.0,1248.2,1263.74464608524,1248.2,1263.74464608524,1092.7535391476006,1263.74464608524,1092.7535391476006,0.8029774323297068,-0.01,0.000843126303946192,-0.010843126303946193,-1.0843126303946193,13,stop_loss,0.7558872640501565,-1.0325098372770194,False,False,1263.74464608524,False,1.0,0.5,,,adverse_first,volatility_stop,0.01,,1.0,,0.0008431263039461925,-1.0843126303946193,0.7558872640501565,-1.0325098372770194,0.0008431263039461925,0.00042156315197309623,0.00042156315197309623,0.0,0.0,,,,,fractional_return,R,False
ETHUSD,2023-01-09 08:00:00,2023-01-09 08:30:00,2023-01-09 14:30:00,short,-1.0,1309.3,1327.9980910602724,1309.3,1327.9980910602724,1122.3190893972758,1327.9980910602724,1122.3190893972758,0.7002319091181731,-0.01,0.0007352435045740817,-0.010735243504574082,-1.0735243504574081,13,stop_loss,0.05080732556803607,-1.069627906695457,False,False,1327.9980910602724,False,1.0,0.5,,,adverse_first,volatility_stop,0.01,,1.0,,0.0007352435045740822,-1.0735243504574081,0.05080732556803607,-1.069627906695457,0.0007352435045740822,0.0003676217522870411,0.0003676217522870411,0.0,0.0,,,,,fractional_return,R,False
ETHUSD,2023-01-10 12:00:00,2023-01-10 12:30:00,2023-01-11 00:00:00,short,-1.0,1327.4,1334.5,1327.4,1334.5,1091.2311805436389,1351.0168819456362,1091.2311805436389,0.5620555681548275,-0.00300632404241312,0.0005901583465625688,-0.003596482388975689,-0.359648238897569,24,max_holding_close,0.17148749819399983,-0.8172120284306176,False,False,1351.0168819456362,False,1.0,0.5,,,adverse_first,volatility_stop,0.01,,1.0,,0.0005901583465625689,-0.359648238897569,0.17148749819399983,-0.8172120284306176,0.0005901583465625689,0.00029507917328128446,0.00029507917328128446,0.0,0.0,,,,,fractional_return,R,False
ETHUSD,2023-01-11 02:00:00,2023-01-11 02:30:00,2023-01-11 14:00:00,short,-1.0,1333.15,1331.9,1333.15,1331.9,1089.117501976993,1357.5532498023008,1089.117501976993,0.5463001898518911,0.000512226859179306,0.0005736151993444857,-6.138834016517966e-05,-0.006138834016517966,24,max_holding_close,0.23152654034904058,-0.21308637341857514,False,False,1357.5532498023008,False,1.0,0.5,,,adverse_first,volatility_stop,0.01,,1.0,,0.0005736151993444857,-0.006138834016517966,0.23152654034904058,-0.21308637341857514,0.0005736151993444857,0.00028680759967224283,0.00028680759967224283,0.0,0.0,,,,,fractional_return,R,False
ETHUSD,2023-01-13 15:00:00,2023-01-13 15:30:00,2023-01-14 03:00:00,long,1.0,1423.75,1554.05,1423.75,1554.05,1765.3880602575373,1389.5861939742463,1765.3880602575373,0.4167422092628478,0.03813977865984128,0.00043757931972599016,0.03770219934011529,3.770219934011529,24,max_holding_close,5.03017725456157,-0.48296726622208874,False,False,1389.5861939742463,False,1.0,0.5,,,adverse_first,volatility_stop,0.01,,1.0,,0.0004375793197259892,3.770219934011529,5.03017725456157,-0.48296726622208874,0.0004375793197259892,0.0002187896598629946,0.0002187896598629946,0.0,0.0,,,,,fractional_return,R,False
ETHUSD,2023-01-15 22:00:00,2023-01-15 22:30:00,2023-01-16 10:00:00,short,-1.0,1546.4,1548.55,1546.4,1548.55,1095.2761123456062,1591.5123887654395,1095.2761123456062,0.34278832097330597,-0.00047658748712660294,0.00035992773702197124,-0.0008365152241485742,-0.08365152241485742,24,max_holding_close,0.48212920209321036,-0.8445573609081044,False,False,1591.5123887654395,False,1.0,0.5,,,adverse_first,volatility_stop,0.01,,1.0,,0.00035992773702197124,-0.08365152241485742,0.48212920209321036,-0.8445573609081044,0.00035992773702197124,0.00017996386851098562,0.00017996386851098562,0.0,0.0,,,,,fractional_return,R,False
ETHUSD,2023-01-20 22:00:00,2023-01-20 22:30:00,2023-01-21 10:00:00,long,1.0,1651.9499999999998,1635.05,1651.9499999999998,1635.05,2121.34807043178,1605.0101929568218,2121.34807043178,0.3519294398633635,-0.0036003556606984334,0.00036952591185653163,-0.003969881572554965,-0.39698815725549647,24,max_holding_close,0.5815959144205265,-0.664681045052022,False,False,1605.0101929568218,False,1.0,0.5,,,adverse_first,volatility_stop,0.01,,1.0,,0.0003695259118565316,-0.39698815725549647,0.5815959144205265,-0.664681045052022,0.0003695259118565316,0.0001847629559282658,0.0001847629559282658,0.0,0.0,,,,,fractional_return,R,False
ETHUSD,2023-01-23 15:00:00,2023-01-23 15:30:00,2023-01-24 03:00:00,short,-1.0,1621.75,1635.6,1621.75,1635.6,1158.6411295663565,1668.0608870433643,1158.6411295663565,0.35018763481715093,-0.0029906574639849367,0.00036769701655800844,-0.0033583544805429453,-0.33583544805429455,24,max_holding_close,0.23644548180963398,-0.4264655950447807,False,False,1668.0608870433643,False,1.0,0.5,,,adverse_first,volatility_stop,0.01,,1.0,,0.0003676970165580086,-0.33583544805429455,0.23644548180963398,-0.4264655950447807,0.0003676970165580086,0.0001838485082790043,0.0001838485082790043,0.0,0.0,,,,,fractional_return,R,False
ETHUSD,2023-01-25 14:30:00,2023-01-25 15:00:00,2023-01-25 20:00:00,short,-1.0,1536.45,1579.7833498060238,1536.45,1579.7833498060238,1103.1165019397624,1579.7833498060238,1103.1165019397624,0.3545652498313016,-0.01,0.0003722935123228667,-0.010372293512322868,-1.0372293512322868,11,stop_loss,0.23769221733622248,-1.1007688123240653,False,False,1579.7833498060238,False,1.0,0.5,,,adverse_first,volatility_stop,0.01,,1.0,,0.0003722935123228674,-1.0372293512322868,0.23769221733622248,-1.1007688123240653,0.0003722935123228674,0.0001861467561614337,0.0001861467561614337,0.0,0.0,,,,,fractional_return,R,False
ETHUSD,2023-01-26 14:30:00,2023-01-26 15:00:00,2023-01-27 02:30:00,short,-1.0,1605.8,1571.45,1605.8,1571.45,1102.1361162738874,1656.1663883726112,1102.1361162738874,0.31882373382031465,0.006820024446835084,0.00033476492051133034,0.006485259526323754,0.6485259526323753,24,max_holding_close,1.0225073042562045,-0.21045781407992145,False,False,1656.1663883726112,False,1.0,0.5,,,adverse_first,volatility_stop,0.01,,1.0,,0.0003347649205113299,0.6485259526323753,1.0225073042562045,-0.21045781407992145,0.0003347649205113299,0.00016738246025566495,0.00016738246025566495,0.0,0.0,,,,,fractional_return,R,False
ETHUSD,2023-01-31 08:00:00,2023-01-31 08:30:00,2023-01-31 20:00:00,long,1.0,1573.55,1588.95,1573.55,1588.95,2001.8613346621394,1530.718866533786,2001.8613346621394,0.3673846271757547,0.0035955154005316817,0.0003857538585345424,0.0032097615419971392,0.3209761541997139,24,max_holding_close,0.7237725806265067,-0.178608394896538,False,False,1530.718866533786,False,1.0,0.5,,,adverse_first,volatility_stop,0.01,,1.0,,0.00038575385853454247,0.3209761541997139,0.7237725806265067,-0.178608394896538,0.00038575385853454247,0.00019287692926727123,0.00019287692926727123,0.0,0.0,,,,,fractional_return,R,False
ETHUSD,2023-01-31 22:30:00,2023-01-31 23:00:00,2023-02-01 10:30:00,long,1.0,1590.4,1575.15,1590.4,1575.15,2021.4746297240258,1547.2925370275975,2021.4746297240258,0.36893843671991905,-0.0035376704979745615,0.00038738535855591496,-0.003925055856530476,-0.3925055856530476,24,max_holding_close,0.04639567866196165,-0.5497887921442519,False,False,1547.2925370275975,False,1.0,0.5,,,adverse_first,volatility_stop,0.01,,1.0,,0.00038738535855591463,-0.3925055856530476,0.04639567866196165,-0.5497887921442519,0.00038738535855591463,0.00019369267927795732,0.00019369267927795732,0.0,0.0,,,,,fractional_return,R,False
ETHUSD,2023-02-03 13:00:00,2023-02-03 13:30:00,2023-02-04 01:00:00,short,-1.0,1648.05,1660.3,1648.05,1660.3,1184.8720547726377,1694.3677945227362,1184.8720547726377,0.35581357380714973,-0.0026447718692622197,0.0003736042524975072,-0.003018376121759727,-0.3018376121759727,24,max_holding_close,0.43935597991416914,-0.588326803570578,False,False,1694.3677945227362,False,1.0,0.5,,,adverse_first,volatility_stop,0.01,,1.0,,0.0003736042524975073,-0.3018376121759727,0.43935597991416914,-0.588326803570578,0.0003736042524975073,0.00018680212624875366,0.00018680212624875366,0.0,0.0,,,,,fractional_return,R,False
ETHUSD,2023-02-08 15:30:00,2023-02-08 16:00:00,2023-02-09 03:30:00,short,-1.0,1653.0500000000002,1619.35,1653.0500000000002,1619.35,1269.9362532929053,1691.3613746707097,1269.9362532929053,0.43147760011436503,0.008796343198242186,0.0004530514801200833,0.008343291718122103,0.8343291718122102,24,max_holding_close,1.1210769743753726,-0.17488278762083223,False,False,1691.3613746707097,False,1.0,0.5,,,adverse_first,volatility_stop,0.01,,1.0,,0.00045305148012008377,0.8343291718122102,1.1210769743753726,-0.17488278762083223,0.00045305148012008377,0.00022652574006004188,0.00022652574006004188,0.0,0.0,,,,,fractional_return,R,False
ETHUSD,2023-02-09 16:00:00,2023-02-09 16:30:00,2023-02-10 04:00:00,short,-1.0,1625.6999999999998,1545.05,1625.6999999999998,1545.05,1240.0467683228662,1664.2653231677132,1240.0467683228662,0.4215445033171732,0.020912569473168465,0.00044262172848303185,0.020469947744685434,2.0469947744685433,24,max_holding_close,2.615043560283993,-0.1309466532417913,False,False,1664.2653231677132,False,1.0,0.5,,,adverse_first,volatility_stop,0.01,,1.0,,0.0004426217284830315,2.0469947744685433,2.615043560283993,-0.1309466532417913,0.0004426217284830315,0.00022131086424151576,0.00022131086424151576,0.0,0.0,,,,,fractional_return,R,False
ETHUSD,2023-02-10 12:00:00,2023-02-10 12:30:00,2023-02-11 00:00:00,short,-1.0,1538.9499999999998,1513.8,1538.9499999999998,1513.8,1100.2835993478539,1582.8166400652144,1100.2835993478539,0.35082468083083435,0.005733286151528927,0.00036836591487237605,0.005364920236656551,0.5364920236656551,24,max_holding_close,1.0395143081897407,-0.20516729766902816,False,False,1582.8166400652144,False,1.0,0.5,,,adverse_first,volatility_stop,0.01,,1.0,,0.0003683659148723765,0.5364920236656551,1.0395143081897407,-0.20516729766902816,0.0003683659148723765,0.00018418295743618824,0.00018418295743618824,0.0,0.0,,,,,fractional_return,R,False
ETHUSD,2023-02-15 12:00:00,2023-02-15 12:30:00,2023-02-16 00:00:00,long,1.0,1586.65,1695.85,1586.65,1695.85,1959.782902008947,1549.3367097991054,1959.782902008947,0.4252238254674082,0.029265711871579007,0.0004464850167407786,0.028819226854838228,2.881922685483823,24,max_holding_close,3.3406327699563465,-0.4998219106272462,False,False,1549.3367097991054,False,1.0,0.5,,,adverse_first,volatility_stop,0.01,,1.0,,0.00044648501674077884,2.881922685483823,3.3406327699563465,-0.4998219106272462,0.00044648501674077884,0.00022324250837038942,0.00022324250837038942,0.0,0.0,,,,,fractional_return,R,False
ETHUSD,2023-02-23 02:00:00,2023-02-23 02:30:00,2023-02-23 14:00:00,long,1.0,1650.1,1664.75,1650.1,1664.75,2107.744869624637,1604.3355130375362,2107.744869624637,0.3605634214480371,0.0032011721254552547,0.0003785915925204389,0.002822580532934816,0.2822580532934816,24,max_holding_close,0.617290870608269,-0.45887108965570444,False,False,1604.3355130375362,False,1.0,0.5,,,adverse_first,volatility_stop,0.01,,1.0,,0.0003785915925204387,0.2822580532934816,0.617290870608269,-0.45887108965570444,0.0003785915925204387,0.00018929579626021935,0.00018929579626021935,0.0,0.0,,,,,fractional_return,R,False
ETHUSD,2023-02-24 00:00:00,2023-02-24 00:30:00,2023-02-24 12:00:00,long,1.0,1652.2,1647.5,1652.2,1647.5,2126.931067870744,1604.7268932129257,2126.931067870744,0.34802862332360546,-0.000990034214756657,0.0003654300544897857,-0.0013554642692464427,-0.13554642692464428,24,max_holding_close,0.26120051623366786,-0.21169880549583703,False,False,1604.7268932129257,False,1.0,0.5,,,adverse_first,volatility_stop,0.01,,1.0,,0.00036543005448978565,-0.13554642692464428,0.26120051623366786,-0.21169880549583703,0.00036543005448978565,0.00018271502724489283,0.00018271502724489283,0.0,0.0,,,,,fractional_return,R,False
ETHUSD,2023-02-24 19:30:00,2023-02-24 20:00:00,2023-02-25 07:30:00,long,1.0,1611.1999999999998,1604.1,1611.1999999999998,1604.1,2071.8295692175625,1565.1370430782436,2071.8295692175625,0.34978214766733845,-0.0015413686993781656,0.00036727125505070534,-0.001908639954428871,-0.1908639954428871,24,max_holding_close,0.25508566503794106,-0.37231652386387826,False,False,1565.1370430782436,False,1.0,0.5,,,adverse_first,volatility_stop,0.01,,1.0,,0.00036727125505070534,-0.1908639954428871,0.25508566503794106,-0.37231652386387826,0.00036727125505070534,0.00018363562752535267,0.00018363562752535267,0.0,0.0,,,,,fractional_return,R,False
ETHUSD,2023-03-03 13:00:00,2023-03-03 13:30:00,2023-03-04 01:00:00,long,1.0,1569.9,1571.9,1569.9,1571.9,1948.1147444249132,1532.0785255575088,1948.1147444249132,0.415081649549935,0.0005288001140836441,0.0004358357320274317,9.296438205621236e-05,0.009296438205621236,24,max_holding_close,0.2815860607495223,-0.593578128058861,False,False,1532.0785255575088,False,1.0,0.5,,,adverse_first,volatility_stop,0.01,,1.0,,0.0004358357320274317,0.009296438205621236,0.2815860607495223,-0.593578128058861,0.0004358357320274317,0.00021791786601371585,0.00021791786601371585,0.0,0.0,,,,,fractional_return,R,False
ETHUSD,2023-03-09 15:00:00,2023-03-09 15:30:00,2023-03-10 03:00:00,short,-1.0,1537.9,1427.6,1537.9,1427.6,1262.373252259195,1565.4526747740806,1262.373252259195,0.5581672242749879,0.040032410974400974,0.0005860755854887373,0.039446335388912235,3.9446335388912233,24,max_holding_close,4.611167556026875,-0.05081176370277046,False,False,1565.4526747740806,False,1.0,0.5,,,adverse_first,volatility_stop,0.01,,1.0,,0.0005860755854887392,3.9446335388912233,4.611167556026875,-0.05081176370277046,0.0005860755854887392,0.0002930377927443696,0.0002930377927443696,0.0,0.0,,,,,fractional_return,R,False
ETHUSD,2023-03-13 13:00:00,2023-03-13 13:30:00,2023-03-14 01:00:00,long,1.0,1596.6999999999998,1680.0,1596.6999999999998,1680.0,2363.1789383113382,1520.052106168866,2363.1789383113382,0.20831622634246885,0.01086787853342999,0.0002187320376595923,0.010649146495770399,1.0649146495770399,24,max_holding_close,1.3477213115285946,-0.1715637487570232,False,False,1520.052106168866,False,1.0,0.5,,,adverse_first,volatility_stop,0.01,,1.0,,0.00021873203765959172,1.0649146495770399,1.3477213115285946,-0.1715637487570232,0.00021873203765959172,0.00010936601882979586,0.00010936601882979586,0.0,0.0,,,,,fractional_return,R,False
ETHUSD,2023-03-15 19:00:00,2023-03-15 19:30:00,2023-03-16 07:00:00,long,1.0,1656.65,1662.05,1656.65,1662.05,2516.657082184311,1570.649291781569,2516.657082184311,0.19263213458571934,0.0006279018059112411,0.0002022637413150053,0.0004256380645962358,0.04256380645962358,24,max_holding_close,0.16453352877118899,-0.2343003960946647,False,False,1570.649291781569,False,1.0,0.5,,,adverse_first,volatility_stop,0.01,,1.0,,0.0002022637413150053,0.04256380645962358,0.16453352877118899,-0.2343003960946647,0.0002022637413150053,0.00010113187065750266,0.00010113187065750266,0.0,0.0,,,,,fractional_return,R,False
ETHUSD,2023-03-18 17:30:00,2023-03-18 18:00:00,2023-03-19 05:30:00,short,-1.0,1789.9,1780.9499999999998,1789.9,1780.9499999999998,1040.2674190072344,1864.8632580992767,1040.2674190072344,0.23877030499789248,0.0011939182243316392,0.0002507088202477871,0.0009432094040838521,0.0943209404083852,24,max_holding_close,0.47356532920415567,-0.20876894090267525,False,False,1864.8632580992767,False,1.0,0.5,,,adverse_first,volatility_stop,0.01,,1.0,,0.0002507088202477871,0.0943209404083852,0.47356532920415567,-0.20876894090267525,0.0002507088202477871,0.00012535441012389355,0.00012535441012389355,0.0,0.0,,,,,fractional_return,R,False
ETHUSD,2023-03-23 18:00:00,2023-03-23 18:30:00,2023-03-24 06:00:00,long,1.0,1822.9,1816.0,1822.9,1816.0,2436.1165152020753,1761.5783484797926,2436.1165152020753,0.2972685755861115,-0.0011252143132065313,0.0003121320043654171,-0.0014373463175719483,-0.14373463175719484,24,max_holding_close,0.06278369718615955,-0.422363053797812,False,False,1761.5783484797926,False,1.0,0.5,,,adverse_first,volatility_stop,0.01,,1.0,,0.000312132004365417,-0.14373463175719484,0.06278369718615955,-0.422363053797812,0.000312132004365417,0.0001560660021827085,0.0001560660021827085,0.0,0.0,,,,,fractional_return,R,False
ETHUSD,2023-03-29 12:00:00,2023-03-29 12:30:00,2023-03-30 00:00:00,short,-1.0,1808.7,1796.85,1808.7,1796.85,1353.653092688229,1854.2046907311772,1353.653092688229,0.3974755065769047,0.0026041271371351643,0.00041734928190574996,0.002186777855229414,0.21867778552294143,24,max_holding_close,0.5493939107880084,-0.16701574887955103,False,False,1854.2046907311772,False,1.0,0.5,,,adverse_first,volatility_stop,0.01,,1.0,,0.00041734928190575006,0.21867778552294143,0.5493939107880084,-0.16701574887955103,0.00041734928190575006,0.00020867464095287503,0.00020867464095287503,0.0,0.0,,,,,fractional_return,R,False
ETHUSD,2023-04-04 23:00:00,2023-04-04 23:30:00,2023-04-05 00:30:00,short,-1.0,1864.45,1910.2590301372577,1864.45,1910.2590301372577,1406.3596986274235,1910.2590301372577,1406.3596986274235,0.4070049058915996,-0.01,0.00042735515118617955,-0.01042735515118618,-1.042735515118618,3,stop_loss,0.00545743927018155,-1.1613430766946347,False,False,1910.2590301372577,False,1.0,0.5,,,adverse_first,volatility_stop,0.01,,1.0,,0.00042735515118617895,-1.042735515118618,0.00545743927018155,-1.1613430766946347,0.00042735515118617895,0.00021367757559308947,0.00021367757559308947,0.0,0.0,,,,,fractional_return,R,False
ETHUSD,2023-04-15 15:00:00,2023-04-15 15:30:00,2023-04-16 03:00:00,long,1.0,2103.55,2087.75,2103.55,2087.75,2601.0442447186915,2053.800575528131,2601.0442447186915,0.42282901206012036,-0.003175916137267947,0.00044397046266312636,-0.0036198865999310732,-0.3619886599931073,24,max_holding_close,0.1407051453219958,-0.5708608753063847,False,False,2053.800575528131,False,1.0,0.5,,,adverse_first,volatility_stop,0.01,,1.0,,0.00044397046266312626,-0.3619886599931073,0.1407051453219958,-0.5708608753063847,0.00044397046266312626,0.00022198523133156313,0.00022198523133156313,0.0,0.0,,,,,fractional_return,R,False
ETHUSD,2023-04-22 06:00:00,2023-04-22 06:30:00,2023-04-22 18:00:00,short,-1.0,1855.35,1876.55,1855.35,1876.55,1321.1053943654056,1908.7744605634593,1321.1053943654056,0.34728474193878867,-0.003968219758591256,0.00036464897903572805,-0.004332868737626984,-0.43328687376269837,24,max_holding_close,0.2218085100910671,-0.6008483691074548,False,False,1908.7744605634593,False,1.0,0.5,,,adverse_first,volatility_stop,0.01,,1.0,,0.0003646489790357279,-0.43328687376269837,0.2218085100910671,-0.6008483691074548,0.0003646489790357279,0.00018232448951786395,0.00018232448951786395,0.0,0.0,,,,,fractional_return,R,False
ETHUSD,2023-05-02 00:00:00,2023-05-02 00:30:00,2023-05-02 12:00:00,long,1.0,1834.65,1829.3,1834.65,1829.3,2262.3836860983633,1791.8766313901638,2262.3836860983633,0.4289234305427366,-0.001250778270189775,0.0004503696020698734,-0.0017011478722596483,-0.17011478722596482,24,max_holding_close,0.13910524687156703,-0.2489867023835709,False,False,1791.8766313901638,False,1.0,0.5,,,adverse_first,volatility_stop,0.01,,1.0,,0.0004503696020698733,-0.17011478722596482,0.13910524687156703,-0.2489867023835709,0.0004503696020698733,0.00022518480103493664,0.00022518480103493664,0.0,0.0,,,,,fractional_return,R,False
ETHUSD,2023-05-02 14:00:00,2023-05-02 14:30:00,2023-05-03 02:00:00,long,1.0,1852.95,1861.55,1852.95,1861.55,2239.2128151476386,1814.3237184852362,2239.2128151476386,0.4797122392668735,0.002226463346390945,0.0005036978512302172,0.001722765495160728,0.1722765495160728,24,max_holding_close,0.7469007853881247,-0.20452395856382224,False,False,1814.3237184852362,False,1.0,0.5,,,adverse_first,volatility_stop,0.01,,1.0,,0.0005036978512302172,0.1722765495160728,0.7469007853881247,-0.20452395856382224,0.0005036978512302172,0.0002518489256151086,0.0002518489256151086,0.0,0.0,,,,,fractional_return,R,False
ETHUSD,2023-05-04 12:30:00,2023-05-04 13:00:00,2023-05-05 00:30:00,short,-1.0,1899.2,1880.2,1899.2,1880.2,1513.571689222753,1937.7628310777247,1513.571689222753,0.49249496131964426,0.004927024149680527,0.0005171197093856264,0.0044099044402949004,0.44099044402949006,24,max_holding_close,0.8155521553023818,-0.047973656194255324,False,False,1937.7628310777247,False,1.0,0.5,,,adverse_first,volatility_stop,0.01,,1.0,,0.0005171197093856265,0.44099044402949006,0.8155521553023818,-0.047973656194255324,0.0005171197093856265,0.00025855985469281327,0.00025855985469281327,0.0,0.0,,,,,fractional_return,R,False
ETHUSD,2023-05-05 15:00:00,2023-05-05 15:30:00,2023-05-06 03:00:00,long,1.0,1953.6,1973.2,1953.6,1973.2,2367.630351117253,1912.1969648882746,2367.630351117253,0.4718494658008154,0.004733952461965625,0.0004954419390908561,0.004238510522874769,0.4238510522874769,24,max_holding_close,1.5940860331108628,-0.1557856805085572,False,False,1912.1969648882746,False,1.0,0.5,,,adverse_first,volatility_stop,0.01,,1.0,,0.0004954419390908564,0.4238510522874769,1.5940860331108628,-0.1557856805085572,0.0004954419390908564,0.0002477209695454282,0.0002477209695454282,0.0,0.0,,,,,fractional_return,R,False
ETHUSD,2023-05-12 12:30:00,2023-05-12 13:00:00,2023-05-13 00:30:00,long,1.0,1773.1,1809.15,1773.1,1809.15,2232.0133144915103,1727.2086685508489,2232.0133144915103,0.38636926495903645,0.007855514072400508,0.00040568772820698826,0.007449826344193521,0.7449826344193521,24,max_holding_close,0.9631448599170621,-0.6243009103308522,False,False,1727.2086685508489,False,1.0,0.5,,,adverse_first,volatility_stop,0.01,,1.0,,0.00040568772820698783,0.7449826344193521,0.9631448599170621,-0.6243009103308522,0.00040568772820698783,0.00020284386410349391,0.00020284386410349391,0.0,0.0,,,,,fractional_return,R,False
ETHUSD,2023-05-23 16:30:00,2023-05-23 17:00:00,2023-05-24 04:30:00,short,-1.0,1849.85,1827.55,1849.85,1827.55,1572.5834983833133,1877.5766501616686,1572.5834983833133,0.6671739965750957,0.008042803537381201,0.0007005326964038504,0.007342270840977351,0.7342270840977351,24,max_holding_close,1.3110130429767097,-0.266891238460187,False,False,1877.5766501616686,False,1.0,0.5,,,adverse_first,volatility_stop,0.01,,1.0,,0.0007005326964038506,0.7342270840977351,1.3110130429767097,-0.266891238460187,0.0007005326964038506,0.0003502663482019253,0.0003502663482019253,0.0,0.0,,,,,fractional_return,R,False
ETHUSD,2023-05-26 12:30:00,2023-05-26 13:00:00,2023-05-27 00:30:00,long,1.0,1814.75,1827.3,1814.75,1827.3,2083.435776134953,1787.8814223865047,2083.435776134953,0.675417220109376,0.004670883654703149,0.0007091880811148448,0.003961695573588305,0.39616955735883047,24,max_holding_close,0.8746276166177344,0.0,False,False,1787.8814223865047,False,1.0,0.5,,,adverse_first,volatility_stop,0.01,,1.0,,0.0007091880811148444,0.39616955735883047,0.8746276166177344,0.0,0.0007091880811148444,0.0003545940405574222,0.0003545940405574222,0.0,0.0,,,,,fractional_return,R,False
ETHUSD,2023-05-28 22:00:00,2023-05-28 22:30:00,2023-05-29 10:00:00,long,1.0,1905.6,1903.35,1905.6,1903.35,2198.847496560216,1876.2752503439783,2198.847496560216,0.6498265193574128,-0.0007672699772010039,0.0006823178453252834,-0.0014495878225262873,-0.14495878225262873,24,max_holding_close,0.7433993556880624,-0.40921065450718686,False,False,1876.2752503439783,False,1.0,0.5,,,adverse_first,volatility_stop,0.01,,1.0,,0.0006823178453252834,-0.14495878225262873,0.7433993556880624,-0.40921065450718686,0.0006823178453252834,0.0003411589226626417,0.0003411589226626417,0.0,0.0,,,,,fractional_return,R,False
ETHUSD,2023-05-29 12:00:00,2023-05-29 12:30:00,2023-05-30 00:00:00,short,-1.0,1901.55,1889.65,1901.55,1889.65,1602.2439944584155,1931.4806005541584,1602.2439944584155,0.6353196944909967,0.00397586409215783,0.0006670856792155464,0.0033087784129422837,0.33087784129422837,24,max_holding_close,0.9020868108257427,-0.06515071411519405,False,False,1931.4806005541584,False,1.0,0.5,,,adverse_first,volatility_stop,0.01,,1.0,,0.0006670856792155462,0.33087784129422837,0.9020868108257427,-0.06515071411519405,0.0006670856792155462,0.0003335428396077731,0.0003335428396077731,0.0,0.0,,,,,fractional_return,R,False
ETHUSD,2023-05-30 08:00:00,2023-05-30 08:30:00,2023-05-30 20:00:00,long,1.0,1904.15,1905.85,1904.15,1905.85,2195.6395458624233,1875.0010454137578,2195.6395458624233,0.6532481274298316,0.0005832113103645491,0.0006859105338013232,-0.00010269922343677412,-0.010269922343677412,24,max_holding_close,0.45456175660768683,-0.41339389940548743,False,False,1875.0010454137578,False,1.0,0.5,,,adverse_first,volatility_stop,0.01,,1.0,,0.0006859105338013232,-0.010269922343677412,0.45456175660768683,-0.41339389940548743,0.0006859105338013232,0.0003429552669006616,0.0003429552669006616,0.0,0.0,,,,,fractional_return,R,False
ETHUSD,2023-06-06 09:30:00,2023-06-06 10:00:00,2023-06-06 21:30:00,long,1.0,1817.7,1880.15,1817.7,1880.15,2111.205005396437,1788.3494994603564,2111.205005396437,0.6193080072160386,0.021277320267723877,0.0006502734075768405,0.020627046860147037,2.062704686014704,24,max_holding_close,2.725677536297689,-0.6592732540920081,False,False,1788.3494994603564,False,1.0,0.5,,,adverse_first,volatility_stop,0.01,,1.0,,0.0006502734075768402,2.062704686014704,2.725677536297689,-0.6592732540920081,0.0006502734075768402,0.0003251367037884201,0.0003251367037884201,0.0,0.0,,,,,fractional_return,R,False
ETHUSD,2023-06-07 10:00:00,2023-06-07 10:30:00,2023-06-07 22:00:00,short,-1.0,1857.2,1828.15,1857.2,1828.15,1493.0615797571838,1893.6138420242817,1493.0615797571838,0.5100258299471873,0.007977735494274074,0.0005355271214445466,0.007442208372829528,0.7442208372829529,24,max_holding_close,0.9694115764126474,-0.5464954779210078,False,False,1893.6138420242817,False,1.0,0.5,,,adverse_first,volatility_stop,0.01,,1.0,,0.0005355271214445463,0.7442208372829529,0.9694115764126474,-0.5464954779210078,0.0005355271214445463,0.00026776356072227316,0.00026776356072227316,0.0,0.0,,,,,fractional_return,R,False
ETHUSD,2023-06-11 04:30:00,2023-06-11 05:00:00,2023-06-11 16:30:00,long,1.0,1754.8,1752.95,1754.8,1752.95,2158.444498363137,1714.4355501636862,2158.444498363137,0.4347389861910866,-0.0004583240964517219,0.0004564759355006409,-0.0009148000319523627,-0.09148000319523628,24,max_holding_close,0.13254237383874928,-0.3617044220646184,False,False,1714.4355501636862,False,1.0,0.5,,,adverse_first,volatility_stop,0.01,,1.0,,0.00045647593550064084,-0.09148000319523628,0.13254237383874928,-0.3617044220646184,0.00045647593550064084,0.00022823796775032042,0.00022823796775032042,0.0,0.0,,,,,fractional_return,R,False
ETHUSD,2023-06-12 19:30:00,2023-06-12 20:00:00,2023-06-13 07:30:00,short,-1.0,1732.95,1747.75,1732.95,1747.75,1345.5331459800248,1771.6916854019976,1345.5331459800248,0.44730888241394084,-0.0038201745345949447,0.0004696743265346379,-0.004289848861129582,-0.4289848861129582,24,max_holding_close,0.1303505499980023,-0.5730261801892441,False,False,1771.6916854019976,False,1.0,0.5,,,adverse_first,volatility_stop,0.01,,1.0,,0.00046967432653463766,-0.4289848861129582,0.1303505499980023,-0.5730261801892441,0.00046967432653463766,0.00023483716326731883,0.00023483716326731883,0.0,0.0,,,,,fractional_return,R,False
ETHUSD,2023-06-17 05:30:00,2023-06-17 06:00:00,2023-06-17 15:00:00,long,1.0,1758.0,1721.8356303423643,1758.0,1721.8356303423643,2119.643696576357,1721.8356303423643,2119.643696576357,0.48611382325830715,-0.01,0.0005104195144212224,-0.010510419514421223,-1.0510419514421223,19,stop_loss,0.07327654332392253,-1.0078981147761779,False,False,1721.8356303423643,False,1.0,0.5,,,adverse_first,volatility_stop,0.01,,1.0,,0.0005104195144212224,-1.0510419514421223,0.07327654332392253,-1.0078981147761779,0.0005104195144212224,0.0002552097572106112,0.0002552097572106112,0.0,0.0,,,,,fractional_return,R,False
ETHUSD,2023-06-27 07:00:00,2023-06-27 07:30:00,2023-06-27 19:00:00,long,1.0,1873.1,1895.85,1873.1,1895.85,2270.1138292969204,1833.3986170703079,2270.1138292969204,0.471797167196193,0.005730278978011479,0.0004953870255560026,0.005234891952455477,0.5234891952455476,24,max_holding_close,0.988630548953637,-0.18009448216607313,False,False,1833.3986170703079,False,1.0,0.5,,,adverse_first,volatility_stop,0.01,,1.0,,0.0004953870255560025,0.5234891952455476,0.988630548953637,-0.18009448216607313,0.0004953870255560025,0.00024769351277800127,0.00024769351277800127,0.0,0.0,,,,,fractional_return,R,False
ETHUSD,2023-06-28 02:30:00,2023-06-28 03:00:00,2023-06-28 14:30:00,short,-1.0,1861.95,1858.0,1861.95,1858.0,1432.9383669717238,1904.8511633028277,1432.9383669717238,0.43400921015987426,0.0009207209539093448,0.0004557096706678679,0.0004650112832414769,0.04650112832414769,24,max_holding_close,0.3636265033160986,-0.2226046863249163,False,False,1904.8511633028277,False,1.0,0.5,,,adverse_first,volatility_stop,0.01,,1.0,,0.0004557096706678679,0.04650112832414769,0.3636265033160986,-0.2226046863249163,0.0004557096706678679,0.00022785483533393396,0.00022785483533393396,0.0,0.0,,,,,fractional_return,R,False
ETHUSD,2023-06-28 14:30:00,2023-06-28 15:00:00,2023-06-28 19:30:00,long,1.0,1857.95,1818.6861389870057,1857.95,1818.6861389870057,2250.5886101299434,1818.6861389870057,2250.5886101299434,0.4731959496762467,-0.01,0.000496855747160059,-0.010496855747160059,-1.0496855747160059,10,stop_loss,0.18846847480309808,-1.0149282055275166,False,False,1818.6861389870057,False,1.0,0.5,,,adverse_first,volatility_stop,0.01,,1.0,,0.0004968557471600587,-1.0496855747160059,0.18846847480309808,-1.0149282055275166,0.0004968557471600587,0.00024842787358002934,0.00024842787358002934,0.0,0.0,,,,,fractional_return,R,False
ETHUSD,2023-07-03 04:00:00,2023-07-03 04:30:00,2023-07-03 16:00:00,short,-1.0,1947.5,1962.75,1947.5,1962.75,1567.4528874712996,1985.50471125287,1567.4528874712996,0.5124364679531486,-0.004012660403740932,0.000538058291350806,-0.004550718695091738,-0.4550718695091738,24,max_holding_close,0.13419388891199027,-0.7670101689773723,False,False,1985.50471125287,False,1.0,0.5,,,adverse_first,volatility_stop,0.01,,1.0,,0.0005380582913508064,-0.4550718695091738,0.13419388891199027,-0.7670101689773723,0.0005380582913508064,0.0002690291456754032,0.0002690291456754032,0.0,0.0,,,,,fractional_return,R,False
ETHUSD,2023-07-03 16:30:00,2023-07-03 17:00:00,2023-07-04 04:30:00,short,-1.0,1964.35,1954.35,1964.35,1954.35,1574.5599866792559,2003.3290013320743,1574.5599866792559,0.503950828104877,0.0025654838908792826,0.0005291483695101209,0.0020363355213691616,0.20363355213691617,24,max_holding_close,0.3963672611408485,-0.282203227996724,False,False,2003.3290013320743,False,1.0,0.5,,,adverse_first,volatility_stop,0.01,,1.0,,0.000529148369510121,0.20363355213691617,0.3963672611408485,-0.282203227996724,0.000529148369510121,0.0002645741847550605,0.0002645741847550605,0.0,0.0,,,,,fractional_return,R,False
ETHUSD,2023-07-07 08:00:00,2023-07-07 08:30:00,2023-07-07 20:00:00,long,1.0,1857.75,1863.6,1857.75,1863.6,2242.751527686836,1819.2498472313164,2242.751527686836,0.4825305528426659,0.0015194744901786952,0.0005066570804847991,0.001012817409693896,0.1012817409693896,24,max_holding_close,0.5259719389080331,-0.13246700683609486,False,False,1819.2498472313164,False,1.0,0.5,,,adverse_first,volatility_stop,0.01,,1.0,,0.0005066570804847991,0.1012817409693896,0.5259719389080331,-0.13246700683609486,0.0005066570804847991,0.0002533285402423996,0.0002533285402423996,0.0,0.0,,,,,fractional_return,R,False
ETHUSD,2023-07-12 13:00:00,2023-07-12 13:30:00,2023-07-13 01:00:00,short,-1.0,1885.95,1870.4,1885.95,1870.4,1637.8510590389371,1910.7598940961063,1637.8510590389371,0.7601604394982018,0.006267660772659422,0.0007981684614731118,0.0054694923111863105,0.546949231118631,24,max_holding_close,0.8141913029435409,-0.6610266023897986,False,False,1910.7598940961063,False,1.0,0.5,,,adverse_first,volatility_stop,0.01,,1.0,,0.0007981684614731116,0.546949231118631,0.8141913029435409,-0.6610266023897986,0.0007981684614731116,0.0003990842307365558,0.0003990842307365558,0.0,0.0,,,,,fractional_return,R,False
ETHUSD,2023-07-13 02:30:00,2023-07-13 03:00:00,2023-07-13 14:30:00,short,-1.0,1869.95,1882.45,1869.95,1882.45,1601.4867228112882,1896.7963277188712,1601.4867228112882,0.6965384687178462,-0.004656130302400148,0.0007313653921537385,-0.005387495694553887,-0.5387495694553887,24,max_holding_close,0.2383938714828888,-0.6704827635456152,False,False,1896.7963277188712,False,1.0,0.5,,,adverse_first,volatility_stop,0.01,,1.0,,0.0007313653921537386,-0.5387495694553887,0.2383938714828888,-0.6704827635456152,0.0007313653921537386,0.0003656826960768693,0.0003656826960768693,0.0,0.0,,,,,fractional_return,R,False
ETHUSD,2023-07-25 02:30:00,2023-07-25 03:00:00,2023-07-25 14:30:00,long,1.0,1852.9,1853.9,1852.9,1853.9,2091.3848216723186,1829.0515178327682,2091.3848216723186,0.7769467201337914,0.0004193138972064231,0.0008157940561404809,-0.00039648015893405786,-0.03964801589340579,24,max_holding_close,0.6205845678655123,-0.28303688061433924,False,False,1829.0515178327682,False,1.0,0.5,,,adverse_first,volatility_stop,0.01,,1.0,,0.0008157940561404809,-0.03964801589340579,0.6205845678655123,-0.28303688061433924,0.0008157940561404809,0.00040789702807024047,0.00040789702807024047,0.0,0.0,,,,,fractional_return,R,False
ETHUSD,2023-07-25 15:30:00,2023-07-25 16:00:00,2023-07-26 03:30:00,long,1.0,1857.8,1858.45,1857.8,1858.45,2082.9768502127376,1835.2823149787262,2082.9768502127376,0.825040406349421,0.00028866200028383087,0.000866292426666892,-0.0005776304263830611,-0.05776304263830611,24,max_holding_close,0.37748107729411556,-0.2753391387321804,False,False,1835.2823149787262,False,1.0,0.5,,,adverse_first,volatility_stop,0.01,,1.0,,0.000866292426666892,-0.05776304263830611,0.37748107729411556,-0.2753391387321804,0.000866292426666892,0.000433146213333446,0.000433146213333446,0.0,0.0,,,,,fractional_return,R,False
ETHUSD,2023-07-26 05:30:00,2023-07-26 06:00:00,2023-07-26 17:30:00,long,1.0,1859.25,1857.55,1859.25,1857.55,2068.788248030003,1838.2961751969997,2068.788248030003,0.8873081728419241,-0.0008113077282943259,0.0009316735814840203,-0.0017429813097783462,-0.17429813097783461,24,max_holding_close,0.20998552967618914,-0.5082604297844062,False,False,1838.2961751969997,False,1.0,0.5,,,adverse_first,volatility_stop,0.01,,1.0,,0.0009316735814840203,-0.17429813097783461,0.20998552967618914,-0.5082604297844062,0.0009316735814840203,0.00046583679074201014,0.00046583679074201014,0.0,0.0,,,,,fractional_return,R,False
ETHUSD,2023-07-27 00:30:00,2023-07-27 01:00:00,2023-07-27 12:30:00,short,-1.0,1870.0,1877.85,1870.0,1877.85,1620.3394059604034,1894.9660594039597,1620.3394059604034,0.749016883178374,-0.0031442687341979546,0.0007864677273372926,-0.003930736461535247,-0.39307364615352475,24,max_holding_close,0.03204350302367193,-0.6368646225955196,False,False,1894.9660594039597,False,1.0,0.5,,,adverse_first,volatility_stop,0.01,,1.0,,0.0007864677273372927,-0.39307364615352475,0.03204350302367193,-0.6368646225955196,0.0007864677273372927,0.00039323386366864636,0.00039323386366864636,0.0,0.0,,,,,fractional_return,R,False
ETHUSD,2023-07-27 14:00:00,2023-07-27 14:30:00,2023-07-28 02:00:00,short,-1.0,1871.05,1862.6,1871.05,1862.6,1642.7194339481182,1893.8830566051881,1642.7194339481182,0.8194478874873267,0.0037007747784762596,0.0008604202818616929,0.0028403544966145665,0.28403544966145666,24,max_holding_close,0.7094976498380443,-0.06350441927562923,False,False,1893.8830566051881,False,1.0,0.5,,,adverse_first,volatility_stop,0.01,,1.0,,0.000860420281861693,0.28403544966145666,0.7094976498380443,-0.06350441927562923,0.000860420281861693,0.0004302101409308465,0.0004302101409308465,0.0,0.0,,,,,fractional_return,R,False
ETHUSD,2023-08-02 15:00:00,2023-08-02 15:30:00,2023-08-03 03:00:00,short,-1.0,1838.85,1840.35,1838.85,1840.35,1597.5720120982965,1862.9777987901703,1597.5720120982965,0.7621292004263343,-0.0006216895345675248,0.0008002356604476509,-0.0014219251950151758,-0.14219251950151757,24,max_holding_close,0.7501720383781483,-0.2880494843496238,False,False,1862.9777987901703,False,1.0,0.5,,,adverse_first,volatility_stop,0.01,,1.0,,0.0008002356604476509,-0.14219251950151757,0.7501720383781483,-0.2880494843496238,0.0008002356604476509,0.00040011783022382547,0.00040011783022382547,0.0,0.0,,,,,fractional_return,R,False
ETHUSD,2023-08-03 13:00:00,2023-08-03 13:30:00,2023-08-04 01:00:00,long,1.0,1835.15,1834.1,1835.15,1834.1,2055.350278374832,1813.1299721625169,2055.350278374832,0.8334003996471556,-0.00047683863424221836,0.0008750704196295134,-0.0013519090538717318,-0.13519090538717318,24,max_holding_close,1.010443772560783,-0.2452312976102616,False,False,1813.1299721625169,False,1.0,0.5,,,adverse_first,volatility_stop,0.01,,1.0,,0.0008750704196295135,-0.13519090538717318,1.010443772560783,-0.2452312976102616,0.0008750704196295135,0.00043753520981475673,0.00043753520981475673,0.0,0.0,,,,,fractional_return,R,False
ETHUSD,2023-08-08 12:30:00,2023-08-08 13:00:00,2023-08-09 00:30:00,long,1.0,1843.45,1854.4,1843.45,1854.4,2039.4729134879774,1823.8477086512023,2039.4729134879774,0.9404257732926025,0.005586081649924897,0.0009874470619572326,0.004598634587967664,0.4598634587967664,24,max_holding_close,1.5839984952526656,-0.4948401096280499,False,False,1823.8477086512023,False,1.0,0.5,,,adverse_first,volatility_stop,0.01,,1.0,,0.0009874470619572326,0.4598634587967664,1.5839984952526656,-0.4948401096280499,0.0009874470619572326,0.0004937235309786163,0.0004937235309786163,0.0,0.0,,,,,fractional_return,R,False
ETHUSD,2023-08-09 21:00:00,2023-08-09 21:30:00,2023-08-10 09:00:00,long,1.0,1851.8,1849.4,1851.8,1849.4,2077.682839609403,1829.2117160390596,2077.682839609403,0.8198055253786142,-0.0010624977108264935,0.0008607958016475448,-0.0019232935124740384,-0.19232935124740383,24,max_holding_close,0.25455674321886984,-0.15716111972643065,False,False,1829.2117160390596,False,1.0,0.5,,,adverse_first,volatility_stop,0.01,,1.0,,0.0008607958016475449,-0.19232935124740383,0.25455674321886984,-0.15716111972643065,0.0008607958016475449,0.00043039790082377246,0.00043039790082377246,0.0,0.0,,,,,fractional_return,R,False
ETHUSD,2023-08-10 10:30:00,2023-08-10 11:00:00,2023-08-10 22:30:00,long,1.0,1852.8,1849.85,1852.8,1849.85,2037.2158726930618,1834.3584127306938,2037.2158726930618,1.0,-0.0015921848013816797,0.00105,-0.0026421848013816794,-0.2654565427861977,24,max_holding_close,0.6235905745022488,-0.43109087541677443,False,False,1834.3584127306938,False,1.0,0.5,,,adverse_first,volatility_stop,0.01,,1.0,,0.0010499999999999997,-0.2654565427861977,0.6235905745022488,-0.43109087541677443,0.0010499999999999997,0.0005249999999999999,0.0005249999999999999,0.0,0.0,,,,,fractional_return,R,False
ETHUSD,2023-08-16 09:30:00,2023-08-16 10:00:00,2023-08-16 21:30:00,short,-1.0,1822.25,1809.8,1822.25,1809.8,1676.686723679828,1836.8063276320172,1676.686723679828,1.0,0.006832212923583492,0.00105,0.005782212923583492,0.7238527303290618,24,max_holding_close,1.7483805423575238,-0.33318843341586707,False,False,1836.8063276320172,False,1.0,0.5,,,adverse_first,volatility_stop,0.01,,1.0,,0.0010499999999999997,0.7238527303290618,1.7483805423575238,-0.33318843341586707,0.0010499999999999997,0.0005249999999999999,0.0005249999999999999,0.0,0.0,,,,,fractional_return,R,False
ETHUSD,2023-08-23 07:30:00,2023-08-23 08:00:00,2023-08-23 19:30:00,long,1.0,1644.5500000000002,1686.65,1644.5500000000002,1686.65,2003.4422474789435,1608.6607752521059,2003.4422474789435,0.45822945788108393,0.011730540376877287,0.0004811409307751381,0.011249399446102148,1.1249399446102148,24,max_holding_close,1.5102025853366978,-0.2925669215135742,False,False,1608.6607752521059,False,1.0,0.5,,,adverse_first,volatility_stop,0.01,,1.0,,0.00048114093077513895,1.1249399446102148,1.5102025853366978,-0.2925669215135742,0.00048114093077513895,0.00024057046538756947,0.00024057046538756947,0.0,0.0,,,,,fractional_return,R,False
ETHUSD,2023-09-01 11:30:00,2023-09-01 12:00:00,2023-09-01 17:00:00,long,1.0,1646.25,1620.4208690853557,1646.25,1620.4208690853557,1904.5413091464434,1620.4208690853557,1904.5413091464434,0.6373617468741954,-0.01,0.0006692298342179052,-0.010669229834217905,-1.0669229834217906,11,stop_loss,0.21487366409426,-1.6647869470366228,False,False,1620.4208690853557,False,1.0,0.5,,,adverse_first,volatility_stop,0.01,,1.0,,0.0006692298342179052,-1.0669229834217906,0.21487366409426,-1.6647869470366228,0.0006692298342179052,0.0003346149171089526,0.0003346149171089526,0.0,0.0,,,,,fractional_return,R,False
ETHUSD,2023-09-07 14:30:00,2023-09-07 15:00:00,2023-09-08 02:30:00,long,1.0,1631.4,1645.6,1631.4,1645.6,1855.4639176592232,1608.9936082340778,1855.4639176592232,0.7280958116965457,0.006337477336086038,0.0007645006022813729,0.005572976733804665,0.5572976733804664,24,max_holding_close,1.2072448024023248,-0.1517424150893908,False,False,1608.9936082340778,False,1.0,0.5,,,adverse_first,volatility_stop,0.01,,1.0,,0.0007645006022813728,0.5572976733804664,1.2072448024023248,-0.1517424150893908,0.0007645006022813728,0.0003822503011406864,0.0003822503011406864,0.0,0.0,,,,,fractional_return,R,False
ETHUSD,2023-09-11 00:30:00,2023-09-11 01:00:00,2023-09-11 12:30:00,short,-1.0,1609.4499999999998,1593.55,1609.4499999999998,1593.55,1401.8257529485736,1630.2124247051424,1401.8257529485736,0.7751743945404205,0.007658065098755815,0.0008139331142674414,0.0068441319844883735,0.6844131984488373,24,max_holding_close,1.5436540026108463,-0.38771964808167547,False,False,1630.2124247051424,False,1.0,0.5,,,adverse_first,volatility_stop,0.01,,1.0,,0.0008139331142674412,0.6844131984488373,1.5436540026108463,-0.38771964808167547,0.0008139331142674412,0.0004069665571337206,0.0004069665571337206,0.0,0.0,,,,,fractional_return,R,False
ETHUSD,2023-09-13 14:30:00,2023-09-13 15:00:00,2023-09-14 02:30:00,long,1.0,1603.85,1623.3000000000002,1603.85,1623.3000000000002,1942.5865955021231,1569.9763404497876,1942.5865955021231,0.4734799904399308,0.005741924627650187,0.0004971539899619273,0.005244770637688259,0.5244770637688259,24,max_holding_close,1.0081579744691636,-0.23469563388080952,False,False,1569.9763404497876,False,1.0,0.5,,,adverse_first,volatility_stop,0.01,,1.0,,0.0004971539899619277,0.5244770637688259,1.0081579744691636,-0.23469563388080952,0.0004971539899619277,0.00024857699498096386,0.00024857699498096386,0.0,0.0,,,,,fractional_return,R,False
ETHUSD,2023-09-22 00:30:00,2023-09-22 01:00:00,2023-09-22 12:30:00,long,1.0,1590.9,1595.0,1590.9,1595.0,1868.91800367306,1563.098199632694,1868.91800367306,0.5722291286829204,0.0014747246386322204,0.0006008405851170664,0.000873884053515154,0.0873884053515154,24,max_holding_close,0.4064484979644839,-0.20502269366350317,False,False,1563.098199632694,False,1.0,0.5,,,adverse_first,volatility_stop,0.01,,1.0,,0.0006008405851170664,0.0873884053515154,0.4064484979644839,-0.20502269366350317,0.0006008405851170664,0.0003004202925585332,0.0003004202925585332,0.0,0.0,,,,,fractional_return,R,False
ETHUSD,2023-09-27 10:00:00,2023-09-27 10:30:00,2023-09-27 14:30:00,long,1.0,1614.5,1593.6551389102824,1614.5,1593.6551389102824,1822.948610897176,1593.6551389102824,1822.948610897176,0.7745314267392286,-0.01,0.00081325799807619,-0.010813257998076191,-1.0813257998076191,9,stop_loss,0.8827115671726153,-1.1081868044395236,False,False,1593.6551389102824,False,1.0,0.5,,,adverse_first,volatility_stop,0.01,,1.0,,0.0008132579980761907,-1.0813257998076191,0.8827115671726153,-1.1081868044395236,0.0008132579980761907,0.00040662899903809533,0.00040662899903809533,0.0,0.0,,,,,fractional_return,R,False
ETHUSD,2023-09-29 13:30:00,2023-09-29 14:00:00,2023-09-30 01:30:00,short,-1.0,1668.95,1667.25,1668.95,1667.25,1367.7067387276795,1699.074326127232,1367.7067387276795,0.5540206917662095,0.0005643279762740271,0.0005817217263545199,-1.7393750080492822e-05,-0.0017393750080492822,24,max_holding_close,0.4016687360538788,-0.4863179324949755,False,False,1699.074326127232,False,1.0,0.5,,,adverse_first,volatility_stop,0.01,,1.0,,0.0005817217263545199,-0.0017393750080492822,0.4016687360538788,-0.4863179324949755,0.0005817217263545199,0.00029086086317725996,0.00029086086317725996,0.0,0.0,,,,,fractional_return,R,False
ETHUSD,2023-10-04 22:30:00,2023-10-04 23:00:00,2023-10-05 10:30:00,long,1.0,1648.35,1641.3000000000002,1648.35,1641.3000000000002,1943.7796108457492,1618.807038915425,1943.7796108457492,0.5579501646030472,-0.002386355240362352,0.0005858476728331995,-0.0029722029131955515,-0.29722029131955513,24,max_holding_close,0.21155631563497104,-0.5449690690756823,False,False,1618.807038915425,False,1.0,0.5,,,adverse_first,volatility_stop,0.01,,1.0,,0.0005858476728331993,-0.29722029131955513,0.21155631563497104,-0.5449690690756823,0.0005858476728331993,0.00029292383641659966,0.00029292383641659966,0.0,0.0,,,,,fractional_return,R,False
ETHUSD,2023-10-10 02:30:00,2023-10-10 03:00:00,2023-10-10 14:30:00,long,1.0,1589.0,1571.9,1589.0,1571.9,1859.743983797729,1561.925601620227,1859.743983797729,0.5869013145596362,-0.006315929816846876,0.000616246380287618,-0.0069321761971344945,-0.6932176197134494,24,max_holding_close,0.21422452010357856,-0.8458175017882771,False,False,1561.925601620227,False,1.0,0.5,,,adverse_first,volatility_stop,0.01,,1.0,,0.0006162463802876182,-0.6932176197134494,0.21422452010357856,-0.8458175017882771,0.0006162463802876182,0.0003081231901438091,0.0003081231901438091,0.0,0.0,,,,,fractional_return,R,False
ETHUSD,2023-10-16 10:30:00,2023-10-16 11:00:00,2023-10-16 22:30:00,long,1.0,1585.75,1602.6,1585.75,1602.6,1806.7530082875164,1563.6496991712484,1806.7530082875164,0.7175241695972754,0.007624330605526719,0.0007534003780771391,0.00687093022744958,0.687093022744958,24,max_holding_close,2.4682921930651958,-0.8167309639748251,False,False,1563.6496991712484,False,1.0,0.5,,,adverse_first,volatility_stop,0.01,,1.0,,0.0007534003780771395,0.687093022744958,2.4682921930651958,-0.8167309639748251,0.0007534003780771395,0.00037670018903856973,0.00037670018903856973,0.0,0.0,,,,,fractional_return,R,False
ETHUSD,2023-10-17 10:30:00,2023-10-17 11:00:00,2023-10-17 22:30:00,short,-1.0,1587.0500000000002,1562.3000000000002,1587.0500000000002,1562.3000000000002,1296.5657218223905,1616.0984278177611,1296.5657218223905,0.54634626354189,0.008520254574627021,0.0005736635767189844,0.007946590997908037,0.7946590997908037,24,max_holding_close,1.161852896540045,-0.0017212635504203035,False,False,1616.0984278177611,False,1.0,0.5,,,adverse_first,volatility_stop,0.01,,1.0,,0.0005736635767189836,0.7946590997908037,1.161852896540045,-0.0017212635504203035,0.0005736635767189836,0.0002868317883594918,0.0002868317883594918,0.0,0.0,,,,,fractional_return,R,False
ETHUSD,2023-10-18 02:30:00,2023-10-18 03:00:00,2023-10-18 14:30:00,short,-1.0,1568.1,1571.4,1568.1,1571.4,1286.4802756969816,1596.2619724303017,1286.4802756969816,0.5568146918263259,-0.0011717929233002065,0.0005846554264176422,-0.0017564483497178487,-0.17564483497178487,24,max_holding_close,0.13493373056181918,-0.6267316695832347,False,False,1596.2619724303017,False,1.0,0.5,,,adverse_first,volatility_stop,0.01,,1.0,,0.0005846554264176422,-0.17564483497178487,0.13493373056181918,-0.6267316695832347,0.0005846554264176422,0.0002923277132088211,0.0002923277132088211,0.0,0.0,,,,,fractional_return,R,False
ETHUSD,2023-10-20 08:30:00,2023-10-20 09:00:00,2023-10-20 20:30:00,long,1.0,1612.3000000000002,1603.4,1612.3000000000002,1603.4,1918.2439500852024,1581.70560499148,1918.2439500852024,0.5269919537715948,-0.002909029577973835,0.0005533415514601745,-0.0034623711294340096,-0.346237112943401,24,max_holding_close,0.604685923511405,-0.4608687308924864,False,False,1581.70560499148,False,1.0,0.5,,,adverse_first,volatility_stop,0.01,,1.0,,0.0005533415514601746,-0.346237112943401,0.604685923511405,-0.4608687308924864,0.0005533415514601746,0.0002766707757300873,0.0002766707757300873,0.0,0.0,,,,,fractional_return,R,False
ETHUSD,2023-10-20 20:30:00,2023-10-20 21:00:00,2023-10-21 08:30:00,short,-1.0,1602.95,1606.65,1602.95,1606.65,1280.7365330153145,1635.1713466984686,1280.7365330153145,0.4974807586413471,-0.0011483070632103663,0.0005223547965734145,-0.0016706618597837808,-0.16706618597837808,24,max_holding_close,0.3088014940254797,-0.24517907565841568,False,False,1635.1713466984686,False,1.0,0.5,,,adverse_first,volatility_stop,0.01,,1.0,,0.0005223547965734145,-0.16706618597837808,0.3088014940254797,-0.24517907565841568,0.0005223547965734145,0.00026117739828670724,0.00026117739828670724,0.0,0.0,,,,,fractional_return,R,False
ETHUSD,2023-10-25 09:00:00,2023-10-25 09:30:00,2023-10-25 21:00:00,long,1.0,1782.05,1791.85,1782.05,1791.85,2405.8523280515333,1719.6697671948466,2405.8523280515333,0.28567543272342216,0.0015710104883081355,0.00029995920435959325,0.0012710512839485422,0.12710512839485422,24,max_holding_close,0.5506552068712769,-0.10339813928150647,False,False,1719.6697671948466,False,1.0,0.5,,,adverse_first,volatility_stop,0.01,,1.0,,0.0002999592043595933,0.12710512839485422,0.5506552068712769,-0.10339813928150647,0.0002999592043595933,0.00014997960217979665,0.00014997960217979665,0.0,0.0,,,,,fractional_return,R,False
ETHUSD,2023-10-26 00:30:00,2023-10-26 01:00:00,2023-10-26 12:30:00,long,1.0,1792.8000000000002,1822.25,1792.8000000000002,1822.25,2363.281819175184,1735.7518180824818,2363.281819175184,0.31426067224930554,0.005162302988477252,0.0003299737058617708,0.004832329282615481,0.4832329282615481,24,max_holding_close,1.2778671913751858,-0.09991554171246805,False,False,1735.7518180824818,False,1.0,0.5,,,adverse_first,volatility_stop,0.01,,1.0,,0.00032997370586177084,0.4832329282615481,1.2778671913751858,-0.09991554171246805,0.00032997370586177084,0.00016498685293088542,0.00016498685293088542,0.0,0.0,,,,,fractional_return,R,False
ETHUSD,2023-11-05 08:30:00,2023-11-05 09:00:00,2023-11-05 20:30:00,short,-1.0,1881.25,1887.55,1881.25,1887.55,1505.382454773644,1918.8367545226356,1505.382454773644,0.5005087626991227,-0.0016761223681086449,0.0005255342008340788,-0.0022016565689427234,-0.22016565689427234,24,max_holding_close,0.3910952192253622,-0.8460427191405757,False,False,1918.8367545226356,False,1.0,0.5,,,adverse_first,volatility_stop,0.01,,1.0,,0.0005255342008340786,-0.22016565689427234,0.3910952192253622,-0.8460427191405757,0.0005255342008340786,0.0002627671004170393,0.0002627671004170393,0.0,0.0,,,,,fractional_return,R,False
ETHUSD,2023-11-05 21:00:00,2023-11-05 21:30:00,2023-11-06 09:00:00,short,-1.0,1877.65,1886.1,1877.65,1886.1,1455.941506463429,1919.8208493536572,1455.941506463429,0.44524832408602366,-0.002003753808498269,0.00046751074029032484,-0.0024712645487885935,-0.24712645487885934,24,max_holding_close,0.4552908061913389,-0.7730458480123735,False,False,1919.8208493536572,False,1.0,0.5,,,adverse_first,volatility_stop,0.01,,1.0,,0.0004675107402903247,-0.24712645487885934,0.4552908061913389,-0.7730458480123735,0.0004675107402903247,0.00023375537014516234,0.00023375537014516234,0.0,0.0,,,,,fractional_return,R,False
ETHUSD,2023-11-06 13:00:00,2023-11-06 13:30:00,2023-11-07 01:00:00,short,-1.0,1896.95,1892.0,1896.95,1892.0,1471.8144304461778,1939.4635569553823,1471.8144304461778,0.4461988447569419,0.0011643344745759852,0.00046850878699478897,0.0006958256875811963,0.06958256875811962,24,max_holding_close,0.3445959606573309,-0.42809873610671667,False,False,1939.4635569553823,False,1.0,0.5,,,adverse_first,volatility_stop,0.01,,1.0,,0.00046850878699478897,0.06958256875811962,0.3445959606573309,-0.42809873610671667,0.00046850878699478897,0.00023425439349739448,0.00023425439349739448,0.0,0.0,,,,,fractional_return,R,False
ETHUSD,2023-11-07 02:00:00,2023-11-07 02:30:00,2023-11-07 14:00:00,short,-1.0,1888.4,1875.7,1888.4,1875.7,1449.6549923919142,1932.2745007608087,1449.6549923919142,0.43040945589216495,0.0028946198315137036,0.00045192992868677316,0.0024426899028269305,0.24426899028269305,24,max_holding_close,0.4923132941787133,-0.20968899566870572,False,False,1932.2745007608087,False,1.0,0.5,,,adverse_first,volatility_stop,0.01,,1.0,,0.0004519299286867731,0.24426899028269305,0.4923132941787133,-0.20968899566870572,0.0004519299286867731,0.00022596496434338655,0.00022596496434338655,0.0,0.0,,,,,fractional_return,R,False
ETHUSD,2023-11-11 09:00:00,2023-11-11 09:30:00,2023-11-11 21:00:00,long,1.0,2062.05,2053.95,2062.05,2053.95,2703.1606298386587,1997.9389370161343,2703.1606298386587,0.3216371565261575,-0.001263432490900798,0.00033771901435246534,-0.0016011515052532634,-0.16011515052532632,24,max_holding_close,0.45389982080508,-0.1590989062615792,False,False,1997.9389370161343,False,1.0,0.5,,,adverse_first,volatility_stop,0.01,,1.0,,0.0003377190143524654,-0.16011515052532632,0.45389982080508,-0.1590989062615792,0.0003377190143524654,0.0001688595071762327,0.0001688595071762327,0.0,0.0,,,,,fractional_return,R,False
ETHUSD,2023-11-28 00:00:00,2023-11-28 00:30:00,2023-11-28 12:00:00,long,1.0,2032.35,2024.85,2032.35,2024.85,2498.3301410289946,1985.7519858971004,2498.3301410289946,0.4361451961261888,-0.0016095106506981867,0.0004579524559324982,-0.002067463106630685,-0.2067463106630685,24,max_holding_close,0.16524309347167926,-0.7897332259425653,False,False,1985.7519858971004,False,1.0,0.5,,,adverse_first,volatility_stop,0.01,,1.0,,0.0004579524559324983,-0.2067463106630685,0.16524309347167926,-0.7897332259425653,0.0004579524559324983,0.00022897622796624916,0.00022897622796624916,0.0,0.0,,,,,fractional_return,R,False
ETHUSD,2023-11-29 10:00:00,2023-11-29 10:30:00,2023-11-29 23:00:00,short,-1.0,2057.05,2029.2,2057.05,2029.2,1632.466378688533,2099.508362131147,1632.466378688533,0.4844864231093323,0.006559367484307619,0.0005087107442647989,0.00605065674004282,0.605065674004282,24,max_holding_close,0.8702643753865954,-0.04828259728125223,False,False,2099.508362131147,False,1.0,0.5,,,adverse_first,volatility_stop,0.01,,1.0,,0.000508710744264799,0.605065674004282,0.8702643753865954,-0.04828259728125223,0.000508710744264799,0.0002543553721323995,0.0002543553721323995,0.0,0.0,,,,,fractional_return,R,False
ETHUSD,2023-12-01 15:00:00,2023-12-01 15:30:00,2023-12-02 03:00:00,short,-1.0,2073.8,2094.0,2073.8,2094.0,1674.6895398722963,2113.7110460127706,1674.6895398722963,0.519605524579948,-0.005061255471364082,0.0005455858008089454,-0.005606841272173028,-0.5606841272173029,24,max_holding_close,0.0062639300388170034,-0.904511497605173,False,False,2113.7110460127706,False,1.0,0.5,,,adverse_first,volatility_stop,0.01,,1.0,,0.0005455858008089455,-0.5606841272173029,0.0062639300388170034,-0.904511497605173,0.0005455858008089455,0.00027279290040447277,0.00027279290040447277,0.0,0.0,,,,,fractional_return,R,False
ETHUSD,2023-12-03 03:00:00,2023-12-03 03:30:00,2023-12-03 15:00:00,short,-1.0,2159.65,2155.85,2159.65,2155.85,1750.8687627662207,2200.528123723378,1750.8687627662207,0.5283143655551171,0.0009295925678278855,0.000554730083832873,0.0003748624839950126,0.037486248399501265,24,max_holding_close,0.2152740683390886,-0.21772036457021235,False,False,2200.528123723378,False,1.0,0.5,,,adverse_first,volatility_stop,0.01,,1.0,,0.000554730083832873,0.037486248399501265,0.2152740683390886,-0.21772036457021235,0.000554730083832873,0.0002773650419164365,0.0002773650419164365,0.0,0.0,,,,,fractional_return,R,False
ETHUSD,2023-12-08 07:00:00,2023-12-08 07:30:00,2023-12-08 19:00:00,short,-1.0,2359.15,2351.65,2359.15,2351.65,1723.7864641049878,2422.6863535895013,1723.7864641049878,0.3713071126558681,0.001180426570976419,0.00038987246828866147,0.0007905541026877576,0.07905541026877576,24,max_holding_close,0.31399346787973076,-0.2770067686557974,False,False,2422.6863535895013,False,1.0,0.5,,,adverse_first,volatility_stop,0.01,,1.0,,0.0003898724682886614,0.07905541026877576,0.31399346787973076,-0.2770067686557974,0.0003898724682886614,0.0001949362341443307,0.0001949362341443307,0.0,0.0,,,,,fractional_return,R,False
ETHUSD,2023-12-18 14:00:00,2023-12-18 14:30:00,2023-12-19 02:00:00,long,1.0,2162.9,2234.3500000000004,2162.9,2234.3500000000004,2706.7642131513917,2108.513578684861,2706.7642131513917,0.39769117873507315,0.013137470396514453,0.0004175757376718268,0.012719894658842627,1.2719894658842628,24,max_holding_close,1.6134542019512077,-0.2748847899620626,False,False,2108.513578684861,False,1.0,0.5,,,adverse_first,volatility_stop,0.01,,1.0,,0.0004175757376718263,1.2719894658842628,1.6134542019512077,-0.2748847899620626,0.0004175757376718263,0.00020878786883591315,0.00020878786883591315,0.0,0.0,,,,,fractional_return,R,False
ETHUSD,2024-01-05 01:00:00,2024-01-05 01:30:00,2024-01-05 13:00:00,short,-1.0,2258.95,2248.25,2258.95,2248.25,1518.9772476044482,2332.947275239555,1518.9772476044482,0.3052747540618199,0.0014459991892080096,0.0003205384917649109,0.0011254606974430987,0.11254606974430988,24,max_holding_close,0.5655613651248145,-0.156762528923492,False,False,2332.947275239555,False,1.0,0.5,,,adverse_first,volatility_stop,0.01,,1.0,,0.0003205384917649109,0.11254606974430988,0.5655613651248145,-0.156762528923492,0.0003205384917649109,0.00016026924588245545,0.00016026924588245545,0.0,0.0,,,,,fractional_return,R,False
ETHUSD,2024-01-09 08:30:00,2024-01-09 09:00:00,2024-01-09 20:30:00,short,-1.0,2292.45,2251.65,2292.45,2251.65,1673.9414264087563,2354.300857359124,1673.9414264087563,0.3706415881495964,0.006596513248491109,0.0003891736675570762,0.006207339580934033,0.6207339580934033,24,max_holding_close,0.9191465151390151,-0.20694943524678405,False,False,2354.300857359124,False,1.0,0.5,,,adverse_first,volatility_stop,0.01,,1.0,,0.00038917366755707606,0.6207339580934033,0.9191465151390151,-0.20694943524678405,0.00038917366755707606,0.00019458683377853803,0.00019458683377853803,0.0,0.0,,,,,fractional_return,R,False
ETHUSD,2024-01-18 18:30:00,2024-01-18 19:00:00,2024-01-19 06:30:00,short,-1.0,2460.2,2468.1,2460.2,2468.1,1829.363486100733,2523.2836513899265,1829.363486100733,0.3899901077052826,-0.0012523054430012685,0.00040948961309054667,-0.0016617950560918152,-0.16617950560918152,24,max_holding_close,0.5706708347853903,-0.18943101321348804,False,False,2523.2836513899265,False,1.0,0.5,,,adverse_first,volatility_stop,0.01,,1.0,,0.0004094896130905467,-0.16617950560918152,0.5706708347853903,-0.18943101321348804,0.0004094896130905467,0.00020474480654527336,0.00020474480654527336,0.0,0.0,,,,,fractional_return,R,False
ETHUSD,2024-01-19 10:00:00,2024-01-19 10:30:00,2024-01-19 16:30:00,long,1.0,2486.2,2426.4390189347787,2486.2,2426.4390189347787,3083.809810652211,2426.4390189347787,3083.809810652211,0.41602396006294556,-0.01,0.00043682515806609283,-0.010436825158066093,-1.0436825158066094,13,stop_loss,0.19075992055014146,-1.2198594919390466,False,False,2426.4390189347787,False,1.0,0.5,,,adverse_first,volatility_stop,0.01,,1.0,,0.00043682515806609326,-1.0436825158066094,0.19075992055014146,-1.2198594919390466,0.00043682515806609326,0.00021841257903304663,0.00021841257903304663,0.0,0.0,,,,,fractional_return,R,False
ETHUSD,2024-01-24 13:30:00,2024-01-24 14:00:00,2024-01-25 01:30:00,short,-1.0,2227.55,2213.3500000000004,2227.55,2213.3500000000004,1507.6542448834052,2299.5395755116597,1507.6542448834052,0.30942674465961034,0.0019725078108982683,0.00032489808189259086,0.0016476097290056774,0.16476097290056774,24,max_holding_close,0.43478517240222936,-0.23128348627785683,False,False,2299.5395755116597,False,1.0,0.5,,,adverse_first,volatility_stop,0.01,,1.0,,0.0003248980818925909,0.16476097290056774,0.43478517240222936,-0.23128348627785683,0.0003248980818925909,0.00016244904094629546,0.00016244904094629546,0.0,0.0,,,,,fractional_return,R,False
ETHUSD,2024-01-25 01:30:00,2024-01-25 02:00:00,2024-01-25 13:30:00,short,-1.0,2213.5,2205.7,2213.5,2205.7,1515.5415444043465,2283.2958455595654,1515.5415444043465,0.3171392197134354,0.0011175450254189653,0.00033299618069910716,0.0007845488447198581,0.07845488447198581,24,max_holding_close,0.2199271300023133,-0.40976650932027864,False,False,2283.2958455595654,False,1.0,0.5,,,adverse_first,volatility_stop,0.01,,1.0,,0.00033299618069910716,0.07845488447198581,0.2199271300023133,-0.40976650932027864,0.00033299618069910716,0.00016649809034955358,0.00016649809034955358,0.0,0.0,,,,,fractional_return,R,False
ETHUSD,2024-02-01 10:30:00,2024-02-01 11:00:00,2024-02-01 22:30:00,long,1.0,2267.1,2296.8500000000004,2267.1,2296.8500000000004,2832.089903010428,2210.601009698957,2832.089903010428,0.4012638080645764,0.005265580825689836,0.0004213269984678052,0.00484425382722203,0.48442538272220304,24,max_holding_close,0.7849697802330698,-0.10177173024441498,False,False,2210.601009698957,False,1.0,0.5,,,adverse_first,volatility_stop,0.01,,1.0,,0.0004213269984678055,0.48442538272220304,0.7849697802330698,-0.10177173024441498,0.0004213269984678055,0.00021066349923390274,0.00021066349923390274,0.0,0.0,,,,,fractional_return,R,False
ETHUSD,2024-02-08 10:00:00,2024-02-08 10:30:00,2024-02-08 22:00:00,long,1.0,2423.3500000000004,2427.7,2423.3500000000004,2427.7,2874.272064176994,2378.257793582301,2874.272064176994,0.5374210296014258,0.0009646899864921836,0.0005642920810814971,0.00040039790541068656,0.040039790541068654,24,max_holding_close,0.8460442065444198,-0.22176781298674386,False,False,2378.257793582301,False,1.0,0.5,,,adverse_first,volatility_stop,0.01,,1.0,,0.0005642920810814971,0.040039790541068654,0.8460442065444198,-0.22176781298674386,0.0005642920810814971,0.00028214604054074854,0.00028214604054074854,0.0,0.0,,,,,fractional_return,R,False
ETHUSD,2024-02-13 07:30:00,2024-02-13 08:00:00,2024-02-13 19:30:00,long,1.0,2649.3500000000004,2611.45,2649.3500000000004,2611.45,3261.5058233408727,2588.134417665913,3261.5058233408727,0.4327901326725987,-0.006191234086961621,0.0004544296393062286,-0.00664566372626785,-0.664566372626785,24,max_holding_close,0.6011541277049659,-0.9564558200306011,False,False,2588.134417665913,False,1.0,0.5,,,adverse_first,volatility_stop,0.01,,1.0,,0.00045442963930622873,-0.664566372626785,0.6011541277049659,-0.9564558200306011,0.00045442963930622873,0.00022721481965311437,0.00022721481965311437,0.0,0.0,,,,,fractional_return,R,False
ETHUSD,2024-02-14 09:00:00,2024-02-14 09:30:00,2024-02-14 21:00:00,long,1.0,2728.8,2760.35,2728.8,2760.35,3455.8960436202588,2656.0903956379743,3455.8960436202588,0.3753011756759296,0.004339179160281272,0.00039406623445972604,0.003945112925821546,0.39451129258215456,24,max_holding_close,0.5858923366972503,-0.043323024896629,False,False,2656.0903956379743,False,1.0,0.5,,,adverse_first,volatility_stop,0.01,,1.0,,0.00039406623445972615,0.39451129258215456,0.5858923366972503,-0.043323024896629,0.00039406623445972615,0.00019703311722986307,0.00019703311722986307,0.0,0.0,,,,,fractional_return,R,False
ETHUSD,2024-02-15 04:30:00,2024-02-15 05:00:00,2024-02-15 16:30:00,short,-1.0,2797.0,2829.45,2797.0,2829.45,2015.4561136178672,2875.1543886382133,2015.4561136178672,0.3578813741282877,-0.004152038108853329,0.000375775442834702,-0.0045278135516880315,-0.45278135516880313,24,max_holding_close,0.44783153716446433,-0.9193341698647693,False,False,2875.1543886382133,False,1.0,0.5,,,adverse_first,volatility_stop,0.01,,1.0,,0.00037577544283470213,-0.45278135516880313,0.44783153716446433,-0.9193341698647693,0.00037577544283470213,0.00018788772141735107,0.00018788772141735107,0.0,0.0,,,,,fractional_return,R,False
ETHUSD,2024-02-19 16:30:00,2024-02-19 17:00:00,2024-02-19 22:00:00,short,-1.0,2897.65,2969.556835343456,2897.65,2969.556835343456,2178.581646565441,2969.556835343456,2178.581646565441,0.40297281700128523,-0.01,0.0004231214578513495,-0.01042312145785135,-1.042312145785135,11,stop_loss,0.13559211656903114,-1.2029454444329428,False,False,2969.556835343456,False,1.0,0.5,,,adverse_first,volatility_stop,0.01,,1.0,,0.0004231214578513491,-1.042312145785135,0.13559211656903114,-1.2029454444329428,0.0004231214578513491,0.00021156072892567455,0.00021156072892567455,0.0,0.0,,,,,fractional_return,R,False
ETHUSD,2024-02-26 02:30:00,2024-02-26 03:00:00,2024-02-26 14:30:00,short,-1.0,3093.75,3104.15,3093.75,3104.15,2368.746820895467,3166.2503179104533,2368.746820895467,0.4267222667659412,-0.0014344764684818539,0.00044805838010423827,-0.0018825348485860922,-0.1882534848586092,24,max_holding_close,0.7724104061056228,-0.29655042377269447,False,False,3166.2503179104533,False,1.0,0.5,,,adverse_first,volatility_stop,0.01,,1.0,,0.0004480583801042383,-0.1882534848586092,0.7724104061056228,-0.29655042377269447,0.0004480583801042383,0.00022402919005211916,0.00022402919005211916,0.0,0.0,,,,,fractional_return,R,False
ETHUSD,2024-03-04 23:00:00,2024-03-04 23:30:00,2024-03-05 11:00:00,long,1.0,3624.8,3739.75,3624.8,3739.75,4828.208667370677,3504.4591332629325,4828.208667370677,0.301211059740812,0.009552033579012976,0.0003162716127278526,0.009235761966285123,0.9235761966285125,24,max_holding_close,0.9693298973395943,-0.12713885494467222,False,False,3504.4591332629325,False,1.0,0.5,,,adverse_first,volatility_stop,0.01,,1.0,,0.00031627161272785274,0.9235761966285125,0.9693298973395943,-0.12713885494467222,0.00031627161272785274,0.00015813580636392637,0.00015813580636392637,0.0,0.0,,,,,fractional_return,R,False
ETHUSD,2024-03-05 11:00:00,2024-03-05 11:30:00,2024-03-05 17:00:00,long,1.0,3739.9,3605.918494701246,3739.9,3605.918494701246,5079.715052987543,3605.918494701246,5079.715052987543,0.2791355412570346,-0.01,0.0002930923183198863,-0.010293092318319886,-1.0293092318319885,12,stop_loss,0.6471042388027713,-1.33413936200687,False,False,3605.918494701246,False,1.0,0.5,,,adverse_first,volatility_stop,0.01,,1.0,,0.0002930923183198861,-1.0293092318319885,0.6471042388027713,-1.33413936200687,0.0002930923183198861,0.00014654615915994304,0.00014654615915994304,0.0,0.0,,,,,fractional_return,R,False
ETHUSD,2024-03-08 14:00:00,2024-03-08 14:30:00,2024-03-09 02:00:00,long,1.0,3964.9,3924.55,3964.9,3924.55,5474.746247455571,3813.915375254443,5474.746247455571,0.26260289792300007,-0.0026724575477800375,0.00027573304281915004,-0.0029481905905991874,-0.2948190590599188,24,max_holding_close,0.22452617315921528,-0.917311946387942,False,False,3813.915375254443,False,1.0,0.5,,,adverse_first,volatility_stop,0.01,,1.0,,0.00027573304281914993,-0.2948190590599188,0.22452617315921528,-0.917311946387942,0.00027573304281914993,0.00013786652140957496,0.00013786652140957496,0.0,0.0,,,,,fractional_return,R,False
ETHUSD,2024-03-12 06:30:00,2024-03-12 07:00:00,2024-03-12 18:30:00,short,-1.0,4030.75,3969.35,4030.75,3969.35,2873.1498584097717,4146.510014159023,2873.1498584097717,0.348198817120292,0.005304076752759643,0.00036560875797630657,0.004938467994783337,0.49384679947833365,24,max_holding_close,1.7134586708629878,-0.2906875940233916,False,False,4146.510014159023,False,1.0,0.5,,,adverse_first,volatility_stop,0.01,,1.0,,0.0003656087579763066,0.49384679947833365,1.7134586708629878,-0.2906875940233916,0.0003656087579763066,0.0001828043789881533,0.0001828043789881533,0.0,0.0,,,,,fractional_return,R,False
ETHUSD,2024-03-21 00:30:00,2024-03-21 01:00:00,2024-03-21 12:30:00,long,1.0,3517.0,3542.65,3517.0,3542.65,5883.219751397148,3280.378024860285,5883.219751397148,0.14863370141016563,0.001084007518103713,0.0001560653864806739,0.0009279421316230391,0.0927942131623039,24,max_holding_close,0.29688704930520715,-0.2911817465783459,False,False,3280.378024860285,False,1.0,0.5,,,adverse_first,volatility_stop,0.01,,1.0,,0.0001560653864806739,0.0927942131623039,0.29688704930520715,-0.2911817465783459,0.0001560653864806739,7.803269324033695e-05,7.803269324033695e-05,0.0,0.0,,,,,fractional_return,R,False
ETHUSD,2024-04-01 12:00:00,2024-04-01 12:30:00,2024-04-01 15:00:00,long,1.0,3552.85,3471.291924602259,3552.85,3471.291924602259,4368.43075397741,3471.291924602259,4368.43075397741,0.43562209905929256,-0.01,0.00045740320401225717,-0.010457403204012257,-1.0457403204012257,6,stop_loss,0.2243799882568961,-1.1819798288505239,False,False,3471.291924602259,False,1.0,0.5,,,adverse_first,volatility_stop,0.01,,1.0,,0.00045740320401225706,-1.0457403204012257,0.2243799882568961,-1.1819798288505239,0.00045740320401225706,0.00022870160200612853,0.00022870160200612853,0.0,0.0,,,,,fractional_return,R,False
ETHUSD,2024-04-03 13:00:00,2024-04-03 13:30:00,2024-04-04 01:00:00,short,-1.0,3301.45,3326.8,3301.45,3326.8,2113.5130617963614,3420.2436938203637,2113.5130617963614,0.2779145840007594,-0.0021339516589435723,0.00029181031320079737,-0.0024257619721443696,-0.24257619721443696,24,max_holding_close,0.1523649902440964,-0.556847740588238,False,False,3420.2436938203637,False,1.0,0.5,,,adverse_first,volatility_stop,0.01,,1.0,,0.0002918103132007973,-0.24257619721443696,0.1523649902440964,-0.556847740588238,0.0002918103132007973,0.00014590515660039866,0.00014590515660039866,0.0,0.0,,,,,fractional_return,R,False
ETHUSD,2024-04-08 08:00:00,2024-04-08 08:30:00,2024-04-08 20:00:00,long,1.0,3560.95,3685.85,3560.95,3685.85,4439.7603501405565,3473.068964985944,4439.7603501405565,0.4052011903854413,0.014212395197669585,0.0004254612499047133,0.013786933947764871,1.378693394776487,24,max_holding_close,1.7108355628259662,-0.014792725185721873,False,False,3473.068964985944,False,1.0,0.5,,,adverse_first,volatility_stop,0.01,,1.0,,0.0004254612499047135,1.378693394776487,1.7108355628259662,-0.014792725185721873,0.0004254612499047135,0.00021273062495235674,0.00021273062495235674,0.0,0.0,,,,,fractional_return,R,False
ETHUSD,2024-04-09 03:30:00,2024-04-09 04:00:00,2024-04-09 15:30:00,short,-1.0,3692.45,3529.85,3692.45,3529.85,2632.3933510482775,3798.455664895172,2632.3933510482775,0.34832572425741787,0.015338802898957627,0.00036574201047028876,0.014973060888487339,1.497306088848734,24,max_holding_close,2.007439887391256,-0.08678781468045171,False,False,3798.455664895172,False,1.0,0.5,,,adverse_first,volatility_stop,0.01,,1.0,,0.00036574201047028833,1.497306088848734,2.007439887391256,-0.08678781468045171,0.00036574201047028833,0.00018287100523514416,0.00018287100523514416,0.0,0.0,,,,,fractional_return,R,False
ETHUSD,2024-04-13 16:00:00,2024-04-13 16:30:00,2024-04-14 04:00:00,short,-1.0,3249.4,3041.15,3249.4,3041.15,2001.6955713281409,3374.170442867186,2001.6955713281409,0.2604302690068096,0.01669065166512836,0.00027345178245715004,0.01641719988267121,1.6417199882671214,24,max_holding_close,3.1898580373210508,-0.13384580206849855,False,False,3374.170442867186,False,1.0,0.5,,,adverse_first,volatility_stop,0.01,,1.0,,0.00027345178245714863,1.6417199882671214,3.1898580373210508,-0.13384580206849855,0.00027345178245714863,0.00013672589122857431,0.00013672589122857431,0.0,0.0,,,,,fractional_return,R,False
ETHUSD,2024-04-14 14:30:00,2024-04-14 15:00:00,2024-04-15 02:30:00,long,1.0,3036.55,3140.65,3036.55,3140.65,4923.992507860251,2847.805749213975,4923.992507860251,0.16088172155465894,0.005515399783912656,0.00016892580763239187,0.005346473976280264,0.5346473976280264,24,max_holding_close,0.732472641811648,-0.29245923926222905,False,False,2847.805749213975,False,1.0,0.5,,,adverse_first,volatility_stop,0.01,,1.0,,0.00016892580763239184,0.5346473976280264,0.732472641811648,-0.29245923926222905,0.00016892580763239184,8.446290381619592e-05,8.446290381619592e-05,0.0,0.0,,,,,fractional_return,R,False
ETHUSD,2024-04-26 10:00:00,2024-04-26 10:30:00,2024-04-26 22:00:00,short,-1.0,3140.25,3128.55,3140.25,3128.55,2248.2845509923063,3229.4465449007694,2248.2845509923063,0.35205960090646,0.001311710000988945,0.000369662580951783,0.0009420474200371621,0.0942047420037162,24,max_holding_close,0.42378323108874294,-0.3127923848512146,False,False,3229.4465449007694,False,1.0,0.5,,,adverse_first,volatility_stop,0.01,,1.0,,0.000369662580951783,0.0942047420037162,0.42378323108874294,-0.3127923848512146,0.000369662580951783,0.0001848312904758915,0.0001848312904758915,0.0,0.0,,,,,fractional_return,R,False
ETHUSD,2024-04-27 12:00:00,2024-04-27 12:30:00,2024-04-28 00:00:00,long,1.0,3132.2,3259.75,3132.2,3259.75,3946.2818977588786,3050.791810224112,3946.2818977588786,0.3847524442716106,0.01566795679293916,0.0004039900664851911,0.015263966726453969,1.5263966726453968,24,max_holding_close,1.8597637463355488,-0.035008762728243895,False,False,3050.791810224112,False,1.0,0.5,,,adverse_first,volatility_stop,0.01,,1.0,,0.0004039900664851905,1.5263966726453968,1.8597637463355488,-0.035008762728243895,0.0004039900664851905,0.00020199503324259526,0.00020199503324259526,0.0,0.0,,,,,fractional_return,R,False
ETHUSD,2024-05-17 07:30:00,2024-05-17 08:00:00,2024-05-17 19:30:00,long,1.0,3024.85,3085.25,3024.85,3085.25,3742.7166712203993,2953.06333287796,3742.7166712203993,0.4213665463612686,0.00841381866876722,0.00044243487367933196,0.007971383795087888,0.7971383795087889,24,max_holding_close,1.326151551765968,-0.09472511084042222,False,False,2953.06333287796,False,1.0,0.5,,,adverse_first,volatility_stop,0.01,,1.0,,0.00044243487367933224,0.7971383795087889,1.326151551765968,-0.09472511084042222,0.00044243487367933224,0.00022121743683966612,0.00022121743683966612,0.0,0.0,,,,,fractional_return,R,False
ETHUSD,2024-05-22 07:00:00,2024-05-22 07:30:00,2024-05-22 19:00:00,short,-1.0,3744.25,3738.85,3744.25,3738.85,2253.878253430128,3893.287174656987,2253.878253430128,0.25122926602825674,0.00036232570916808763,0.00026379072932966954,9.853497983841809e-05,0.00985349798384181,24,max_holding_close,0.6045471554822971,-0.3492417252259013,False,False,3893.287174656987,False,1.0,0.5,,,adverse_first,volatility_stop,0.01,,1.0,,0.00026379072932966954,0.00985349798384181,0.6045471554822971,-0.3492417252259013,0.00026379072932966954,0.00013189536466483477,0.00013189536466483477,0.0,0.0,,,,,fractional_return,R,False
ETHUSD,2024-05-27 02:30:00,2024-05-27 03:00:00,2024-05-27 14:30:00,long,1.0,3914.8,3942.2,3914.8,3942.2,4944.654361955077,3811.8145638044925,4944.654361955077,0.38013141902590386,0.0026605703691911847,0.00039913798997719905,0.0022614323792139856,0.22614323792139857,24,max_holding_close,0.3699552228692884,-0.3112090523086821,False,False,3811.8145638044925,False,1.0,0.5,,,adverse_first,volatility_stop,0.01,,1.0,,0.0003991379899771991,0.22614323792139857,0.3699552228692884,-0.3112090523086821,0.0003991379899771991,0.00019956899498859955,0.00019956899498859955,0.0,0.0,,,,,fractional_return,R,False
ETHUSD,2024-05-27 14:30:00,2024-05-27 15:00:00,2024-05-28 02:30:00,long,1.0,3942.25,3860.05,3942.25,3860.05,5035.410379410256,3832.9339620589744,5035.410379410256,0.3606286940372635,-0.007519482186533824,0.00037866012873912663,-0.00789814231527295,-0.789814231527295,24,max_holding_close,0.30965264235300494,-0.9907054997586582,False,False,3832.9339620589744,False,1.0,0.5,,,adverse_first,volatility_stop,0.01,,1.0,,0.0003786601287391264,-0.789814231527295,0.30965264235300494,-0.9907054997586582,0.0003786601287391264,0.0001893300643695632,0.0001893300643695632,0.0,0.0,,,,,fractional_return,R,False
ETHUSD,2024-05-30 12:30:00,2024-05-30 13:00:00,2024-05-31 00:30:00,long,1.0,3764.0,3752.55,3764.0,3752.55,4820.015899777412,3658.3984100222588,4820.015899777412,0.35643402725218226,-0.0010842639776932651,0.00037425572861479137,-0.0014585197063080564,-0.14585197063080566,24,max_holding_close,0.5629650085053712,-0.4142930045771247,False,False,3658.3984100222588,False,1.0,0.5,,,adverse_first,volatility_stop,0.01,,1.0,,0.0003742557286147913,-0.14585197063080566,0.5629650085053712,-0.4142930045771247,0.0003742557286147913,0.00018712786430739566,0.00018712786430739566,0.0,0.0,,,,,fractional_return,R,False
ETHUSD,2024-06-08 10:30:00,2024-06-08 11:00:00,2024-06-08 22:30:00,long,1.0,3694.6,3676.25,3694.6,3676.25,4395.100762739684,3624.5499237260315,4395.100762739684,0.5274226948091081,-0.0026195546066548844,0.0005537938295495635,-0.003173348436204448,-0.3173348436204448,24,max_holding_close,0.04068518053932523,-0.47751554001419827,False,False,3624.5499237260315,False,1.0,0.5,,,adverse_first,volatility_stop,0.01,,1.0,,0.0005537938295495635,-0.3173348436204448,0.04068518053932523,-0.47751554001419827,0.0005537938295495635,0.00027689691477478175,0.00027689691477478175,0.0,0.0,,,,,fractional_return,R,False
ETHUSD,2024-06-17 16:30:00,2024-06-17 17:00:00,2024-06-18 01:00:00,long,1.0,3525.15,3433.299083813536,3525.15,3433.299083813536,4443.659161864641,3433.299083813536,4443.659161864641,0.3837904014853472,-0.01,0.00040297992155961457,-0.010402979921559615,-1.0402979921559614,17,stop_loss,0.5710340427472984,-1.0310185671719638,False,False,3433.299083813536,False,1.0,0.5,,,adverse_first,volatility_stop,0.01,,1.0,,0.00040297992155961457,-1.0402979921559614,0.5710340427472984,-1.0310185671719638,0.00040297992155961457,0.00020148996077980728,0.00020148996077980728,0.0,0.0,,,,,fractional_return,R,False
ETHUSD,2024-06-19 14:00:00,2024-06-19 14:30:00,2024-06-20 02:00:00,short,-1.0,3517.75,3550.25,3517.75,3550.25,2440.872199025238,3625.437780097476,2440.872199025238,0.32666194779164576,-0.0030179840247966743,0.000342995045181228,-0.0033609790699779024,-0.33609790699779024,24,max_holding_close,0.05107357580425134,-0.7001722937528283,False,False,3625.437780097476,False,1.0,0.5,,,adverse_first,volatility_stop,0.01,,1.0,,0.00034299504518122814,-0.33609790699779024,0.05107357580425134,-0.7001722937528283,0.00034299504518122814,0.00017149752259061407,0.00017149752259061407,0.0,0.0,,,,,fractional_return,R,False
ETHUSD,2024-06-20 07:00:00,2024-06-20 07:30:00,2024-06-20 14:00:00,long,1.0,3607.5,3510.8806039136834,3607.5,3510.8806039136834,4573.693960863166,3510.8806039136834,4573.693960863166,0.3733722364376175,-0.01,0.00039204084825949836,-0.010392040848259499,-1.0392040848259498,14,stop_loss,0.17957056970734941,-1.1969646332365995,False,False,3510.8806039136834,False,1.0,0.5,,,adverse_first,volatility_stop,0.01,,1.0,,0.00039204084825949885,-1.0392040848259498,0.17957056970734941,-1.1969646332365995,0.00039204084825949885,0.00019602042412974943,0.00019602042412974943,0.0,0.0,,,,,fractional_return,R,False
ETHUSD,2024-06-24 07:30:00,2024-06-24 08:00:00,2024-06-24 19:30:00,short,-1.0,3368.35,3290.85,3368.35,3290.85,2672.120791667048,3437.972920833295,2672.120791667048,0.48379900752299104,0.01113139165556778,0.0005079889578991406,0.010623402697668639,1.0623402697668638,24,max_holding_close,1.926089833563408,-0.3641042302821197,False,False,3437.972920833295,False,1.0,0.5,,,adverse_first,volatility_stop,0.01,,1.0,,0.0005079889578991411,1.0623402697668638,1.926089833563408,-0.3641042302821197,0.0005079889578991411,0.00025399447894957055,0.00025399447894957055,0.0,0.0,,,,,fractional_return,R,False
ETHUSD,2024-06-25 16:30:00,2024-06-25 17:00:00,2024-06-26 04:30:00,short,-1.0,3383.15,3386.95,3383.15,3386.95,2417.21440781313,3479.743559218687,2417.21440781313,0.3502459198486078,-0.0003934009711140659,0.00036775821584103817,-0.0007611591869551041,-0.07611591869551042,24,max_holding_close,0.018634782842249318,-0.4663872039129121,False,False,3479.743559218687,False,1.0,0.5,,,adverse_first,volatility_stop,0.01,,1.0,,0.0003677582158410382,-0.07611591869551042,0.018634782842249318,-0.4663872039129121,0.0003677582158410382,0.0001838791079205191,0.0001838791079205191,0.0,0.0,,,,,fractional_return,R,False
ETHUSD,2024-07-01 08:30:00,2024-07-01 09:00:00,2024-07-01 20:30:00,short,-1.0,3480.85,3464.75,3480.85,3464.75,2897.792203849903,3539.1557796150096,2897.792203849903,0.596999135074411,0.0027613043005868844,0.0006268490918281315,0.002134455208758753,0.2134455208758753,24,max_holding_close,0.5282495183731473,-0.2641247591865776,False,False,3539.1557796150096,False,1.0,0.5,,,adverse_first,volatility_stop,0.01,,1.0,,0.0006268490918281315,0.2134455208758753,0.5282495183731473,-0.2641247591865776,0.0006268490918281315,0.00031342454591406577,0.00031342454591406577,0.0,0.0,,,,,fractional_return,R,False
ETHUSD,2024-07-01 21:00:00,2024-07-01 21:30:00,2024-07-02 09:00:00,short,-1.0,3458.9,3441.6,3458.9,3441.6,2858.006820287416,3518.9893179712585,2858.006820287416,0.575626436907545,0.0028790474886526423,0.0006044077587529222,0.00227463972989972,0.227463972989972,24,max_holding_close,0.5966118639780115,-0.05325405759357135,False,False,3518.9893179712585,False,1.0,0.5,,,adverse_first,volatility_stop,0.01,,1.0,,0.0006044077587529224,0.227463972989972,0.5966118639780115,-0.05325405759357135,0.0006044077587529224,0.0003022038793764612,0.0003022038793764612,0.0,0.0,,,,,fractional_return,R,False
ETHUSD,2024-07-15 03:00:00,2024-07-15 03:30:00,2024-07-15 15:00:00,long,1.0,3323.2,3374.45,3323.2,3374.45,4121.1794369265435,3243.4020563073454,4121.1794369265435,0.41645183399705954,0.006422471260336236,0.0004372744256969125,0.005985196834639324,0.5985196834639324,24,max_holding_close,0.8878674903313619,-0.023183554793407626,False,False,3243.4020563073454,False,1.0,0.5,,,adverse_first,volatility_stop,0.01,,1.0,,0.00043727442569691227,0.5985196834639324,0.8878674903313619,-0.023183554793407626,0.00043727442569691227,0.00021863721284845613,0.00021863721284845613,0.0,0.0,,,,,fractional_return,R,False
ETHUSD,2024-07-18 02:00:00,2024-07-18 02:30:00,2024-07-18 14:00:00,short,-1.0,3418.45,3460.65,3418.45,3460.65,2406.928116272017,3519.602188372798,2406.928116272017,0.3379511659600719,-0.004171931490445985,0.0003548487242580755,-0.004526780214704061,-0.4526780214704061,24,max_holding_close,0.09292927964500147,-0.7019126441271659,False,False,3519.602188372798,False,1.0,0.5,,,adverse_first,volatility_stop,0.01,,1.0,,0.0003548487242580759,-0.4526780214704061,0.09292927964500147,-0.7019126441271659,0.0003548487242580759,0.00017742436212903794,0.00017742436212903794,0.0,0.0,,,,,fractional_return,R,False
ETHUSD,2024-07-22 13:30:00,2024-07-22 14:00:00,2024-07-23 01:30:00,short,-1.0,3467.35,3480.95,3467.35,3480.95,2666.3580376167315,3547.4491962383267,2666.3580376167315,0.43288199667862587,-0.0016978946904204204,0.00045452609651255713,-0.0021524207869329775,-0.21524207869329776,24,max_holding_close,0.541203932571514,-0.4051226669422333,False,False,3547.4491962383267,False,1.0,0.5,,,adverse_first,volatility_stop,0.01,,1.0,,0.0004545260965125571,-0.21524207869329776,0.541203932571514,-0.4051226669422333,0.0004545260965125571,0.00022726304825627854,0.00022726304825627854,0.0,0.0,,,,,fractional_return,R,False
ETHUSD,2024-07-24 19:30:00,2024-07-24 20:00:00,2024-07-25 07:30:00,short,-1.0,3362.35,3171.85,3362.35,3171.85,2355.9828404198865,3462.9867159580112,2355.9828404198865,0.33410768306498334,0.01892947302448564,0.0003508130672182325,0.01857865995726741,1.8578659957267407,24,max_holding_close,2.2968754276167243,-0.13762372776331996,False,False,3462.9867159580112,False,1.0,0.5,,,adverse_first,volatility_stop,0.01,,1.0,,0.0003508130672182329,1.8578659957267407,2.2968754276167243,-0.13762372776331996,0.0003508130672182329,0.00017540653360911644,0.00017540653360911644,0.0,0.0,,,,,fractional_return,R,False
ETHUSD,2024-08-04 08:00:00,2024-08-04 08:30:00,2024-08-04 20:00:00,short,-1.0,2897.35,2753.35,2897.35,2753.35,1900.3864675889722,2997.0463532411027,1900.3864675889722,0.29061745046913934,0.014443858307610783,0.0003051483229925963,0.014138709984618187,1.4138709984618183,24,max_holding_close,2.67813206120283,-0.274834526130928,False,False,2997.0463532411027,False,1.0,0.5,,,adverse_first,volatility_stop,0.01,,1.0,,0.0003051483229925961,1.4138709984618183,2.67813206120283,-0.274834526130928,0.0003051483229925961,0.00015257416149629804,0.00015257416149629804,0.0,0.0,,,,,fractional_return,R,False
ETHUSD,2024-08-06 08:00:00,2024-08-06 08:30:00,2024-08-06 20:00:00,short,-1.0,2486.4,2491.65,2486.4,2491.65,308.0277059912682,2704.2372294008733,308.0277059912682,0.11414026917430274,-0.00024100563592546073,0.00011984728263301787,-0.00036085291855847857,-0.036085291855847856,24,max_holding_close,0.32202943543184315,-0.3133073267031114,False,False,2704.2372294008733,False,1.0,0.5,,,adverse_first,volatility_stop,0.01,,1.0,,0.00011984728263301784,-0.036085291855847856,0.32202943543184315,-0.3133073267031114,0.00011984728263301784,5.992364131650892e-05,5.992364131650892e-05,0.0,0.0,,,,,fractional_return,R,False
ETHUSD,2024-08-07 10:30:00,2024-08-07 11:00:00,2024-08-07 22:30:00,short,-1.0,2509.75,2356.45,2509.75,2356.45,816.7654079585336,2679.0484592041466,816.7654079585336,0.14824411349034466,0.009055014482745247,0.00015565631916486189,0.008899358163580385,0.8899358163580384,24,max_holding_close,1.1860710424887433,-0.030714987156081893,False,False,2679.0484592041466,False,1.0,0.5,,,adverse_first,volatility_stop,0.01,,1.0,,0.00015565631916486175,0.8899358163580384,1.1860710424887433,-0.030714987156081893,0.00015565631916486175,7.782815958243088e-05,7.782815958243088e-05,0.0,0.0,,,,,fractional_return,R,False
ETHUSD,2024-08-16 02:00:00,2024-08-16 02:30:00,2024-08-16 14:00:00,long,1.0,2578.6000000000004,2584.5,2578.6000000000004,2584.5,3602.8478915862743,2476.175210841373,3602.8478915862743,0.2517554608783689,0.0005760324281324546,0.00026434323392228736,0.00031168919421016724,0.031168919421016718,24,max_holding_close,0.49353286851010153,-0.1649991192447286,False,False,2476.175210841373,False,1.0,0.5,,,adverse_first,volatility_stop,0.01,,1.0,,0.00026434323392228736,0.031168919421016718,0.49353286851010153,-0.1649991192447286,0.00026434323392228736,0.00013217161696114368,0.00013217161696114368,0.0,0.0,,,,,fractional_return,R,False
ETHUSD,2024-08-21 13:30:00,2024-08-21 14:00:00,2024-08-22 01:30:00,long,1.0,2594.35,2628.25,2594.35,2628.25,3262.9445160361006,2527.49054839639,3262.9445160361006,0.38803040374622494,0.005070337728909735,0.00040743192393353616,0.004662905804976199,0.46629058049761984,24,max_holding_close,1.0290242942448145,-0.24080365025205488,False,False,2527.49054839639,False,1.0,0.5,,,adverse_first,volatility_stop,0.01,,1.0,,0.0004074319239335362,0.46629058049761984,1.0290242942448145,-0.24080365025205488,0.0004074319239335362,0.0002037159619667681,0.0002037159619667681,0.0,0.0,,,,,fractional_return,R,False
ETHUSD,2024-08-22 07:30:00,2024-08-22 08:00:00,2024-08-22 19:30:00,long,1.0,2636.4,2606.65,2636.4,2606.65,3312.2239732962103,2568.817602670379,3312.2239732962103,0.3901015803185306,-0.004402033839507031,0.0004096066593344571,-0.004811640498841488,-0.4811640498841488,24,max_holding_close,0.1265122330345672,-0.6717725590373739,False,False,2568.817602670379,False,1.0,0.5,,,adverse_first,volatility_stop,0.01,,1.0,,0.0004096066593344567,-0.4811640498841488,0.1265122330345672,-0.6717725590373739,0.0004096066593344567,0.00020480332966722834,0.00020480332966722834,0.0,0.0,,,,,fractional_return,R,False
ETHUSD,2024-09-03 14:30:00,2024-09-03 15:00:00,2024-09-04 02:30:00,short,-1.0,2445.9,2364.35,2445.9,2364.35,1804.6672102754005,2510.02327897246,1804.6672102754005,0.3814371378373336,0.012717690253336031,0.0004005089947292002,0.01231718125860683,1.231718125860683,24,max_holding_close,2.1497652991077474,-0.36414232668963176,False,False,2510.02327897246,False,1.0,0.5,,,adverse_first,volatility_stop,0.01,,1.0,,0.00040050899472920086,1.231718125860683,2.1497652991077474,-0.36414232668963176,0.00040050899472920086,0.00020025449736460043,0.00020025449736460043,0.0,0.0,,,,,fractional_return,R,False
ETHUSD,2024-09-07 17:30:00,2024-09-07 18:00:00,2024-09-08 05:30:00,short,-1.0,2272.65,2284.95,2272.65,2284.95,1478.6876712027938,2352.0462328797207,1478.6876712027938,0.2862415403817578,-0.0015491918890702977,0.0003005536174008457,-0.0018497455064711435,-0.18497455064711435,24,max_holding_close,0.18136880652530477,-0.4017822866775835,False,False,2352.0462328797207,False,1.0,0.5,,,adverse_first,volatility_stop,0.01,,1.0,,0.0003005536174008458,-0.18497455064711435,0.18136880652530477,-0.4017822866775835,0.0003005536174008458,0.0001502768087004229,0.0001502768087004229,0.0,0.0,,,,,fractional_return,R,False
ETHUSD,2024-09-16 06:00:00,2024-09-16 06:30:00,2024-09-16 18:00:00,long,1.0,2295.55,2288.35,2295.55,2288.35,2883.0810682214333,2236.796893177857,2883.0810682214333,0.3907112532702417,-0.001225467109645118,0.00041024681593375374,-0.0016357139255788716,-0.16357139255788716,24,max_holding_close,0.6833681173923488,-0.444231827246344,False,False,2236.796893177857,False,1.0,0.5,,,adverse_first,volatility_stop,0.01,,1.0,,0.0004102468159337537,-0.16357139255788716,0.6833681173923488,-0.444231827246344,0.0004102468159337537,0.00020512340796687684,0.00020512340796687684,0.0,0.0,,,,,fractional_return,R,False
