lag,autocorrelation,asset
1,0.9364750093550318,ETHUSD
2,0.8924881370140878,ETHUSD
4,0.8153686913139696,ETHUSD
8,0.690326426799655,ETHUSD
16,0.5000675593496517,ETHUSD
