{
  "could_have_been_profitable": {
    "loser_was_positive_rate": 0.9763779527559056,
    "avg_mfe_r_of_losers": 1.1951845419953113,
    "median_mfe_r_of_losers": 0.9413695215915264,
    "avg_mfe_r_before_loss": 1.1951845419953113,
    "median_mfe_r_before_loss": 0.9413695215915264,
    "loser_reached_0_5r_rate": 0.7244094488188977,
    "loser_reached_1r_rate": 0.4566929133858268,
    "loser_reached_1_5r_rate": 0.25984251968503935,
    "loser_reached_2r_rate": 0.18110236220472442
  },
  "capture_giveback": {
    "avg_capture_ratio": -7.794670989669485,
    "median_capture_ratio": 0.3010200436999273,
    "avg_giveback_r": 2.8431371600680113,
    "median_giveback_r": 2.046888642127398,
    "avg_giveback_r_winners": 1.8646177292633337,
    "avg_giveback_r_losers": 4.253129725715696,
    "median_giveback_r_winners": 1.5160100759653325,
    "median_giveback_r_losers": 3.2824730333899574
  },
  "mae_before_win": {
    "winner_had_negative_mae_rate": 0.994535519125683,
    "winner_had_mae_below_minus_0_25r_rate": 0.8415300546448088,
    "winner_had_mae_below_minus_0_5r_rate": 0.6885245901639344,
    "winner_had_mae_below_minus_1r_rate": 0.453551912568306,
    "avg_mae_r_of_winners": -1.257722632590326,
    "median_mae_r_of_winners": -0.8921495450193385,
    "p90_abs_mae_r_of_winners": 2.7757574235095723,
    "avg_mae_r": -2.846543582271795,
    "median_mae_r": -1.7134152519120414,
    "q10_mae_r": -7.025644456106219,
    "q25_mae_r": -3.8672282015779027,
    "q75_mae_r": -0.7604793273471548,
    "q90_mae_r": -0.2644532332888863
  },
  "conditional_probabilities": {
    "prob_final_win": 0.5903225806451613,
    "prob_final_loss": 0.4096774193548387,
    "prob_final_win_given_mae_gt_minus_0_5r": 1.0,
    "prob_final_win_given_mae_gt_minus_1r": 1.0,
    "prob_mfe_ge_0_5r": 0.8870967741935484,
    "prob_final_loss_given_mfe_ge_0_5r": 0.33454545454545453,
    "prob_mfe_ge_1r": 0.7709677419354839,
    "prob_final_loss_given_mfe_ge_1r": 0.24267782426778242,
    "prob_mfe_ge_1_5r": 0.6709677419354839,
    "prob_final_loss_given_mfe_ge_1_5r": 0.15865384615384615,
    "prob_mfe_ge_2r": 0.5903225806451613,
    "prob_final_loss_given_mfe_ge_2r": 0.12568306010928962,
    "prob_stop_loss_given_mfe_ge_0_5r": 0.0,
    "prob_stop_loss_given_mfe_ge_1r": 0.0
  },
  "exit_reason_quality": {
    "position_exit": {
      "trade_count": 302,
      "avg_r": 0.5761783706754727,
      "median_r": 0.5883988865503522,
      "win_rate": 0.5860927152317881,
      "avg_mfe_r": 3.4158076929532357,
      "avg_mae_r": -2.8486289864083734,
      "avg_giveback_r": 2.839629322277763,
      "avg_bars_held": 24.096026490066226,
      "profit_factor": 1.4618826306591866,
      "stop_after_positive_rate": 0.9900662251655629,
      "stop_after_0_5r_rate": 0.8874172185430463,
      "stop_after_1r_rate": 0.7715231788079471
    },
    "reversal": {
      "trade_count": 8,
      "avg_r": 0.7748037668995347,
      "median_r": 2.5468795408595337,
      "win_rate": 0.75,
      "avg_mfe_r": 3.750361803549415,
      "avg_mae_r": -2.7678195761159614,
      "avg_giveback_r": 2.9755580366498804,
      "avg_bars_held": 24.375,
      "profit_factor": 1.533094962210468,
      "stop_after_positive_rate": 1.0,
      "stop_after_0_5r_rate": 0.875,
      "stop_after_1r_rate": 0.75
    }
  },
  "timing": {
    "avg_time_to_mfe": 11.841935483870968,
    "median_time_to_mfe": 12.0,
    "avg_time_to_mae": 9.432258064516128,
    "median_time_to_mae": 8.0,
    "prob_mfe_ge_0_5r_within_1_bar": 0.07096774193548387,
    "prob_mfe_ge_0_5r_within_2_bars": 0.11935483870967742,
    "prob_mfe_ge_1r_within_4_bars": 0.0967741935483871,
    "avg_r_by_bars_held_bucket": {
      "1": null,
      "2": null,
      "3-4": null,
      "5-8": null,
      "9-16": null,
      "17+": 0.5813041873522228
    },
    "win_rate_by_bars_held_bucket": {
      "1": null,
      "2": null,
      "3-4": null,
      "5-8": null,
      "9-16": null,
      "17+": 0.5903225806451613
    }
  },
  "warnings": [],
  "trade_ledger_construction": {
    "ledger_source": "position_transitions",
    "trade_count": 310,
    "position_transition_count": 620,
    "fallback_price_risk_distance_count": 0,
    "end_of_data_exit_count": 0,
    "skipped_missing_price_count": 0,
    "warnings": []
  },
  "path_construction": {
    "trade_count": 310,
    "path_trade_count": 310,
    "skipped_trade_paths_missing_risk": 0,
    "skipped_trade_paths_missing_asset_frame": 0,
    "skipped_trade_paths_missing_timestamps": 0,
    "truncated": false,
    "warnings": []
  },
  "counterfactual": {
    "counterfactual.baseline.trade_count": 310,
    "counterfactual.baseline.avg_r": 0.5813041873522228,
    "counterfactual.baseline.median_r": 0.6080387371737236,
    "counterfactual.baseline.win_rate": 0.5903225806451613,
    "counterfactual.baseline.profit_factor": 1.4640146881940455,
    "counterfactual.breakeven_after_0_5r.trade_count": 310,
    "counterfactual.breakeven_after_0_5r.avg_r": -0.14460139785776152,
    "counterfactual.breakeven_after_0_5r.median_r": 0.0,
    "counterfactual.breakeven_after_0_5r.win_rate": 0.0064516129032258064,
    "counterfactual.breakeven_after_0_5r.profit_factor": 0.1257470436381623,
    "counterfactual.breakeven_after_1_0r.trade_count": 310,
    "counterfactual.breakeven_after_1_0r.avg_r": -0.08830309628110282,
    "counterfactual.breakeven_after_1_0r.median_r": 0.0,
    "counterfactual.breakeven_after_1_0r.win_rate": 0.12580645161290321,
    "counterfactual.breakeven_after_1_0r.profit_factor": 0.8346106304065188,
    "counterfactual.exit_at_first_0_5r.trade_count": 310,
    "counterfactual.exit_at_first_0_5r.avg_r": 0.31524520832989633,
    "counterfactual.exit_at_first_0_5r.median_r": 0.5,
    "counterfactual.exit_at_first_0_5r.win_rate": 0.9612903225806452,
    "counterfactual.exit_at_first_0_5r.profit_factor": 2.9059570615798314,
    "counterfactual.exit_at_first_1_0r.trade_count": 310,
    "counterfactual.exit_at_first_1_0r.avg_r": 0.32300691807589127,
    "counterfactual.exit_at_first_1_0r.median_r": 1.0,
    "counterfactual.exit_at_first_1_0r.win_rate": 0.8612903225806452,
    "counterfactual.exit_at_first_1_0r.profit_factor": 1.6049834355167165,
    "counterfactual.partial_50pct_at_1r.trade_count": 310,
    "counterfactual.partial_50pct_at_1r.avg_r": 0.45215555271405705,
    "counterfactual.partial_50pct_at_1r.median_r": 0.8040193685868618,
    "counterfactual.partial_50pct_at_1r.win_rate": 0.6935483870967742,
    "counterfactual.partial_50pct_at_1r.profit_factor": 1.575782019785755,
    "counterfactual.time_exit_after_4_bars_if_mfe_lt_0_3r.trade_count": 310,
    "counterfactual.time_exit_after_4_bars_if_mfe_lt_0_3r.avg_r": 0.5709318175989211,
    "counterfactual.time_exit_after_4_bars_if_mfe_lt_0_3r.median_r": 0.5370861129971596,
    "counterfactual.time_exit_after_4_bars_if_mfe_lt_0_3r.win_rate": 0.5741935483870968,
    "counterfactual.time_exit_after_4_bars_if_mfe_lt_0_3r.profit_factor": 1.461838458291037,
    "counterfactual.trail_0_5r_after_1_0r.trade_count": 310,
    "counterfactual.trail_0_5r_after_1_0r.avg_r": 0.5062783832592912,
    "counterfactual.trail_0_5r_after_1_0r.median_r": 0.8196775421718964,
    "counterfactual.trail_0_5r_after_1_0r.win_rate": 0.8612903225806452,
    "counterfactual.trail_0_5r_after_1_0r.profit_factor": 1.9482460544702367,
    "counterfactual.best_policy_by_avg_r": "baseline",
    "counterfactual.best_policy_by_profit_factor": "exit_at_first_0_5r"
  }
}