{
  "could_have_been_profitable": {
    "loser_was_positive_rate": 0.9925373134328358,
    "avg_mfe_r_of_losers": 1.4717562595318496,
    "median_mfe_r_of_losers": 1.1438288630387938,
    "avg_mfe_r_before_loss": 1.4717562595318496,
    "median_mfe_r_before_loss": 1.1438288630387938,
    "loser_reached_0_5r_rate": 0.8059701492537313,
    "loser_reached_1r_rate": 0.5895522388059702,
    "loser_reached_1_5r_rate": 0.373134328358209,
    "loser_reached_2r_rate": 0.2537313432835821
  },
  "capture_giveback": {
    "avg_capture_ratio": -4.87179081978541,
    "median_capture_ratio": 0.22916255319149342,
    "avg_giveback_r": 2.8876651078889335,
    "median_giveback_r": 2.1028543593765363,
    "avg_giveback_r_winners": 1.8577052374435798,
    "avg_giveback_r_losers": 4.263507024379369,
    "median_giveback_r_winners": 1.5032454687405847,
    "median_giveback_r_losers": 3.5711402609513856
  },
  "mae_before_win": {
    "winner_had_negative_mae_rate": 0.9888268156424581,
    "winner_had_mae_below_minus_0_25r_rate": 0.7988826815642458,
    "winner_had_mae_below_minus_0_5r_rate": 0.6927374301675978,
    "winner_had_mae_below_minus_1r_rate": 0.4860335195530726,
    "avg_mae_r_of_winners": -1.2300695050819088,
    "median_mae_r_of_winners": -0.9693333195351591,
    "p90_abs_mae_r_of_winners": 2.619540188664607,
    "avg_mae_r": -2.7839012735858786,
    "median_mae_r": -1.8499454162645248,
    "q10_mae_r": -6.552114777174089,
    "q25_mae_r": -3.6391400259174613,
    "q75_mae_r": -0.877471167354979,
    "q90_mae_r": -0.2182666831799555
  },
  "conditional_probabilities": {
    "prob_final_win": 0.5718849840255591,
    "prob_final_loss": 0.4281150159744409,
    "prob_final_win_given_mae_gt_minus_0_5r": 1.0,
    "prob_final_win_given_mae_gt_minus_1r": 0.9787234042553191,
    "prob_mfe_ge_0_5r": 0.9169329073482428,
    "prob_final_loss_given_mfe_ge_0_5r": 0.37630662020905925,
    "prob_mfe_ge_1r": 0.8146964856230032,
    "prob_final_loss_given_mfe_ge_1r": 0.30980392156862746,
    "prob_mfe_ge_1_5r": 0.6869009584664537,
    "prob_final_loss_given_mfe_ge_1_5r": 0.23255813953488372,
    "prob_mfe_ge_2r": 0.597444089456869,
    "prob_final_loss_given_mfe_ge_2r": 0.18181818181818182,
    "prob_stop_loss_given_mfe_ge_0_5r": 0.0,
    "prob_stop_loss_given_mfe_ge_1r": 0.0
  },
  "exit_reason_quality": {
    "position_exit": {
      "trade_count": 307,
      "avg_r": 0.5488053597410533,
      "median_r": 0.5069504229617018,
      "win_rate": 0.5732899022801303,
      "avg_mfe_r": 3.425388386688087,
      "avg_mae_r": -2.775454264483507,
      "avg_giveback_r": 2.876583026947034,
      "avg_bars_held": 24.153094462540718,
      "profit_factor": 1.4638406781200028,
      "stop_after_positive_rate": 0.996742671009772,
      "stop_after_0_5r_rate": 0.9218241042345277,
      "stop_after_1r_rate": 0.8175895765472313
    },
    "reversal": {
      "trade_count": 6,
      "avg_r": 0.06613644451097643,
      "median_r": -0.6313415494517928,
      "win_rate": 0.5,
      "avg_mfe_r": 3.520834693927109,
      "avg_mae_r": -3.21610657265723,
      "avg_giveback_r": 3.4546982494161327,
      "avg_bars_held": 24.0,
      "profit_factor": 1.0365413661992346,
      "stop_after_positive_rate": 1.0,
      "stop_after_0_5r_rate": 0.6666666666666666,
      "stop_after_1r_rate": 0.6666666666666666
    }
  },
  "timing": {
    "avg_time_to_mfe": 11.789137380191693,
    "median_time_to_mfe": 11.0,
    "avg_time_to_mae": 9.91373801916933,
    "median_time_to_mae": 9.0,
    "prob_mfe_ge_0_5r_within_1_bar": 0.07028753993610223,
    "prob_mfe_ge_0_5r_within_2_bars": 0.11182108626198083,
    "prob_mfe_ge_1r_within_4_bars": 0.14696485623003194,
    "avg_r_by_bars_held_bucket": {
      "1": null,
      "2": null,
      "3-4": null,
      "5-8": null,
      "9-16": null,
      "17+": 0.5395529204714672
    },
    "win_rate_by_bars_held_bucket": {
      "1": null,
      "2": null,
      "3-4": null,
      "5-8": null,
      "9-16": null,
      "17+": 0.5718849840255591
    }
  },
  "warnings": [],
  "trade_ledger_construction": {
    "ledger_source": "position_transitions",
    "trade_count": 313,
    "position_transition_count": 626,
    "fallback_price_risk_distance_count": 0,
    "end_of_data_exit_count": 0,
    "skipped_missing_price_count": 0,
    "warnings": []
  },
  "path_construction": {
    "trade_count": 313,
    "path_trade_count": 313,
    "skipped_trade_paths_missing_risk": 0,
    "skipped_trade_paths_missing_asset_frame": 0,
    "skipped_trade_paths_missing_timestamps": 0,
    "truncated": false,
    "warnings": []
  },
  "counterfactual": {
    "counterfactual.baseline.trade_count": 313,
    "counterfactual.baseline.avg_r": 0.5395529204714672,
    "counterfactual.baseline.median_r": 0.4925411772344336,
    "counterfactual.baseline.win_rate": 0.5718849840255591,
    "counterfactual.baseline.profit_factor": 1.451436783593473,
    "counterfactual.breakeven_after_0_5r.trade_count": 313,
    "counterfactual.breakeven_after_0_5r.avg_r": -0.029164582673320824,
    "counterfactual.breakeven_after_0_5r.median_r": 0.0,
    "counterfactual.breakeven_after_0_5r.win_rate": 0.01597444089456869,
    "counterfactual.breakeven_after_0_5r.profit_factor": 0.7770425182847049,
    "counterfactual.breakeven_after_1_0r.trade_count": 313,
    "counterfactual.breakeven_after_1_0r.avg_r": 0.08513465233314242,
    "counterfactual.breakeven_after_1_0r.median_r": 0.0,
    "counterfactual.breakeven_after_1_0r.win_rate": 0.12460063897763578,
    "counterfactual.breakeven_after_1_0r.profit_factor": 1.2138958594725022,
    "counterfactual.exit_at_first_0_5r.trade_count": 313,
    "counterfactual.exit_at_first_0_5r.avg_r": 0.3516202926054107,
    "counterfactual.exit_at_first_0_5r.median_r": 0.5,
    "counterfactual.exit_at_first_0_5r.win_rate": 0.9648562300319489,
    "counterfactual.exit_at_first_0_5r.profit_factor": 3.6880677785598137,
    "counterfactual.exit_at_first_1_0r.trade_count": 313,
    "counterfactual.exit_at_first_1_0r.avg_r": 0.4805502727273803,
    "counterfactual.exit_at_first_1_0r.median_r": 1.0,
    "counterfactual.exit_at_first_1_0r.win_rate": 0.8849840255591054,
    "counterfactual.exit_at_first_1_0r.profit_factor": 2.207354594020625,
    "counterfactual.partial_50pct_at_1r.trade_count": 313,
    "counterfactual.partial_50pct_at_1r.avg_r": 0.5100515965994238,
    "counterfactual.partial_50pct_at_1r.median_r": 0.743058900493513,
    "counterfactual.partial_50pct_at_1r.win_rate": 0.670926517571885,
    "counterfactual.partial_50pct_at_1r.profit_factor": 1.7666092695294013,
    "counterfactual.time_exit_after_4_bars_if_mfe_lt_0_3r.trade_count": 313,
    "counterfactual.time_exit_after_4_bars_if_mfe_lt_0_3r.avg_r": 0.4919283496313975,
    "counterfactual.time_exit_after_4_bars_if_mfe_lt_0_3r.median_r": 0.377164770897996,
    "counterfactual.time_exit_after_4_bars_if_mfe_lt_0_3r.win_rate": 0.5527156549520766,
    "counterfactual.time_exit_after_4_bars_if_mfe_lt_0_3r.profit_factor": 1.408822447786633,
    "counterfactual.trail_0_5r_after_1_0r.trade_count": 313,
    "counterfactual.trail_0_5r_after_1_0r.avg_r": 0.6506222115155949,
    "counterfactual.trail_0_5r_after_1_0r.median_r": 0.8199279261763472,
    "counterfactual.trail_0_5r_after_1_0r.win_rate": 0.8849840255591054,
    "counterfactual.trail_0_5r_after_1_0r.profit_factor": 2.6346504426829243,
    "counterfactual.best_policy_by_avg_r": "trail_0_5r_after_1_0r",
    "counterfactual.best_policy_by_profit_factor": "exit_at_first_0_5r"
  }
}