{
  "could_have_been_profitable": {
    "loser_was_positive_rate": 1.0,
    "avg_mfe_r_of_losers": 1.3494540330960438,
    "median_mfe_r_of_losers": 0.948554522760123,
    "avg_mfe_r_before_loss": 1.3494540330960438,
    "median_mfe_r_before_loss": 0.948554522760123,
    "loser_reached_0_5r_rate": 0.7310924369747899,
    "loser_reached_1r_rate": 0.48739495798319327,
    "loser_reached_1_5r_rate": 0.33613445378151263,
    "loser_reached_2r_rate": 0.18487394957983194
  },
  "capture_giveback": {
    "avg_capture_ratio": -7.68066112944533,
    "median_capture_ratio": 0.20881663920922558,
    "avg_giveback_r": 2.9092719215808898,
    "median_giveback_r": 2.0779341706714423,
    "avg_giveback_r_winners": 1.866249973878325,
    "avg_giveback_r_losers": 4.188945907837818,
    "median_giveback_r_winners": 1.4929314187363971,
    "median_giveback_r_losers": 3.3295804971265306
  },
  "mae_before_win": {
    "winner_had_negative_mae_rate": 0.9863013698630136,
    "winner_had_mae_below_minus_0_25r_rate": 0.863013698630137,
    "winner_had_mae_below_minus_0_5r_rate": 0.7465753424657534,
    "winner_had_mae_below_minus_1r_rate": 0.5136986301369864,
    "avg_mae_r_of_winners": -1.3933556944400818,
    "median_mae_r_of_winners": -1.0163967027265568,
    "p90_abs_mae_r_of_winners": 3.049366737154859,
    "avg_mae_r": -2.968686567743685,
    "median_mae_r": -2.0772257572937662,
    "q10_mae_r": -6.51458827141653,
    "q25_mae_r": -3.9430120598254415,
    "q75_mae_r": -0.9178091881828916,
    "q90_mae_r": -0.3018282114754564
  },
  "conditional_probabilities": {
    "prob_final_win": 0.5509433962264151,
    "prob_final_loss": 0.4490566037735849,
    "prob_final_win_given_mae_gt_minus_0_5r": 1.0,
    "prob_final_win_given_mae_gt_minus_1r": 0.9861111111111112,
    "prob_mfe_ge_0_5r": 0.879245283018868,
    "prob_final_loss_given_mfe_ge_0_5r": 0.37339055793991416,
    "prob_mfe_ge_1r": 0.7584905660377359,
    "prob_final_loss_given_mfe_ge_1r": 0.2885572139303483,
    "prob_mfe_ge_1_5r": 0.6679245283018868,
    "prob_final_loss_given_mfe_ge_1_5r": 0.22598870056497175,
    "prob_mfe_ge_2r": 0.5547169811320755,
    "prob_final_loss_given_mfe_ge_2r": 0.14965986394557823,
    "prob_stop_loss_given_mfe_ge_0_5r": 0.0,
    "prob_stop_loss_given_mfe_ge_1r": 0.0
  },
  "exit_reason_quality": {
    "position_exit": {
      "trade_count": 263,
      "avg_r": 0.3918265554346158,
      "median_r": 0.5327954694084319,
      "win_rate": 0.5475285171102662,
      "avg_mfe_r": 3.3033096424302313,
      "avg_mae_r": -2.989682519177245,
      "avg_giveback_r": 2.911483086995616,
      "avg_bars_held": 24.140684410646386,
      "profit_factor": 1.304973443246972,
      "stop_after_positive_rate": 1.0,
      "stop_after_0_5r_rate": 0.8783269961977186,
      "stop_after_1r_rate": 0.7566539923954373
    },
    "reversal": {
      "trade_count": 2,
      "avg_r": 2.818431599162863,
      "median_r": 2.818431599162863,
      "win_rate": 1.0,
      "avg_mfe_r": 5.436935268707281,
      "avg_mae_r": -0.20771895423059344,
      "avg_giveback_r": 2.6185036695444186,
      "avg_bars_held": 24.0,
      "profit_factor": Infinity,
      "stop_after_positive_rate": 1.0,
      "stop_after_0_5r_rate": 1.0,
      "stop_after_1r_rate": 1.0
    }
  },
  "timing": {
    "avg_time_to_mfe": 11.464150943396227,
    "median_time_to_mfe": 11.0,
    "avg_time_to_mae": 9.573584905660377,
    "median_time_to_mae": 8.0,
    "prob_mfe_ge_0_5r_within_1_bar": 0.0830188679245283,
    "prob_mfe_ge_0_5r_within_2_bars": 0.12075471698113208,
    "prob_mfe_ge_1r_within_4_bars": 0.10566037735849057,
    "avg_r_by_bars_held_bucket": {
      "1": null,
      "2": null,
      "3-4": null,
      "5-8": null,
      "9-16": null,
      "17+": 0.41014055576464037
    },
    "win_rate_by_bars_held_bucket": {
      "1": null,
      "2": null,
      "3-4": null,
      "5-8": null,
      "9-16": null,
      "17+": 0.5509433962264151
    }
  },
  "warnings": [],
  "trade_ledger_construction": {
    "ledger_source": "position_transitions",
    "trade_count": 265,
    "position_transition_count": 530,
    "fallback_price_risk_distance_count": 0,
    "end_of_data_exit_count": 0,
    "skipped_missing_price_count": 0,
    "warnings": []
  },
  "path_construction": {
    "trade_count": 265,
    "path_trade_count": 265,
    "skipped_trade_paths_missing_risk": 0,
    "skipped_trade_paths_missing_asset_frame": 0,
    "skipped_trade_paths_missing_timestamps": 0,
    "truncated": false,
    "warnings": []
  },
  "counterfactual": {
    "counterfactual.baseline.trade_count": 265,
    "counterfactual.baseline.avg_r": 0.41014055576464037,
    "counterfactual.baseline.median_r": 0.5452365778760393,
    "counterfactual.baseline.win_rate": 0.5509433962264151,
    "counterfactual.baseline.profit_factor": 1.3216555118686917,
    "counterfactual.breakeven_after_0_5r.trade_count": 265,
    "counterfactual.breakeven_after_0_5r.avg_r": -0.09009912476884512,
    "counterfactual.breakeven_after_0_5r.median_r": 0.0,
    "counterfactual.breakeven_after_0_5r.win_rate": 0.011320754716981131,
    "counterfactual.breakeven_after_0_5r.profit_factor": 0.5288716831337787,
    "counterfactual.breakeven_after_1_0r.trade_count": 265,
    "counterfactual.breakeven_after_1_0r.avg_r": 0.08816308607595841,
    "counterfactual.breakeven_after_1_0r.median_r": 0.0,
    "counterfactual.breakeven_after_1_0r.win_rate": 0.1471698113207547,
    "counterfactual.breakeven_after_1_0r.profit_factor": 1.1551161353752073,
    "counterfactual.exit_at_first_0_5r.trade_count": 265,
    "counterfactual.exit_at_first_0_5r.avg_r": 0.2785701629993254,
    "counterfactual.exit_at_first_0_5r.median_r": 0.5,
    "counterfactual.exit_at_first_0_5r.win_rate": 0.939622641509434,
    "counterfactual.exit_at_first_0_5r.profit_factor": 2.4566433620718438,
    "counterfactual.exit_at_first_1_0r.trade_count": 265,
    "counterfactual.exit_at_first_1_0r.avg_r": 0.2755727077926109,
    "counterfactual.exit_at_first_1_0r.median_r": 1.0,
    "counterfactual.exit_at_first_1_0r.win_rate": 0.8490566037735849,
    "counterfactual.exit_at_first_1_0r.profit_factor": 1.4848488789383196,
    "counterfactual.partial_50pct_at_1r.trade_count": 265,
    "counterfactual.partial_50pct_at_1r.avg_r": 0.3428566317786256,
    "counterfactual.partial_50pct_at_1r.median_r": 0.7663977347042159,
    "counterfactual.partial_50pct_at_1r.win_rate": 0.6641509433962264,
    "counterfactual.partial_50pct_at_1r.profit_factor": 1.4257919079428774,
    "counterfactual.time_exit_after_4_bars_if_mfe_lt_0_3r.trade_count": 265,
    "counterfactual.time_exit_after_4_bars_if_mfe_lt_0_3r.avg_r": 0.40553909635958246,
    "counterfactual.time_exit_after_4_bars_if_mfe_lt_0_3r.median_r": 0.43513900542007106,
    "counterfactual.time_exit_after_4_bars_if_mfe_lt_0_3r.win_rate": 0.539622641509434,
    "counterfactual.time_exit_after_4_bars_if_mfe_lt_0_3r.profit_factor": 1.3208378746840752,
    "counterfactual.trail_0_5r_after_1_0r.trade_count": 265,
    "counterfactual.trail_0_5r_after_1_0r.avg_r": 0.49029764732116443,
    "counterfactual.trail_0_5r_after_1_0r.median_r": 0.8227168337238817,
    "counterfactual.trail_0_5r_after_1_0r.win_rate": 0.8490566037735849,
    "counterfactual.trail_0_5r_after_1_0r.profit_factor": 1.8626408128509757,
    "counterfactual.best_policy_by_avg_r": "trail_0_5r_after_1_0r",
    "counterfactual.best_policy_by_profit_factor": "exit_at_first_0_5r"
  }
}