{
  "could_have_been_profitable": {
    "loser_was_positive_rate": 0.9925373134328358,
    "avg_mfe_r_of_losers": 1.3989082615293698,
    "median_mfe_r_of_losers": 1.0749795758396026,
    "avg_mfe_r_before_loss": 1.3989082615293698,
    "median_mfe_r_before_loss": 1.0749795758396026,
    "loser_reached_0_5r_rate": 0.7388059701492538,
    "loser_reached_1r_rate": 0.5298507462686567,
    "loser_reached_1_5r_rate": 0.35074626865671643,
    "loser_reached_2r_rate": 0.2537313432835821
  },
  "capture_giveback": {
    "avg_capture_ratio": -8.641978172442435,
    "median_capture_ratio": 0.20682995532996912,
    "avg_giveback_r": 2.9132009073182874,
    "median_giveback_r": 2.139732902594229,
    "avg_giveback_r_winners": 2.006172012528521,
    "avg_giveback_r_losers": 4.111291313122681,
    "median_giveback_r_winners": 1.59841635858613,
    "median_giveback_r_losers": 3.249906002539652
  },
  "mae_before_win": {
    "winner_had_negative_mae_rate": 0.9887005649717514,
    "winner_had_mae_below_minus_0_25r_rate": 0.8418079096045198,
    "winner_had_mae_below_minus_0_5r_rate": 0.711864406779661,
    "winner_had_mae_below_minus_1r_rate": 0.4858757062146893,
    "avg_mae_r_of_winners": -1.2798910120108196,
    "median_mae_r_of_winners": -0.9722506909558974,
    "p90_abs_mae_r_of_winners": 2.9235676824920738,
    "avg_mae_r": -2.7533674949633853,
    "median_mae_r": -1.8499454162645248,
    "q10_mae_r": -6.074688091830742,
    "q25_mae_r": -3.510363061065534,
    "q75_mae_r": -0.7944120156907819,
    "q90_mae_r": -0.27566533048274017
  },
  "conditional_probabilities": {
    "prob_final_win": 0.5691318327974276,
    "prob_final_loss": 0.43086816720257237,
    "prob_final_win_given_mae_gt_minus_0_5r": 1.0,
    "prob_final_win_given_mae_gt_minus_1r": 0.9891304347826086,
    "prob_mfe_ge_0_5r": 0.887459807073955,
    "prob_final_loss_given_mfe_ge_0_5r": 0.358695652173913,
    "prob_mfe_ge_1r": 0.7877813504823151,
    "prob_final_loss_given_mfe_ge_1r": 0.2897959183673469,
    "prob_mfe_ge_1_5r": 0.6816720257234726,
    "prob_final_loss_given_mfe_ge_1_5r": 0.22169811320754718,
    "prob_mfe_ge_2r": 0.5884244372990354,
    "prob_final_loss_given_mfe_ge_2r": 0.18579234972677597,
    "prob_stop_loss_given_mfe_ge_0_5r": 0.0,
    "prob_stop_loss_given_mfe_ge_1r": 0.0
  },
  "exit_reason_quality": {
    "position_exit": {
      "trade_count": 307,
      "avg_r": 0.5337330547742406,
      "median_r": 0.4195761821685679,
      "win_rate": 0.5667752442996743,
      "avg_mfe_r": 3.4532266726602154,
      "avg_mae_r": -2.7640037397787323,
      "avg_giveback_r": 2.9194936178859745,
      "avg_bars_held": 24.11400651465798,
      "profit_factor": 1.4526907351442062,
      "stop_after_positive_rate": 0.996742671009772,
      "stop_after_0_5r_rate": 0.8859934853420195,
      "stop_after_1r_rate": 0.7850162866449512
    },
    "reversal": {
      "trade_count": 4,
      "avg_r": 1.3143383406424212,
      "median_r": 1.7966062249253336,
      "win_rate": 0.75,
      "avg_mfe_r": 3.7445737118907276,
      "avg_mae_r": -1.9370357053854677,
      "avg_giveback_r": 2.430235371248307,
      "avg_bars_held": 24.0,
      "profit_factor": 4.5070358808672575,
      "stop_after_positive_rate": 1.0,
      "stop_after_0_5r_rate": 1.0,
      "stop_after_1r_rate": 1.0
    }
  },
  "timing": {
    "avg_time_to_mfe": 11.620578778135048,
    "median_time_to_mfe": 11.0,
    "avg_time_to_mae": 9.7491961414791,
    "median_time_to_mae": 9.0,
    "prob_mfe_ge_0_5r_within_1_bar": 0.05466237942122187,
    "prob_mfe_ge_0_5r_within_2_bars": 0.10289389067524116,
    "prob_mfe_ge_1r_within_4_bars": 0.13183279742765272,
    "avg_r_by_bars_held_bucket": {
      "1": null,
      "2": null,
      "3-4": null,
      "5-8": null,
      "9-16": null,
      "17+": 0.54377299414232
    },
    "win_rate_by_bars_held_bucket": {
      "1": null,
      "2": null,
      "3-4": null,
      "5-8": null,
      "9-16": null,
      "17+": 0.5691318327974276
    }
  },
  "warnings": [],
  "trade_ledger_construction": {
    "ledger_source": "position_transitions",
    "trade_count": 311,
    "position_transition_count": 622,
    "fallback_price_risk_distance_count": 0,
    "end_of_data_exit_count": 0,
    "skipped_missing_price_count": 0,
    "warnings": []
  },
  "path_construction": {
    "trade_count": 311,
    "path_trade_count": 311,
    "skipped_trade_paths_missing_risk": 0,
    "skipped_trade_paths_missing_asset_frame": 0,
    "skipped_trade_paths_missing_timestamps": 0,
    "truncated": false,
    "warnings": []
  },
  "counterfactual": {
    "counterfactual.baseline.trade_count": 311,
    "counterfactual.baseline.avg_r": 0.54377299414232,
    "counterfactual.baseline.median_r": 0.42417425275418175,
    "counterfactual.baseline.win_rate": 0.5691318327974276,
    "counterfactual.baseline.profit_factor": 1.4652883767870142,
    "counterfactual.breakeven_after_0_5r.trade_count": 311,
    "counterfactual.breakeven_after_0_5r.avg_r": -0.05370418490544737,
    "counterfactual.breakeven_after_0_5r.median_r": 0.0,
    "counterfactual.breakeven_after_0_5r.win_rate": 0.01607717041800643,
    "counterfactual.breakeven_after_0_5r.profit_factor": 0.5377818738843888,
    "counterfactual.breakeven_after_1_0r.trade_count": 311,
    "counterfactual.breakeven_after_1_0r.avg_r": -0.019147556189267494,
    "counterfactual.breakeven_after_1_0r.median_r": 0.0,
    "counterfactual.breakeven_after_1_0r.win_rate": 0.13183279742765272,
    "counterfactual.breakeven_after_1_0r.profit_factor": 0.9619680389003595,
    "counterfactual.exit_at_first_0_5r.trade_count": 311,
    "counterfactual.exit_at_first_0_5r.avg_r": 0.3629117103282825,
    "counterfactual.exit_at_first_0_5r.median_r": 0.5,
    "counterfactual.exit_at_first_0_5r.win_rate": 0.9581993569131833,
    "counterfactual.exit_at_first_0_5r.profit_factor": 4.123487880668597,
    "counterfactual.exit_at_first_1_0r.trade_count": 311,
    "counterfactual.exit_at_first_1_0r.avg_r": 0.3518208926538525,
    "counterfactual.exit_at_first_1_0r.median_r": 1.0,
    "counterfactual.exit_at_first_1_0r.win_rate": 0.8617363344051447,
    "counterfactual.exit_at_first_1_0r.profit_factor": 1.6988065929244804,
    "counterfactual.partial_50pct_at_1r.trade_count": 311,
    "counterfactual.partial_50pct_at_1r.avg_r": 0.4477969433980863,
    "counterfactual.partial_50pct_at_1r.median_r": 0.709788091084284,
    "counterfactual.partial_50pct_at_1r.win_rate": 0.6784565916398714,
    "counterfactual.partial_50pct_at_1r.profit_factor": 1.6224958703899464,
    "counterfactual.time_exit_after_4_bars_if_mfe_lt_0_3r.trade_count": 311,
    "counterfactual.time_exit_after_4_bars_if_mfe_lt_0_3r.avg_r": 0.499179851372445,
    "counterfactual.time_exit_after_4_bars_if_mfe_lt_0_3r.median_r": 0.3171387366767737,
    "counterfactual.time_exit_after_4_bars_if_mfe_lt_0_3r.win_rate": 0.5498392282958199,
    "counterfactual.time_exit_after_4_bars_if_mfe_lt_0_3r.profit_factor": 1.4255160613499054,
    "counterfactual.trail_0_5r_after_1_0r.trade_count": 311,
    "counterfactual.trail_0_5r_after_1_0r.avg_r": 0.5789810374414042,
    "counterfactual.trail_0_5r_after_1_0r.median_r": 0.8258599972856211,
    "counterfactual.trail_0_5r_after_1_0r.win_rate": 0.8617363344051447,
    "counterfactual.trail_0_5r_after_1_0r.profit_factor": 2.150004944534036,
    "counterfactual.best_policy_by_avg_r": "trail_0_5r_after_1_0r",
    "counterfactual.best_policy_by_profit_factor": "exit_at_first_0_5r"
  }
}