{
  "could_have_been_profitable": {
    "loser_was_positive_rate": 0.971830985915493,
    "avg_mfe_r_of_losers": 1.2516002954623153,
    "median_mfe_r_of_losers": 0.918679959031284,
    "avg_mfe_r_before_loss": 1.2516002954623153,
    "median_mfe_r_before_loss": 0.918679959031284,
    "loser_reached_0_5r_rate": 0.7253521126760564,
    "loser_reached_1r_rate": 0.4647887323943662,
    "loser_reached_1_5r_rate": 0.24647887323943662,
    "loser_reached_2r_rate": 0.19014084507042253
  },
  "capture_giveback": {
    "avg_capture_ratio": -4.663587555387861,
    "median_capture_ratio": 0.15131588050315134,
    "avg_giveback_r": 2.8462432090472705,
    "median_giveback_r": 2.1159726288379237,
    "avg_giveback_r_winners": 1.8993905134041273,
    "avg_giveback_r_losers": 3.966463299667328,
    "median_giveback_r_winners": 1.5046883487537466,
    "median_giveback_r_losers": 3.248841429613557
  },
  "mae_before_win": {
    "winner_had_negative_mae_rate": 0.9940476190476191,
    "winner_had_mae_below_minus_0_25r_rate": 0.8571428571428571,
    "winner_had_mae_below_minus_0_5r_rate": 0.7261904761904762,
    "winner_had_mae_below_minus_1r_rate": 0.47619047619047616,
    "avg_mae_r_of_winners": -1.2523045287543264,
    "median_mae_r_of_winners": -0.9337394576712702,
    "p90_abs_mae_r_of_winners": 2.9089268567255866,
    "avg_mae_r": -2.870233528297195,
    "median_mae_r": -2.05332814068588,
    "q10_mae_r": -6.517332659653184,
    "q25_mae_r": -3.9348374100603367,
    "q75_mae_r": -0.8550503618941359,
    "q90_mae_r": -0.3071114321660849
  },
  "conditional_probabilities": {
    "prob_final_win": 0.5419354838709678,
    "prob_final_loss": 0.45806451612903226,
    "prob_final_win_given_mae_gt_minus_0_5r": 1.0,
    "prob_final_win_given_mae_gt_minus_1r": 0.9887640449438202,
    "prob_mfe_ge_0_5r": 0.8741935483870967,
    "prob_final_loss_given_mfe_ge_0_5r": 0.3800738007380074,
    "prob_mfe_ge_1r": 0.7483870967741936,
    "prob_final_loss_given_mfe_ge_1r": 0.28448275862068967,
    "prob_mfe_ge_1_5r": 0.6161290322580645,
    "prob_final_loss_given_mfe_ge_1_5r": 0.18324607329842932,
    "prob_mfe_ge_2r": 0.535483870967742,
    "prob_final_loss_given_mfe_ge_2r": 0.16265060240963855,
    "prob_stop_loss_given_mfe_ge_0_5r": 0.0,
    "prob_stop_loss_given_mfe_ge_1r": 0.0
  },
  "exit_reason_quality": {
    "position_exit": {
      "trade_count": 305,
      "avg_r": 0.42054322560646756,
      "median_r": 0.21627368563318944,
      "win_rate": 0.5409836065573771,
      "avg_mfe_r": 3.2742746486376975,
      "avg_mae_r": -2.87699094298189,
      "avg_giveback_r": 2.85373142303123,
      "avg_bars_held": 24.095081967213115,
      "profit_factor": 1.3363528207974014,
      "stop_after_positive_rate": 0.9868852459016394,
      "stop_after_0_5r_rate": 0.8754098360655738,
      "stop_after_1r_rate": 0.7475409836065574
    },
    "reversal": {
      "trade_count": 5,
      "avg_r": 0.46920673074083286,
      "median_r": 0.5954139873923537,
      "win_rate": 0.6,
      "avg_mfe_r": 2.858668886766593,
      "avg_mae_r": -2.4580312325308213,
      "avg_giveback_r": 2.3894621560257603,
      "avg_bars_held": 24.0,
      "profit_factor": 1.562885052235789,
      "stop_after_positive_rate": 1.0,
      "stop_after_0_5r_rate": 0.8,
      "stop_after_1r_rate": 0.8
    }
  },
  "timing": {
    "avg_time_to_mfe": 11.703225806451613,
    "median_time_to_mfe": 11.0,
    "avg_time_to_mae": 9.661290322580646,
    "median_time_to_mae": 8.0,
    "prob_mfe_ge_0_5r_within_1_bar": 0.08387096774193549,
    "prob_mfe_ge_0_5r_within_2_bars": 0.12903225806451613,
    "prob_mfe_ge_1r_within_4_bars": 0.12580645161290321,
    "avg_r_by_bars_held_bucket": {
      "1": null,
      "2": null,
      "3-4": null,
      "5-8": null,
      "9-16": null,
      "17+": 0.4213281208505702
    },
    "win_rate_by_bars_held_bucket": {
      "1": null,
      "2": null,
      "3-4": null,
      "5-8": null,
      "9-16": null,
      "17+": 0.5419354838709678
    }
  },
  "warnings": [],
  "trade_ledger_construction": {
    "ledger_source": "position_transitions",
    "trade_count": 310,
    "position_transition_count": 620,
    "fallback_price_risk_distance_count": 0,
    "end_of_data_exit_count": 0,
    "skipped_missing_price_count": 0,
    "warnings": []
  },
  "path_construction": {
    "trade_count": 310,
    "path_trade_count": 310,
    "skipped_trade_paths_missing_risk": 0,
    "skipped_trade_paths_missing_asset_frame": 0,
    "skipped_trade_paths_missing_timestamps": 0,
    "truncated": false,
    "warnings": []
  },
  "counterfactual": {
    "counterfactual.baseline.trade_count": 310,
    "counterfactual.baseline.avg_r": 0.4213281208505702,
    "counterfactual.baseline.median_r": 0.22426080323861025,
    "counterfactual.baseline.win_rate": 0.5419354838709678,
    "counterfactual.baseline.profit_factor": 1.3388019306257166,
    "counterfactual.breakeven_after_0_5r.trade_count": 310,
    "counterfactual.breakeven_after_0_5r.avg_r": -0.0875781207135808,
    "counterfactual.breakeven_after_0_5r.median_r": 0.0,
    "counterfactual.breakeven_after_0_5r.win_rate": 0.012903225806451613,
    "counterfactual.breakeven_after_0_5r.profit_factor": 0.3072122584299137,
    "counterfactual.breakeven_after_1_0r.trade_count": 310,
    "counterfactual.breakeven_after_1_0r.avg_r": 0.04323244643005864,
    "counterfactual.breakeven_after_1_0r.median_r": 0.0,
    "counterfactual.breakeven_after_1_0r.win_rate": 0.11935483870967742,
    "counterfactual.breakeven_after_1_0r.profit_factor": 1.1085545889462807,
    "counterfactual.exit_at_first_0_5r.trade_count": 310,
    "counterfactual.exit_at_first_0_5r.avg_r": 0.34939237777969745,
    "counterfactual.exit_at_first_0_5r.median_r": 0.5,
    "counterfactual.exit_at_first_0_5r.win_rate": 0.9516129032258065,
    "counterfactual.exit_at_first_0_5r.profit_factor": 3.7638724643958197,
    "counterfactual.exit_at_first_1_0r.trade_count": 310,
    "counterfactual.exit_at_first_1_0r.avg_r": 0.4488238354626395,
    "counterfactual.exit_at_first_1_0r.median_r": 1.0,
    "counterfactual.exit_at_first_1_0r.win_rate": 0.8483870967741935,
    "counterfactual.exit_at_first_1_0r.profit_factor": 2.126975015091085,
    "counterfactual.partial_50pct_at_1r.trade_count": 310,
    "counterfactual.partial_50pct_at_1r.avg_r": 0.435075978156605,
    "counterfactual.partial_50pct_at_1r.median_r": 0.606949841636937,
    "counterfactual.partial_50pct_at_1r.win_rate": 0.6548387096774193,
    "counterfactual.partial_50pct_at_1r.profit_factor": 1.624366803895786,
    "counterfactual.time_exit_after_4_bars_if_mfe_lt_0_3r.trade_count": 310,
    "counterfactual.time_exit_after_4_bars_if_mfe_lt_0_3r.avg_r": 0.41028156993662307,
    "counterfactual.time_exit_after_4_bars_if_mfe_lt_0_3r.median_r": 0.1807627581354151,
    "counterfactual.time_exit_after_4_bars_if_mfe_lt_0_3r.win_rate": 0.532258064516129,
    "counterfactual.time_exit_after_4_bars_if_mfe_lt_0_3r.profit_factor": 1.332260586205627,
    "counterfactual.trail_0_5r_after_1_0r.trade_count": 310,
    "counterfactual.trail_0_5r_after_1_0r.avg_r": 0.6321178587390499,
    "counterfactual.trail_0_5r_after_1_0r.median_r": 0.7846918293837751,
    "counterfactual.trail_0_5r_after_1_0r.win_rate": 0.8483870967741935,
    "counterfactual.trail_0_5r_after_1_0r.profit_factor": 2.5872174717670156,
    "counterfactual.best_policy_by_avg_r": "trail_0_5r_after_1_0r",
    "counterfactual.best_policy_by_profit_factor": "exit_at_first_0_5r"
  }
}