{
  "summary": {
    "cumulative_return": 0.02414340144273508,
    "annualized_return": 0.003937045197857314,
    "annualized_vol": 0.10038665766073783,
    "sharpe": 0.039218809447394615,
    "max_drawdown": -0.21499640596024228
  },
  "model_meta": {}
}