{
  "could_have_been_profitable": {
    "loser_was_positive_rate": 0.9925925925925926,
    "avg_mfe_r_of_losers": 1.3848473619242962,
    "median_mfe_r_of_losers": 1.0472300847063385,
    "avg_mfe_r_before_loss": 1.3848473619242962,
    "median_mfe_r_before_loss": 1.0472300847063385,
    "loser_reached_0_5r_rate": 0.762962962962963,
    "loser_reached_1r_rate": 0.5185185185185185,
    "loser_reached_1_5r_rate": 0.35555555555555557,
    "loser_reached_2r_rate": 0.2222222222222222
  },
  "capture_giveback": {
    "avg_capture_ratio": -4.404894193604232,
    "median_capture_ratio": 0.2137755391545384,
    "avg_giveback_r": 2.787981470501025,
    "median_giveback_r": 2.125248452050623,
    "avg_giveback_r_winners": 1.9387428053284452,
    "avg_giveback_r_losers": 3.895137063614907,
    "median_giveback_r_winners": 1.5572686720726572,
    "median_giveback_r_losers": 3.3295804971265306
  },
  "mae_before_win": {
    "winner_had_negative_mae_rate": 0.9829545454545454,
    "winner_had_mae_below_minus_0_25r_rate": 0.8522727272727273,
    "winner_had_mae_below_minus_0_5r_rate": 0.7272727272727273,
    "winner_had_mae_below_minus_1r_rate": 0.48863636363636365,
    "avg_mae_r_of_winners": -1.3956777113082333,
    "median_mae_r_of_winners": -0.9612564676686352,
    "p90_abs_mae_r_of_winners": 3.1094143179298728,
    "avg_mae_r": -2.7292956153930064,
    "median_mae_r": -1.8907173079057065,
    "q10_mae_r": -6.321813050491195,
    "q25_mae_r": -3.67006903209131,
    "q75_mae_r": -0.8180258890195806,
    "q90_mae_r": -0.28791182966041556
  },
  "conditional_probabilities": {
    "prob_final_win": 0.5659163987138264,
    "prob_final_loss": 0.4340836012861736,
    "prob_final_win_given_mae_gt_minus_0_5r": 1.0,
    "prob_final_win_given_mae_gt_minus_1r": 0.9782608695652174,
    "prob_mfe_ge_0_5r": 0.8971061093247589,
    "prob_final_loss_given_mfe_ge_0_5r": 0.36917562724014336,
    "prob_mfe_ge_1r": 0.7813504823151125,
    "prob_final_loss_given_mfe_ge_1r": 0.2880658436213992,
    "prob_mfe_ge_1_5r": 0.6784565916398714,
    "prob_final_loss_given_mfe_ge_1_5r": 0.22748815165876776,
    "prob_mfe_ge_2r": 0.5852090032154341,
    "prob_final_loss_given_mfe_ge_2r": 0.16483516483516483,
    "prob_stop_loss_given_mfe_ge_0_5r": 0.0,
    "prob_stop_loss_given_mfe_ge_1r": 0.0
  },
  "exit_reason_quality": {
    "position_exit": {
      "trade_count": 307,
      "avg_r": 0.6103818190558434,
      "median_r": 0.4925411772344336,
      "win_rate": 0.5635179153094463,
      "avg_mfe_r": 3.3896752572653917,
      "avg_mae_r": -2.7145784483508435,
      "avg_giveback_r": 2.779293438209548,
      "avg_bars_held": 24.14332247557003,
      "profit_factor": 1.564664261957724,
      "stop_after_positive_rate": 0.996742671009772,
      "stop_after_0_5r_rate": 0.8990228013029316,
      "stop_after_1r_rate": 0.7817589576547231
    },
    "reversal": {
      "trade_count": 4,
      "avg_r": -0.7770342839339199,
      "median_r": 1.0687340123945397,
      "win_rate": 0.75,
      "avg_mfe_r": 2.677753664937947,
      "avg_mae_r": -3.858838185878988,
      "avg_giveback_r": 3.454787948871867,
      "avg_bars_held": 24.0,
      "profit_factor": 0.5580712590255046,
      "stop_after_positive_rate": 1.0,
      "stop_after_0_5r_rate": 0.75,
      "stop_after_1r_rate": 0.75
    }
  },
  "timing": {
    "avg_time_to_mfe": 11.897106109324758,
    "median_time_to_mfe": 12.0,
    "avg_time_to_mae": 9.72347266881029,
    "median_time_to_mae": 8.0,
    "prob_mfe_ge_0_5r_within_1_bar": 0.06430868167202572,
    "prob_mfe_ge_0_5r_within_2_bars": 0.11254019292604502,
    "prob_mfe_ge_1r_within_4_bars": 0.10610932475884244,
    "avg_r_by_bars_held_bucket": {
      "1": null,
      "2": null,
      "3-4": null,
      "5-8": null,
      "9-16": null,
      "17+": 0.5925372389530812
    },
    "win_rate_by_bars_held_bucket": {
      "1": null,
      "2": null,
      "3-4": null,
      "5-8": null,
      "9-16": null,
      "17+": 0.5659163987138264
    }
  },
  "warnings": [],
  "trade_ledger_construction": {
    "ledger_source": "position_transitions",
    "trade_count": 311,
    "position_transition_count": 622,
    "fallback_price_risk_distance_count": 0,
    "end_of_data_exit_count": 0,
    "skipped_missing_price_count": 0,
    "warnings": []
  },
  "path_construction": {
    "trade_count": 311,
    "path_trade_count": 311,
    "skipped_trade_paths_missing_risk": 0,
    "skipped_trade_paths_missing_asset_frame": 0,
    "skipped_trade_paths_missing_timestamps": 0,
    "truncated": false,
    "warnings": []
  },
  "counterfactual": {
    "counterfactual.baseline.trade_count": 311,
    "counterfactual.baseline.avg_r": 0.5925372389530812,
    "counterfactual.baseline.median_r": 0.5068722717531943,
    "counterfactual.baseline.win_rate": 0.5659163987138264,
    "counterfactual.baseline.profit_factor": 1.543773983950645,
    "counterfactual.breakeven_after_0_5r.trade_count": 311,
    "counterfactual.breakeven_after_0_5r.avg_r": -0.0904965912400195,
    "counterfactual.breakeven_after_0_5r.median_r": 0.0,
    "counterfactual.breakeven_after_0_5r.win_rate": 0.01929260450160772,
    "counterfactual.breakeven_after_0_5r.profit_factor": 0.41063251887926216,
    "counterfactual.breakeven_after_1_0r.trade_count": 311,
    "counterfactual.breakeven_after_1_0r.avg_r": 0.08565909873740059,
    "counterfactual.breakeven_after_1_0r.median_r": 0.0,
    "counterfactual.breakeven_after_1_0r.win_rate": 0.15112540192926044,
    "counterfactual.breakeven_after_1_0r.profit_factor": 1.2061252864196823,
    "counterfactual.exit_at_first_0_5r.trade_count": 311,
    "counterfactual.exit_at_first_0_5r.avg_r": 0.3255510112177211,
    "counterfactual.exit_at_first_0_5r.median_r": 0.5,
    "counterfactual.exit_at_first_0_5r.win_rate": 0.9581993569131833,
    "counterfactual.exit_at_first_0_5r.profit_factor": 3.1201812889152087,
    "counterfactual.exit_at_first_1_0r.trade_count": 311,
    "counterfactual.exit_at_first_1_0r.avg_r": 0.4493586771879034,
    "counterfactual.exit_at_first_1_0r.median_r": 1.0,
    "counterfactual.exit_at_first_1_0r.win_rate": 0.8713826366559485,
    "counterfactual.exit_at_first_1_0r.profit_factor": 2.081311704253135,
    "counterfactual.partial_50pct_at_1r.trade_count": 311,
    "counterfactual.partial_50pct_at_1r.avg_r": 0.5209479580704921,
    "counterfactual.partial_50pct_at_1r.median_r": 0.7462705886172167,
    "counterfactual.partial_50pct_at_1r.win_rate": 0.6913183279742765,
    "counterfactual.partial_50pct_at_1r.profit_factor": 1.8229189157414807,
    "counterfactual.time_exit_after_4_bars_if_mfe_lt_0_3r.trade_count": 311,
    "counterfactual.time_exit_after_4_bars_if_mfe_lt_0_3r.avg_r": 0.56124071021074,
    "counterfactual.time_exit_after_4_bars_if_mfe_lt_0_3r.median_r": 0.3478821528630853,
    "counterfactual.time_exit_after_4_bars_if_mfe_lt_0_3r.win_rate": 0.5498392282958199,
    "counterfactual.time_exit_after_4_bars_if_mfe_lt_0_3r.profit_factor": 1.5108594496375336,
    "counterfactual.trail_0_5r_after_1_0r.trade_count": 311,
    "counterfactual.trail_0_5r_after_1_0r.avg_r": 0.6531399930086486,
    "counterfactual.trail_0_5r_after_1_0r.median_r": 0.8503467183741114,
    "counterfactual.trail_0_5r_after_1_0r.win_rate": 0.8713826366559485,
    "counterfactual.trail_0_5r_after_1_0r.profit_factor": 2.5716797178053348,
    "counterfactual.best_policy_by_avg_r": "trail_0_5r_after_1_0r",
    "counterfactual.best_policy_by_profit_factor": "exit_at_first_0_5r"
  }
}