{
  "could_have_been_profitable": {
    "loser_was_positive_rate": 0.9752066115702479,
    "avg_mfe_r_of_losers": 1.3450803615219913,
    "median_mfe_r_of_losers": 1.0400258550261248,
    "avg_mfe_r_before_loss": 1.3450803615219913,
    "median_mfe_r_before_loss": 1.0400258550261248,
    "loser_reached_0_5r_rate": 0.7272727272727273,
    "loser_reached_1r_rate": 0.512396694214876,
    "loser_reached_1_5r_rate": 0.34710743801652894,
    "loser_reached_2r_rate": 0.23140495867768596
  },
  "capture_giveback": {
    "avg_capture_ratio": -4.144918310379175,
    "median_capture_ratio": 0.2897394433906521,
    "avg_giveback_r": 2.8598480343037656,
    "median_giveback_r": 1.985023002837121,
    "avg_giveback_r_winners": 1.909999485487531,
    "avg_giveback_r_losers": 4.257145899504508,
    "median_giveback_r_winners": 1.5017265157599826,
    "median_giveback_r_losers": 3.2415953024912976
  },
  "mae_before_win": {
    "winner_had_negative_mae_rate": 0.9775280898876404,
    "winner_had_mae_below_minus_0_25r_rate": 0.848314606741573,
    "winner_had_mae_below_minus_0_5r_rate": 0.702247191011236,
    "winner_had_mae_below_minus_1r_rate": 0.48314606741573035,
    "avg_mae_r_of_winners": -1.2258933869939503,
    "median_mae_r_of_winners": -0.9641945130789624,
    "p90_abs_mae_r_of_winners": 2.5576513254700135,
    "avg_mae_r": -2.798702873618395,
    "median_mae_r": -1.7221695115876172,
    "q10_mae_r": -6.162708031178443,
    "q25_mae_r": -3.5198663068695977,
    "q75_mae_r": -0.7886959227695296,
    "q90_mae_r": -0.27449557259726093
  },
  "conditional_probabilities": {
    "prob_final_win": 0.5953177257525084,
    "prob_final_loss": 0.40468227424749165,
    "prob_final_win_given_mae_gt_minus_0_5r": 1.0,
    "prob_final_win_given_mae_gt_minus_1r": 0.989247311827957,
    "prob_mfe_ge_0_5r": 0.8896321070234113,
    "prob_final_loss_given_mfe_ge_0_5r": 0.3308270676691729,
    "prob_mfe_ge_1r": 0.7959866220735786,
    "prob_final_loss_given_mfe_ge_1r": 0.2605042016806723,
    "prob_mfe_ge_1_5r": 0.6923076923076923,
    "prob_final_loss_given_mfe_ge_1_5r": 0.2028985507246377,
    "prob_mfe_ge_2r": 0.5953177257525084,
    "prob_final_loss_given_mfe_ge_2r": 0.15730337078651685,
    "prob_stop_loss_given_mfe_ge_0_5r": 0.0,
    "prob_stop_loss_given_mfe_ge_1r": 0.0
  },
  "exit_reason_quality": {
    "position_exit": {
      "trade_count": 298,
      "avg_r": 0.631568181463982,
      "median_r": 0.575832794033543,
      "win_rate": 0.5939597315436241,
      "avg_mfe_r": 3.4924481640190232,
      "avg_mae_r": -2.7953765307143525,
      "avg_giveback_r": 2.860879982555041,
      "avg_bars_held": 24.151006711409394,
      "profit_factor": 1.5341337138563158,
      "stop_after_positive_rate": 0.9899328859060402,
      "stop_after_0_5r_rate": 0.889261744966443,
      "stop_after_1r_rate": 0.7953020134228188
    },
    "reversal": {
      "trade_count": 1,
      "avg_r": 0.5954139873923537,
      "median_r": 0.5954139873923537,
      "win_rate": 1.0,
      "avg_mfe_r": 3.1477414428161588,
      "avg_mae_r": -3.7899530590229387,
      "avg_giveback_r": 2.552327455423805,
      "avg_bars_held": 24.0,
      "profit_factor": Infinity,
      "stop_after_positive_rate": 1.0,
      "stop_after_0_5r_rate": 1.0,
      "stop_after_1r_rate": 1.0
    }
  },
  "timing": {
    "avg_time_to_mfe": 11.899665551839465,
    "median_time_to_mfe": 12.0,
    "avg_time_to_mae": 9.364548494983278,
    "median_time_to_mae": 8.0,
    "prob_mfe_ge_0_5r_within_1_bar": 0.0802675585284281,
    "prob_mfe_ge_0_5r_within_2_bars": 0.11371237458193979,
    "prob_mfe_ge_1r_within_4_bars": 0.13712374581939799,
    "avg_r_by_bars_held_bucket": {
      "1": null,
      "2": null,
      "3-4": null,
      "5-8": null,
      "9-16": null,
      "17+": 0.6314472644269532
    },
    "win_rate_by_bars_held_bucket": {
      "1": null,
      "2": null,
      "3-4": null,
      "5-8": null,
      "9-16": null,
      "17+": 0.5953177257525084
    }
  },
  "warnings": [],
  "trade_ledger_construction": {
    "ledger_source": "position_transitions",
    "trade_count": 299,
    "position_transition_count": 598,
    "fallback_price_risk_distance_count": 0,
    "end_of_data_exit_count": 0,
    "skipped_missing_price_count": 0,
    "warnings": []
  },
  "path_construction": {
    "trade_count": 299,
    "path_trade_count": 299,
    "skipped_trade_paths_missing_risk": 0,
    "skipped_trade_paths_missing_asset_frame": 0,
    "skipped_trade_paths_missing_timestamps": 0,
    "truncated": false,
    "warnings": []
  },
  "counterfactual": {
    "counterfactual.baseline.trade_count": 299,
    "counterfactual.baseline.avg_r": 0.6314472644269532,
    "counterfactual.baseline.median_r": 0.5822485229903942,
    "counterfactual.baseline.win_rate": 0.5953177257525084,
    "counterfactual.baseline.profit_factor": 1.5358235030080798,
    "counterfactual.breakeven_after_0_5r.trade_count": 299,
    "counterfactual.breakeven_after_0_5r.avg_r": -0.10404804196732967,
    "counterfactual.breakeven_after_0_5r.median_r": 0.0,
    "counterfactual.breakeven_after_0_5r.win_rate": 0.016722408026755852,
    "counterfactual.breakeven_after_0_5r.profit_factor": 0.29527981516533297,
    "counterfactual.breakeven_after_1_0r.trade_count": 299,
    "counterfactual.breakeven_after_1_0r.avg_r": 0.01598959376690172,
    "counterfactual.breakeven_after_1_0r.median_r": 0.0,
    "counterfactual.breakeven_after_1_0r.win_rate": 0.13712374581939799,
    "counterfactual.breakeven_after_1_0r.profit_factor": 1.035410050662911,
    "counterfactual.exit_at_first_0_5r.trade_count": 299,
    "counterfactual.exit_at_first_0_5r.avg_r": 0.33228863500532024,
    "counterfactual.exit_at_first_0_5r.median_r": 0.5,
    "counterfactual.exit_at_first_0_5r.win_rate": 0.959866220735786,
    "counterfactual.exit_at_first_0_5r.profit_factor": 3.2505998561023985,
    "counterfactual.exit_at_first_1_0r.trade_count": 299,
    "counterfactual.exit_at_first_1_0r.avg_r": 0.4168205278382444,
    "counterfactual.exit_at_first_1_0r.median_r": 1.0,
    "counterfactual.exit_at_first_1_0r.win_rate": 0.8729096989966555,
    "counterfactual.exit_at_first_1_0r.profit_factor": 1.9230776105547938,
    "counterfactual.partial_50pct_at_1r.trade_count": 299,
    "counterfactual.partial_50pct_at_1r.avg_r": 0.5241338961325989,
    "counterfactual.partial_50pct_at_1r.median_r": 0.7847085325383459,
    "counterfactual.partial_50pct_at_1r.win_rate": 0.705685618729097,
    "counterfactual.partial_50pct_at_1r.profit_factor": 1.7427177598822485,
    "counterfactual.time_exit_after_4_bars_if_mfe_lt_0_3r.trade_count": 299,
    "counterfactual.time_exit_after_4_bars_if_mfe_lt_0_3r.avg_r": 0.5961520818054256,
    "counterfactual.time_exit_after_4_bars_if_mfe_lt_0_3r.median_r": 0.5250119644473569,
    "counterfactual.time_exit_after_4_bars_if_mfe_lt_0_3r.win_rate": 0.5819397993311036,
    "counterfactual.time_exit_after_4_bars_if_mfe_lt_0_3r.profit_factor": 1.4980950686056989,
    "counterfactual.trail_0_5r_after_1_0r.trade_count": 299,
    "counterfactual.trail_0_5r_after_1_0r.avg_r": 0.6250675273649715,
    "counterfactual.trail_0_5r_after_1_0r.median_r": 0.8368327509984685,
    "counterfactual.trail_0_5r_after_1_0r.win_rate": 0.8729096989966555,
    "counterfactual.trail_0_5r_after_1_0r.profit_factor": 2.384254855651836,
    "counterfactual.best_policy_by_avg_r": "baseline",
    "counterfactual.best_policy_by_profit_factor": "exit_at_first_0_5r"
  }
}