lag,autocorrelation,asset
1,0.9352751620384875,ETHUSD
2,0.8902514504441214,ETHUSD
4,0.8104504617416581,ETHUSD
8,0.6801746492370775,ETHUSD
16,0.48983171177072915,ETHUSD
