{
  "prediction_distribution": {
    "rows": 43800,
    "mean": 0.022442649212949178,
    "std": 0.9738800054834434,
    "min": -4.35042667388916,
    "max": 4.854344844818115,
    "median": 0.026846809312701225,
    "q01": -2.4084930753707887,
    "q05": -1.587896591424942,
    "q25": -0.5911188423633575,
    "q75": 0.6431969851255417,
    "q95": 1.628513342142105,
    "q99": 2.363058505058289,
    "skew": -0.0420673093861122,
    "kurtosis": 0.3933282228355539,
    "positive_rate": 0.5128082191780822,
    "negative_rate": 0.48719178082191783,
    "zero_rate": 0.0
  },
  "expected_net_return_distribution": {
    "rows": 0,
    "mean": null,
    "std": null,
    "min": null,
    "max": null,
    "median": null,
    "q01": null,
    "q05": null,
    "q25": null,
    "q75": null,
    "q95": null,
    "q99": null,
    "skew": null,
    "kurtosis": null,
    "positive_rate": null,
    "negative_rate": null,
    "zero_rate": null
  },
  "prediction_vs_realized": {
    "evaluation_rows": 43800,
    "correlation": 0.049294657486659336,
    "spearman_rank_correlation": 0.05146524834364684,
    "calibration_slope": 0.12648237117490257,
    "calibration_intercept": 0.0009739097176072022,
    "directional_accuracy": 0.5210958904109589,
    "mean_prediction": 0.022442649212949178,
    "mean_realized": 0.0038125092055075753
  },
  "quantile_monotonicity": {
    "monotonicity": 0.9030303030303028,
    "monotonic_increasing_steps": 6,
    "quantile_count": 10
  },
  "residuals": {
    "ETHUSD": {
      "rows": 43800,
      "distribution": {
        "rows": 43800,
        "mean": -0.018630140007441592,
        "std": 2.6367857477179895,
        "min": -7.354677200317383,
        "max": 7.2679102420806885,
        "median": -0.0572960910788157,
        "q01": -5.283227051496506,
        "q05": -4.281068530678749,
        "q25": -1.9773566798032607,
        "q75": 1.9418948200106154,
        "q95": 4.266902397572993,
        "q99": 5.456691401144936,
        "skew": 0.0381076903926734,
        "kurtosis": -0.7153136263610609,
        "positive_rate": 0.4910730593607306,
        "negative_rate": 0.5089269406392694,
        "zero_rate": 0.0
      },
      "autocorrelation": [
        {
          "lag": 1,
          "autocorrelation": 0.9457738068152984
        },
        {
          "lag": 2,
          "autocorrelation": 0.8975091367015577
        },
        {
          "lag": 4,
          "autocorrelation": 0.8077449350138989
        },
        {
          "lag": 8,
          "autocorrelation": 0.6433750014028503
        }
      ],
      "residual_vs_forecast_abs_correlation": 0.010521770662569789,
      "residual_vs_volatility_correlation": null
    }
  },
  "turnover_cost": {
    "rows": 73965,
    "total_turnover": 594.0,
    "avg_turnover": 0.008030825390387346,
    "rebalance_frequency": 0.007976745758128845,
    "churn_frequency": 0.007976745758128845,
    "total_cost": 0.059399999999999994,
    "gross_pnl": 1.678450452577784,
    "net_pnl": 1.6190504525777842,
    "cost_to_abs_gross_pnl": 0.002459742984127389,
    "turnover_vs_net_pnl_correlation": 0.0022246852076221197
  },
  "residual_diagnostics": {
    "ETHUSD": {
      "rows": 43800,
      "distribution": {
        "rows": 43800,
        "mean": -0.018630140007441592,
        "std": 2.6367857477179895,
        "min": -7.354677200317383,
        "max": 7.2679102420806885,
        "median": -0.0572960910788157,
        "q01": -5.283227051496506,
        "q05": -4.281068530678749,
        "q25": -1.9773566798032607,
        "q75": 1.9418948200106154,
        "q95": 4.266902397572993,
        "q99": 5.456691401144936,
        "skew": 0.0381076903926734,
        "kurtosis": -0.7153136263610609,
        "positive_rate": 0.4910730593607306,
        "negative_rate": 0.5089269406392694,
        "zero_rate": 0.0
      },
      "autocorrelation": [
        {
          "lag": 1,
          "autocorrelation": 0.9457738068152984
        },
        {
          "lag": 2,
          "autocorrelation": 0.8975091367015577
        },
        {
          "lag": 4,
          "autocorrelation": 0.8077449350138989
        },
        {
          "lag": 8,
          "autocorrelation": 0.6433750014028503
        }
      ],
      "residual_vs_forecast_abs_correlation": 0.010521770662569789,
      "residual_vs_volatility_correlation": null
    }
  }
}