lag,autocorrelation,asset
1,0.9349678411316049,ETHUSD
2,0.8909377160962534,ETHUSD
4,0.8157457979362988,ETHUSD
8,0.69615232084413,ETHUSD
16,0.5165742698352426,ETHUSD
