{
  "prediction_distribution": {
    "rows": 43800,
    "mean": 0.005810655723462249,
    "std": 0.10364922866387542,
    "min": -0.4591105878353119,
    "max": 0.39082005620002747,
    "median": 0.007949298713356256,
    "q01": -0.2661901143193245,
    "q05": -0.16957918852567672,
    "q25": -0.05632158741354942,
    "q75": 0.07198714837431908,
    "q95": 0.17426091358065576,
    "q99": 0.2488708691298962,
    "skew": -0.19019927839383372,
    "kurtosis": 0.5748129898414596,
    "positive_rate": 0.5338127853881278,
    "negative_rate": 0.4661872146118721,
    "zero_rate": 0.0
  },
  "expected_net_return_distribution": {
    "rows": 0,
    "mean": null,
    "std": null,
    "min": null,
    "max": null,
    "median": null,
    "q01": null,
    "q05": null,
    "q25": null,
    "q75": null,
    "q95": null,
    "q99": null,
    "skew": null,
    "kurtosis": null,
    "positive_rate": null,
    "negative_rate": null,
    "zero_rate": null
  },
  "prediction_vs_realized": {
    "evaluation_rows": 43800,
    "correlation": 0.04615603776983686,
    "spearman_rank_correlation": 0.05274280299158429,
    "calibration_slope": 0.11424178902943805,
    "calibration_intercept": 0.003965192902042967,
    "directional_accuracy": 0.5185159817351598,
    "mean_prediction": 0.005810655723462249,
    "mean_realized": 0.004629012607325438
  },
  "quantile_monotonicity": {
    "monotonicity": 0.9393939393939393,
    "monotonic_increasing_steps": 6,
    "quantile_count": 10
  },
  "residuals": {
    "ETHUSD": {
      "rows": 43800,
      "distribution": {
        "rows": 43800,
        "mean": -0.00118164311613681,
        "std": 0.272219688589967,
        "min": -1.0557644340358199,
        "max": 1.0767510450367381,
        "median": -0.008271325739249335,
        "q01": -0.6140478590338108,
        "q05": -0.4437513100544351,
        "q25": -0.1852185696470802,
        "q75": 0.18071315096672375,
        "q95": 0.4607353671614222,
        "q99": 0.6415206104345507,
        "skew": 0.0982168485153511,
        "kurtosis": -0.057577547908205684,
        "positive_rate": 0.4878082191780822,
        "negative_rate": 0.5121917808219179,
        "zero_rate": 0.0
      },
      "autocorrelation": [
        {
          "lag": 1,
          "autocorrelation": 0.9494259581232415
        },
        {
          "lag": 2,
          "autocorrelation": 0.9042550506967822
        },
        {
          "lag": 4,
          "autocorrelation": 0.8213849481317597
        },
        {
          "lag": 8,
          "autocorrelation": 0.6650083933631885
        }
      ],
      "residual_vs_forecast_abs_correlation": 0.02120386824713474,
      "residual_vs_volatility_correlation": null
    }
  },
  "turnover_cost": {
    "rows": 73965,
    "total_turnover": 530.0,
    "avg_turnover": 0.007165551274251335,
    "rebalance_frequency": 0.007138511458122085,
    "churn_frequency": 0.007138511458122085,
    "total_cost": 0.053,
    "gross_pnl": 1.0410380297868669,
    "net_pnl": 0.9880380297868672,
    "cost_to_abs_gross_pnl": 0.002508583132961899,
    "turnover_vs_net_pnl_correlation": -0.0032109409943386733
  },
  "residual_diagnostics": {
    "ETHUSD": {
      "rows": 43800,
      "distribution": {
        "rows": 43800,
        "mean": -0.00118164311613681,
        "std": 0.272219688589967,
        "min": -1.0557644340358199,
        "max": 1.0767510450367381,
        "median": -0.008271325739249335,
        "q01": -0.6140478590338108,
        "q05": -0.4437513100544351,
        "q25": -0.1852185696470802,
        "q75": 0.18071315096672375,
        "q95": 0.4607353671614222,
        "q99": 0.6415206104345507,
        "skew": 0.0982168485153511,
        "kurtosis": -0.057577547908205684,
        "positive_rate": 0.4878082191780822,
        "negative_rate": 0.5121917808219179,
        "zero_rate": 0.0
      },
      "autocorrelation": [
        {
          "lag": 1,
          "autocorrelation": 0.9494259581232415
        },
        {
          "lag": 2,
          "autocorrelation": 0.9042550506967822
        },
        {
          "lag": 4,
          "autocorrelation": 0.8213849481317597
        },
        {
          "lag": 8,
          "autocorrelation": 0.6650083933631885
        }
      ],
      "residual_vs_forecast_abs_correlation": 0.02120386824713474,
      "residual_vs_volatility_correlation": null
    }
  }
}