trade_id,policy,counterfactual_r
0,baseline,0.5067801173250318
0,breakeven_after_0_5r,0.5067801173250318
0,breakeven_after_1_0r,0.5067801173250318
0,exit_at_first_0_5r,0.5
0,exit_at_first_1_0r,1.0
0,trail_0_5r_after_1_0r,0.6734646950226253
0,time_exit_after_4_bars_if_mfe_lt_0_3r,0.5067801173250318
0,partial_50pct_at_1r,0.753390058662516
1,baseline,0.1534661867387034
1,breakeven_after_0_5r,0.1534661867387034
1,breakeven_after_1_0r,0.1534661867387034
1,exit_at_first_0_5r,0.1534661867387034
1,exit_at_first_1_0r,0.1534661867387034
1,trail_0_5r_after_1_0r,0.1534661867387034
1,time_exit_after_4_bars_if_mfe_lt_0_3r,0.1534661867387034
1,partial_50pct_at_1r,0.1534661867387034
2,baseline,-1.0152608285410294
2,breakeven_after_0_5r,-1.0152608285410294
2,breakeven_after_1_0r,-1.0152608285410294
2,exit_at_first_0_5r,-1.0152608285410294
2,exit_at_first_1_0r,-1.0152608285410294
2,trail_0_5r_after_1_0r,-1.0152608285410294
2,time_exit_after_4_bars_if_mfe_lt_0_3r,-1.0152608285410294
2,partial_50pct_at_1r,-1.0152608285410294
3,baseline,0.4140053920433868
3,breakeven_after_0_5r,0.4140053920433868
3,breakeven_after_1_0r,0.4140053920433868
3,exit_at_first_0_5r,0.5
3,exit_at_first_1_0r,0.4140053920433868
3,trail_0_5r_after_1_0r,0.4140053920433868
3,time_exit_after_4_bars_if_mfe_lt_0_3r,0.4140053920433868
3,partial_50pct_at_1r,0.4140053920433868
4,baseline,0.19982581836185873
4,breakeven_after_0_5r,0.19982581836185873
4,breakeven_after_1_0r,0.19982581836185873
4,exit_at_first_0_5r,0.19982581836185873
4,exit_at_first_1_0r,0.19982581836185873
4,trail_0_5r_after_1_0r,0.19982581836185873
4,time_exit_after_4_bars_if_mfe_lt_0_3r,0.19982581836185873
4,partial_50pct_at_1r,0.19982581836185873
5,baseline,0.7825037209710726
5,breakeven_after_0_5r,0.7825037209710726
5,breakeven_after_1_0r,0.7825037209710726
5,exit_at_first_0_5r,0.5
5,exit_at_first_1_0r,0.7825037209710726
5,trail_0_5r_after_1_0r,0.7825037209710726
5,time_exit_after_4_bars_if_mfe_lt_0_3r,-0.17327791333823594
5,partial_50pct_at_1r,0.7825037209710726
6,baseline,0.5235876953957318
6,breakeven_after_0_5r,0.0
6,breakeven_after_1_0r,0.5235876953957318
6,exit_at_first_0_5r,0.5
6,exit_at_first_1_0r,0.5235876953957318
6,trail_0_5r_after_1_0r,0.5235876953957318
6,time_exit_after_4_bars_if_mfe_lt_0_3r,0.5235876953957318
6,partial_50pct_at_1r,0.5235876953957318
7,baseline,0.30121523764068037
7,breakeven_after_0_5r,0.0
7,breakeven_after_1_0r,0.30121523764068037
7,exit_at_first_0_5r,0.5
7,exit_at_first_1_0r,0.30121523764068037
7,trail_0_5r_after_1_0r,0.30121523764068037
7,time_exit_after_4_bars_if_mfe_lt_0_3r,0.30121523764068037
7,partial_50pct_at_1r,0.30121523764068037
8,baseline,-1.0198291096131056
8,breakeven_after_0_5r,-1.0198291096131056
8,breakeven_after_1_0r,-1.0198291096131056
8,exit_at_first_0_5r,-1.0198291096131056
8,exit_at_first_1_0r,-1.0198291096131056
8,trail_0_5r_after_1_0r,-1.0198291096131056
8,time_exit_after_4_bars_if_mfe_lt_0_3r,-1.0198291096131056
8,partial_50pct_at_1r,-1.0198291096131056
9,baseline,0.46055347252324064
9,breakeven_after_0_5r,0.0
9,breakeven_after_1_0r,0.46055347252324064
9,exit_at_first_0_5r,0.5
9,exit_at_first_1_0r,0.46055347252324064
9,trail_0_5r_after_1_0r,0.46055347252324064
9,time_exit_after_4_bars_if_mfe_lt_0_3r,0.46055347252324064
9,partial_50pct_at_1r,0.46055347252324064
10,baseline,0.4999351395877236
10,breakeven_after_0_5r,0.0
10,breakeven_after_1_0r,0.4999351395877236
10,exit_at_first_0_5r,0.5
10,exit_at_first_1_0r,0.4999351395877236
10,trail_0_5r_after_1_0r,0.4999351395877236
10,time_exit_after_4_bars_if_mfe_lt_0_3r,0.4999351395877236
10,partial_50pct_at_1r,0.4999351395877236
11,baseline,0.5871562278477385
11,breakeven_after_0_5r,0.0
11,breakeven_after_1_0r,0.5871562278477385
11,exit_at_first_0_5r,0.5
11,exit_at_first_1_0r,0.5871562278477385
11,trail_0_5r_after_1_0r,0.5871562278477385
11,time_exit_after_4_bars_if_mfe_lt_0_3r,0.5871562278477385
11,partial_50pct_at_1r,0.5871562278477385
12,baseline,-1.0184638640127566
12,breakeven_after_0_5r,-1.0184638640127566
12,breakeven_after_1_0r,-1.0184638640127566
12,exit_at_first_0_5r,-1.0184638640127566
12,exit_at_first_1_0r,-1.0184638640127566
12,trail_0_5r_after_1_0r,-1.0184638640127566
12,time_exit_after_4_bars_if_mfe_lt_0_3r,-1.1922339193107663
12,partial_50pct_at_1r,-1.0184638640127566
13,baseline,0.3216123366707607
13,breakeven_after_0_5r,0.3216123366707607
13,breakeven_after_1_0r,0.3216123366707607
13,exit_at_first_0_5r,0.5
13,exit_at_first_1_0r,0.3216123366707607
13,trail_0_5r_after_1_0r,0.3216123366707607
13,time_exit_after_4_bars_if_mfe_lt_0_3r,0.3216123366707607
13,partial_50pct_at_1r,0.3216123366707607
14,baseline,-1.0169060559961178
14,breakeven_after_0_5r,-1.0169060559961178
14,breakeven_after_1_0r,-1.0169060559961178
14,exit_at_first_0_5r,-1.0169060559961178
14,exit_at_first_1_0r,-1.0169060559961178
14,trail_0_5r_after_1_0r,-1.0169060559961178
14,time_exit_after_4_bars_if_mfe_lt_0_3r,-0.6719437942001795
14,partial_50pct_at_1r,-1.0169060559961178
15,baseline,-1.0172229016371144
15,breakeven_after_0_5r,-1.0172229016371144
15,breakeven_after_1_0r,-1.0172229016371144
15,exit_at_first_0_5r,-1.0172229016371144
15,exit_at_first_1_0r,-1.0172229016371144
15,trail_0_5r_after_1_0r,-1.0172229016371144
15,time_exit_after_4_bars_if_mfe_lt_0_3r,-0.9582512213509422
15,partial_50pct_at_1r,-1.0172229016371144
16,baseline,0.33544266727585004
16,breakeven_after_0_5r,0.33544266727585004
16,breakeven_after_1_0r,0.33544266727585004
16,exit_at_first_0_5r,0.5
16,exit_at_first_1_0r,0.33544266727585004
16,trail_0_5r_after_1_0r,0.33544266727585004
16,time_exit_after_4_bars_if_mfe_lt_0_3r,0.33544266727585004
16,partial_50pct_at_1r,0.33544266727585004
17,baseline,-1.0149326083853127
17,breakeven_after_0_5r,-1.0149326083853127
17,breakeven_after_1_0r,-1.0149326083853127
17,exit_at_first_0_5r,-1.0149326083853127
17,exit_at_first_1_0r,-1.0149326083853127
17,trail_0_5r_after_1_0r,-1.0149326083853127
17,time_exit_after_4_bars_if_mfe_lt_0_3r,-0.5232456205559641
17,partial_50pct_at_1r,-1.0149326083853127
18,baseline,-0.3753100853696075
18,breakeven_after_0_5r,-0.3753100853696075
18,breakeven_after_1_0r,-0.3753100853696075
18,exit_at_first_0_5r,-0.3753100853696075
18,exit_at_first_1_0r,-0.3753100853696075
18,trail_0_5r_after_1_0r,-0.3753100853696075
18,time_exit_after_4_bars_if_mfe_lt_0_3r,-0.24799967675941295
18,partial_50pct_at_1r,-0.3753100853696075
19,baseline,0.3473634753396632
19,breakeven_after_0_5r,0.0
19,breakeven_after_1_0r,0.3473634753396632
19,exit_at_first_0_5r,0.5
19,exit_at_first_1_0r,0.3473634753396632
19,trail_0_5r_after_1_0r,0.3473634753396632
19,time_exit_after_4_bars_if_mfe_lt_0_3r,-0.05779002519236541
19,partial_50pct_at_1r,0.3473634753396632
20,baseline,0.23491427736002152
20,breakeven_after_0_5r,0.23491427736002152
20,breakeven_after_1_0r,0.23491427736002152
20,exit_at_first_0_5r,0.5
20,exit_at_first_1_0r,0.23491427736002152
20,trail_0_5r_after_1_0r,0.23491427736002152
20,time_exit_after_4_bars_if_mfe_lt_0_3r,0.23491427736002152
20,partial_50pct_at_1r,0.23491427736002152
21,baseline,1.224672813738406
21,breakeven_after_0_5r,0.0
21,breakeven_after_1_0r,1.224672813738406
21,exit_at_first_0_5r,0.5
21,exit_at_first_1_0r,1.0
21,trail_0_5r_after_1_0r,0.9407096795285441
21,time_exit_after_4_bars_if_mfe_lt_0_3r,1.224672813738406
21,partial_50pct_at_1r,1.112336406869203
22,baseline,0.27996613410872406
22,breakeven_after_0_5r,0.0
22,breakeven_after_1_0r,0.27996613410872406
22,exit_at_first_0_5r,0.5
22,exit_at_first_1_0r,0.27996613410872406
22,trail_0_5r_after_1_0r,0.27996613410872406
22,time_exit_after_4_bars_if_mfe_lt_0_3r,0.27996613410872406
22,partial_50pct_at_1r,0.27996613410872406
23,baseline,0.2619221423353955
23,breakeven_after_0_5r,0.2619221423353955
23,breakeven_after_1_0r,0.2619221423353955
23,exit_at_first_0_5r,0.5
23,exit_at_first_1_0r,0.2619221423353955
23,trail_0_5r_after_1_0r,0.2619221423353955
23,time_exit_after_4_bars_if_mfe_lt_0_3r,0.2619221423353955
23,partial_50pct_at_1r,0.2619221423353955
24,baseline,0.2130317323049833
24,breakeven_after_0_5r,0.2130317323049833
24,breakeven_after_1_0r,0.2130317323049833
24,exit_at_first_0_5r,0.2130317323049833
24,exit_at_first_1_0r,0.2130317323049833
24,trail_0_5r_after_1_0r,0.2130317323049833
24,time_exit_after_4_bars_if_mfe_lt_0_3r,-0.06660131528607362
24,partial_50pct_at_1r,0.2130317323049833
25,baseline,0.22121575353719522
25,breakeven_after_0_5r,0.22121575353719522
25,breakeven_after_1_0r,0.22121575353719522
25,exit_at_first_0_5r,0.22121575353719522
25,exit_at_first_1_0r,0.22121575353719522
25,trail_0_5r_after_1_0r,0.22121575353719522
25,time_exit_after_4_bars_if_mfe_lt_0_3r,0.22121575353719522
25,partial_50pct_at_1r,0.22121575353719522
26,baseline,-1.013252116717017
26,breakeven_after_0_5r,-1.013252116717017
26,breakeven_after_1_0r,-1.013252116717017
26,exit_at_first_0_5r,-1.013252116717017
26,exit_at_first_1_0r,-1.013252116717017
26,trail_0_5r_after_1_0r,-1.013252116717017
26,time_exit_after_4_bars_if_mfe_lt_0_3r,-0.6779676403914329
26,partial_50pct_at_1r,-1.013252116717017
27,baseline,0.2507242556854792
27,breakeven_after_0_5r,0.2507242556854792
27,breakeven_after_1_0r,0.2507242556854792
27,exit_at_first_0_5r,0.5
27,exit_at_first_1_0r,0.2507242556854792
27,trail_0_5r_after_1_0r,0.2507242556854792
27,time_exit_after_4_bars_if_mfe_lt_0_3r,0.2406162273155132
27,partial_50pct_at_1r,0.2507242556854792
28,baseline,0.21985149560314085
28,breakeven_after_0_5r,0.21985149560314085
28,breakeven_after_1_0r,0.21985149560314085
28,exit_at_first_0_5r,0.5
28,exit_at_first_1_0r,0.21985149560314085
28,trail_0_5r_after_1_0r,0.21985149560314085
28,time_exit_after_4_bars_if_mfe_lt_0_3r,0.21985149560314085
28,partial_50pct_at_1r,0.21985149560314085
29,baseline,-0.19109394787876405
29,breakeven_after_0_5r,-0.19109394787876405
29,breakeven_after_1_0r,-0.19109394787876405
29,exit_at_first_0_5r,-0.19109394787876405
29,exit_at_first_1_0r,-0.19109394787876405
29,trail_0_5r_after_1_0r,-0.19109394787876405
29,time_exit_after_4_bars_if_mfe_lt_0_3r,-0.19109394787876405
29,partial_50pct_at_1r,-0.19109394787876405
30,baseline,0.3055813383509876
30,breakeven_after_0_5r,0.0
30,breakeven_after_1_0r,0.3055813383509876
30,exit_at_first_0_5r,0.5
30,exit_at_first_1_0r,1.0
30,trail_0_5r_after_1_0r,0.5500295699225226
30,time_exit_after_4_bars_if_mfe_lt_0_3r,0.3055813383509876
30,partial_50pct_at_1r,0.6527906691754938
31,baseline,0.7859932849761698
31,breakeven_after_0_5r,0.0
31,breakeven_after_1_0r,0.0
31,exit_at_first_0_5r,0.5
31,exit_at_first_1_0r,1.0
31,trail_0_5r_after_1_0r,0.5007718944611159
31,time_exit_after_4_bars_if_mfe_lt_0_3r,0.7859932849761698
31,partial_50pct_at_1r,0.8929966424880849
32,baseline,0.18204636887387504
32,breakeven_after_0_5r,0.18204636887387504
32,breakeven_after_1_0r,0.18204636887387504
32,exit_at_first_0_5r,0.5
32,exit_at_first_1_0r,0.18204636887387504
32,trail_0_5r_after_1_0r,0.18204636887387504
32,time_exit_after_4_bars_if_mfe_lt_0_3r,0.18204636887387504
32,partial_50pct_at_1r,0.18204636887387504
33,baseline,-1.0138937010105828
33,breakeven_after_0_5r,-1.0138937010105828
33,breakeven_after_1_0r,-1.0138937010105828
33,exit_at_first_0_5r,-1.0138937010105828
33,exit_at_first_1_0r,-1.0138937010105828
33,trail_0_5r_after_1_0r,-1.0138937010105828
33,time_exit_after_4_bars_if_mfe_lt_0_3r,-0.14722289888362433
33,partial_50pct_at_1r,-1.0138937010105828
34,baseline,1.1473569291485306
34,breakeven_after_0_5r,0.0
34,breakeven_after_1_0r,1.1473569291485306
34,exit_at_first_0_5r,0.5
34,exit_at_first_1_0r,1.0
34,trail_0_5r_after_1_0r,0.8618114950049467
34,time_exit_after_4_bars_if_mfe_lt_0_3r,1.1473569291485306
34,partial_50pct_at_1r,1.0736784645742654
35,baseline,0.32733697325526107
35,breakeven_after_0_5r,0.32733697325526107
35,breakeven_after_1_0r,0.32733697325526107
35,exit_at_first_0_5r,0.5
35,exit_at_first_1_0r,0.32733697325526107
35,trail_0_5r_after_1_0r,0.32733697325526107
35,time_exit_after_4_bars_if_mfe_lt_0_3r,-0.5335604762629568
35,partial_50pct_at_1r,0.32733697325526107
36,baseline,0.5345362730378549
36,breakeven_after_0_5r,0.0
36,breakeven_after_1_0r,0.5345362730378549
36,exit_at_first_0_5r,0.5
36,exit_at_first_1_0r,0.5345362730378549
36,trail_0_5r_after_1_0r,0.5345362730378549
36,time_exit_after_4_bars_if_mfe_lt_0_3r,-0.19226872702445097
36,partial_50pct_at_1r,0.5345362730378549
37,baseline,1.6195889050415422
37,breakeven_after_0_5r,0.0
37,breakeven_after_1_0r,0.0
37,exit_at_first_0_5r,0.5
37,exit_at_first_1_0r,1.0
37,trail_0_5r_after_1_0r,1.3349022589613684
37,time_exit_after_4_bars_if_mfe_lt_0_3r,1.6195889050415422
37,partial_50pct_at_1r,1.3097944525207712
38,baseline,0.22785167667039713
38,breakeven_after_0_5r,0.22785167667039713
38,breakeven_after_1_0r,0.22785167667039713
38,exit_at_first_0_5r,0.5
38,exit_at_first_1_0r,0.22785167667039713
38,trail_0_5r_after_1_0r,0.22785167667039713
38,time_exit_after_4_bars_if_mfe_lt_0_3r,0.22785167667039713
38,partial_50pct_at_1r,0.22785167667039713
39,baseline,-1.018830890893382
39,breakeven_after_0_5r,-1.018830890893382
39,breakeven_after_1_0r,-1.018830890893382
39,exit_at_first_0_5r,-1.018830890893382
39,exit_at_first_1_0r,-1.018830890893382
39,trail_0_5r_after_1_0r,-1.018830890893382
39,time_exit_after_4_bars_if_mfe_lt_0_3r,-1.018830890893382
39,partial_50pct_at_1r,-1.018830890893382
40,baseline,-1.0185159968480748
40,breakeven_after_0_5r,-1.0185159968480748
40,breakeven_after_1_0r,-1.0185159968480748
40,exit_at_first_0_5r,-1.0185159968480748
40,exit_at_first_1_0r,-1.0185159968480748
40,trail_0_5r_after_1_0r,-1.0185159968480748
40,time_exit_after_4_bars_if_mfe_lt_0_3r,-1.0185159968480748
40,partial_50pct_at_1r,-1.0185159968480748
41,baseline,-1.018463908463026
41,breakeven_after_0_5r,-1.018463908463026
41,breakeven_after_1_0r,-1.018463908463026
41,exit_at_first_0_5r,-1.018463908463026
41,exit_at_first_1_0r,-1.018463908463026
41,trail_0_5r_after_1_0r,-1.018463908463026
41,time_exit_after_4_bars_if_mfe_lt_0_3r,-0.40626292230414285
41,partial_50pct_at_1r,-1.018463908463026
42,baseline,0.1137865239158328
42,breakeven_after_0_5r,0.1137865239158328
42,breakeven_after_1_0r,0.1137865239158328
42,exit_at_first_0_5r,0.5
42,exit_at_first_1_0r,0.1137865239158328
42,trail_0_5r_after_1_0r,0.1137865239158328
42,time_exit_after_4_bars_if_mfe_lt_0_3r,0.1137865239158328
42,partial_50pct_at_1r,0.1137865239158328
43,baseline,0.19672271861182605
43,breakeven_after_0_5r,0.19672271861182605
43,breakeven_after_1_0r,0.19672271861182605
43,exit_at_first_0_5r,0.5
43,exit_at_first_1_0r,0.19672271861182605
43,trail_0_5r_after_1_0r,0.19672271861182605
43,time_exit_after_4_bars_if_mfe_lt_0_3r,0.19672271861182605
43,partial_50pct_at_1r,0.19672271861182605
44,baseline,0.5513388395924506
44,breakeven_after_0_5r,0.5513388395924506
44,breakeven_after_1_0r,0.5513388395924506
44,exit_at_first_0_5r,0.5
44,exit_at_first_1_0r,0.5513388395924506
44,trail_0_5r_after_1_0r,0.5513388395924506
44,time_exit_after_4_bars_if_mfe_lt_0_3r,0.5513388395924506
44,partial_50pct_at_1r,0.5513388395924506
45,baseline,-1.0199323515248946
45,breakeven_after_0_5r,-1.0199323515248946
45,breakeven_after_1_0r,-1.0199323515248946
45,exit_at_first_0_5r,-1.0199323515248946
45,exit_at_first_1_0r,-1.0199323515248946
45,trail_0_5r_after_1_0r,-1.0199323515248946
45,time_exit_after_4_bars_if_mfe_lt_0_3r,-1.0199323515248946
45,partial_50pct_at_1r,-1.0199323515248946
46,baseline,0.21676436584876213
46,breakeven_after_0_5r,0.21676436584876213
46,breakeven_after_1_0r,0.21676436584876213
46,exit_at_first_0_5r,0.21676436584876213
46,exit_at_first_1_0r,0.21676436584876213
46,trail_0_5r_after_1_0r,0.21676436584876213
46,time_exit_after_4_bars_if_mfe_lt_0_3r,-0.058997933652585204
46,partial_50pct_at_1r,0.21676436584876213
47,baseline,0.43483462062504596
47,breakeven_after_0_5r,0.0
47,breakeven_after_1_0r,0.43483462062504596
47,exit_at_first_0_5r,0.5
47,exit_at_first_1_0r,0.43483462062504596
47,trail_0_5r_after_1_0r,0.43483462062504596
47,time_exit_after_4_bars_if_mfe_lt_0_3r,0.43483462062504596
47,partial_50pct_at_1r,0.43483462062504596
48,baseline,0.5410586090439954
48,breakeven_after_0_5r,0.0
48,breakeven_after_1_0r,0.5410586090439954
48,exit_at_first_0_5r,0.5
48,exit_at_first_1_0r,1.0
48,trail_0_5r_after_1_0r,0.7576580150047665
48,time_exit_after_4_bars_if_mfe_lt_0_3r,0.5410586090439954
48,partial_50pct_at_1r,0.7705293045219976
49,baseline,0.6528732089668231
49,breakeven_after_0_5r,0.6528732089668231
49,breakeven_after_1_0r,0.6528732089668231
49,exit_at_first_0_5r,0.5
49,exit_at_first_1_0r,1.0
49,trail_0_5r_after_1_0r,0.5656208455358298
49,time_exit_after_4_bars_if_mfe_lt_0_3r,0.6528732089668231
49,partial_50pct_at_1r,0.8264366044834115
50,baseline,0.3424685604510906
50,breakeven_after_0_5r,0.0
50,breakeven_after_1_0r,0.3424685604510906
50,exit_at_first_0_5r,0.5
50,exit_at_first_1_0r,0.3424685604510906
50,trail_0_5r_after_1_0r,0.3424685604510906
50,time_exit_after_4_bars_if_mfe_lt_0_3r,0.3424685604510906
50,partial_50pct_at_1r,0.3424685604510906
51,baseline,-0.30135270456082347
51,breakeven_after_0_5r,-0.30135270456082347
51,breakeven_after_1_0r,-0.30135270456082347
51,exit_at_first_0_5r,-0.30135270456082347
51,exit_at_first_1_0r,-0.30135270456082347
51,trail_0_5r_after_1_0r,-0.30135270456082347
51,time_exit_after_4_bars_if_mfe_lt_0_3r,-0.30135270456082347
51,partial_50pct_at_1r,-0.30135270456082347
52,baseline,0.188046156163499
52,breakeven_after_0_5r,0.188046156163499
52,breakeven_after_1_0r,0.188046156163499
52,exit_at_first_0_5r,0.188046156163499
52,exit_at_first_1_0r,0.188046156163499
52,trail_0_5r_after_1_0r,0.188046156163499
52,time_exit_after_4_bars_if_mfe_lt_0_3r,0.188046156163499
52,partial_50pct_at_1r,0.188046156163499
53,baseline,-1.0191125161100487
53,breakeven_after_0_5r,-1.0191125161100487
53,breakeven_after_1_0r,-1.0191125161100487
53,exit_at_first_0_5r,-1.0191125161100487
53,exit_at_first_1_0r,-1.0191125161100487
53,trail_0_5r_after_1_0r,-1.0191125161100487
53,time_exit_after_4_bars_if_mfe_lt_0_3r,-0.8060916494224533
53,partial_50pct_at_1r,-1.0191125161100487
54,baseline,0.5717567178636374
54,breakeven_after_0_5r,0.0
54,breakeven_after_1_0r,0.5717567178636374
54,exit_at_first_0_5r,0.5
54,exit_at_first_1_0r,1.0
54,trail_0_5r_after_1_0r,0.5717567178636374
54,time_exit_after_4_bars_if_mfe_lt_0_3r,0.5717567178636374
54,partial_50pct_at_1r,0.7858783589318187
55,baseline,-0.3574983552778365
55,breakeven_after_0_5r,0.0
55,breakeven_after_1_0r,-0.3574983552778365
55,exit_at_first_0_5r,0.5
55,exit_at_first_1_0r,-0.3574983552778365
55,trail_0_5r_after_1_0r,-0.3574983552778365
55,time_exit_after_4_bars_if_mfe_lt_0_3r,-0.3574983552778365
55,partial_50pct_at_1r,-0.3574983552778365
56,baseline,0.3543791028689432
56,breakeven_after_0_5r,0.0
56,breakeven_after_1_0r,0.3543791028689432
56,exit_at_first_0_5r,0.5
56,exit_at_first_1_0r,0.3543791028689432
56,trail_0_5r_after_1_0r,0.3543791028689432
56,time_exit_after_4_bars_if_mfe_lt_0_3r,0.3543791028689432
56,partial_50pct_at_1r,0.3543791028689432
57,baseline,0.2693591912769897
57,breakeven_after_0_5r,0.2693591912769897
57,breakeven_after_1_0r,0.2693591912769897
57,exit_at_first_0_5r,0.2693591912769897
57,exit_at_first_1_0r,0.2693591912769897
57,trail_0_5r_after_1_0r,0.2693591912769897
57,time_exit_after_4_bars_if_mfe_lt_0_3r,0.2693591912769897
57,partial_50pct_at_1r,0.2693591912769897
58,baseline,-1.013401161813124
58,breakeven_after_0_5r,-1.013401161813124
58,breakeven_after_1_0r,-1.013401161813124
58,exit_at_first_0_5r,-1.013401161813124
58,exit_at_first_1_0r,-1.013401161813124
58,trail_0_5r_after_1_0r,-1.013401161813124
58,time_exit_after_4_bars_if_mfe_lt_0_3r,-1.013401161813124
58,partial_50pct_at_1r,-1.013401161813124
59,baseline,0.2470311790428724
59,breakeven_after_0_5r,0.2470311790428724
59,breakeven_after_1_0r,0.2470311790428724
59,exit_at_first_0_5r,0.2470311790428724
59,exit_at_first_1_0r,0.2470311790428724
59,trail_0_5r_after_1_0r,0.2470311790428724
59,time_exit_after_4_bars_if_mfe_lt_0_3r,0.2470311790428724
59,partial_50pct_at_1r,0.2470311790428724
60,baseline,-1.015269239071319
60,breakeven_after_0_5r,-1.015269239071319
60,breakeven_after_1_0r,-1.015269239071319
60,exit_at_first_0_5r,-1.015269239071319
60,exit_at_first_1_0r,-1.015269239071319
60,trail_0_5r_after_1_0r,-1.015269239071319
60,time_exit_after_4_bars_if_mfe_lt_0_3r,-1.015269239071319
60,partial_50pct_at_1r,-1.015269239071319
61,baseline,-0.09325057365908088
61,breakeven_after_0_5r,-0.09325057365908088
61,breakeven_after_1_0r,-0.09325057365908088
61,exit_at_first_0_5r,-0.09325057365908088
61,exit_at_first_1_0r,-0.09325057365908088
61,trail_0_5r_after_1_0r,-0.09325057365908088
61,time_exit_after_4_bars_if_mfe_lt_0_3r,-0.09325057365908088
61,partial_50pct_at_1r,-0.09325057365908088
62,baseline,0.28968121120177487
62,breakeven_after_0_5r,0.0
62,breakeven_after_1_0r,0.28968121120177487
62,exit_at_first_0_5r,0.5
62,exit_at_first_1_0r,0.28968121120177487
62,trail_0_5r_after_1_0r,0.28968121120177487
62,time_exit_after_4_bars_if_mfe_lt_0_3r,0.28968121120177487
62,partial_50pct_at_1r,0.28968121120177487
63,baseline,-1.0150098737273836
63,breakeven_after_0_5r,-1.0150098737273836
63,breakeven_after_1_0r,-1.0150098737273836
63,exit_at_first_0_5r,-1.0150098737273836
63,exit_at_first_1_0r,-1.0150098737273836
63,trail_0_5r_after_1_0r,-1.0150098737273836
63,time_exit_after_4_bars_if_mfe_lt_0_3r,-1.0150098737273836
63,partial_50pct_at_1r,-1.0150098737273836
64,baseline,0.30976826455824263
64,breakeven_after_0_5r,0.30976826455824263
64,breakeven_after_1_0r,0.30976826455824263
64,exit_at_first_0_5r,0.5
64,exit_at_first_1_0r,0.30976826455824263
64,trail_0_5r_after_1_0r,0.30976826455824263
64,time_exit_after_4_bars_if_mfe_lt_0_3r,0.003763692860897507
64,partial_50pct_at_1r,0.30976826455824263
65,baseline,0.11947590985712435
65,breakeven_after_0_5r,0.11947590985712435
65,breakeven_after_1_0r,0.11947590985712435
65,exit_at_first_0_5r,0.11947590985712435
65,exit_at_first_1_0r,0.11947590985712435
65,trail_0_5r_after_1_0r,0.11947590985712435
65,time_exit_after_4_bars_if_mfe_lt_0_3r,0.11947590985712435
65,partial_50pct_at_1r,0.11947590985712435
66,baseline,-1.0163754619516772
66,breakeven_after_0_5r,-1.0163754619516772
66,breakeven_after_1_0r,-1.0163754619516772
66,exit_at_first_0_5r,-1.0163754619516772
66,exit_at_first_1_0r,-1.0163754619516772
66,trail_0_5r_after_1_0r,-1.0163754619516772
66,time_exit_after_4_bars_if_mfe_lt_0_3r,-1.0163754619516772
66,partial_50pct_at_1r,-1.0163754619516772
67,baseline,0.06336538228343469
67,breakeven_after_0_5r,0.06336538228343469
67,breakeven_after_1_0r,0.06336538228343469
67,exit_at_first_0_5r,0.06336538228343469
67,exit_at_first_1_0r,0.06336538228343469
67,trail_0_5r_after_1_0r,0.06336538228343469
67,time_exit_after_4_bars_if_mfe_lt_0_3r,0.06336538228343469
67,partial_50pct_at_1r,0.06336538228343469
68,baseline,1.1453563754246248
68,breakeven_after_0_5r,0.0
68,breakeven_after_1_0r,0.0
68,exit_at_first_0_5r,0.5
68,exit_at_first_1_0r,1.0
68,trail_0_5r_after_1_0r,0.8603361016525859
68,time_exit_after_4_bars_if_mfe_lt_0_3r,1.1453563754246248
68,partial_50pct_at_1r,1.0726781877123124
69,baseline,-1.014504219040965
69,breakeven_after_0_5r,-1.014504219040965
69,breakeven_after_1_0r,-1.014504219040965
69,exit_at_first_0_5r,-1.014504219040965
69,exit_at_first_1_0r,-1.014504219040965
69,trail_0_5r_after_1_0r,-1.014504219040965
69,time_exit_after_4_bars_if_mfe_lt_0_3r,-1.014504219040965
69,partial_50pct_at_1r,-1.014504219040965
70,baseline,-1.014223229562024
70,breakeven_after_0_5r,-1.014223229562024
70,breakeven_after_1_0r,-1.014223229562024
70,exit_at_first_0_5r,-1.014223229562024
70,exit_at_first_1_0r,-1.014223229562024
70,trail_0_5r_after_1_0r,-1.014223229562024
70,time_exit_after_4_bars_if_mfe_lt_0_3r,-1.014223229562024
70,partial_50pct_at_1r,-1.014223229562024
71,baseline,-1.013636673997824
71,breakeven_after_0_5r,-1.013636673997824
71,breakeven_after_1_0r,-1.013636673997824
71,exit_at_first_0_5r,-1.013636673997824
71,exit_at_first_1_0r,-1.013636673997824
71,trail_0_5r_after_1_0r,-1.013636673997824
71,time_exit_after_4_bars_if_mfe_lt_0_3r,-1.013636673997824
71,partial_50pct_at_1r,-1.013636673997824
72,baseline,0.3779803825936398
72,breakeven_after_0_5r,0.3779803825936398
72,breakeven_after_1_0r,0.3779803825936398
72,exit_at_first_0_5r,0.5
72,exit_at_first_1_0r,1.0
72,trail_0_5r_after_1_0r,0.6263075513414862
72,time_exit_after_4_bars_if_mfe_lt_0_3r,0.3779803825936398
72,partial_50pct_at_1r,0.6889901912968199
73,baseline,0.39155423515726934
73,breakeven_after_0_5r,0.39155423515726934
73,breakeven_after_1_0r,0.39155423515726934
73,exit_at_first_0_5r,0.5
73,exit_at_first_1_0r,0.39155423515726934
73,trail_0_5r_after_1_0r,0.39155423515726934
73,time_exit_after_4_bars_if_mfe_lt_0_3r,0.39155423515726934
73,partial_50pct_at_1r,0.39155423515726934
74,baseline,0.2939228731831732
74,breakeven_after_0_5r,0.2939228731831732
74,breakeven_after_1_0r,0.2939228731831732
74,exit_at_first_0_5r,0.5
74,exit_at_first_1_0r,0.2939228731831732
74,trail_0_5r_after_1_0r,0.2939228731831732
74,time_exit_after_4_bars_if_mfe_lt_0_3r,0.2939228731831732
74,partial_50pct_at_1r,0.2939228731831732
75,baseline,0.24729691208131138
75,breakeven_after_0_5r,0.24729691208131138
75,breakeven_after_1_0r,0.24729691208131138
75,exit_at_first_0_5r,0.24729691208131138
75,exit_at_first_1_0r,0.24729691208131138
75,trail_0_5r_after_1_0r,0.24729691208131138
75,time_exit_after_4_bars_if_mfe_lt_0_3r,-0.01980575305248755
75,partial_50pct_at_1r,0.24729691208131138
76,baseline,0.21638017273517807
76,breakeven_after_0_5r,0.21638017273517807
76,breakeven_after_1_0r,0.21638017273517807
76,exit_at_first_0_5r,0.21638017273517807
76,exit_at_first_1_0r,0.21638017273517807
76,trail_0_5r_after_1_0r,0.21638017273517807
76,time_exit_after_4_bars_if_mfe_lt_0_3r,0.21638017273517807
76,partial_50pct_at_1r,0.21638017273517807
77,baseline,0.2966482820430428
77,breakeven_after_0_5r,0.2966482820430428
77,breakeven_after_1_0r,0.2966482820430428
77,exit_at_first_0_5r,0.2966482820430428
77,exit_at_first_1_0r,0.2966482820430428
77,trail_0_5r_after_1_0r,0.2966482820430428
77,time_exit_after_4_bars_if_mfe_lt_0_3r,-0.6072706347424259
77,partial_50pct_at_1r,0.2966482820430428
78,baseline,0.2666914158598152
78,breakeven_after_0_5r,0.2666914158598152
78,breakeven_after_1_0r,0.2666914158598152
78,exit_at_first_0_5r,0.2666914158598152
78,exit_at_first_1_0r,0.2666914158598152
78,trail_0_5r_after_1_0r,0.2666914158598152
78,time_exit_after_4_bars_if_mfe_lt_0_3r,0.2666914158598152
78,partial_50pct_at_1r,0.2666914158598152
79,baseline,-1.0101373509302407
79,breakeven_after_0_5r,-1.0101373509302407
79,breakeven_after_1_0r,-1.0101373509302407
79,exit_at_first_0_5r,-1.0101373509302407
79,exit_at_first_1_0r,-1.0101373509302407
79,trail_0_5r_after_1_0r,-1.0101373509302407
79,time_exit_after_4_bars_if_mfe_lt_0_3r,-1.0101373509302407
79,partial_50pct_at_1r,-1.0101373509302407
80,baseline,0.2554262942775343
80,breakeven_after_0_5r,0.2554262942775343
80,breakeven_after_1_0r,0.2554262942775343
80,exit_at_first_0_5r,0.5
80,exit_at_first_1_0r,0.2554262942775343
80,trail_0_5r_after_1_0r,0.2554262942775343
80,time_exit_after_4_bars_if_mfe_lt_0_3r,0.2554262942775343
80,partial_50pct_at_1r,0.2554262942775343
81,baseline,0.22267893921902462
81,breakeven_after_0_5r,0.22267893921902462
81,breakeven_after_1_0r,0.22267893921902462
81,exit_at_first_0_5r,0.22267893921902462
81,exit_at_first_1_0r,0.22267893921902462
81,trail_0_5r_after_1_0r,0.22267893921902462
81,time_exit_after_4_bars_if_mfe_lt_0_3r,0.22267893921902462
81,partial_50pct_at_1r,0.22267893921902462
82,baseline,0.3293047359960664
82,breakeven_after_0_5r,0.0
82,breakeven_after_1_0r,0.3293047359960664
82,exit_at_first_0_5r,0.5
82,exit_at_first_1_0r,0.3293047359960664
82,trail_0_5r_after_1_0r,0.3293047359960664
82,time_exit_after_4_bars_if_mfe_lt_0_3r,0.3293047359960664
82,partial_50pct_at_1r,0.3293047359960664
83,baseline,0.300506220292872
83,breakeven_after_0_5r,0.0
83,breakeven_after_1_0r,0.300506220292872
83,exit_at_first_0_5r,0.5
83,exit_at_first_1_0r,0.300506220292872
83,trail_0_5r_after_1_0r,0.300506220292872
83,time_exit_after_4_bars_if_mfe_lt_0_3r,-0.2761682235056303
83,partial_50pct_at_1r,0.300506220292872
84,baseline,-1.0106647624131082
84,breakeven_after_0_5r,-1.0106647624131082
84,breakeven_after_1_0r,-1.0106647624131082
84,exit_at_first_0_5r,-1.0106647624131082
84,exit_at_first_1_0r,-1.0106647624131082
84,trail_0_5r_after_1_0r,-1.0106647624131082
84,time_exit_after_4_bars_if_mfe_lt_0_3r,-1.0106647624131082
84,partial_50pct_at_1r,-1.0106647624131082
85,baseline,0.2452065432494161
85,breakeven_after_0_5r,0.2452065432494161
85,breakeven_after_1_0r,0.2452065432494161
85,exit_at_first_0_5r,0.2452065432494161
85,exit_at_first_1_0r,0.2452065432494161
85,trail_0_5r_after_1_0r,0.2452065432494161
85,time_exit_after_4_bars_if_mfe_lt_0_3r,-0.09908179020684818
85,partial_50pct_at_1r,0.2452065432494161
86,baseline,0.35585919372378255
86,breakeven_after_0_5r,0.0
86,breakeven_after_1_0r,0.35585919372378255
86,exit_at_first_0_5r,0.5
86,exit_at_first_1_0r,0.35585919372378255
86,trail_0_5r_after_1_0r,0.35585919372378255
86,time_exit_after_4_bars_if_mfe_lt_0_3r,0.35585919372378255
86,partial_50pct_at_1r,0.35585919372378255
87,baseline,0.2116466691136976
87,breakeven_after_0_5r,0.2116466691136976
87,breakeven_after_1_0r,0.2116466691136976
87,exit_at_first_0_5r,0.2116466691136976
87,exit_at_first_1_0r,0.2116466691136976
87,trail_0_5r_after_1_0r,0.2116466691136976
87,time_exit_after_4_bars_if_mfe_lt_0_3r,0.2116466691136976
87,partial_50pct_at_1r,0.2116466691136976
88,baseline,-0.05377866461896143
88,breakeven_after_0_5r,-0.05377866461896143
88,breakeven_after_1_0r,-0.05377866461896143
88,exit_at_first_0_5r,-0.05377866461896143
88,exit_at_first_1_0r,-0.05377866461896143
88,trail_0_5r_after_1_0r,-0.05377866461896143
88,time_exit_after_4_bars_if_mfe_lt_0_3r,-0.05377866461896143
88,partial_50pct_at_1r,-0.05377866461896143
89,baseline,-1.0154546805081208
89,breakeven_after_0_5r,-1.0154546805081208
89,breakeven_after_1_0r,-1.0154546805081208
89,exit_at_first_0_5r,-1.0154546805081208
89,exit_at_first_1_0r,-1.0154546805081208
89,trail_0_5r_after_1_0r,-1.0154546805081208
89,time_exit_after_4_bars_if_mfe_lt_0_3r,-1.0154546805081208
89,partial_50pct_at_1r,-1.0154546805081208
90,baseline,0.16674845041430386
90,breakeven_after_0_5r,0.16674845041430386
90,breakeven_after_1_0r,0.16674845041430386
90,exit_at_first_0_5r,0.16674845041430386
90,exit_at_first_1_0r,0.16674845041430386
90,trail_0_5r_after_1_0r,0.16674845041430386
90,time_exit_after_4_bars_if_mfe_lt_0_3r,0.16674845041430386
90,partial_50pct_at_1r,0.16674845041430386
91,baseline,0.6781943444263413
91,breakeven_after_0_5r,0.0
91,breakeven_after_1_0r,0.0
91,exit_at_first_0_5r,0.5
91,exit_at_first_1_0r,1.0
91,trail_0_5r_after_1_0r,0.6154953499926332
91,time_exit_after_4_bars_if_mfe_lt_0_3r,0.6781943444263413
91,partial_50pct_at_1r,0.8390971722131706
92,baseline,0.5796175434421671
92,breakeven_after_0_5r,0.0
92,breakeven_after_1_0r,0.5796175434421671
92,exit_at_first_0_5r,0.5
92,exit_at_first_1_0r,0.5796175434421671
92,trail_0_5r_after_1_0r,0.5796175434421671
92,time_exit_after_4_bars_if_mfe_lt_0_3r,0.5796175434421671
92,partial_50pct_at_1r,0.5796175434421671
93,baseline,0.31892494554428963
93,breakeven_after_0_5r,0.0
93,breakeven_after_1_0r,0.31892494554428963
93,exit_at_first_0_5r,0.5
93,exit_at_first_1_0r,0.31892494554428963
93,trail_0_5r_after_1_0r,0.31892494554428963
93,time_exit_after_4_bars_if_mfe_lt_0_3r,0.31892494554428963
93,partial_50pct_at_1r,0.31892494554428963
94,baseline,0.24325039863311448
94,breakeven_after_0_5r,0.24325039863311448
94,breakeven_after_1_0r,0.24325039863311448
94,exit_at_first_0_5r,0.24325039863311448
94,exit_at_first_1_0r,0.24325039863311448
94,trail_0_5r_after_1_0r,0.24325039863311448
94,time_exit_after_4_bars_if_mfe_lt_0_3r,0.24325039863311448
94,partial_50pct_at_1r,0.24325039863311448
95,baseline,0.23643890086563044
95,breakeven_after_0_5r,0.23643890086563044
95,breakeven_after_1_0r,0.23643890086563044
95,exit_at_first_0_5r,0.23643890086563044
95,exit_at_first_1_0r,0.23643890086563044
95,trail_0_5r_after_1_0r,0.23643890086563044
95,time_exit_after_4_bars_if_mfe_lt_0_3r,0.23643890086563044
95,partial_50pct_at_1r,0.23643890086563044
96,baseline,-1.014180428377
96,breakeven_after_0_5r,-1.014180428377
96,breakeven_after_1_0r,-1.014180428377
96,exit_at_first_0_5r,-1.014180428377
96,exit_at_first_1_0r,-1.014180428377
96,trail_0_5r_after_1_0r,-1.014180428377
96,time_exit_after_4_bars_if_mfe_lt_0_3r,-0.2862212538572566
96,partial_50pct_at_1r,-1.014180428377
97,baseline,0.2524516401428103
97,breakeven_after_0_5r,0.2524516401428103
97,breakeven_after_1_0r,0.2524516401428103
97,exit_at_first_0_5r,0.5
97,exit_at_first_1_0r,0.2524516401428103
97,trail_0_5r_after_1_0r,0.2524516401428103
97,time_exit_after_4_bars_if_mfe_lt_0_3r,0.2524516401428103
97,partial_50pct_at_1r,0.2524516401428103
98,baseline,0.24156835691147927
98,breakeven_after_0_5r,0.0
98,breakeven_after_1_0r,0.24156835691147927
98,exit_at_first_0_5r,0.5
98,exit_at_first_1_0r,0.24156835691147927
98,trail_0_5r_after_1_0r,0.24156835691147927
98,time_exit_after_4_bars_if_mfe_lt_0_3r,0.24156835691147927
98,partial_50pct_at_1r,0.24156835691147927
99,baseline,0.02657498538409355
99,breakeven_after_0_5r,0.02657498538409355
99,breakeven_after_1_0r,0.02657498538409355
99,exit_at_first_0_5r,0.02657498538409355
99,exit_at_first_1_0r,0.02657498538409355
99,trail_0_5r_after_1_0r,0.02657498538409355
99,time_exit_after_4_bars_if_mfe_lt_0_3r,0.02657498538409355
99,partial_50pct_at_1r,0.02657498538409355
100,baseline,-1.0126907056641576
100,breakeven_after_0_5r,-1.0126907056641576
100,breakeven_after_1_0r,-1.0126907056641576
100,exit_at_first_0_5r,-1.0126907056641576
100,exit_at_first_1_0r,-1.0126907056641576
100,trail_0_5r_after_1_0r,-1.0126907056641576
100,time_exit_after_4_bars_if_mfe_lt_0_3r,-1.0126907056641576
100,partial_50pct_at_1r,-1.0126907056641576
101,baseline,0.4101020504813284
101,breakeven_after_0_5r,0.0
101,breakeven_after_1_0r,0.4101020504813284
101,exit_at_first_0_5r,0.5
101,exit_at_first_1_0r,0.4101020504813284
101,trail_0_5r_after_1_0r,0.4101020504813284
101,time_exit_after_4_bars_if_mfe_lt_0_3r,0.4101020504813284
101,partial_50pct_at_1r,0.4101020504813284
102,baseline,0.44914380445521734
102,breakeven_after_0_5r,0.0
102,breakeven_after_1_0r,0.44914380445521734
102,exit_at_first_0_5r,0.5
102,exit_at_first_1_0r,0.44914380445521734
102,trail_0_5r_after_1_0r,0.44914380445521734
102,time_exit_after_4_bars_if_mfe_lt_0_3r,0.44914380445521734
102,partial_50pct_at_1r,0.44914380445521734
103,baseline,0.9601642595606162
103,breakeven_after_0_5r,0.9601642595606162
103,breakeven_after_1_0r,0.9601642595606162
103,exit_at_first_0_5r,0.5
103,exit_at_first_1_0r,1.0
103,trail_0_5r_after_1_0r,0.7169374763172001
103,time_exit_after_4_bars_if_mfe_lt_0_3r,0.9601642595606162
103,partial_50pct_at_1r,0.9800821297803082
104,baseline,0.20183286907437697
104,breakeven_after_0_5r,0.0
104,breakeven_after_1_0r,0.20183286907437697
104,exit_at_first_0_5r,0.5
104,exit_at_first_1_0r,0.20183286907437697
104,trail_0_5r_after_1_0r,0.20183286907437697
104,time_exit_after_4_bars_if_mfe_lt_0_3r,-0.44083610423570074
104,partial_50pct_at_1r,0.20183286907437697
105,baseline,0.40452520685703713
105,breakeven_after_0_5r,0.0
105,breakeven_after_1_0r,0.40452520685703713
105,exit_at_first_0_5r,0.5
105,exit_at_first_1_0r,0.40452520685703713
105,trail_0_5r_after_1_0r,0.40452520685703713
105,time_exit_after_4_bars_if_mfe_lt_0_3r,0.40452520685703713
105,partial_50pct_at_1r,0.40452520685703713
106,baseline,1.4160792475579267
106,breakeven_after_0_5r,0.0
106,breakeven_after_1_0r,1.4160792475579267
106,exit_at_first_0_5r,0.5
106,exit_at_first_1_0r,1.0
106,trail_0_5r_after_1_0r,1.1281610071516903
106,time_exit_after_4_bars_if_mfe_lt_0_3r,1.4160792475579267
106,partial_50pct_at_1r,1.2080396237789635
107,baseline,0.10160894705418225
107,breakeven_after_0_5r,0.10160894705418225
107,breakeven_after_1_0r,0.10160894705418225
107,exit_at_first_0_5r,0.10160894705418225
107,exit_at_first_1_0r,0.10160894705418225
107,trail_0_5r_after_1_0r,0.10160894705418225
107,time_exit_after_4_bars_if_mfe_lt_0_3r,0.10160894705418225
107,partial_50pct_at_1r,0.10160894705418225
108,baseline,0.4249361045610759
108,breakeven_after_0_5r,0.4249361045610759
108,breakeven_after_1_0r,0.4249361045610759
108,exit_at_first_0_5r,0.5
108,exit_at_first_1_0r,0.4249361045610759
108,trail_0_5r_after_1_0r,0.4249361045610759
108,time_exit_after_4_bars_if_mfe_lt_0_3r,0.4249361045610759
108,partial_50pct_at_1r,0.4249361045610759
109,baseline,0.20647356189536947
109,breakeven_after_0_5r,0.20647356189536947
109,breakeven_after_1_0r,0.20647356189536947
109,exit_at_first_0_5r,0.20647356189536947
109,exit_at_first_1_0r,0.20647356189536947
109,trail_0_5r_after_1_0r,0.20647356189536947
109,time_exit_after_4_bars_if_mfe_lt_0_3r,0.20647356189536947
109,partial_50pct_at_1r,0.20647356189536947
110,baseline,-1.0137543178190707
110,breakeven_after_0_5r,-1.0137543178190707
110,breakeven_after_1_0r,-1.0137543178190707
110,exit_at_first_0_5r,-1.0137543178190707
110,exit_at_first_1_0r,-1.0137543178190707
110,trail_0_5r_after_1_0r,-1.0137543178190707
110,time_exit_after_4_bars_if_mfe_lt_0_3r,-1.0137543178190707
110,partial_50pct_at_1r,-1.0137543178190707
111,baseline,0.11540536640631892
111,breakeven_after_0_5r,0.11540536640631892
111,breakeven_after_1_0r,0.11540536640631892
111,exit_at_first_0_5r,0.11540536640631892
111,exit_at_first_1_0r,0.11540536640631892
111,trail_0_5r_after_1_0r,0.11540536640631892
111,time_exit_after_4_bars_if_mfe_lt_0_3r,0.11540536640631892
111,partial_50pct_at_1r,0.11540536640631892
112,baseline,0.5356568493207917
112,breakeven_after_0_5r,0.5356568493207917
112,breakeven_after_1_0r,0.5356568493207917
112,exit_at_first_0_5r,0.5
112,exit_at_first_1_0r,0.5356568493207917
112,trail_0_5r_after_1_0r,0.5356568493207917
112,time_exit_after_4_bars_if_mfe_lt_0_3r,0.5356568493207917
112,partial_50pct_at_1r,0.5356568493207917
113,baseline,0.2272453438703831
113,breakeven_after_0_5r,0.0
113,breakeven_after_1_0r,0.2272453438703831
113,exit_at_first_0_5r,0.5
113,exit_at_first_1_0r,0.2272453438703831
113,trail_0_5r_after_1_0r,0.2272453438703831
113,time_exit_after_4_bars_if_mfe_lt_0_3r,0.2272453438703831
113,partial_50pct_at_1r,0.2272453438703831
114,baseline,-1.0113737716656772
114,breakeven_after_0_5r,0.0
114,breakeven_after_1_0r,-1.0113737716656772
114,exit_at_first_0_5r,0.5
114,exit_at_first_1_0r,-1.0113737716656772
114,trail_0_5r_after_1_0r,-1.0113737716656772
114,time_exit_after_4_bars_if_mfe_lt_0_3r,-1.0113737716656772
114,partial_50pct_at_1r,-1.0113737716656772
115,baseline,0.10185973412676279
115,breakeven_after_0_5r,0.0
115,breakeven_after_1_0r,0.10185973412676279
115,exit_at_first_0_5r,0.5
115,exit_at_first_1_0r,0.10185973412676279
115,trail_0_5r_after_1_0r,0.10185973412676279
115,time_exit_after_4_bars_if_mfe_lt_0_3r,0.10185973412676279
115,partial_50pct_at_1r,0.10185973412676279
116,baseline,-1.0107941143254946
116,breakeven_after_0_5r,-1.0107941143254946
116,breakeven_after_1_0r,-1.0107941143254946
116,exit_at_first_0_5r,-1.0107941143254946
116,exit_at_first_1_0r,-1.0107941143254946
116,trail_0_5r_after_1_0r,-1.0107941143254946
116,time_exit_after_4_bars_if_mfe_lt_0_3r,-1.0107941143254946
116,partial_50pct_at_1r,-1.0107941143254946
117,baseline,1.057693440876235
117,breakeven_after_0_5r,1.057693440876235
117,breakeven_after_1_0r,1.057693440876235
117,exit_at_first_0_5r,0.5
117,exit_at_first_1_0r,1.0
117,trail_0_5r_after_1_0r,0.7617454276739046
117,time_exit_after_4_bars_if_mfe_lt_0_3r,-0.3346111788821222
117,partial_50pct_at_1r,1.0288467204381175
118,baseline,0.2925340478932897
118,breakeven_after_0_5r,0.0
118,breakeven_after_1_0r,0.2925340478932897
118,exit_at_first_0_5r,0.5
118,exit_at_first_1_0r,0.2925340478932897
118,trail_0_5r_after_1_0r,0.2925340478932897
118,time_exit_after_4_bars_if_mfe_lt_0_3r,0.2925340478932897
118,partial_50pct_at_1r,0.2925340478932897
119,baseline,0.2558347499571421
119,breakeven_after_0_5r,0.2558347499571421
119,breakeven_after_1_0r,0.2558347499571421
119,exit_at_first_0_5r,0.2558347499571421
119,exit_at_first_1_0r,0.2558347499571421
119,trail_0_5r_after_1_0r,0.2558347499571421
119,time_exit_after_4_bars_if_mfe_lt_0_3r,0.2558347499571421
119,partial_50pct_at_1r,0.2558347499571421
120,baseline,1.3945851388119062
120,breakeven_after_0_5r,0.0
120,breakeven_after_1_0r,0.0
120,exit_at_first_0_5r,0.5
120,exit_at_first_1_0r,1.0
120,trail_0_5r_after_1_0r,1.4773768751490215
120,time_exit_after_4_bars_if_mfe_lt_0_3r,1.3945851388119062
120,partial_50pct_at_1r,1.197292569405953
121,baseline,1.1217550342425342
121,breakeven_after_0_5r,0.0
121,breakeven_after_1_0r,0.0
121,exit_at_first_0_5r,0.5
121,exit_at_first_1_0r,1.0
121,trail_0_5r_after_1_0r,0.8267214065390458
121,time_exit_after_4_bars_if_mfe_lt_0_3r,1.1217550342425342
121,partial_50pct_at_1r,1.0608775171212672
122,baseline,0.2488948601290452
122,breakeven_after_0_5r,0.2488948601290452
122,breakeven_after_1_0r,0.2488948601290452
122,exit_at_first_0_5r,0.2488948601290452
122,exit_at_first_1_0r,0.2488948601290452
122,trail_0_5r_after_1_0r,0.2488948601290452
122,time_exit_after_4_bars_if_mfe_lt_0_3r,0.2488948601290452
122,partial_50pct_at_1r,0.2488948601290452
123,baseline,-1.004948878440793
123,breakeven_after_0_5r,-1.004948878440793
123,breakeven_after_1_0r,-1.004948878440793
123,exit_at_first_0_5r,-1.004948878440793
123,exit_at_first_1_0r,-1.004948878440793
123,trail_0_5r_after_1_0r,-1.004948878440793
123,time_exit_after_4_bars_if_mfe_lt_0_3r,-1.004948878440793
123,partial_50pct_at_1r,-1.004948878440793
124,baseline,0.5187629501016815
124,breakeven_after_0_5r,0.5187629501016815
124,breakeven_after_1_0r,0.5187629501016815
124,exit_at_first_0_5r,0.5
124,exit_at_first_1_0r,0.5187629501016815
124,trail_0_5r_after_1_0r,0.5187629501016815
124,time_exit_after_4_bars_if_mfe_lt_0_3r,0.5187629501016815
124,partial_50pct_at_1r,0.5187629501016815
125,baseline,0.28599455943729896
125,breakeven_after_0_5r,0.28599455943729896
125,breakeven_after_1_0r,0.28599455943729896
125,exit_at_first_0_5r,0.28599455943729896
125,exit_at_first_1_0r,0.28599455943729896
125,trail_0_5r_after_1_0r,0.28599455943729896
125,time_exit_after_4_bars_if_mfe_lt_0_3r,0.28599455943729896
125,partial_50pct_at_1r,0.28599455943729896
126,baseline,0.3324706557443494
126,breakeven_after_0_5r,0.3324706557443494
126,breakeven_after_1_0r,0.3324706557443494
126,exit_at_first_0_5r,0.5
126,exit_at_first_1_0r,0.3324706557443494
126,trail_0_5r_after_1_0r,0.3324706557443494
126,time_exit_after_4_bars_if_mfe_lt_0_3r,0.3324706557443494
126,partial_50pct_at_1r,0.3324706557443494
127,baseline,0.18338552282430595
127,breakeven_after_0_5r,0.18338552282430595
127,breakeven_after_1_0r,0.18338552282430595
127,exit_at_first_0_5r,0.18338552282430595
127,exit_at_first_1_0r,0.18338552282430595
127,trail_0_5r_after_1_0r,0.18338552282430595
127,time_exit_after_4_bars_if_mfe_lt_0_3r,0.18338552282430595
127,partial_50pct_at_1r,0.18338552282430595
128,baseline,0.7767656486024972
128,breakeven_after_0_5r,0.0
128,breakeven_after_1_0r,0.7767656486024972
128,exit_at_first_0_5r,0.5
128,exit_at_first_1_0r,1.0
128,trail_0_5r_after_1_0r,0.843081845126356
128,time_exit_after_4_bars_if_mfe_lt_0_3r,-0.2559390159011951
128,partial_50pct_at_1r,0.8883828243012486
129,baseline,1.0812431328340895
129,breakeven_after_0_5r,1.0812431328340895
129,breakeven_after_1_0r,1.0812431328340895
129,exit_at_first_0_5r,0.5
129,exit_at_first_1_0r,1.0
129,trail_0_5r_after_1_0r,0.9570083954860604
129,time_exit_after_4_bars_if_mfe_lt_0_3r,1.0812431328340895
129,partial_50pct_at_1r,1.0406215664170446
130,baseline,-1.005319895883333
130,breakeven_after_0_5r,-1.005319895883333
130,breakeven_after_1_0r,-1.005319895883333
130,exit_at_first_0_5r,-1.005319895883333
130,exit_at_first_1_0r,-1.005319895883333
130,trail_0_5r_after_1_0r,-1.005319895883333
130,time_exit_after_4_bars_if_mfe_lt_0_3r,-1.2695841990159435
130,partial_50pct_at_1r,-1.005319895883333
131,baseline,0.9276928903490272
131,breakeven_after_0_5r,0.0
131,breakeven_after_1_0r,0.9276928903490272
131,exit_at_first_0_5r,0.5
131,exit_at_first_1_0r,1.0
131,trail_0_5r_after_1_0r,0.9276928903490272
131,time_exit_after_4_bars_if_mfe_lt_0_3r,-0.17387173749174895
131,partial_50pct_at_1r,0.9638464451745137
132,baseline,-1.0054288400380322
132,breakeven_after_0_5r,-1.0054288400380322
132,breakeven_after_1_0r,-1.0054288400380322
132,exit_at_first_0_5r,-1.0054288400380322
132,exit_at_first_1_0r,-1.0054288400380322
132,trail_0_5r_after_1_0r,-1.0054288400380322
132,time_exit_after_4_bars_if_mfe_lt_0_3r,-0.7003110750649728
132,partial_50pct_at_1r,-1.0054288400380322
133,baseline,0.3876405993689023
133,breakeven_after_0_5r,0.0
133,breakeven_after_1_0r,0.3876405993689023
133,exit_at_first_0_5r,0.5
133,exit_at_first_1_0r,0.3876405993689023
133,trail_0_5r_after_1_0r,0.3876405993689023
133,time_exit_after_4_bars_if_mfe_lt_0_3r,-0.12232899825028633
133,partial_50pct_at_1r,0.3876405993689023
134,baseline,0.19132928322664872
134,breakeven_after_0_5r,0.19132928322664872
134,breakeven_after_1_0r,0.19132928322664872
134,exit_at_first_0_5r,0.5
134,exit_at_first_1_0r,0.19132928322664872
134,trail_0_5r_after_1_0r,0.19132928322664872
134,time_exit_after_4_bars_if_mfe_lt_0_3r,0.19132928322664872
134,partial_50pct_at_1r,0.19132928322664872
135,baseline,-1.007587026767305
135,breakeven_after_0_5r,-1.007587026767305
135,breakeven_after_1_0r,-1.007587026767305
135,exit_at_first_0_5r,-1.007587026767305
135,exit_at_first_1_0r,-1.007587026767305
135,trail_0_5r_after_1_0r,-1.007587026767305
135,time_exit_after_4_bars_if_mfe_lt_0_3r,-1.007587026767305
135,partial_50pct_at_1r,-1.007587026767305
136,baseline,0.20427287327942262
136,breakeven_after_0_5r,0.20427287327942262
136,breakeven_after_1_0r,0.20427287327942262
136,exit_at_first_0_5r,0.20427287327942262
136,exit_at_first_1_0r,0.20427287327942262
136,trail_0_5r_after_1_0r,0.20427287327942262
136,time_exit_after_4_bars_if_mfe_lt_0_3r,0.20427287327942262
136,partial_50pct_at_1r,0.20427287327942262
137,baseline,0.12084843697697603
137,breakeven_after_0_5r,0.12084843697697603
137,breakeven_after_1_0r,0.12084843697697603
137,exit_at_first_0_5r,0.12084843697697603
137,exit_at_first_1_0r,0.12084843697697603
137,trail_0_5r_after_1_0r,0.12084843697697603
137,time_exit_after_4_bars_if_mfe_lt_0_3r,-0.46439296338093594
137,partial_50pct_at_1r,0.12084843697697603
138,baseline,0.26985789036044494
138,breakeven_after_0_5r,0.26985789036044494
138,breakeven_after_1_0r,0.26985789036044494
138,exit_at_first_0_5r,0.26985789036044494
138,exit_at_first_1_0r,0.26985789036044494
138,trail_0_5r_after_1_0r,0.26985789036044494
138,time_exit_after_4_bars_if_mfe_lt_0_3r,0.26985789036044494
138,partial_50pct_at_1r,0.26985789036044494
139,baseline,0.529833484324351
139,breakeven_after_0_5r,0.0
139,breakeven_after_1_0r,0.529833484324351
139,exit_at_first_0_5r,0.5
139,exit_at_first_1_0r,0.529833484324351
139,trail_0_5r_after_1_0r,0.529833484324351
139,time_exit_after_4_bars_if_mfe_lt_0_3r,0.529833484324351
139,partial_50pct_at_1r,0.529833484324351
140,baseline,-1.0113358203247975
140,breakeven_after_0_5r,-1.0113358203247975
140,breakeven_after_1_0r,-1.0113358203247975
140,exit_at_first_0_5r,-1.0113358203247975
140,exit_at_first_1_0r,-1.0113358203247975
140,trail_0_5r_after_1_0r,-1.0113358203247975
140,time_exit_after_4_bars_if_mfe_lt_0_3r,-1.0113358203247975
140,partial_50pct_at_1r,-1.0113358203247975
141,baseline,-1.0111669609774792
141,breakeven_after_0_5r,-1.0111669609774792
141,breakeven_after_1_0r,-1.0111669609774792
141,exit_at_first_0_5r,-1.0111669609774792
141,exit_at_first_1_0r,-1.0111669609774792
141,trail_0_5r_after_1_0r,-1.0111669609774792
141,time_exit_after_4_bars_if_mfe_lt_0_3r,-1.0111669609774792
141,partial_50pct_at_1r,-1.0111669609774792
142,baseline,0.7316371307498197
142,breakeven_after_0_5r,0.0
142,breakeven_after_1_0r,0.7316371307498197
142,exit_at_first_0_5r,0.5
142,exit_at_first_1_0r,1.0
142,trail_0_5r_after_1_0r,0.5406165419409454
142,time_exit_after_4_bars_if_mfe_lt_0_3r,0.7316371307498197
142,partial_50pct_at_1r,0.8658185653749099
143,baseline,-1.0101092039978052
143,breakeven_after_0_5r,-1.0101092039978052
143,breakeven_after_1_0r,-1.0101092039978052
143,exit_at_first_0_5r,-1.0101092039978052
143,exit_at_first_1_0r,-1.0101092039978052
143,trail_0_5r_after_1_0r,-1.0101092039978052
143,time_exit_after_4_bars_if_mfe_lt_0_3r,-0.9181818423394654
143,partial_50pct_at_1r,-1.0101092039978052
144,baseline,0.2031568207604975
144,breakeven_after_0_5r,0.2031568207604975
144,breakeven_after_1_0r,0.2031568207604975
144,exit_at_first_0_5r,0.5
144,exit_at_first_1_0r,0.2031568207604975
144,trail_0_5r_after_1_0r,0.2031568207604975
144,time_exit_after_4_bars_if_mfe_lt_0_3r,-0.38796103390893505
144,partial_50pct_at_1r,0.2031568207604975
145,baseline,0.4358906095740656
145,breakeven_after_0_5r,0.4358906095740656
145,breakeven_after_1_0r,0.4358906095740656
145,exit_at_first_0_5r,0.5
145,exit_at_first_1_0r,0.4358906095740656
145,trail_0_5r_after_1_0r,0.4358906095740656
145,time_exit_after_4_bars_if_mfe_lt_0_3r,0.4358906095740656
145,partial_50pct_at_1r,0.4358906095740656
146,baseline,0.3160638375682842
146,breakeven_after_0_5r,0.0
146,breakeven_after_1_0r,0.3160638375682842
146,exit_at_first_0_5r,0.5
146,exit_at_first_1_0r,0.3160638375682842
146,trail_0_5r_after_1_0r,0.3160638375682842
146,time_exit_after_4_bars_if_mfe_lt_0_3r,-0.25773008872804853
146,partial_50pct_at_1r,0.3160638375682842
147,baseline,0.45735088247299027
147,breakeven_after_0_5r,0.0
147,breakeven_after_1_0r,0.45735088247299027
147,exit_at_first_0_5r,0.5
147,exit_at_first_1_0r,0.45735088247299027
147,trail_0_5r_after_1_0r,0.45735088247299027
147,time_exit_after_4_bars_if_mfe_lt_0_3r,0.45735088247299027
147,partial_50pct_at_1r,0.45735088247299027
148,baseline,0.922989700889931
148,breakeven_after_0_5r,0.922989700889931
148,breakeven_after_1_0r,0.922989700889931
148,exit_at_first_0_5r,0.5
148,exit_at_first_1_0r,1.0
148,trail_0_5r_after_1_0r,1.1487689399252727
148,time_exit_after_4_bars_if_mfe_lt_0_3r,0.922989700889931
148,partial_50pct_at_1r,0.9614948504449655
149,baseline,-1.0113091024143261
149,breakeven_after_0_5r,-1.0113091024143261
149,breakeven_after_1_0r,-1.0113091024143261
149,exit_at_first_0_5r,-1.0113091024143261
149,exit_at_first_1_0r,-1.0113091024143261
149,trail_0_5r_after_1_0r,-1.0113091024143261
149,time_exit_after_4_bars_if_mfe_lt_0_3r,-0.8838423192631948
149,partial_50pct_at_1r,-1.0113091024143261
150,baseline,-1.0112946463967725
150,breakeven_after_0_5r,-1.0112946463967725
150,breakeven_after_1_0r,-1.0112946463967725
150,exit_at_first_0_5r,-1.0112946463967725
150,exit_at_first_1_0r,-1.0112946463967725
150,trail_0_5r_after_1_0r,-1.0112946463967725
150,time_exit_after_4_bars_if_mfe_lt_0_3r,-1.0112946463967725
150,partial_50pct_at_1r,-1.0112946463967725
151,baseline,0.5110281639551734
151,breakeven_after_0_5r,0.5110281639551734
151,breakeven_after_1_0r,0.5110281639551734
151,exit_at_first_0_5r,0.5
151,exit_at_first_1_0r,0.5110281639551734
151,trail_0_5r_after_1_0r,0.5110281639551734
151,time_exit_after_4_bars_if_mfe_lt_0_3r,0.5110281639551734
151,partial_50pct_at_1r,0.5110281639551734
152,baseline,-1.0111970352631932
152,breakeven_after_0_5r,-1.0111970352631932
152,breakeven_after_1_0r,-1.0111970352631932
152,exit_at_first_0_5r,-1.0111970352631932
152,exit_at_first_1_0r,-1.0111970352631932
152,trail_0_5r_after_1_0r,-1.0111970352631932
152,time_exit_after_4_bars_if_mfe_lt_0_3r,-0.1732381681533138
152,partial_50pct_at_1r,-1.0111970352631932
153,baseline,0.31270056435221344
153,breakeven_after_0_5r,0.31270056435221344
153,breakeven_after_1_0r,0.31270056435221344
153,exit_at_first_0_5r,0.5
153,exit_at_first_1_0r,0.31270056435221344
153,trail_0_5r_after_1_0r,0.31270056435221344
153,time_exit_after_4_bars_if_mfe_lt_0_3r,0.31270056435221344
153,partial_50pct_at_1r,0.31270056435221344
154,baseline,-1.012729179722449
154,breakeven_after_0_5r,-1.012729179722449
154,breakeven_after_1_0r,-1.012729179722449
154,exit_at_first_0_5r,-1.012729179722449
154,exit_at_first_1_0r,-1.012729179722449
154,trail_0_5r_after_1_0r,-1.012729179722449
154,time_exit_after_4_bars_if_mfe_lt_0_3r,-1.012729179722449
154,partial_50pct_at_1r,-1.012729179722449
155,baseline,-1.0123693755085375
155,breakeven_after_0_5r,-1.0123693755085375
155,breakeven_after_1_0r,-1.0123693755085375
155,exit_at_first_0_5r,-1.0123693755085375
155,exit_at_first_1_0r,-1.0123693755085375
155,trail_0_5r_after_1_0r,-1.0123693755085375
155,time_exit_after_4_bars_if_mfe_lt_0_3r,-0.03402386331600438
155,partial_50pct_at_1r,-1.0123693755085375
156,baseline,0.4670785331264395
156,breakeven_after_0_5r,0.0
156,breakeven_after_1_0r,0.4670785331264395
156,exit_at_first_0_5r,0.5
156,exit_at_first_1_0r,0.4670785331264395
156,trail_0_5r_after_1_0r,0.4670785331264395
156,time_exit_after_4_bars_if_mfe_lt_0_3r,-0.2709697085348785
156,partial_50pct_at_1r,0.4670785331264395
157,baseline,-1.0128030196636206
157,breakeven_after_0_5r,-1.0128030196636206
157,breakeven_after_1_0r,-1.0128030196636206
157,exit_at_first_0_5r,-1.0128030196636206
157,exit_at_first_1_0r,-1.0128030196636206
157,trail_0_5r_after_1_0r,-1.0128030196636206
157,time_exit_after_4_bars_if_mfe_lt_0_3r,-0.023962230326826706
157,partial_50pct_at_1r,-1.0128030196636206
158,baseline,2.4870338911127168
158,breakeven_after_0_5r,0.0
158,breakeven_after_1_0r,0.0
158,exit_at_first_0_5r,0.5
158,exit_at_first_1_0r,1.0
158,trail_0_5r_after_1_0r,4.992264149442936
158,time_exit_after_4_bars_if_mfe_lt_0_3r,2.4870338911127168
158,partial_50pct_at_1r,1.7435169455563584
159,baseline,1.0732131574191528
159,breakeven_after_0_5r,1.0732131574191528
159,breakeven_after_1_0r,1.0732131574191528
159,exit_at_first_0_5r,0.5
159,exit_at_first_1_0r,1.0
159,trail_0_5r_after_1_0r,0.5995337635831111
159,time_exit_after_4_bars_if_mfe_lt_0_3r,1.0732131574191528
159,partial_50pct_at_1r,1.0366065787095764
160,baseline,0.3578478790401024
160,breakeven_after_0_5r,0.0
160,breakeven_after_1_0r,0.3578478790401024
160,exit_at_first_0_5r,0.5
160,exit_at_first_1_0r,0.3578478790401024
160,trail_0_5r_after_1_0r,0.3578478790401024
160,time_exit_after_4_bars_if_mfe_lt_0_3r,0.3578478790401024
160,partial_50pct_at_1r,0.3578478790401024
161,baseline,0.40481587366251803
161,breakeven_after_0_5r,0.0
161,breakeven_after_1_0r,0.40481587366251803
161,exit_at_first_0_5r,0.5
161,exit_at_first_1_0r,0.40481587366251803
161,trail_0_5r_after_1_0r,0.40481587366251803
161,time_exit_after_4_bars_if_mfe_lt_0_3r,0.40481587366251803
161,partial_50pct_at_1r,0.40481587366251803
162,baseline,0.7981204278970343
162,breakeven_after_0_5r,0.0
162,breakeven_after_1_0r,0.0
162,exit_at_first_0_5r,0.5
162,exit_at_first_1_0r,1.0
162,trail_0_5r_after_1_0r,0.5079297931123234
162,time_exit_after_4_bars_if_mfe_lt_0_3r,0.7981204278970343
162,partial_50pct_at_1r,0.8990602139485171
163,baseline,0.16316023663246682
163,breakeven_after_0_5r,0.16316023663246682
163,breakeven_after_1_0r,0.16316023663246682
163,exit_at_first_0_5r,0.16316023663246682
163,exit_at_first_1_0r,0.16316023663246682
163,trail_0_5r_after_1_0r,0.16316023663246682
163,time_exit_after_4_bars_if_mfe_lt_0_3r,0.16316023663246682
163,partial_50pct_at_1r,0.16316023663246682
164,baseline,0.20256289674805739
164,breakeven_after_0_5r,0.0
164,breakeven_after_1_0r,0.20256289674805739
164,exit_at_first_0_5r,0.5
164,exit_at_first_1_0r,0.20256289674805739
164,trail_0_5r_after_1_0r,0.20256289674805739
164,time_exit_after_4_bars_if_mfe_lt_0_3r,0.20256289674805739
164,partial_50pct_at_1r,0.20256289674805739
165,baseline,-0.015548216231164208
165,breakeven_after_0_5r,-0.015548216231164208
165,breakeven_after_1_0r,-0.015548216231164208
165,exit_at_first_0_5r,-0.015548216231164208
165,exit_at_first_1_0r,-0.015548216231164208
165,trail_0_5r_after_1_0r,-0.015548216231164208
165,time_exit_after_4_bars_if_mfe_lt_0_3r,-0.015548216231164208
165,partial_50pct_at_1r,-0.015548216231164208
166,baseline,0.36442812470979735
166,breakeven_after_0_5r,0.0
166,breakeven_after_1_0r,0.36442812470979735
166,exit_at_first_0_5r,0.5
166,exit_at_first_1_0r,1.0
166,trail_0_5r_after_1_0r,0.7103582158072037
166,time_exit_after_4_bars_if_mfe_lt_0_3r,0.36442812470979735
166,partial_50pct_at_1r,0.6822140623548987
167,baseline,0.6620989884892607
167,breakeven_after_0_5r,0.6620989884892607
167,breakeven_after_1_0r,0.6620989884892607
167,exit_at_first_0_5r,0.5
167,exit_at_first_1_0r,1.0
167,trail_0_5r_after_1_0r,0.9748417460663932
167,time_exit_after_4_bars_if_mfe_lt_0_3r,0.6620989884892607
167,partial_50pct_at_1r,0.8310494942446304
168,baseline,0.5694968690555875
168,breakeven_after_0_5r,0.0
168,breakeven_after_1_0r,0.5694968690555875
168,exit_at_first_0_5r,0.5
168,exit_at_first_1_0r,1.0
168,trail_0_5r_after_1_0r,0.7980966949373405
168,time_exit_after_4_bars_if_mfe_lt_0_3r,0.5694968690555875
168,partial_50pct_at_1r,0.7847484345277937
169,baseline,0.3072021398533421
169,breakeven_after_0_5r,0.0
169,breakeven_after_1_0r,0.3072021398533421
169,exit_at_first_0_5r,0.5
169,exit_at_first_1_0r,0.3072021398533421
169,trail_0_5r_after_1_0r,0.3072021398533421
169,time_exit_after_4_bars_if_mfe_lt_0_3r,0.3072021398533421
169,partial_50pct_at_1r,0.3072021398533421
170,baseline,0.2364652944505698
170,breakeven_after_0_5r,0.0
170,breakeven_after_1_0r,0.0
170,exit_at_first_0_5r,0.5
170,exit_at_first_1_0r,1.0
170,trail_0_5r_after_1_0r,0.5408938042596754
170,time_exit_after_4_bars_if_mfe_lt_0_3r,0.2364652944505698
170,partial_50pct_at_1r,0.6182326472252849
171,baseline,0.4254204981956926
171,breakeven_after_0_5r,0.0
171,breakeven_after_1_0r,0.4254204981956926
171,exit_at_first_0_5r,0.5
171,exit_at_first_1_0r,0.4254204981956926
171,trail_0_5r_after_1_0r,0.4254204981956926
171,time_exit_after_4_bars_if_mfe_lt_0_3r,0.4254204981956926
171,partial_50pct_at_1r,0.4254204981956926
172,baseline,1.3514694922539205
172,breakeven_after_0_5r,0.0
172,breakeven_after_1_0r,0.0
172,exit_at_first_0_5r,0.5
172,exit_at_first_1_0r,1.0
172,trail_0_5r_after_1_0r,1.1047874688349693
172,time_exit_after_4_bars_if_mfe_lt_0_3r,1.3514694922539205
172,partial_50pct_at_1r,1.1757347461269603
173,baseline,-0.09067666668652724
173,breakeven_after_0_5r,-0.09067666668652724
173,breakeven_after_1_0r,-0.09067666668652724
173,exit_at_first_0_5r,-0.09067666668652724
173,exit_at_first_1_0r,-0.09067666668652724
173,trail_0_5r_after_1_0r,-0.09067666668652724
173,time_exit_after_4_bars_if_mfe_lt_0_3r,-0.09067666668652724
173,partial_50pct_at_1r,-0.09067666668652724
174,baseline,-1.0084061117575527
174,breakeven_after_0_5r,-1.0084061117575527
174,breakeven_after_1_0r,-1.0084061117575527
174,exit_at_first_0_5r,-1.0084061117575527
174,exit_at_first_1_0r,-1.0084061117575527
174,trail_0_5r_after_1_0r,-1.0084061117575527
174,time_exit_after_4_bars_if_mfe_lt_0_3r,-0.919340702821757
174,partial_50pct_at_1r,-1.0084061117575527
175,baseline,-1.0085005953747543
175,breakeven_after_0_5r,-1.0085005953747543
175,breakeven_after_1_0r,-1.0085005953747543
175,exit_at_first_0_5r,-1.0085005953747543
175,exit_at_first_1_0r,-1.0085005953747543
175,trail_0_5r_after_1_0r,-1.0085005953747543
175,time_exit_after_4_bars_if_mfe_lt_0_3r,-0.9184038491520725
175,partial_50pct_at_1r,-1.0085005953747543
176,baseline,0.45449474896243874
176,breakeven_after_0_5r,0.45449474896243874
176,breakeven_after_1_0r,0.45449474896243874
176,exit_at_first_0_5r,0.5
176,exit_at_first_1_0r,0.45449474896243874
176,trail_0_5r_after_1_0r,0.45449474896243874
176,time_exit_after_4_bars_if_mfe_lt_0_3r,0.45449474896243874
176,partial_50pct_at_1r,0.45449474896243874
177,baseline,-1.009251996348288
177,breakeven_after_0_5r,-1.009251996348288
177,breakeven_after_1_0r,-1.009251996348288
177,exit_at_first_0_5r,-1.009251996348288
177,exit_at_first_1_0r,-1.009251996348288
177,trail_0_5r_after_1_0r,-1.009251996348288
177,time_exit_after_4_bars_if_mfe_lt_0_3r,-1.009251996348288
177,partial_50pct_at_1r,-1.009251996348288
178,baseline,0.9399579234092199
178,breakeven_after_0_5r,0.0
178,breakeven_after_1_0r,0.9399579234092199
178,exit_at_first_0_5r,0.5
178,exit_at_first_1_0r,1.0
178,trail_0_5r_after_1_0r,1.631016753576474
178,time_exit_after_4_bars_if_mfe_lt_0_3r,0.9399579234092199
178,partial_50pct_at_1r,0.96997896170461
179,baseline,0.31488460412972696
179,breakeven_after_0_5r,0.31488460412972696
179,breakeven_after_1_0r,0.31488460412972696
179,exit_at_first_0_5r,0.5
179,exit_at_first_1_0r,0.31488460412972696
179,trail_0_5r_after_1_0r,0.31488460412972696
179,time_exit_after_4_bars_if_mfe_lt_0_3r,-0.5641870429927739
179,partial_50pct_at_1r,0.31488460412972696
180,baseline,0.47299591464936985
180,breakeven_after_0_5r,0.0
180,breakeven_after_1_0r,0.47299591464936985
180,exit_at_first_0_5r,0.5
180,exit_at_first_1_0r,0.47299591464936985
180,trail_0_5r_after_1_0r,0.47299591464936985
180,time_exit_after_4_bars_if_mfe_lt_0_3r,0.47299591464936985
180,partial_50pct_at_1r,0.47299591464936985
181,baseline,0.4891614948999997
181,breakeven_after_0_5r,0.0
181,breakeven_after_1_0r,0.4891614948999997
181,exit_at_first_0_5r,0.5
181,exit_at_first_1_0r,0.4891614948999997
181,trail_0_5r_after_1_0r,0.4891614948999997
181,time_exit_after_4_bars_if_mfe_lt_0_3r,0.4891614948999997
181,partial_50pct_at_1r,0.4891614948999997
182,baseline,0.6177534279744842
182,breakeven_after_0_5r,0.0
182,breakeven_after_1_0r,0.0
182,exit_at_first_0_5r,0.5
182,exit_at_first_1_0r,1.0
182,trail_0_5r_after_1_0r,0.5645881812973568
182,time_exit_after_4_bars_if_mfe_lt_0_3r,-0.7019713843258867
182,partial_50pct_at_1r,0.8088767139872421
183,baseline,0.0747899773804822
183,breakeven_after_0_5r,0.0747899773804822
183,breakeven_after_1_0r,0.0747899773804822
183,exit_at_first_0_5r,0.0747899773804822
183,exit_at_first_1_0r,0.0747899773804822
183,trail_0_5r_after_1_0r,0.0747899773804822
183,time_exit_after_4_bars_if_mfe_lt_0_3r,0.0747899773804822
183,partial_50pct_at_1r,0.0747899773804822
184,baseline,0.24698077071031177
184,breakeven_after_0_5r,0.24698077071031177
184,breakeven_after_1_0r,0.24698077071031177
184,exit_at_first_0_5r,0.24698077071031177
184,exit_at_first_1_0r,0.24698077071031177
184,trail_0_5r_after_1_0r,0.24698077071031177
184,time_exit_after_4_bars_if_mfe_lt_0_3r,0.24698077071031177
184,partial_50pct_at_1r,0.24698077071031177
185,baseline,0.8326321853690477
185,breakeven_after_0_5r,0.0
185,breakeven_after_1_0r,0.8326321853690477
185,exit_at_first_0_5r,0.5
185,exit_at_first_1_0r,1.0
185,trail_0_5r_after_1_0r,0.6411064624706511
185,time_exit_after_4_bars_if_mfe_lt_0_3r,-0.12542333962501062
185,partial_50pct_at_1r,0.9163160926845239
186,baseline,-1.008289233047685
186,breakeven_after_0_5r,-1.008289233047685
186,breakeven_after_1_0r,-1.008289233047685
186,exit_at_first_0_5r,-1.008289233047685
186,exit_at_first_1_0r,-1.008289233047685
186,trail_0_5r_after_1_0r,-1.008289233047685
186,time_exit_after_4_bars_if_mfe_lt_0_3r,-1.008289233047685
186,partial_50pct_at_1r,-1.008289233047685
187,baseline,0.354018796690718
187,breakeven_after_0_5r,0.354018796690718
187,breakeven_after_1_0r,0.354018796690718
187,exit_at_first_0_5r,0.5
187,exit_at_first_1_0r,0.354018796690718
187,trail_0_5r_after_1_0r,0.354018796690718
187,time_exit_after_4_bars_if_mfe_lt_0_3r,0.354018796690718
187,partial_50pct_at_1r,0.354018796690718
188,baseline,0.7414438373997382
188,breakeven_after_0_5r,0.0
188,breakeven_after_1_0r,0.7414438373997382
188,exit_at_first_0_5r,0.5
188,exit_at_first_1_0r,1.0
188,trail_0_5r_after_1_0r,0.7414438373997382
188,time_exit_after_4_bars_if_mfe_lt_0_3r,0.7414438373997382
188,partial_50pct_at_1r,0.8707219186998691
189,baseline,0.6752664710400389
189,breakeven_after_0_5r,0.6752664710400389
189,breakeven_after_1_0r,0.6752664710400389
189,exit_at_first_0_5r,0.5
189,exit_at_first_1_0r,0.6752664710400389
189,trail_0_5r_after_1_0r,0.6752664710400389
189,time_exit_after_4_bars_if_mfe_lt_0_3r,0.6752664710400389
189,partial_50pct_at_1r,0.6752664710400389
190,baseline,-1.0104613454264648
190,breakeven_after_0_5r,0.0
190,breakeven_after_1_0r,-1.0104613454264648
190,exit_at_first_0_5r,0.5
190,exit_at_first_1_0r,-1.0104613454264648
190,trail_0_5r_after_1_0r,-1.0104613454264648
190,time_exit_after_4_bars_if_mfe_lt_0_3r,-1.0104613454264648
190,partial_50pct_at_1r,-1.0104613454264648
191,baseline,-0.21915239532238728
191,breakeven_after_0_5r,-0.21915239532238728
191,breakeven_after_1_0r,-0.21915239532238728
191,exit_at_first_0_5r,-0.21915239532238728
191,exit_at_first_1_0r,-0.21915239532238728
191,trail_0_5r_after_1_0r,-0.21915239532238728
191,time_exit_after_4_bars_if_mfe_lt_0_3r,-0.21915239532238728
191,partial_50pct_at_1r,-0.21915239532238728
192,baseline,1.0717308318916328
192,breakeven_after_0_5r,0.0
192,breakeven_after_1_0r,0.0
192,exit_at_first_0_5r,0.5
192,exit_at_first_1_0r,1.0
192,trail_0_5r_after_1_0r,0.7814160044608494
192,time_exit_after_4_bars_if_mfe_lt_0_3r,1.0717308318916328
192,partial_50pct_at_1r,1.0358654159458163
193,baseline,0.26077020173859106
193,breakeven_after_0_5r,0.26077020173859106
193,breakeven_after_1_0r,0.26077020173859106
193,exit_at_first_0_5r,0.26077020173859106
193,exit_at_first_1_0r,0.26077020173859106
193,trail_0_5r_after_1_0r,0.26077020173859106
193,time_exit_after_4_bars_if_mfe_lt_0_3r,0.26077020173859106
193,partial_50pct_at_1r,0.26077020173859106
194,baseline,-1.011254094860453
194,breakeven_after_0_5r,-1.011254094860453
194,breakeven_after_1_0r,-1.011254094860453
194,exit_at_first_0_5r,-1.011254094860453
194,exit_at_first_1_0r,-1.011254094860453
194,trail_0_5r_after_1_0r,-1.011254094860453
194,time_exit_after_4_bars_if_mfe_lt_0_3r,-0.6586373498063816
194,partial_50pct_at_1r,-1.011254094860453
195,baseline,0.24469729011665642
195,breakeven_after_0_5r,0.24469729011665642
195,breakeven_after_1_0r,0.24469729011665642
195,exit_at_first_0_5r,0.24469729011665642
195,exit_at_first_1_0r,0.24469729011665642
195,trail_0_5r_after_1_0r,0.24469729011665642
195,time_exit_after_4_bars_if_mfe_lt_0_3r,0.24469729011665642
195,partial_50pct_at_1r,0.24469729011665642
196,baseline,-1.012500421426031
196,breakeven_after_0_5r,-1.012500421426031
196,breakeven_after_1_0r,-1.012500421426031
196,exit_at_first_0_5r,-1.012500421426031
196,exit_at_first_1_0r,-1.012500421426031
196,trail_0_5r_after_1_0r,-1.012500421426031
196,time_exit_after_4_bars_if_mfe_lt_0_3r,-1.012500421426031
196,partial_50pct_at_1r,-1.012500421426031
197,baseline,0.2328836717251741
197,breakeven_after_0_5r,0.2328836717251741
197,breakeven_after_1_0r,0.2328836717251741
197,exit_at_first_0_5r,0.5
197,exit_at_first_1_0r,0.2328836717251741
197,trail_0_5r_after_1_0r,0.2328836717251741
197,time_exit_after_4_bars_if_mfe_lt_0_3r,0.2328836717251741
197,partial_50pct_at_1r,0.2328836717251741
198,baseline,0.4623563460471892
198,breakeven_after_0_5r,0.0
198,breakeven_after_1_0r,0.4623563460471892
198,exit_at_first_0_5r,0.5
198,exit_at_first_1_0r,0.4623563460471892
198,trail_0_5r_after_1_0r,0.4623563460471892
198,time_exit_after_4_bars_if_mfe_lt_0_3r,0.4623563460471892
198,partial_50pct_at_1r,0.4623563460471892
199,baseline,0.3353415241239162
199,breakeven_after_0_5r,0.0
199,breakeven_after_1_0r,0.3353415241239162
199,exit_at_first_0_5r,0.5
199,exit_at_first_1_0r,0.3353415241239162
199,trail_0_5r_after_1_0r,0.3353415241239162
199,time_exit_after_4_bars_if_mfe_lt_0_3r,0.3353415241239162
199,partial_50pct_at_1r,0.3353415241239162
200,baseline,0.7286314897567063
200,breakeven_after_0_5r,0.0
200,breakeven_after_1_0r,0.7286314897567063
200,exit_at_first_0_5r,0.5
200,exit_at_first_1_0r,1.0
200,trail_0_5r_after_1_0r,0.6737087967061159
200,time_exit_after_4_bars_if_mfe_lt_0_3r,0.7286314897567063
200,partial_50pct_at_1r,0.8643157448783532
201,baseline,0.2677543851503786
201,breakeven_after_0_5r,0.2677543851503786
201,breakeven_after_1_0r,0.2677543851503786
201,exit_at_first_0_5r,0.2677543851503786
201,exit_at_first_1_0r,0.2677543851503786
201,trail_0_5r_after_1_0r,0.2677543851503786
201,time_exit_after_4_bars_if_mfe_lt_0_3r,0.2677543851503786
201,partial_50pct_at_1r,0.2677543851503786
202,baseline,0.5024316483931471
202,breakeven_after_0_5r,0.0
202,breakeven_after_1_0r,0.5024316483931471
202,exit_at_first_0_5r,0.5
202,exit_at_first_1_0r,1.0
202,trail_0_5r_after_1_0r,0.6016886823530647
202,time_exit_after_4_bars_if_mfe_lt_0_3r,0.5024316483931471
202,partial_50pct_at_1r,0.7512158241965736
203,baseline,0.5180652640175927
203,breakeven_after_0_5r,0.0
203,breakeven_after_1_0r,0.5180652640175927
203,exit_at_first_0_5r,0.5
203,exit_at_first_1_0r,0.5180652640175927
203,trail_0_5r_after_1_0r,0.5180652640175927
203,time_exit_after_4_bars_if_mfe_lt_0_3r,0.5180652640175927
203,partial_50pct_at_1r,0.5180652640175927
204,baseline,-1.0134348953340175
204,breakeven_after_0_5r,-1.0134348953340175
204,breakeven_after_1_0r,-1.0134348953340175
204,exit_at_first_0_5r,-1.0134348953340175
204,exit_at_first_1_0r,-1.0134348953340175
204,trail_0_5r_after_1_0r,-1.0134348953340175
204,time_exit_after_4_bars_if_mfe_lt_0_3r,-0.3414544948221636
204,partial_50pct_at_1r,-1.0134348953340175
205,baseline,0.2805904949815779
205,breakeven_after_0_5r,0.2805904949815779
205,breakeven_after_1_0r,0.2805904949815779
205,exit_at_first_0_5r,0.5
205,exit_at_first_1_0r,0.2805904949815779
205,trail_0_5r_after_1_0r,0.2805904949815779
205,time_exit_after_4_bars_if_mfe_lt_0_3r,0.2805904949815779
205,partial_50pct_at_1r,0.2805904949815779
206,baseline,-1.012755670112278
206,breakeven_after_0_5r,-1.012755670112278
206,breakeven_after_1_0r,-1.012755670112278
206,exit_at_first_0_5r,-1.012755670112278
206,exit_at_first_1_0r,-1.012755670112278
206,trail_0_5r_after_1_0r,-1.012755670112278
206,time_exit_after_4_bars_if_mfe_lt_0_3r,-0.4254941389817107
206,partial_50pct_at_1r,-1.012755670112278
207,baseline,-1.0137013969023443
207,breakeven_after_0_5r,-1.0137013969023443
207,breakeven_after_1_0r,-1.0137013969023443
207,exit_at_first_0_5r,-1.0137013969023443
207,exit_at_first_1_0r,-1.0137013969023443
207,trail_0_5r_after_1_0r,-1.0137013969023443
207,time_exit_after_4_bars_if_mfe_lt_0_3r,-1.0137013969023443
207,partial_50pct_at_1r,-1.0137013969023443
208,baseline,0.23299519824061238
208,breakeven_after_0_5r,0.0
208,breakeven_after_1_0r,0.23299519824061238
208,exit_at_first_0_5r,0.5
208,exit_at_first_1_0r,0.23299519824061238
208,trail_0_5r_after_1_0r,0.23299519824061238
208,time_exit_after_4_bars_if_mfe_lt_0_3r,0.23299519824061238
208,partial_50pct_at_1r,0.23299519824061238
209,baseline,0.17119263072554686
209,breakeven_after_0_5r,0.17119263072554686
209,breakeven_after_1_0r,0.17119263072554686
209,exit_at_first_0_5r,0.5
209,exit_at_first_1_0r,0.17119263072554686
209,trail_0_5r_after_1_0r,0.17119263072554686
209,time_exit_after_4_bars_if_mfe_lt_0_3r,0.17119263072554686
209,partial_50pct_at_1r,0.17119263072554686
210,baseline,0.12977758206768014
210,breakeven_after_0_5r,0.0
210,breakeven_after_1_0r,0.12977758206768014
210,exit_at_first_0_5r,0.5
210,exit_at_first_1_0r,0.12977758206768014
210,trail_0_5r_after_1_0r,0.12977758206768014
210,time_exit_after_4_bars_if_mfe_lt_0_3r,-0.4254400353882658
210,partial_50pct_at_1r,0.12977758206768014
211,baseline,-1.0110721423910523
211,breakeven_after_0_5r,-1.0110721423910523
211,breakeven_after_1_0r,-1.0110721423910523
211,exit_at_first_0_5r,-1.0110721423910523
211,exit_at_first_1_0r,-1.0110721423910523
211,trail_0_5r_after_1_0r,-1.0110721423910523
211,time_exit_after_4_bars_if_mfe_lt_0_3r,-0.336028600638917
211,partial_50pct_at_1r,-1.0110721423910523
212,baseline,1.055618769899954
212,breakeven_after_0_5r,0.0
212,breakeven_after_1_0r,1.055618769899954
212,exit_at_first_0_5r,0.5
212,exit_at_first_1_0r,1.0
212,trail_0_5r_after_1_0r,1.5582867411915808
212,time_exit_after_4_bars_if_mfe_lt_0_3r,1.055618769899954
212,partial_50pct_at_1r,1.027809384949977
213,baseline,0.2366269341214425
213,breakeven_after_0_5r,0.0
213,breakeven_after_1_0r,0.2366269341214425
213,exit_at_first_0_5r,0.5
213,exit_at_first_1_0r,0.2366269341214425
213,trail_0_5r_after_1_0r,0.2366269341214425
213,time_exit_after_4_bars_if_mfe_lt_0_3r,0.2366269341214425
213,partial_50pct_at_1r,0.2366269341214425
214,baseline,0.3013008717561813
214,breakeven_after_0_5r,0.0
214,breakeven_after_1_0r,0.3013008717561813
214,exit_at_first_0_5r,0.5
214,exit_at_first_1_0r,0.3013008717561813
214,trail_0_5r_after_1_0r,0.3013008717561813
214,time_exit_after_4_bars_if_mfe_lt_0_3r,0.3013008717561813
214,partial_50pct_at_1r,0.3013008717561813
215,baseline,0.337681637260611
215,breakeven_after_0_5r,0.337681637260611
215,breakeven_after_1_0r,0.337681637260611
215,exit_at_first_0_5r,0.5
215,exit_at_first_1_0r,1.0
215,trail_0_5r_after_1_0r,0.5118721353888447
215,time_exit_after_4_bars_if_mfe_lt_0_3r,0.337681637260611
215,partial_50pct_at_1r,0.6688408186303055
216,baseline,0.4742540608280548
216,breakeven_after_0_5r,0.0
216,breakeven_after_1_0r,0.4742540608280548
216,exit_at_first_0_5r,0.5
216,exit_at_first_1_0r,1.0
216,trail_0_5r_after_1_0r,0.8662318345398909
216,time_exit_after_4_bars_if_mfe_lt_0_3r,0.4742540608280548
216,partial_50pct_at_1r,0.7371270304140274
217,baseline,-1.0106540397251111
217,breakeven_after_0_5r,-1.0106540397251111
217,breakeven_after_1_0r,-1.0106540397251111
217,exit_at_first_0_5r,-1.0106540397251111
217,exit_at_first_1_0r,-1.0106540397251111
217,trail_0_5r_after_1_0r,-1.0106540397251111
217,time_exit_after_4_bars_if_mfe_lt_0_3r,-1.0106540397251111
217,partial_50pct_at_1r,-1.0106540397251111
218,baseline,0.2281693548517752
218,breakeven_after_0_5r,0.2281693548517752
218,breakeven_after_1_0r,0.2281693548517752
218,exit_at_first_0_5r,0.2281693548517752
218,exit_at_first_1_0r,0.2281693548517752
218,trail_0_5r_after_1_0r,0.2281693548517752
218,time_exit_after_4_bars_if_mfe_lt_0_3r,0.2281693548517752
218,partial_50pct_at_1r,0.2281693548517752
219,baseline,-1.0101567151604045
219,breakeven_after_0_5r,-1.0101567151604045
219,breakeven_after_1_0r,-1.0101567151604045
219,exit_at_first_0_5r,-1.0101567151604045
219,exit_at_first_1_0r,-1.0101567151604045
219,trail_0_5r_after_1_0r,-1.0101567151604045
219,time_exit_after_4_bars_if_mfe_lt_0_3r,-0.22988516573328235
219,partial_50pct_at_1r,-1.0101567151604045
220,baseline,1.0086650315433836
220,breakeven_after_0_5r,1.0086650315433836
220,breakeven_after_1_0r,1.0086650315433836
220,exit_at_first_0_5r,0.5
220,exit_at_first_1_0r,1.0
220,trail_0_5r_after_1_0r,1.0015874125893858
220,time_exit_after_4_bars_if_mfe_lt_0_3r,1.0086650315433836
220,partial_50pct_at_1r,1.0043325157716918
221,baseline,0.10610891968255562
221,breakeven_after_0_5r,0.0
221,breakeven_after_1_0r,0.10610891968255562
221,exit_at_first_0_5r,0.5
221,exit_at_first_1_0r,0.10610891968255562
221,trail_0_5r_after_1_0r,0.10610891968255562
221,time_exit_after_4_bars_if_mfe_lt_0_3r,0.10610891968255562
221,partial_50pct_at_1r,0.10610891968255562
222,baseline,0.7802923169030342
222,breakeven_after_0_5r,0.7802923169030342
222,breakeven_after_1_0r,0.7802923169030342
222,exit_at_first_0_5r,0.5
222,exit_at_first_1_0r,1.0
222,trail_0_5r_after_1_0r,0.8108676051163708
222,time_exit_after_4_bars_if_mfe_lt_0_3r,0.7802923169030342
222,partial_50pct_at_1r,0.8901461584515171
223,baseline,0.3414348252495824
223,breakeven_after_0_5r,0.0
223,breakeven_after_1_0r,0.3414348252495824
223,exit_at_first_0_5r,0.5
223,exit_at_first_1_0r,0.3414348252495824
223,trail_0_5r_after_1_0r,0.3414348252495824
223,time_exit_after_4_bars_if_mfe_lt_0_3r,0.3414348252495824
223,partial_50pct_at_1r,0.3414348252495824
224,baseline,0.31697827837882425
224,breakeven_after_0_5r,0.0
224,breakeven_after_1_0r,0.31697827837882425
224,exit_at_first_0_5r,0.5
224,exit_at_first_1_0r,0.31697827837882425
224,trail_0_5r_after_1_0r,0.31697827837882425
224,time_exit_after_4_bars_if_mfe_lt_0_3r,-0.5394095116004204
224,partial_50pct_at_1r,0.31697827837882425
225,baseline,0.29063131345427085
225,breakeven_after_0_5r,0.0
225,breakeven_after_1_0r,0.29063131345427085
225,exit_at_first_0_5r,0.5
225,exit_at_first_1_0r,0.29063131345427085
225,trail_0_5r_after_1_0r,0.29063131345427085
225,time_exit_after_4_bars_if_mfe_lt_0_3r,0.29063131345427085
225,partial_50pct_at_1r,0.29063131345427085
226,baseline,0.9957878691282741
226,breakeven_after_0_5r,0.9957878691282741
226,breakeven_after_1_0r,0.9957878691282741
226,exit_at_first_0_5r,0.5
226,exit_at_first_1_0r,1.0
226,trail_0_5r_after_1_0r,0.9957878691282741
226,time_exit_after_4_bars_if_mfe_lt_0_3r,0.9957878691282741
226,partial_50pct_at_1r,0.9978939345641371
227,baseline,0.29579688299057866
227,breakeven_after_0_5r,0.0
227,breakeven_after_1_0r,0.29579688299057866
227,exit_at_first_0_5r,0.5
227,exit_at_first_1_0r,0.29579688299057866
227,trail_0_5r_after_1_0r,0.29579688299057866
227,time_exit_after_4_bars_if_mfe_lt_0_3r,0.29579688299057866
227,partial_50pct_at_1r,0.29579688299057866
228,baseline,-1.0160123056568495
228,breakeven_after_0_5r,-1.0160123056568495
228,breakeven_after_1_0r,-1.0160123056568495
228,exit_at_first_0_5r,-1.0160123056568495
228,exit_at_first_1_0r,-1.0160123056568495
228,trail_0_5r_after_1_0r,-1.0160123056568495
228,time_exit_after_4_bars_if_mfe_lt_0_3r,-1.0160123056568495
228,partial_50pct_at_1r,-1.0160123056568495
229,baseline,0.5859664085585337
229,breakeven_after_0_5r,0.0
229,breakeven_after_1_0r,0.5859664085585337
229,exit_at_first_0_5r,0.5
229,exit_at_first_1_0r,0.5859664085585337
229,trail_0_5r_after_1_0r,0.5859664085585337
229,time_exit_after_4_bars_if_mfe_lt_0_3r,0.5859664085585337
229,partial_50pct_at_1r,0.5859664085585337
230,baseline,0.36132666119779694
230,breakeven_after_0_5r,0.36132666119779694
230,breakeven_after_1_0r,0.36132666119779694
230,exit_at_first_0_5r,0.5
230,exit_at_first_1_0r,0.36132666119779694
230,trail_0_5r_after_1_0r,0.36132666119779694
230,time_exit_after_4_bars_if_mfe_lt_0_3r,0.36132666119779694
230,partial_50pct_at_1r,0.36132666119779694
231,baseline,0.42330533779045004
231,breakeven_after_0_5r,0.0
231,breakeven_after_1_0r,0.42330533779045004
231,exit_at_first_0_5r,0.5
231,exit_at_first_1_0r,1.0
231,trail_0_5r_after_1_0r,0.6301955350566539
231,time_exit_after_4_bars_if_mfe_lt_0_3r,0.42330533779045004
231,partial_50pct_at_1r,0.711652668895225
232,baseline,-0.07276379279269188
232,breakeven_after_0_5r,-0.07276379279269188
232,breakeven_after_1_0r,-0.07276379279269188
232,exit_at_first_0_5r,-0.07276379279269188
232,exit_at_first_1_0r,-0.07276379279269188
232,trail_0_5r_after_1_0r,-0.07276379279269188
232,time_exit_after_4_bars_if_mfe_lt_0_3r,-0.6786497875314769
232,partial_50pct_at_1r,-0.07276379279269188
233,baseline,0.43779700222749107
233,breakeven_after_0_5r,0.0
233,breakeven_after_1_0r,0.43779700222749107
233,exit_at_first_0_5r,0.5
233,exit_at_first_1_0r,0.43779700222749107
233,trail_0_5r_after_1_0r,0.43779700222749107
233,time_exit_after_4_bars_if_mfe_lt_0_3r,0.43779700222749107
233,partial_50pct_at_1r,0.43779700222749107
234,baseline,0.6430068104015728
234,breakeven_after_0_5r,0.0
234,breakeven_after_1_0r,0.6430068104015728
234,exit_at_first_0_5r,0.5
234,exit_at_first_1_0r,0.6430068104015728
234,trail_0_5r_after_1_0r,0.6430068104015728
234,time_exit_after_4_bars_if_mfe_lt_0_3r,0.6430068104015728
234,partial_50pct_at_1r,0.6430068104015728
235,baseline,0.20375384192289794
235,breakeven_after_0_5r,0.20375384192289794
235,breakeven_after_1_0r,0.20375384192289794
235,exit_at_first_0_5r,0.20375384192289794
235,exit_at_first_1_0r,0.20375384192289794
235,trail_0_5r_after_1_0r,0.20375384192289794
235,time_exit_after_4_bars_if_mfe_lt_0_3r,0.20375384192289794
235,partial_50pct_at_1r,0.20375384192289794
236,baseline,0.20274855282037388
236,breakeven_after_0_5r,0.20274855282037388
236,breakeven_after_1_0r,0.20274855282037388
236,exit_at_first_0_5r,0.20274855282037388
236,exit_at_first_1_0r,0.20274855282037388
236,trail_0_5r_after_1_0r,0.20274855282037388
236,time_exit_after_4_bars_if_mfe_lt_0_3r,0.20274855282037388
236,partial_50pct_at_1r,0.20274855282037388
237,baseline,-1.011581242633923
237,breakeven_after_0_5r,-1.011581242633923
237,breakeven_after_1_0r,-1.011581242633923
237,exit_at_first_0_5r,-1.011581242633923
237,exit_at_first_1_0r,-1.011581242633923
237,trail_0_5r_after_1_0r,-1.011581242633923
237,time_exit_after_4_bars_if_mfe_lt_0_3r,-1.011581242633923
237,partial_50pct_at_1r,-1.011581242633923
238,baseline,0.05864777757144494
238,breakeven_after_0_5r,0.0
238,breakeven_after_1_0r,0.05864777757144494
238,exit_at_first_0_5r,0.5
238,exit_at_first_1_0r,0.05864777757144494
238,trail_0_5r_after_1_0r,0.05864777757144494
238,time_exit_after_4_bars_if_mfe_lt_0_3r,0.05864777757144494
238,partial_50pct_at_1r,0.05864777757144494
239,baseline,0.31274710242668663
239,breakeven_after_0_5r,0.31274710242668663
239,breakeven_after_1_0r,0.31274710242668663
239,exit_at_first_0_5r,0.5
239,exit_at_first_1_0r,0.31274710242668663
239,trail_0_5r_after_1_0r,0.31274710242668663
239,time_exit_after_4_bars_if_mfe_lt_0_3r,-0.08430359127910776
239,partial_50pct_at_1r,0.31274710242668663
240,baseline,0.18715417925058392
240,breakeven_after_0_5r,0.18715417925058392
240,breakeven_after_1_0r,0.18715417925058392
240,exit_at_first_0_5r,0.5
240,exit_at_first_1_0r,0.18715417925058392
240,trail_0_5r_after_1_0r,0.18715417925058392
240,time_exit_after_4_bars_if_mfe_lt_0_3r,0.18715417925058392
240,partial_50pct_at_1r,0.18715417925058392
241,baseline,0.0528476255255386
241,breakeven_after_0_5r,0.0528476255255386
241,breakeven_after_1_0r,0.0528476255255386
241,exit_at_first_0_5r,0.0528476255255386
241,exit_at_first_1_0r,0.0528476255255386
241,trail_0_5r_after_1_0r,0.0528476255255386
241,time_exit_after_4_bars_if_mfe_lt_0_3r,0.0528476255255386
241,partial_50pct_at_1r,0.0528476255255386
242,baseline,-1.0117733196727128
242,breakeven_after_0_5r,-1.0117733196727128
242,breakeven_after_1_0r,-1.0117733196727128
242,exit_at_first_0_5r,-1.0117733196727128
242,exit_at_first_1_0r,-1.0117733196727128
242,trail_0_5r_after_1_0r,-1.0117733196727128
242,time_exit_after_4_bars_if_mfe_lt_0_3r,-1.0117733196727128
242,partial_50pct_at_1r,-1.0117733196727128
243,baseline,0.7495965257618866
243,breakeven_after_0_5r,0.0
243,breakeven_after_1_0r,0.0
243,exit_at_first_0_5r,0.5
243,exit_at_first_1_0r,1.0
243,trail_0_5r_after_1_0r,0.6433030027141837
243,time_exit_after_4_bars_if_mfe_lt_0_3r,0.7495965257618866
243,partial_50pct_at_1r,0.8747982628809433
244,baseline,0.01926152829585534
244,breakeven_after_0_5r,0.0
244,breakeven_after_1_0r,0.01926152829585534
244,exit_at_first_0_5r,0.5
244,exit_at_first_1_0r,0.01926152829585534
244,trail_0_5r_after_1_0r,0.01926152829585534
244,time_exit_after_4_bars_if_mfe_lt_0_3r,0.01926152829585534
244,partial_50pct_at_1r,0.01926152829585534
245,baseline,-0.2283760520349732
245,breakeven_after_0_5r,-0.2283760520349732
245,breakeven_after_1_0r,-0.2283760520349732
245,exit_at_first_0_5r,-0.2283760520349732
245,exit_at_first_1_0r,-0.2283760520349732
245,trail_0_5r_after_1_0r,-0.2283760520349732
245,time_exit_after_4_bars_if_mfe_lt_0_3r,-0.2283760520349732
245,partial_50pct_at_1r,-0.2283760520349732
246,baseline,0.3925616088398264
246,breakeven_after_0_5r,0.3925616088398264
246,breakeven_after_1_0r,0.3925616088398264
246,exit_at_first_0_5r,0.5
246,exit_at_first_1_0r,0.3925616088398264
246,trail_0_5r_after_1_0r,0.3925616088398264
246,time_exit_after_4_bars_if_mfe_lt_0_3r,0.3925616088398264
246,partial_50pct_at_1r,0.3925616088398264
247,baseline,-1.0101079830186475
247,breakeven_after_0_5r,-1.0101079830186475
247,breakeven_after_1_0r,-1.0101079830186475
247,exit_at_first_0_5r,-1.0101079830186475
247,exit_at_first_1_0r,-1.0101079830186475
247,trail_0_5r_after_1_0r,-1.0101079830186475
247,time_exit_after_4_bars_if_mfe_lt_0_3r,-0.47032833476971403
247,partial_50pct_at_1r,-1.0101079830186475
248,baseline,0.3001851392671375
248,breakeven_after_0_5r,0.0
248,breakeven_after_1_0r,0.3001851392671375
248,exit_at_first_0_5r,0.5
248,exit_at_first_1_0r,0.3001851392671375
248,trail_0_5r_after_1_0r,0.3001851392671375
248,time_exit_after_4_bars_if_mfe_lt_0_3r,0.3001851392671375
248,partial_50pct_at_1r,0.3001851392671375
249,baseline,0.5451858270769148
249,breakeven_after_0_5r,0.0
249,breakeven_after_1_0r,0.5451858270769148
249,exit_at_first_0_5r,0.5
249,exit_at_first_1_0r,0.5451858270769148
249,trail_0_5r_after_1_0r,0.5451858270769148
249,time_exit_after_4_bars_if_mfe_lt_0_3r,0.5451858270769148
249,partial_50pct_at_1r,0.5451858270769148
250,baseline,0.43761753565312644
250,breakeven_after_0_5r,0.0
250,breakeven_after_1_0r,0.43761753565312644
250,exit_at_first_0_5r,0.5
250,exit_at_first_1_0r,0.43761753565312644
250,trail_0_5r_after_1_0r,0.43761753565312644
250,time_exit_after_4_bars_if_mfe_lt_0_3r,0.43761753565312644
250,partial_50pct_at_1r,0.43761753565312644
251,baseline,-1.0102191285650874
251,breakeven_after_0_5r,-1.0102191285650874
251,breakeven_after_1_0r,-1.0102191285650874
251,exit_at_first_0_5r,-1.0102191285650874
251,exit_at_first_1_0r,-1.0102191285650874
251,trail_0_5r_after_1_0r,-1.0102191285650874
251,time_exit_after_4_bars_if_mfe_lt_0_3r,-0.80957262560031
251,partial_50pct_at_1r,-1.0102191285650874
252,baseline,0.22650488467820099
252,breakeven_after_0_5r,0.22650488467820099
252,breakeven_after_1_0r,0.22650488467820099
252,exit_at_first_0_5r,0.22650488467820099
252,exit_at_first_1_0r,0.22650488467820099
252,trail_0_5r_after_1_0r,0.22650488467820099
252,time_exit_after_4_bars_if_mfe_lt_0_3r,0.22650488467820099
252,partial_50pct_at_1r,0.22650488467820099
253,baseline,-1.0095532932710316
253,breakeven_after_0_5r,-1.0095532932710316
253,breakeven_after_1_0r,-1.0095532932710316
253,exit_at_first_0_5r,-1.0095532932710316
253,exit_at_first_1_0r,-1.0095532932710316
253,trail_0_5r_after_1_0r,-1.0095532932710316
253,time_exit_after_4_bars_if_mfe_lt_0_3r,-1.0095532932710316
253,partial_50pct_at_1r,-1.0095532932710316
254,baseline,0.2344715287329309
254,breakeven_after_0_5r,0.0
254,breakeven_after_1_0r,0.2344715287329309
254,exit_at_first_0_5r,0.5
254,exit_at_first_1_0r,0.2344715287329309
254,trail_0_5r_after_1_0r,0.2344715287329309
254,time_exit_after_4_bars_if_mfe_lt_0_3r,0.2344715287329309
254,partial_50pct_at_1r,0.2344715287329309
255,baseline,-1.008926788750872
255,breakeven_after_0_5r,-1.008926788750872
255,breakeven_after_1_0r,-1.008926788750872
255,exit_at_first_0_5r,-1.008926788750872
255,exit_at_first_1_0r,-1.008926788750872
255,trail_0_5r_after_1_0r,-1.008926788750872
255,time_exit_after_4_bars_if_mfe_lt_0_3r,-1.008926788750872
255,partial_50pct_at_1r,-1.008926788750872
256,baseline,0.20012541991756216
256,breakeven_after_0_5r,0.20012541991756216
256,breakeven_after_1_0r,0.20012541991756216
256,exit_at_first_0_5r,0.20012541991756216
256,exit_at_first_1_0r,0.20012541991756216
256,trail_0_5r_after_1_0r,0.20012541991756216
256,time_exit_after_4_bars_if_mfe_lt_0_3r,0.20012541991756216
256,partial_50pct_at_1r,0.20012541991756216
257,baseline,-1.0093046500727403
257,breakeven_after_0_5r,-1.0093046500727403
257,breakeven_after_1_0r,-1.0093046500727403
257,exit_at_first_0_5r,-1.0093046500727403
257,exit_at_first_1_0r,-1.0093046500727403
257,trail_0_5r_after_1_0r,-1.0093046500727403
257,time_exit_after_4_bars_if_mfe_lt_0_3r,-0.29542649319837766
257,partial_50pct_at_1r,-1.0093046500727403
258,baseline,0.08894715244911874
258,breakeven_after_0_5r,0.08894715244911874
258,breakeven_after_1_0r,0.08894715244911874
258,exit_at_first_0_5r,0.08894715244911874
258,exit_at_first_1_0r,0.08894715244911874
258,trail_0_5r_after_1_0r,0.08894715244911874
258,time_exit_after_4_bars_if_mfe_lt_0_3r,0.08894715244911874
258,partial_50pct_at_1r,0.08894715244911874
259,baseline,-0.06475257765092683
259,breakeven_after_0_5r,0.0
259,breakeven_after_1_0r,-0.06475257765092683
259,exit_at_first_0_5r,0.5
259,exit_at_first_1_0r,-0.06475257765092683
259,trail_0_5r_after_1_0r,-0.06475257765092683
259,time_exit_after_4_bars_if_mfe_lt_0_3r,-0.06475257765092683
259,partial_50pct_at_1r,-0.06475257765092683
260,baseline,1.4684723143997995
260,breakeven_after_0_5r,1.4684723143997995
260,breakeven_after_1_0r,1.4684723143997995
260,exit_at_first_0_5r,0.5
260,exit_at_first_1_0r,1.0
260,trail_0_5r_after_1_0r,1.1803516385954973
260,time_exit_after_4_bars_if_mfe_lt_0_3r,1.4684723143997995
260,partial_50pct_at_1r,1.2342361571998999
261,baseline,-1.011537807482896
261,breakeven_after_0_5r,0.0
261,breakeven_after_1_0r,-1.011537807482896
261,exit_at_first_0_5r,0.5
261,exit_at_first_1_0r,-1.011537807482896
261,trail_0_5r_after_1_0r,-1.011537807482896
261,time_exit_after_4_bars_if_mfe_lt_0_3r,-0.12564995897517875
261,partial_50pct_at_1r,-1.011537807482896
262,baseline,0.425650397155758
262,breakeven_after_0_5r,0.0
262,breakeven_after_1_0r,0.425650397155758
262,exit_at_first_0_5r,0.5
262,exit_at_first_1_0r,0.425650397155758
262,trail_0_5r_after_1_0r,0.425650397155758
262,time_exit_after_4_bars_if_mfe_lt_0_3r,0.425650397155758
262,partial_50pct_at_1r,0.425650397155758
263,baseline,0.30442020336068387
263,breakeven_after_0_5r,0.0
263,breakeven_after_1_0r,0.30442020336068387
263,exit_at_first_0_5r,0.5
263,exit_at_first_1_0r,0.30442020336068387
263,trail_0_5r_after_1_0r,0.30442020336068387
263,time_exit_after_4_bars_if_mfe_lt_0_3r,-0.44310080859094386
263,partial_50pct_at_1r,0.30442020336068387
264,baseline,0.4240130122108152
264,breakeven_after_0_5r,0.4240130122108152
264,breakeven_after_1_0r,0.4240130122108152
264,exit_at_first_0_5r,0.5
264,exit_at_first_1_0r,0.4240130122108152
264,trail_0_5r_after_1_0r,0.4240130122108152
264,time_exit_after_4_bars_if_mfe_lt_0_3r,0.4240130122108152
264,partial_50pct_at_1r,0.4240130122108152
265,baseline,0.3544486658897976
265,breakeven_after_0_5r,0.3544486658897976
265,breakeven_after_1_0r,0.3544486658897976
265,exit_at_first_0_5r,0.5
265,exit_at_first_1_0r,0.3544486658897976
265,trail_0_5r_after_1_0r,0.3544486658897976
265,time_exit_after_4_bars_if_mfe_lt_0_3r,0.3544486658897976
265,partial_50pct_at_1r,0.3544486658897976
266,baseline,0.0799592966191805
266,breakeven_after_0_5r,0.0
266,breakeven_after_1_0r,0.0799592966191805
266,exit_at_first_0_5r,0.5
266,exit_at_first_1_0r,0.0799592966191805
266,trail_0_5r_after_1_0r,0.0799592966191805
266,time_exit_after_4_bars_if_mfe_lt_0_3r,0.12139466933858703
266,partial_50pct_at_1r,0.0799592966191805
267,baseline,-1.0195361651330244
267,breakeven_after_0_5r,-1.0195361651330244
267,breakeven_after_1_0r,-1.0195361651330244
267,exit_at_first_0_5r,-1.0195361651330244
267,exit_at_first_1_0r,-1.0195361651330244
267,trail_0_5r_after_1_0r,-1.0195361651330244
267,time_exit_after_4_bars_if_mfe_lt_0_3r,-1.0195361651330244
267,partial_50pct_at_1r,-1.0195361651330244
268,baseline,0.19444550114664522
268,breakeven_after_0_5r,0.19444550114664522
268,breakeven_after_1_0r,0.19444550114664522
268,exit_at_first_0_5r,0.19444550114664522
268,exit_at_first_1_0r,0.19444550114664522
268,trail_0_5r_after_1_0r,0.19444550114664522
268,time_exit_after_4_bars_if_mfe_lt_0_3r,0.19444550114664522
268,partial_50pct_at_1r,0.19444550114664522
269,baseline,0.2386879395795562
269,breakeven_after_0_5r,0.2386879395795562
269,breakeven_after_1_0r,0.2386879395795562
269,exit_at_first_0_5r,0.2386879395795562
269,exit_at_first_1_0r,0.2386879395795562
269,trail_0_5r_after_1_0r,0.2386879395795562
269,time_exit_after_4_bars_if_mfe_lt_0_3r,0.2386879395795562
269,partial_50pct_at_1r,0.2386879395795562
270,baseline,0.19876726347448215
270,breakeven_after_0_5r,0.19876726347448215
270,breakeven_after_1_0r,0.19876726347448215
270,exit_at_first_0_5r,0.5
270,exit_at_first_1_0r,0.19876726347448215
270,trail_0_5r_after_1_0r,0.19876726347448215
270,time_exit_after_4_bars_if_mfe_lt_0_3r,0.19876726347448215
270,partial_50pct_at_1r,0.19876726347448215
271,baseline,-1.0190323823096317
271,breakeven_after_0_5r,-1.0190323823096317
271,breakeven_after_1_0r,-1.0190323823096317
271,exit_at_first_0_5r,-1.0190323823096317
271,exit_at_first_1_0r,-1.0190323823096317
271,trail_0_5r_after_1_0r,-1.0190323823096317
271,time_exit_after_4_bars_if_mfe_lt_0_3r,-1.0190323823096317
271,partial_50pct_at_1r,-1.0190323823096317
272,baseline,0.39414164679610864
272,breakeven_after_0_5r,0.39414164679610864
272,breakeven_after_1_0r,0.39414164679610864
272,exit_at_first_0_5r,0.5
272,exit_at_first_1_0r,0.39414164679610864
272,trail_0_5r_after_1_0r,0.39414164679610864
272,time_exit_after_4_bars_if_mfe_lt_0_3r,0.023696748627543795
272,partial_50pct_at_1r,0.39414164679610864
273,baseline,0.5703742969567227
273,breakeven_after_0_5r,0.0
273,breakeven_after_1_0r,0.5703742969567227
273,exit_at_first_0_5r,0.5
273,exit_at_first_1_0r,0.5703742969567227
273,trail_0_5r_after_1_0r,0.5703742969567227
273,time_exit_after_4_bars_if_mfe_lt_0_3r,0.5703742969567227
273,partial_50pct_at_1r,0.5703742969567227
274,baseline,0.37670870692084923
274,breakeven_after_0_5r,0.0
274,breakeven_after_1_0r,0.37670870692084923
274,exit_at_first_0_5r,0.5
274,exit_at_first_1_0r,0.37670870692084923
274,trail_0_5r_after_1_0r,0.37670870692084923
274,time_exit_after_4_bars_if_mfe_lt_0_3r,0.37670870692084923
274,partial_50pct_at_1r,0.37670870692084923
275,baseline,0.03148336960608795
275,breakeven_after_0_5r,0.03148336960608795
275,breakeven_after_1_0r,0.03148336960608795
275,exit_at_first_0_5r,0.03148336960608795
275,exit_at_first_1_0r,0.03148336960608795
275,trail_0_5r_after_1_0r,0.03148336960608795
275,time_exit_after_4_bars_if_mfe_lt_0_3r,-0.31246553620757844
275,partial_50pct_at_1r,0.03148336960608795
276,baseline,-1.027192300449414
276,breakeven_after_0_5r,-1.027192300449414
276,breakeven_after_1_0r,-1.027192300449414
276,exit_at_first_0_5r,-1.027192300449414
276,exit_at_first_1_0r,-1.027192300449414
276,trail_0_5r_after_1_0r,-1.027192300449414
276,time_exit_after_4_bars_if_mfe_lt_0_3r,-0.9208382144995493
276,partial_50pct_at_1r,-1.027192300449414
277,baseline,0.35629577244002
277,breakeven_after_0_5r,0.0
277,breakeven_after_1_0r,0.35629577244002
277,exit_at_first_0_5r,0.5
277,exit_at_first_1_0r,0.35629577244002
277,trail_0_5r_after_1_0r,0.35629577244002
277,time_exit_after_4_bars_if_mfe_lt_0_3r,0.35629577244002
277,partial_50pct_at_1r,0.35629577244002
278,baseline,-0.02617586312212016
278,breakeven_after_0_5r,-0.02617586312212016
278,breakeven_after_1_0r,-0.02617586312212016
278,exit_at_first_0_5r,-0.02617586312212016
278,exit_at_first_1_0r,-0.02617586312212016
278,trail_0_5r_after_1_0r,-0.02617586312212016
278,time_exit_after_4_bars_if_mfe_lt_0_3r,-0.012858198416022027
278,partial_50pct_at_1r,-0.02617586312212016
279,baseline,-1.024172850513504
279,breakeven_after_0_5r,-1.024172850513504
279,breakeven_after_1_0r,-1.024172850513504
279,exit_at_first_0_5r,-1.024172850513504
279,exit_at_first_1_0r,-1.024172850513504
279,trail_0_5r_after_1_0r,-1.024172850513504
279,time_exit_after_4_bars_if_mfe_lt_0_3r,-1.0759849121625304
279,partial_50pct_at_1r,-1.024172850513504
280,baseline,0.17565427757181795
280,breakeven_after_0_5r,0.17565427757181795
280,breakeven_after_1_0r,0.17565427757181795
280,exit_at_first_0_5r,0.17565427757181795
280,exit_at_first_1_0r,0.17565427757181795
280,trail_0_5r_after_1_0r,0.17565427757181795
280,time_exit_after_4_bars_if_mfe_lt_0_3r,0.17565427757181795
280,partial_50pct_at_1r,0.17565427757181795
281,baseline,0.2719545615321724
281,breakeven_after_0_5r,0.2719545615321724
281,breakeven_after_1_0r,0.2719545615321724
281,exit_at_first_0_5r,0.5
281,exit_at_first_1_0r,0.2719545615321724
281,trail_0_5r_after_1_0r,0.2719545615321724
281,time_exit_after_4_bars_if_mfe_lt_0_3r,0.2719545615321724
281,partial_50pct_at_1r,0.2719545615321724
282,baseline,-1.0226468900389414
282,breakeven_after_0_5r,-1.0226468900389414
282,breakeven_after_1_0r,-1.0226468900389414
282,exit_at_first_0_5r,-1.0226468900389414
282,exit_at_first_1_0r,-1.0226468900389414
282,trail_0_5r_after_1_0r,-1.0226468900389414
282,time_exit_after_4_bars_if_mfe_lt_0_3r,-1.0226468900389414
282,partial_50pct_at_1r,-1.0226468900389414
283,baseline,0.3562103337084403
283,breakeven_after_0_5r,0.0
283,breakeven_after_1_0r,0.3562103337084403
283,exit_at_first_0_5r,0.5
283,exit_at_first_1_0r,0.3562103337084403
283,trail_0_5r_after_1_0r,0.3562103337084403
283,time_exit_after_4_bars_if_mfe_lt_0_3r,0.3562103337084403
283,partial_50pct_at_1r,0.3562103337084403
284,baseline,-1.0158433577461934
284,breakeven_after_0_5r,-1.0158433577461934
284,breakeven_after_1_0r,-1.0158433577461934
284,exit_at_first_0_5r,-1.0158433577461934
284,exit_at_first_1_0r,-1.0158433577461934
284,trail_0_5r_after_1_0r,-1.0158433577461934
284,time_exit_after_4_bars_if_mfe_lt_0_3r,-1.0158433577461934
284,partial_50pct_at_1r,-1.0158433577461934
285,baseline,-1.0152590274123854
285,breakeven_after_0_5r,-1.0152590274123854
285,breakeven_after_1_0r,-1.0152590274123854
285,exit_at_first_0_5r,-1.0152590274123854
285,exit_at_first_1_0r,-1.0152590274123854
285,trail_0_5r_after_1_0r,-1.0152590274123854
285,time_exit_after_4_bars_if_mfe_lt_0_3r,-1.0152590274123854
285,partial_50pct_at_1r,-1.0152590274123854
286,baseline,-1.0149830663757338
286,breakeven_after_0_5r,-1.0149830663757338
286,breakeven_after_1_0r,-1.0149830663757338
286,exit_at_first_0_5r,-1.0149830663757338
286,exit_at_first_1_0r,-1.0149830663757338
286,trail_0_5r_after_1_0r,-1.0149830663757338
286,time_exit_after_4_bars_if_mfe_lt_0_3r,0.06940085556367398
286,partial_50pct_at_1r,-1.0149830663757338
287,baseline,0.3998419983272683
287,breakeven_after_0_5r,0.0
287,breakeven_after_1_0r,0.3998419983272683
287,exit_at_first_0_5r,0.5
287,exit_at_first_1_0r,0.3998419983272683
287,trail_0_5r_after_1_0r,0.3998419983272683
287,time_exit_after_4_bars_if_mfe_lt_0_3r,0.3998419983272683
287,partial_50pct_at_1r,0.3998419983272683
288,baseline,-1.021584071306487
288,breakeven_after_0_5r,-1.021584071306487
288,breakeven_after_1_0r,-1.021584071306487
288,exit_at_first_0_5r,-1.021584071306487
288,exit_at_first_1_0r,-1.021584071306487
288,trail_0_5r_after_1_0r,-1.021584071306487
288,time_exit_after_4_bars_if_mfe_lt_0_3r,-1.021584071306487
288,partial_50pct_at_1r,-1.021584071306487
289,baseline,0.2398261136533012
289,breakeven_after_0_5r,0.2398261136533012
289,breakeven_after_1_0r,0.2398261136533012
289,exit_at_first_0_5r,0.5
289,exit_at_first_1_0r,0.2398261136533012
289,trail_0_5r_after_1_0r,0.2398261136533012
289,time_exit_after_4_bars_if_mfe_lt_0_3r,0.2398261136533012
289,partial_50pct_at_1r,0.2398261136533012
290,baseline,1.3091801420529658
290,breakeven_after_0_5r,0.0
290,breakeven_after_1_0r,0.0
290,exit_at_first_0_5r,0.5
290,exit_at_first_1_0r,1.0
290,trail_0_5r_after_1_0r,1.1808676631482946
290,time_exit_after_4_bars_if_mfe_lt_0_3r,1.3091801420529658
290,partial_50pct_at_1r,1.154590071026483
291,baseline,0.12445168257003297
291,breakeven_after_0_5r,0.12445168257003297
291,breakeven_after_1_0r,0.12445168257003297
291,exit_at_first_0_5r,0.12445168257003297
291,exit_at_first_1_0r,0.12445168257003297
291,trail_0_5r_after_1_0r,0.12445168257003297
291,time_exit_after_4_bars_if_mfe_lt_0_3r,0.12445168257003297
291,partial_50pct_at_1r,0.12445168257003297
292,baseline,0.30978276536861604
292,breakeven_after_0_5r,0.30978276536861604
292,breakeven_after_1_0r,0.30978276536861604
292,exit_at_first_0_5r,0.5
292,exit_at_first_1_0r,0.30978276536861604
292,trail_0_5r_after_1_0r,0.30978276536861604
292,time_exit_after_4_bars_if_mfe_lt_0_3r,-0.19540832509630898
292,partial_50pct_at_1r,0.30978276536861604
293,baseline,0.008362749003772117
293,breakeven_after_0_5r,0.0
293,breakeven_after_1_0r,0.008362749003772117
293,exit_at_first_0_5r,0.5
293,exit_at_first_1_0r,0.008362749003772117
293,trail_0_5r_after_1_0r,0.008362749003772117
293,time_exit_after_4_bars_if_mfe_lt_0_3r,0.008362749003772117
293,partial_50pct_at_1r,0.008362749003772117
294,baseline,-1.0295059727963165
294,breakeven_after_0_5r,-1.0295059727963165
294,breakeven_after_1_0r,-1.0295059727963165
294,exit_at_first_0_5r,-1.0295059727963165
294,exit_at_first_1_0r,-1.0295059727963165
294,trail_0_5r_after_1_0r,-1.0295059727963165
294,time_exit_after_4_bars_if_mfe_lt_0_3r,-1.0295059727963165
294,partial_50pct_at_1r,-1.0295059727963165
295,baseline,0.40086567137891205
295,breakeven_after_0_5r,0.0
295,breakeven_after_1_0r,0.40086567137891205
295,exit_at_first_0_5r,0.5
295,exit_at_first_1_0r,0.40086567137891205
295,trail_0_5r_after_1_0r,0.40086567137891205
295,time_exit_after_4_bars_if_mfe_lt_0_3r,0.40086567137891205
295,partial_50pct_at_1r,0.40086567137891205
296,baseline,0.31803164631895864
296,breakeven_after_0_5r,0.0
296,breakeven_after_1_0r,0.31803164631895864
296,exit_at_first_0_5r,0.5
296,exit_at_first_1_0r,1.0
296,trail_0_5r_after_1_0r,0.5438551096694109
296,time_exit_after_4_bars_if_mfe_lt_0_3r,0.31803164631895864
296,partial_50pct_at_1r,0.6590158231594794
297,baseline,0.2300277276634935
297,breakeven_after_0_5r,0.2300277276634935
297,breakeven_after_1_0r,0.2300277276634935
297,exit_at_first_0_5r,0.5
297,exit_at_first_1_0r,1.0
297,trail_0_5r_after_1_0r,0.6735827287985012
297,time_exit_after_4_bars_if_mfe_lt_0_3r,0.2300277276634935
297,partial_50pct_at_1r,0.6150138638317467
298,baseline,0.3392153425404735
298,breakeven_after_0_5r,0.0
298,breakeven_after_1_0r,0.3392153425404735
298,exit_at_first_0_5r,0.5
298,exit_at_first_1_0r,0.3392153425404735
298,trail_0_5r_after_1_0r,0.3392153425404735
298,time_exit_after_4_bars_if_mfe_lt_0_3r,0.3392153425404735
298,partial_50pct_at_1r,0.3392153425404735
299,baseline,0.15573447696901666
299,breakeven_after_0_5r,0.0
299,breakeven_after_1_0r,0.15573447696901666
299,exit_at_first_0_5r,0.5
299,exit_at_first_1_0r,0.15573447696901666
299,trail_0_5r_after_1_0r,0.15573447696901666
299,time_exit_after_4_bars_if_mfe_lt_0_3r,0.15573447696901666
299,partial_50pct_at_1r,0.15573447696901666
300,baseline,-1.0249450901590376
300,breakeven_after_0_5r,-1.0249450901590376
300,breakeven_after_1_0r,-1.0249450901590376
300,exit_at_first_0_5r,-1.0249450901590376
300,exit_at_first_1_0r,-1.0249450901590376
300,trail_0_5r_after_1_0r,-1.0249450901590376
300,time_exit_after_4_bars_if_mfe_lt_0_3r,-1.0249450901590376
300,partial_50pct_at_1r,-1.0249450901590376
301,baseline,-0.2959269770579869
301,breakeven_after_0_5r,0.0
301,breakeven_after_1_0r,0.0
301,exit_at_first_0_5r,0.5
301,exit_at_first_1_0r,1.0
301,trail_0_5r_after_1_0r,1.4982762914474232
301,time_exit_after_4_bars_if_mfe_lt_0_3r,-0.16807931423391168
301,partial_50pct_at_1r,0.35203651147100656
302,baseline,0.2632804633591989
302,breakeven_after_0_5r,0.2632804633591989
302,breakeven_after_1_0r,0.2632804633591989
302,exit_at_first_0_5r,0.5
302,exit_at_first_1_0r,0.2632804633591989
302,trail_0_5r_after_1_0r,0.2632804633591989
302,time_exit_after_4_bars_if_mfe_lt_0_3r,0.2632804633591989
302,partial_50pct_at_1r,0.2632804633591989
303,baseline,0.6756561636279592
303,breakeven_after_0_5r,0.6756561636279592
303,breakeven_after_1_0r,0.6756561636279592
303,exit_at_first_0_5r,0.5
303,exit_at_first_1_0r,1.0
303,trail_0_5r_after_1_0r,0.6788068005776136
303,time_exit_after_4_bars_if_mfe_lt_0_3r,0.6756561636279592
303,partial_50pct_at_1r,0.8378280818139796
304,baseline,-0.054736667367203035
304,breakeven_after_0_5r,0.0
304,breakeven_after_1_0r,-0.054736667367203035
304,exit_at_first_0_5r,0.5
304,exit_at_first_1_0r,-0.054736667367203035
304,trail_0_5r_after_1_0r,-0.054736667367203035
304,time_exit_after_4_bars_if_mfe_lt_0_3r,-0.054736667367203035
304,partial_50pct_at_1r,-0.054736667367203035
305,baseline,0.07054481778976589
305,breakeven_after_0_5r,0.07054481778976589
305,breakeven_after_1_0r,0.07054481778976589
305,exit_at_first_0_5r,0.5
305,exit_at_first_1_0r,0.07054481778976589
305,trail_0_5r_after_1_0r,0.07054481778976589
305,time_exit_after_4_bars_if_mfe_lt_0_3r,-0.17215427373730208
305,partial_50pct_at_1r,0.07054481778976589
306,baseline,-0.14353559469356109
306,breakeven_after_0_5r,0.0
306,breakeven_after_1_0r,-0.14353559469356109
306,exit_at_first_0_5r,0.5
306,exit_at_first_1_0r,-0.14353559469356109
306,trail_0_5r_after_1_0r,-0.14353559469356109
306,time_exit_after_4_bars_if_mfe_lt_0_3r,-0.14353559469356109
306,partial_50pct_at_1r,-0.14353559469356109
307,baseline,-1.0109941424605975
307,breakeven_after_0_5r,-1.0109941424605975
307,breakeven_after_1_0r,-1.0109941424605975
307,exit_at_first_0_5r,-1.0109941424605975
307,exit_at_first_1_0r,-1.0109941424605975
307,trail_0_5r_after_1_0r,-1.0109941424605975
307,time_exit_after_4_bars_if_mfe_lt_0_3r,-0.31711084694826225
307,partial_50pct_at_1r,-1.0109941424605975
308,baseline,0.22978241924772752
308,breakeven_after_0_5r,0.22978241924772752
308,breakeven_after_1_0r,0.22978241924772752
308,exit_at_first_0_5r,0.5
308,exit_at_first_1_0r,0.22978241924772752
308,trail_0_5r_after_1_0r,0.22978241924772752
308,time_exit_after_4_bars_if_mfe_lt_0_3r,0.22978241924772752
308,partial_50pct_at_1r,0.22978241924772752
309,baseline,0.41655083519292874
309,breakeven_after_0_5r,0.0
309,breakeven_after_1_0r,0.41655083519292874
309,exit_at_first_0_5r,0.5
309,exit_at_first_1_0r,1.0
309,trail_0_5r_after_1_0r,0.9719761834940885
309,time_exit_after_4_bars_if_mfe_lt_0_3r,0.41655083519292874
309,partial_50pct_at_1r,0.7082754175964644
310,baseline,0.21489587956568004
310,breakeven_after_0_5r,0.0
310,breakeven_after_1_0r,0.21489587956568004
310,exit_at_first_0_5r,0.5
310,exit_at_first_1_0r,0.21489587956568004
310,trail_0_5r_after_1_0r,0.21489587956568004
310,time_exit_after_4_bars_if_mfe_lt_0_3r,0.21489587956568004
310,partial_50pct_at_1r,0.21489587956568004
311,baseline,-1.0137885880217832
311,breakeven_after_0_5r,-1.0137885880217832
311,breakeven_after_1_0r,-1.0137885880217832
311,exit_at_first_0_5r,-1.0137885880217832
311,exit_at_first_1_0r,-1.0137885880217832
311,trail_0_5r_after_1_0r,-1.0137885880217832
311,time_exit_after_4_bars_if_mfe_lt_0_3r,-1.0137885880217832
311,partial_50pct_at_1r,-1.0137885880217832
312,baseline,0.27571925979941897
312,breakeven_after_0_5r,0.27571925979941897
312,breakeven_after_1_0r,0.27571925979941897
312,exit_at_first_0_5r,0.5
312,exit_at_first_1_0r,0.27571925979941897
312,trail_0_5r_after_1_0r,0.27571925979941897
312,time_exit_after_4_bars_if_mfe_lt_0_3r,0.27571925979941897
312,partial_50pct_at_1r,0.27571925979941897
313,baseline,0.07232421957523892
313,breakeven_after_0_5r,0.07232421957523892
313,breakeven_after_1_0r,0.07232421957523892
313,exit_at_first_0_5r,0.07232421957523892
313,exit_at_first_1_0r,0.07232421957523892
313,trail_0_5r_after_1_0r,0.07232421957523892
313,time_exit_after_4_bars_if_mfe_lt_0_3r,0.07232421957523892
313,partial_50pct_at_1r,0.07232421957523892
314,baseline,-0.7135569513785903
314,breakeven_after_0_5r,-0.7135569513785903
314,breakeven_after_1_0r,-0.7135569513785903
314,exit_at_first_0_5r,-0.7135569513785903
314,exit_at_first_1_0r,-0.7135569513785903
314,trail_0_5r_after_1_0r,-0.7135569513785903
314,time_exit_after_4_bars_if_mfe_lt_0_3r,-0.5697997720719233
314,partial_50pct_at_1r,-0.7135569513785903
315,baseline,0.502106000062708
315,breakeven_after_0_5r,0.0
315,breakeven_after_1_0r,0.502106000062708
315,exit_at_first_0_5r,0.5
315,exit_at_first_1_0r,0.502106000062708
315,trail_0_5r_after_1_0r,0.502106000062708
315,time_exit_after_4_bars_if_mfe_lt_0_3r,0.502106000062708
315,partial_50pct_at_1r,0.502106000062708
316,baseline,0.9163268710005108
316,breakeven_after_0_5r,0.0
316,breakeven_after_1_0r,0.9163268710005108
316,exit_at_first_0_5r,0.5
316,exit_at_first_1_0r,1.0
316,trail_0_5r_after_1_0r,0.6347711154458278
316,time_exit_after_4_bars_if_mfe_lt_0_3r,0.9163268710005108
316,partial_50pct_at_1r,0.9581634355002554
317,baseline,0.06863994626781289
317,breakeven_after_0_5r,0.06863994626781289
317,breakeven_after_1_0r,0.06863994626781289
317,exit_at_first_0_5r,0.5
317,exit_at_first_1_0r,0.06863994626781289
317,trail_0_5r_after_1_0r,0.06863994626781289
317,time_exit_after_4_bars_if_mfe_lt_0_3r,0.06863994626781289
317,partial_50pct_at_1r,0.06863994626781289
318,baseline,-1.0183411219112697
318,breakeven_after_0_5r,-1.0183411219112697
318,breakeven_after_1_0r,-1.0183411219112697
318,exit_at_first_0_5r,-1.0183411219112697
318,exit_at_first_1_0r,-1.0183411219112697
318,trail_0_5r_after_1_0r,-1.0183411219112697
318,time_exit_after_4_bars_if_mfe_lt_0_3r,-1.0183411219112697
318,partial_50pct_at_1r,-1.0183411219112697
319,baseline,0.5908949989687217
319,breakeven_after_0_5r,0.0
319,breakeven_after_1_0r,0.5908949989687217
319,exit_at_first_0_5r,0.5
319,exit_at_first_1_0r,1.0
319,trail_0_5r_after_1_0r,0.5908949989687217
319,time_exit_after_4_bars_if_mfe_lt_0_3r,0.5908949989687217
319,partial_50pct_at_1r,0.7954474994843608
320,baseline,-0.2119096391362792
320,breakeven_after_0_5r,0.0
320,breakeven_after_1_0r,-0.2119096391362792
320,exit_at_first_0_5r,0.5
320,exit_at_first_1_0r,-0.2119096391362792
320,trail_0_5r_after_1_0r,-0.2119096391362792
320,time_exit_after_4_bars_if_mfe_lt_0_3r,-0.2119096391362792
320,partial_50pct_at_1r,-0.2119096391362792
321,baseline,-0.1250743696704612
321,breakeven_after_0_5r,-0.1250743696704612
321,breakeven_after_1_0r,-0.1250743696704612
321,exit_at_first_0_5r,-0.1250743696704612
321,exit_at_first_1_0r,-0.1250743696704612
321,trail_0_5r_after_1_0r,-0.1250743696704612
321,time_exit_after_4_bars_if_mfe_lt_0_3r,0.22465917378786782
321,partial_50pct_at_1r,-0.1250743696704612
322,baseline,0.07803744782152894
322,breakeven_after_0_5r,0.07803744782152894
322,breakeven_after_1_0r,0.07803744782152894
322,exit_at_first_0_5r,0.5
322,exit_at_first_1_0r,1.0
322,trail_0_5r_after_1_0r,1.714009637792746
322,time_exit_after_4_bars_if_mfe_lt_0_3r,0.07803744782152894
322,partial_50pct_at_1r,0.5390187239107644
323,baseline,0.5823140596202947
323,breakeven_after_0_5r,0.0
323,breakeven_after_1_0r,0.5823140596202947
323,exit_at_first_0_5r,0.5
323,exit_at_first_1_0r,0.5823140596202947
323,trail_0_5r_after_1_0r,0.5823140596202947
323,time_exit_after_4_bars_if_mfe_lt_0_3r,0.5823140596202947
323,partial_50pct_at_1r,0.5823140596202947
324,baseline,-1.0042336995667418
324,breakeven_after_0_5r,-1.0042336995667418
324,breakeven_after_1_0r,-1.0042336995667418
324,exit_at_first_0_5r,-1.0042336995667418
324,exit_at_first_1_0r,-1.0042336995667418
324,trail_0_5r_after_1_0r,-1.0042336995667418
324,time_exit_after_4_bars_if_mfe_lt_0_3r,-1.3682995166197778
324,partial_50pct_at_1r,-1.0042336995667418
325,baseline,0.38615502849090966
325,breakeven_after_0_5r,0.0
325,breakeven_after_1_0r,0.38615502849090966
325,exit_at_first_0_5r,0.5
325,exit_at_first_1_0r,0.38615502849090966
325,trail_0_5r_after_1_0r,0.38615502849090966
325,time_exit_after_4_bars_if_mfe_lt_0_3r,0.38615502849090966
325,partial_50pct_at_1r,0.38615502849090966
326,baseline,0.9310419865972249
326,breakeven_after_0_5r,0.0
326,breakeven_after_1_0r,0.0
326,exit_at_first_0_5r,0.5
326,exit_at_first_1_0r,1.0
326,trail_0_5r_after_1_0r,0.6358247208120857
326,time_exit_after_4_bars_if_mfe_lt_0_3r,-0.1433654981481051
326,partial_50pct_at_1r,0.9655209932986124
327,baseline,0.7075617481431511
327,breakeven_after_0_5r,0.7075617481431511
327,breakeven_after_1_0r,0.7075617481431511
327,exit_at_first_0_5r,0.5
327,exit_at_first_1_0r,0.7075617481431511
327,trail_0_5r_after_1_0r,0.7075617481431511
327,time_exit_after_4_bars_if_mfe_lt_0_3r,0.7075617481431511
327,partial_50pct_at_1r,0.7075617481431511
328,baseline,0.4220895587840894
328,breakeven_after_0_5r,0.0
328,breakeven_after_1_0r,0.4220895587840894
328,exit_at_first_0_5r,0.5
328,exit_at_first_1_0r,0.4220895587840894
328,trail_0_5r_after_1_0r,0.4220895587840894
328,time_exit_after_4_bars_if_mfe_lt_0_3r,0.4220895587840894
328,partial_50pct_at_1r,0.4220895587840894
329,baseline,0.6310628220784807
329,breakeven_after_0_5r,0.0
329,breakeven_after_1_0r,0.6310628220784807
329,exit_at_first_0_5r,0.5
329,exit_at_first_1_0r,1.0
329,trail_0_5r_after_1_0r,0.6310628220784807
329,time_exit_after_4_bars_if_mfe_lt_0_3r,0.6310628220784807
329,partial_50pct_at_1r,0.8155314110392404
330,baseline,0.2311573092969698
330,breakeven_after_0_5r,0.2311573092969698
330,breakeven_after_1_0r,0.2311573092969698
330,exit_at_first_0_5r,0.2311573092969698
330,exit_at_first_1_0r,0.2311573092969698
330,trail_0_5r_after_1_0r,0.2311573092969698
330,time_exit_after_4_bars_if_mfe_lt_0_3r,0.2311573092969698
330,partial_50pct_at_1r,0.2311573092969698
331,baseline,-1.0142702450002175
331,breakeven_after_0_5r,-1.0142702450002175
331,breakeven_after_1_0r,-1.0142702450002175
331,exit_at_first_0_5r,-1.0142702450002175
331,exit_at_first_1_0r,-1.0142702450002175
331,trail_0_5r_after_1_0r,-1.0142702450002175
331,time_exit_after_4_bars_if_mfe_lt_0_3r,-1.0142702450002175
331,partial_50pct_at_1r,-1.0142702450002175
332,baseline,0.7974255218608245
332,breakeven_after_0_5r,0.0
332,breakeven_after_1_0r,0.0
332,exit_at_first_0_5r,0.5
332,exit_at_first_1_0r,1.0
332,trail_0_5r_after_1_0r,0.5835704799148282
332,time_exit_after_4_bars_if_mfe_lt_0_3r,0.7974255218608245
332,partial_50pct_at_1r,0.8987127609304122
333,baseline,0.5081448677395368
333,breakeven_after_0_5r,0.0
333,breakeven_after_1_0r,0.5081448677395368
333,exit_at_first_0_5r,0.5
333,exit_at_first_1_0r,0.5081448677395368
333,trail_0_5r_after_1_0r,0.5081448677395368
333,time_exit_after_4_bars_if_mfe_lt_0_3r,0.5081448677395368
333,partial_50pct_at_1r,0.5081448677395368
334,baseline,0.2668496991506459
334,breakeven_after_0_5r,0.2668496991506459
334,breakeven_after_1_0r,0.2668496991506459
334,exit_at_first_0_5r,0.2668496991506459
334,exit_at_first_1_0r,0.2668496991506459
334,trail_0_5r_after_1_0r,0.2668496991506459
334,time_exit_after_4_bars_if_mfe_lt_0_3r,0.2668496991506459
334,partial_50pct_at_1r,0.2668496991506459
335,baseline,0.4804021922023151
335,breakeven_after_0_5r,0.4804021922023151
335,breakeven_after_1_0r,0.4804021922023151
335,exit_at_first_0_5r,0.5
335,exit_at_first_1_0r,0.4804021922023151
335,trail_0_5r_after_1_0r,0.4804021922023151
335,time_exit_after_4_bars_if_mfe_lt_0_3r,0.4804021922023151
335,partial_50pct_at_1r,0.4804021922023151
336,baseline,-1.0194199020650725
336,breakeven_after_0_5r,-1.0194199020650725
336,breakeven_after_1_0r,-1.0194199020650725
336,exit_at_first_0_5r,-1.0194199020650725
336,exit_at_first_1_0r,-1.0194199020650725
336,trail_0_5r_after_1_0r,-1.0194199020650725
336,time_exit_after_4_bars_if_mfe_lt_0_3r,-0.31917448431388407
336,partial_50pct_at_1r,-1.0194199020650725
337,baseline,0.35578584807474783
337,breakeven_after_0_5r,0.0
337,breakeven_after_1_0r,0.35578584807474783
337,exit_at_first_0_5r,0.5
337,exit_at_first_1_0r,1.0
337,trail_0_5r_after_1_0r,1.2212589092874502
337,time_exit_after_4_bars_if_mfe_lt_0_3r,0.35578584807474783
337,partial_50pct_at_1r,0.6778929240373739
338,baseline,0.6664382555936058
338,breakeven_after_0_5r,0.6664382555936058
338,breakeven_after_1_0r,0.6664382555936058
338,exit_at_first_0_5r,0.5
338,exit_at_first_1_0r,0.6664382555936058
338,trail_0_5r_after_1_0r,0.6664382555936058
338,time_exit_after_4_bars_if_mfe_lt_0_3r,0.6664382555936058
338,partial_50pct_at_1r,0.6664382555936058
339,baseline,0.32254260130856854
339,breakeven_after_0_5r,0.32254260130856854
339,breakeven_after_1_0r,0.32254260130856854
339,exit_at_first_0_5r,0.5
339,exit_at_first_1_0r,0.32254260130856854
339,trail_0_5r_after_1_0r,0.32254260130856854
339,time_exit_after_4_bars_if_mfe_lt_0_3r,-0.19611828662928504
339,partial_50pct_at_1r,0.32254260130856854
340,baseline,0.10248525693701951
340,breakeven_after_0_5r,0.0
340,breakeven_after_1_0r,0.10248525693701951
340,exit_at_first_0_5r,0.5
340,exit_at_first_1_0r,0.10248525693701951
340,trail_0_5r_after_1_0r,0.10248525693701951
340,time_exit_after_4_bars_if_mfe_lt_0_3r,-0.15059046168903403
340,partial_50pct_at_1r,0.10248525693701951
341,baseline,0.06649076459548138
341,breakeven_after_0_5r,0.06649076459548138
341,breakeven_after_1_0r,0.06649076459548138
341,exit_at_first_0_5r,0.5
341,exit_at_first_1_0r,1.0
341,trail_0_5r_after_1_0r,1.8130393873259125
341,time_exit_after_4_bars_if_mfe_lt_0_3r,0.06649076459548138
341,partial_50pct_at_1r,0.5332453822977407
342,baseline,0.2101259795754829
342,breakeven_after_0_5r,0.0
342,breakeven_after_1_0r,0.2101259795754829
342,exit_at_first_0_5r,0.5
342,exit_at_first_1_0r,0.2101259795754829
342,trail_0_5r_after_1_0r,0.2101259795754829
342,time_exit_after_4_bars_if_mfe_lt_0_3r,0.2101259795754829
342,partial_50pct_at_1r,0.2101259795754829
343,baseline,0.7810880808183565
343,breakeven_after_0_5r,0.0
343,breakeven_after_1_0r,0.0
343,exit_at_first_0_5r,0.5
343,exit_at_first_1_0r,1.0
343,trail_0_5r_after_1_0r,0.6590882110326002
343,time_exit_after_4_bars_if_mfe_lt_0_3r,0.7810880808183565
343,partial_50pct_at_1r,0.8905440404091782
344,baseline,0.6194804450207835
344,breakeven_after_0_5r,0.6194804450207835
344,breakeven_after_1_0r,0.6194804450207835
344,exit_at_first_0_5r,0.5
344,exit_at_first_1_0r,1.0
344,trail_0_5r_after_1_0r,0.5122677782936653
344,time_exit_after_4_bars_if_mfe_lt_0_3r,0.6194804450207835
344,partial_50pct_at_1r,0.8097402225103918
345,baseline,1.749733869007841
345,breakeven_after_0_5r,0.0
345,breakeven_after_1_0r,0.0
345,exit_at_first_0_5r,0.5
345,exit_at_first_1_0r,1.0
345,trail_0_5r_after_1_0r,1.7023363947755183
345,time_exit_after_4_bars_if_mfe_lt_0_3r,1.749733869007841
345,partial_50pct_at_1r,1.3748669345039204
346,baseline,-1.0227627554602146
346,breakeven_after_0_5r,-1.0227627554602146
346,breakeven_after_1_0r,-1.0227627554602146
346,exit_at_first_0_5r,-1.0227627554602146
346,exit_at_first_1_0r,-1.0227627554602146
346,trail_0_5r_after_1_0r,-1.0227627554602146
346,time_exit_after_4_bars_if_mfe_lt_0_3r,-1.0227627554602146
346,partial_50pct_at_1r,-1.0227627554602146
347,baseline,0.36828465288572765
347,breakeven_after_0_5r,0.36828465288572765
347,breakeven_after_1_0r,0.36828465288572765
347,exit_at_first_0_5r,0.5
347,exit_at_first_1_0r,0.36828465288572765
347,trail_0_5r_after_1_0r,0.36828465288572765
347,time_exit_after_4_bars_if_mfe_lt_0_3r,0.36828465288572765
347,partial_50pct_at_1r,0.36828465288572765
348,baseline,-1.0221724711110378
348,breakeven_after_0_5r,-1.0221724711110378
348,breakeven_after_1_0r,-1.0221724711110378
348,exit_at_first_0_5r,-1.0221724711110378
348,exit_at_first_1_0r,-1.0221724711110378
348,trail_0_5r_after_1_0r,-1.0221724711110378
348,time_exit_after_4_bars_if_mfe_lt_0_3r,-1.0221724711110378
348,partial_50pct_at_1r,-1.0221724711110378
349,baseline,0.9084183220022343
349,breakeven_after_0_5r,0.9084183220022343
349,breakeven_after_1_0r,0.9084183220022343
349,exit_at_first_0_5r,0.5
349,exit_at_first_1_0r,1.0
349,trail_0_5r_after_1_0r,0.6709968990480994
349,time_exit_after_4_bars_if_mfe_lt_0_3r,0.9084183220022343
349,partial_50pct_at_1r,0.9542091610011172
350,baseline,0.2768856628674092
350,breakeven_after_0_5r,0.2768856628674092
350,breakeven_after_1_0r,0.2768856628674092
350,exit_at_first_0_5r,0.5
350,exit_at_first_1_0r,0.2768856628674092
350,trail_0_5r_after_1_0r,0.2768856628674092
350,time_exit_after_4_bars_if_mfe_lt_0_3r,0.2768856628674092
350,partial_50pct_at_1r,0.2768856628674092
351,baseline,0.22515909868466036
351,breakeven_after_0_5r,0.22515909868466036
351,breakeven_after_1_0r,0.22515909868466036
351,exit_at_first_0_5r,0.5
351,exit_at_first_1_0r,0.22515909868466036
351,trail_0_5r_after_1_0r,0.22515909868466036
351,time_exit_after_4_bars_if_mfe_lt_0_3r,0.22515909868466036
351,partial_50pct_at_1r,0.22515909868466036
352,baseline,-1.0251814443647076
352,breakeven_after_0_5r,-1.0251814443647076
352,breakeven_after_1_0r,-1.0251814443647076
352,exit_at_first_0_5r,-1.0251814443647076
352,exit_at_first_1_0r,-1.0251814443647076
352,trail_0_5r_after_1_0r,-1.0251814443647076
352,time_exit_after_4_bars_if_mfe_lt_0_3r,-1.0251814443647076
352,partial_50pct_at_1r,-1.0251814443647076
353,baseline,0.26862474038871553
353,breakeven_after_0_5r,0.0
353,breakeven_after_1_0r,0.0
353,exit_at_first_0_5r,0.5
353,exit_at_first_1_0r,1.0
353,trail_0_5r_after_1_0r,0.5020111450625664
353,time_exit_after_4_bars_if_mfe_lt_0_3r,0.26862474038871553
353,partial_50pct_at_1r,0.6343123701943578
354,baseline,-1.0219217463542252
354,breakeven_after_0_5r,-1.0219217463542252
354,breakeven_after_1_0r,-1.0219217463542252
354,exit_at_first_0_5r,-1.0219217463542252
354,exit_at_first_1_0r,-1.0219217463542252
354,trail_0_5r_after_1_0r,-1.0219217463542252
354,time_exit_after_4_bars_if_mfe_lt_0_3r,-1.0219217463542252
354,partial_50pct_at_1r,-1.0219217463542252
355,baseline,-1.0222583227637885
355,breakeven_after_0_5r,-1.0222583227637885
355,breakeven_after_1_0r,-1.0222583227637885
355,exit_at_first_0_5r,-1.0222583227637885
355,exit_at_first_1_0r,-1.0222583227637885
355,trail_0_5r_after_1_0r,-1.0222583227637885
355,time_exit_after_4_bars_if_mfe_lt_0_3r,-1.0222583227637885
355,partial_50pct_at_1r,-1.0222583227637885
356,baseline,0.2903941615802083
356,breakeven_after_0_5r,0.2903941615802083
356,breakeven_after_1_0r,0.2903941615802083
356,exit_at_first_0_5r,0.5
356,exit_at_first_1_0r,0.2903941615802083
356,trail_0_5r_after_1_0r,0.2903941615802083
356,time_exit_after_4_bars_if_mfe_lt_0_3r,0.2903941615802083
356,partial_50pct_at_1r,0.2903941615802083
357,baseline,0.5704964653469763
357,breakeven_after_0_5r,0.5704964653469763
357,breakeven_after_1_0r,0.5704964653469763
357,exit_at_first_0_5r,0.5
357,exit_at_first_1_0r,0.5704964653469763
357,trail_0_5r_after_1_0r,0.5704964653469763
357,time_exit_after_4_bars_if_mfe_lt_0_3r,0.5704964653469763
357,partial_50pct_at_1r,0.5704964653469763
358,baseline,-1.0265188537272338
358,breakeven_after_0_5r,-1.0265188537272338
358,breakeven_after_1_0r,-1.0265188537272338
358,exit_at_first_0_5r,-1.0265188537272338
358,exit_at_first_1_0r,-1.0265188537272338
358,trail_0_5r_after_1_0r,-1.0265188537272338
358,time_exit_after_4_bars_if_mfe_lt_0_3r,-1.0265188537272338
358,partial_50pct_at_1r,-1.0265188537272338
359,baseline,-1.0231673154427434
359,breakeven_after_0_5r,-1.0231673154427434
359,breakeven_after_1_0r,-1.0231673154427434
359,exit_at_first_0_5r,-1.0231673154427434
359,exit_at_first_1_0r,-1.0231673154427434
359,trail_0_5r_after_1_0r,-1.0231673154427434
359,time_exit_after_4_bars_if_mfe_lt_0_3r,-1.0231673154427434
359,partial_50pct_at_1r,-1.0231673154427434
360,baseline,-1.0200989150059783
360,breakeven_after_0_5r,-1.0200989150059783
360,breakeven_after_1_0r,-1.0200989150059783
360,exit_at_first_0_5r,-1.0200989150059783
360,exit_at_first_1_0r,-1.0200989150059783
360,trail_0_5r_after_1_0r,-1.0200989150059783
360,time_exit_after_4_bars_if_mfe_lt_0_3r,-1.0200989150059783
360,partial_50pct_at_1r,-1.0200989150059783
361,baseline,0.21603470261121369
361,breakeven_after_0_5r,0.21603470261121369
361,breakeven_after_1_0r,0.21603470261121369
361,exit_at_first_0_5r,0.21603470261121369
361,exit_at_first_1_0r,0.21603470261121369
361,trail_0_5r_after_1_0r,0.21603470261121369
361,time_exit_after_4_bars_if_mfe_lt_0_3r,0.21603470261121369
361,partial_50pct_at_1r,0.21603470261121369
362,baseline,0.8459720290847479
362,breakeven_after_0_5r,0.8459720290847479
362,breakeven_after_1_0r,0.8459720290847479
362,exit_at_first_0_5r,0.5
362,exit_at_first_1_0r,1.0
362,trail_0_5r_after_1_0r,0.8459720290847479
362,time_exit_after_4_bars_if_mfe_lt_0_3r,0.8459720290847479
362,partial_50pct_at_1r,0.922986014542374
363,baseline,-0.1335051298053389
363,breakeven_after_0_5r,-0.1335051298053389
363,breakeven_after_1_0r,-0.1335051298053389
363,exit_at_first_0_5r,-0.1335051298053389
363,exit_at_first_1_0r,-0.1335051298053389
363,trail_0_5r_after_1_0r,-0.1335051298053389
363,time_exit_after_4_bars_if_mfe_lt_0_3r,-0.1335051298053389
363,partial_50pct_at_1r,-0.1335051298053389
364,baseline,-0.21645399397792175
364,breakeven_after_0_5r,-0.21645399397792175
364,breakeven_after_1_0r,-0.21645399397792175
364,exit_at_first_0_5r,-0.21645399397792175
364,exit_at_first_1_0r,-0.21645399397792175
364,trail_0_5r_after_1_0r,-0.21645399397792175
364,time_exit_after_4_bars_if_mfe_lt_0_3r,-0.18520575662347583
364,partial_50pct_at_1r,-0.21645399397792175
365,baseline,0.2784811267575244
365,breakeven_after_0_5r,0.0
365,breakeven_after_1_0r,0.2784811267575244
365,exit_at_first_0_5r,0.5
365,exit_at_first_1_0r,0.2784811267575244
365,trail_0_5r_after_1_0r,0.2784811267575244
365,time_exit_after_4_bars_if_mfe_lt_0_3r,0.21252881520713754
365,partial_50pct_at_1r,0.2784811267575244
366,baseline,0.6071263932736298
366,breakeven_after_0_5r,0.0
366,breakeven_after_1_0r,0.0
366,exit_at_first_0_5r,0.5
366,exit_at_first_1_0r,1.0
366,trail_0_5r_after_1_0r,0.5137534242390536
366,time_exit_after_4_bars_if_mfe_lt_0_3r,0.6071263932736298
366,partial_50pct_at_1r,0.8035631966368149
367,baseline,0.07275144848602644
367,breakeven_after_0_5r,0.0
367,breakeven_after_1_0r,0.07275144848602644
367,exit_at_first_0_5r,0.5
367,exit_at_first_1_0r,0.07275144848602644
367,trail_0_5r_after_1_0r,0.07275144848602644
367,time_exit_after_4_bars_if_mfe_lt_0_3r,0.07275144848602644
367,partial_50pct_at_1r,0.07275144848602644
368,baseline,0.0863495103508829
368,breakeven_after_0_5r,0.0
368,breakeven_after_1_0r,0.0863495103508829
368,exit_at_first_0_5r,0.5
368,exit_at_first_1_0r,0.0863495103508829
368,trail_0_5r_after_1_0r,0.0863495103508829
368,time_exit_after_4_bars_if_mfe_lt_0_3r,0.0863495103508829
368,partial_50pct_at_1r,0.0863495103508829
369,baseline,-1.0313907922175558
369,breakeven_after_0_5r,-1.0313907922175558
369,breakeven_after_1_0r,-1.0313907922175558
369,exit_at_first_0_5r,-1.0313907922175558
369,exit_at_first_1_0r,-1.0313907922175558
369,trail_0_5r_after_1_0r,-1.0313907922175558
369,time_exit_after_4_bars_if_mfe_lt_0_3r,-0.5553695234557359
369,partial_50pct_at_1r,-1.0313907922175558
370,baseline,0.16403282130488755
370,breakeven_after_0_5r,0.0
370,breakeven_after_1_0r,0.16403282130488755
370,exit_at_first_0_5r,0.5
370,exit_at_first_1_0r,0.16403282130488755
370,trail_0_5r_after_1_0r,0.16403282130488755
370,time_exit_after_4_bars_if_mfe_lt_0_3r,0.16403282130488755
370,partial_50pct_at_1r,0.16403282130488755
371,baseline,0.1642009137629506
371,breakeven_after_0_5r,0.0
371,breakeven_after_1_0r,0.1642009137629506
371,exit_at_first_0_5r,0.5
371,exit_at_first_1_0r,0.1642009137629506
371,trail_0_5r_after_1_0r,0.1642009137629506
371,time_exit_after_4_bars_if_mfe_lt_0_3r,0.1642009137629506
371,partial_50pct_at_1r,0.1642009137629506
372,baseline,-1.0322866245381268
372,breakeven_after_0_5r,-1.0322866245381268
372,breakeven_after_1_0r,-1.0322866245381268
372,exit_at_first_0_5r,-1.0322866245381268
372,exit_at_first_1_0r,-1.0322866245381268
372,trail_0_5r_after_1_0r,-1.0322866245381268
372,time_exit_after_4_bars_if_mfe_lt_0_3r,-1.0322866245381268
372,partial_50pct_at_1r,-1.0322866245381268
373,baseline,0.5990327769262662
373,breakeven_after_0_5r,0.5990327769262662
373,breakeven_after_1_0r,0.5990327769262662
373,exit_at_first_0_5r,0.5
373,exit_at_first_1_0r,0.5990327769262662
373,trail_0_5r_after_1_0r,0.5990327769262662
373,time_exit_after_4_bars_if_mfe_lt_0_3r,0.5990327769262662
373,partial_50pct_at_1r,0.5990327769262662
374,baseline,-1.0329564905482445
374,breakeven_after_0_5r,-1.0329564905482445
374,breakeven_after_1_0r,-1.0329564905482445
374,exit_at_first_0_5r,-1.0329564905482445
374,exit_at_first_1_0r,-1.0329564905482445
374,trail_0_5r_after_1_0r,-1.0329564905482445
374,time_exit_after_4_bars_if_mfe_lt_0_3r,-1.0329564905482445
374,partial_50pct_at_1r,-1.0329564905482445
375,baseline,0.5912652726593484
375,breakeven_after_0_5r,0.0
375,breakeven_after_1_0r,0.0
375,exit_at_first_0_5r,0.5
375,exit_at_first_1_0r,1.0
375,trail_0_5r_after_1_0r,0.7730713820069726
375,time_exit_after_4_bars_if_mfe_lt_0_3r,0.5912652726593484
375,partial_50pct_at_1r,0.7956326363296742
376,baseline,0.18582189154295986
376,breakeven_after_0_5r,0.18582189154295986
376,breakeven_after_1_0r,0.18582189154295986
376,exit_at_first_0_5r,0.18582189154295986
376,exit_at_first_1_0r,0.18582189154295986
376,trail_0_5r_after_1_0r,0.18582189154295986
376,time_exit_after_4_bars_if_mfe_lt_0_3r,0.07688671311689212
376,partial_50pct_at_1r,0.18582189154295986
377,baseline,-1.0325784108092273
377,breakeven_after_0_5r,-1.0325784108092273
377,breakeven_after_1_0r,-1.0325784108092273
377,exit_at_first_0_5r,-1.0325784108092273
377,exit_at_first_1_0r,-1.0325784108092273
377,trail_0_5r_after_1_0r,-1.0325784108092273
377,time_exit_after_4_bars_if_mfe_lt_0_3r,-0.10859470269744916
377,partial_50pct_at_1r,-1.0325784108092273
378,baseline,-0.3508612398049276
378,breakeven_after_0_5r,0.0
378,breakeven_after_1_0r,-0.3508612398049276
378,exit_at_first_0_5r,0.5
378,exit_at_first_1_0r,-0.3508612398049276
378,trail_0_5r_after_1_0r,-0.3508612398049276
378,time_exit_after_4_bars_if_mfe_lt_0_3r,-0.3508612398049276
378,partial_50pct_at_1r,-0.3508612398049276
379,baseline,0.6663781217632554
379,breakeven_after_0_5r,0.0
379,breakeven_after_1_0r,0.6663781217632554
379,exit_at_first_0_5r,0.5
379,exit_at_first_1_0r,1.0
379,trail_0_5r_after_1_0r,4.034565559016775
379,time_exit_after_4_bars_if_mfe_lt_0_3r,0.6663781217632554
379,partial_50pct_at_1r,0.8331890608816277
380,baseline,0.4379985850226778
380,breakeven_after_0_5r,0.0
380,breakeven_after_1_0r,0.4379985850226778
380,exit_at_first_0_5r,0.5
380,exit_at_first_1_0r,0.4379985850226778
380,trail_0_5r_after_1_0r,0.4379985850226778
380,time_exit_after_4_bars_if_mfe_lt_0_3r,0.4379985850226778
380,partial_50pct_at_1r,0.4379985850226778
381,baseline,-4.195009944361397e-06
381,breakeven_after_0_5r,-4.195009944361397e-06
381,breakeven_after_1_0r,-4.195009944361397e-06
381,exit_at_first_0_5r,-4.195009944361397e-06
381,exit_at_first_1_0r,-4.195009944361397e-06
381,trail_0_5r_after_1_0r,-4.195009944361397e-06
381,time_exit_after_4_bars_if_mfe_lt_0_3r,-4.195009944361397e-06
381,partial_50pct_at_1r,-4.195009944361397e-06
382,baseline,0.05671825096417099
382,breakeven_after_0_5r,0.05671825096417099
382,breakeven_after_1_0r,0.05671825096417099
382,exit_at_first_0_5r,0.05671825096417099
382,exit_at_first_1_0r,0.05671825096417099
382,trail_0_5r_after_1_0r,0.05671825096417099
382,time_exit_after_4_bars_if_mfe_lt_0_3r,0.05671825096417099
382,partial_50pct_at_1r,0.05671825096417099
383,baseline,-1.0353080823898797
383,breakeven_after_0_5r,-1.0353080823898797
383,breakeven_after_1_0r,-1.0353080823898797
383,exit_at_first_0_5r,-1.0353080823898797
383,exit_at_first_1_0r,-1.0353080823898797
383,trail_0_5r_after_1_0r,-1.0353080823898797
383,time_exit_after_4_bars_if_mfe_lt_0_3r,-1.0353080823898797
383,partial_50pct_at_1r,-1.0353080823898797
384,baseline,0.2237877166317327
384,breakeven_after_0_5r,0.0
384,breakeven_after_1_0r,0.0
384,exit_at_first_0_5r,0.5
384,exit_at_first_1_0r,1.0
384,trail_0_5r_after_1_0r,0.5542060022661528
384,time_exit_after_4_bars_if_mfe_lt_0_3r,-0.0722058905661753
384,partial_50pct_at_1r,0.6118938583158664
385,baseline,0.1799160028184423
385,breakeven_after_0_5r,0.1799160028184423
385,breakeven_after_1_0r,0.1799160028184423
385,exit_at_first_0_5r,0.1799160028184423
385,exit_at_first_1_0r,0.1799160028184423
385,trail_0_5r_after_1_0r,0.1799160028184423
385,time_exit_after_4_bars_if_mfe_lt_0_3r,0.1799160028184423
385,partial_50pct_at_1r,0.1799160028184423
386,baseline,0.47145395893156444
386,breakeven_after_0_5r,0.47145395893156444
386,breakeven_after_1_0r,0.47145395893156444
386,exit_at_first_0_5r,0.5
386,exit_at_first_1_0r,0.47145395893156444
386,trail_0_5r_after_1_0r,0.47145395893156444
386,time_exit_after_4_bars_if_mfe_lt_0_3r,0.05000397600121951
386,partial_50pct_at_1r,0.47145395893156444
387,baseline,-1.0359560789676652
387,breakeven_after_0_5r,-1.0359560789676652
387,breakeven_after_1_0r,-1.0359560789676652
387,exit_at_first_0_5r,-1.0359560789676652
387,exit_at_first_1_0r,-1.0359560789676652
387,trail_0_5r_after_1_0r,-1.0359560789676652
387,time_exit_after_4_bars_if_mfe_lt_0_3r,-0.5384366110087897
387,partial_50pct_at_1r,-1.0359560789676652
388,baseline,0.24304460354793336
388,breakeven_after_0_5r,0.0
388,breakeven_after_1_0r,0.24304460354793336
388,exit_at_first_0_5r,0.5
388,exit_at_first_1_0r,0.24304460354793336
388,trail_0_5r_after_1_0r,0.24304460354793336
388,time_exit_after_4_bars_if_mfe_lt_0_3r,0.24304460354793336
388,partial_50pct_at_1r,0.24304460354793336
389,baseline,0.5224253266403716
389,breakeven_after_0_5r,0.5224253266403716
389,breakeven_after_1_0r,0.5224253266403716
389,exit_at_first_0_5r,0.5
389,exit_at_first_1_0r,0.5224253266403716
389,trail_0_5r_after_1_0r,0.5224253266403716
389,time_exit_after_4_bars_if_mfe_lt_0_3r,0.19263771485816925
389,partial_50pct_at_1r,0.5224253266403716
390,baseline,0.28254714480042287
390,breakeven_after_0_5r,0.0
390,breakeven_after_1_0r,0.28254714480042287
390,exit_at_first_0_5r,0.5
390,exit_at_first_1_0r,1.0
390,trail_0_5r_after_1_0r,1.0841467129562243
390,time_exit_after_4_bars_if_mfe_lt_0_3r,0.28254714480042287
390,partial_50pct_at_1r,0.6412735724002114
391,baseline,0.24909013625225218
391,breakeven_after_0_5r,0.0
391,breakeven_after_1_0r,0.24909013625225218
391,exit_at_first_0_5r,0.5
391,exit_at_first_1_0r,0.24909013625225218
391,trail_0_5r_after_1_0r,0.24909013625225218
391,time_exit_after_4_bars_if_mfe_lt_0_3r,0.24909013625225218
391,partial_50pct_at_1r,0.24909013625225218
392,baseline,0.24404137571337534
392,breakeven_after_0_5r,0.0
392,breakeven_after_1_0r,0.24404137571337534
392,exit_at_first_0_5r,0.5
392,exit_at_first_1_0r,0.24404137571337534
392,trail_0_5r_after_1_0r,0.24404137571337534
392,time_exit_after_4_bars_if_mfe_lt_0_3r,0.24404137571337534
392,partial_50pct_at_1r,0.24404137571337534
393,baseline,-1.035133909855599
393,breakeven_after_0_5r,-1.035133909855599
393,breakeven_after_1_0r,-1.035133909855599
393,exit_at_first_0_5r,-1.035133909855599
393,exit_at_first_1_0r,-1.035133909855599
393,trail_0_5r_after_1_0r,-1.035133909855599
393,time_exit_after_4_bars_if_mfe_lt_0_3r,-1.035133909855599
393,partial_50pct_at_1r,-1.035133909855599
394,baseline,0.7971185548690051
394,breakeven_after_0_5r,0.7971185548690051
394,breakeven_after_1_0r,0.7971185548690051
394,exit_at_first_0_5r,0.5
394,exit_at_first_1_0r,1.0
394,trail_0_5r_after_1_0r,0.7971185548690051
394,time_exit_after_4_bars_if_mfe_lt_0_3r,0.7971185548690051
394,partial_50pct_at_1r,0.8985592774345026
395,baseline,-1.0350115954559085
395,breakeven_after_0_5r,-1.0350115954559085
395,breakeven_after_1_0r,-1.0350115954559085
395,exit_at_first_0_5r,-1.0350115954559085
395,exit_at_first_1_0r,-1.0350115954559085
395,trail_0_5r_after_1_0r,-1.0350115954559085
395,time_exit_after_4_bars_if_mfe_lt_0_3r,-1.0350115954559085
395,partial_50pct_at_1r,-1.0350115954559085
396,baseline,0.5860775954251283
396,breakeven_after_0_5r,0.5860775954251283
396,breakeven_after_1_0r,0.5860775954251283
396,exit_at_first_0_5r,0.5
396,exit_at_first_1_0r,0.5860775954251283
396,trail_0_5r_after_1_0r,0.5860775954251283
396,time_exit_after_4_bars_if_mfe_lt_0_3r,0.5860775954251283
396,partial_50pct_at_1r,0.5860775954251283
397,baseline,0.16182034953533572
397,breakeven_after_0_5r,0.16182034953533572
397,breakeven_after_1_0r,0.16182034953533572
397,exit_at_first_0_5r,0.16182034953533572
397,exit_at_first_1_0r,0.16182034953533572
397,trail_0_5r_after_1_0r,0.16182034953533572
397,time_exit_after_4_bars_if_mfe_lt_0_3r,0.16182034953533572
397,partial_50pct_at_1r,0.16182034953533572
398,baseline,-1.0271660645136642
398,breakeven_after_0_5r,-1.0271660645136642
398,breakeven_after_1_0r,-1.0271660645136642
398,exit_at_first_0_5r,-1.0271660645136642
398,exit_at_first_1_0r,-1.0271660645136642
398,trail_0_5r_after_1_0r,-1.0271660645136642
398,time_exit_after_4_bars_if_mfe_lt_0_3r,-1.0271660645136642
398,partial_50pct_at_1r,-1.0271660645136642
399,baseline,0.3607898523437389
399,breakeven_after_0_5r,0.0
399,breakeven_after_1_0r,0.3607898523437389
399,exit_at_first_0_5r,0.5
399,exit_at_first_1_0r,0.3607898523437389
399,trail_0_5r_after_1_0r,0.3607898523437389
399,time_exit_after_4_bars_if_mfe_lt_0_3r,0.3607898523437389
399,partial_50pct_at_1r,0.3607898523437389
400,baseline,-0.11494738631413143
400,breakeven_after_0_5r,-0.11494738631413143
400,breakeven_after_1_0r,-0.11494738631413143
400,exit_at_first_0_5r,-0.11494738631413143
400,exit_at_first_1_0r,-0.11494738631413143
400,trail_0_5r_after_1_0r,-0.11494738631413143
400,time_exit_after_4_bars_if_mfe_lt_0_3r,0.02574432611134841
400,partial_50pct_at_1r,-0.11494738631413143
401,baseline,-1.0292357996215449
401,breakeven_after_0_5r,-1.0292357996215449
401,breakeven_after_1_0r,-1.0292357996215449
401,exit_at_first_0_5r,-1.0292357996215449
401,exit_at_first_1_0r,-1.0292357996215449
401,trail_0_5r_after_1_0r,-1.0292357996215449
401,time_exit_after_4_bars_if_mfe_lt_0_3r,-0.18534031681320207
401,partial_50pct_at_1r,-1.0292357996215449
402,baseline,-1.028467565028997
402,breakeven_after_0_5r,-1.028467565028997
402,breakeven_after_1_0r,-1.028467565028997
402,exit_at_first_0_5r,-1.028467565028997
402,exit_at_first_1_0r,-1.028467565028997
402,trail_0_5r_after_1_0r,-1.028467565028997
402,time_exit_after_4_bars_if_mfe_lt_0_3r,-1.028467565028997
402,partial_50pct_at_1r,-1.028467565028997
403,baseline,-1.020557821939869
403,breakeven_after_0_5r,-1.020557821939869
403,breakeven_after_1_0r,-1.020557821939869
403,exit_at_first_0_5r,-1.020557821939869
403,exit_at_first_1_0r,-1.020557821939869
403,trail_0_5r_after_1_0r,-1.020557821939869
403,time_exit_after_4_bars_if_mfe_lt_0_3r,-1.020557821939869
403,partial_50pct_at_1r,-1.020557821939869
404,baseline,0.20915941506313718
404,breakeven_after_0_5r,0.20915941506313718
404,breakeven_after_1_0r,0.20915941506313718
404,exit_at_first_0_5r,0.5
404,exit_at_first_1_0r,1.0
404,trail_0_5r_after_1_0r,0.8171387985719072
404,time_exit_after_4_bars_if_mfe_lt_0_3r,0.20915941506313718
404,partial_50pct_at_1r,0.6045797075315686
405,baseline,-1.0208371104631424
405,breakeven_after_0_5r,-1.0208371104631424
405,breakeven_after_1_0r,-1.0208371104631424
405,exit_at_first_0_5r,-1.0208371104631424
405,exit_at_first_1_0r,-1.0208371104631424
405,trail_0_5r_after_1_0r,-1.0208371104631424
405,time_exit_after_4_bars_if_mfe_lt_0_3r,-1.0208371104631424
405,partial_50pct_at_1r,-1.0208371104631424
406,baseline,0.5525479297115928
406,breakeven_after_0_5r,0.0
406,breakeven_after_1_0r,0.5525479297115928
406,exit_at_first_0_5r,0.5
406,exit_at_first_1_0r,0.5525479297115928
406,trail_0_5r_after_1_0r,0.5525479297115928
406,time_exit_after_4_bars_if_mfe_lt_0_3r,0.5525479297115928
406,partial_50pct_at_1r,0.5525479297115928
407,baseline,0.09607053368050933
407,breakeven_after_0_5r,0.0
407,breakeven_after_1_0r,0.09607053368050933
407,exit_at_first_0_5r,0.5
407,exit_at_first_1_0r,0.09607053368050933
407,trail_0_5r_after_1_0r,0.09607053368050933
407,time_exit_after_4_bars_if_mfe_lt_0_3r,0.09607053368050933
407,partial_50pct_at_1r,0.09607053368050933
408,baseline,-1.0180161666691414
408,breakeven_after_0_5r,-1.0180161666691414
408,breakeven_after_1_0r,-1.0180161666691414
408,exit_at_first_0_5r,-1.0180161666691414
408,exit_at_first_1_0r,-1.0180161666691414
408,trail_0_5r_after_1_0r,-1.0180161666691414
408,time_exit_after_4_bars_if_mfe_lt_0_3r,-1.0180161666691414
408,partial_50pct_at_1r,-1.0180161666691414
409,baseline,0.34225159609696115
409,breakeven_after_0_5r,0.0
409,breakeven_after_1_0r,0.34225159609696115
409,exit_at_first_0_5r,0.5
409,exit_at_first_1_0r,0.34225159609696115
409,trail_0_5r_after_1_0r,0.34225159609696115
409,time_exit_after_4_bars_if_mfe_lt_0_3r,0.34225159609696115
409,partial_50pct_at_1r,0.34225159609696115
410,baseline,0.3435446342590682
410,breakeven_after_0_5r,0.0
410,breakeven_after_1_0r,0.3435446342590682
410,exit_at_first_0_5r,0.5
410,exit_at_first_1_0r,1.0
410,trail_0_5r_after_1_0r,0.85455962832118
410,time_exit_after_4_bars_if_mfe_lt_0_3r,0.3435446342590682
410,partial_50pct_at_1r,0.6717723171295341
411,baseline,-1.0166365526476335
411,breakeven_after_0_5r,-1.0166365526476335
411,breakeven_after_1_0r,-1.0166365526476335
411,exit_at_first_0_5r,-1.0166365526476335
411,exit_at_first_1_0r,-1.0166365526476335
411,trail_0_5r_after_1_0r,-1.0166365526476335
411,time_exit_after_4_bars_if_mfe_lt_0_3r,-0.09672101923626399
411,partial_50pct_at_1r,-1.0166365526476335
412,baseline,1.3450093111519668
412,breakeven_after_0_5r,1.3450093111519668
412,breakeven_after_1_0r,1.3450093111519668
412,exit_at_first_0_5r,0.5
412,exit_at_first_1_0r,1.0
412,trail_0_5r_after_1_0r,1.6793632043680398
412,time_exit_after_4_bars_if_mfe_lt_0_3r,-0.12093278701923746
412,partial_50pct_at_1r,1.1725046555759833
413,baseline,0.4051909206359276
413,breakeven_after_0_5r,0.4051909206359276
413,breakeven_after_1_0r,0.4051909206359276
413,exit_at_first_0_5r,0.5
413,exit_at_first_1_0r,0.4051909206359276
413,trail_0_5r_after_1_0r,0.4051909206359276
413,time_exit_after_4_bars_if_mfe_lt_0_3r,0.4051909206359276
413,partial_50pct_at_1r,0.4051909206359276
414,baseline,0.27504969315756395
414,breakeven_after_0_5r,0.27504969315756395
414,breakeven_after_1_0r,0.27504969315756395
414,exit_at_first_0_5r,0.5
414,exit_at_first_1_0r,0.27504969315756395
414,trail_0_5r_after_1_0r,0.27504969315756395
414,time_exit_after_4_bars_if_mfe_lt_0_3r,0.27504969315756395
414,partial_50pct_at_1r,0.27504969315756395
415,baseline,0.4492086044831038
415,breakeven_after_0_5r,0.4492086044831038
415,breakeven_after_1_0r,0.4492086044831038
415,exit_at_first_0_5r,0.5
415,exit_at_first_1_0r,0.4492086044831038
415,trail_0_5r_after_1_0r,0.4492086044831038
415,time_exit_after_4_bars_if_mfe_lt_0_3r,0.4492086044831038
415,partial_50pct_at_1r,0.4492086044831038
416,baseline,0.36562622439582204
416,breakeven_after_0_5r,0.36562622439582204
416,breakeven_after_1_0r,0.36562622439582204
416,exit_at_first_0_5r,0.5
416,exit_at_first_1_0r,0.36562622439582204
416,trail_0_5r_after_1_0r,0.36562622439582204
416,time_exit_after_4_bars_if_mfe_lt_0_3r,0.36562622439582204
416,partial_50pct_at_1r,0.36562622439582204
417,baseline,0.0012054265732865108
417,breakeven_after_0_5r,0.0
417,breakeven_after_1_0r,0.0012054265732865108
417,exit_at_first_0_5r,0.5
417,exit_at_first_1_0r,0.0012054265732865108
417,trail_0_5r_after_1_0r,0.0012054265732865108
417,time_exit_after_4_bars_if_mfe_lt_0_3r,0.0012054265732865108
417,partial_50pct_at_1r,0.0012054265732865108
418,baseline,0.25248663716999165
418,breakeven_after_0_5r,0.25248663716999165
418,breakeven_after_1_0r,0.25248663716999165
418,exit_at_first_0_5r,0.25248663716999165
418,exit_at_first_1_0r,0.25248663716999165
418,trail_0_5r_after_1_0r,0.25248663716999165
418,time_exit_after_4_bars_if_mfe_lt_0_3r,0.25248663716999165
418,partial_50pct_at_1r,0.25248663716999165
419,baseline,0.35304426675630896
419,breakeven_after_0_5r,0.35304426675630896
419,breakeven_after_1_0r,0.35304426675630896
419,exit_at_first_0_5r,0.5
419,exit_at_first_1_0r,0.35304426675630896
419,trail_0_5r_after_1_0r,0.35304426675630896
419,time_exit_after_4_bars_if_mfe_lt_0_3r,0.35304426675630896
419,partial_50pct_at_1r,0.35304426675630896
420,baseline,-1.0183500990400196
420,breakeven_after_0_5r,-1.0183500990400196
420,breakeven_after_1_0r,-1.0183500990400196
420,exit_at_first_0_5r,-1.0183500990400196
420,exit_at_first_1_0r,-1.0183500990400196
420,trail_0_5r_after_1_0r,-1.0183500990400196
420,time_exit_after_4_bars_if_mfe_lt_0_3r,-1.0183500990400196
420,partial_50pct_at_1r,-1.0183500990400196
421,baseline,0.6283914616109457
421,breakeven_after_0_5r,0.6283914616109457
421,breakeven_after_1_0r,0.6283914616109457
421,exit_at_first_0_5r,0.5
421,exit_at_first_1_0r,0.6283914616109457
421,trail_0_5r_after_1_0r,0.6283914616109457
421,time_exit_after_4_bars_if_mfe_lt_0_3r,0.6283914616109457
421,partial_50pct_at_1r,0.6283914616109457
422,baseline,1.1038290885801687
422,breakeven_after_0_5r,0.0
422,breakeven_after_1_0r,0.0
422,exit_at_first_0_5r,0.5
422,exit_at_first_1_0r,1.0
422,trail_0_5r_after_1_0r,0.8217886596065329
422,time_exit_after_4_bars_if_mfe_lt_0_3r,1.1038290885801687
422,partial_50pct_at_1r,1.0519145442900844
423,baseline,-0.260035862688694
423,breakeven_after_0_5r,0.0
423,breakeven_after_1_0r,-0.260035862688694
423,exit_at_first_0_5r,0.5
423,exit_at_first_1_0r,-0.260035862688694
423,trail_0_5r_after_1_0r,-0.260035862688694
423,time_exit_after_4_bars_if_mfe_lt_0_3r,-0.260035862688694
423,partial_50pct_at_1r,-0.260035862688694
424,baseline,-1.0174432610300934
424,breakeven_after_0_5r,-1.0174432610300934
424,breakeven_after_1_0r,-1.0174432610300934
424,exit_at_first_0_5r,-1.0174432610300934
424,exit_at_first_1_0r,-1.0174432610300934
424,trail_0_5r_after_1_0r,-1.0174432610300934
424,time_exit_after_4_bars_if_mfe_lt_0_3r,-0.4291362936317123
424,partial_50pct_at_1r,-1.0174432610300934
425,baseline,0.31352733979210723
425,breakeven_after_0_5r,0.0
425,breakeven_after_1_0r,0.0
425,exit_at_first_0_5r,0.5
425,exit_at_first_1_0r,1.0
425,trail_0_5r_after_1_0r,1.9222197697262704
425,time_exit_after_4_bars_if_mfe_lt_0_3r,0.31352733979210723
425,partial_50pct_at_1r,0.6567636698960536
426,baseline,0.6006516024306605
426,breakeven_after_0_5r,0.0
426,breakeven_after_1_0r,0.6006516024306605
426,exit_at_first_0_5r,0.5
426,exit_at_first_1_0r,1.0
426,trail_0_5r_after_1_0r,0.638178900517876
426,time_exit_after_4_bars_if_mfe_lt_0_3r,-0.4612883649676033
426,partial_50pct_at_1r,0.8003258012153303
427,baseline,0.17891028877357906
427,breakeven_after_0_5r,0.17891028877357906
427,breakeven_after_1_0r,0.17891028877357906
427,exit_at_first_0_5r,0.5
427,exit_at_first_1_0r,0.17891028877357906
427,trail_0_5r_after_1_0r,0.17891028877357906
427,time_exit_after_4_bars_if_mfe_lt_0_3r,0.17891028877357906
427,partial_50pct_at_1r,0.17891028877357906
428,baseline,0.07046632851203034
428,breakeven_after_0_5r,0.0
428,breakeven_after_1_0r,0.07046632851203034
428,exit_at_first_0_5r,0.5
428,exit_at_first_1_0r,0.07046632851203034
428,trail_0_5r_after_1_0r,0.07046632851203034
428,time_exit_after_4_bars_if_mfe_lt_0_3r,0.07046632851203034
428,partial_50pct_at_1r,0.07046632851203034
429,baseline,1.0709577185466166
429,breakeven_after_0_5r,0.0
429,breakeven_after_1_0r,0.0
429,exit_at_first_0_5r,0.5
429,exit_at_first_1_0r,1.0
429,trail_0_5r_after_1_0r,1.2009032802347397
429,time_exit_after_4_bars_if_mfe_lt_0_3r,1.0709577185466166
429,partial_50pct_at_1r,1.0354788592733084
430,baseline,0.3934436152023919
430,breakeven_after_0_5r,0.0
430,breakeven_after_1_0r,0.3934436152023919
430,exit_at_first_0_5r,0.5
430,exit_at_first_1_0r,0.3934436152023919
430,trail_0_5r_after_1_0r,0.3934436152023919
430,time_exit_after_4_bars_if_mfe_lt_0_3r,0.3934436152023919
430,partial_50pct_at_1r,0.3934436152023919
431,baseline,0.310883542968127
431,breakeven_after_0_5r,0.0
431,breakeven_after_1_0r,0.310883542968127
431,exit_at_first_0_5r,0.5
431,exit_at_first_1_0r,0.310883542968127
431,trail_0_5r_after_1_0r,0.310883542968127
431,time_exit_after_4_bars_if_mfe_lt_0_3r,-0.5592868338734659
431,partial_50pct_at_1r,0.310883542968127
432,baseline,-1.0197006853505506
432,breakeven_after_0_5r,0.0
432,breakeven_after_1_0r,0.0
432,exit_at_first_0_5r,0.5
432,exit_at_first_1_0r,1.0
432,trail_0_5r_after_1_0r,2.710505213426752
432,time_exit_after_4_bars_if_mfe_lt_0_3r,-1.0197006853505506
432,partial_50pct_at_1r,-0.009850342675275292
433,baseline,1.54160059345
433,breakeven_after_0_5r,0.0
433,breakeven_after_1_0r,0.0
433,exit_at_first_0_5r,0.5
433,exit_at_first_1_0r,1.0
433,trail_0_5r_after_1_0r,1.3915556339603286
433,time_exit_after_4_bars_if_mfe_lt_0_3r,1.54160059345
433,partial_50pct_at_1r,1.270800296725
434,baseline,0.581331112101699
434,breakeven_after_0_5r,0.0
434,breakeven_after_1_0r,0.0
434,exit_at_first_0_5r,0.5
434,exit_at_first_1_0r,1.0
434,trail_0_5r_after_1_0r,0.5902937093693188
434,time_exit_after_4_bars_if_mfe_lt_0_3r,0.581331112101699
434,partial_50pct_at_1r,0.7906655560508495
435,baseline,0.23840601586943497
435,breakeven_after_0_5r,0.23840601586943497
435,breakeven_after_1_0r,0.23840601586943497
435,exit_at_first_0_5r,0.5
435,exit_at_first_1_0r,0.23840601586943497
435,trail_0_5r_after_1_0r,0.23840601586943497
435,time_exit_after_4_bars_if_mfe_lt_0_3r,0.23840601586943497
435,partial_50pct_at_1r,0.23840601586943497
436,baseline,-1.0187518912310425
436,breakeven_after_0_5r,-1.0187518912310425
436,breakeven_after_1_0r,-1.0187518912310425
436,exit_at_first_0_5r,-1.0187518912310425
436,exit_at_first_1_0r,-1.0187518912310425
436,trail_0_5r_after_1_0r,-1.0187518912310425
436,time_exit_after_4_bars_if_mfe_lt_0_3r,0.028364681940769076
436,partial_50pct_at_1r,-1.0187518912310425
437,baseline,0.6001722977512641
437,breakeven_after_0_5r,0.0
437,breakeven_after_1_0r,0.6001722977512641
437,exit_at_first_0_5r,0.5
437,exit_at_first_1_0r,1.0
437,trail_0_5r_after_1_0r,0.828767089760513
437,time_exit_after_4_bars_if_mfe_lt_0_3r,0.6001722977512641
437,partial_50pct_at_1r,0.8000861488756321
438,baseline,0.885467443848629
438,breakeven_after_0_5r,0.0
438,breakeven_after_1_0r,0.0
438,exit_at_first_0_5r,0.5
438,exit_at_first_1_0r,1.0
438,trail_0_5r_after_1_0r,0.9095030644067505
438,time_exit_after_4_bars_if_mfe_lt_0_3r,0.885467443848629
438,partial_50pct_at_1r,0.9427337219243145
439,baseline,1.9160106461837472
439,breakeven_after_0_5r,0.0
439,breakeven_after_1_0r,0.0
439,exit_at_first_0_5r,0.5
439,exit_at_first_1_0r,1.0
439,trail_0_5r_after_1_0r,0.5051716135509319
439,time_exit_after_4_bars_if_mfe_lt_0_3r,-0.1634174709146978
439,partial_50pct_at_1r,1.4580053230918737
440,baseline,-0.1376691468199847
440,breakeven_after_0_5r,0.0
440,breakeven_after_1_0r,-0.1376691468199847
440,exit_at_first_0_5r,0.5
440,exit_at_first_1_0r,-0.1376691468199847
440,trail_0_5r_after_1_0r,-0.1376691468199847
440,time_exit_after_4_bars_if_mfe_lt_0_3r,0.2025515465464408
440,partial_50pct_at_1r,-0.1376691468199847
441,baseline,0.2058105403520836
441,breakeven_after_0_5r,0.0
441,breakeven_after_1_0r,0.2058105403520836
441,exit_at_first_0_5r,0.5
441,exit_at_first_1_0r,0.2058105403520836
441,trail_0_5r_after_1_0r,0.2058105403520836
441,time_exit_after_4_bars_if_mfe_lt_0_3r,0.2058105403520836
441,partial_50pct_at_1r,0.2058105403520836
442,baseline,0.19844197727055105
442,breakeven_after_0_5r,0.0
442,breakeven_after_1_0r,0.19844197727055105
442,exit_at_first_0_5r,0.5
442,exit_at_first_1_0r,0.19844197727055105
442,trail_0_5r_after_1_0r,0.19844197727055105
442,time_exit_after_4_bars_if_mfe_lt_0_3r,0.19844197727055105
442,partial_50pct_at_1r,0.19844197727055105
443,baseline,2.4793337551492782
443,breakeven_after_0_5r,2.4793337551492782
443,breakeven_after_1_0r,2.4793337551492782
443,exit_at_first_0_5r,0.5
443,exit_at_first_1_0r,1.0
443,trail_0_5r_after_1_0r,2.4833662200331506
443,time_exit_after_4_bars_if_mfe_lt_0_3r,2.4793337551492782
443,partial_50pct_at_1r,1.7396668775746391
444,baseline,0.9199593344738695
444,breakeven_after_0_5r,0.0
444,breakeven_after_1_0r,0.0
444,exit_at_first_0_5r,0.5
444,exit_at_first_1_0r,1.0
444,trail_0_5r_after_1_0r,1.3607534080260215
444,time_exit_after_4_bars_if_mfe_lt_0_3r,0.9199593344738695
444,partial_50pct_at_1r,0.9599796672369347
445,baseline,0.7074301845239404
445,breakeven_after_0_5r,0.7074301845239404
445,breakeven_after_1_0r,0.7074301845239404
445,exit_at_first_0_5r,0.5
445,exit_at_first_1_0r,1.0
445,trail_0_5r_after_1_0r,1.7736350977396738
445,time_exit_after_4_bars_if_mfe_lt_0_3r,0.7074301845239404
445,partial_50pct_at_1r,0.8537150922619702
446,baseline,0.34033647929641714
446,breakeven_after_0_5r,0.34033647929641714
446,breakeven_after_1_0r,0.34033647929641714
446,exit_at_first_0_5r,0.5
446,exit_at_first_1_0r,0.34033647929641714
446,trail_0_5r_after_1_0r,0.34033647929641714
446,time_exit_after_4_bars_if_mfe_lt_0_3r,0.1733933560711301
446,partial_50pct_at_1r,0.34033647929641714
447,baseline,-1.0212611912733585
447,breakeven_after_0_5r,-1.0212611912733585
447,breakeven_after_1_0r,-1.0212611912733585
447,exit_at_first_0_5r,-1.0212611912733585
447,exit_at_first_1_0r,-1.0212611912733585
447,trail_0_5r_after_1_0r,-1.0212611912733585
447,time_exit_after_4_bars_if_mfe_lt_0_3r,-1.0212611912733585
447,partial_50pct_at_1r,-1.0212611912733585
448,baseline,0.2024072387080682
448,breakeven_after_0_5r,0.2024072387080682
448,breakeven_after_1_0r,0.2024072387080682
448,exit_at_first_0_5r,0.5
448,exit_at_first_1_0r,0.2024072387080682
448,trail_0_5r_after_1_0r,0.2024072387080682
448,time_exit_after_4_bars_if_mfe_lt_0_3r,0.2024072387080682
448,partial_50pct_at_1r,0.2024072387080682
449,baseline,0.20405337548314423
449,breakeven_after_0_5r,0.20405337548314423
449,breakeven_after_1_0r,0.20405337548314423
449,exit_at_first_0_5r,0.20405337548314423
449,exit_at_first_1_0r,0.20405337548314423
449,trail_0_5r_after_1_0r,0.20405337548314423
449,time_exit_after_4_bars_if_mfe_lt_0_3r,-0.0417226994028176
449,partial_50pct_at_1r,0.20405337548314423
450,baseline,-1.018951278543733
450,breakeven_after_0_5r,-1.018951278543733
450,breakeven_after_1_0r,-1.018951278543733
450,exit_at_first_0_5r,-1.018951278543733
450,exit_at_first_1_0r,-1.018951278543733
450,trail_0_5r_after_1_0r,-1.018951278543733
450,time_exit_after_4_bars_if_mfe_lt_0_3r,-1.018951278543733
450,partial_50pct_at_1r,-1.018951278543733
451,baseline,0.3748390842295238
451,breakeven_after_0_5r,0.0
451,breakeven_after_1_0r,0.3748390842295238
451,exit_at_first_0_5r,0.5
451,exit_at_first_1_0r,0.3748390842295238
451,trail_0_5r_after_1_0r,0.3748390842295238
451,time_exit_after_4_bars_if_mfe_lt_0_3r,0.3748390842295238
451,partial_50pct_at_1r,0.3748390842295238
452,baseline,0.11557849788011794
452,breakeven_after_0_5r,0.11557849788011794
452,breakeven_after_1_0r,0.11557849788011794
452,exit_at_first_0_5r,0.11557849788011794
452,exit_at_first_1_0r,0.11557849788011794
452,trail_0_5r_after_1_0r,0.11557849788011794
452,time_exit_after_4_bars_if_mfe_lt_0_3r,0.11557849788011794
452,partial_50pct_at_1r,0.11557849788011794
453,baseline,1.3247991093277274
453,breakeven_after_0_5r,0.0
453,breakeven_after_1_0r,1.3247991093277274
453,exit_at_first_0_5r,0.5
453,exit_at_first_1_0r,1.0
453,trail_0_5r_after_1_0r,1.2898009913539192
453,time_exit_after_4_bars_if_mfe_lt_0_3r,1.3247991093277274
453,partial_50pct_at_1r,1.1623995546638637
454,baseline,0.2617039591641516
454,breakeven_after_0_5r,0.0
454,breakeven_after_1_0r,0.2617039591641516
454,exit_at_first_0_5r,0.5
454,exit_at_first_1_0r,0.2617039591641516
454,trail_0_5r_after_1_0r,0.2617039591641516
454,time_exit_after_4_bars_if_mfe_lt_0_3r,0.2617039591641516
454,partial_50pct_at_1r,0.2617039591641516
455,baseline,0.1573909926187496
455,breakeven_after_0_5r,0.1573909926187496
455,breakeven_after_1_0r,0.1573909926187496
455,exit_at_first_0_5r,0.1573909926187496
455,exit_at_first_1_0r,0.1573909926187496
455,trail_0_5r_after_1_0r,0.1573909926187496
455,time_exit_after_4_bars_if_mfe_lt_0_3r,-0.14013162689539646
455,partial_50pct_at_1r,0.1573909926187496
456,baseline,-1.0194482262810995
456,breakeven_after_0_5r,-1.0194482262810995
456,breakeven_after_1_0r,-1.0194482262810995
456,exit_at_first_0_5r,-1.0194482262810995
456,exit_at_first_1_0r,-1.0194482262810995
456,trail_0_5r_after_1_0r,-1.0194482262810995
456,time_exit_after_4_bars_if_mfe_lt_0_3r,-1.0194482262810995
456,partial_50pct_at_1r,-1.0194482262810995
457,baseline,-1.018667430418861
457,breakeven_after_0_5r,-1.018667430418861
457,breakeven_after_1_0r,-1.018667430418861
457,exit_at_first_0_5r,-1.018667430418861
457,exit_at_first_1_0r,-1.018667430418861
457,trail_0_5r_after_1_0r,-1.018667430418861
457,time_exit_after_4_bars_if_mfe_lt_0_3r,-1.018667430418861
457,partial_50pct_at_1r,-1.018667430418861
458,baseline,0.2748312767935542
458,breakeven_after_0_5r,0.0
458,breakeven_after_1_0r,0.2748312767935542
458,exit_at_first_0_5r,0.5
458,exit_at_first_1_0r,0.2748312767935542
458,trail_0_5r_after_1_0r,0.2748312767935542
458,time_exit_after_4_bars_if_mfe_lt_0_3r,0.2748312767935542
458,partial_50pct_at_1r,0.2748312767935542
459,baseline,1.146758605217135
459,breakeven_after_0_5r,0.0
459,breakeven_after_1_0r,1.146758605217135
459,exit_at_first_0_5r,0.5
459,exit_at_first_1_0r,1.0
459,trail_0_5r_after_1_0r,1.0007884974396541
459,time_exit_after_4_bars_if_mfe_lt_0_3r,1.146758605217135
459,partial_50pct_at_1r,1.0733793026085676
460,baseline,-0.4393932544440418
460,breakeven_after_0_5r,-0.4393932544440418
460,breakeven_after_1_0r,-0.4393932544440418
460,exit_at_first_0_5r,-0.4393932544440418
460,exit_at_first_1_0r,-0.4393932544440418
460,trail_0_5r_after_1_0r,-0.4393932544440418
460,time_exit_after_4_bars_if_mfe_lt_0_3r,-0.09946692388244341
460,partial_50pct_at_1r,-0.4393932544440418
461,baseline,0.2667809795554714
461,breakeven_after_0_5r,0.2667809795554714
461,breakeven_after_1_0r,0.2667809795554714
461,exit_at_first_0_5r,0.5
461,exit_at_first_1_0r,0.2667809795554714
461,trail_0_5r_after_1_0r,0.2667809795554714
461,time_exit_after_4_bars_if_mfe_lt_0_3r,0.2667809795554714
461,partial_50pct_at_1r,0.2667809795554714
462,baseline,0.3576223330352869
462,breakeven_after_0_5r,0.0
462,breakeven_after_1_0r,0.3576223330352869
462,exit_at_first_0_5r,0.5
462,exit_at_first_1_0r,0.3576223330352869
462,trail_0_5r_after_1_0r,0.3576223330352869
462,time_exit_after_4_bars_if_mfe_lt_0_3r,0.3576223330352869
462,partial_50pct_at_1r,0.3576223330352869
463,baseline,0.6211812334566962
463,breakeven_after_0_5r,0.6211812334566962
463,breakeven_after_1_0r,0.6211812334566962
463,exit_at_first_0_5r,0.5
463,exit_at_first_1_0r,1.0
463,trail_0_5r_after_1_0r,0.6211812334566962
463,time_exit_after_4_bars_if_mfe_lt_0_3r,0.6211812334566962
463,partial_50pct_at_1r,0.8105906167283481
464,baseline,0.32839459846849517
464,breakeven_after_0_5r,0.32839459846849517
464,breakeven_after_1_0r,0.32839459846849517
464,exit_at_first_0_5r,0.5
464,exit_at_first_1_0r,0.32839459846849517
464,trail_0_5r_after_1_0r,0.32839459846849517
464,time_exit_after_4_bars_if_mfe_lt_0_3r,-2.1894116222206487e-14
464,partial_50pct_at_1r,0.32839459846849517
465,baseline,-0.2834089124995094
465,breakeven_after_0_5r,-0.2834089124995094
465,breakeven_after_1_0r,-0.2834089124995094
465,exit_at_first_0_5r,-0.2834089124995094
465,exit_at_first_1_0r,-0.2834089124995094
465,trail_0_5r_after_1_0r,-0.2834089124995094
465,time_exit_after_4_bars_if_mfe_lt_0_3r,-0.2834089124995094
465,partial_50pct_at_1r,-0.2834089124995094
466,baseline,0.7219931713130109
466,breakeven_after_0_5r,0.7219931713130109
466,breakeven_after_1_0r,0.7219931713130109
466,exit_at_first_0_5r,0.5
466,exit_at_first_1_0r,1.0
466,trail_0_5r_after_1_0r,0.8681981644357519
466,time_exit_after_4_bars_if_mfe_lt_0_3r,0.7219931713130109
466,partial_50pct_at_1r,0.8609965856565054
467,baseline,0.1874889241918563
467,breakeven_after_0_5r,0.1874889241918563
467,breakeven_after_1_0r,0.1874889241918563
467,exit_at_first_0_5r,0.5
467,exit_at_first_1_0r,1.0
467,trail_0_5r_after_1_0r,1.2466233357298273
467,time_exit_after_4_bars_if_mfe_lt_0_3r,0.1874889241918563
467,partial_50pct_at_1r,0.5937444620959281
468,baseline,-0.28421058157752993
468,breakeven_after_0_5r,-0.28421058157752993
468,breakeven_after_1_0r,-0.28421058157752993
468,exit_at_first_0_5r,-0.28421058157752993
468,exit_at_first_1_0r,-0.28421058157752993
468,trail_0_5r_after_1_0r,-0.28421058157752993
468,time_exit_after_4_bars_if_mfe_lt_0_3r,-0.43301272786924555
468,partial_50pct_at_1r,-0.28421058157752993
469,baseline,-0.051826758002524974
469,breakeven_after_0_5r,0.0
469,breakeven_after_1_0r,-0.051826758002524974
469,exit_at_first_0_5r,0.5
469,exit_at_first_1_0r,-0.051826758002524974
469,trail_0_5r_after_1_0r,-0.051826758002524974
469,time_exit_after_4_bars_if_mfe_lt_0_3r,-0.051826758002524974
469,partial_50pct_at_1r,-0.051826758002524974
470,baseline,-1.0111322963777332
470,breakeven_after_0_5r,-1.0111322963777332
470,breakeven_after_1_0r,-1.0111322963777332
470,exit_at_first_0_5r,-1.0111322963777332
470,exit_at_first_1_0r,-1.0111322963777332
470,trail_0_5r_after_1_0r,-1.0111322963777332
470,time_exit_after_4_bars_if_mfe_lt_0_3r,-1.0111322963777332
470,partial_50pct_at_1r,-1.0111322963777332
471,baseline,0.19895775620318018
471,breakeven_after_0_5r,0.19895775620318018
471,breakeven_after_1_0r,0.19895775620318018
471,exit_at_first_0_5r,0.5
471,exit_at_first_1_0r,0.19895775620318018
471,trail_0_5r_after_1_0r,0.19895775620318018
471,time_exit_after_4_bars_if_mfe_lt_0_3r,0.19895775620318018
471,partial_50pct_at_1r,0.19895775620318018
472,baseline,0.5024848678650192
472,breakeven_after_0_5r,0.0
472,breakeven_after_1_0r,0.5024848678650192
472,exit_at_first_0_5r,0.5
472,exit_at_first_1_0r,1.0
472,trail_0_5r_after_1_0r,1.369758364056604
472,time_exit_after_4_bars_if_mfe_lt_0_3r,0.5024848678650192
472,partial_50pct_at_1r,0.7512424339325097
473,baseline,0.24152588787586515
473,breakeven_after_0_5r,0.0
473,breakeven_after_1_0r,0.24152588787586515
473,exit_at_first_0_5r,0.5
473,exit_at_first_1_0r,0.24152588787586515
473,trail_0_5r_after_1_0r,0.24152588787586515
473,time_exit_after_4_bars_if_mfe_lt_0_3r,0.24152588787586515
473,partial_50pct_at_1r,0.24152588787586515
474,baseline,-1.0101566133227973
474,breakeven_after_0_5r,-1.0101566133227973
474,breakeven_after_1_0r,-1.0101566133227973
474,exit_at_first_0_5r,-1.0101566133227973
474,exit_at_first_1_0r,-1.0101566133227973
474,trail_0_5r_after_1_0r,-1.0101566133227973
474,time_exit_after_4_bars_if_mfe_lt_0_3r,-1.0101566133227973
474,partial_50pct_at_1r,-1.0101566133227973
475,baseline,-1.0098976866291582
475,breakeven_after_0_5r,-1.0098976866291582
475,breakeven_after_1_0r,-1.0098976866291582
475,exit_at_first_0_5r,-1.0098976866291582
475,exit_at_first_1_0r,-1.0098976866291582
475,trail_0_5r_after_1_0r,-1.0098976866291582
475,time_exit_after_4_bars_if_mfe_lt_0_3r,-1.0098976866291582
475,partial_50pct_at_1r,-1.0098976866291582
476,baseline,0.1487973211510986
476,breakeven_after_0_5r,0.1487973211510986
476,breakeven_after_1_0r,0.1487973211510986
476,exit_at_first_0_5r,0.1487973211510986
476,exit_at_first_1_0r,0.1487973211510986
476,trail_0_5r_after_1_0r,0.1487973211510986
476,time_exit_after_4_bars_if_mfe_lt_0_3r,0.05668557970031641
476,partial_50pct_at_1r,0.1487973211510986
477,baseline,0.5260417927461841
477,breakeven_after_0_5r,0.5260417927461841
477,breakeven_after_1_0r,0.5260417927461841
477,exit_at_first_0_5r,0.5
477,exit_at_first_1_0r,0.5260417927461841
477,trail_0_5r_after_1_0r,0.5260417927461841
477,time_exit_after_4_bars_if_mfe_lt_0_3r,0.5260417927461841
477,partial_50pct_at_1r,0.5260417927461841
478,baseline,-1.0149005633808876
478,breakeven_after_0_5r,-1.0149005633808876
478,breakeven_after_1_0r,-1.0149005633808876
478,exit_at_first_0_5r,-1.0149005633808876
478,exit_at_first_1_0r,-1.0149005633808876
478,trail_0_5r_after_1_0r,-1.0149005633808876
478,time_exit_after_4_bars_if_mfe_lt_0_3r,-1.050195419403644
478,partial_50pct_at_1r,-1.0149005633808876
479,baseline,0.6657696181106626
479,breakeven_after_0_5r,0.0
479,breakeven_after_1_0r,0.6657696181106626
479,exit_at_first_0_5r,0.5
479,exit_at_first_1_0r,0.6657696181106626
479,trail_0_5r_after_1_0r,0.6657696181106626
479,time_exit_after_4_bars_if_mfe_lt_0_3r,0.6657696181106626
479,partial_50pct_at_1r,0.6657696181106626
480,baseline,-1.0145255365476442
480,breakeven_after_0_5r,-1.0145255365476442
480,breakeven_after_1_0r,-1.0145255365476442
480,exit_at_first_0_5r,-1.0145255365476442
480,exit_at_first_1_0r,-1.0145255365476442
480,trail_0_5r_after_1_0r,-1.0145255365476442
480,time_exit_after_4_bars_if_mfe_lt_0_3r,-0.04789691101662593
480,partial_50pct_at_1r,-1.0145255365476442
481,baseline,0.11586478776352283
481,breakeven_after_0_5r,0.0
481,breakeven_after_1_0r,0.11586478776352283
481,exit_at_first_0_5r,0.5
481,exit_at_first_1_0r,0.11586478776352283
481,trail_0_5r_after_1_0r,0.11586478776352283
481,time_exit_after_4_bars_if_mfe_lt_0_3r,0.11586478776352283
481,partial_50pct_at_1r,0.11586478776352283
482,baseline,0.10128392561835314
482,breakeven_after_0_5r,0.0
482,breakeven_after_1_0r,0.10128392561835314
482,exit_at_first_0_5r,0.5
482,exit_at_first_1_0r,0.10128392561835314
482,trail_0_5r_after_1_0r,0.10128392561835314
482,time_exit_after_4_bars_if_mfe_lt_0_3r,0.10128392561835314
482,partial_50pct_at_1r,0.10128392561835314
483,baseline,-1.0203502452945798
483,breakeven_after_0_5r,-1.0203502452945798
483,breakeven_after_1_0r,-1.0203502452945798
483,exit_at_first_0_5r,-1.0203502452945798
483,exit_at_first_1_0r,-1.0203502452945798
483,trail_0_5r_after_1_0r,-1.0203502452945798
483,time_exit_after_4_bars_if_mfe_lt_0_3r,-1.0203502452945798
483,partial_50pct_at_1r,-1.0203502452945798
484,baseline,-1.0218068457058718
484,breakeven_after_0_5r,-1.0218068457058718
484,breakeven_after_1_0r,-1.0218068457058718
484,exit_at_first_0_5r,-1.0218068457058718
484,exit_at_first_1_0r,-1.0218068457058718
484,trail_0_5r_after_1_0r,-1.0218068457058718
484,time_exit_after_4_bars_if_mfe_lt_0_3r,-1.0218068457058718
484,partial_50pct_at_1r,-1.0218068457058718
485,baseline,0.25025753484496943
485,breakeven_after_0_5r,0.0
485,breakeven_after_1_0r,0.25025753484496943
485,exit_at_first_0_5r,0.5
485,exit_at_first_1_0r,0.25025753484496943
485,trail_0_5r_after_1_0r,0.25025753484496943
485,time_exit_after_4_bars_if_mfe_lt_0_3r,0.25025753484496943
485,partial_50pct_at_1r,0.25025753484496943
486,baseline,0.334047847922213
486,breakeven_after_0_5r,0.0
486,breakeven_after_1_0r,0.334047847922213
486,exit_at_first_0_5r,0.5
486,exit_at_first_1_0r,0.334047847922213
486,trail_0_5r_after_1_0r,0.334047847922213
486,time_exit_after_4_bars_if_mfe_lt_0_3r,-0.09863363292146658
486,partial_50pct_at_1r,0.334047847922213
487,baseline,0.3225451569182962
487,breakeven_after_0_5r,0.3225451569182962
487,breakeven_after_1_0r,0.3225451569182962
487,exit_at_first_0_5r,0.5
487,exit_at_first_1_0r,0.3225451569182962
487,trail_0_5r_after_1_0r,0.3225451569182962
487,time_exit_after_4_bars_if_mfe_lt_0_3r,0.3225451569182962
487,partial_50pct_at_1r,0.3225451569182962
488,baseline,0.18940301747506888
488,breakeven_after_0_5r,0.0
488,breakeven_after_1_0r,0.18940301747506888
488,exit_at_first_0_5r,0.5
488,exit_at_first_1_0r,0.18940301747506888
488,trail_0_5r_after_1_0r,0.18940301747506888
488,time_exit_after_4_bars_if_mfe_lt_0_3r,0.18940301747506888
488,partial_50pct_at_1r,0.18940301747506888
489,baseline,0.1693463205414347
489,breakeven_after_0_5r,0.1693463205414347
489,breakeven_after_1_0r,0.1693463205414347
489,exit_at_first_0_5r,0.1693463205414347
489,exit_at_first_1_0r,0.1693463205414347
489,trail_0_5r_after_1_0r,0.1693463205414347
489,time_exit_after_4_bars_if_mfe_lt_0_3r,0.1693463205414347
489,partial_50pct_at_1r,0.1693463205414347
490,baseline,0.35406320472528446
490,breakeven_after_0_5r,0.0
490,breakeven_after_1_0r,0.35406320472528446
490,exit_at_first_0_5r,0.5
490,exit_at_first_1_0r,0.35406320472528446
490,trail_0_5r_after_1_0r,0.35406320472528446
490,time_exit_after_4_bars_if_mfe_lt_0_3r,0.35406320472528446
490,partial_50pct_at_1r,0.35406320472528446
491,baseline,-1.0174036551276786
491,breakeven_after_0_5r,-1.0174036551276786
491,breakeven_after_1_0r,-1.0174036551276786
491,exit_at_first_0_5r,-1.0174036551276786
491,exit_at_first_1_0r,-1.0174036551276786
491,trail_0_5r_after_1_0r,-1.0174036551276786
491,time_exit_after_4_bars_if_mfe_lt_0_3r,-1.0174036551276786
491,partial_50pct_at_1r,-1.0174036551276786
492,baseline,-0.03198885697507053
492,breakeven_after_0_5r,0.0
492,breakeven_after_1_0r,-0.03198885697507053
492,exit_at_first_0_5r,0.5
492,exit_at_first_1_0r,-0.03198885697507053
492,trail_0_5r_after_1_0r,-0.03198885697507053
492,time_exit_after_4_bars_if_mfe_lt_0_3r,-0.03198885697507053
492,partial_50pct_at_1r,-0.03198885697507053
493,baseline,0.17573031047182278
493,breakeven_after_0_5r,0.17573031047182278
493,breakeven_after_1_0r,0.17573031047182278
493,exit_at_first_0_5r,0.17573031047182278
493,exit_at_first_1_0r,0.17573031047182278
493,trail_0_5r_after_1_0r,0.17573031047182278
493,time_exit_after_4_bars_if_mfe_lt_0_3r,0.17573031047182278
493,partial_50pct_at_1r,0.17573031047182278
494,baseline,2.4801588372426497
494,breakeven_after_0_5r,2.4801588372426497
494,breakeven_after_1_0r,2.4801588372426497
494,exit_at_first_0_5r,0.5
494,exit_at_first_1_0r,1.0
494,trail_0_5r_after_1_0r,1.65476555747348
494,time_exit_after_4_bars_if_mfe_lt_0_3r,2.4801588372426497
494,partial_50pct_at_1r,1.7400794186213249
495,baseline,-0.06159657029919247
495,breakeven_after_0_5r,-0.06159657029919247
495,breakeven_after_1_0r,-0.06159657029919247
495,exit_at_first_0_5r,-0.06159657029919247
495,exit_at_first_1_0r,-0.06159657029919247
495,trail_0_5r_after_1_0r,-0.06159657029919247
495,time_exit_after_4_bars_if_mfe_lt_0_3r,-0.06159657029919247
495,partial_50pct_at_1r,-0.06159657029919247
496,baseline,-1.0162894043349944
496,breakeven_after_0_5r,-1.0162894043349944
496,breakeven_after_1_0r,-1.0162894043349944
496,exit_at_first_0_5r,-1.0162894043349944
496,exit_at_first_1_0r,-1.0162894043349944
496,trail_0_5r_after_1_0r,-1.0162894043349944
496,time_exit_after_4_bars_if_mfe_lt_0_3r,0.13859149215616023
496,partial_50pct_at_1r,-1.0162894043349944
497,baseline,-0.12795997973283962
497,breakeven_after_0_5r,-0.12795997973283962
497,breakeven_after_1_0r,-0.12795997973283962
497,exit_at_first_0_5r,-0.12795997973283962
497,exit_at_first_1_0r,-0.12795997973283962
497,trail_0_5r_after_1_0r,-0.12795997973283962
497,time_exit_after_4_bars_if_mfe_lt_0_3r,-0.10047554866958862
497,partial_50pct_at_1r,-0.12795997973283962
498,baseline,0.18014910959104632
498,breakeven_after_0_5r,0.18014910959104632
498,breakeven_after_1_0r,0.18014910959104632
498,exit_at_first_0_5r,0.18014910959104632
498,exit_at_first_1_0r,0.18014910959104632
498,trail_0_5r_after_1_0r,0.18014910959104632
498,time_exit_after_4_bars_if_mfe_lt_0_3r,0.18014910959104632
498,partial_50pct_at_1r,0.18014910959104632
499,baseline,0.1786046762570647
499,breakeven_after_0_5r,0.0
499,breakeven_after_1_0r,0.1786046762570647
499,exit_at_first_0_5r,0.5
499,exit_at_first_1_0r,0.1786046762570647
499,trail_0_5r_after_1_0r,0.1786046762570647
499,time_exit_after_4_bars_if_mfe_lt_0_3r,0.1786046762570647
499,partial_50pct_at_1r,0.1786046762570647
500,baseline,-0.3341407390745806
500,breakeven_after_0_5r,-0.3341407390745806
500,breakeven_after_1_0r,-0.3341407390745806
500,exit_at_first_0_5r,-0.3341407390745806
500,exit_at_first_1_0r,-0.3341407390745806
500,trail_0_5r_after_1_0r,-0.3341407390745806
500,time_exit_after_4_bars_if_mfe_lt_0_3r,-0.330228842363191
500,partial_50pct_at_1r,-0.3341407390745806
501,baseline,1.3840227706554324
501,breakeven_after_0_5r,0.0
501,breakeven_after_1_0r,0.0
501,exit_at_first_0_5r,0.5
501,exit_at_first_1_0r,1.0
501,trail_0_5r_after_1_0r,1.1093777243499001
501,time_exit_after_4_bars_if_mfe_lt_0_3r,1.3840227706554324
501,partial_50pct_at_1r,1.1920113853277163
502,baseline,0.37298441722801035
502,breakeven_after_0_5r,0.0
502,breakeven_after_1_0r,0.37298441722801035
502,exit_at_first_0_5r,0.5
502,exit_at_first_1_0r,1.0
502,trail_0_5r_after_1_0r,0.5355748105816338
502,time_exit_after_4_bars_if_mfe_lt_0_3r,0.37298441722801035
502,partial_50pct_at_1r,0.6864922086140052
503,baseline,0.22237429551584684
503,breakeven_after_0_5r,0.22237429551584684
503,breakeven_after_1_0r,0.22237429551584684
503,exit_at_first_0_5r,0.5
503,exit_at_first_1_0r,0.22237429551584684
503,trail_0_5r_after_1_0r,0.22237429551584684
503,time_exit_after_4_bars_if_mfe_lt_0_3r,0.22237429551584684
503,partial_50pct_at_1r,0.22237429551584684
504,baseline,-0.2867490642735634
504,breakeven_after_0_5r,-0.2867490642735634
504,breakeven_after_1_0r,-0.2867490642735634
504,exit_at_first_0_5r,-0.2867490642735634
504,exit_at_first_1_0r,-0.2867490642735634
504,trail_0_5r_after_1_0r,-0.2867490642735634
504,time_exit_after_4_bars_if_mfe_lt_0_3r,-0.2867490642735634
504,partial_50pct_at_1r,-0.2867490642735634
505,baseline,-1.0259701955180605
505,breakeven_after_0_5r,-1.0259701955180605
505,breakeven_after_1_0r,-1.0259701955180605
505,exit_at_first_0_5r,-1.0259701955180605
505,exit_at_first_1_0r,-1.0259701955180605
505,trail_0_5r_after_1_0r,-1.0259701955180605
505,time_exit_after_4_bars_if_mfe_lt_0_3r,-1.0259701955180605
505,partial_50pct_at_1r,-1.0259701955180605
506,baseline,-1.0250674567537845
506,breakeven_after_0_5r,-1.0250674567537845
506,breakeven_after_1_0r,-1.0250674567537845
506,exit_at_first_0_5r,-1.0250674567537845
506,exit_at_first_1_0r,-1.0250674567537845
506,trail_0_5r_after_1_0r,-1.0250674567537845
506,time_exit_after_4_bars_if_mfe_lt_0_3r,-1.0250674567537845
506,partial_50pct_at_1r,-1.0250674567537845
507,baseline,-0.2580835784774526
507,breakeven_after_0_5r,0.0
507,breakeven_after_1_0r,-0.2580835784774526
507,exit_at_first_0_5r,0.5
507,exit_at_first_1_0r,-0.2580835784774526
507,trail_0_5r_after_1_0r,-0.2580835784774526
507,time_exit_after_4_bars_if_mfe_lt_0_3r,-0.2580835784774526
507,partial_50pct_at_1r,-0.2580835784774526
508,baseline,0.4609364658568671
508,breakeven_after_0_5r,0.0
508,breakeven_after_1_0r,0.4609364658568671
508,exit_at_first_0_5r,0.5
508,exit_at_first_1_0r,0.4609364658568671
508,trail_0_5r_after_1_0r,0.4609364658568671
508,time_exit_after_4_bars_if_mfe_lt_0_3r,0.4609364658568671
508,partial_50pct_at_1r,0.4609364658568671
509,baseline,0.3308562043621573
509,breakeven_after_0_5r,0.3308562043621573
509,breakeven_after_1_0r,0.3308562043621573
509,exit_at_first_0_5r,0.5
509,exit_at_first_1_0r,0.3308562043621573
509,trail_0_5r_after_1_0r,0.3308562043621573
509,time_exit_after_4_bars_if_mfe_lt_0_3r,0.3308562043621573
509,partial_50pct_at_1r,0.3308562043621573
510,baseline,-0.08266613673072419
510,breakeven_after_0_5r,-0.08266613673072419
510,breakeven_after_1_0r,-0.08266613673072419
510,exit_at_first_0_5r,-0.08266613673072419
510,exit_at_first_1_0r,-0.08266613673072419
510,trail_0_5r_after_1_0r,-0.08266613673072419
510,time_exit_after_4_bars_if_mfe_lt_0_3r,-0.08266613673072419
510,partial_50pct_at_1r,-0.08266613673072419
511,baseline,-1.0225804593158012
511,breakeven_after_0_5r,-1.0225804593158012
511,breakeven_after_1_0r,-1.0225804593158012
511,exit_at_first_0_5r,-1.0225804593158012
511,exit_at_first_1_0r,-1.0225804593158012
511,trail_0_5r_after_1_0r,-1.0225804593158012
511,time_exit_after_4_bars_if_mfe_lt_0_3r,-1.0225804593158012
511,partial_50pct_at_1r,-1.0225804593158012
512,baseline,0.8582720404453277
512,breakeven_after_0_5r,0.0
512,breakeven_after_1_0r,0.0
512,exit_at_first_0_5r,0.5
512,exit_at_first_1_0r,1.0
512,trail_0_5r_after_1_0r,0.5803869620165325
512,time_exit_after_4_bars_if_mfe_lt_0_3r,0.8582720404453277
512,partial_50pct_at_1r,0.9291360202226638
513,baseline,0.1441110944302913
513,breakeven_after_0_5r,0.0
513,breakeven_after_1_0r,0.1441110944302913
513,exit_at_first_0_5r,0.5
513,exit_at_first_1_0r,0.1441110944302913
513,trail_0_5r_after_1_0r,0.1441110944302913
513,time_exit_after_4_bars_if_mfe_lt_0_3r,0.1441110944302913
513,partial_50pct_at_1r,0.1441110944302913
514,baseline,0.32203536044145115
514,breakeven_after_0_5r,0.0
514,breakeven_after_1_0r,0.32203536044145115
514,exit_at_first_0_5r,0.5
514,exit_at_first_1_0r,0.32203536044145115
514,trail_0_5r_after_1_0r,0.32203536044145115
514,time_exit_after_4_bars_if_mfe_lt_0_3r,0.32203536044145115
514,partial_50pct_at_1r,0.32203536044145115
515,baseline,1.7864027229579724
515,breakeven_after_0_5r,0.0
515,breakeven_after_1_0r,0.0
515,exit_at_first_0_5r,0.5
515,exit_at_first_1_0r,1.0
515,trail_0_5r_after_1_0r,1.5053244544649536
515,time_exit_after_4_bars_if_mfe_lt_0_3r,1.7864027229579724
515,partial_50pct_at_1r,1.3932013614789862
516,baseline,0.48903121758643037
516,breakeven_after_0_5r,0.48903121758643037
516,breakeven_after_1_0r,0.48903121758643037
516,exit_at_first_0_5r,0.5
516,exit_at_first_1_0r,0.48903121758643037
516,trail_0_5r_after_1_0r,0.48903121758643037
516,time_exit_after_4_bars_if_mfe_lt_0_3r,0.48903121758643037
516,partial_50pct_at_1r,0.48903121758643037
517,baseline,-1.032586154777144
517,breakeven_after_0_5r,-1.032586154777144
517,breakeven_after_1_0r,-1.032586154777144
517,exit_at_first_0_5r,-1.032586154777144
517,exit_at_first_1_0r,-1.032586154777144
517,trail_0_5r_after_1_0r,-1.032586154777144
517,time_exit_after_4_bars_if_mfe_lt_0_3r,-0.5554358802675414
517,partial_50pct_at_1r,-1.032586154777144
518,baseline,0.5361095754907819
518,breakeven_after_0_5r,0.5361095754907819
518,breakeven_after_1_0r,0.5361095754907819
518,exit_at_first_0_5r,0.5
518,exit_at_first_1_0r,0.5361095754907819
518,trail_0_5r_after_1_0r,0.5361095754907819
518,time_exit_after_4_bars_if_mfe_lt_0_3r,0.5361095754907819
518,partial_50pct_at_1r,0.5361095754907819
519,baseline,-0.22290945735812087
519,breakeven_after_0_5r,0.0
519,breakeven_after_1_0r,-0.22290945735812087
519,exit_at_first_0_5r,0.5
519,exit_at_first_1_0r,-0.22290945735812087
519,trail_0_5r_after_1_0r,-0.22290945735812087
519,time_exit_after_4_bars_if_mfe_lt_0_3r,-0.22290945735812087
519,partial_50pct_at_1r,-0.22290945735812087
520,baseline,0.22930673824761597
520,breakeven_after_0_5r,0.22930673824761597
520,breakeven_after_1_0r,0.22930673824761597
520,exit_at_first_0_5r,0.5
520,exit_at_first_1_0r,0.22930673824761597
520,trail_0_5r_after_1_0r,0.22930673824761597
520,time_exit_after_4_bars_if_mfe_lt_0_3r,0.22930673824761597
520,partial_50pct_at_1r,0.22930673824761597
521,baseline,0.15966687207745606
521,breakeven_after_0_5r,0.15966687207745606
521,breakeven_after_1_0r,0.15966687207745606
521,exit_at_first_0_5r,0.15966687207745606
521,exit_at_first_1_0r,0.15966687207745606
521,trail_0_5r_after_1_0r,0.15966687207745606
521,time_exit_after_4_bars_if_mfe_lt_0_3r,0.15966687207745606
521,partial_50pct_at_1r,0.15966687207745606
522,baseline,-1.033815916213993
522,breakeven_after_0_5r,-1.033815916213993
522,breakeven_after_1_0r,-1.033815916213993
522,exit_at_first_0_5r,-1.033815916213993
522,exit_at_first_1_0r,-1.033815916213993
522,trail_0_5r_after_1_0r,-1.033815916213993
522,time_exit_after_4_bars_if_mfe_lt_0_3r,-1.033815916213993
522,partial_50pct_at_1r,-1.033815916213993
523,baseline,-1.0319056099032202
523,breakeven_after_0_5r,-1.0319056099032202
523,breakeven_after_1_0r,-1.0319056099032202
523,exit_at_first_0_5r,-1.0319056099032202
523,exit_at_first_1_0r,-1.0319056099032202
523,trail_0_5r_after_1_0r,-1.0319056099032202
523,time_exit_after_4_bars_if_mfe_lt_0_3r,-0.6576019304459458
523,partial_50pct_at_1r,-1.0319056099032202
524,baseline,0.6725577295999619
524,breakeven_after_0_5r,0.6725577295999619
524,breakeven_after_1_0r,0.6725577295999619
524,exit_at_first_0_5r,0.5
524,exit_at_first_1_0r,0.6725577295999619
524,trail_0_5r_after_1_0r,0.6725577295999619
524,time_exit_after_4_bars_if_mfe_lt_0_3r,0.6725577295999619
524,partial_50pct_at_1r,0.6725577295999619
525,baseline,0.355406273617081
525,breakeven_after_0_5r,0.355406273617081
525,breakeven_after_1_0r,0.355406273617081
525,exit_at_first_0_5r,0.5
525,exit_at_first_1_0r,0.355406273617081
525,trail_0_5r_after_1_0r,0.355406273617081
525,time_exit_after_4_bars_if_mfe_lt_0_3r,0.355406273617081
525,partial_50pct_at_1r,0.355406273617081
526,baseline,0.9175642041194402
526,breakeven_after_0_5r,0.0
526,breakeven_after_1_0r,0.0
526,exit_at_first_0_5r,0.5
526,exit_at_first_1_0r,1.0
526,trail_0_5r_after_1_0r,1.0351031615600836
526,time_exit_after_4_bars_if_mfe_lt_0_3r,0.9175642041194402
526,partial_50pct_at_1r,0.95878210205972
527,baseline,-1.0305542417756
527,breakeven_after_0_5r,-1.0305542417756
527,breakeven_after_1_0r,-1.0305542417756
527,exit_at_first_0_5r,-1.0305542417756
527,exit_at_first_1_0r,-1.0305542417756
527,trail_0_5r_after_1_0r,-1.0305542417756
527,time_exit_after_4_bars_if_mfe_lt_0_3r,-1.0305542417756
527,partial_50pct_at_1r,-1.0305542417756
528,baseline,-1.0307939824300172
528,breakeven_after_0_5r,-1.0307939824300172
528,breakeven_after_1_0r,-1.0307939824300172
528,exit_at_first_0_5r,-1.0307939824300172
528,exit_at_first_1_0r,-1.0307939824300172
528,trail_0_5r_after_1_0r,-1.0307939824300172
528,time_exit_after_4_bars_if_mfe_lt_0_3r,-0.0889321869122932
528,partial_50pct_at_1r,-1.0307939824300172
529,baseline,-0.11971204553031276
529,breakeven_after_0_5r,-0.11971204553031276
529,breakeven_after_1_0r,-0.11971204553031276
529,exit_at_first_0_5r,-0.11971204553031276
529,exit_at_first_1_0r,-0.11971204553031276
529,trail_0_5r_after_1_0r,-0.11971204553031276
529,time_exit_after_4_bars_if_mfe_lt_0_3r,-0.11971204553031276
529,partial_50pct_at_1r,-0.11971204553031276
530,baseline,0.18498622823889085
530,breakeven_after_0_5r,0.0
530,breakeven_after_1_0r,0.18498622823889085
530,exit_at_first_0_5r,0.5
530,exit_at_first_1_0r,0.18498622823889085
530,trail_0_5r_after_1_0r,0.18498622823889085
530,time_exit_after_4_bars_if_mfe_lt_0_3r,0.18498622823889085
530,partial_50pct_at_1r,0.18498622823889085
531,baseline,0.08828299185221966
531,breakeven_after_0_5r,0.08828299185221966
531,breakeven_after_1_0r,0.08828299185221966
531,exit_at_first_0_5r,0.08828299185221966
531,exit_at_first_1_0r,0.08828299185221966
531,trail_0_5r_after_1_0r,0.08828299185221966
531,time_exit_after_4_bars_if_mfe_lt_0_3r,0.08828299185221966
531,partial_50pct_at_1r,0.08828299185221966
532,baseline,1.9076105260225953
532,breakeven_after_0_5r,0.0
532,breakeven_after_1_0r,1.9076105260225953
532,exit_at_first_0_5r,0.5
532,exit_at_first_1_0r,1.0
532,trail_0_5r_after_1_0r,1.8547391336319556
532,time_exit_after_4_bars_if_mfe_lt_0_3r,1.9076105260225953
532,partial_50pct_at_1r,1.4538052630112976
533,baseline,0.1570688694630668
533,breakeven_after_0_5r,0.0
533,breakeven_after_1_0r,0.1570688694630668
533,exit_at_first_0_5r,0.5
533,exit_at_first_1_0r,0.1570688694630668
533,trail_0_5r_after_1_0r,0.1570688694630668
533,time_exit_after_4_bars_if_mfe_lt_0_3r,0.1570688694630668
533,partial_50pct_at_1r,0.1570688694630668
534,baseline,0.2979268976575905
534,breakeven_after_0_5r,0.0
534,breakeven_after_1_0r,0.2979268976575905
534,exit_at_first_0_5r,0.5
534,exit_at_first_1_0r,0.2979268976575905
534,trail_0_5r_after_1_0r,0.2979268976575905
534,time_exit_after_4_bars_if_mfe_lt_0_3r,0.2979268976575905
534,partial_50pct_at_1r,0.2979268976575905
535,baseline,-0.0612453380945135
535,breakeven_after_0_5r,0.0
535,breakeven_after_1_0r,-0.0612453380945135
535,exit_at_first_0_5r,0.5
535,exit_at_first_1_0r,-0.0612453380945135
535,trail_0_5r_after_1_0r,-0.0612453380945135
535,time_exit_after_4_bars_if_mfe_lt_0_3r,-0.0612453380945135
535,partial_50pct_at_1r,-0.0612453380945135
536,baseline,0.18579628349147076
536,breakeven_after_0_5r,0.0
536,breakeven_after_1_0r,0.18579628349147076
536,exit_at_first_0_5r,0.5
536,exit_at_first_1_0r,0.18579628349147076
536,trail_0_5r_after_1_0r,0.18579628349147076
536,time_exit_after_4_bars_if_mfe_lt_0_3r,0.18579628349147076
536,partial_50pct_at_1r,0.18579628349147076
537,baseline,-1.0246704037452887
537,breakeven_after_0_5r,-1.0246704037452887
537,breakeven_after_1_0r,-1.0246704037452887
537,exit_at_first_0_5r,-1.0246704037452887
537,exit_at_first_1_0r,-1.0246704037452887
537,trail_0_5r_after_1_0r,-1.0246704037452887
537,time_exit_after_4_bars_if_mfe_lt_0_3r,-1.0246704037452887
537,partial_50pct_at_1r,-1.0246704037452887
538,baseline,-1.0238357297590381
538,breakeven_after_0_5r,-1.0238357297590381
538,breakeven_after_1_0r,-1.0238357297590381
538,exit_at_first_0_5r,-1.0238357297590381
538,exit_at_first_1_0r,-1.0238357297590381
538,trail_0_5r_after_1_0r,-1.0238357297590381
538,time_exit_after_4_bars_if_mfe_lt_0_3r,-0.33287278997716757
538,partial_50pct_at_1r,-1.0238357297590381
539,baseline,0.22822333592709262
539,breakeven_after_0_5r,0.22822333592709262
539,breakeven_after_1_0r,0.22822333592709262
539,exit_at_first_0_5r,0.5
539,exit_at_first_1_0r,0.22822333592709262
539,trail_0_5r_after_1_0r,0.22822333592709262
539,time_exit_after_4_bars_if_mfe_lt_0_3r,0.22822333592709262
539,partial_50pct_at_1r,0.22822333592709262
540,baseline,0.27487204739255294
540,breakeven_after_0_5r,0.0
540,breakeven_after_1_0r,0.27487204739255294
540,exit_at_first_0_5r,0.5
540,exit_at_first_1_0r,0.27487204739255294
540,trail_0_5r_after_1_0r,0.27487204739255294
540,time_exit_after_4_bars_if_mfe_lt_0_3r,-0.37166358752816225
540,partial_50pct_at_1r,0.27487204739255294
541,baseline,0.16381297641056078
541,breakeven_after_0_5r,0.16381297641056078
541,breakeven_after_1_0r,0.16381297641056078
541,exit_at_first_0_5r,0.16381297641056078
541,exit_at_first_1_0r,0.16381297641056078
541,trail_0_5r_after_1_0r,0.16381297641056078
541,time_exit_after_4_bars_if_mfe_lt_0_3r,0.16381297641056078
541,partial_50pct_at_1r,0.16381297641056078
542,baseline,0.20955484761744325
542,breakeven_after_0_5r,0.20955484761744325
542,breakeven_after_1_0r,0.20955484761744325
542,exit_at_first_0_5r,0.20955484761744325
542,exit_at_first_1_0r,0.20955484761744325
542,trail_0_5r_after_1_0r,0.20955484761744325
542,time_exit_after_4_bars_if_mfe_lt_0_3r,0.20955484761744325
542,partial_50pct_at_1r,0.20955484761744325
543,baseline,0.516207198647834
543,breakeven_after_0_5r,0.0
543,breakeven_after_1_0r,0.516207198647834
543,exit_at_first_0_5r,0.5
543,exit_at_first_1_0r,0.516207198647834
543,trail_0_5r_after_1_0r,0.516207198647834
543,time_exit_after_4_bars_if_mfe_lt_0_3r,0.516207198647834
543,partial_50pct_at_1r,0.516207198647834
544,baseline,-1.0240016001337617
544,breakeven_after_0_5r,-1.0240016001337617
544,breakeven_after_1_0r,-1.0240016001337617
544,exit_at_first_0_5r,-1.0240016001337617
544,exit_at_first_1_0r,-1.0240016001337617
544,trail_0_5r_after_1_0r,-1.0240016001337617
544,time_exit_after_4_bars_if_mfe_lt_0_3r,-1.0240016001337617
544,partial_50pct_at_1r,-1.0240016001337617
545,baseline,0.35089785267067963
545,breakeven_after_0_5r,0.35089785267067963
545,breakeven_after_1_0r,0.35089785267067963
545,exit_at_first_0_5r,0.5
545,exit_at_first_1_0r,0.35089785267067963
545,trail_0_5r_after_1_0r,0.35089785267067963
545,time_exit_after_4_bars_if_mfe_lt_0_3r,0.35089785267067963
545,partial_50pct_at_1r,0.35089785267067963
546,baseline,0.2801511222416181
546,breakeven_after_0_5r,0.0
546,breakeven_after_1_0r,0.2801511222416181
546,exit_at_first_0_5r,0.5
546,exit_at_first_1_0r,0.2801511222416181
546,trail_0_5r_after_1_0r,0.2801511222416181
546,time_exit_after_4_bars_if_mfe_lt_0_3r,0.2801511222416181
546,partial_50pct_at_1r,0.2801511222416181
547,baseline,1.0232405964404556
547,breakeven_after_0_5r,0.0
547,breakeven_after_1_0r,0.0
547,exit_at_first_0_5r,0.5
547,exit_at_first_1_0r,1.0
547,trail_0_5r_after_1_0r,0.7883745084406026
547,time_exit_after_4_bars_if_mfe_lt_0_3r,1.0232405964404556
547,partial_50pct_at_1r,1.0116202982202278
548,baseline,0.30356399632490605
548,breakeven_after_0_5r,0.30356399632490605
548,breakeven_after_1_0r,0.30356399632490605
548,exit_at_first_0_5r,0.5
548,exit_at_first_1_0r,0.30356399632490605
548,trail_0_5r_after_1_0r,0.30356399632490605
548,time_exit_after_4_bars_if_mfe_lt_0_3r,0.30356399632490605
548,partial_50pct_at_1r,0.30356399632490605
549,baseline,0.4320639087568669
549,breakeven_after_0_5r,0.4320639087568669
549,breakeven_after_1_0r,0.4320639087568669
549,exit_at_first_0_5r,0.5
549,exit_at_first_1_0r,0.4320639087568669
549,trail_0_5r_after_1_0r,0.4320639087568669
549,time_exit_after_4_bars_if_mfe_lt_0_3r,0.4320639087568669
549,partial_50pct_at_1r,0.4320639087568669
550,baseline,0.5982913348096386
550,breakeven_after_0_5r,0.0
550,breakeven_after_1_0r,0.5982913348096386
550,exit_at_first_0_5r,0.5
550,exit_at_first_1_0r,1.0
550,trail_0_5r_after_1_0r,1.5166973570221232
550,time_exit_after_4_bars_if_mfe_lt_0_3r,0.5982913348096386
550,partial_50pct_at_1r,0.7991456674048193
551,baseline,1.0987568763059112
551,breakeven_after_0_5r,1.0987568763059112
551,breakeven_after_1_0r,1.0987568763059112
551,exit_at_first_0_5r,0.5
551,exit_at_first_1_0r,1.0
551,trail_0_5r_after_1_0r,0.9929448252132398
551,time_exit_after_4_bars_if_mfe_lt_0_3r,1.0987568763059112
551,partial_50pct_at_1r,1.0493784381529556
552,baseline,0.13383538828886513
552,breakeven_after_0_5r,0.13383538828886513
552,breakeven_after_1_0r,0.13383538828886513
552,exit_at_first_0_5r,0.13383538828886513
552,exit_at_first_1_0r,0.13383538828886513
552,trail_0_5r_after_1_0r,0.13383538828886513
552,time_exit_after_4_bars_if_mfe_lt_0_3r,0.13383538828886513
552,partial_50pct_at_1r,0.13383538828886513
553,baseline,-1.0234768635852105
553,breakeven_after_0_5r,-1.0234768635852105
553,breakeven_after_1_0r,-1.0234768635852105
553,exit_at_first_0_5r,-1.0234768635852105
553,exit_at_first_1_0r,-1.0234768635852105
553,trail_0_5r_after_1_0r,-1.0234768635852105
553,time_exit_after_4_bars_if_mfe_lt_0_3r,-1.0234768635852105
553,partial_50pct_at_1r,-1.0234768635852105
554,baseline,1.3874442181413442
554,breakeven_after_0_5r,0.0
554,breakeven_after_1_0r,0.0
554,exit_at_first_0_5r,0.5
554,exit_at_first_1_0r,1.0
554,trail_0_5r_after_1_0r,1.1101547649810408
554,time_exit_after_4_bars_if_mfe_lt_0_3r,1.3874442181413442
554,partial_50pct_at_1r,1.1937221090706722
555,baseline,-0.06556587016918847
555,breakeven_after_0_5r,0.0
555,breakeven_after_1_0r,-0.06556587016918847
555,exit_at_first_0_5r,0.5
555,exit_at_first_1_0r,-0.06556587016918847
555,trail_0_5r_after_1_0r,-0.06556587016918847
555,time_exit_after_4_bars_if_mfe_lt_0_3r,-0.06556587016918847
555,partial_50pct_at_1r,-0.06556587016918847
556,baseline,-1.0238146575426168
556,breakeven_after_0_5r,-1.0238146575426168
556,breakeven_after_1_0r,-1.0238146575426168
556,exit_at_first_0_5r,-1.0238146575426168
556,exit_at_first_1_0r,-1.0238146575426168
556,trail_0_5r_after_1_0r,-1.0238146575426168
556,time_exit_after_4_bars_if_mfe_lt_0_3r,-1.0238146575426168
556,partial_50pct_at_1r,-1.0238146575426168
557,baseline,0.3564090731639682
557,breakeven_after_0_5r,0.0
557,breakeven_after_1_0r,0.3564090731639682
557,exit_at_first_0_5r,0.5
557,exit_at_first_1_0r,0.3564090731639682
557,trail_0_5r_after_1_0r,0.3564090731639682
557,time_exit_after_4_bars_if_mfe_lt_0_3r,-0.19581413260912653
557,partial_50pct_at_1r,0.3564090731639682
558,baseline,-1.0248248393164638
558,breakeven_after_0_5r,-1.0248248393164638
558,breakeven_after_1_0r,-1.0248248393164638
558,exit_at_first_0_5r,-1.0248248393164638
558,exit_at_first_1_0r,-1.0248248393164638
558,trail_0_5r_after_1_0r,-1.0248248393164638
558,time_exit_after_4_bars_if_mfe_lt_0_3r,-0.14676793673460986
558,partial_50pct_at_1r,-1.0248248393164638
559,baseline,-1.0261183643175305
559,breakeven_after_0_5r,-1.0261183643175305
559,breakeven_after_1_0r,-1.0261183643175305
559,exit_at_first_0_5r,-1.0261183643175305
559,exit_at_first_1_0r,-1.0261183643175305
559,trail_0_5r_after_1_0r,-1.0261183643175305
559,time_exit_after_4_bars_if_mfe_lt_0_3r,-1.0261183643175305
559,partial_50pct_at_1r,-1.0261183643175305
560,baseline,0.22614217231564945
560,breakeven_after_0_5r,0.22614217231564945
560,breakeven_after_1_0r,0.22614217231564945
560,exit_at_first_0_5r,0.22614217231564945
560,exit_at_first_1_0r,0.22614217231564945
560,trail_0_5r_after_1_0r,0.22614217231564945
560,time_exit_after_4_bars_if_mfe_lt_0_3r,0.22614217231564945
560,partial_50pct_at_1r,0.22614217231564945
561,baseline,-1.0261095077934284
561,breakeven_after_0_5r,-1.0261095077934284
561,breakeven_after_1_0r,-1.0261095077934284
561,exit_at_first_0_5r,-1.0261095077934284
561,exit_at_first_1_0r,-1.0261095077934284
561,trail_0_5r_after_1_0r,-1.0261095077934284
561,time_exit_after_4_bars_if_mfe_lt_0_3r,-0.006659399544332341
561,partial_50pct_at_1r,-1.0261095077934284
562,baseline,0.34482035308190784
562,breakeven_after_0_5r,0.0
562,breakeven_after_1_0r,0.34482035308190784
562,exit_at_first_0_5r,0.5
562,exit_at_first_1_0r,0.34482035308190784
562,trail_0_5r_after_1_0r,0.34482035308190784
562,time_exit_after_4_bars_if_mfe_lt_0_3r,0.34482035308190784
562,partial_50pct_at_1r,0.34482035308190784
563,baseline,0.10307665313871749
563,breakeven_after_0_5r,0.10307665313871749
563,breakeven_after_1_0r,0.10307665313871749
563,exit_at_first_0_5r,0.10307665313871749
563,exit_at_first_1_0r,0.10307665313871749
563,trail_0_5r_after_1_0r,0.10307665313871749
563,time_exit_after_4_bars_if_mfe_lt_0_3r,-0.5611996011298505
563,partial_50pct_at_1r,0.10307665313871749
564,baseline,0.19665181708468818
564,breakeven_after_0_5r,0.19665181708468818
564,breakeven_after_1_0r,0.19665181708468818
564,exit_at_first_0_5r,0.5
564,exit_at_first_1_0r,0.19665181708468818
564,trail_0_5r_after_1_0r,0.19665181708468818
564,time_exit_after_4_bars_if_mfe_lt_0_3r,0.19665181708468818
564,partial_50pct_at_1r,0.19665181708468818
565,baseline,0.4063932320305481
565,breakeven_after_0_5r,0.0
565,breakeven_after_1_0r,0.0
565,exit_at_first_0_5r,0.5
565,exit_at_first_1_0r,1.0
565,trail_0_5r_after_1_0r,0.6544771290874669
565,time_exit_after_4_bars_if_mfe_lt_0_3r,0.4063932320305481
565,partial_50pct_at_1r,0.7031966160152741
566,baseline,0.24716383587727542
566,breakeven_after_0_5r,0.0
566,breakeven_after_1_0r,0.24716383587727542
566,exit_at_first_0_5r,0.5
566,exit_at_first_1_0r,0.24716383587727542
566,trail_0_5r_after_1_0r,0.24716383587727542
566,time_exit_after_4_bars_if_mfe_lt_0_3r,0.24716383587727542
566,partial_50pct_at_1r,0.24716383587727542
567,baseline,0.5545279295805928
567,breakeven_after_0_5r,0.5545279295805928
567,breakeven_after_1_0r,0.5545279295805928
567,exit_at_first_0_5r,0.5
567,exit_at_first_1_0r,0.5545279295805928
567,trail_0_5r_after_1_0r,0.5545279295805928
567,time_exit_after_4_bars_if_mfe_lt_0_3r,0.5545279295805928
567,partial_50pct_at_1r,0.5545279295805928
568,baseline,-1.0382737600410348
568,breakeven_after_0_5r,0.0
568,breakeven_after_1_0r,-1.0382737600410348
568,exit_at_first_0_5r,0.5
568,exit_at_first_1_0r,-1.0382737600410348
568,trail_0_5r_after_1_0r,-1.0382737600410348
568,time_exit_after_4_bars_if_mfe_lt_0_3r,-0.08612001279882632
568,partial_50pct_at_1r,-1.0382737600410348
569,baseline,-0.18411908500316598
569,breakeven_after_0_5r,0.0
569,breakeven_after_1_0r,-0.18411908500316598
569,exit_at_first_0_5r,0.5
569,exit_at_first_1_0r,-0.18411908500316598
569,trail_0_5r_after_1_0r,-0.18411908500316598
569,time_exit_after_4_bars_if_mfe_lt_0_3r,-0.18411908500316598
569,partial_50pct_at_1r,-0.18411908500316598
570,baseline,0.8235943473033638
570,breakeven_after_0_5r,0.0
570,breakeven_after_1_0r,0.0
570,exit_at_first_0_5r,0.5
570,exit_at_first_1_0r,1.0
570,trail_0_5r_after_1_0r,0.583999132670147
570,time_exit_after_4_bars_if_mfe_lt_0_3r,0.8235943473033638
570,partial_50pct_at_1r,0.9117971736516819
571,baseline,0.20404067827545877
571,breakeven_after_0_5r,0.20404067827545877
571,breakeven_after_1_0r,0.20404067827545877
571,exit_at_first_0_5r,0.20404067827545877
571,exit_at_first_1_0r,0.20404067827545877
571,trail_0_5r_after_1_0r,0.20404067827545877
571,time_exit_after_4_bars_if_mfe_lt_0_3r,0.20404067827545877
571,partial_50pct_at_1r,0.20404067827545877
572,baseline,0.36539647667541225
572,breakeven_after_0_5r,0.36539647667541225
572,breakeven_after_1_0r,0.36539647667541225
572,exit_at_first_0_5r,0.5
572,exit_at_first_1_0r,0.36539647667541225
572,trail_0_5r_after_1_0r,0.36539647667541225
572,time_exit_after_4_bars_if_mfe_lt_0_3r,0.36539647667541225
572,partial_50pct_at_1r,0.36539647667541225
573,baseline,-1.0383292504651305
573,breakeven_after_0_5r,-1.0383292504651305
573,breakeven_after_1_0r,-1.0383292504651305
573,exit_at_first_0_5r,-1.0383292504651305
573,exit_at_first_1_0r,-1.0383292504651305
573,trail_0_5r_after_1_0r,-1.0383292504651305
573,time_exit_after_4_bars_if_mfe_lt_0_3r,-0.7198029242139826
573,partial_50pct_at_1r,-1.0383292504651305
574,baseline,-1.0384092364588078
574,breakeven_after_0_5r,-1.0384092364588078
574,breakeven_after_1_0r,-1.0384092364588078
574,exit_at_first_0_5r,-1.0384092364588078
574,exit_at_first_1_0r,-1.0384092364588078
574,trail_0_5r_after_1_0r,-1.0384092364588078
574,time_exit_after_4_bars_if_mfe_lt_0_3r,-1.0384092364588078
574,partial_50pct_at_1r,-1.0384092364588078
575,baseline,0.471281662509633
575,breakeven_after_0_5r,0.471281662509633
575,breakeven_after_1_0r,0.471281662509633
575,exit_at_first_0_5r,0.5
575,exit_at_first_1_0r,1.0
575,trail_0_5r_after_1_0r,0.5058226085776234
575,time_exit_after_4_bars_if_mfe_lt_0_3r,0.471281662509633
575,partial_50pct_at_1r,0.7356408312548165
576,baseline,0.6024003818045418
576,breakeven_after_0_5r,0.0
576,breakeven_after_1_0r,0.6024003818045418
576,exit_at_first_0_5r,0.5
576,exit_at_first_1_0r,0.6024003818045418
576,trail_0_5r_after_1_0r,0.6024003818045418
576,time_exit_after_4_bars_if_mfe_lt_0_3r,0.6024003818045418
576,partial_50pct_at_1r,0.6024003818045418
577,baseline,0.259124978475216
577,breakeven_after_0_5r,0.259124978475216
577,breakeven_after_1_0r,0.259124978475216
577,exit_at_first_0_5r,0.259124978475216
577,exit_at_first_1_0r,0.259124978475216
577,trail_0_5r_after_1_0r,0.259124978475216
577,time_exit_after_4_bars_if_mfe_lt_0_3r,0.259124978475216
577,partial_50pct_at_1r,0.259124978475216
578,baseline,-1.0445483991807596
578,breakeven_after_0_5r,-1.0445483991807596
578,breakeven_after_1_0r,-1.0445483991807596
578,exit_at_first_0_5r,-1.0445483991807596
578,exit_at_first_1_0r,-1.0445483991807596
578,trail_0_5r_after_1_0r,-1.0445483991807596
578,time_exit_after_4_bars_if_mfe_lt_0_3r,-1.0445483991807596
578,partial_50pct_at_1r,-1.0445483991807596
579,baseline,0.22844563181305047
579,breakeven_after_0_5r,0.22844563181305047
579,breakeven_after_1_0r,0.22844563181305047
579,exit_at_first_0_5r,0.22844563181305047
579,exit_at_first_1_0r,0.22844563181305047
579,trail_0_5r_after_1_0r,0.22844563181305047
579,time_exit_after_4_bars_if_mfe_lt_0_3r,0.22844563181305047
579,partial_50pct_at_1r,0.22844563181305047
580,baseline,-1.0424321785962756
580,breakeven_after_0_5r,-1.0424321785962756
580,breakeven_after_1_0r,-1.0424321785962756
580,exit_at_first_0_5r,-1.0424321785962756
580,exit_at_first_1_0r,-1.0424321785962756
580,trail_0_5r_after_1_0r,-1.0424321785962756
580,time_exit_after_4_bars_if_mfe_lt_0_3r,-1.0424321785962756
580,partial_50pct_at_1r,-1.0424321785962756
581,baseline,0.2041269628173141
581,breakeven_after_0_5r,0.2041269628173141
581,breakeven_after_1_0r,0.2041269628173141
581,exit_at_first_0_5r,0.5
581,exit_at_first_1_0r,0.2041269628173141
581,trail_0_5r_after_1_0r,0.2041269628173141
581,time_exit_after_4_bars_if_mfe_lt_0_3r,0.2041269628173141
581,partial_50pct_at_1r,0.2041269628173141
582,baseline,0.2579806193322398
582,breakeven_after_0_5r,0.0
582,breakeven_after_1_0r,0.2579806193322398
582,exit_at_first_0_5r,0.5
582,exit_at_first_1_0r,0.2579806193322398
582,trail_0_5r_after_1_0r,0.2579806193322398
582,time_exit_after_4_bars_if_mfe_lt_0_3r,0.2579806193322398
582,partial_50pct_at_1r,0.2579806193322398
583,baseline,-1.0416944693005992
583,breakeven_after_0_5r,-1.0416944693005992
583,breakeven_after_1_0r,-1.0416944693005992
583,exit_at_first_0_5r,-1.0416944693005992
583,exit_at_first_1_0r,-1.0416944693005992
583,trail_0_5r_after_1_0r,-1.0416944693005992
583,time_exit_after_4_bars_if_mfe_lt_0_3r,-1.0416944693005992
583,partial_50pct_at_1r,-1.0416944693005992
584,baseline,0.779154240953343
584,breakeven_after_0_5r,0.0
584,breakeven_after_1_0r,0.0
584,exit_at_first_0_5r,0.5
584,exit_at_first_1_0r,1.0
584,trail_0_5r_after_1_0r,0.5494152841256219
584,time_exit_after_4_bars_if_mfe_lt_0_3r,0.779154240953343
584,partial_50pct_at_1r,0.8895771204766715
585,baseline,-1.0351398026298027
585,breakeven_after_0_5r,-1.0351398026298027
585,breakeven_after_1_0r,-1.0351398026298027
585,exit_at_first_0_5r,-1.0351398026298027
585,exit_at_first_1_0r,-1.0351398026298027
585,trail_0_5r_after_1_0r,-1.0351398026298027
585,time_exit_after_4_bars_if_mfe_lt_0_3r,-1.0351398026298027
585,partial_50pct_at_1r,-1.0351398026298027
586,baseline,0.6620532123785445
586,breakeven_after_0_5r,0.6620532123785445
586,breakeven_after_1_0r,0.6620532123785445
586,exit_at_first_0_5r,0.5
586,exit_at_first_1_0r,1.0
586,trail_0_5r_after_1_0r,0.5220120991555111
586,time_exit_after_4_bars_if_mfe_lt_0_3r,0.6620532123785445
586,partial_50pct_at_1r,0.8310266061892723
587,baseline,0.8253073132778136
587,breakeven_after_0_5r,0.0
587,breakeven_after_1_0r,0.0
587,exit_at_first_0_5r,0.5
587,exit_at_first_1_0r,1.0
587,trail_0_5r_after_1_0r,0.7585951267790045
587,time_exit_after_4_bars_if_mfe_lt_0_3r,-0.2721286760603065
587,partial_50pct_at_1r,0.9126536566389067
588,baseline,-1.0427699450967145
588,breakeven_after_0_5r,-1.0427699450967145
588,breakeven_after_1_0r,-1.0427699450967145
588,exit_at_first_0_5r,-1.0427699450967145
588,exit_at_first_1_0r,-1.0427699450967145
588,trail_0_5r_after_1_0r,-1.0427699450967145
588,time_exit_after_4_bars_if_mfe_lt_0_3r,-1.0427699450967145
588,partial_50pct_at_1r,-1.0427699450967145
589,baseline,0.2550220404604253
589,breakeven_after_0_5r,0.0
589,breakeven_after_1_0r,0.2550220404604253
589,exit_at_first_0_5r,0.5
589,exit_at_first_1_0r,0.2550220404604253
589,trail_0_5r_after_1_0r,0.2550220404604253
589,time_exit_after_4_bars_if_mfe_lt_0_3r,0.2550220404604253
589,partial_50pct_at_1r,0.2550220404604253
590,baseline,0.09752778751123743
590,breakeven_after_0_5r,0.0
590,breakeven_after_1_0r,0.09752778751123743
590,exit_at_first_0_5r,0.5
590,exit_at_first_1_0r,0.09752778751123743
590,trail_0_5r_after_1_0r,0.09752778751123743
590,time_exit_after_4_bars_if_mfe_lt_0_3r,0.09752778751123743
590,partial_50pct_at_1r,0.09752778751123743
591,baseline,0.3162789761054402
591,breakeven_after_0_5r,0.0
591,breakeven_after_1_0r,0.3162789761054402
591,exit_at_first_0_5r,0.5
591,exit_at_first_1_0r,0.3162789761054402
591,trail_0_5r_after_1_0r,0.3162789761054402
591,time_exit_after_4_bars_if_mfe_lt_0_3r,0.3162789761054402
591,partial_50pct_at_1r,0.3162789761054402
592,baseline,0.3250909889341546
592,breakeven_after_0_5r,0.3250909889341546
592,breakeven_after_1_0r,0.3250909889341546
592,exit_at_first_0_5r,0.5
592,exit_at_first_1_0r,1.0
592,trail_0_5r_after_1_0r,0.620531815825693
592,time_exit_after_4_bars_if_mfe_lt_0_3r,-0.3217937522371168
592,partial_50pct_at_1r,0.6625454944670773
593,baseline,-1.0443654086420961
593,breakeven_after_0_5r,-1.0443654086420961
593,breakeven_after_1_0r,-1.0443654086420961
593,exit_at_first_0_5r,-1.0443654086420961
593,exit_at_first_1_0r,-1.0443654086420961
593,trail_0_5r_after_1_0r,-1.0443654086420961
593,time_exit_after_4_bars_if_mfe_lt_0_3r,-0.602515298218593
593,partial_50pct_at_1r,-1.0443654086420961
594,baseline,-1.0406303426682295
594,breakeven_after_0_5r,-1.0406303426682295
594,breakeven_after_1_0r,-1.0406303426682295
594,exit_at_first_0_5r,-1.0406303426682295
594,exit_at_first_1_0r,-1.0406303426682295
594,trail_0_5r_after_1_0r,-1.0406303426682295
594,time_exit_after_4_bars_if_mfe_lt_0_3r,-1.0406303426682295
594,partial_50pct_at_1r,-1.0406303426682295
595,baseline,0.6451678159803413
595,breakeven_after_0_5r,0.0
595,breakeven_after_1_0r,0.6451678159803413
595,exit_at_first_0_5r,0.5
595,exit_at_first_1_0r,1.0
595,trail_0_5r_after_1_0r,0.5572056770853118
595,time_exit_after_4_bars_if_mfe_lt_0_3r,0.6451678159803413
595,partial_50pct_at_1r,0.8225839079901707
596,baseline,-1.0374508441589185
596,breakeven_after_0_5r,-1.0374508441589185
596,breakeven_after_1_0r,-1.0374508441589185
596,exit_at_first_0_5r,-1.0374508441589185
596,exit_at_first_1_0r,-1.0374508441589185
596,trail_0_5r_after_1_0r,-1.0374508441589185
596,time_exit_after_4_bars_if_mfe_lt_0_3r,-0.7510196021173536
596,partial_50pct_at_1r,-1.0374508441589185
597,baseline,-1.0398874718579902
597,breakeven_after_0_5r,-1.0398874718579902
597,breakeven_after_1_0r,-1.0398874718579902
597,exit_at_first_0_5r,-1.0398874718579902
597,exit_at_first_1_0r,-1.0398874718579902
597,trail_0_5r_after_1_0r,-1.0398874718579902
597,time_exit_after_4_bars_if_mfe_lt_0_3r,-1.0398874718579902
597,partial_50pct_at_1r,-1.0398874718579902
598,baseline,0.12472103548958459
598,breakeven_after_0_5r,0.12472103548958459
598,breakeven_after_1_0r,0.12472103548958459
598,exit_at_first_0_5r,0.12472103548958459
598,exit_at_first_1_0r,0.12472103548958459
598,trail_0_5r_after_1_0r,0.12472103548958459
598,time_exit_after_4_bars_if_mfe_lt_0_3r,-0.20026533654770198
598,partial_50pct_at_1r,0.12472103548958459
599,baseline,0.857835019648965
599,breakeven_after_0_5r,0.0
599,breakeven_after_1_0r,0.0
599,exit_at_first_0_5r,0.5
599,exit_at_first_1_0r,1.0
599,trail_0_5r_after_1_0r,0.5994700163775954
599,time_exit_after_4_bars_if_mfe_lt_0_3r,0.857835019648965
599,partial_50pct_at_1r,0.9289175098244825
600,baseline,1.2567505441122095
600,breakeven_after_0_5r,0.0
600,breakeven_after_1_0r,1.2567505441122095
600,exit_at_first_0_5r,0.5
600,exit_at_first_1_0r,1.0
600,trail_0_5r_after_1_0r,1.420289709495733
600,time_exit_after_4_bars_if_mfe_lt_0_3r,1.2567505441122095
600,partial_50pct_at_1r,1.1283752720561049
601,baseline,0.30440839818264587
601,breakeven_after_0_5r,0.0
601,breakeven_after_1_0r,0.30440839818264587
601,exit_at_first_0_5r,0.5
601,exit_at_first_1_0r,1.0
601,trail_0_5r_after_1_0r,0.8003927996625679
601,time_exit_after_4_bars_if_mfe_lt_0_3r,0.30440839818264587
601,partial_50pct_at_1r,0.652204199091323
602,baseline,0.08774184392188218
602,breakeven_after_0_5r,0.08774184392188218
602,breakeven_after_1_0r,0.08774184392188218
602,exit_at_first_0_5r,0.08774184392188218
602,exit_at_first_1_0r,0.08774184392188218
602,trail_0_5r_after_1_0r,0.08774184392188218
602,time_exit_after_4_bars_if_mfe_lt_0_3r,0.08774184392188218
602,partial_50pct_at_1r,0.08774184392188218
603,baseline,-0.42325281531482284
603,breakeven_after_0_5r,-0.42325281531482284
603,breakeven_after_1_0r,-0.42325281531482284
603,exit_at_first_0_5r,-0.42325281531482284
603,exit_at_first_1_0r,-0.42325281531482284
603,trail_0_5r_after_1_0r,-0.42325281531482284
603,time_exit_after_4_bars_if_mfe_lt_0_3r,-0.42325281531482284
603,partial_50pct_at_1r,-0.42325281531482284
604,baseline,0.3551544343910284
604,breakeven_after_0_5r,0.3551544343910284
604,breakeven_after_1_0r,0.3551544343910284
604,exit_at_first_0_5r,0.5
604,exit_at_first_1_0r,0.3551544343910284
604,trail_0_5r_after_1_0r,0.3551544343910284
604,time_exit_after_4_bars_if_mfe_lt_0_3r,-0.01092892781542728
604,partial_50pct_at_1r,0.3551544343910284
605,baseline,0.40475922799499153
605,breakeven_after_0_5r,0.0
605,breakeven_after_1_0r,0.40475922799499153
605,exit_at_first_0_5r,0.5
605,exit_at_first_1_0r,0.40475922799499153
605,trail_0_5r_after_1_0r,0.40475922799499153
605,time_exit_after_4_bars_if_mfe_lt_0_3r,-0.21986537819257496
605,partial_50pct_at_1r,0.40475922799499153
606,baseline,-1.0484153877561004
606,breakeven_after_0_5r,-1.0484153877561004
606,breakeven_after_1_0r,-1.0484153877561004
606,exit_at_first_0_5r,-1.0484153877561004
606,exit_at_first_1_0r,-1.0484153877561004
606,trail_0_5r_after_1_0r,-1.0484153877561004
606,time_exit_after_4_bars_if_mfe_lt_0_3r,-1.0484153877561004
606,partial_50pct_at_1r,-1.0484153877561004
607,baseline,0.03391691309462525
607,breakeven_after_0_5r,0.03391691309462525
607,breakeven_after_1_0r,0.03391691309462525
607,exit_at_first_0_5r,0.03391691309462525
607,exit_at_first_1_0r,0.03391691309462525
607,trail_0_5r_after_1_0r,0.03391691309462525
607,time_exit_after_4_bars_if_mfe_lt_0_3r,0.03391691309462525
607,partial_50pct_at_1r,0.03391691309462525
608,baseline,-0.6109770979790987
608,breakeven_after_0_5r,-0.6109770979790987
608,breakeven_after_1_0r,-0.6109770979790987
608,exit_at_first_0_5r,-0.6109770979790987
608,exit_at_first_1_0r,-0.6109770979790987
608,trail_0_5r_after_1_0r,-0.6109770979790987
608,time_exit_after_4_bars_if_mfe_lt_0_3r,-0.23732843188624228
608,partial_50pct_at_1r,-0.6109770979790987
609,baseline,0.12606141503591373
609,breakeven_after_0_5r,0.12606141503591373
609,breakeven_after_1_0r,0.12606141503591373
609,exit_at_first_0_5r,0.12606141503591373
609,exit_at_first_1_0r,0.12606141503591373
609,trail_0_5r_after_1_0r,0.12606141503591373
609,time_exit_after_4_bars_if_mfe_lt_0_3r,0.12606141503591373
609,partial_50pct_at_1r,0.12606141503591373
610,baseline,-0.09474772743762369
610,breakeven_after_0_5r,-0.09474772743762369
610,breakeven_after_1_0r,-0.09474772743762369
610,exit_at_first_0_5r,-0.09474772743762369
610,exit_at_first_1_0r,-0.09474772743762369
610,trail_0_5r_after_1_0r,-0.09474772743762369
610,time_exit_after_4_bars_if_mfe_lt_0_3r,-0.09474772743762369
610,partial_50pct_at_1r,-0.09474772743762369
611,baseline,0.3062762413484924
611,breakeven_after_0_5r,0.0
611,breakeven_after_1_0r,0.3062762413484924
611,exit_at_first_0_5r,0.5
611,exit_at_first_1_0r,0.3062762413484924
611,trail_0_5r_after_1_0r,0.3062762413484924
611,time_exit_after_4_bars_if_mfe_lt_0_3r,0.3062762413484924
611,partial_50pct_at_1r,0.3062762413484924
612,baseline,0.30417626228672
612,breakeven_after_0_5r,0.0
612,breakeven_after_1_0r,0.30417626228672
612,exit_at_first_0_5r,0.5
612,exit_at_first_1_0r,0.30417626228672
612,trail_0_5r_after_1_0r,0.30417626228672
612,time_exit_after_4_bars_if_mfe_lt_0_3r,0.30417626228672
612,partial_50pct_at_1r,0.30417626228672
613,baseline,0.34584348028815837
613,breakeven_after_0_5r,0.0
613,breakeven_after_1_0r,0.34584348028815837
613,exit_at_first_0_5r,0.5
613,exit_at_first_1_0r,0.34584348028815837
613,trail_0_5r_after_1_0r,0.34584348028815837
613,time_exit_after_4_bars_if_mfe_lt_0_3r,0.34584348028815837
613,partial_50pct_at_1r,0.34584348028815837
614,baseline,0.2923506995641672
614,breakeven_after_0_5r,0.2923506995641672
614,breakeven_after_1_0r,0.2923506995641672
614,exit_at_first_0_5r,0.5
614,exit_at_first_1_0r,0.2923506995641672
614,trail_0_5r_after_1_0r,0.2923506995641672
614,time_exit_after_4_bars_if_mfe_lt_0_3r,0.2923506995641672
614,partial_50pct_at_1r,0.2923506995641672
615,baseline,0.032444730813009096
615,breakeven_after_0_5r,0.032444730813009096
615,breakeven_after_1_0r,0.032444730813009096
615,exit_at_first_0_5r,0.032444730813009096
615,exit_at_first_1_0r,0.032444730813009096
615,trail_0_5r_after_1_0r,0.032444730813009096
615,time_exit_after_4_bars_if_mfe_lt_0_3r,0.032444730813009096
615,partial_50pct_at_1r,0.032444730813009096
616,baseline,0.04391865000989552
616,breakeven_after_0_5r,0.04391865000989552
616,breakeven_after_1_0r,0.04391865000989552
616,exit_at_first_0_5r,0.04391865000989552
616,exit_at_first_1_0r,0.04391865000989552
616,trail_0_5r_after_1_0r,0.04391865000989552
616,time_exit_after_4_bars_if_mfe_lt_0_3r,0.07064788469660147
616,partial_50pct_at_1r,0.04391865000989552
617,baseline,0.09611581915138498
617,breakeven_after_0_5r,0.0
617,breakeven_after_1_0r,0.0
617,exit_at_first_0_5r,0.5
617,exit_at_first_1_0r,1.0
617,trail_0_5r_after_1_0r,0.6968272448294177
617,time_exit_after_4_bars_if_mfe_lt_0_3r,0.09611581915138498
617,partial_50pct_at_1r,0.5480579095756924
618,baseline,-1.034240493793933
618,breakeven_after_0_5r,-1.034240493793933
618,breakeven_after_1_0r,-1.034240493793933
618,exit_at_first_0_5r,-1.034240493793933
618,exit_at_first_1_0r,-1.034240493793933
618,trail_0_5r_after_1_0r,-1.034240493793933
618,time_exit_after_4_bars_if_mfe_lt_0_3r,-1.034240493793933
618,partial_50pct_at_1r,-1.034240493793933
619,baseline,-1.0338753506638159
619,breakeven_after_0_5r,-1.0338753506638159
619,breakeven_after_1_0r,-1.0338753506638159
619,exit_at_first_0_5r,-1.0338753506638159
619,exit_at_first_1_0r,-1.0338753506638159
619,trail_0_5r_after_1_0r,-1.0338753506638159
619,time_exit_after_4_bars_if_mfe_lt_0_3r,-1.0338753506638159
619,partial_50pct_at_1r,-1.0338753506638159
620,baseline,-1.0310815139063152
620,breakeven_after_0_5r,-1.0310815139063152
620,breakeven_after_1_0r,-1.0310815139063152
620,exit_at_first_0_5r,-1.0310815139063152
620,exit_at_first_1_0r,-1.0310815139063152
620,trail_0_5r_after_1_0r,-1.0310815139063152
620,time_exit_after_4_bars_if_mfe_lt_0_3r,-1.0310815139063152
620,partial_50pct_at_1r,-1.0310815139063152
621,baseline,-1.0302570835823956
621,breakeven_after_0_5r,-1.0302570835823956
621,breakeven_after_1_0r,-1.0302570835823956
621,exit_at_first_0_5r,-1.0302570835823956
621,exit_at_first_1_0r,-1.0302570835823956
621,trail_0_5r_after_1_0r,-1.0302570835823956
621,time_exit_after_4_bars_if_mfe_lt_0_3r,-1.0302570835823956
621,partial_50pct_at_1r,-1.0302570835823956
622,baseline,0.16090110947511646
622,breakeven_after_0_5r,0.0
622,breakeven_after_1_0r,0.16090110947511646
622,exit_at_first_0_5r,0.5
622,exit_at_first_1_0r,0.16090110947511646
622,trail_0_5r_after_1_0r,0.16090110947511646
622,time_exit_after_4_bars_if_mfe_lt_0_3r,0.03272571277598896
622,partial_50pct_at_1r,0.16090110947511646
623,baseline,-1.0313193509851852
623,breakeven_after_0_5r,-1.0313193509851852
623,breakeven_after_1_0r,-1.0313193509851852
623,exit_at_first_0_5r,-1.0313193509851852
623,exit_at_first_1_0r,-1.0313193509851852
623,trail_0_5r_after_1_0r,-1.0313193509851852
623,time_exit_after_4_bars_if_mfe_lt_0_3r,-1.0313193509851852
623,partial_50pct_at_1r,-1.0313193509851852
624,baseline,-1.0306124729065078
624,breakeven_after_0_5r,-1.0306124729065078
624,breakeven_after_1_0r,-1.0306124729065078
624,exit_at_first_0_5r,-1.0306124729065078
624,exit_at_first_1_0r,-1.0306124729065078
624,trail_0_5r_after_1_0r,-1.0306124729065078
624,time_exit_after_4_bars_if_mfe_lt_0_3r,-1.0306124729065078
624,partial_50pct_at_1r,-1.0306124729065078
625,baseline,0.4903494241200703
625,breakeven_after_0_5r,0.0
625,breakeven_after_1_0r,0.4903494241200703
625,exit_at_first_0_5r,0.5
625,exit_at_first_1_0r,0.4903494241200703
625,trail_0_5r_after_1_0r,0.4903494241200703
625,time_exit_after_4_bars_if_mfe_lt_0_3r,0.4903494241200703
625,partial_50pct_at_1r,0.4903494241200703
626,baseline,-1.0282326149595478
626,breakeven_after_0_5r,-1.0282326149595478
626,breakeven_after_1_0r,-1.0282326149595478
626,exit_at_first_0_5r,-1.0282326149595478
626,exit_at_first_1_0r,-1.0282326149595478
626,trail_0_5r_after_1_0r,-1.0282326149595478
626,time_exit_after_4_bars_if_mfe_lt_0_3r,-1.0282326149595478
626,partial_50pct_at_1r,-1.0282326149595478
627,baseline,0.08180375156853971
627,breakeven_after_0_5r,0.0
627,breakeven_after_1_0r,0.08180375156853971
627,exit_at_first_0_5r,0.5
627,exit_at_first_1_0r,0.08180375156853971
627,trail_0_5r_after_1_0r,0.08180375156853971
627,time_exit_after_4_bars_if_mfe_lt_0_3r,0.08180375156853971
627,partial_50pct_at_1r,0.08180375156853971
628,baseline,0.9316265405990997
628,breakeven_after_0_5r,0.0
628,breakeven_after_1_0r,0.0
628,exit_at_first_0_5r,0.5
628,exit_at_first_1_0r,1.0
628,trail_0_5r_after_1_0r,1.1016325361266612
628,time_exit_after_4_bars_if_mfe_lt_0_3r,0.9316265405990997
628,partial_50pct_at_1r,0.9658132702995499
629,baseline,-0.08969839613648803
629,breakeven_after_0_5r,0.0
629,breakeven_after_1_0r,-0.08969839613648803
629,exit_at_first_0_5r,0.5
629,exit_at_first_1_0r,-0.08969839613648803
629,trail_0_5r_after_1_0r,-0.08969839613648803
629,time_exit_after_4_bars_if_mfe_lt_0_3r,-0.08969839613648803
629,partial_50pct_at_1r,-0.08969839613648803
630,baseline,2.4657185358135476
630,breakeven_after_0_5r,2.4657185358135476
630,breakeven_after_1_0r,2.4657185358135476
630,exit_at_first_0_5r,0.5
630,exit_at_first_1_0r,1.0
630,trail_0_5r_after_1_0r,0.6563274962611518
630,time_exit_after_4_bars_if_mfe_lt_0_3r,0.12500837797418435
630,partial_50pct_at_1r,1.7328592679067738
631,baseline,0.1751223949540242
631,breakeven_after_0_5r,0.1751223949540242
631,breakeven_after_1_0r,0.1751223949540242
631,exit_at_first_0_5r,0.1751223949540242
631,exit_at_first_1_0r,0.1751223949540242
631,trail_0_5r_after_1_0r,0.1751223949540242
631,time_exit_after_4_bars_if_mfe_lt_0_3r,0.1751223949540242
631,partial_50pct_at_1r,0.1751223949540242
632,baseline,-0.32031896041851876
632,breakeven_after_0_5r,-0.32031896041851876
632,breakeven_after_1_0r,-0.32031896041851876
632,exit_at_first_0_5r,-0.32031896041851876
632,exit_at_first_1_0r,-0.32031896041851876
632,trail_0_5r_after_1_0r,-0.32031896041851876
632,time_exit_after_4_bars_if_mfe_lt_0_3r,-0.2791255084242538
632,partial_50pct_at_1r,-0.32031896041851876
633,baseline,-1.0554635792437563
633,breakeven_after_0_5r,-1.0554635792437563
633,breakeven_after_1_0r,-1.0554635792437563
633,exit_at_first_0_5r,-1.0554635792437563
633,exit_at_first_1_0r,-1.0554635792437563
633,trail_0_5r_after_1_0r,-1.0554635792437563
633,time_exit_after_4_bars_if_mfe_lt_0_3r,-1.0554635792437563
633,partial_50pct_at_1r,-1.0554635792437563
634,baseline,-1.0539023942069308
634,breakeven_after_0_5r,-1.0539023942069308
634,breakeven_after_1_0r,-1.0539023942069308
634,exit_at_first_0_5r,-1.0539023942069308
634,exit_at_first_1_0r,-1.0539023942069308
634,trail_0_5r_after_1_0r,-1.0539023942069308
634,time_exit_after_4_bars_if_mfe_lt_0_3r,-1.0539023942069308
634,partial_50pct_at_1r,-1.0539023942069308
635,baseline,-1.048754434428389
635,breakeven_after_0_5r,-1.048754434428389
635,breakeven_after_1_0r,-1.048754434428389
635,exit_at_first_0_5r,-1.048754434428389
635,exit_at_first_1_0r,-1.048754434428389
635,trail_0_5r_after_1_0r,-1.048754434428389
635,time_exit_after_4_bars_if_mfe_lt_0_3r,-1.048754434428389
635,partial_50pct_at_1r,-1.048754434428389
636,baseline,0.2554677797501102
636,breakeven_after_0_5r,0.0
636,breakeven_after_1_0r,0.2554677797501102
636,exit_at_first_0_5r,0.5
636,exit_at_first_1_0r,0.2554677797501102
636,trail_0_5r_after_1_0r,0.2554677797501102
636,time_exit_after_4_bars_if_mfe_lt_0_3r,0.2554677797501102
636,partial_50pct_at_1r,0.2554677797501102
637,baseline,0.10369783143224157
637,breakeven_after_0_5r,0.10369783143224157
637,breakeven_after_1_0r,0.10369783143224157
637,exit_at_first_0_5r,0.10369783143224157
637,exit_at_first_1_0r,0.10369783143224157
637,trail_0_5r_after_1_0r,0.10369783143224157
637,time_exit_after_4_bars_if_mfe_lt_0_3r,0.10369783143224157
637,partial_50pct_at_1r,0.10369783143224157
638,baseline,0.12379454887863532
638,breakeven_after_0_5r,0.12379454887863532
638,breakeven_after_1_0r,0.12379454887863532
638,exit_at_first_0_5r,0.12379454887863532
638,exit_at_first_1_0r,0.12379454887863532
638,trail_0_5r_after_1_0r,0.12379454887863532
638,time_exit_after_4_bars_if_mfe_lt_0_3r,0.12379454887863532
638,partial_50pct_at_1r,0.12379454887863532
639,baseline,-1.0409024637469988
639,breakeven_after_0_5r,-1.0409024637469988
639,breakeven_after_1_0r,-1.0409024637469988
639,exit_at_first_0_5r,-1.0409024637469988
639,exit_at_first_1_0r,-1.0409024637469988
639,trail_0_5r_after_1_0r,-1.0409024637469988
639,time_exit_after_4_bars_if_mfe_lt_0_3r,-1.0409024637469988
639,partial_50pct_at_1r,-1.0409024637469988
640,baseline,0.15495362173608196
640,breakeven_after_0_5r,0.0
640,breakeven_after_1_0r,0.0
640,exit_at_first_0_5r,0.5
640,exit_at_first_1_0r,1.0
640,trail_0_5r_after_1_0r,0.8320950929138018
640,time_exit_after_4_bars_if_mfe_lt_0_3r,0.15495362173608196
640,partial_50pct_at_1r,0.577476810868041
641,baseline,0.4349266730763752
641,breakeven_after_0_5r,0.4349266730763752
641,breakeven_after_1_0r,0.4349266730763752
641,exit_at_first_0_5r,0.5
641,exit_at_first_1_0r,0.4349266730763752
641,trail_0_5r_after_1_0r,0.4349266730763752
641,time_exit_after_4_bars_if_mfe_lt_0_3r,0.4349266730763752
641,partial_50pct_at_1r,0.4349266730763752
642,baseline,0.4560497804230579
642,breakeven_after_0_5r,0.0
642,breakeven_after_1_0r,0.0
642,exit_at_first_0_5r,0.5
642,exit_at_first_1_0r,1.0
642,trail_0_5r_after_1_0r,0.5037297549619757
642,time_exit_after_4_bars_if_mfe_lt_0_3r,0.4560497804230579
642,partial_50pct_at_1r,0.7280248902115289
643,baseline,-1.0229645097828488
643,breakeven_after_0_5r,-1.0229645097828488
643,breakeven_after_1_0r,-1.0229645097828488
643,exit_at_first_0_5r,-1.0229645097828488
643,exit_at_first_1_0r,-1.0229645097828488
643,trail_0_5r_after_1_0r,-1.0229645097828488
643,time_exit_after_4_bars_if_mfe_lt_0_3r,-1.0229645097828488
643,partial_50pct_at_1r,-1.0229645097828488
644,baseline,-1.0243609404313467
644,breakeven_after_0_5r,-1.0243609404313467
644,breakeven_after_1_0r,-1.0243609404313467
644,exit_at_first_0_5r,-1.0243609404313467
644,exit_at_first_1_0r,-1.0243609404313467
644,trail_0_5r_after_1_0r,-1.0243609404313467
644,time_exit_after_4_bars_if_mfe_lt_0_3r,-1.0243609404313467
644,partial_50pct_at_1r,-1.0243609404313467
645,baseline,1.001003956209195
645,breakeven_after_0_5r,0.0
645,breakeven_after_1_0r,0.0
645,exit_at_first_0_5r,0.5
645,exit_at_first_1_0r,1.0
645,trail_0_5r_after_1_0r,1.2517977808448195
645,time_exit_after_4_bars_if_mfe_lt_0_3r,1.001003956209195
645,partial_50pct_at_1r,1.0005019781045976
646,baseline,-1.0312390270427298
646,breakeven_after_0_5r,-1.0312390270427298
646,breakeven_after_1_0r,-1.0312390270427298
646,exit_at_first_0_5r,-1.0312390270427298
646,exit_at_first_1_0r,-1.0312390270427298
646,trail_0_5r_after_1_0r,-1.0312390270427298
646,time_exit_after_4_bars_if_mfe_lt_0_3r,-1.0312390270427298
646,partial_50pct_at_1r,-1.0312390270427298
647,baseline,-1.031023626357989
647,breakeven_after_0_5r,-1.031023626357989
647,breakeven_after_1_0r,-1.031023626357989
647,exit_at_first_0_5r,-1.031023626357989
647,exit_at_first_1_0r,-1.031023626357989
647,trail_0_5r_after_1_0r,-1.031023626357989
647,time_exit_after_4_bars_if_mfe_lt_0_3r,-1.031023626357989
647,partial_50pct_at_1r,-1.031023626357989
648,baseline,0.6054798814379864
648,breakeven_after_0_5r,0.0
648,breakeven_after_1_0r,0.6054798814379864
648,exit_at_first_0_5r,0.5
648,exit_at_first_1_0r,1.0
648,trail_0_5r_after_1_0r,0.5987605660020117
648,time_exit_after_4_bars_if_mfe_lt_0_3r,0.6054798814379864
648,partial_50pct_at_1r,0.8027399407189932
649,baseline,0.37449623538618837
649,breakeven_after_0_5r,0.37449623538618837
649,breakeven_after_1_0r,0.37449623538618837
649,exit_at_first_0_5r,0.5
649,exit_at_first_1_0r,0.37449623538618837
649,trail_0_5r_after_1_0r,0.37449623538618837
649,time_exit_after_4_bars_if_mfe_lt_0_3r,0.09970902894963603
649,partial_50pct_at_1r,0.37449623538618837
650,baseline,0.1111904747181822
650,breakeven_after_0_5r,0.0
650,breakeven_after_1_0r,0.1111904747181822
650,exit_at_first_0_5r,0.5
650,exit_at_first_1_0r,1.0
650,trail_0_5r_after_1_0r,0.5314292768592901
650,time_exit_after_4_bars_if_mfe_lt_0_3r,0.1111904747181822
650,partial_50pct_at_1r,0.5555952373590911
651,baseline,-1.0364513890588647
651,breakeven_after_0_5r,-1.0364513890588647
651,breakeven_after_1_0r,-1.0364513890588647
651,exit_at_first_0_5r,-1.0364513890588647
651,exit_at_first_1_0r,-1.0364513890588647
651,trail_0_5r_after_1_0r,-1.0364513890588647
651,time_exit_after_4_bars_if_mfe_lt_0_3r,-1.0364513890588647
651,partial_50pct_at_1r,-1.0364513890588647
652,baseline,-1.0337790840206649
652,breakeven_after_0_5r,-1.0337790840206649
652,breakeven_after_1_0r,-1.0337790840206649
652,exit_at_first_0_5r,-1.0337790840206649
652,exit_at_first_1_0r,-1.0337790840206649
652,trail_0_5r_after_1_0r,-1.0337790840206649
652,time_exit_after_4_bars_if_mfe_lt_0_3r,-1.0337790840206649
652,partial_50pct_at_1r,-1.0337790840206649
653,baseline,-1.028926224741977
653,breakeven_after_0_5r,-1.028926224741977
653,breakeven_after_1_0r,-1.028926224741977
653,exit_at_first_0_5r,-1.028926224741977
653,exit_at_first_1_0r,-1.028926224741977
653,trail_0_5r_after_1_0r,-1.028926224741977
653,time_exit_after_4_bars_if_mfe_lt_0_3r,-1.028926224741977
653,partial_50pct_at_1r,-1.028926224741977
654,baseline,0.7629663897232354
654,breakeven_after_0_5r,0.0
654,breakeven_after_1_0r,0.0
654,exit_at_first_0_5r,0.5
654,exit_at_first_1_0r,1.0
654,trail_0_5r_after_1_0r,0.8743696163673147
654,time_exit_after_4_bars_if_mfe_lt_0_3r,0.7629663897232354
654,partial_50pct_at_1r,0.8814831948616177
655,baseline,-1.027284914910122
655,breakeven_after_0_5r,-1.027284914910122
655,breakeven_after_1_0r,-1.027284914910122
655,exit_at_first_0_5r,-1.027284914910122
655,exit_at_first_1_0r,-1.027284914910122
655,trail_0_5r_after_1_0r,-1.027284914910122
655,time_exit_after_4_bars_if_mfe_lt_0_3r,-0.24780438583908465
655,partial_50pct_at_1r,-1.027284914910122
656,baseline,0.19603517856637442
656,breakeven_after_0_5r,0.0
656,breakeven_after_1_0r,0.19603517856637442
656,exit_at_first_0_5r,0.5
656,exit_at_first_1_0r,0.19603517856637442
656,trail_0_5r_after_1_0r,0.19603517856637442
656,time_exit_after_4_bars_if_mfe_lt_0_3r,0.025873311088289552
656,partial_50pct_at_1r,0.19603517856637442
657,baseline,0.4444869921782954
657,breakeven_after_0_5r,0.0
657,breakeven_after_1_0r,0.4444869921782954
657,exit_at_first_0_5r,0.5
657,exit_at_first_1_0r,0.4444869921782954
657,trail_0_5r_after_1_0r,0.4444869921782954
657,time_exit_after_4_bars_if_mfe_lt_0_3r,0.4444869921782954
657,partial_50pct_at_1r,0.4444869921782954
658,baseline,0.1661883942952164
658,breakeven_after_0_5r,0.1661883942952164
658,breakeven_after_1_0r,0.1661883942952164
658,exit_at_first_0_5r,0.1661883942952164
658,exit_at_first_1_0r,0.1661883942952164
658,trail_0_5r_after_1_0r,0.1661883942952164
658,time_exit_after_4_bars_if_mfe_lt_0_3r,0.1661883942952164
658,partial_50pct_at_1r,0.1661883942952164
659,baseline,0.1812583666021763
659,breakeven_after_0_5r,0.1812583666021763
659,breakeven_after_1_0r,0.1812583666021763
659,exit_at_first_0_5r,0.1812583666021763
659,exit_at_first_1_0r,0.1812583666021763
659,trail_0_5r_after_1_0r,0.1812583666021763
659,time_exit_after_4_bars_if_mfe_lt_0_3r,0.1812583666021763
659,partial_50pct_at_1r,0.1812583666021763
660,baseline,-1.0291196029235463
660,breakeven_after_0_5r,-1.0291196029235463
660,breakeven_after_1_0r,-1.0291196029235463
660,exit_at_first_0_5r,-1.0291196029235463
660,exit_at_first_1_0r,-1.0291196029235463
660,trail_0_5r_after_1_0r,-1.0291196029235463
660,time_exit_after_4_bars_if_mfe_lt_0_3r,-1.0291196029235463
660,partial_50pct_at_1r,-1.0291196029235463
661,baseline,0.3747426521048563
661,breakeven_after_0_5r,0.3747426521048563
661,breakeven_after_1_0r,0.3747426521048563
661,exit_at_first_0_5r,0.5
661,exit_at_first_1_0r,0.3747426521048563
661,trail_0_5r_after_1_0r,0.3747426521048563
661,time_exit_after_4_bars_if_mfe_lt_0_3r,-0.08905854433493203
661,partial_50pct_at_1r,0.3747426521048563
662,baseline,-1.036572332287757
662,breakeven_after_0_5r,-1.036572332287757
662,breakeven_after_1_0r,-1.036572332287757
662,exit_at_first_0_5r,-1.036572332287757
662,exit_at_first_1_0r,-1.036572332287757
662,trail_0_5r_after_1_0r,-1.036572332287757
662,time_exit_after_4_bars_if_mfe_lt_0_3r,-1.036572332287757
662,partial_50pct_at_1r,-1.036572332287757
663,baseline,0.09672940609796248
663,breakeven_after_0_5r,0.0
663,breakeven_after_1_0r,0.09672940609796248
663,exit_at_first_0_5r,0.5
663,exit_at_first_1_0r,0.09672940609796248
663,trail_0_5r_after_1_0r,0.09672940609796248
663,time_exit_after_4_bars_if_mfe_lt_0_3r,0.09672940609796248
663,partial_50pct_at_1r,0.09672940609796248
664,baseline,1.807387416356059
664,breakeven_after_0_5r,0.0
664,breakeven_after_1_0r,0.0
664,exit_at_first_0_5r,0.5
664,exit_at_first_1_0r,1.0
664,trail_0_5r_after_1_0r,1.8626382740507514
664,time_exit_after_4_bars_if_mfe_lt_0_3r,1.807387416356059
664,partial_50pct_at_1r,1.4036937081780296
665,baseline,0.9501395241547078
665,breakeven_after_0_5r,0.9501395241547078
665,breakeven_after_1_0r,0.9501395241547078
665,exit_at_first_0_5r,0.5
665,exit_at_first_1_0r,1.0
665,trail_0_5r_after_1_0r,0.6793202004796002
665,time_exit_after_4_bars_if_mfe_lt_0_3r,0.9501395241547078
665,partial_50pct_at_1r,0.9750697620773539
666,baseline,-1.0319272046460197
666,breakeven_after_0_5r,-1.0319272046460197
666,breakeven_after_1_0r,-1.0319272046460197
666,exit_at_first_0_5r,-1.0319272046460197
666,exit_at_first_1_0r,-1.0319272046460197
666,trail_0_5r_after_1_0r,-1.0319272046460197
666,time_exit_after_4_bars_if_mfe_lt_0_3r,-0.30574892200809695
666,partial_50pct_at_1r,-1.0319272046460197
667,baseline,-0.5631789223029035
667,breakeven_after_0_5r,-0.5631789223029035
667,breakeven_after_1_0r,-0.5631789223029035
667,exit_at_first_0_5r,-0.5631789223029035
667,exit_at_first_1_0r,-0.5631789223029035
667,trail_0_5r_after_1_0r,-0.5631789223029035
667,time_exit_after_4_bars_if_mfe_lt_0_3r,-0.5631789223029035
667,partial_50pct_at_1r,-0.5631789223029035
668,baseline,0.5039729052219304
668,breakeven_after_0_5r,0.0
668,breakeven_after_1_0r,0.0
668,exit_at_first_0_5r,0.5
668,exit_at_first_1_0r,1.0
668,trail_0_5r_after_1_0r,0.5560936714975886
668,time_exit_after_4_bars_if_mfe_lt_0_3r,0.5039729052219304
668,partial_50pct_at_1r,0.7519864526109652
669,baseline,-1.028331761690272
669,breakeven_after_0_5r,-1.028331761690272
669,breakeven_after_1_0r,-1.028331761690272
669,exit_at_first_0_5r,-1.028331761690272
669,exit_at_first_1_0r,-1.028331761690272
669,trail_0_5r_after_1_0r,-1.028331761690272
669,time_exit_after_4_bars_if_mfe_lt_0_3r,-1.028331761690272
669,partial_50pct_at_1r,-1.028331761690272
670,baseline,-1.0275450067416836
670,breakeven_after_0_5r,-1.0275450067416836
670,breakeven_after_1_0r,-1.0275450067416836
670,exit_at_first_0_5r,-1.0275450067416836
670,exit_at_first_1_0r,-1.0275450067416836
670,trail_0_5r_after_1_0r,-1.0275450067416836
670,time_exit_after_4_bars_if_mfe_lt_0_3r,-1.0275450067416836
670,partial_50pct_at_1r,-1.0275450067416836
671,baseline,-1.0299420645987891
671,breakeven_after_0_5r,-1.0299420645987891
671,breakeven_after_1_0r,-1.0299420645987891
671,exit_at_first_0_5r,-1.0299420645987891
671,exit_at_first_1_0r,-1.0299420645987891
671,trail_0_5r_after_1_0r,-1.0299420645987891
671,time_exit_after_4_bars_if_mfe_lt_0_3r,-1.0299420645987891
671,partial_50pct_at_1r,-1.0299420645987891
672,baseline,0.17470780307237996
672,breakeven_after_0_5r,0.17470780307237996
672,breakeven_after_1_0r,0.17470780307237996
672,exit_at_first_0_5r,0.5
672,exit_at_first_1_0r,0.17470780307237996
672,trail_0_5r_after_1_0r,0.17470780307237996
672,time_exit_after_4_bars_if_mfe_lt_0_3r,0.17470780307237996
672,partial_50pct_at_1r,0.17470780307237996
673,baseline,0.46842263317741367
673,breakeven_after_0_5r,0.46842263317741367
673,breakeven_after_1_0r,0.46842263317741367
673,exit_at_first_0_5r,0.5
673,exit_at_first_1_0r,0.46842263317741367
673,trail_0_5r_after_1_0r,0.46842263317741367
673,time_exit_after_4_bars_if_mfe_lt_0_3r,0.46842263317741367
673,partial_50pct_at_1r,0.46842263317741367
674,baseline,0.048942909501259485
674,breakeven_after_0_5r,0.048942909501259485
674,breakeven_after_1_0r,0.048942909501259485
674,exit_at_first_0_5r,0.048942909501259485
674,exit_at_first_1_0r,0.048942909501259485
674,trail_0_5r_after_1_0r,0.048942909501259485
674,time_exit_after_4_bars_if_mfe_lt_0_3r,0.048942909501259485
674,partial_50pct_at_1r,0.048942909501259485
675,baseline,-1.0276232515843937
675,breakeven_after_0_5r,-1.0276232515843937
675,breakeven_after_1_0r,-1.0276232515843937
675,exit_at_first_0_5r,-1.0276232515843937
675,exit_at_first_1_0r,-1.0276232515843937
675,trail_0_5r_after_1_0r,-1.0276232515843937
675,time_exit_after_4_bars_if_mfe_lt_0_3r,-0.5712077872055636
675,partial_50pct_at_1r,-1.0276232515843937
676,baseline,2.464123791520136
676,breakeven_after_0_5r,0.0
676,breakeven_after_1_0r,0.0
676,exit_at_first_0_5r,0.5
676,exit_at_first_1_0r,1.0
676,trail_0_5r_after_1_0r,3.826864178952512
676,time_exit_after_4_bars_if_mfe_lt_0_3r,2.464123791520136
676,partial_50pct_at_1r,1.732061895760068
677,baseline,-1.0320247856280316
677,breakeven_after_0_5r,0.0
677,breakeven_after_1_0r,0.0
677,exit_at_first_0_5r,0.5
677,exit_at_first_1_0r,1.0
677,trail_0_5r_after_1_0r,1.08724002158388
677,time_exit_after_4_bars_if_mfe_lt_0_3r,-1.0320247856280316
677,partial_50pct_at_1r,-0.016012392814015786
678,baseline,0.11084633443014354
678,breakeven_after_0_5r,0.11084633443014354
678,breakeven_after_1_0r,0.11084633443014354
678,exit_at_first_0_5r,0.11084633443014354
678,exit_at_first_1_0r,0.11084633443014354
678,trail_0_5r_after_1_0r,0.11084633443014354
678,time_exit_after_4_bars_if_mfe_lt_0_3r,0.11084633443014354
678,partial_50pct_at_1r,0.11084633443014354
679,baseline,0.8269503097105775
679,breakeven_after_0_5r,0.8269503097105775
679,breakeven_after_1_0r,0.8269503097105775
679,exit_at_first_0_5r,0.5
679,exit_at_first_1_0r,1.0
679,trail_0_5r_after_1_0r,0.5542739246381891
679,time_exit_after_4_bars_if_mfe_lt_0_3r,0.8269503097105775
679,partial_50pct_at_1r,0.9134751548552887
680,baseline,-1.0256186155165292
680,breakeven_after_0_5r,-1.0256186155165292
680,breakeven_after_1_0r,-1.0256186155165292
680,exit_at_first_0_5r,-1.0256186155165292
680,exit_at_first_1_0r,-1.0256186155165292
680,trail_0_5r_after_1_0r,-1.0256186155165292
680,time_exit_after_4_bars_if_mfe_lt_0_3r,-0.91880588957283
680,partial_50pct_at_1r,-1.0256186155165292
681,baseline,-1.0278407345913163
681,breakeven_after_0_5r,-1.0278407345913163
681,breakeven_after_1_0r,-1.0278407345913163
681,exit_at_first_0_5r,-1.0278407345913163
681,exit_at_first_1_0r,-1.0278407345913163
681,trail_0_5r_after_1_0r,-1.0278407345913163
681,time_exit_after_4_bars_if_mfe_lt_0_3r,-1.0278407345913163
681,partial_50pct_at_1r,-1.0278407345913163
682,baseline,-0.07165459630150303
682,breakeven_after_0_5r,0.0
682,breakeven_after_1_0r,-0.07165459630150303
682,exit_at_first_0_5r,0.5
682,exit_at_first_1_0r,-0.07165459630150303
682,trail_0_5r_after_1_0r,-0.07165459630150303
682,time_exit_after_4_bars_if_mfe_lt_0_3r,-0.07165459630150303
682,partial_50pct_at_1r,-0.07165459630150303
683,baseline,-1.0280226255945148
683,breakeven_after_0_5r,-1.0280226255945148
683,breakeven_after_1_0r,-1.0280226255945148
683,exit_at_first_0_5r,-1.0280226255945148
683,exit_at_first_1_0r,-1.0280226255945148
683,trail_0_5r_after_1_0r,-1.0280226255945148
683,time_exit_after_4_bars_if_mfe_lt_0_3r,-1.0280226255945148
683,partial_50pct_at_1r,-1.0280226255945148
684,baseline,-1.027416275012036
684,breakeven_after_0_5r,-1.027416275012036
684,breakeven_after_1_0r,-1.027416275012036
684,exit_at_first_0_5r,-1.027416275012036
684,exit_at_first_1_0r,-1.027416275012036
684,trail_0_5r_after_1_0r,-1.027416275012036
684,time_exit_after_4_bars_if_mfe_lt_0_3r,-1.027416275012036
684,partial_50pct_at_1r,-1.027416275012036
685,baseline,0.5236368291646288
685,breakeven_after_0_5r,0.5236368291646288
685,breakeven_after_1_0r,0.5236368291646288
685,exit_at_first_0_5r,0.5
685,exit_at_first_1_0r,0.5236368291646288
685,trail_0_5r_after_1_0r,0.5236368291646288
685,time_exit_after_4_bars_if_mfe_lt_0_3r,0.5236368291646288
685,partial_50pct_at_1r,0.5236368291646288
686,baseline,0.5946791886204192
686,breakeven_after_0_5r,0.0
686,breakeven_after_1_0r,0.5946791886204192
686,exit_at_first_0_5r,0.5
686,exit_at_first_1_0r,1.0
686,trail_0_5r_after_1_0r,0.9095719162934954
686,time_exit_after_4_bars_if_mfe_lt_0_3r,0.5946791886204192
686,partial_50pct_at_1r,0.7973395943102096
687,baseline,-1.0249421639138185
687,breakeven_after_0_5r,-1.0249421639138185
687,breakeven_after_1_0r,-1.0249421639138185
687,exit_at_first_0_5r,-1.0249421639138185
687,exit_at_first_1_0r,-1.0249421639138185
687,trail_0_5r_after_1_0r,-1.0249421639138185
687,time_exit_after_4_bars_if_mfe_lt_0_3r,-1.0249421639138185
687,partial_50pct_at_1r,-1.0249421639138185
688,baseline,0.3320322114441235
688,breakeven_after_0_5r,0.3320322114441235
688,breakeven_after_1_0r,0.3320322114441235
688,exit_at_first_0_5r,0.5
688,exit_at_first_1_0r,0.3320322114441235
688,trail_0_5r_after_1_0r,0.3320322114441235
688,time_exit_after_4_bars_if_mfe_lt_0_3r,-0.3530268336220872
688,partial_50pct_at_1r,0.3320322114441235
689,baseline,-1.0267333207767724
689,breakeven_after_0_5r,-1.0267333207767724
689,breakeven_after_1_0r,-1.0267333207767724
689,exit_at_first_0_5r,-1.0267333207767724
689,exit_at_first_1_0r,-1.0267333207767724
689,trail_0_5r_after_1_0r,-1.0267333207767724
689,time_exit_after_4_bars_if_mfe_lt_0_3r,-0.30154140492663184
689,partial_50pct_at_1r,-1.0267333207767724
690,baseline,0.9590169103275176
690,breakeven_after_0_5r,0.9590169103275176
690,breakeven_after_1_0r,0.9590169103275176
690,exit_at_first_0_5r,0.5
690,exit_at_first_1_0r,1.0
690,trail_0_5r_after_1_0r,0.9590066991280937
690,time_exit_after_4_bars_if_mfe_lt_0_3r,0.9590169103275176
690,partial_50pct_at_1r,0.9795084551637587
691,baseline,0.4646524359031264
691,breakeven_after_0_5r,0.4646524359031264
691,breakeven_after_1_0r,0.4646524359031264
691,exit_at_first_0_5r,0.5
691,exit_at_first_1_0r,0.4646524359031264
691,trail_0_5r_after_1_0r,0.4646524359031264
691,time_exit_after_4_bars_if_mfe_lt_0_3r,0.4646524359031264
691,partial_50pct_at_1r,0.4646524359031264
692,baseline,0.09090014047243095
692,breakeven_after_0_5r,0.09090014047243095
692,breakeven_after_1_0r,0.09090014047243095
692,exit_at_first_0_5r,0.09090014047243095
692,exit_at_first_1_0r,0.09090014047243095
692,trail_0_5r_after_1_0r,0.09090014047243095
692,time_exit_after_4_bars_if_mfe_lt_0_3r,-0.6460247223868459
692,partial_50pct_at_1r,0.09090014047243095
693,baseline,-1.0139718279480066
693,breakeven_after_0_5r,-1.0139718279480066
693,breakeven_after_1_0r,-1.0139718279480066
693,exit_at_first_0_5r,-1.0139718279480066
693,exit_at_first_1_0r,-1.0139718279480066
693,trail_0_5r_after_1_0r,-1.0139718279480066
693,time_exit_after_4_bars_if_mfe_lt_0_3r,-1.0139718279480066
693,partial_50pct_at_1r,-1.0139718279480066
694,baseline,0.24174656803261144
694,breakeven_after_0_5r,0.0
694,breakeven_after_1_0r,0.24174656803261144
694,exit_at_first_0_5r,0.5
694,exit_at_first_1_0r,0.24174656803261144
694,trail_0_5r_after_1_0r,0.24174656803261144
694,time_exit_after_4_bars_if_mfe_lt_0_3r,0.24174656803261144
694,partial_50pct_at_1r,0.24174656803261144
695,baseline,0.533135939771126
695,breakeven_after_0_5r,0.533135939771126
695,breakeven_after_1_0r,0.533135939771126
695,exit_at_first_0_5r,0.5
695,exit_at_first_1_0r,0.533135939771126
695,trail_0_5r_after_1_0r,0.533135939771126
695,time_exit_after_4_bars_if_mfe_lt_0_3r,0.533135939771126
695,partial_50pct_at_1r,0.533135939771126
696,baseline,-1.0250254381349562
696,breakeven_after_0_5r,-1.0250254381349562
696,breakeven_after_1_0r,-1.0250254381349562
696,exit_at_first_0_5r,-1.0250254381349562
696,exit_at_first_1_0r,-1.0250254381349562
696,trail_0_5r_after_1_0r,-1.0250254381349562
696,time_exit_after_4_bars_if_mfe_lt_0_3r,-0.705035599283808
696,partial_50pct_at_1r,-1.0250254381349562
697,baseline,1.0585720863496098
697,breakeven_after_0_5r,0.0
697,breakeven_after_1_0r,0.0
697,exit_at_first_0_5r,0.5
697,exit_at_first_1_0r,1.0
697,trail_0_5r_after_1_0r,0.875870619826018
697,time_exit_after_4_bars_if_mfe_lt_0_3r,1.0585720863496098
697,partial_50pct_at_1r,1.029286043174805
698,baseline,-1.0231974939818382
698,breakeven_after_0_5r,-1.0231974939818382
698,breakeven_after_1_0r,-1.0231974939818382
698,exit_at_first_0_5r,-1.0231974939818382
698,exit_at_first_1_0r,-1.0231974939818382
698,trail_0_5r_after_1_0r,-1.0231974939818382
698,time_exit_after_4_bars_if_mfe_lt_0_3r,-1.0231974939818382
698,partial_50pct_at_1r,-1.0231974939818382
699,baseline,0.1331817764651737
699,breakeven_after_0_5r,0.1331817764651737
699,breakeven_after_1_0r,0.1331817764651737
699,exit_at_first_0_5r,0.5
699,exit_at_first_1_0r,0.1331817764651737
699,trail_0_5r_after_1_0r,0.1331817764651737
699,time_exit_after_4_bars_if_mfe_lt_0_3r,0.1331817764651737
699,partial_50pct_at_1r,0.1331817764651737
700,baseline,0.44903470739219925
700,breakeven_after_0_5r,0.0
700,breakeven_after_1_0r,0.0
700,exit_at_first_0_5r,0.5
700,exit_at_first_1_0r,1.0
700,trail_0_5r_after_1_0r,0.6382270154783412
700,time_exit_after_4_bars_if_mfe_lt_0_3r,0.44903470739219925
700,partial_50pct_at_1r,0.7245173536960996
701,baseline,-1.0215205957226852
701,breakeven_after_0_5r,-1.0215205957226852
701,breakeven_after_1_0r,-1.0215205957226852
701,exit_at_first_0_5r,-1.0215205957226852
701,exit_at_first_1_0r,-1.0215205957226852
701,trail_0_5r_after_1_0r,-1.0215205957226852
701,time_exit_after_4_bars_if_mfe_lt_0_3r,-1.0215205957226852
701,partial_50pct_at_1r,-1.0215205957226852
702,baseline,0.012083560261799296
702,breakeven_after_0_5r,0.012083560261799296
702,breakeven_after_1_0r,0.012083560261799296
702,exit_at_first_0_5r,0.012083560261799296
702,exit_at_first_1_0r,0.012083560261799296
702,trail_0_5r_after_1_0r,0.012083560261799296
702,time_exit_after_4_bars_if_mfe_lt_0_3r,0.012083560261799296
702,partial_50pct_at_1r,0.012083560261799296
703,baseline,0.21369856203650806
703,breakeven_after_0_5r,0.21369856203650806
703,breakeven_after_1_0r,0.21369856203650806
703,exit_at_first_0_5r,0.5
703,exit_at_first_1_0r,0.21369856203650806
703,trail_0_5r_after_1_0r,0.21369856203650806
703,time_exit_after_4_bars_if_mfe_lt_0_3r,0.21369856203650806
703,partial_50pct_at_1r,0.21369856203650806
704,baseline,-1.022535309851589
704,breakeven_after_0_5r,-1.022535309851589
704,breakeven_after_1_0r,-1.022535309851589
704,exit_at_first_0_5r,-1.022535309851589
704,exit_at_first_1_0r,-1.022535309851589
704,trail_0_5r_after_1_0r,-1.022535309851589
704,time_exit_after_4_bars_if_mfe_lt_0_3r,-0.7553602235878046
704,partial_50pct_at_1r,-1.022535309851589
705,baseline,-0.08993542939755426
705,breakeven_after_0_5r,-0.08993542939755426
705,breakeven_after_1_0r,-0.08993542939755426
705,exit_at_first_0_5r,-0.08993542939755426
705,exit_at_first_1_0r,-0.08993542939755426
705,trail_0_5r_after_1_0r,-0.08993542939755426
705,time_exit_after_4_bars_if_mfe_lt_0_3r,-0.08993542939755426
705,partial_50pct_at_1r,-0.08993542939755426
706,baseline,0.8099956063988117
706,breakeven_after_0_5r,0.0
706,breakeven_after_1_0r,0.8099956063988117
706,exit_at_first_0_5r,0.5
706,exit_at_first_1_0r,1.0
706,trail_0_5r_after_1_0r,0.5335160517588042
706,time_exit_after_4_bars_if_mfe_lt_0_3r,0.8099956063988117
706,partial_50pct_at_1r,0.9049978031994059
707,baseline,0.2617920043256697
707,breakeven_after_0_5r,0.2617920043256697
707,breakeven_after_1_0r,0.2617920043256697
707,exit_at_first_0_5r,0.2617920043256697
707,exit_at_first_1_0r,0.2617920043256697
707,trail_0_5r_after_1_0r,0.2617920043256697
707,time_exit_after_4_bars_if_mfe_lt_0_3r,0.2617920043256697
707,partial_50pct_at_1r,0.2617920043256697
708,baseline,0.15073637918613364
708,breakeven_after_0_5r,0.15073637918613364
708,breakeven_after_1_0r,0.15073637918613364
708,exit_at_first_0_5r,0.5
708,exit_at_first_1_0r,0.15073637918613364
708,trail_0_5r_after_1_0r,0.15073637918613364
708,time_exit_after_4_bars_if_mfe_lt_0_3r,-0.583941192935047
708,partial_50pct_at_1r,0.15073637918613364
709,baseline,0.5131767702127108
709,breakeven_after_0_5r,0.5131767702127108
709,breakeven_after_1_0r,0.5131767702127108
709,exit_at_first_0_5r,0.5
709,exit_at_first_1_0r,1.0
709,trail_0_5r_after_1_0r,0.5239215457284145
709,time_exit_after_4_bars_if_mfe_lt_0_3r,-0.3488707759684132
709,partial_50pct_at_1r,0.7565883851063554
710,baseline,-0.05073101131009207
710,breakeven_after_0_5r,-0.05073101131009207
710,breakeven_after_1_0r,-0.05073101131009207
710,exit_at_first_0_5r,-0.05073101131009207
710,exit_at_first_1_0r,-0.05073101131009207
710,trail_0_5r_after_1_0r,-0.05073101131009207
710,time_exit_after_4_bars_if_mfe_lt_0_3r,-0.05073101131009207
710,partial_50pct_at_1r,-0.05073101131009207
711,baseline,-0.06201120690376513
711,breakeven_after_0_5r,-0.06201120690376513
711,breakeven_after_1_0r,-0.06201120690376513
711,exit_at_first_0_5r,-0.06201120690376513
711,exit_at_first_1_0r,-0.06201120690376513
711,trail_0_5r_after_1_0r,-0.06201120690376513
711,time_exit_after_4_bars_if_mfe_lt_0_3r,-0.35868712473909864
711,partial_50pct_at_1r,-0.06201120690376513
712,baseline,0.19651825113250368
712,breakeven_after_0_5r,0.19651825113250368
712,breakeven_after_1_0r,0.19651825113250368
712,exit_at_first_0_5r,0.19651825113250368
712,exit_at_first_1_0r,0.19651825113250368
712,trail_0_5r_after_1_0r,0.19651825113250368
712,time_exit_after_4_bars_if_mfe_lt_0_3r,0.19651825113250368
712,partial_50pct_at_1r,0.19651825113250368
713,baseline,-1.0172897670931884
713,breakeven_after_0_5r,-1.0172897670931884
713,breakeven_after_1_0r,-1.0172897670931884
713,exit_at_first_0_5r,-1.0172897670931884
713,exit_at_first_1_0r,-1.0172897670931884
713,trail_0_5r_after_1_0r,-1.0172897670931884
713,time_exit_after_4_bars_if_mfe_lt_0_3r,-1.0172897670931884
713,partial_50pct_at_1r,-1.0172897670931884
714,baseline,-0.245733128952199
714,breakeven_after_0_5r,-0.245733128952199
714,breakeven_after_1_0r,-0.245733128952199
714,exit_at_first_0_5r,-0.245733128952199
714,exit_at_first_1_0r,-0.245733128952199
714,trail_0_5r_after_1_0r,-0.245733128952199
714,time_exit_after_4_bars_if_mfe_lt_0_3r,-0.245733128952199
714,partial_50pct_at_1r,-0.245733128952199
715,baseline,0.25545168007429614
715,breakeven_after_0_5r,0.25545168007429614
715,breakeven_after_1_0r,0.25545168007429614
715,exit_at_first_0_5r,0.25545168007429614
715,exit_at_first_1_0r,0.25545168007429614
715,trail_0_5r_after_1_0r,0.25545168007429614
715,time_exit_after_4_bars_if_mfe_lt_0_3r,0.25545168007429614
715,partial_50pct_at_1r,0.25545168007429614
716,baseline,1.0279723196962058
716,breakeven_after_0_5r,1.0279723196962058
716,breakeven_after_1_0r,1.0279723196962058
716,exit_at_first_0_5r,0.5
716,exit_at_first_1_0r,1.0
716,trail_0_5r_after_1_0r,1.1679793400523237
716,time_exit_after_4_bars_if_mfe_lt_0_3r,1.0279723196962058
716,partial_50pct_at_1r,1.0139861598481028
717,baseline,0.36820262814025945
717,breakeven_after_0_5r,0.0
717,breakeven_after_1_0r,0.0
717,exit_at_first_0_5r,0.5
717,exit_at_first_1_0r,1.0
717,trail_0_5r_after_1_0r,0.5961105263445188
717,time_exit_after_4_bars_if_mfe_lt_0_3r,-0.5457811749433309
717,partial_50pct_at_1r,0.6841013140701298
718,baseline,-1.017514698373392
718,breakeven_after_0_5r,-1.017514698373392
718,breakeven_after_1_0r,-1.017514698373392
718,exit_at_first_0_5r,-1.017514698373392
718,exit_at_first_1_0r,-1.017514698373392
718,trail_0_5r_after_1_0r,-1.017514698373392
718,time_exit_after_4_bars_if_mfe_lt_0_3r,-1.0451755808852963
718,partial_50pct_at_1r,-1.017514698373392
719,baseline,0.03524767666068912
719,breakeven_after_0_5r,0.03524767666068912
719,breakeven_after_1_0r,0.03524767666068912
719,exit_at_first_0_5r,0.03524767666068912
719,exit_at_first_1_0r,0.03524767666068912
719,trail_0_5r_after_1_0r,0.03524767666068912
719,time_exit_after_4_bars_if_mfe_lt_0_3r,0.03524767666068912
719,partial_50pct_at_1r,0.03524767666068912
720,baseline,0.3127258096550697
720,breakeven_after_0_5r,0.3127258096550697
720,breakeven_after_1_0r,0.3127258096550697
720,exit_at_first_0_5r,0.5
720,exit_at_first_1_0r,0.3127258096550697
720,trail_0_5r_after_1_0r,0.3127258096550697
720,time_exit_after_4_bars_if_mfe_lt_0_3r,0.3127258096550697
720,partial_50pct_at_1r,0.3127258096550697
721,baseline,0.2804337456361303
721,breakeven_after_0_5r,0.2804337456361303
721,breakeven_after_1_0r,0.2804337456361303
721,exit_at_first_0_5r,0.2804337456361303
721,exit_at_first_1_0r,0.2804337456361303
721,trail_0_5r_after_1_0r,0.2804337456361303
721,time_exit_after_4_bars_if_mfe_lt_0_3r,0.2804337456361303
721,partial_50pct_at_1r,0.2804337456361303
722,baseline,0.03184309521696506
722,breakeven_after_0_5r,0.03184309521696506
722,breakeven_after_1_0r,0.03184309521696506
722,exit_at_first_0_5r,0.03184309521696506
722,exit_at_first_1_0r,0.03184309521696506
722,trail_0_5r_after_1_0r,0.03184309521696506
722,time_exit_after_4_bars_if_mfe_lt_0_3r,0.03184309521696506
722,partial_50pct_at_1r,0.03184309521696506
723,baseline,-1.0218186282414754
723,breakeven_after_0_5r,-1.0218186282414754
723,breakeven_after_1_0r,-1.0218186282414754
723,exit_at_first_0_5r,-1.0218186282414754
723,exit_at_first_1_0r,-1.0218186282414754
723,trail_0_5r_after_1_0r,-1.0218186282414754
723,time_exit_after_4_bars_if_mfe_lt_0_3r,-1.0218186282414754
723,partial_50pct_at_1r,-1.0218186282414754
724,baseline,0.6907649575556872
724,breakeven_after_0_5r,0.0
724,breakeven_after_1_0r,0.6907649575556872
724,exit_at_first_0_5r,0.5
724,exit_at_first_1_0r,0.6907649575556872
724,trail_0_5r_after_1_0r,0.6907649575556872
724,time_exit_after_4_bars_if_mfe_lt_0_3r,0.6907649575556872
724,partial_50pct_at_1r,0.6907649575556872
725,baseline,0.5602108404191668
725,breakeven_after_0_5r,0.5602108404191668
725,breakeven_after_1_0r,0.5602108404191668
725,exit_at_first_0_5r,0.5
725,exit_at_first_1_0r,0.5602108404191668
725,trail_0_5r_after_1_0r,0.5602108404191668
725,time_exit_after_4_bars_if_mfe_lt_0_3r,0.5602108404191668
725,partial_50pct_at_1r,0.5602108404191668
726,baseline,1.0316956173428018
726,breakeven_after_0_5r,0.0
726,breakeven_after_1_0r,1.0316956173428018
726,exit_at_first_0_5r,0.5
726,exit_at_first_1_0r,1.0
726,trail_0_5r_after_1_0r,0.7562060597440061
726,time_exit_after_4_bars_if_mfe_lt_0_3r,1.0316956173428018
726,partial_50pct_at_1r,1.015847808671401
727,baseline,-1.0259802762289973
727,breakeven_after_0_5r,-1.0259802762289973
727,breakeven_after_1_0r,-1.0259802762289973
727,exit_at_first_0_5r,-1.0259802762289973
727,exit_at_first_1_0r,-1.0259802762289973
727,trail_0_5r_after_1_0r,-1.0259802762289973
727,time_exit_after_4_bars_if_mfe_lt_0_3r,-1.0259802762289973
727,partial_50pct_at_1r,-1.0259802762289973
728,baseline,0.30624870823655054
728,breakeven_after_0_5r,0.30624870823655054
728,breakeven_after_1_0r,0.30624870823655054
728,exit_at_first_0_5r,0.5
728,exit_at_first_1_0r,0.30624870823655054
728,trail_0_5r_after_1_0r,0.30624870823655054
728,time_exit_after_4_bars_if_mfe_lt_0_3r,0.30624870823655054
728,partial_50pct_at_1r,0.30624870823655054
729,baseline,0.2752359321277346
729,breakeven_after_0_5r,0.0
729,breakeven_after_1_0r,0.2752359321277346
729,exit_at_first_0_5r,0.5
729,exit_at_first_1_0r,0.2752359321277346
729,trail_0_5r_after_1_0r,0.2752359321277346
729,time_exit_after_4_bars_if_mfe_lt_0_3r,0.2752359321277346
729,partial_50pct_at_1r,0.2752359321277346
730,baseline,0.22805783778098163
730,breakeven_after_0_5r,0.22805783778098163
730,breakeven_after_1_0r,0.22805783778098163
730,exit_at_first_0_5r,0.22805783778098163
730,exit_at_first_1_0r,0.22805783778098163
730,trail_0_5r_after_1_0r,0.22805783778098163
730,time_exit_after_4_bars_if_mfe_lt_0_3r,-0.07641904651428233
730,partial_50pct_at_1r,0.22805783778098163
731,baseline,-0.034842818877093416
731,breakeven_after_0_5r,0.0
731,breakeven_after_1_0r,-0.034842818877093416
731,exit_at_first_0_5r,0.5
731,exit_at_first_1_0r,-0.034842818877093416
731,trail_0_5r_after_1_0r,-0.034842818877093416
731,time_exit_after_4_bars_if_mfe_lt_0_3r,-0.3192592330486686
731,partial_50pct_at_1r,-0.034842818877093416
732,baseline,0.3117601971927199
732,breakeven_after_0_5r,0.0
732,breakeven_after_1_0r,0.3117601971927199
732,exit_at_first_0_5r,0.5
732,exit_at_first_1_0r,0.3117601971927199
732,trail_0_5r_after_1_0r,0.3117601971927199
732,time_exit_after_4_bars_if_mfe_lt_0_3r,-0.08562036808941403
732,partial_50pct_at_1r,0.3117601971927199
733,baseline,-1.0269528004612196
733,breakeven_after_0_5r,-1.0269528004612196
733,breakeven_after_1_0r,-1.0269528004612196
733,exit_at_first_0_5r,-1.0269528004612196
733,exit_at_first_1_0r,-1.0269528004612196
733,trail_0_5r_after_1_0r,-1.0269528004612196
733,time_exit_after_4_bars_if_mfe_lt_0_3r,-1.0269528004612196
733,partial_50pct_at_1r,-1.0269528004612196
734,baseline,-1.026822757962579
734,breakeven_after_0_5r,-1.026822757962579
734,breakeven_after_1_0r,-1.026822757962579
734,exit_at_first_0_5r,-1.026822757962579
734,exit_at_first_1_0r,-1.026822757962579
734,trail_0_5r_after_1_0r,-1.026822757962579
734,time_exit_after_4_bars_if_mfe_lt_0_3r,-1.026822757962579
734,partial_50pct_at_1r,-1.026822757962579
735,baseline,-1.0258398281599237
735,breakeven_after_0_5r,-1.0258398281599237
735,breakeven_after_1_0r,-1.0258398281599237
735,exit_at_first_0_5r,-1.0258398281599237
735,exit_at_first_1_0r,-1.0258398281599237
735,trail_0_5r_after_1_0r,-1.0258398281599237
735,time_exit_after_4_bars_if_mfe_lt_0_3r,-1.0258398281599237
735,partial_50pct_at_1r,-1.0258398281599237
736,baseline,-1.0198095889472076
736,breakeven_after_0_5r,-1.0198095889472076
736,breakeven_after_1_0r,-1.0198095889472076
736,exit_at_first_0_5r,-1.0198095889472076
736,exit_at_first_1_0r,-1.0198095889472076
736,trail_0_5r_after_1_0r,-1.0198095889472076
736,time_exit_after_4_bars_if_mfe_lt_0_3r,-1.0198095889472076
736,partial_50pct_at_1r,-1.0198095889472076
737,baseline,0.3807827861430954
737,breakeven_after_0_5r,0.0
737,breakeven_after_1_0r,0.3807827861430954
737,exit_at_first_0_5r,0.5
737,exit_at_first_1_0r,1.0
737,trail_0_5r_after_1_0r,0.8365946205992982
737,time_exit_after_4_bars_if_mfe_lt_0_3r,0.3807827861430954
737,partial_50pct_at_1r,0.6903913930715477
738,baseline,0.2752506714436616
738,breakeven_after_0_5r,0.2752506714436616
738,breakeven_after_1_0r,0.2752506714436616
738,exit_at_first_0_5r,0.2752506714436616
738,exit_at_first_1_0r,0.2752506714436616
738,trail_0_5r_after_1_0r,0.2752506714436616
738,time_exit_after_4_bars_if_mfe_lt_0_3r,0.2752506714436616
738,partial_50pct_at_1r,0.2752506714436616
739,baseline,0.468576457370386
739,breakeven_after_0_5r,0.0
739,breakeven_after_1_0r,0.468576457370386
739,exit_at_first_0_5r,0.5
739,exit_at_first_1_0r,0.468576457370386
739,trail_0_5r_after_1_0r,0.468576457370386
739,time_exit_after_4_bars_if_mfe_lt_0_3r,-0.21976271829672475
739,partial_50pct_at_1r,0.468576457370386
740,baseline,0.44830481799845173
740,breakeven_after_0_5r,0.0
740,breakeven_after_1_0r,0.44830481799845173
740,exit_at_first_0_5r,0.5
740,exit_at_first_1_0r,0.44830481799845173
740,trail_0_5r_after_1_0r,0.44830481799845173
740,time_exit_after_4_bars_if_mfe_lt_0_3r,0.44830481799845173
740,partial_50pct_at_1r,0.44830481799845173
741,baseline,0.20052968093461299
741,breakeven_after_0_5r,0.20052968093461299
741,breakeven_after_1_0r,0.20052968093461299
741,exit_at_first_0_5r,0.5
741,exit_at_first_1_0r,0.20052968093461299
741,trail_0_5r_after_1_0r,0.20052968093461299
741,time_exit_after_4_bars_if_mfe_lt_0_3r,0.20052968093461299
741,partial_50pct_at_1r,0.20052968093461299
742,baseline,0.6002893006884096
742,breakeven_after_0_5r,0.0
742,breakeven_after_1_0r,0.6002893006884096
742,exit_at_first_0_5r,0.5
742,exit_at_first_1_0r,1.0
742,trail_0_5r_after_1_0r,0.5656801082801193
742,time_exit_after_4_bars_if_mfe_lt_0_3r,0.6002893006884096
742,partial_50pct_at_1r,0.8001446503442048
743,baseline,0.17083335164106295
743,breakeven_after_0_5r,0.17083335164106295
743,breakeven_after_1_0r,0.17083335164106295
743,exit_at_first_0_5r,0.17083335164106295
743,exit_at_first_1_0r,0.17083335164106295
743,trail_0_5r_after_1_0r,0.17083335164106295
743,time_exit_after_4_bars_if_mfe_lt_0_3r,0.17083335164106295
743,partial_50pct_at_1r,0.17083335164106295
744,baseline,0.12598385813013094
744,breakeven_after_0_5r,0.12598385813013094
744,breakeven_after_1_0r,0.12598385813013094
744,exit_at_first_0_5r,0.12598385813013094
744,exit_at_first_1_0r,0.12598385813013094
744,trail_0_5r_after_1_0r,0.12598385813013094
744,time_exit_after_4_bars_if_mfe_lt_0_3r,0.12598385813013094
744,partial_50pct_at_1r,0.12598385813013094
745,baseline,-1.0193068769236786
745,breakeven_after_0_5r,-1.0193068769236786
745,breakeven_after_1_0r,-1.0193068769236786
745,exit_at_first_0_5r,-1.0193068769236786
745,exit_at_first_1_0r,-1.0193068769236786
745,trail_0_5r_after_1_0r,-1.0193068769236786
745,time_exit_after_4_bars_if_mfe_lt_0_3r,-0.4126892678881353
745,partial_50pct_at_1r,-1.0193068769236786
746,baseline,-1.0196795733087787
746,breakeven_after_0_5r,-1.0196795733087787
746,breakeven_after_1_0r,-1.0196795733087787
746,exit_at_first_0_5r,-1.0196795733087787
746,exit_at_first_1_0r,-1.0196795733087787
746,trail_0_5r_after_1_0r,-1.0196795733087787
746,time_exit_after_4_bars_if_mfe_lt_0_3r,-1.0196795733087787
746,partial_50pct_at_1r,-1.0196795733087787
747,baseline,0.30641517429134885
747,breakeven_after_0_5r,0.0
747,breakeven_after_1_0r,0.30641517429134885
747,exit_at_first_0_5r,0.5
747,exit_at_first_1_0r,0.30641517429134885
747,trail_0_5r_after_1_0r,0.30641517429134885
747,time_exit_after_4_bars_if_mfe_lt_0_3r,0.029641729715226554
747,partial_50pct_at_1r,0.30641517429134885
748,baseline,0.16058857962176354
748,breakeven_after_0_5r,0.16058857962176354
748,breakeven_after_1_0r,0.16058857962176354
748,exit_at_first_0_5r,0.16058857962176354
748,exit_at_first_1_0r,0.16058857962176354
748,trail_0_5r_after_1_0r,0.16058857962176354
748,time_exit_after_4_bars_if_mfe_lt_0_3r,0.16058857962176354
748,partial_50pct_at_1r,0.16058857962176354
749,baseline,0.49010757743127437
749,breakeven_after_0_5r,0.0
749,breakeven_after_1_0r,0.49010757743127437
749,exit_at_first_0_5r,0.5
749,exit_at_first_1_0r,0.49010757743127437
749,trail_0_5r_after_1_0r,0.49010757743127437
749,time_exit_after_4_bars_if_mfe_lt_0_3r,-0.1294050590309261
749,partial_50pct_at_1r,0.49010757743127437
750,baseline,0.35993227614508416
750,breakeven_after_0_5r,0.35993227614508416
750,breakeven_after_1_0r,0.35993227614508416
750,exit_at_first_0_5r,0.5
750,exit_at_first_1_0r,0.35993227614508416
750,trail_0_5r_after_1_0r,0.35993227614508416
750,time_exit_after_4_bars_if_mfe_lt_0_3r,0.35993227614508416
750,partial_50pct_at_1r,0.35993227614508416
751,baseline,-0.10164078785634124
751,breakeven_after_0_5r,-0.10164078785634124
751,breakeven_after_1_0r,-0.10164078785634124
751,exit_at_first_0_5r,-0.10164078785634124
751,exit_at_first_1_0r,-0.10164078785634124
751,trail_0_5r_after_1_0r,-0.10164078785634124
751,time_exit_after_4_bars_if_mfe_lt_0_3r,-0.10164078785634124
751,partial_50pct_at_1r,-0.10164078785634124
752,baseline,0.23345822061177013
752,breakeven_after_0_5r,0.23345822061177013
752,breakeven_after_1_0r,0.23345822061177013
752,exit_at_first_0_5r,0.5
752,exit_at_first_1_0r,0.23345822061177013
752,trail_0_5r_after_1_0r,0.23345822061177013
752,time_exit_after_4_bars_if_mfe_lt_0_3r,0.23345822061177013
752,partial_50pct_at_1r,0.23345822061177013
753,baseline,0.518803727772204
753,breakeven_after_0_5r,0.518803727772204
753,breakeven_after_1_0r,0.518803727772204
753,exit_at_first_0_5r,0.5
753,exit_at_first_1_0r,0.518803727772204
753,trail_0_5r_after_1_0r,0.518803727772204
753,time_exit_after_4_bars_if_mfe_lt_0_3r,0.518803727772204
753,partial_50pct_at_1r,0.518803727772204
754,baseline,1.0544711048227853
754,breakeven_after_0_5r,0.0
754,breakeven_after_1_0r,0.0
754,exit_at_first_0_5r,0.5
754,exit_at_first_1_0r,1.0
754,trail_0_5r_after_1_0r,1.8067735480016731
754,time_exit_after_4_bars_if_mfe_lt_0_3r,-0.3007951410609963
754,partial_50pct_at_1r,1.0272355524113927
755,baseline,0.19779105323235194
755,breakeven_after_0_5r,0.19779105323235194
755,breakeven_after_1_0r,0.19779105323235194
755,exit_at_first_0_5r,0.19779105323235194
755,exit_at_first_1_0r,0.19779105323235194
755,trail_0_5r_after_1_0r,0.19779105323235194
755,time_exit_after_4_bars_if_mfe_lt_0_3r,0.19779105323235194
755,partial_50pct_at_1r,0.19779105323235194
756,baseline,0.4159763269890167
756,breakeven_after_0_5r,0.4159763269890167
756,breakeven_after_1_0r,0.4159763269890167
756,exit_at_first_0_5r,0.5
756,exit_at_first_1_0r,0.4159763269890167
756,trail_0_5r_after_1_0r,0.4159763269890167
756,time_exit_after_4_bars_if_mfe_lt_0_3r,0.4159763269890167
756,partial_50pct_at_1r,0.4159763269890167
757,baseline,-1.0117526420140421
757,breakeven_after_0_5r,-1.0117526420140421
757,breakeven_after_1_0r,-1.0117526420140421
757,exit_at_first_0_5r,-1.0117526420140421
757,exit_at_first_1_0r,-1.0117526420140421
757,trail_0_5r_after_1_0r,-1.0117526420140421
757,time_exit_after_4_bars_if_mfe_lt_0_3r,-1.058676607689487
757,partial_50pct_at_1r,-1.0117526420140421
758,baseline,0.9236925687739134
758,breakeven_after_0_5r,0.0
758,breakeven_after_1_0r,0.0
758,exit_at_first_0_5r,0.5
758,exit_at_first_1_0r,1.0
758,trail_0_5r_after_1_0r,0.8276022892576693
758,time_exit_after_4_bars_if_mfe_lt_0_3r,0.9236925687739134
758,partial_50pct_at_1r,0.9618462843869566
759,baseline,0.22502415827228184
759,breakeven_after_0_5r,0.22502415827228184
759,breakeven_after_1_0r,0.22502415827228184
759,exit_at_first_0_5r,0.5
759,exit_at_first_1_0r,0.22502415827228184
759,trail_0_5r_after_1_0r,0.22502415827228184
759,time_exit_after_4_bars_if_mfe_lt_0_3r,0.22502415827228184
759,partial_50pct_at_1r,0.22502415827228184
760,baseline,0.13121326520033413
760,breakeven_after_0_5r,0.13121326520033413
760,breakeven_after_1_0r,0.13121326520033413
760,exit_at_first_0_5r,0.13121326520033413
760,exit_at_first_1_0r,0.13121326520033413
760,trail_0_5r_after_1_0r,0.13121326520033413
760,time_exit_after_4_bars_if_mfe_lt_0_3r,0.13121326520033413
760,partial_50pct_at_1r,0.13121326520033413
761,baseline,-1.0197844309576714
761,breakeven_after_0_5r,-1.0197844309576714
761,breakeven_after_1_0r,-1.0197844309576714
761,exit_at_first_0_5r,-1.0197844309576714
761,exit_at_first_1_0r,-1.0197844309576714
761,trail_0_5r_after_1_0r,-1.0197844309576714
761,time_exit_after_4_bars_if_mfe_lt_0_3r,-1.0197844309576714
761,partial_50pct_at_1r,-1.0197844309576714
762,baseline,0.4008260708355215
762,breakeven_after_0_5r,0.0
762,breakeven_after_1_0r,0.4008260708355215
762,exit_at_first_0_5r,0.5
762,exit_at_first_1_0r,1.0
762,trail_0_5r_after_1_0r,1.2000369831801554
762,time_exit_after_4_bars_if_mfe_lt_0_3r,0.4008260708355215
762,partial_50pct_at_1r,0.7004130354177608
763,baseline,0.4218307513131338
763,breakeven_after_0_5r,0.0
763,breakeven_after_1_0r,0.4218307513131338
763,exit_at_first_0_5r,0.5
763,exit_at_first_1_0r,0.4218307513131338
763,trail_0_5r_after_1_0r,0.4218307513131338
763,time_exit_after_4_bars_if_mfe_lt_0_3r,0.4218307513131338
763,partial_50pct_at_1r,0.4218307513131338
764,baseline,-1.019774249081561
764,breakeven_after_0_5r,-1.019774249081561
764,breakeven_after_1_0r,-1.019774249081561
764,exit_at_first_0_5r,-1.019774249081561
764,exit_at_first_1_0r,-1.019774249081561
764,trail_0_5r_after_1_0r,-1.019774249081561
764,time_exit_after_4_bars_if_mfe_lt_0_3r,-1.019774249081561
764,partial_50pct_at_1r,-1.019774249081561
765,baseline,-1.018663820601382
765,breakeven_after_0_5r,-1.018663820601382
765,breakeven_after_1_0r,-1.018663820601382
765,exit_at_first_0_5r,-1.018663820601382
765,exit_at_first_1_0r,-1.018663820601382
765,trail_0_5r_after_1_0r,-1.018663820601382
765,time_exit_after_4_bars_if_mfe_lt_0_3r,-1.018663820601382
765,partial_50pct_at_1r,-1.018663820601382
766,baseline,0.36220191729912965
766,breakeven_after_0_5r,0.36220191729912965
766,breakeven_after_1_0r,0.36220191729912965
766,exit_at_first_0_5r,0.5
766,exit_at_first_1_0r,0.36220191729912965
766,trail_0_5r_after_1_0r,0.36220191729912965
766,time_exit_after_4_bars_if_mfe_lt_0_3r,0.36220191729912965
766,partial_50pct_at_1r,0.36220191729912965
767,baseline,0.3265920771569651
767,breakeven_after_0_5r,0.0
767,breakeven_after_1_0r,0.3265920771569651
767,exit_at_first_0_5r,0.5
767,exit_at_first_1_0r,0.3265920771569651
767,trail_0_5r_after_1_0r,0.3265920771569651
767,time_exit_after_4_bars_if_mfe_lt_0_3r,0.3265920771569651
767,partial_50pct_at_1r,0.3265920771569651
768,baseline,0.5333416469041204
768,breakeven_after_0_5r,0.0
768,breakeven_after_1_0r,0.5333416469041204
768,exit_at_first_0_5r,0.5
768,exit_at_first_1_0r,0.5333416469041204
768,trail_0_5r_after_1_0r,0.5333416469041204
768,time_exit_after_4_bars_if_mfe_lt_0_3r,0.5333416469041204
768,partial_50pct_at_1r,0.5333416469041204
769,baseline,-0.40288841266187203
769,breakeven_after_0_5r,-0.40288841266187203
769,breakeven_after_1_0r,-0.40288841266187203
769,exit_at_first_0_5r,-0.40288841266187203
769,exit_at_first_1_0r,-0.40288841266187203
769,trail_0_5r_after_1_0r,-0.40288841266187203
769,time_exit_after_4_bars_if_mfe_lt_0_3r,-0.712321598203628
769,partial_50pct_at_1r,-0.40288841266187203
770,baseline,0.2286295923621211
770,breakeven_after_0_5r,0.2286295923621211
770,breakeven_after_1_0r,0.2286295923621211
770,exit_at_first_0_5r,0.2286295923621211
770,exit_at_first_1_0r,0.2286295923621211
770,trail_0_5r_after_1_0r,0.2286295923621211
770,time_exit_after_4_bars_if_mfe_lt_0_3r,0.2286295923621211
770,partial_50pct_at_1r,0.2286295923621211
771,baseline,0.4026032610684547
771,breakeven_after_0_5r,0.0
771,breakeven_after_1_0r,0.4026032610684547
771,exit_at_first_0_5r,0.5
771,exit_at_first_1_0r,0.4026032610684547
771,trail_0_5r_after_1_0r,0.4026032610684547
771,time_exit_after_4_bars_if_mfe_lt_0_3r,0.4026032610684547
771,partial_50pct_at_1r,0.4026032610684547
772,baseline,0.2259206840200219
772,breakeven_after_0_5r,0.2259206840200219
772,breakeven_after_1_0r,0.2259206840200219
772,exit_at_first_0_5r,0.5
772,exit_at_first_1_0r,1.0
772,trail_0_5r_after_1_0r,0.6789966858515231
772,time_exit_after_4_bars_if_mfe_lt_0_3r,-0.1788365759437565
772,partial_50pct_at_1r,0.6129603420100109
773,baseline,0.532028636962316
773,breakeven_after_0_5r,0.0
773,breakeven_after_1_0r,0.0
773,exit_at_first_0_5r,0.5
773,exit_at_first_1_0r,1.0
773,trail_0_5r_after_1_0r,0.6978999966652251
773,time_exit_after_4_bars_if_mfe_lt_0_3r,0.532028636962316
773,partial_50pct_at_1r,0.766014318481158
774,baseline,0.8095166696443081
774,breakeven_after_0_5r,0.8095166696443081
774,breakeven_after_1_0r,0.8095166696443081
774,exit_at_first_0_5r,0.5
774,exit_at_first_1_0r,1.0
774,trail_0_5r_after_1_0r,0.5350453707921996
774,time_exit_after_4_bars_if_mfe_lt_0_3r,0.8095166696443081
774,partial_50pct_at_1r,0.9047583348221541
775,baseline,-1.024683680371089
775,breakeven_after_0_5r,-1.024683680371089
775,breakeven_after_1_0r,-1.024683680371089
775,exit_at_first_0_5r,-1.024683680371089
775,exit_at_first_1_0r,-1.024683680371089
775,trail_0_5r_after_1_0r,-1.024683680371089
775,time_exit_after_4_bars_if_mfe_lt_0_3r,-0.393638868341472
775,partial_50pct_at_1r,-1.024683680371089
776,baseline,0.08751943374511334
776,breakeven_after_0_5r,0.08751943374511334
776,breakeven_after_1_0r,0.08751943374511334
776,exit_at_first_0_5r,0.5
776,exit_at_first_1_0r,0.08751943374511334
776,trail_0_5r_after_1_0r,0.08751943374511334
776,time_exit_after_4_bars_if_mfe_lt_0_3r,0.08751943374511334
776,partial_50pct_at_1r,0.08751943374511334
777,baseline,0.0491269459688507
777,breakeven_after_0_5r,0.0491269459688507
777,breakeven_after_1_0r,0.0491269459688507
777,exit_at_first_0_5r,0.0491269459688507
777,exit_at_first_1_0r,0.0491269459688507
777,trail_0_5r_after_1_0r,0.0491269459688507
777,time_exit_after_4_bars_if_mfe_lt_0_3r,0.0491269459688507
777,partial_50pct_at_1r,0.0491269459688507
778,baseline,0.5630029123619598
778,breakeven_after_0_5r,0.0
778,breakeven_after_1_0r,0.0
778,exit_at_first_0_5r,0.5
778,exit_at_first_1_0r,1.0
778,trail_0_5r_after_1_0r,0.5354835132797788
778,time_exit_after_4_bars_if_mfe_lt_0_3r,0.5630029123619598
778,partial_50pct_at_1r,0.7815014561809799
779,baseline,0.4349137225473981
779,breakeven_after_0_5r,0.0
779,breakeven_after_1_0r,0.4349137225473981
779,exit_at_first_0_5r,0.5
779,exit_at_first_1_0r,0.4349137225473981
779,trail_0_5r_after_1_0r,0.4349137225473981
779,time_exit_after_4_bars_if_mfe_lt_0_3r,0.4349137225473981
779,partial_50pct_at_1r,0.4349137225473981
780,baseline,-1.0242353959100723
780,breakeven_after_0_5r,-1.0242353959100723
780,breakeven_after_1_0r,-1.0242353959100723
780,exit_at_first_0_5r,-1.0242353959100723
780,exit_at_first_1_0r,-1.0242353959100723
780,trail_0_5r_after_1_0r,-1.0242353959100723
780,time_exit_after_4_bars_if_mfe_lt_0_3r,-1.0242353959100723
780,partial_50pct_at_1r,-1.0242353959100723
781,baseline,0.4195446650751266
781,breakeven_after_0_5r,0.4195446650751266
781,breakeven_after_1_0r,0.4195446650751266
781,exit_at_first_0_5r,0.5
781,exit_at_first_1_0r,0.4195446650751266
781,trail_0_5r_after_1_0r,0.4195446650751266
781,time_exit_after_4_bars_if_mfe_lt_0_3r,0.4195446650751266
781,partial_50pct_at_1r,0.4195446650751266
782,baseline,0.2227537769998493
782,breakeven_after_0_5r,0.2227537769998493
782,breakeven_after_1_0r,0.2227537769998493
782,exit_at_first_0_5r,0.2227537769998493
782,exit_at_first_1_0r,0.2227537769998493
782,trail_0_5r_after_1_0r,0.2227537769998493
782,time_exit_after_4_bars_if_mfe_lt_0_3r,0.2227537769998493
782,partial_50pct_at_1r,0.2227537769998493
783,baseline,0.0794187541823624
783,breakeven_after_0_5r,0.0794187541823624
783,breakeven_after_1_0r,0.0794187541823624
783,exit_at_first_0_5r,0.0794187541823624
783,exit_at_first_1_0r,0.0794187541823624
783,trail_0_5r_after_1_0r,0.0794187541823624
783,time_exit_after_4_bars_if_mfe_lt_0_3r,0.0794187541823624
783,partial_50pct_at_1r,0.0794187541823624
784,baseline,1.2400187605427433
784,breakeven_after_0_5r,0.0
784,breakeven_after_1_0r,1.2400187605427433
784,exit_at_first_0_5r,0.5
784,exit_at_first_1_0r,1.0
784,trail_0_5r_after_1_0r,0.981175661810864
784,time_exit_after_4_bars_if_mfe_lt_0_3r,1.2400187605427433
784,partial_50pct_at_1r,1.1200093802713718
785,baseline,0.7961996899246987
785,breakeven_after_0_5r,0.0
785,breakeven_after_1_0r,0.7961996899246987
785,exit_at_first_0_5r,0.5
785,exit_at_first_1_0r,1.0
785,trail_0_5r_after_1_0r,0.6195788429111608
785,time_exit_after_4_bars_if_mfe_lt_0_3r,0.7961996899246987
785,partial_50pct_at_1r,0.8980998449623494
786,baseline,-1.0177301828546876
786,breakeven_after_0_5r,-1.0177301828546876
786,breakeven_after_1_0r,-1.0177301828546876
786,exit_at_first_0_5r,-1.0177301828546876
786,exit_at_first_1_0r,-1.0177301828546876
786,trail_0_5r_after_1_0r,-1.0177301828546876
786,time_exit_after_4_bars_if_mfe_lt_0_3r,-0.7448179221386932
786,partial_50pct_at_1r,-1.0177301828546876
787,baseline,-1.0183742277995498
787,breakeven_after_0_5r,-1.0183742277995498
787,breakeven_after_1_0r,-1.0183742277995498
787,exit_at_first_0_5r,-1.0183742277995498
787,exit_at_first_1_0r,-1.0183742277995498
787,trail_0_5r_after_1_0r,-1.0183742277995498
787,time_exit_after_4_bars_if_mfe_lt_0_3r,-1.0183742277995498
787,partial_50pct_at_1r,-1.0183742277995498
788,baseline,-1.017931976443675
788,breakeven_after_0_5r,-1.017931976443675
788,breakeven_after_1_0r,-1.017931976443675
788,exit_at_first_0_5r,-1.017931976443675
788,exit_at_first_1_0r,-1.017931976443675
788,trail_0_5r_after_1_0r,-1.017931976443675
788,time_exit_after_4_bars_if_mfe_lt_0_3r,-1.017931976443675
788,partial_50pct_at_1r,-1.017931976443675
789,baseline,-1.0201486408500642
789,breakeven_after_0_5r,-1.0201486408500642
789,breakeven_after_1_0r,-1.0201486408500642
789,exit_at_first_0_5r,-1.0201486408500642
789,exit_at_first_1_0r,-1.0201486408500642
789,trail_0_5r_after_1_0r,-1.0201486408500642
789,time_exit_after_4_bars_if_mfe_lt_0_3r,-1.0201486408500642
789,partial_50pct_at_1r,-1.0201486408500642
790,baseline,-0.09489339047446099
790,breakeven_after_0_5r,0.0
790,breakeven_after_1_0r,-0.09489339047446099
790,exit_at_first_0_5r,0.5
790,exit_at_first_1_0r,-0.09489339047446099
790,trail_0_5r_after_1_0r,-0.09489339047446099
790,time_exit_after_4_bars_if_mfe_lt_0_3r,-0.09489339047446099
790,partial_50pct_at_1r,-0.09489339047446099
791,baseline,-1.019544632070296
791,breakeven_after_0_5r,-1.019544632070296
791,breakeven_after_1_0r,-1.019544632070296
791,exit_at_first_0_5r,-1.019544632070296
791,exit_at_first_1_0r,-1.019544632070296
791,trail_0_5r_after_1_0r,-1.019544632070296
791,time_exit_after_4_bars_if_mfe_lt_0_3r,-1.019544632070296
791,partial_50pct_at_1r,-1.019544632070296
792,baseline,0.9443202664861814
792,breakeven_after_0_5r,0.9443202664861814
792,breakeven_after_1_0r,0.9443202664861814
792,exit_at_first_0_5r,0.5
792,exit_at_first_1_0r,1.0
792,trail_0_5r_after_1_0r,0.7518897639217985
792,time_exit_after_4_bars_if_mfe_lt_0_3r,0.9443202664861814
792,partial_50pct_at_1r,0.9721601332430907
793,baseline,0.6035930368004522
793,breakeven_after_0_5r,0.0
793,breakeven_after_1_0r,0.6035930368004522
793,exit_at_first_0_5r,0.5
793,exit_at_first_1_0r,0.6035930368004522
793,trail_0_5r_after_1_0r,0.6035930368004522
793,time_exit_after_4_bars_if_mfe_lt_0_3r,0.6035930368004522
793,partial_50pct_at_1r,0.6035930368004522
794,baseline,0.24805831554769445
794,breakeven_after_0_5r,0.24805831554769445
794,breakeven_after_1_0r,0.24805831554769445
794,exit_at_first_0_5r,0.5
794,exit_at_first_1_0r,0.24805831554769445
794,trail_0_5r_after_1_0r,0.24805831554769445
794,time_exit_after_4_bars_if_mfe_lt_0_3r,0.24805831554769445
794,partial_50pct_at_1r,0.24805831554769445
795,baseline,0.16572892425344132
795,breakeven_after_0_5r,0.16572892425344132
795,breakeven_after_1_0r,0.16572892425344132
795,exit_at_first_0_5r,0.16572892425344132
795,exit_at_first_1_0r,0.16572892425344132
795,trail_0_5r_after_1_0r,0.16572892425344132
795,time_exit_after_4_bars_if_mfe_lt_0_3r,-0.4177099696598683
795,partial_50pct_at_1r,0.16572892425344132
796,baseline,-1.0186599122165008
796,breakeven_after_0_5r,-1.0186599122165008
796,breakeven_after_1_0r,-1.0186599122165008
796,exit_at_first_0_5r,-1.0186599122165008
796,exit_at_first_1_0r,-1.0186599122165008
796,trail_0_5r_after_1_0r,-1.0186599122165008
796,time_exit_after_4_bars_if_mfe_lt_0_3r,-1.0186599122165008
796,partial_50pct_at_1r,-1.0186599122165008
797,baseline,0.3187119442971382
797,breakeven_after_0_5r,0.0
797,breakeven_after_1_0r,0.3187119442971382
797,exit_at_first_0_5r,0.5
797,exit_at_first_1_0r,0.3187119442971382
797,trail_0_5r_after_1_0r,0.3187119442971382
797,time_exit_after_4_bars_if_mfe_lt_0_3r,0.3187119442971382
797,partial_50pct_at_1r,0.3187119442971382
798,baseline,0.014205523446126512
798,breakeven_after_0_5r,0.014205523446126512
798,breakeven_after_1_0r,0.014205523446126512
798,exit_at_first_0_5r,0.014205523446126512
798,exit_at_first_1_0r,0.014205523446126512
798,trail_0_5r_after_1_0r,0.014205523446126512
798,time_exit_after_4_bars_if_mfe_lt_0_3r,0.014205523446126512
798,partial_50pct_at_1r,0.014205523446126512
799,baseline,-1.0220849441033264
799,breakeven_after_0_5r,-1.0220849441033264
799,breakeven_after_1_0r,-1.0220849441033264
799,exit_at_first_0_5r,-1.0220849441033264
799,exit_at_first_1_0r,-1.0220849441033264
799,trail_0_5r_after_1_0r,-1.0220849441033264
799,time_exit_after_4_bars_if_mfe_lt_0_3r,-1.0220849441033264
799,partial_50pct_at_1r,-1.0220849441033264
800,baseline,-1.0212338513773336
800,breakeven_after_0_5r,-1.0212338513773336
800,breakeven_after_1_0r,-1.0212338513773336
800,exit_at_first_0_5r,-1.0212338513773336
800,exit_at_first_1_0r,-1.0212338513773336
800,trail_0_5r_after_1_0r,-1.0212338513773336
800,time_exit_after_4_bars_if_mfe_lt_0_3r,-0.7436192916958081
800,partial_50pct_at_1r,-1.0212338513773336
801,baseline,0.3492894833890425
801,breakeven_after_0_5r,0.3492894833890425
801,breakeven_after_1_0r,0.3492894833890425
801,exit_at_first_0_5r,0.5
801,exit_at_first_1_0r,0.3492894833890425
801,trail_0_5r_after_1_0r,0.3492894833890425
801,time_exit_after_4_bars_if_mfe_lt_0_3r,0.3492894833890425
801,partial_50pct_at_1r,0.3492894833890425
802,baseline,0.1828281933681979
802,breakeven_after_0_5r,0.1828281933681979
802,breakeven_after_1_0r,0.1828281933681979
802,exit_at_first_0_5r,0.1828281933681979
802,exit_at_first_1_0r,0.1828281933681979
802,trail_0_5r_after_1_0r,0.1828281933681979
802,time_exit_after_4_bars_if_mfe_lt_0_3r,-0.3265177767706159
802,partial_50pct_at_1r,0.1828281933681979
803,baseline,1.5061842233460032
803,breakeven_after_0_5r,1.5061842233460032
803,breakeven_after_1_0r,1.5061842233460032
803,exit_at_first_0_5r,0.5
803,exit_at_first_1_0r,1.0
803,trail_0_5r_after_1_0r,1.2280319066751533
803,time_exit_after_4_bars_if_mfe_lt_0_3r,1.5061842233460032
803,partial_50pct_at_1r,1.2530921116730016
804,baseline,-1.01832498425618
804,breakeven_after_0_5r,-1.01832498425618
804,breakeven_after_1_0r,-1.01832498425618
804,exit_at_first_0_5r,-1.01832498425618
804,exit_at_first_1_0r,-1.01832498425618
804,trail_0_5r_after_1_0r,-1.01832498425618
804,time_exit_after_4_bars_if_mfe_lt_0_3r,-1.01832498425618
804,partial_50pct_at_1r,-1.01832498425618
805,baseline,-1.0172991767623605
805,breakeven_after_0_5r,-1.0172991767623605
805,breakeven_after_1_0r,-1.0172991767623605
805,exit_at_first_0_5r,-1.0172991767623605
805,exit_at_first_1_0r,-1.0172991767623605
805,trail_0_5r_after_1_0r,-1.0172991767623605
805,time_exit_after_4_bars_if_mfe_lt_0_3r,-0.37754233942161153
805,partial_50pct_at_1r,-1.0172991767623605
806,baseline,0.10259623988999765
806,breakeven_after_0_5r,0.10259623988999765
806,breakeven_after_1_0r,0.10259623988999765
806,exit_at_first_0_5r,0.10259623988999765
806,exit_at_first_1_0r,0.10259623988999765
806,trail_0_5r_after_1_0r,0.10259623988999765
806,time_exit_after_4_bars_if_mfe_lt_0_3r,0.10259623988999765
806,partial_50pct_at_1r,0.10259623988999765
807,baseline,0.18150040769928585
807,breakeven_after_0_5r,0.18150040769928585
807,breakeven_after_1_0r,0.18150040769928585
807,exit_at_first_0_5r,0.18150040769928585
807,exit_at_first_1_0r,0.18150040769928585
807,trail_0_5r_after_1_0r,0.18150040769928585
807,time_exit_after_4_bars_if_mfe_lt_0_3r,0.18150040769928585
807,partial_50pct_at_1r,0.18150040769928585
808,baseline,0.6170161917889763
808,breakeven_after_0_5r,0.0
808,breakeven_after_1_0r,0.0
808,exit_at_first_0_5r,0.5
808,exit_at_first_1_0r,1.0
808,trail_0_5r_after_1_0r,0.5316472893216788
808,time_exit_after_4_bars_if_mfe_lt_0_3r,0.6170161917889763
808,partial_50pct_at_1r,0.8085080958944881
809,baseline,0.4669037337313143
809,breakeven_after_0_5r,0.0
809,breakeven_after_1_0r,0.4669037337313143
809,exit_at_first_0_5r,0.5
809,exit_at_first_1_0r,0.4669037337313143
809,trail_0_5r_after_1_0r,0.4669037337313143
809,time_exit_after_4_bars_if_mfe_lt_0_3r,0.4669037337313143
809,partial_50pct_at_1r,0.4669037337313143
810,baseline,1.8079521233378328
810,breakeven_after_0_5r,1.8079521233378328
810,breakeven_after_1_0r,1.8079521233378328
810,exit_at_first_0_5r,0.5
810,exit_at_first_1_0r,1.0
810,trail_0_5r_after_1_0r,0.9733393805494208
810,time_exit_after_4_bars_if_mfe_lt_0_3r,1.8079521233378328
810,partial_50pct_at_1r,1.4039760616689163
811,baseline,0.3316887252699029
811,breakeven_after_0_5r,0.0
811,breakeven_after_1_0r,0.3316887252699029
811,exit_at_first_0_5r,0.5
811,exit_at_first_1_0r,0.3316887252699029
811,trail_0_5r_after_1_0r,0.3316887252699029
811,time_exit_after_4_bars_if_mfe_lt_0_3r,0.3316887252699029
811,partial_50pct_at_1r,0.3316887252699029
812,baseline,0.284828411468671
812,breakeven_after_0_5r,0.284828411468671
812,breakeven_after_1_0r,0.284828411468671
812,exit_at_first_0_5r,0.5
812,exit_at_first_1_0r,0.284828411468671
812,trail_0_5r_after_1_0r,0.284828411468671
812,time_exit_after_4_bars_if_mfe_lt_0_3r,0.284828411468671
812,partial_50pct_at_1r,0.284828411468671
813,baseline,0.5015103001797134
813,breakeven_after_0_5r,0.0
813,breakeven_after_1_0r,0.0
813,exit_at_first_0_5r,0.5
813,exit_at_first_1_0r,1.0
813,trail_0_5r_after_1_0r,0.5523813606957941
813,time_exit_after_4_bars_if_mfe_lt_0_3r,0.5015103001797134
813,partial_50pct_at_1r,0.7507551500898567
814,baseline,0.23132002107940153
814,breakeven_after_0_5r,0.23132002107940153
814,breakeven_after_1_0r,0.23132002107940153
814,exit_at_first_0_5r,0.5
814,exit_at_first_1_0r,0.23132002107940153
814,trail_0_5r_after_1_0r,0.23132002107940153
814,time_exit_after_4_bars_if_mfe_lt_0_3r,0.23132002107940153
814,partial_50pct_at_1r,0.23132002107940153
815,baseline,0.30221051656895914
815,breakeven_after_0_5r,0.0
815,breakeven_after_1_0r,0.30221051656895914
815,exit_at_first_0_5r,0.5
815,exit_at_first_1_0r,0.30221051656895914
815,trail_0_5r_after_1_0r,0.30221051656895914
815,time_exit_after_4_bars_if_mfe_lt_0_3r,0.30221051656895914
815,partial_50pct_at_1r,0.30221051656895914
816,baseline,1.1390774781597854
816,breakeven_after_0_5r,0.0
816,breakeven_after_1_0r,0.0
816,exit_at_first_0_5r,0.5
816,exit_at_first_1_0r,1.0
816,trail_0_5r_after_1_0r,0.8756909167377371
816,time_exit_after_4_bars_if_mfe_lt_0_3r,1.1390774781597854
816,partial_50pct_at_1r,1.0695387390798927
817,baseline,0.25262720912897546
817,breakeven_after_0_5r,0.25262720912897546
817,breakeven_after_1_0r,0.25262720912897546
817,exit_at_first_0_5r,0.25262720912897546
817,exit_at_first_1_0r,0.25262720912897546
817,trail_0_5r_after_1_0r,0.25262720912897546
817,time_exit_after_4_bars_if_mfe_lt_0_3r,0.25262720912897546
817,partial_50pct_at_1r,0.25262720912897546
818,baseline,-1.0140513386365682
818,breakeven_after_0_5r,-1.0140513386365682
818,breakeven_after_1_0r,-1.0140513386365682
818,exit_at_first_0_5r,-1.0140513386365682
818,exit_at_first_1_0r,-1.0140513386365682
818,trail_0_5r_after_1_0r,-1.0140513386365682
818,time_exit_after_4_bars_if_mfe_lt_0_3r,-1.0140513386365682
818,partial_50pct_at_1r,-1.0140513386365682
819,baseline,0.17814353874063651
819,breakeven_after_0_5r,0.0
819,breakeven_after_1_0r,0.17814353874063651
819,exit_at_first_0_5r,0.5
819,exit_at_first_1_0r,0.17814353874063651
819,trail_0_5r_after_1_0r,0.17814353874063651
819,time_exit_after_4_bars_if_mfe_lt_0_3r,0.17814353874063651
819,partial_50pct_at_1r,0.17814353874063651
820,baseline,-1.0164341769506369
820,breakeven_after_0_5r,-1.0164341769506369
820,breakeven_after_1_0r,-1.0164341769506369
820,exit_at_first_0_5r,-1.0164341769506369
820,exit_at_first_1_0r,-1.0164341769506369
820,trail_0_5r_after_1_0r,-1.0164341769506369
820,time_exit_after_4_bars_if_mfe_lt_0_3r,-0.9182781683222574
820,partial_50pct_at_1r,-1.0164341769506369
821,baseline,-1.015922881269344
821,breakeven_after_0_5r,-1.015922881269344
821,breakeven_after_1_0r,-1.015922881269344
821,exit_at_first_0_5r,-1.015922881269344
821,exit_at_first_1_0r,-1.015922881269344
821,trail_0_5r_after_1_0r,-1.015922881269344
821,time_exit_after_4_bars_if_mfe_lt_0_3r,-1.015922881269344
821,partial_50pct_at_1r,-1.015922881269344
822,baseline,0.6285528433887971
822,breakeven_after_0_5r,0.0
822,breakeven_after_1_0r,0.0
822,exit_at_first_0_5r,0.5
822,exit_at_first_1_0r,1.0
822,trail_0_5r_after_1_0r,0.5115280362211188
822,time_exit_after_4_bars_if_mfe_lt_0_3r,0.6285528433887971
822,partial_50pct_at_1r,0.8142764216943985
823,baseline,-1.0110362943341211
823,breakeven_after_0_5r,-1.0110362943341211
823,breakeven_after_1_0r,-1.0110362943341211
823,exit_at_first_0_5r,-1.0110362943341211
823,exit_at_first_1_0r,-1.0110362943341211
823,trail_0_5r_after_1_0r,-1.0110362943341211
823,time_exit_after_4_bars_if_mfe_lt_0_3r,-0.35781806758158086
823,partial_50pct_at_1r,-1.0110362943341211
824,baseline,0.04300525881761021
824,breakeven_after_0_5r,0.04300525881761021
824,breakeven_after_1_0r,0.04300525881761021
824,exit_at_first_0_5r,0.04300525881761021
824,exit_at_first_1_0r,0.04300525881761021
824,trail_0_5r_after_1_0r,0.04300525881761021
824,time_exit_after_4_bars_if_mfe_lt_0_3r,0.04300525881761021
824,partial_50pct_at_1r,0.04300525881761021
825,baseline,-1.0101804682377877
825,breakeven_after_0_5r,-1.0101804682377877
825,breakeven_after_1_0r,-1.0101804682377877
825,exit_at_first_0_5r,-1.0101804682377877
825,exit_at_first_1_0r,-1.0101804682377877
825,trail_0_5r_after_1_0r,-1.0101804682377877
825,time_exit_after_4_bars_if_mfe_lt_0_3r,-1.0101804682377877
825,partial_50pct_at_1r,-1.0101804682377877
826,baseline,-1.0098631858824425
826,breakeven_after_0_5r,-1.0098631858824425
826,breakeven_after_1_0r,-1.0098631858824425
826,exit_at_first_0_5r,-1.0098631858824425
826,exit_at_first_1_0r,-1.0098631858824425
826,trail_0_5r_after_1_0r,-1.0098631858824425
826,time_exit_after_4_bars_if_mfe_lt_0_3r,-1.0098631858824425
826,partial_50pct_at_1r,-1.0098631858824425
827,baseline,0.3238793051558998
827,breakeven_after_0_5r,0.0
827,breakeven_after_1_0r,0.3238793051558998
827,exit_at_first_0_5r,0.5
827,exit_at_first_1_0r,0.3238793051558998
827,trail_0_5r_after_1_0r,0.3238793051558998
827,time_exit_after_4_bars_if_mfe_lt_0_3r,0.3238793051558998
827,partial_50pct_at_1r,0.3238793051558998
828,baseline,0.3103923520306959
828,breakeven_after_0_5r,0.0
828,breakeven_after_1_0r,0.3103923520306959
828,exit_at_first_0_5r,0.5
828,exit_at_first_1_0r,0.3103923520306959
828,trail_0_5r_after_1_0r,0.3103923520306959
828,time_exit_after_4_bars_if_mfe_lt_0_3r,0.3103923520306959
828,partial_50pct_at_1r,0.3103923520306959
829,baseline,0.6229011599560368
829,breakeven_after_0_5r,0.6229011599560368
829,breakeven_after_1_0r,0.6229011599560368
829,exit_at_first_0_5r,0.5
829,exit_at_first_1_0r,0.6229011599560368
829,trail_0_5r_after_1_0r,0.6229011599560368
829,time_exit_after_4_bars_if_mfe_lt_0_3r,0.06927015932982508
829,partial_50pct_at_1r,0.6229011599560368
830,baseline,0.196409009203569
830,breakeven_after_0_5r,0.196409009203569
830,breakeven_after_1_0r,0.196409009203569
830,exit_at_first_0_5r,0.5
830,exit_at_first_1_0r,0.196409009203569
830,trail_0_5r_after_1_0r,0.196409009203569
830,time_exit_after_4_bars_if_mfe_lt_0_3r,0.196409009203569
830,partial_50pct_at_1r,0.196409009203569
831,baseline,-1.0206029445885463
831,breakeven_after_0_5r,-1.0206029445885463
831,breakeven_after_1_0r,-1.0206029445885463
831,exit_at_first_0_5r,-1.0206029445885463
831,exit_at_first_1_0r,-1.0206029445885463
831,trail_0_5r_after_1_0r,-1.0206029445885463
831,time_exit_after_4_bars_if_mfe_lt_0_3r,-1.0206029445885463
831,partial_50pct_at_1r,-1.0206029445885463
832,baseline,-1.019522669132375
832,breakeven_after_0_5r,-1.019522669132375
832,breakeven_after_1_0r,-1.019522669132375
832,exit_at_first_0_5r,-1.019522669132375
832,exit_at_first_1_0r,-1.019522669132375
832,trail_0_5r_after_1_0r,-1.019522669132375
832,time_exit_after_4_bars_if_mfe_lt_0_3r,-1.019522669132375
832,partial_50pct_at_1r,-1.019522669132375
833,baseline,0.4987086344020652
833,breakeven_after_0_5r,0.4987086344020652
833,breakeven_after_1_0r,0.4987086344020652
833,exit_at_first_0_5r,0.5
833,exit_at_first_1_0r,1.0
833,trail_0_5r_after_1_0r,0.609697852033664
833,time_exit_after_4_bars_if_mfe_lt_0_3r,0.4987086344020652
833,partial_50pct_at_1r,0.7493543172010326
834,baseline,0.5567836640329934
834,breakeven_after_0_5r,0.0
834,breakeven_after_1_0r,0.5567836640329934
834,exit_at_first_0_5r,0.5
834,exit_at_first_1_0r,0.5567836640329934
834,trail_0_5r_after_1_0r,0.5567836640329934
834,time_exit_after_4_bars_if_mfe_lt_0_3r,0.5567836640329934
834,partial_50pct_at_1r,0.5567836640329934
835,baseline,0.9839384002039823
835,breakeven_after_0_5r,0.0
835,breakeven_after_1_0r,0.0
835,exit_at_first_0_5r,0.5
835,exit_at_first_1_0r,1.0
835,trail_0_5r_after_1_0r,0.9166879120175164
835,time_exit_after_4_bars_if_mfe_lt_0_3r,0.9839384002039823
835,partial_50pct_at_1r,0.9919692001019911
836,baseline,0.18888889657040986
836,breakeven_after_0_5r,0.18888889657040986
836,breakeven_after_1_0r,0.18888889657040986
836,exit_at_first_0_5r,0.18888889657040986
836,exit_at_first_1_0r,0.18888889657040986
836,trail_0_5r_after_1_0r,0.18888889657040986
836,time_exit_after_4_bars_if_mfe_lt_0_3r,0.18888889657040986
836,partial_50pct_at_1r,0.18888889657040986
837,baseline,0.7166165345635146
837,breakeven_after_0_5r,0.7166165345635146
837,breakeven_after_1_0r,0.7166165345635146
837,exit_at_first_0_5r,0.5
837,exit_at_first_1_0r,0.7166165345635146
837,trail_0_5r_after_1_0r,0.7166165345635146
837,time_exit_after_4_bars_if_mfe_lt_0_3r,0.7166165345635146
837,partial_50pct_at_1r,0.7166165345635146
838,baseline,0.5515276332770377
838,breakeven_after_0_5r,0.5515276332770377
838,breakeven_after_1_0r,0.5515276332770377
838,exit_at_first_0_5r,0.5
838,exit_at_first_1_0r,0.5515276332770377
838,trail_0_5r_after_1_0r,0.5515276332770377
838,time_exit_after_4_bars_if_mfe_lt_0_3r,0.5515276332770377
838,partial_50pct_at_1r,0.5515276332770377
839,baseline,0.16515142079061104
839,breakeven_after_0_5r,0.16515142079061104
839,breakeven_after_1_0r,0.16515142079061104
839,exit_at_first_0_5r,0.5
839,exit_at_first_1_0r,1.0
839,trail_0_5r_after_1_0r,0.9016512595533468
839,time_exit_after_4_bars_if_mfe_lt_0_3r,0.16515142079061104
839,partial_50pct_at_1r,0.5825757103953055
840,baseline,0.7599836768389833
840,breakeven_after_0_5r,0.0
840,breakeven_after_1_0r,0.0
840,exit_at_first_0_5r,0.5
840,exit_at_first_1_0r,1.0
840,trail_0_5r_after_1_0r,0.9042752047510567
840,time_exit_after_4_bars_if_mfe_lt_0_3r,0.7599836768389833
840,partial_50pct_at_1r,0.8799918384194916
841,baseline,-1.01564880625479
841,breakeven_after_0_5r,-1.01564880625479
841,breakeven_after_1_0r,-1.01564880625479
841,exit_at_first_0_5r,-1.01564880625479
841,exit_at_first_1_0r,-1.01564880625479
841,trail_0_5r_after_1_0r,-1.01564880625479
841,time_exit_after_4_bars_if_mfe_lt_0_3r,-1.01564880625479
841,partial_50pct_at_1r,-1.01564880625479
842,baseline,0.2210817191884083
842,breakeven_after_0_5r,0.2210817191884083
842,breakeven_after_1_0r,0.2210817191884083
842,exit_at_first_0_5r,0.2210817191884083
842,exit_at_first_1_0r,0.2210817191884083
842,trail_0_5r_after_1_0r,0.2210817191884083
842,time_exit_after_4_bars_if_mfe_lt_0_3r,0.2210817191884083
842,partial_50pct_at_1r,0.2210817191884083
843,baseline,0.4429625479103487
843,breakeven_after_0_5r,0.4429625479103487
843,breakeven_after_1_0r,0.4429625479103487
843,exit_at_first_0_5r,0.5
843,exit_at_first_1_0r,0.4429625479103487
843,trail_0_5r_after_1_0r,0.4429625479103487
843,time_exit_after_4_bars_if_mfe_lt_0_3r,0.4429625479103487
843,partial_50pct_at_1r,0.4429625479103487
844,baseline,0.004086418540887489
844,breakeven_after_0_5r,0.004086418540887489
844,breakeven_after_1_0r,0.004086418540887489
844,exit_at_first_0_5r,0.004086418540887489
844,exit_at_first_1_0r,0.004086418540887489
844,trail_0_5r_after_1_0r,0.004086418540887489
844,time_exit_after_4_bars_if_mfe_lt_0_3r,0.004086418540887489
844,partial_50pct_at_1r,0.004086418540887489
845,baseline,1.0392059060446395
845,breakeven_after_0_5r,1.0392059060446395
845,breakeven_after_1_0r,1.0392059060446395
845,exit_at_first_0_5r,0.5
845,exit_at_first_1_0r,1.0
845,trail_0_5r_after_1_0r,0.8303136552380359
845,time_exit_after_4_bars_if_mfe_lt_0_3r,1.0392059060446395
845,partial_50pct_at_1r,1.0196029530223196
846,baseline,0.28131119499077095
846,breakeven_after_0_5r,0.28131119499077095
846,breakeven_after_1_0r,0.28131119499077095
846,exit_at_first_0_5r,0.28131119499077095
846,exit_at_first_1_0r,0.28131119499077095
846,trail_0_5r_after_1_0r,0.28131119499077095
846,time_exit_after_4_bars_if_mfe_lt_0_3r,0.28131119499077095
846,partial_50pct_at_1r,0.28131119499077095
847,baseline,0.1710334127723874
847,breakeven_after_0_5r,0.1710334127723874
847,breakeven_after_1_0r,0.1710334127723874
847,exit_at_first_0_5r,0.5
847,exit_at_first_1_0r,0.1710334127723874
847,trail_0_5r_after_1_0r,0.1710334127723874
847,time_exit_after_4_bars_if_mfe_lt_0_3r,0.1710334127723874
847,partial_50pct_at_1r,0.1710334127723874
848,baseline,0.19726393676373963
848,breakeven_after_0_5r,0.19726393676373963
848,breakeven_after_1_0r,0.19726393676373963
848,exit_at_first_0_5r,0.5
848,exit_at_first_1_0r,0.19726393676373963
848,trail_0_5r_after_1_0r,0.19726393676373963
848,time_exit_after_4_bars_if_mfe_lt_0_3r,0.19726393676373963
848,partial_50pct_at_1r,0.19726393676373963
849,baseline,-0.48078440500139547
849,breakeven_after_0_5r,0.0
849,breakeven_after_1_0r,-0.48078440500139547
849,exit_at_first_0_5r,0.5
849,exit_at_first_1_0r,-0.48078440500139547
849,trail_0_5r_after_1_0r,-0.48078440500139547
849,time_exit_after_4_bars_if_mfe_lt_0_3r,-0.48078440500139547
849,partial_50pct_at_1r,-0.48078440500139547
850,baseline,-1.0115124070007546
850,breakeven_after_0_5r,-1.0115124070007546
850,breakeven_after_1_0r,-1.0115124070007546
850,exit_at_first_0_5r,-1.0115124070007546
850,exit_at_first_1_0r,-1.0115124070007546
850,trail_0_5r_after_1_0r,-1.0115124070007546
850,time_exit_after_4_bars_if_mfe_lt_0_3r,-0.46177202307699156
850,partial_50pct_at_1r,-1.0115124070007546
851,baseline,0.4626533471135638
851,breakeven_after_0_5r,0.4626533471135638
851,breakeven_after_1_0r,0.4626533471135638
851,exit_at_first_0_5r,0.5
851,exit_at_first_1_0r,0.4626533471135638
851,trail_0_5r_after_1_0r,0.4626533471135638
851,time_exit_after_4_bars_if_mfe_lt_0_3r,0.4626533471135638
851,partial_50pct_at_1r,0.4626533471135638
852,baseline,-1.0121310886552923
852,breakeven_after_0_5r,-1.0121310886552923
852,breakeven_after_1_0r,-1.0121310886552923
852,exit_at_first_0_5r,-1.0121310886552923
852,exit_at_first_1_0r,-1.0121310886552923
852,trail_0_5r_after_1_0r,-1.0121310886552923
852,time_exit_after_4_bars_if_mfe_lt_0_3r,-0.13455202945118613
852,partial_50pct_at_1r,-1.0121310886552923
853,baseline,1.7751750367875163
853,breakeven_after_0_5r,0.0
853,breakeven_after_1_0r,1.7751750367875163
853,exit_at_first_0_5r,0.5
853,exit_at_first_1_0r,1.0
853,trail_0_5r_after_1_0r,1.4992951024700854
853,time_exit_after_4_bars_if_mfe_lt_0_3r,1.7751750367875163
853,partial_50pct_at_1r,1.387587518393758
854,baseline,0.186902031029242
854,breakeven_after_0_5r,0.186902031029242
854,breakeven_after_1_0r,0.186902031029242
854,exit_at_first_0_5r,0.186902031029242
854,exit_at_first_1_0r,0.186902031029242
854,trail_0_5r_after_1_0r,0.186902031029242
854,time_exit_after_4_bars_if_mfe_lt_0_3r,0.186902031029242
854,partial_50pct_at_1r,0.186902031029242
855,baseline,0.4692002200460801
855,breakeven_after_0_5r,0.0
855,breakeven_after_1_0r,0.4692002200460801
855,exit_at_first_0_5r,0.5
855,exit_at_first_1_0r,0.4692002200460801
855,trail_0_5r_after_1_0r,0.4692002200460801
855,time_exit_after_4_bars_if_mfe_lt_0_3r,0.4692002200460801
855,partial_50pct_at_1r,0.4692002200460801
856,baseline,0.6774421611034508
856,breakeven_after_0_5r,0.0
856,breakeven_after_1_0r,0.6774421611034508
856,exit_at_first_0_5r,0.5
856,exit_at_first_1_0r,0.6774421611034508
856,trail_0_5r_after_1_0r,0.6774421611034508
856,time_exit_after_4_bars_if_mfe_lt_0_3r,0.6774421611034508
856,partial_50pct_at_1r,0.6774421611034508
857,baseline,-1.0204744487707276
857,breakeven_after_0_5r,-1.0204744487707276
857,breakeven_after_1_0r,-1.0204744487707276
857,exit_at_first_0_5r,-1.0204744487707276
857,exit_at_first_1_0r,-1.0204744487707276
857,trail_0_5r_after_1_0r,-1.0204744487707276
857,time_exit_after_4_bars_if_mfe_lt_0_3r,-1.0204744487707276
857,partial_50pct_at_1r,-1.0204744487707276
858,baseline,1.4446086409646544
858,breakeven_after_0_5r,1.4446086409646544
858,breakeven_after_1_0r,1.4446086409646544
858,exit_at_first_0_5r,0.5
858,exit_at_first_1_0r,1.0
858,trail_0_5r_after_1_0r,1.1650351565263184
858,time_exit_after_4_bars_if_mfe_lt_0_3r,1.4446086409646544
858,partial_50pct_at_1r,1.2223043204823272
859,baseline,0.4699601047414671
859,breakeven_after_0_5r,0.0
859,breakeven_after_1_0r,0.4699601047414671
859,exit_at_first_0_5r,0.5
859,exit_at_first_1_0r,0.4699601047414671
859,trail_0_5r_after_1_0r,0.4699601047414671
859,time_exit_after_4_bars_if_mfe_lt_0_3r,0.4699601047414671
859,partial_50pct_at_1r,0.4699601047414671
860,baseline,0.1465151356357485
860,breakeven_after_0_5r,0.1465151356357485
860,breakeven_after_1_0r,0.1465151356357485
860,exit_at_first_0_5r,0.5
860,exit_at_first_1_0r,0.1465151356357485
860,trail_0_5r_after_1_0r,0.1465151356357485
860,time_exit_after_4_bars_if_mfe_lt_0_3r,0.1465151356357485
860,partial_50pct_at_1r,0.1465151356357485
861,baseline,0.32837682683432684
861,breakeven_after_0_5r,0.32837682683432684
861,breakeven_after_1_0r,0.32837682683432684
861,exit_at_first_0_5r,0.5
861,exit_at_first_1_0r,0.32837682683432684
861,trail_0_5r_after_1_0r,0.32837682683432684
861,time_exit_after_4_bars_if_mfe_lt_0_3r,0.32837682683432684
861,partial_50pct_at_1r,0.32837682683432684
862,baseline,0.33101172186001077
862,breakeven_after_0_5r,0.0
862,breakeven_after_1_0r,0.33101172186001077
862,exit_at_first_0_5r,0.5
862,exit_at_first_1_0r,0.33101172186001077
862,trail_0_5r_after_1_0r,0.33101172186001077
862,time_exit_after_4_bars_if_mfe_lt_0_3r,0.33101172186001077
862,partial_50pct_at_1r,0.33101172186001077
863,baseline,0.37052479507694414
863,breakeven_after_0_5r,0.0
863,breakeven_after_1_0r,0.37052479507694414
863,exit_at_first_0_5r,0.5
863,exit_at_first_1_0r,0.37052479507694414
863,trail_0_5r_after_1_0r,0.37052479507694414
863,time_exit_after_4_bars_if_mfe_lt_0_3r,0.37052479507694414
863,partial_50pct_at_1r,0.37052479507694414
864,baseline,0.17656131956591756
864,breakeven_after_0_5r,0.0
864,breakeven_after_1_0r,0.17656131956591756
864,exit_at_first_0_5r,0.5
864,exit_at_first_1_0r,0.17656131956591756
864,trail_0_5r_after_1_0r,0.17656131956591756
864,time_exit_after_4_bars_if_mfe_lt_0_3r,0.17656131956591756
864,partial_50pct_at_1r,0.17656131956591756
865,baseline,0.41183488257604123
865,breakeven_after_0_5r,0.41183488257604123
865,breakeven_after_1_0r,0.41183488257604123
865,exit_at_first_0_5r,0.5
865,exit_at_first_1_0r,0.41183488257604123
865,trail_0_5r_after_1_0r,0.41183488257604123
865,time_exit_after_4_bars_if_mfe_lt_0_3r,0.41183488257604123
865,partial_50pct_at_1r,0.41183488257604123
866,baseline,-1.0135579531179773
866,breakeven_after_0_5r,-1.0135579531179773
866,breakeven_after_1_0r,-1.0135579531179773
866,exit_at_first_0_5r,-1.0135579531179773
866,exit_at_first_1_0r,-1.0135579531179773
866,trail_0_5r_after_1_0r,-1.0135579531179773
866,time_exit_after_4_bars_if_mfe_lt_0_3r,-1.0135579531179773
866,partial_50pct_at_1r,-1.0135579531179773
867,baseline,1.1371123222590562
867,breakeven_after_0_5r,0.0
867,breakeven_after_1_0r,0.0
867,exit_at_first_0_5r,0.5
867,exit_at_first_1_0r,1.0
867,trail_0_5r_after_1_0r,1.8220928203709348
867,time_exit_after_4_bars_if_mfe_lt_0_3r,1.1371123222590562
867,partial_50pct_at_1r,1.068556161129528
868,baseline,0.3726448822978033
868,breakeven_after_0_5r,0.0
868,breakeven_after_1_0r,0.3726448822978033
868,exit_at_first_0_5r,0.5
868,exit_at_first_1_0r,0.3726448822978033
868,trail_0_5r_after_1_0r,0.3726448822978033
868,time_exit_after_4_bars_if_mfe_lt_0_3r,0.3726448822978033
868,partial_50pct_at_1r,0.3726448822978033
869,baseline,0.23846878037331068
869,breakeven_after_0_5r,0.23846878037331068
869,breakeven_after_1_0r,0.23846878037331068
869,exit_at_first_0_5r,0.5
869,exit_at_first_1_0r,0.23846878037331068
869,trail_0_5r_after_1_0r,0.23846878037331068
869,time_exit_after_4_bars_if_mfe_lt_0_3r,0.23846878037331068
869,partial_50pct_at_1r,0.23846878037331068
870,baseline,0.1715245736269065
870,breakeven_after_0_5r,0.1715245736269065
870,breakeven_after_1_0r,0.1715245736269065
870,exit_at_first_0_5r,0.1715245736269065
870,exit_at_first_1_0r,0.1715245736269065
870,trail_0_5r_after_1_0r,0.1715245736269065
870,time_exit_after_4_bars_if_mfe_lt_0_3r,0.1715245736269065
870,partial_50pct_at_1r,0.1715245736269065
871,baseline,-1.0174539733632864
871,breakeven_after_0_5r,-1.0174539733632864
871,breakeven_after_1_0r,-1.0174539733632864
871,exit_at_first_0_5r,-1.0174539733632864
871,exit_at_first_1_0r,-1.0174539733632864
871,trail_0_5r_after_1_0r,-1.0174539733632864
871,time_exit_after_4_bars_if_mfe_lt_0_3r,-1.0174539733632864
871,partial_50pct_at_1r,-1.0174539733632864
872,baseline,0.18842894869819574
872,breakeven_after_0_5r,0.18842894869819574
872,breakeven_after_1_0r,0.18842894869819574
872,exit_at_first_0_5r,0.18842894869819574
872,exit_at_first_1_0r,0.18842894869819574
872,trail_0_5r_after_1_0r,0.18842894869819574
872,time_exit_after_4_bars_if_mfe_lt_0_3r,0.18842894869819574
872,partial_50pct_at_1r,0.18842894869819574
873,baseline,-0.07810902964868151
873,breakeven_after_0_5r,0.0
873,breakeven_after_1_0r,0.0
873,exit_at_first_0_5r,0.5
873,exit_at_first_1_0r,1.0
873,trail_0_5r_after_1_0r,0.5559726249886856
873,time_exit_after_4_bars_if_mfe_lt_0_3r,-0.07810902964868151
873,partial_50pct_at_1r,0.46094548517565925
874,baseline,0.21349054447297375
874,breakeven_after_0_5r,0.21349054447297375
874,breakeven_after_1_0r,0.21349054447297375
874,exit_at_first_0_5r,0.5
874,exit_at_first_1_0r,0.21349054447297375
874,trail_0_5r_after_1_0r,0.21349054447297375
874,time_exit_after_4_bars_if_mfe_lt_0_3r,0.21349054447297375
874,partial_50pct_at_1r,0.21349054447297375
875,baseline,-1.0177896293665072
875,breakeven_after_0_5r,-1.0177896293665072
875,breakeven_after_1_0r,-1.0177896293665072
875,exit_at_first_0_5r,-1.0177896293665072
875,exit_at_first_1_0r,-1.0177896293665072
875,trail_0_5r_after_1_0r,-1.0177896293665072
875,time_exit_after_4_bars_if_mfe_lt_0_3r,-1.1720736808755585
875,partial_50pct_at_1r,-1.0177896293665072
876,baseline,-0.8064201070849278
876,breakeven_after_0_5r,-0.8064201070849278
876,breakeven_after_1_0r,-0.8064201070849278
876,exit_at_first_0_5r,-0.8064201070849278
876,exit_at_first_1_0r,-0.8064201070849278
876,trail_0_5r_after_1_0r,-0.8064201070849278
876,time_exit_after_4_bars_if_mfe_lt_0_3r,-0.3209447249737936
876,partial_50pct_at_1r,-0.8064201070849278
877,baseline,-0.22671006931174448
877,breakeven_after_0_5r,0.0
877,breakeven_after_1_0r,-0.22671006931174448
877,exit_at_first_0_5r,0.5
877,exit_at_first_1_0r,-0.22671006931174448
877,trail_0_5r_after_1_0r,-0.22671006931174448
877,time_exit_after_4_bars_if_mfe_lt_0_3r,0.060982042406565844
877,partial_50pct_at_1r,-0.22671006931174448
878,baseline,-1.0283061434948526
878,breakeven_after_0_5r,-1.0283061434948526
878,breakeven_after_1_0r,-1.0283061434948526
878,exit_at_first_0_5r,-1.0283061434948526
878,exit_at_first_1_0r,-1.0283061434948526
878,trail_0_5r_after_1_0r,-1.0283061434948526
878,time_exit_after_4_bars_if_mfe_lt_0_3r,-1.0283061434948526
878,partial_50pct_at_1r,-1.0283061434948526
879,baseline,0.17368985834995482
879,breakeven_after_0_5r,0.17368985834995482
879,breakeven_after_1_0r,0.17368985834995482
879,exit_at_first_0_5r,0.17368985834995482
879,exit_at_first_1_0r,0.17368985834995482
879,trail_0_5r_after_1_0r,0.17368985834995482
879,time_exit_after_4_bars_if_mfe_lt_0_3r,0.17368985834995482
879,partial_50pct_at_1r,0.17368985834995482
880,baseline,-1.0268323095703673
880,breakeven_after_0_5r,-1.0268323095703673
880,breakeven_after_1_0r,-1.0268323095703673
880,exit_at_first_0_5r,-1.0268323095703673
880,exit_at_first_1_0r,-1.0268323095703673
880,trail_0_5r_after_1_0r,-1.0268323095703673
880,time_exit_after_4_bars_if_mfe_lt_0_3r,-0.5154405323240007
880,partial_50pct_at_1r,-1.0268323095703673
881,baseline,0.6161144110389297
881,breakeven_after_0_5r,0.0
881,breakeven_after_1_0r,0.6161144110389297
881,exit_at_first_0_5r,0.5
881,exit_at_first_1_0r,1.0
881,trail_0_5r_after_1_0r,0.9714768011254635
881,time_exit_after_4_bars_if_mfe_lt_0_3r,0.6161144110389297
881,partial_50pct_at_1r,0.8080572055194648
882,baseline,-1.021515985802848
882,breakeven_after_0_5r,-1.021515985802848
882,breakeven_after_1_0r,-1.021515985802848
882,exit_at_first_0_5r,-1.021515985802848
882,exit_at_first_1_0r,-1.021515985802848
882,trail_0_5r_after_1_0r,-1.021515985802848
882,time_exit_after_4_bars_if_mfe_lt_0_3r,-0.173288004007502
882,partial_50pct_at_1r,-1.021515985802848
883,baseline,-1.023394319325794
883,breakeven_after_0_5r,-1.023394319325794
883,breakeven_after_1_0r,-1.023394319325794
883,exit_at_first_0_5r,-1.023394319325794
883,exit_at_first_1_0r,-1.023394319325794
883,trail_0_5r_after_1_0r,-1.023394319325794
883,time_exit_after_4_bars_if_mfe_lt_0_3r,-1.023394319325794
883,partial_50pct_at_1r,-1.023394319325794
884,baseline,-1.0203198424133362
884,breakeven_after_0_5r,-1.0203198424133362
884,breakeven_after_1_0r,-1.0203198424133362
884,exit_at_first_0_5r,-1.0203198424133362
884,exit_at_first_1_0r,-1.0203198424133362
884,trail_0_5r_after_1_0r,-1.0203198424133362
884,time_exit_after_4_bars_if_mfe_lt_0_3r,-1.0203198424133362
884,partial_50pct_at_1r,-1.0203198424133362
885,baseline,-1.0180694590076371
885,breakeven_after_0_5r,-1.0180694590076371
885,breakeven_after_1_0r,-1.0180694590076371
885,exit_at_first_0_5r,-1.0180694590076371
885,exit_at_first_1_0r,-1.0180694590076371
885,trail_0_5r_after_1_0r,-1.0180694590076371
885,time_exit_after_4_bars_if_mfe_lt_0_3r,-0.15739501005178483
885,partial_50pct_at_1r,-1.0180694590076371
886,baseline,0.5086735738556233
886,breakeven_after_0_5r,0.5086735738556233
886,breakeven_after_1_0r,0.5086735738556233
886,exit_at_first_0_5r,0.5
886,exit_at_first_1_0r,0.5086735738556233
886,trail_0_5r_after_1_0r,0.5086735738556233
886,time_exit_after_4_bars_if_mfe_lt_0_3r,0.5086735738556233
886,partial_50pct_at_1r,0.5086735738556233
887,baseline,-1.0163330973895823
887,breakeven_after_0_5r,-1.0163330973895823
887,breakeven_after_1_0r,-1.0163330973895823
887,exit_at_first_0_5r,-1.0163330973895823
887,exit_at_first_1_0r,-1.0163330973895823
887,trail_0_5r_after_1_0r,-1.0163330973895823
887,time_exit_after_4_bars_if_mfe_lt_0_3r,-0.672081827060485
887,partial_50pct_at_1r,-1.0163330973895823
888,baseline,0.5466699683400762
888,breakeven_after_0_5r,0.5466699683400762
888,breakeven_after_1_0r,0.5466699683400762
888,exit_at_first_0_5r,0.5
888,exit_at_first_1_0r,0.5466699683400762
888,trail_0_5r_after_1_0r,0.5466699683400762
888,time_exit_after_4_bars_if_mfe_lt_0_3r,0.5466699683400762
888,partial_50pct_at_1r,0.5466699683400762
889,baseline,0.01892925577000075
889,breakeven_after_0_5r,0.01892925577000075
889,breakeven_after_1_0r,0.01892925577000075
889,exit_at_first_0_5r,0.01892925577000075
889,exit_at_first_1_0r,0.01892925577000075
889,trail_0_5r_after_1_0r,0.01892925577000075
889,time_exit_after_4_bars_if_mfe_lt_0_3r,-0.1318376916701386
889,partial_50pct_at_1r,0.01892925577000075
890,baseline,0.29991832738362373
890,breakeven_after_0_5r,0.0
890,breakeven_after_1_0r,0.29991832738362373
890,exit_at_first_0_5r,0.5
890,exit_at_first_1_0r,0.29991832738362373
890,trail_0_5r_after_1_0r,0.29991832738362373
890,time_exit_after_4_bars_if_mfe_lt_0_3r,0.29991832738362373
890,partial_50pct_at_1r,0.29991832738362373
891,baseline,-1.0188404002670226
891,breakeven_after_0_5r,-1.0188404002670226
891,breakeven_after_1_0r,-1.0188404002670226
891,exit_at_first_0_5r,-1.0188404002670226
891,exit_at_first_1_0r,-1.0188404002670226
891,trail_0_5r_after_1_0r,-1.0188404002670226
891,time_exit_after_4_bars_if_mfe_lt_0_3r,-1.0188404002670226
891,partial_50pct_at_1r,-1.0188404002670226
892,baseline,-1.0175122959924303
892,breakeven_after_0_5r,-1.0175122959924303
892,breakeven_after_1_0r,-1.0175122959924303
892,exit_at_first_0_5r,-1.0175122959924303
892,exit_at_first_1_0r,-1.0175122959924303
892,trail_0_5r_after_1_0r,-1.0175122959924303
892,time_exit_after_4_bars_if_mfe_lt_0_3r,-1.0175122959924303
892,partial_50pct_at_1r,-1.0175122959924303
893,baseline,0.17830793846791898
893,breakeven_after_0_5r,0.17830793846791898
893,breakeven_after_1_0r,0.17830793846791898
893,exit_at_first_0_5r,0.17830793846791898
893,exit_at_first_1_0r,0.17830793846791898
893,trail_0_5r_after_1_0r,0.17830793846791898
893,time_exit_after_4_bars_if_mfe_lt_0_3r,0.17830793846791898
893,partial_50pct_at_1r,0.17830793846791898
894,baseline,0.39654243423337293
894,breakeven_after_0_5r,0.0
894,breakeven_after_1_0r,0.39654243423337293
894,exit_at_first_0_5r,0.5
894,exit_at_first_1_0r,0.39654243423337293
894,trail_0_5r_after_1_0r,0.39654243423337293
894,time_exit_after_4_bars_if_mfe_lt_0_3r,0.39654243423337293
894,partial_50pct_at_1r,0.39654243423337293
895,baseline,0.3133612299349316
895,breakeven_after_0_5r,0.3133612299349316
895,breakeven_after_1_0r,0.3133612299349316
895,exit_at_first_0_5r,0.5
895,exit_at_first_1_0r,1.0
895,trail_0_5r_after_1_0r,0.7123044124217646
895,time_exit_after_4_bars_if_mfe_lt_0_3r,0.3133612299349316
895,partial_50pct_at_1r,0.6566806149674658
896,baseline,0.5153992446768975
896,breakeven_after_0_5r,0.0
896,breakeven_after_1_0r,0.5153992446768975
896,exit_at_first_0_5r,0.5
896,exit_at_first_1_0r,0.5153992446768975
896,trail_0_5r_after_1_0r,0.5153992446768975
896,time_exit_after_4_bars_if_mfe_lt_0_3r,0.5153992446768975
896,partial_50pct_at_1r,0.5153992446768975
897,baseline,0.5215816924100591
897,breakeven_after_0_5r,0.5215816924100591
897,breakeven_after_1_0r,0.5215816924100591
897,exit_at_first_0_5r,0.5
897,exit_at_first_1_0r,0.5215816924100591
897,trail_0_5r_after_1_0r,0.5215816924100591
897,time_exit_after_4_bars_if_mfe_lt_0_3r,0.5215816924100591
897,partial_50pct_at_1r,0.5215816924100591
898,baseline,0.2718098290800088
898,breakeven_after_0_5r,0.2718098290800088
898,breakeven_after_1_0r,0.2718098290800088
898,exit_at_first_0_5r,0.5
898,exit_at_first_1_0r,0.2718098290800088
898,trail_0_5r_after_1_0r,0.2718098290800088
898,time_exit_after_4_bars_if_mfe_lt_0_3r,0.2718098290800088
898,partial_50pct_at_1r,0.2718098290800088
899,baseline,0.3049197466630648
899,breakeven_after_0_5r,0.0
899,breakeven_after_1_0r,0.3049197466630648
899,exit_at_first_0_5r,0.5
899,exit_at_first_1_0r,0.3049197466630648
899,trail_0_5r_after_1_0r,0.3049197466630648
899,time_exit_after_4_bars_if_mfe_lt_0_3r,0.3049197466630648
899,partial_50pct_at_1r,0.3049197466630648
900,baseline,0.3725798775139105
900,breakeven_after_0_5r,0.0
900,breakeven_after_1_0r,0.3725798775139105
900,exit_at_first_0_5r,0.5
900,exit_at_first_1_0r,0.3725798775139105
900,trail_0_5r_after_1_0r,0.3725798775139105
900,time_exit_after_4_bars_if_mfe_lt_0_3r,0.3725798775139105
900,partial_50pct_at_1r,0.3725798775139105
901,baseline,0.151385943120078
901,breakeven_after_0_5r,0.151385943120078
901,breakeven_after_1_0r,0.151385943120078
901,exit_at_first_0_5r,0.151385943120078
901,exit_at_first_1_0r,0.151385943120078
901,trail_0_5r_after_1_0r,0.151385943120078
901,time_exit_after_4_bars_if_mfe_lt_0_3r,0.151385943120078
901,partial_50pct_at_1r,0.151385943120078
902,baseline,-1.0305108160139032
902,breakeven_after_0_5r,-1.0305108160139032
902,breakeven_after_1_0r,-1.0305108160139032
902,exit_at_first_0_5r,-1.0305108160139032
902,exit_at_first_1_0r,-1.0305108160139032
902,trail_0_5r_after_1_0r,-1.0305108160139032
902,time_exit_after_4_bars_if_mfe_lt_0_3r,-1.0305108160139032
902,partial_50pct_at_1r,-1.0305108160139032
903,baseline,-1.0295275602239629
903,breakeven_after_0_5r,-1.0295275602239629
903,breakeven_after_1_0r,-1.0295275602239629
903,exit_at_first_0_5r,-1.0295275602239629
903,exit_at_first_1_0r,-1.0295275602239629
903,trail_0_5r_after_1_0r,-1.0295275602239629
903,time_exit_after_4_bars_if_mfe_lt_0_3r,-1.0295275602239629
903,partial_50pct_at_1r,-1.0295275602239629
904,baseline,0.16959766642913499
904,breakeven_after_0_5r,0.16959766642913499
904,breakeven_after_1_0r,0.16959766642913499
904,exit_at_first_0_5r,0.16959766642913499
904,exit_at_first_1_0r,0.16959766642913499
904,trail_0_5r_after_1_0r,0.16959766642913499
904,time_exit_after_4_bars_if_mfe_lt_0_3r,0.16959766642913499
904,partial_50pct_at_1r,0.16959766642913499
905,baseline,-1.0294663732676281
905,breakeven_after_0_5r,-1.0294663732676281
905,breakeven_after_1_0r,-1.0294663732676281
905,exit_at_first_0_5r,-1.0294663732676281
905,exit_at_first_1_0r,-1.0294663732676281
905,trail_0_5r_after_1_0r,-1.0294663732676281
905,time_exit_after_4_bars_if_mfe_lt_0_3r,-0.4706813719428426
905,partial_50pct_at_1r,-1.0294663732676281
906,baseline,0.21787917701892426
906,breakeven_after_0_5r,0.21787917701892426
906,breakeven_after_1_0r,0.21787917701892426
906,exit_at_first_0_5r,0.21787917701892426
906,exit_at_first_1_0r,0.21787917701892426
906,trail_0_5r_after_1_0r,0.21787917701892426
906,time_exit_after_4_bars_if_mfe_lt_0_3r,0.21787917701892426
906,partial_50pct_at_1r,0.21787917701892426
907,baseline,-0.14896061148154072
907,breakeven_after_0_5r,-0.14896061148154072
907,breakeven_after_1_0r,-0.14896061148154072
907,exit_at_first_0_5r,-0.14896061148154072
907,exit_at_first_1_0r,-0.14896061148154072
907,trail_0_5r_after_1_0r,-0.14896061148154072
907,time_exit_after_4_bars_if_mfe_lt_0_3r,-0.34561892323680515
907,partial_50pct_at_1r,-0.14896061148154072
908,baseline,0.456571746836215
908,breakeven_after_0_5r,0.0
908,breakeven_after_1_0r,0.456571746836215
908,exit_at_first_0_5r,0.5
908,exit_at_first_1_0r,1.0
908,trail_0_5r_after_1_0r,0.7628086152220668
908,time_exit_after_4_bars_if_mfe_lt_0_3r,-0.5664643354527512
908,partial_50pct_at_1r,0.7282858734181075
909,baseline,-0.21014890835292224
909,breakeven_after_0_5r,-0.21014890835292224
909,breakeven_after_1_0r,-0.21014890835292224
909,exit_at_first_0_5r,-0.21014890835292224
909,exit_at_first_1_0r,-0.21014890835292224
909,trail_0_5r_after_1_0r,-0.21014890835292224
909,time_exit_after_4_bars_if_mfe_lt_0_3r,-0.21014890835292224
909,partial_50pct_at_1r,-0.21014890835292224
910,baseline,0.047307765663956926
910,breakeven_after_0_5r,0.047307765663956926
910,breakeven_after_1_0r,0.047307765663956926
910,exit_at_first_0_5r,0.047307765663956926
910,exit_at_first_1_0r,0.047307765663956926
910,trail_0_5r_after_1_0r,0.047307765663956926
910,time_exit_after_4_bars_if_mfe_lt_0_3r,0.047307765663956926
910,partial_50pct_at_1r,0.047307765663956926
911,baseline,0.20122025662030602
911,breakeven_after_0_5r,0.0
911,breakeven_after_1_0r,0.20122025662030602
911,exit_at_first_0_5r,0.5
911,exit_at_first_1_0r,0.20122025662030602
911,trail_0_5r_after_1_0r,0.20122025662030602
911,time_exit_after_4_bars_if_mfe_lt_0_3r,0.20122025662030602
911,partial_50pct_at_1r,0.20122025662030602
912,baseline,0.26391108483701253
912,breakeven_after_0_5r,0.26391108483701253
912,breakeven_after_1_0r,0.26391108483701253
912,exit_at_first_0_5r,0.5
912,exit_at_first_1_0r,0.26391108483701253
912,trail_0_5r_after_1_0r,0.26391108483701253
912,time_exit_after_4_bars_if_mfe_lt_0_3r,0.26391108483701253
912,partial_50pct_at_1r,0.26391108483701253
913,baseline,0.16202577762974144
913,breakeven_after_0_5r,0.16202577762974144
913,breakeven_after_1_0r,0.16202577762974144
913,exit_at_first_0_5r,0.16202577762974144
913,exit_at_first_1_0r,0.16202577762974144
913,trail_0_5r_after_1_0r,0.16202577762974144
913,time_exit_after_4_bars_if_mfe_lt_0_3r,0.16202577762974144
913,partial_50pct_at_1r,0.16202577762974144
914,baseline,-1.0168975582980035
914,breakeven_after_0_5r,-1.0168975582980035
914,breakeven_after_1_0r,-1.0168975582980035
914,exit_at_first_0_5r,-1.0168975582980035
914,exit_at_first_1_0r,-1.0168975582980035
914,trail_0_5r_after_1_0r,-1.0168975582980035
914,time_exit_after_4_bars_if_mfe_lt_0_3r,0.009886093579246866
914,partial_50pct_at_1r,-1.0168975582980035
915,baseline,0.586951039068532
915,breakeven_after_0_5r,0.0
915,breakeven_after_1_0r,0.0
915,exit_at_first_0_5r,0.5
915,exit_at_first_1_0r,1.0
915,trail_0_5r_after_1_0r,0.9880255041557673
915,time_exit_after_4_bars_if_mfe_lt_0_3r,0.586951039068532
915,partial_50pct_at_1r,0.793475519534266
916,baseline,0.35120054976163145
916,breakeven_after_0_5r,0.35120054976163145
916,breakeven_after_1_0r,0.35120054976163145
916,exit_at_first_0_5r,0.5
916,exit_at_first_1_0r,0.35120054976163145
916,trail_0_5r_after_1_0r,0.35120054976163145
916,time_exit_after_4_bars_if_mfe_lt_0_3r,0.35120054976163145
916,partial_50pct_at_1r,0.35120054976163145
917,baseline,0.14946999671652839
917,breakeven_after_0_5r,0.14946999671652839
917,breakeven_after_1_0r,0.14946999671652839
917,exit_at_first_0_5r,0.5
917,exit_at_first_1_0r,0.14946999671652839
917,trail_0_5r_after_1_0r,0.14946999671652839
917,time_exit_after_4_bars_if_mfe_lt_0_3r,-0.18474808305162238
917,partial_50pct_at_1r,0.14946999671652839
918,baseline,0.3061550593255377
918,breakeven_after_0_5r,0.0
918,breakeven_after_1_0r,0.3061550593255377
918,exit_at_first_0_5r,0.5
918,exit_at_first_1_0r,1.0
918,trail_0_5r_after_1_0r,1.24378193219727
918,time_exit_after_4_bars_if_mfe_lt_0_3r,0.3061550593255377
918,partial_50pct_at_1r,0.6530775296627689
919,baseline,2.4869647073334478
919,breakeven_after_0_5r,0.0
919,breakeven_after_1_0r,0.0
919,exit_at_first_0_5r,0.5
919,exit_at_first_1_0r,1.0
919,trail_0_5r_after_1_0r,2.040811690544858
919,time_exit_after_4_bars_if_mfe_lt_0_3r,2.4869647073334478
919,partial_50pct_at_1r,1.7434823536667239
920,baseline,0.2817782808238116
920,breakeven_after_0_5r,0.2817782808238116
920,breakeven_after_1_0r,0.2817782808238116
920,exit_at_first_0_5r,0.2817782808238116
920,exit_at_first_1_0r,0.2817782808238116
920,trail_0_5r_after_1_0r,0.2817782808238116
920,time_exit_after_4_bars_if_mfe_lt_0_3r,0.2817782808238116
920,partial_50pct_at_1r,0.2817782808238116
921,baseline,-1.0060064170223182
921,breakeven_after_0_5r,-1.0060064170223182
921,breakeven_after_1_0r,-1.0060064170223182
921,exit_at_first_0_5r,-1.0060064170223182
921,exit_at_first_1_0r,-1.0060064170223182
921,trail_0_5r_after_1_0r,-1.0060064170223182
921,time_exit_after_4_bars_if_mfe_lt_0_3r,-1.0060064170223182
921,partial_50pct_at_1r,-1.0060064170223182
922,baseline,0.011808245469462061
922,breakeven_after_0_5r,0.011808245469462061
922,breakeven_after_1_0r,0.011808245469462061
922,exit_at_first_0_5r,0.011808245469462061
922,exit_at_first_1_0r,0.011808245469462061
922,trail_0_5r_after_1_0r,0.011808245469462061
922,time_exit_after_4_bars_if_mfe_lt_0_3r,0.011808245469462061
922,partial_50pct_at_1r,0.011808245469462061
923,baseline,0.3972468671778057
923,breakeven_after_0_5r,0.3972468671778057
923,breakeven_after_1_0r,0.3972468671778057
923,exit_at_first_0_5r,0.5
923,exit_at_first_1_0r,0.3972468671778057
923,trail_0_5r_after_1_0r,0.3972468671778057
923,time_exit_after_4_bars_if_mfe_lt_0_3r,0.3972468671778057
923,partial_50pct_at_1r,0.3972468671778057
924,baseline,0.5526950730459086
924,breakeven_after_0_5r,0.0
924,breakeven_after_1_0r,0.5526950730459086
924,exit_at_first_0_5r,0.5
924,exit_at_first_1_0r,1.0
924,trail_0_5r_after_1_0r,0.5193659354088735
924,time_exit_after_4_bars_if_mfe_lt_0_3r,0.5526950730459086
924,partial_50pct_at_1r,0.7763475365229543
925,baseline,0.5767498032060787
925,breakeven_after_0_5r,0.5767498032060787
925,breakeven_after_1_0r,0.5767498032060787
925,exit_at_first_0_5r,0.5
925,exit_at_first_1_0r,0.5767498032060787
925,trail_0_5r_after_1_0r,0.5767498032060787
925,time_exit_after_4_bars_if_mfe_lt_0_3r,0.5767498032060787
925,partial_50pct_at_1r,0.5767498032060787
926,baseline,0.23008310255705772
926,breakeven_after_0_5r,0.23008310255705772
926,breakeven_after_1_0r,0.23008310255705772
926,exit_at_first_0_5r,0.5
926,exit_at_first_1_0r,0.23008310255705772
926,trail_0_5r_after_1_0r,0.23008310255705772
926,time_exit_after_4_bars_if_mfe_lt_0_3r,0.23008310255705772
926,partial_50pct_at_1r,0.23008310255705772
927,baseline,-1.0070609126076235
927,breakeven_after_0_5r,-1.0070609126076235
927,breakeven_after_1_0r,-1.0070609126076235
927,exit_at_first_0_5r,-1.0070609126076235
927,exit_at_first_1_0r,-1.0070609126076235
927,trail_0_5r_after_1_0r,-1.0070609126076235
927,time_exit_after_4_bars_if_mfe_lt_0_3r,-0.7900894772205976
927,partial_50pct_at_1r,-1.0070609126076235
928,baseline,0.1920721299553658
928,breakeven_after_0_5r,0.1920721299553658
928,breakeven_after_1_0r,0.1920721299553658
928,exit_at_first_0_5r,0.5
928,exit_at_first_1_0r,0.1920721299553658
928,trail_0_5r_after_1_0r,0.1920721299553658
928,time_exit_after_4_bars_if_mfe_lt_0_3r,0.1920721299553658
928,partial_50pct_at_1r,0.1920721299553658
929,baseline,0.07557123151369029
929,breakeven_after_0_5r,0.07557123151369029
929,breakeven_after_1_0r,0.07557123151369029
929,exit_at_first_0_5r,0.07557123151369029
929,exit_at_first_1_0r,0.07557123151369029
929,trail_0_5r_after_1_0r,0.07557123151369029
929,time_exit_after_4_bars_if_mfe_lt_0_3r,0.07557123151369029
929,partial_50pct_at_1r,0.07557123151369029
930,baseline,0.2423415779127416
930,breakeven_after_0_5r,0.0
930,breakeven_after_1_0r,0.2423415779127416
930,exit_at_first_0_5r,0.5
930,exit_at_first_1_0r,0.2423415779127416
930,trail_0_5r_after_1_0r,0.2423415779127416
930,time_exit_after_4_bars_if_mfe_lt_0_3r,0.2423415779127416
930,partial_50pct_at_1r,0.2423415779127416
931,baseline,-1.019256041740053
931,breakeven_after_0_5r,-1.019256041740053
931,breakeven_after_1_0r,-1.019256041740053
931,exit_at_first_0_5r,-1.019256041740053
931,exit_at_first_1_0r,-1.019256041740053
931,trail_0_5r_after_1_0r,-1.019256041740053
931,time_exit_after_4_bars_if_mfe_lt_0_3r,-1.019256041740053
931,partial_50pct_at_1r,-1.019256041740053
932,baseline,-1.0186745665510966
932,breakeven_after_0_5r,-1.0186745665510966
932,breakeven_after_1_0r,-1.0186745665510966
932,exit_at_first_0_5r,-1.0186745665510966
932,exit_at_first_1_0r,-1.0186745665510966
932,trail_0_5r_after_1_0r,-1.0186745665510966
932,time_exit_after_4_bars_if_mfe_lt_0_3r,-1.0186745665510966
932,partial_50pct_at_1r,-1.0186745665510966
933,baseline,0.043209064631529584
933,breakeven_after_0_5r,0.043209064631529584
933,breakeven_after_1_0r,0.043209064631529584
933,exit_at_first_0_5r,0.043209064631529584
933,exit_at_first_1_0r,0.043209064631529584
933,trail_0_5r_after_1_0r,0.043209064631529584
933,time_exit_after_4_bars_if_mfe_lt_0_3r,0.043209064631529584
933,partial_50pct_at_1r,0.043209064631529584
934,baseline,-0.10289476935255515
934,breakeven_after_0_5r,-0.10289476935255515
934,breakeven_after_1_0r,-0.10289476935255515
934,exit_at_first_0_5r,-0.10289476935255515
934,exit_at_first_1_0r,-0.10289476935255515
934,trail_0_5r_after_1_0r,-0.10289476935255515
934,time_exit_after_4_bars_if_mfe_lt_0_3r,-0.10289476935255515
934,partial_50pct_at_1r,-0.10289476935255515
935,baseline,0.24381550478196165
935,breakeven_after_0_5r,0.24381550478196165
935,breakeven_after_1_0r,0.24381550478196165
935,exit_at_first_0_5r,0.5
935,exit_at_first_1_0r,0.24381550478196165
935,trail_0_5r_after_1_0r,0.24381550478196165
935,time_exit_after_4_bars_if_mfe_lt_0_3r,0.24381550478196165
935,partial_50pct_at_1r,0.24381550478196165
936,baseline,0.043338165563867645
936,breakeven_after_0_5r,0.043338165563867645
936,breakeven_after_1_0r,0.043338165563867645
936,exit_at_first_0_5r,0.043338165563867645
936,exit_at_first_1_0r,0.043338165563867645
936,trail_0_5r_after_1_0r,0.043338165563867645
936,time_exit_after_4_bars_if_mfe_lt_0_3r,0.043338165563867645
936,partial_50pct_at_1r,0.043338165563867645
937,baseline,0.25520882720404
937,breakeven_after_0_5r,0.25520882720404
937,breakeven_after_1_0r,0.25520882720404
937,exit_at_first_0_5r,0.5
937,exit_at_first_1_0r,0.25520882720404
937,trail_0_5r_after_1_0r,0.25520882720404
937,time_exit_after_4_bars_if_mfe_lt_0_3r,0.25520882720404
937,partial_50pct_at_1r,0.25520882720404
938,baseline,0.4403701904950989
938,breakeven_after_0_5r,0.0
938,breakeven_after_1_0r,0.4403701904950989
938,exit_at_first_0_5r,0.5
938,exit_at_first_1_0r,0.4403701904950989
938,trail_0_5r_after_1_0r,0.4403701904950989
938,time_exit_after_4_bars_if_mfe_lt_0_3r,0.4403701904950989
938,partial_50pct_at_1r,0.4403701904950989
939,baseline,-1.0194591241832316
939,breakeven_after_0_5r,-1.0194591241832316
939,breakeven_after_1_0r,-1.0194591241832316
939,exit_at_first_0_5r,-1.0194591241832316
939,exit_at_first_1_0r,-1.0194591241832316
939,trail_0_5r_after_1_0r,-1.0194591241832316
939,time_exit_after_4_bars_if_mfe_lt_0_3r,-1.0194591241832316
939,partial_50pct_at_1r,-1.0194591241832316
940,baseline,0.5274306712833876
940,breakeven_after_0_5r,0.5274306712833876
940,breakeven_after_1_0r,0.5274306712833876
940,exit_at_first_0_5r,0.5
940,exit_at_first_1_0r,0.5274306712833876
940,trail_0_5r_after_1_0r,0.5274306712833876
940,time_exit_after_4_bars_if_mfe_lt_0_3r,0.5274306712833876
940,partial_50pct_at_1r,0.5274306712833876
941,baseline,0.5123319127613862
941,breakeven_after_0_5r,0.5123319127613862
941,breakeven_after_1_0r,0.5123319127613862
941,exit_at_first_0_5r,0.5
941,exit_at_first_1_0r,1.0
941,trail_0_5r_after_1_0r,1.2084202934808588
941,time_exit_after_4_bars_if_mfe_lt_0_3r,0.5123319127613862
941,partial_50pct_at_1r,0.7561659563806931
942,baseline,-1.019456178219406
942,breakeven_after_0_5r,-1.019456178219406
942,breakeven_after_1_0r,-1.019456178219406
942,exit_at_first_0_5r,-1.019456178219406
942,exit_at_first_1_0r,-1.019456178219406
942,trail_0_5r_after_1_0r,-1.019456178219406
942,time_exit_after_4_bars_if_mfe_lt_0_3r,-1.019456178219406
942,partial_50pct_at_1r,-1.019456178219406
943,baseline,-1.0189368882103989
943,breakeven_after_0_5r,-1.0189368882103989
943,breakeven_after_1_0r,-1.0189368882103989
943,exit_at_first_0_5r,-1.0189368882103989
943,exit_at_first_1_0r,-1.0189368882103989
943,trail_0_5r_after_1_0r,-1.0189368882103989
943,time_exit_after_4_bars_if_mfe_lt_0_3r,0.13146907832701854
943,partial_50pct_at_1r,-1.0189368882103989
