lag,autocorrelation,asset
1,0.9366431010669095,ETHUSD
2,0.8929795076292167,ETHUSD
4,0.8157026256515698,ETHUSD
8,0.6926065339380233,ETHUSD
16,0.5077506238953362,ETHUSD
