lag,autocorrelation,asset
1,0.9353181560210907,ETHUSD
2,0.8895804574999477,ETHUSD
4,0.8108283601354572,ETHUSD
8,0.6837231631865269,ETHUSD
16,0.49775272426544453,ETHUSD
