{
  "could_have_been_profitable": {
    "loser_was_positive_rate": 0.9913793103448276,
    "avg_mfe_r_of_losers": 1.383739760843846,
    "median_mfe_r_of_losers": 1.0870099006688652,
    "avg_mfe_r_before_loss": 1.383739760843846,
    "median_mfe_r_before_loss": 1.0870099006688652,
    "loser_reached_0_5r_rate": 0.7672413793103449,
    "loser_reached_1r_rate": 0.5603448275862069,
    "loser_reached_1_5r_rate": 0.3448275862068966,
    "loser_reached_2r_rate": 0.23275862068965517
  },
  "capture_giveback": {
    "avg_capture_ratio": -2.781680705473783,
    "median_capture_ratio": 0.11793107569721158,
    "avg_giveback_r": 2.8805486240437403,
    "median_giveback_r": 2.149930083026926,
    "avg_giveback_r_winners": 1.904835136592914,
    "avg_giveback_r_losers": 3.9908432821774404,
    "median_giveback_r_winners": 1.6323617545691405,
    "median_giveback_r_losers": 3.125634050538875
  },
  "mae_before_win": {
    "winner_had_negative_mae_rate": 1.0,
    "winner_had_mae_below_minus_0_25r_rate": 0.8560606060606061,
    "winner_had_mae_below_minus_0_5r_rate": 0.75,
    "winner_had_mae_below_minus_1r_rate": 0.5606060606060606,
    "avg_mae_r_of_winners": -1.4007838403745072,
    "median_mae_r_of_winners": -1.0901744986079644,
    "p90_abs_mae_r_of_winners": 2.7639239380975593,
    "avg_mae_r": -3.0288078520413353,
    "median_mae_r": -2.1350542287324625,
    "q10_mae_r": -6.695846771650626,
    "q25_mae_r": -3.877363584438248,
    "q75_mae_r": -1.0372355073231807,
    "q90_mae_r": -0.3514929509212082
  },
  "conditional_probabilities": {
    "prob_final_win": 0.532258064516129,
    "prob_final_loss": 0.46774193548387094,
    "prob_final_win_given_mae_gt_minus_0_5r": 1.0,
    "prob_final_win_given_mae_gt_minus_1r": 1.0,
    "prob_mfe_ge_0_5r": 0.8911290322580645,
    "prob_final_loss_given_mfe_ge_0_5r": 0.40271493212669685,
    "prob_mfe_ge_1r": 0.7903225806451613,
    "prob_final_loss_given_mfe_ge_1r": 0.33163265306122447,
    "prob_mfe_ge_1_5r": 0.657258064516129,
    "prob_final_loss_given_mfe_ge_1_5r": 0.24539877300613497,
    "prob_mfe_ge_2r": 0.5685483870967742,
    "prob_final_loss_given_mfe_ge_2r": 0.19148936170212766,
    "prob_stop_loss_given_mfe_ge_0_5r": 0.0,
    "prob_stop_loss_given_mfe_ge_1r": 0.0
  },
  "exit_reason_quality": {
    "position_exit": {
      "trade_count": 245,
      "avg_r": 0.41097042550325125,
      "median_r": 0.21627368563318944,
      "win_rate": 0.5265306122448979,
      "avg_mfe_r": 3.3096670009184233,
      "avg_mae_r": -3.0488910728288725,
      "avg_giveback_r": 2.8986965754151717,
      "avg_bars_held": 24.13061224489796,
      "profit_factor": 1.3329357174918899,
      "stop_after_positive_rate": 0.9959183673469387,
      "stop_after_0_5r_rate": 0.889795918367347,
      "stop_after_1r_rate": 0.7877551020408163
    },
    "reversal": {
      "trade_count": 3,
      "avg_r": 6.725809252813785,
      "median_r": 4.370889393736604,
      "win_rate": 1.0,
      "avg_mfe_r": 8.124275181524006,
      "avg_mae_r": -1.388678154392468,
      "avg_giveback_r": 1.3984659287102204,
      "avg_bars_held": 24.0,
      "profit_factor": Infinity,
      "stop_after_positive_rate": 1.0,
      "stop_after_0_5r_rate": 1.0,
      "stop_after_1r_rate": 1.0
    }
  },
  "timing": {
    "avg_time_to_mfe": 11.798387096774194,
    "median_time_to_mfe": 11.0,
    "avg_time_to_mae": 10.044354838709678,
    "median_time_to_mae": 9.0,
    "prob_mfe_ge_0_5r_within_1_bar": 0.07258064516129033,
    "prob_mfe_ge_0_5r_within_2_bars": 0.12096774193548387,
    "prob_mfe_ge_1r_within_4_bars": 0.12096774193548387,
    "avg_r_by_bars_held_bucket": {
      "1": null,
      "2": null,
      "3-4": null,
      "5-8": null,
      "9-16": null,
      "17+": 0.48735960486587865
    },
    "win_rate_by_bars_held_bucket": {
      "1": null,
      "2": null,
      "3-4": null,
      "5-8": null,
      "9-16": null,
      "17+": 0.532258064516129
    }
  },
  "warnings": [],
  "trade_ledger_construction": {
    "ledger_source": "position_transitions",
    "trade_count": 248,
    "position_transition_count": 496,
    "fallback_price_risk_distance_count": 0,
    "end_of_data_exit_count": 0,
    "skipped_missing_price_count": 0,
    "warnings": []
  },
  "path_construction": {
    "trade_count": 248,
    "path_trade_count": 248,
    "skipped_trade_paths_missing_risk": 0,
    "skipped_trade_paths_missing_asset_frame": 0,
    "skipped_trade_paths_missing_timestamps": 0,
    "truncated": false,
    "warnings": []
  },
  "counterfactual": {
    "counterfactual.baseline.trade_count": 248,
    "counterfactual.baseline.avg_r": 0.48735960486587865,
    "counterfactual.baseline.median_r": 0.23179437137984243,
    "counterfactual.baseline.win_rate": 0.532258064516129,
    "counterfactual.baseline.profit_factor": 1.399654718606279,
    "counterfactual.breakeven_after_0_5r.trade_count": 248,
    "counterfactual.breakeven_after_0_5r.avg_r": -0.10838484769471808,
    "counterfactual.breakeven_after_0_5r.median_r": 0.0,
    "counterfactual.breakeven_after_0_5r.win_rate": 0.008064516129032258,
    "counterfactual.breakeven_after_0_5r.profit_factor": 0.13787694376208587,
    "counterfactual.breakeven_after_1_0r.trade_count": 248,
    "counterfactual.breakeven_after_1_0r.avg_r": -0.10023915486122613,
    "counterfactual.breakeven_after_1_0r.median_r": 0.0,
    "counterfactual.breakeven_after_1_0r.win_rate": 0.0967741935483871,
    "counterfactual.breakeven_after_1_0r.profit_factor": 0.7623317071174166,
    "counterfactual.exit_at_first_0_5r.trade_count": 248,
    "counterfactual.exit_at_first_0_5r.avg_r": 0.3541201745906975,
    "counterfactual.exit_at_first_0_5r.median_r": 0.5,
    "counterfactual.exit_at_first_0_5r.win_rate": 0.9596774193548387,
    "counterfactual.exit_at_first_0_5r.profit_factor": 3.8167698131896146,
    "counterfactual.exit_at_first_1_0r.trade_count": 248,
    "counterfactual.exit_at_first_1_0r.avg_r": 0.43144308854483804,
    "counterfactual.exit_at_first_1_0r.median_r": 1.0,
    "counterfactual.exit_at_first_1_0r.win_rate": 0.8548387096774194,
    "counterfactual.exit_at_first_1_0r.profit_factor": 2.0229569719776723,
    "counterfactual.partial_50pct_at_1r.trade_count": 248,
    "counterfactual.partial_50pct_at_1r.avg_r": 0.45940134670535826,
    "counterfactual.partial_50pct_at_1r.median_r": 0.6119036268872109,
    "counterfactual.partial_50pct_at_1r.win_rate": 0.657258064516129,
    "counterfactual.partial_50pct_at_1r.profit_factor": 1.6619529558565715,
    "counterfactual.time_exit_after_4_bars_if_mfe_lt_0_3r.trade_count": 248,
    "counterfactual.time_exit_after_4_bars_if_mfe_lt_0_3r.avg_r": 0.44578435400516464,
    "counterfactual.time_exit_after_4_bars_if_mfe_lt_0_3r.median_r": 0.11820190505065145,
    "counterfactual.time_exit_after_4_bars_if_mfe_lt_0_3r.win_rate": 0.5080645161290323,
    "counterfactual.time_exit_after_4_bars_if_mfe_lt_0_3r.profit_factor": 1.365866031670386,
    "counterfactual.trail_0_5r_after_1_0r.trade_count": 248,
    "counterfactual.trail_0_5r_after_1_0r.avg_r": 0.6084866129430726,
    "counterfactual.trail_0_5r_after_1_0r.median_r": 0.8391426410510767,
    "counterfactual.trail_0_5r_after_1_0r.win_rate": 0.8548387096774194,
    "counterfactual.trail_0_5r_after_1_0r.profit_factor": 2.442729387935268,
    "counterfactual.best_policy_by_avg_r": "trail_0_5r_after_1_0r",
    "counterfactual.best_policy_by_profit_factor": "exit_at_first_0_5r"
  }
}