lag,autocorrelation,asset
1,0.9354242062783178,ETHUSD
2,0.890680224230774,ETHUSD
4,0.81298830111207,ETHUSD
8,0.6848622096963524,ETHUSD
16,0.4965921734092845,ETHUSD
