{
  "could_have_been_profitable": {
    "loser_was_positive_rate": 0.9901315789473685,
    "avg_mfe_r_of_losers": 2.0192133834497614,
    "median_mfe_r_of_losers": 1.4460106572840996,
    "avg_mfe_r_before_loss": 2.0192133834497614,
    "median_mfe_r_before_loss": 1.4460106572840996,
    "loser_reached_0_5r_rate": 0.7730263157894737,
    "loser_reached_1r_rate": 0.6052631578947368,
    "loser_reached_1_5r_rate": 0.4868421052631579,
    "loser_reached_2r_rate": 0.3881578947368421
  },
  "capture_giveback": {
    "avg_capture_ratio": -9.014149680494063,
    "median_capture_ratio": 0.16931348339896973,
    "avg_giveback_r": 4.3603762794573235,
    "median_giveback_r": 2.830083190168614,
    "avg_giveback_r_winners": 2.4952418902233844,
    "avg_giveback_r_losers": 6.734741439436056,
    "median_giveback_r_winners": 1.96140529424074,
    "median_giveback_r_losers": 4.590040894522937
  },
  "mae_before_win": {
    "winner_had_negative_mae_rate": 0.9819121447028424,
    "winner_had_mae_below_minus_0_25r_rate": 0.875968992248062,
    "winner_had_mae_below_minus_0_5r_rate": 0.7622739018087855,
    "winner_had_mae_below_minus_1r_rate": 0.5788113695090439,
    "avg_mae_r_of_winners": -1.9665491265123467,
    "median_mae_r_of_winners": -1.3609693712313242,
    "p90_abs_mae_r_of_winners": 4.6728230844181144,
    "avg_mae_r": -4.438782305243905,
    "median_mae_r": -2.586120848188119,
    "q10_mae_r": -9.78502291722002,
    "q25_mae_r": -5.559813854667064,
    "q75_mae_r": -1.034597457557877,
    "q90_mae_r": -0.3493108980500688
  },
  "conditional_probabilities": {
    "prob_final_win": 0.5600578871201157,
    "prob_final_loss": 0.4399421128798842,
    "prob_final_win_given_mae_gt_minus_0_5r": 0.9787234042553191,
    "prob_final_win_given_mae_gt_minus_1r": 0.9644970414201184,
    "prob_mfe_ge_0_5r": 0.8986975397973951,
    "prob_final_loss_given_mfe_ge_0_5r": 0.3784219001610306,
    "prob_mfe_ge_1r": 0.8147612156295224,
    "prob_final_loss_given_mfe_ge_1r": 0.3268206039076377,
    "prob_mfe_ge_1_5r": 0.7424023154848046,
    "prob_final_loss_given_mfe_ge_1_5r": 0.2884990253411306,
    "prob_mfe_ge_2r": 0.678726483357453,
    "prob_final_loss_given_mfe_ge_2r": 0.2515991471215352,
    "prob_stop_loss_given_mfe_ge_0_5r": 0.0,
    "prob_stop_loss_given_mfe_ge_1r": 0.0
  },
  "exit_reason_quality": {
    "position_exit": {
      "trade_count": 1,
      "avg_r": -4.632040081288478,
      "median_r": -4.632040081288478,
      "win_rate": 0.0,
      "avg_mfe_r": 0.3900369211167032,
      "avg_mae_r": -6.037771538886572,
      "avg_giveback_r": 5.022077002405181,
      "avg_bars_held": 24.0,
      "profit_factor": 0.0,
      "stop_after_positive_rate": 1.0,
      "stop_after_0_5r_rate": 0.0,
      "stop_after_1r_rate": 0.0
    },
    "reversal": {
      "trade_count": 690,
      "avg_r": 0.5262234884409899,
      "median_r": 0.4649738884601853,
      "win_rate": 0.5608695652173913,
      "avg_mfe_r": 4.885640781343317,
      "avg_mae_r": -4.436464929542973,
      "avg_giveback_r": 4.359417292902327,
      "avg_bars_held": 63.4536231884058,
      "profit_factor": 1.2541095472705563,
      "stop_after_positive_rate": 0.9956521739130435,
      "stop_after_0_5r_rate": 0.9,
      "stop_after_1r_rate": 0.8159420289855073
    }
  },
  "timing": {
    "avg_time_to_mfe": 31.19971056439942,
    "median_time_to_mfe": 20.0,
    "avg_time_to_mae": 30.34587554269175,
    "median_time_to_mae": 16.0,
    "prob_mfe_ge_0_5r_within_1_bar": 0.041968162083936326,
    "prob_mfe_ge_0_5r_within_2_bars": 0.07380607814761216,
    "prob_mfe_ge_1r_within_4_bars": 0.06222865412445731,
    "avg_r_by_bars_held_bucket": {
      "1": null,
      "2": null,
      "3-4": null,
      "5-8": null,
      "9-16": null,
      "17+": 0.5187585628697461
    },
    "win_rate_by_bars_held_bucket": {
      "1": null,
      "2": null,
      "3-4": null,
      "5-8": null,
      "9-16": null,
      "17+": 0.5600578871201157
    }
  },
  "warnings": [],
  "trade_ledger_construction": {
    "ledger_source": "position_transitions",
    "trade_count": 691,
    "position_transition_count": 1382,
    "fallback_price_risk_distance_count": 0,
    "end_of_data_exit_count": 0,
    "skipped_missing_price_count": 0,
    "warnings": []
  },
  "path_construction": {
    "trade_count": 691,
    "path_trade_count": 691,
    "skipped_trade_paths_missing_risk": 0,
    "skipped_trade_paths_missing_asset_frame": 0,
    "skipped_trade_paths_missing_timestamps": 0,
    "truncated": false,
    "warnings": []
  },
  "counterfactual": {
    "counterfactual.baseline.trade_count": 691,
    "counterfactual.baseline.avg_r": 0.5187585628697461,
    "counterfactual.baseline.median_r": 0.44131683187167586,
    "counterfactual.baseline.win_rate": 0.5600578871201157,
    "counterfactual.baseline.profit_factor": 1.2500572260294676,
    "counterfactual.breakeven_after_0_5r.trade_count": 691,
    "counterfactual.breakeven_after_0_5r.avg_r": -0.20129329260506876,
    "counterfactual.breakeven_after_0_5r.median_r": 0.0,
    "counterfactual.breakeven_after_0_5r.win_rate": 0.020260492040520984,
    "counterfactual.breakeven_after_0_5r.profit_factor": 0.458489948463947,
    "counterfactual.breakeven_after_1_0r.trade_count": 691,
    "counterfactual.breakeven_after_1_0r.avg_r": -0.2313832756036144,
    "counterfactual.breakeven_after_1_0r.median_r": 0.0,
    "counterfactual.breakeven_after_1_0r.win_rate": 0.1085383502170767,
    "counterfactual.breakeven_after_1_0r.profit_factor": 0.6973303548343895,
    "counterfactual.exit_at_first_0_5r.trade_count": 691,
    "counterfactual.exit_at_first_0_5r.avg_r": 0.09216200237384048,
    "counterfactual.exit_at_first_0_5r.median_r": 0.5,
    "counterfactual.exit_at_first_0_5r.win_rate": 0.9290882778581766,
    "counterfactual.exit_at_first_0_5r.profit_factor": 1.2479300229493464,
    "counterfactual.exit_at_first_1_0r.trade_count": 691,
    "counterfactual.exit_at_first_1_0r.avg_r": 0.07222905799274472,
    "counterfactual.exit_at_first_1_0r.median_r": 1.0,
    "counterfactual.exit_at_first_1_0r.win_rate": 0.8451519536903039,
    "counterfactual.exit_at_first_1_0r.profit_factor": 1.0944819511966875,
    "counterfactual.partial_50pct_at_1r.trade_count": 691,
    "counterfactual.partial_50pct_at_1r.avg_r": 0.2954938104312454,
    "counterfactual.partial_50pct_at_1r.median_r": 0.7206584159358379,
    "counterfactual.partial_50pct_at_1r.win_rate": 0.6425470332850941,
    "counterfactual.partial_50pct_at_1r.profit_factor": 1.2275363087880027,
    "counterfactual.time_exit_after_4_bars_if_mfe_lt_0_3r.trade_count": 691,
    "counterfactual.time_exit_after_4_bars_if_mfe_lt_0_3r.avg_r": 0.6093765885206651,
    "counterfactual.time_exit_after_4_bars_if_mfe_lt_0_3r.median_r": 0.1731333363709884,
    "counterfactual.time_exit_after_4_bars_if_mfe_lt_0_3r.win_rate": 0.5267727930535456,
    "counterfactual.time_exit_after_4_bars_if_mfe_lt_0_3r.profit_factor": 1.3315937630052959,
    "counterfactual.trail_0_5r_after_1_0r.trade_count": 691,
    "counterfactual.trail_0_5r_after_1_0r.avg_r": 0.18732348355294626,
    "counterfactual.trail_0_5r_after_1_0r.median_r": 0.7599463554824561,
    "counterfactual.trail_0_5r_after_1_0r.win_rate": 0.8451519536903039,
    "counterfactual.trail_0_5r_after_1_0r.profit_factor": 1.2450355677187532,
    "counterfactual.best_policy_by_avg_r": "time_exit_after_4_bars_if_mfe_lt_0_3r",
    "counterfactual.best_policy_by_profit_factor": "time_exit_after_4_bars_if_mfe_lt_0_3r"
  }
}