lag,autocorrelation,asset
1,0.9371313133947508,ETHUSD
2,0.8934956642212702,ETHUSD
4,0.8145986503309715,ETHUSD
8,0.6877769685677182,ETHUSD
16,0.49821568967776375,ETHUSD
