regime,rows,realized_mean,sharpe,hit_rate,calibration_slope,prediction_correlation,turnover_mean,cost_mean,asset
all,43800,0.0038125092055075675,0.001525721639993242,0.5189269406392694,0.12265188737307212,0.048086224254329825,,,ETHUSD
