lag,autocorrelation,asset
1,0.9371313133947511,ETHUSD
2,0.8934956642212699,ETHUSD
4,0.8145986503309715,ETHUSD
8,0.6877769685677187,ETHUSD
16,0.4982156896777639,ETHUSD
