asset,signal_time,entry_time,exit_time,side,signal_module,entry_cluster,entry_price,exit_price,take_profit_price,stop_loss_price,exit_reason,bars_held,gross_return,net_return,cost_return,gross_pnl_currency,net_pnl_currency,cost_currency,gross_r_multiple,net_r_multiple,mfe_r_multiple,mae_r_multiple,realized_r,cost,entry_context_age_bars,entry_macro_context_age_bars,entry_laggard_gap,signal_strength,entry_relay_score,trade_id,signal_timestamp,entry_timestamp,exit_timestamp,raw_entry_price,raw_exit_price,position_size,entry_cost,exit_cost,holding_cost,total_cost,entry_turnover,exit_turnover,holding_turnover,total_turnover,trade_r,gross_trade_r,total_cost_r,max_favorable_r,max_adverse_r,time_to_mfe,time_to_mae,risk_distance,risk_distance_source,cost_component_reconciliation,return_unit,r_multiple_unit,currency_pnl_available
ETHUSD,2022-03-16 01:00:00,2022-03-16 01:00:00,2022-03-16 13:00:00,short,,,2626.2,2674.9,,,position_exit,24,-0.019132872235749332,-0.01932914609681824,0.00019627386106890743,,,,-2.730418282467562,-2.7598664323378546,1.040025855026124,-5.987857752926786,,,,,,,,0,2022-03-16 01:00:00,2022-03-16 01:00:00,2022-03-16 13:00:00,2626.2,2674.9,1.0,0.0001,9.627386106890742e-05,0.0,0.00019627386106890743,1.0,1.0,0.0,2.0,-2.7598664323378546,-2.730418282467562,0.029448149870292695,1.040025855026124,-5.987857752926786,6,2,17.836095045477283,atr_48,0.0,fractional_return,R,False
ETHUSD,2022-03-17 10:30:00,2022-03-17 10:30:00,2022-03-17 22:30:00,long,,,2773.0,2821.3,,,position_exit,24,0.017417958889289542,0.017214665763794157,0.00020329312549538514,,,,2.4482202903293273,2.4201088416126266,3.2364154355595596,-0.3649520929683363,,,,,,,,1,2022-03-17 10:30:00,2022-03-17 10:30:00,2022-03-17 22:30:00,2773.0,2821.3,1.0,0.0001,0.00010329312549538514,0.0,0.00020329312549538514,1.0,1.0,0.0,2.0,2.4201088416126266,2.4482202903293273,0.028111448716700613,3.2364154355595596,-0.3649520929683363,7,2,19.72861682046717,atr_48,0.0,fractional_return,R,False
ETHUSD,2022-03-18 15:30:00,2022-03-18 15:30:00,2022-03-19 04:30:00,long,,,2899.0,2947.55,,,position_exit,24,0.016747154191099956,0.016543787334770688,0.00020336685632926788,,,,2.6153577113070905,2.5841242529957444,4.678554422801666,-0.7487841851116098,,,,,,,,2,2022-03-18 15:30:00,2022-03-18 15:30:00,2022-03-19 04:30:00,2899.0,2947.55,1.0,0.0001,0.00010336685632926787,0.0,0.00020336685632926788,1.0,1.0,0.0,2.0,2.5841242529957444,2.6153577113070905,0.031233458311345937,4.678554422801666,-0.7487841851116098,9,1,18.563426253357942,atr_48,0.0,fractional_return,R,False
ETHUSD,2022-03-24 05:30:00,2022-03-24 05:30:00,2022-03-24 17:30:00,short,,,3049.5,3099.45,,,position_exit,24,-0.01677584747175176,-0.016971814464463608,0.00019596699271184903,,,,-2.490193451772782,-2.5205992372830166,2.260866327085002,-4.005746623622516,,,,,,,,3,2022-03-24 05:30:00,2022-03-24 05:30:00,2022-03-24 17:30:00,3049.5,3099.45,1.0,0.0001,9.596699271184903e-05,0.0,0.00019596699271184903,1.0,1.0,0.0,2.0,-2.5205992372830166,-2.490193451772782,0.03040578551023474,2.260866327085002,-4.005746623622516,16,20,20.058682575219265,atr_48,0.0,fractional_return,R,False
ETHUSD,2022-03-25 18:00:00,2022-03-25 18:00:00,2022-03-26 07:00:00,short,,,3125.0,3120.15,,,position_exit,24,0.001236421651939823,0.001036251670329058,0.00020016998161076494,,,,0.24281646211493743,0.2115256809145583,2.080211134201213,-0.4080317868529483,,,,,,,,4,2022-03-25 18:00:00,2022-03-25 18:00:00,2022-03-26 07:00:00,3125.0,3120.15,1.0,0.0001,0.00010016998161076493,0.0,0.00020016998161076494,1.0,1.0,0.0,2.0,0.2115256809145583,0.24281646211493743,0.03129078120037912,2.080211134201213,-0.4080317868529483,3,22,19.973934047783615,atr_48,0.0,fractional_return,R,False
ETHUSD,2022-03-28 13:30:00,2022-03-28 13:30:00,2022-03-29 01:30:00,long,,,3380.3,3390.8500000000004,,,position_exit,24,0.003121024761115976,0.0029208542905958534,0.00020017047052012238,,,,0.6361814601860369,0.5954139873923531,3.147741442816155,-3.7899530590229347,,,,,,,,5,2022-03-28 13:30:00,2022-03-28 13:30:00,2022-03-29 01:30:00,3380.3,3390.8500000000004,1.0,0.0001,0.00010017047052012237,0.0,0.00020017047052012238,1.0,1.0,0.0,2.0,0.5954139873923531,0.6361814601860369,0.04076747279368386,3.147741442816155,-3.7899530590229347,12,20,16.583318848862827,atr_48,0.0,fractional_return,R,False
ETHUSD,2022-03-30 11:00:00,2022-03-30 11:00:00,2022-03-30 23:00:00,short,,,3413.3,3391.65,,,position_exit,24,0.005836750693178461,0.005635550367325326,0.00020120032585313474,,,,1.0205616069919488,0.9883816260852919,2.9768344333275465,-1.623942141379783,,,,,,,,6,2022-03-30 11:00:00,2022-03-30 11:00:00,2022-03-30 23:00:00,3413.3,3391.65,1.0,0.0001,0.00010120032585313474,0.0,0.00020120032585313474,1.0,1.0,0.0,2.0,0.9883816260852919,1.0205616069919488,0.03217998090665685,2.9768344333275465,-1.623942141379783,8,14,21.213809976462194,atr_48,0.0,fractional_return,R,False
ETHUSD,2022-04-02 13:30:00,2022-04-02 13:30:00,2022-04-03 01:30:00,short,,,3505.15,3441.1,,,position_exit,24,0.018075744278278183,0.017871496748207205,0.00020424753007097785,,,,2.8415897295507935,2.8104884079566173,4.0416678276670766,-0.26619107536775505,,,,,,,,7,2022-04-02 13:30:00,2022-04-02 13:30:00,2022-04-03 01:30:00,3505.15,3441.1,1.0,0.0001,0.00010424753007097784,0.0,0.00020424753007097785,1.0,1.0,0.0,2.0,2.8104884079566173,2.8415897295507935,0.031101321594176223,4.0416678276670766,-0.26619107536775505,24,1,22.540199710718053,atr_48,0.0,fractional_return,R,False
ETHUSD,2022-04-04 01:00:00,2022-04-04 01:00:00,2022-04-04 13:00:00,short,,,3487.8,3462.7,,,position_exit,24,0.007040216481759787,0.006838951920592473,0.00020126456116731362,,,,1.1376866378467625,1.1060689210700145,1.7359919613358796,-1.0923604769763535,,,,,,,,8,2022-04-04 01:00:00,2022-04-04 01:00:00,2022-04-04 13:00:00,3487.8,3462.7,1.0,0.0001,0.00010126456116731361,0.0,0.00020126456116731362,1.0,1.0,0.0,2.0,1.1060689210700145,1.1376866378467625,0.03161771677674806,1.7359919613358796,-1.0923604769763535,19,13,22.062314142588303,atr_48,0.0,fractional_return,R,False
ETHUSD,2022-04-07 12:30:00,2022-04-07 12:30:00,2022-04-08 00:30:00,short,,,3231.05,3219.0,,,position_exit,24,0.003175146101996207,0.0029748400226268235,0.00020030607936938338,,,,0.4767195599148947,0.4511543361130192,2.822733659745012,-1.123554813409347,,,,,,,,9,2022-04-07 12:30:00,2022-04-07 12:30:00,2022-04-08 00:30:00,3231.05,3219.0,1.0,0.0001,0.00010030607936938338,0.0,0.00020030607936938338,1.0,1.0,0.0,2.0,0.4511543361130192,0.4767195599148947,0.025565223801875474,2.822733659745012,-1.123554813409347,6,21,25.276915430429124,atr_48,0.0,fractional_return,R,False
ETHUSD,2022-04-08 14:00:00,2022-04-08 14:00:00,2022-04-09 02:30:00,short,,,3284.3,3189.4,,,position_exit,24,0.029138897616381998,0.028933794405149982,0.00020510321123201614,,,,4.027003423559871,3.999130109873891,4.701706842259579,-0.9887163305473725,,,,,,,,10,2022-04-08 14:00:00,2022-04-08 14:00:00,2022-04-09 02:30:00,3284.3,3189.4,1.0,0.0001,0.00010510321123201613,0.0,0.00020510321123201614,1.0,1.0,0.0,2.0,3.999130109873891,4.027003423559871,0.02787331368598035,4.701706842259579,-0.9887163305473725,18,2,23.565909938092002,atr_48,0.0,fractional_return,R,False
ETHUSD,2022-04-11 18:00:00,2022-04-11 18:00:00,2022-04-12 06:00:00,short,,,3025.9,3015.8,,,position_exit,24,0.002765569099012044,0.0025651503800907527,0.00020041871892129137,,,,0.491677245686939,0.4622165292963623,3.6754091137984384,-0.6912689988865849,,,,,,,,11,2022-04-11 18:00:00,2022-04-11 18:00:00,2022-04-12 06:00:00,3025.9,3015.8,1.0,0.0001,0.00010041871892129137,0.0,0.00020041871892129137,1.0,1.0,0.0,2.0,0.4622165292963623,0.491677245686939,0.029460716390576677,3.6754091137984384,-0.6912689988865849,7,2,20.541930887789725,atr_48,0.0,fractional_return,R,False
ETHUSD,2022-04-12 19:00:00,2022-04-12 19:00:00,2022-04-13 07:00:00,long,,,2976.4,3058.3,,,position_exit,24,0.027516462841015388,0.027311275531514134,0.00020518730950125352,,,,3.698674102260616,3.6717907479310226,4.242862416451594,-0.3928994467602971,,,,,,,,12,2022-04-12 19:00:00,2022-04-12 19:00:00,2022-04-13 07:00:00,2976.4,3058.3,1.0,0.0001,0.00010518730950125352,0.0,0.00020518730950125352,1.0,1.0,0.0,2.0,3.6717907479310226,3.698674102260616,0.02688335432959337,4.242862416451594,-0.3928994467602971,21,3,22.14307012070707,atr_48,0.0,fractional_return,R,False
ETHUSD,2022-04-14 01:30:00,2022-04-14 01:30:00,2022-04-14 13:30:00,short,,,3140.2,3047.1,,,position_exit,24,0.030203035897709896,0.029998484809878656,0.00020455108783123954,,,,4.76299573360538,4.730865209002442,4.929265724305868,-0.2148719879822118,,,,,,,,13,2022-04-14 01:30:00,2022-04-14 01:30:00,2022-04-14 13:30:00,3140.2,3047.1,1.0,0.0001,0.00010455108783123954,0.0,0.00020455108783123954,1.0,1.0,0.0,2.0,4.730865209002442,4.76299573360538,0.032130524602937985,4.929265724305868,-0.2148719879822118,24,1,19.546521812549948,atr_48,0.0,fractional_return,R,False
ETHUSD,2022-04-18 13:30:00,2022-04-18 13:30:00,2022-04-19 01:30:00,short,,,2923.5,3053.3,,,position_exit,24,-0.04314788788287127,-0.04333890651582917,0.00019101863295789556,,,,-8.599390736110557,-8.638127745073607,1.8351550338232707,-11.275934539953877,,,,,,,,14,2022-04-18 13:30:00,2022-04-18 13:30:00,2022-04-19 01:30:00,2923.5,3053.3,1.0,0.0001,9.101863295789556e-05,0.0,0.00019101863295789556,1.0,1.0,0.0,2.0,-8.638127745073607,-8.599390736110557,0.03873700896304958,1.8351550338232707,-11.275934539953877,5,21,15.094092591344186,atr_48,0.0,fractional_return,R,False
ETHUSD,2022-04-20 03:30:00,2022-04-20 03:30:00,2022-04-20 15:30:00,long,,,3092.7,3069.65,,,position_exit,24,-0.007453034565265582,-0.007651267302356546,0.00019823273709096423,,,,-1.4445312100137315,-1.4832947820155495,4.65634138412242,-2.513045619156234,,,,,,,,15,2022-04-20 03:30:00,2022-04-20 03:30:00,2022-04-20 15:30:00,3092.7,3069.65,1.0,0.0001,9.823273709096422e-05,0.0,0.00019823273709096423,1.0,1.0,0.0,2.0,-1.4832947820155495,-1.4445312100137315,0.03876357200181796,4.65634138412242,-2.513045619156234,16,23,15.956733811089217,atr_48,0.0,fractional_return,R,False
ETHUSD,2022-04-21 04:30:00,2022-04-21 04:30:00,2022-04-21 16:30:00,long,,,3084.8500000000004,3079.7,,,position_exit,24,-0.0016694490818037755,-0.0018694390651085024,0.00019998998330472695,,,,-0.31766429394503076,-0.35572047635964144,5.819733229846661,-1.0547688206717605,,,,,,,,16,2022-04-21 04:30:00,2022-04-21 04:30:00,2022-04-21 16:30:00,3084.8500000000004,3079.7,1.0,0.0001,9.998998330472694e-05,0.0,0.00019998998330472695,1.0,1.0,0.0,2.0,-0.35572047635964144,-0.31766429394503076,0.03805618241461066,5.819733229846661,-1.0547688206717605,16,3,16.212083316142895,atr_48,0.0,fractional_return,R,False
ETHUSD,2022-04-27 08:00:00,2022-04-27 08:00:00,2022-04-27 20:00:00,short,,,2890.05,2872.9,,,position_exit,24,0.004678841667362876,0.004477203126765028,0.00020163854059784825,,,,0.8654144588743954,0.8362472162286819,3.4490424643769635,-1.5062753118017775,,,,,,,,17,2022-04-27 08:00:00,2022-04-27 08:00:00,2022-04-27 20:00:00,2890.05,2872.9,1.0,0.0001,0.00010163854059784824,0.0,0.00020163854059784825,1.0,1.0,0.0,2.0,0.8362472162286819,0.8654144588743954,0.029167242645713506,3.4490424643769635,-1.5062753118017775,13,11,19.81709436921854,atr_48,0.0,fractional_return,R,False
ETHUSD,2022-04-29 18:30:00,2022-04-29 18:30:00,2022-04-30 06:30:00,long,,,2816.05,2832.15,,,position_exit,24,0.00571722803217245,0.005516256201416603,0.00020097183075584724,,,,0.7607577759272208,0.7341449568601418,1.2309155318573917,-1.878268421932124,,,,,,,,18,2022-04-29 18:30:00,2022-04-29 18:30:00,2022-04-30 06:30:00,2816.05,2832.15,1.0,0.0001,0.00010097183075584723,0.0,0.00020097183075584724,1.0,1.0,0.0,2.0,0.7341449568601418,0.7607577759272208,0.02661281906707904,1.2309155318573917,-1.878268421932124,22,2,21.1631093489344,atr_48,0.0,fractional_return,R,False
ETHUSD,2022-05-01 22:30:00,2022-05-01 22:30:00,2022-05-02 10:30:00,short,,,2807.55,2806.0,,,position_exit,24,0.00011064857811238227,-8.901320350496178e-05,0.00019966178161734405,,,,0.0864333234807405,0.05512159737256959,0.2871816876940446,-3.7389382834728684,,,,,,,,19,2022-05-01 22:30:00,2022-05-01 22:30:00,2022-05-02 10:30:00,2807.55,2806.0,1.0,0.0001,9.966178161734404e-05,0.0,0.00019966178161734405,1.0,1.0,0.0,2.0,0.05512159737256959,0.0864333234807405,0.03131172610817091,0.2871816876940446,-3.7389382834728684,24,15,17.93289830334432,atr_48,0.0,fractional_return,R,False
ETHUSD,2022-05-06 07:30:00,2022-05-06 07:30:00,2022-05-06 19:30:00,long,,,2730.0,2688.5,,,position_exit,24,-0.015201465201465258,-0.015398167832417542,0.00019670263095228346,,,,-2.2790572688083843,-2.3090419740799355,0.7688385967064428,-5.318715577929923,,,,,,,,20,2022-05-06 07:30:00,2022-05-06 07:30:00,2022-05-06 19:30:00,2730.0,2688.5,1.0,0.0001,9.670263095228346e-05,0.0,0.00019670263095228346,1.0,1.0,0.0,2.0,-2.3090419740799355,-2.2790572688083843,0.029984705271551275,0.7688385967064428,-5.318715577929923,1,12,18.20928353489707,atr_48,0.0,fractional_return,R,False
ETHUSD,2022-05-07 22:00:00,2022-05-07 22:00:00,2022-05-08 10:00:00,long,,,2622.75,2557.5,,,position_exit,24,-0.024878467257649528,-0.02507322828767522,0.0001947610300256919,,,,-3.8791055751715913,-3.9102900170023385,1.8964516145283388,-6.221431393742642,,,,,,,,21,2022-05-07 22:00:00,2022-05-07 22:00:00,2022-05-08 10:00:00,2622.75,2557.5,1.0,0.0001,9.476103002569189e-05,0.0,0.0001947610300256919,1.0,1.0,0.0,2.0,-3.9102900170023385,-3.8791055751715913,0.031184441830747256,1.8964516145283388,-6.221431393742642,3,10,16.820887891692323,atr_48,0.0,fractional_return,R,False
ETHUSD,2022-05-12 21:30:00,2022-05-12 21:30:00,2022-05-13 09:30:00,long,,,1908.9,2073.9,,,position_exit,24,0.08643721515008651,0.08621969761904791,0.00021751753103860239,,,,2.9189406868118115,2.9121867887790174,4.051135862302454,-0.2839333213535158,,,,,,,,22,2022-05-12 21:30:00,2022-05-12 21:30:00,2022-05-13 09:30:00,1908.9,2073.9,1.0,0.0001,0.00011751753103860238,0.0,0.00021751753103860239,1.0,1.0,0.0,2.0,2.9121867887790174,2.9189406868118115,0.006753898032794022,4.051135862302454,-0.2839333213535158,16,2,56.52735622395255,atr_48,0.0,fractional_return,R,False
ETHUSD,2022-05-13 23:30:00,2022-05-13 23:30:00,2022-05-14 11:30:00,short,,,2005.65,1981.8,,,position_exit,24,0.011065712622663426,0.010863004675235377,0.0002027079474280491,,,,0.6047199551675995,0.594549250110309,0.9774404306797039,-1.5377889006672854,,,,,,,,23,2022-05-13 23:30:00,2022-05-13 23:30:00,2022-05-14 11:30:00,2005.65,1981.8,1.0,0.0001,0.00010270794742804909,0.0,0.0002027079474280491,1.0,1.0,0.0,2.0,0.594549250110309,0.6047199551675995,0.010170705057290475,0.9774404306797039,-1.5377889006672854,24,4,39.43974363040501,atr_48,0.0,fractional_return,R,False
ETHUSD,2022-05-18 20:00:00,2022-05-18 20:00:00,2022-05-19 08:00:00,long,,,1953.3,1949.7,,,position_exit,24,-0.0018430348640759986,-0.002042702346797598,0.0001996674827215994,,,,-0.18554382389872767,-0.2056784211888051,0.9483350999268589,-2.7058474318565136,,,,,,,,24,2022-05-18 20:00:00,2022-05-18 20:00:00,2022-05-19 08:00:00,1953.3,1949.7,1.0,0.0001,9.96674827215994e-05,0.0,0.0001996674827215994,1.0,1.0,0.0,2.0,-0.2056784211888051,-0.18554382389872767,0.02013459729007744,0.9483350999268589,-2.7058474318565136,2,12,19.402424313324694,atr_48,0.0,fractional_return,R,False
ETHUSD,2022-05-20 15:00:00,2022-05-20 15:00:00,2022-05-21 03:00:00,long,,,1965.5,1949.1,,,position_exit,24,-0.008343932841516244,-0.00854268146781989,0.00019874862630364643,,,,-0.8898605899413162,-0.9111901142038729,0.5751537959376719,-2.4091347678898964,,,,,,,,25,2022-05-20 15:00:00,2022-05-20 15:00:00,2022-05-21 03:00:00,1965.5,1949.1,1.0,0.0001,9.874862630364642e-05,0.0,0.00019874862630364643,1.0,1.0,0.0,2.0,-0.9111901142038729,-0.8898605899413162,0.021329524262556677,0.5751537959376719,-2.4091347678898964,16,6,18.429853153831235,atr_48,0.0,fractional_return,R,False
ETHUSD,2022-05-23 22:00:00,2022-05-23 22:00:00,2022-05-24 10:00:00,long,,,1968.2,1970.1,,,position_exit,24,0.00096534904989376,0.0007651405883544182,0.0002002084615393418,,,,0.13114034460010288,0.10397082604831961,1.6012926288013742,-1.2147737184010496,,,,,,,,26,2022-05-23 22:00:00,2022-05-23 22:00:00,2022-05-24 10:00:00,1968.2,1970.1,1.0,0.0001,0.00010020846153934179,0.0,0.0002002084615393418,1.0,1.0,0.0,2.0,0.10397082604831961,0.13114034460010288,0.027169518551783265,1.6012926288013742,-1.2147737184010496,13,22,14.488295007868793,atr_48,0.0,fractional_return,R,False
ETHUSD,2022-05-25 14:00:00,2022-05-25 14:00:00,2022-05-26 02:00:00,short,,,1977.8,1947.2,,,position_exit,24,0.015235873590541349,0.015032574557457323,0.00020329903308402564,,,,2.167505858944269,2.13948694987355,2.7554241148017,-0.1983338694458782,,,,,,,,27,2022-05-25 14:00:00,2022-05-25 14:00:00,2022-05-26 02:00:00,1977.8,1947.2,1.0,0.0001,0.00010329903308402563,0.0,0.00020329903308402564,1.0,1.0,0.0,2.0,2.13948694987355,2.167505858944269,0.028018909070718877,2.7554241148017,-0.1983338694458782,19,9,14.117608897677586,atr_48,0.0,fractional_return,R,False
ETHUSD,2022-05-28 05:30:00,2022-05-28 05:30:00,2022-05-28 17:30:00,short,,,1769.4,1774.65,,,position_exit,24,-0.003444874244305729,-0.0036443386711145775,0.00019946442680884857,,,,-0.24783001948445663,-0.26453517896924894,1.0503272254341258,-1.7985378556871952,,,,,,,,28,2022-05-28 05:30:00,2022-05-28 05:30:00,2022-05-28 17:30:00,1769.4,1774.65,1.0,0.0001,9.946442680884857e-05,0.0,0.00019946442680884857,1.0,1.0,0.0,2.0,-0.26453517896924894,-0.24783001948445663,0.01670515948479229,1.0503272254341258,-1.7985378556871952,6,20,21.183874378580956,atr_48,0.0,fractional_return,R,False
ETHUSD,2022-05-31 13:30:00,2022-05-31 13:30:00,2022-06-01 01:30:00,short,,,1943.1,1946.7,,,position_exit,24,-0.0027567615565575743,-0.002956241243320501,0.0001994796867629267,,,,-0.2385589839648191,-0.2643114262838203,1.2193014735979089,-3.6711576976806937,,,,,,,,29,2022-05-31 13:30:00,2022-05-31 13:30:00,2022-06-01 01:30:00,1943.1,1946.7,1.0,0.0001,9.94796867629267e-05,0.0,0.0001994796867629267,1.0,1.0,0.0,2.0,-0.2643114262838203,-0.2385589839648191,0.025752442319001246,1.2193014735979089,-3.6711576976806937,10,5,15.090607530970361,atr_48,0.0,fractional_return,R,False
ETHUSD,2022-06-01 14:00:00,2022-06-01 14:00:00,2022-06-02 02:00:00,short,,,1921.0,1827.6,,,position_exit,24,0.04935009608009522,0.049140003004343846,0.00021009307575137193,,,,6.135310454887701,6.110072914451215,10.424772689407668,-0.3153050340841612,,,,,,,,30,2022-06-01 14:00:00,2022-06-01 14:00:00,2022-06-02 02:00:00,1921.0,1827.6,1.0,0.0001,0.00011009307575137192,0.0,0.00021009307575137193,1.0,1.0,0.0,2.0,6.110072914451215,6.135310454887701,0.025237540436486645,10.424772689407668,-0.3153050340841612,13,1,15.223353518417783,atr_48,0.0,fractional_return,R,False
ETHUSD,2022-06-03 21:30:00,2022-06-03 21:30:00,2022-06-04 09:30:00,short,,,1787.35,1772.15,,,position_exit,24,0.008372319702697473,0.008170746191005218,0.00020157351169225457,,,,1.0163647716472255,0.992462145665598,2.724793713462167,-0.42794306174621144,,,,,,,,31,2022-06-03 21:30:00,2022-06-03 21:30:00,2022-06-04 09:30:00,1787.35,1772.15,1.0,0.0001,0.00010157351169225457,0.0,0.00020157351169225457,1.0,1.0,0.0,2.0,0.992462145665598,1.0163647716472255,0.023902625981627505,2.724793713462167,-0.42794306174621144,10,1,14.955260575752867,atr_48,0.0,fractional_return,R,False
ETHUSD,2022-06-07 05:30:00,2022-06-07 05:30:00,2022-06-07 17:30:00,long,,,1752.9,1781.55,,,position_exit,24,0.016344343659078886,0.016141067841006995,0.00020327581807189077,,,,1.9865695627133502,1.9622606078339069,2.7597022197553636,-1.220370830846595,,,,,,,,32,2022-06-07 05:30:00,2022-06-07 05:30:00,2022-06-07 17:30:00,1752.9,1781.55,1.0,0.0001,0.00010327581807189076,0.0,0.00020327581807189077,1.0,1.0,0.0,2.0,1.9622606078339069,1.9865695627133502,0.02430895487944327,2.7597022197553636,-1.220370830846595,18,13,14.42184584811032,atr_48,0.0,fractional_return,R,False
ETHUSD,2022-06-11 08:30:00,2022-06-11 08:30:00,2022-06-11 20:30:00,long,,,1577.5,1521.65,,,position_exit,24,-0.03540412044373964,-0.035598031458319745,0.00019391101458010596,,,,-4.026784017459481,-4.049531561909051,2.5126843869017508,-5.584143637461728,,,,,,,,33,2022-06-11 08:30:00,2022-06-11 08:30:00,2022-06-11 20:30:00,1577.5,1521.65,1.0,0.0001,9.391101458010595e-05,0.0,0.00019391101458010596,1.0,1.0,0.0,2.0,-4.049531561909051,-4.026784017459481,0.02274754444956971,2.5126843869017508,-5.584143637461728,2,14,13.869628904317537,atr_48,0.0,fractional_return,R,False
ETHUSD,2022-06-15 01:30:00,2022-06-15 01:30:00,2022-06-15 13:30:00,short,,,1219.25,1137.95,,,position_exit,24,0.06235429854855301,0.06214066964394371,0.00021362890460929762,,,,2.8163874198860133,2.8079399897219393,7.14143009359781,-0.03810610285208315,,,,,,,,34,2022-06-15 01:30:00,2022-06-15 01:30:00,2022-06-15 13:30:00,1219.25,1137.95,1.0,0.0001,0.00011362890460929762,0.0,0.00021362890460929762,1.0,1.0,0.0,2.0,2.8079399897219393,2.8163874198860133,0.00844743016407386,7.14143009359781,-0.03810610285208315,15,1,28.866767201825656,atr_48,0.0,fractional_return,R,False
ETHUSD,2022-06-18 20:00:00,2022-06-18 20:00:00,2022-06-19 08:00:00,long,,,900.1500000000001,960.45,,,position_exit,24,0.06698883519413346,0.06677614791034725,0.00021268728378620594,,,,3.49172616230255,3.4813013619543023,6.404393259546634,-0.7875203284795222,,,,,,,,35,2022-06-18 20:00:00,2022-06-18 20:00:00,2022-06-19 08:00:00,900.1500000000001,960.45,1.0,0.0001,0.00011268728378620593,0.0,0.00021268728378620594,1.0,1.0,0.0,2.0,3.4813013619543023,3.49172616230255,0.010424800348247573,6.404393259546634,-0.7875203284795222,5,1,17.269395478663856,atr_48,0.0,fractional_return,R,False
ETHUSD,2022-06-19 20:00:00,2022-06-19 20:00:00,2022-06-20 08:00:00,long,,,1124.1,1114.45,,,position_exit,24,-0.008584645494173149,-0.00877969861889527,0.0001950531247221221,,,,-0.44939713475336585,-0.4598669237518377,1.5251560790852787,-3.3739712344955164,,,,,,,,36,2022-06-19 20:00:00,2022-06-19 20:00:00,2022-06-20 08:00:00,1124.1,1114.45,1.0,0.0001,9.50531247221221e-05,0.0,0.0001950531247221221,1.0,1.0,0.0,2.0,-0.4598669237518377,-0.44939713475336585,0.010469788998471827,1.5251560790852787,-3.3739712344955164,1,13,21.47321211848823,atr_48,0.0,fractional_return,R,False
ETHUSD,2022-06-20 20:00:00,2022-06-20 20:00:00,2022-06-21 08:00:00,long,,,1116.85,1156.05,,,position_exit,24,0.03509871513632157,0.03489247569011056,0.00020623944621100954,,,,1.8791237500617795,1.8684161002645525,2.3680794197207136,-1.3038817857571428,,,,,,,,37,2022-06-20 20:00:00,2022-06-20 20:00:00,2022-06-21 08:00:00,1116.85,1156.05,1.0,0.0001,0.00010623944621100953,0.0,0.00020623944621100954,1.0,1.0,0.0,2.0,1.8684161002645525,1.8791237500617795,0.010707649797227018,2.3680794197207136,-1.3038817857571428,24,4,20.860786842117918,atr_48,0.0,fractional_return,R,False
ETHUSD,2022-06-25 15:30:00,2022-06-25 15:30:00,2022-06-26 03:30:00,long,,,1183.05,1232.6,,,position_exit,24,0.04188326782469032,0.04167480439330551,0.00020846343138480883,,,,3.7422512672384243,3.7243813565958153,5.44533433638529,-0.27566533048273967,,,,,,,,38,2022-06-25 15:30:00,2022-06-25 15:30:00,2022-06-26 03:30:00,1183.05,1232.6,1.0,0.0001,0.00010846343138480882,0.0,0.00020846343138480883,1.0,1.0,0.0,2.0,3.7243813565958153,3.7422512672384243,0.01786991064260917,5.44533433638529,-0.27566533048273967,12,1,13.240692957681896,atr_48,0.0,fractional_return,R,False
ETHUSD,2022-06-26 23:30:00,2022-06-26 23:30:00,2022-06-27 11:30:00,long,,,1197.15,1219.25,,,position_exit,24,0.01846051037881602,0.018256335673474178,0.0002041747053418419,,,,1.8169662879402217,1.797281390278614,3.313291466243944,-0.15620977136138464,,,,,,,,39,2022-06-26 23:30:00,2022-06-26 23:30:00,2022-06-27 11:30:00,1197.15,1219.25,1.0,0.0001,0.0001041747053418419,0.0,0.0002041747053418419,1.0,1.0,0.0,2.0,1.797281390278614,1.8169662879402217,0.019684897661607654,3.313291466243944,-0.15620977136138464,21,1,12.163131559833872,atr_48,0.0,fractional_return,R,False
ETHUSD,2022-07-01 23:30:00,2022-07-01 23:30:00,2022-07-02 11:30:00,long,,,1057.8,1042.4499999999998,,,position_exit,24,-0.014511249763660583,-0.014708446364152139,0.00019719660049155596,,,,-1.100972393247253,-1.1161464466358777,0.6849697951473045,-2.277255601667751,,,,,,,,40,2022-07-01 23:30:00,2022-07-01 23:30:00,2022-07-02 11:30:00,1057.8,1042.4499999999998,1.0,0.0001,9.719660049155596e-05,0.0,0.00019719660049155596,1.0,1.0,0.0,2.0,-1.1161464466358777,-1.100972393247253,0.015174053388624546,0.6849697951473045,-2.277255601667751,1,19,13.942220617109406,atr_48,0.0,fractional_return,R,False
ETHUSD,2022-07-05 02:00:00,2022-07-05 02:00:00,2022-07-05 14:00:00,long,,,1145.15,1100.05,,,position_exit,24,-0.03938348687944759,-0.039575076679473575,0.00019158980002598192,,,,-4.546625949901147,-4.56971494638243,2.706805027823614,-5.968076634903487,,,,,,,,41,2022-07-05 02:00:00,2022-07-05 02:00:00,2022-07-05 14:00:00,1145.15,1100.05,1.0,0.0001,9.158980002598191e-05,0.0,0.00019158980002598192,1.0,1.0,0.0,2.0,-4.56971494638243,-4.546625949901147,0.023088996481282854,2.706805027823614,-5.968076634903487,8,23,9.919443670306924,atr_48,0.0,fractional_return,R,False
ETHUSD,2022-07-06 13:00:00,2022-07-06 13:00:00,2022-07-07 01:00:00,long,,,1141.55,1184.45,,,position_exit,24,0.03758048267706182,0.03737306454776457,0.00020741812929725434,,,,3.5042077811168033,3.4855586977017268,5.011262176492212,-1.2252474759149636,,,,,,,,42,2022-07-06 13:00:00,2022-07-06 13:00:00,2022-07-07 01:00:00,1141.55,1184.45,1.0,0.0001,0.00010741812929725433,0.0,0.00020741812929725434,1.0,1.0,0.0,2.0,3.4855586977017268,3.5042077811168033,0.018649083415076356,5.011262176492212,-1.2252474759149636,20,1,12.242424730398753,atr_48,0.0,fractional_return,R,False
ETHUSD,2022-07-07 17:00:00,2022-07-07 17:00:00,2022-07-08 05:00:00,long,,,1217.75,1252.15,,,position_exit,24,0.02824881954424141,0.02804312258550601,0.00020569695873540184,,,,3.133314520857972,3.1111308362197465,5.246480127948209,-0.13662708666531817,,,,,,,,43,2022-07-07 17:00:00,2022-07-07 17:00:00,2022-07-08 05:00:00,1217.75,1252.15,1.0,0.0001,0.00010569695873540183,0.0,0.00020569695873540184,1.0,1.0,0.0,2.0,3.1111308362197465,3.133314520857972,0.022183684638225495,5.246480127948209,-0.13662708666531817,16,1,10.978789320703305,atr_48,0.0,fractional_return,R,False
ETHUSD,2022-07-08 18:00:00,2022-07-08 18:00:00,2022-07-09 06:00:00,long,,,1231.75,1214.8,,,position_exit,24,-0.01376090927542073,-0.013958078230566051,0.0001971689551453215,,,,-1.3993494307350016,-1.419687468036569,1.7914975012949568,-2.3074818046633,,,,,,,,44,2022-07-08 18:00:00,2022-07-08 18:00:00,2022-07-09 06:00:00,1231.75,1214.8,1.0,0.0001,9.716895514532151e-05,0.0,0.0001971689551453215,1.0,1.0,0.0,2.0,-1.419687468036569,-1.3993494307350016,0.02033803730156736,1.7914975012949568,-2.3074818046633,5,18,12.112771569212086,atr_48,0.0,fractional_return,R,False
ETHUSD,2022-07-12 10:00:00,2022-07-12 10:00:00,2022-07-12 22:00:00,short,,,1059.95,1046.85,,,reversal,24,0.01158216034603976,0.01137915858456684,0.0002030017614729207,,,,1.5798359313612982,1.5542703268506664,3.3224793823666596,-3.3224793823666596,,,,,,,,45,2022-07-12 10:00:00,2022-07-12 10:00:00,2022-07-12 22:00:00,1059.95,1046.85,1.0,0.0001,0.0001030017614729207,0.0,0.0002030017614729207,1.0,1.0,0.0,2.0,1.5542703268506664,1.5798359313612982,0.02556560451063192,3.3224793823666596,-3.3224793823666596,19,13,8.292000289366916,atr_48,0.0,fractional_return,R,False
ETHUSD,2022-07-12 22:00:00,2022-07-12 22:00:00,2022-07-13 10:00:00,long,,,1046.85,1069.0,,,position_exit,24,0.021158714237952125,0.020954115421980113,0.00020459881597201246,,,,2.4744518586063906,2.451062423588945,3.518972169124198,-1.3740748469913484,,,,,,,,46,2022-07-12 22:00:00,2022-07-12 22:00:00,2022-07-13 10:00:00,1046.85,1069.0,1.0,0.0001,0.00010459881597201246,0.0,0.00020459881597201246,1.0,1.0,0.0,2.0,2.451062423588945,2.4744518586063906,0.023389435017445503,3.518972169124198,-1.3740748469913484,21,3,8.951477444574312,atr_48,0.0,fractional_return,R,False
ETHUSD,2022-07-15 00:00:00,2022-07-15 00:00:00,2022-07-15 12:00:00,long,,,1183.85,1218.25,,,position_exit,24,0.029057735354986347,0.028852584453689323,0.0002051509012970243,,,,2.843666591398187,2.824094064106171,3.7777780007818875,-0.264527124781211,,,,,,,,47,2022-07-15 00:00:00,2022-07-15 00:00:00,2022-07-15 12:00:00,1183.85,1218.25,1.0,0.0001,0.00010515090129702429,0.0,0.0002051509012970243,1.0,1.0,0.0,2.0,2.824094064106171,2.843666591398187,0.019572527292015897,3.7777780007818875,-0.264527124781211,18,1,12.09705810943404,atr_48,0.0,fractional_return,R,False
ETHUSD,2022-07-16 10:30:00,2022-07-16 10:30:00,2022-07-16 22:30:00,long,,,1197.9,1357.55,,,position_exit,24,0.13327489773770762,0.1330488467355373,0.00022605100217032437,,,,13.0082131950218,12.988692319874518,18.19031378508374,-0.17518107340618902,,,,,,,,48,2022-07-16 10:30:00,2022-07-16 10:30:00,2022-07-16 22:30:00,1197.9,1357.55,1.0,0.0001,0.00012605100217032438,0.0,0.00022605100217032437,1.0,1.0,0.0,2.0,12.988692319874518,13.0082131950218,0.019520875147280462,18.19031378508374,-0.17518107340618902,11,1,12.273015333197137,atr_48,0.0,fractional_return,R,False
ETHUSD,2022-07-17 11:30:00,2022-07-17 11:30:00,2022-07-17 23:30:00,short,,,1363.05,1338.15,,,position_exit,24,0.01635763753010222,0.016154969129163144,0.00020266840093907668,,,,1.5950866547212377,1.5776233385387655,2.7994091088882946,-1.1402627491581572,,,,,,,,49,2022-07-17 11:30:00,2022-07-17 11:30:00,2022-07-17 23:30:00,1363.05,1338.15,1.0,0.0001,0.00010266840093907667,0.0,0.00020266840093907668,1.0,1.0,0.0,2.0,1.5776233385387655,1.5950866547212377,0.01746331618247225,2.7994091088882946,-1.1402627491581572,12,11,15.610437167347166,atr_48,0.0,fractional_return,R,False
ETHUSD,2022-07-19 22:00:00,2022-07-19 22:00:00,2022-07-20 10:00:00,short,,,1562.85,1595.05,,,position_exit,24,-0.022036830026453735,-0.02223526786747565,0.00019843784102191453,,,,-1.4360352380219696,-1.44997503722534,2.2923046967182903,-1.9979620702914413,,,,,,,,50,2022-07-19 22:00:00,2022-07-19 22:00:00,2022-07-20 10:00:00,1562.85,1595.05,1.0,0.0001,9.843784102191452e-05,0.0,0.00019843784102191453,1.0,1.0,0.0,2.0,-1.44997503722534,-1.4360352380219696,0.013939799203370387,2.2923046967182903,-1.9979620702914413,5,24,22.422848094140864,atr_48,0.0,fractional_return,R,False
ETHUSD,2022-07-24 22:30:00,2022-07-24 22:30:00,2022-07-25 10:30:00,long,,,1605.35,1547.05,,,position_exit,24,-0.03631606814713306,-0.03650863335440868,0.000192565207275619,,,,-3.3599611558548803,-3.3784651477641483,0.6051388016548246,-6.062914469913089,,,,,,,,51,2022-07-24 22:30:00,2022-07-24 22:30:00,2022-07-25 10:30:00,1605.35,1547.05,1.0,0.0001,9.256520727561898e-05,0.0,0.000192565207275619,1.0,1.0,0.0,2.0,-3.3784651477641483,-3.3599611558548803,0.01850399190926805,0.6051388016548246,-6.062914469913089,2,11,17.35139107141451,atr_48,0.0,fractional_return,R,False
ETHUSD,2022-07-26 20:00:00,2022-07-26 20:00:00,2022-07-27 08:00:00,long,,,1372.15,1470.55,,,position_exit,24,0.07171227635462585,0.0714983526943116,0.00021392366031425247,,,,6.092414036250277,6.075422764055479,6.352456098773158,-0.30028666743714144,,,,,,,,52,2022-07-26 20:00:00,2022-07-26 20:00:00,2022-07-27 08:00:00,1372.15,1470.55,1.0,0.0001,0.00011392366031425247,0.0,0.00021392366031425247,1.0,1.0,0.0,2.0,6.075422764055479,6.092414036250277,0.016991272194798436,6.352456098773158,-0.30028666743714144,24,3,16.151233224549937,atr_48,0.0,fractional_return,R,False
ETHUSD,2022-07-27 21:30:00,2022-07-27 21:30:00,2022-07-28 09:30:00,long,,,1607.15,1619.45,,,position_exit,24,0.007653299318670204,0.007452332455278654,0.00020096686339154957,,,,0.6682144138462138,0.6507522870947838,3.713207738730799,-0.2987950631019667,,,,,,,,53,2022-07-27 21:30:00,2022-07-27 21:30:00,2022-07-28 09:30:00,1607.15,1619.45,1.0,0.0001,0.00010096686339154956,0.0,0.00020096686339154957,1.0,1.0,0.0,2.0,0.6507522870947838,0.6682144138462138,0.017462126751430027,3.713207738730799,-0.2987950631019667,10,23,18.407265310548564,atr_48,0.0,fractional_return,R,False
ETHUSD,2022-07-28 22:00:00,2022-07-28 22:00:00,2022-07-29 10:00:00,short,,,1748.75,1720.35,,,position_exit,24,0.015498464489687835,0.01529588330758802,0.00020258118209981468,,,,1.3441688763503767,1.3276152473185618,2.6173429176822482,-0.15145564803948075,,,,,,,,54,2022-07-28 22:00:00,2022-07-28 22:00:00,2022-07-29 10:00:00,1748.75,1720.35,1.0,0.0001,0.00010258118209981468,0.0,0.00020258118209981468,1.0,1.0,0.0,2.0,1.3276152473185618,1.3441688763503767,0.016553629031814888,2.6173429176822482,-0.15145564803948075,20,17,21.12829756712595,atr_48,0.0,fractional_return,R,False
ETHUSD,2022-07-29 23:00:00,2022-07-29 23:00:00,2022-07-30 11:00:00,short,,,1761.8000000000002,1700.15,,,position_exit,24,0.035325616921119796,0.03511771429311983,0.0002079026279999674,,,,2.841780436701856,2.8255382671207325,3.8005644283222786,-0.1889910752713274,,,,,,,,55,2022-07-29 23:00:00,2022-07-29 23:00:00,2022-07-30 11:00:00,1761.8000000000002,1700.15,1.0,0.0001,0.00010790262799996739,0.0,0.0002079026279999674,1.0,1.0,0.0,2.0,2.8255382671207325,2.841780436701856,0.016242169581123515,3.8005644283222786,-0.1889910752713274,22,1,21.694146107765633,atr_48,0.0,fractional_return,R,False
ETHUSD,2022-08-02 09:00:00,2022-08-02 09:00:00,2022-08-02 21:00:00,long,,,1576.15,1638.6,,,position_exit,24,0.03962186340132523,0.039413083477142896,0.00020877992418233404,,,,4.203533645871341,4.182315392689787,6.855562879615643,-1.083697224956435,,,,,,,,56,2022-08-02 09:00:00,2022-08-02 09:00:00,2022-08-02 21:00:00,1576.15,1638.6,1.0,0.0001,0.00010877992418233404,0.0,0.00020877992418233404,1.0,1.0,0.0,2.0,4.182315392689787,4.203533645871341,0.02121825318155367,6.855562879615643,-1.083697224956435,16,1,14.856548147613244,atr_48,0.0,fractional_return,R,False
ETHUSD,2022-08-04 00:30:00,2022-08-04 00:30:00,2022-08-04 12:30:00,short,,,1641.05,1617.55,,,position_exit,24,0.013909957043949817,0.013707002778435173,0.00020295426551464324,,,,1.5927014906952646,1.5704572117054307,2.3246664310998937,-1.504594599720636,,,,,,,,57,2022-08-04 00:30:00,2022-08-04 00:30:00,2022-08-04 12:30:00,1641.05,1617.55,1.0,0.0001,0.00010295426551464323,0.0,0.00020295426551464324,1.0,1.0,0.0,2.0,1.5704572117054307,1.5927014906952646,0.022244278989833735,2.3246664310998937,-1.504594599720636,21,9,14.75480505122244,atr_48,0.0,fractional_return,R,False
ETHUSD,2022-08-11 20:00:00,2022-08-11 20:00:00,2022-08-12 08:00:00,long,,,1896.35,1894.5,,,position_exit,24,-0.0009755583093837839,-0.0011750711147726633,0.0001995128053888795,,,,-0.10979025597407231,-0.13229844537044444,1.068229517585621,-2.243281986929801,,,,,,,,58,2022-08-11 20:00:00,2022-08-11 20:00:00,2022-08-12 08:00:00,1896.35,1894.5,1.0,0.0001,9.95128053888795e-05,0.0,0.0001995128053888795,1.0,1.0,0.0,2.0,-0.13229844537044444,-0.10979025597407231,0.022508189396372134,1.068229517585621,-2.243281986929801,13,8,16.85031138315953,atr_48,0.0,fractional_return,R,False
ETHUSD,2022-08-12 20:30:00,2022-08-12 20:30:00,2022-08-13 09:30:00,long,,,1933.1,2003.55,,,position_exit,26,0.03644405359267533,0.03623714239537579,0.00020691119729954188,,,,4.907160107087366,4.88023028110295,6.101734923787845,-1.0169558206312994,,,,,,,,59,2022-08-12 20:30:00,2022-08-12 20:30:00,2022-08-13 09:30:00,1933.1,2003.55,1.0,0.0001,0.00010691119729954188,0.0,0.00020691119729954188,1.0,1.0,0.0,2.0,4.88023028110295,4.907160107087366,0.02692982598441613,6.101734923787845,-1.0169558206312994,19,3,14.356572531279296,atr_48,0.0,fractional_return,R,False
ETHUSD,2022-08-17 00:00:00,2022-08-17 00:00:00,2022-08-17 12:00:00,short,,,1881.25,1864.35,,,position_exit,24,0.008110378960255904,0.007909449656774648,0.00020092930348125648,,,,1.1458913924334577,1.1203800530013224,1.6001796959425652,-5.119218942528141,,,,,,,,60,2022-08-17 00:00:00,2022-08-17 00:00:00,2022-08-17 12:00:00,1881.25,1864.35,1.0,0.0001,0.00010092930348125648,0.0,0.00020092930348125648,1.0,1.0,0.0,2.0,1.1203800530013224,1.1458913924334577,0.025511339432135276,1.6001796959425652,-5.119218942528141,24,13,14.748343614058067,atr_48,0.0,fractional_return,R,False
ETHUSD,2022-08-18 02:00:00,2022-08-18 02:00:00,2022-08-18 14:00:00,long,,,1845.25,1856.9,,,position_exit,24,0.006313507654789774,0.00611236610134136,0.000201141553448414,,,,0.7436210456945398,0.7200645352298558,2.3553318958050102,-0.6702163931152452,,,,,,,,61,2022-08-18 02:00:00,2022-08-18 02:00:00,2022-08-18 14:00:00,1845.25,1856.9,1.0,0.0001,0.000101141553448414,0.0,0.000201141553448414,1.0,1.0,0.0,2.0,0.7200645352298558,0.7436210456945398,0.023556510464683933,2.3553318958050102,-0.6702163931152452,22,13,15.666581879913076,atr_48,0.0,fractional_return,R,False
ETHUSD,2022-08-21 10:00:00,2022-08-21 10:00:00,2022-08-21 23:30:00,short,,,1623.65,1617.95,,,position_exit,27,0.0028189132864222533,0.0026185908644997813,0.00020032242192247196,,,,0.36691709674336703,0.3460137653704771,2.7357853704549076,-1.470886957997515,,,,,,,,62,2022-08-21 10:00:00,2022-08-21 10:00:00,2022-08-21 23:30:00,1623.65,1617.95,1.0,0.0001,0.00010032242192247196,0.0,0.00020032242192247196,1.0,1.0,0.0,2.0,0.3460137653704771,0.36691709674336703,0.020903331372889935,2.7357853704549076,-1.470886957997515,24,22,15.534844384716145,atr_48,0.0,fractional_return,R,False
ETHUSD,2022-08-26 13:00:00,2022-08-26 13:00:00,2022-08-27 01:00:00,long,,,1688.95,1510.95,,,position_exit,24,-0.10539092335474709,-0.10557012039580815,0.00017919704106106327,,,,-13.72630047506156,-13.752348829204657,0.994771214203889,-15.61173893919221,,,,,,,,63,2022-08-26 13:00:00,2022-08-26 13:00:00,2022-08-27 01:00:00,1688.95,1510.95,1.0,0.0001,7.919704106106326e-05,0.0,0.00017919704106106327,1.0,1.0,0.0,2.0,-13.752348829204657,-13.72630047506156,0.026048354143095757,0.994771214203889,-15.61173893919221,2,21,12.967805879187685,atr_48,0.0,fractional_return,R,False
ETHUSD,2022-08-27 13:00:00,2022-08-27 13:00:00,2022-08-28 01:00:00,short,,,1499.05,1496.35,,,position_exit,24,0.000993564750871867,0.0007927255670483468,0.00020083918382352017,,,,0.18947788731513857,0.16843812235367533,3.557973661806434,-0.4982566666435137,,,,,,,,64,2022-08-27 13:00:00,2022-08-27 13:00:00,2022-08-28 01:00:00,1499.05,1496.35,1.0,0.0001,0.00010083918382352017,0.0,0.00020083918382352017,1.0,1.0,0.0,2.0,0.16843812235367533,0.18947788731513857,0.021039764961463238,3.557973661806434,-0.4982566666435137,6,1,14.249683898519622,atr_48,0.0,fractional_return,R,False
ETHUSD,2022-08-28 14:00:00,2022-08-28 14:00:00,2022-08-29 02:00:00,short,,,1466.25,1447.95,,,position_exit,24,0.011797230682493831,0.011594287548870374,0.00020294313362345662,,,,1.5262987800564058,1.5018404676382888,3.6531085555448453,-2.560512161078243,,,,,,,,65,2022-08-28 14:00:00,2022-08-28 14:00:00,2022-08-29 02:00:00,1466.25,1447.95,1.0,0.0001,0.00010294313362345661,0.0,0.00020294313362345662,1.0,1.0,0.0,2.0,1.5018404676382888,1.5262987800564058,0.024458312418117054,3.6531085555448453,-2.560512161078243,20,4,11.98978878783069,atr_48,0.0,fractional_return,R,False
ETHUSD,2022-08-29 23:30:00,2022-08-29 23:30:00,2022-08-30 11:30:00,long,,,1552.15,1585.05,,,position_exit,24,0.02119640498663178,0.02099238850465457,0.00020401648197720945,,,,2.550996749242014,2.526926660461856,4.1444004938293535,-2.186568642207453,,,,,,,,66,2022-08-29 23:30:00,2022-08-29 23:30:00,2022-08-30 11:30:00,1552.15,1585.05,1.0,0.0001,0.00010401648197720945,0.0,0.00020401648197720945,1.0,1.0,0.0,2.0,2.526926660461856,2.550996749242014,0.024070088780158108,4.1444004938293535,-2.186568642207453,21,4,12.896919609864478,atr_48,0.0,fractional_return,R,False
ETHUSD,2022-09-06 01:00:00,2022-09-06 01:00:00,2022-09-06 13:00:00,long,,,1659.0500000000002,1663.0,,,position_exit,24,0.0023808806244538516,0.002180239690786401,0.00020064093366745084,,,,0.38123388950810977,0.3492092776403397,2.6300312630623752,-3.3104613696528697,,,,,,,,67,2022-09-06 01:00:00,2022-09-06 01:00:00,2022-09-06 13:00:00,1659.0500000000002,1663.0,1.0,0.0001,0.00010064093366745083,0.0,0.00020064093366745084,1.0,1.0,0.0,2.0,0.3492092776403397,0.38123388950810977,0.03202461186777006,2.6300312630623752,-3.3104613696528697,22,2,10.361093566724456,atr_48,0.0,fractional_return,R,False
ETHUSD,2022-09-07 20:00:00,2022-09-07 20:00:00,2022-09-08 08:00:00,long,,,1637.75,1616.55,,,position_exit,24,-0.0129445886124252,-0.013141800558998273,0.00019721194657307262,,,,-1.4435745652949228,-1.465878473260128,1.307388285550119,-2.8939584445770796,,,,,,,,68,2022-09-07 20:00:00,2022-09-07 20:00:00,2022-09-08 08:00:00,1637.75,1616.55,1.0,0.0001,9.721194657307261e-05,0.0,0.00019721194657307262,1.0,1.0,0.0,2.0,-1.465878473260128,-1.4435745652949228,0.022303907965205233,1.307388285550119,-2.8939584445770796,4,22,14.685767198779148,atr_48,0.0,fractional_return,R,False
ETHUSD,2022-09-09 04:00:00,2022-09-09 04:00:00,2022-09-09 16:00:00,long,,,1696.15,1720.35,,,position_exit,24,0.014267606048992798,0.014064792146036176,0.00020281390295662227,,,,1.687169529308507,1.6635191772660554,3.471943907420008,-0.7668952405947816,,,,,,,,69,2022-09-09 04:00:00,2022-09-09 04:00:00,2022-09-09 16:00:00,1696.15,1720.35,1.0,0.0001,0.00010281390295662227,0.0,0.00020281390295662227,1.0,1.0,0.0,2.0,1.6635191772660554,1.687169529308507,0.023650352042451618,3.471943907420008,-0.7668952405947816,17,11,14.343549702393146,atr_48,0.0,fractional_return,R,False
ETHUSD,2022-09-14 08:30:00,2022-09-14 08:30:00,2022-09-14 20:30:00,long,,,1603.15,1602.85,,,position_exit,24,-0.0001871315846926347,-0.0003867910167478783,0.0001996594320552436,,,,-0.01852098560956776,-0.0383155976628748,0.611192525115357,-2.673195589646004,,,,,,,,70,2022-09-14 08:30:00,2022-09-14 08:30:00,2022-09-14 20:30:00,1603.15,1602.85,1.0,0.0001,9.965943205524361e-05,0.0,0.0001996594320552436,1.0,1.0,0.0,2.0,-0.0383155976628748,-0.01852098560956776,0.019794612053307035,0.611192525115357,-2.673195589646004,8,19,16.197842076244843,atr_48,0.0,fractional_return,R,False
ETHUSD,2022-09-16 08:30:00,2022-09-16 08:30:00,2022-09-16 20:30:00,long,,,1451.45,1437.9,,,position_exit,24,-0.009335492094113218,-0.00953309497158028,0.0001976028774670624,,,,-0.8339800819708544,-0.8518469511956013,1.8864567905835172,-2.7912174699172314,,,,,,,,71,2022-09-16 08:30:00,2022-09-16 08:30:00,2022-09-16 20:30:00,1451.45,1437.9,1.0,0.0001,9.76028774670624e-05,0.0,0.0001976028774670624,1.0,1.0,0.0,2.0,-0.8518469511956013,-0.8339800819708544,0.017866869224746874,1.8864567905835172,-2.7912174699172314,6,17,16.247390426853737,atr_48,0.0,fractional_return,R,False
ETHUSD,2022-09-27 17:00:00,2022-09-27 17:00:00,2022-09-28 05:00:00,short,,,1324.55,1284.05,,,position_exit,24,0.030307634732888555,0.03010157548468073,0.00020605924820782384,,,,3.685915609330745,3.6618060808352437,5.187584931650679,-1.4197600865570401,,,,,,,,72,2022-09-27 17:00:00,2022-09-27 17:00:00,2022-09-28 05:00:00,1324.55,1284.05,1.0,0.0001,0.00010605924820782384,0.0,0.00020605924820782384,1.0,1.0,0.0,2.0,3.6618060808352437,3.685915609330745,0.024109528495501423,5.187584931650679,-1.4197600865570401,19,14,10.987771911401309,atr_48,0.0,fractional_return,R,False
ETHUSD,2022-09-30 02:00:00,2022-09-30 02:00:00,2022-09-30 14:00:00,long,,,1327.45,1340.85,,,position_exit,24,0.010094542167313092,0.009892932581641256,0.00020160958567183584,,,,1.1584871180095206,1.1355343758483005,1.9192846283441547,-1.015837584821811,,,,,,,,73,2022-09-30 02:00:00,2022-09-30 02:00:00,2022-09-30 14:00:00,1327.45,1340.85,1.0,0.0001,0.00010160958567183584,0.0,0.00020160958567183584,1.0,1.0,0.0,2.0,1.1355343758483005,1.1584871180095206,0.022952742161220206,1.9192846283441547,-1.015837584821811,13,21,11.566809670722416,atr_48,0.0,fractional_return,R,False
ETHUSD,2022-10-03 07:00:00,2022-10-03 07:00:00,2022-10-03 20:00:00,long,,,1293.85,1316.55,,,position_exit,26,0.017544537620281186,0.017340984791513803,0.0002035528287673838,,,,3.097461834976811,3.0621521345787075,4.884983863091197,-1.0370356804327503,,,,,,,,74,2022-10-03 07:00:00,2022-10-03 07:00:00,2022-10-03 20:00:00,1293.85,1316.55,1.0,0.0001,0.00010355282876738378,0.0,0.0002035528287673838,1.0,1.0,0.0,2.0,3.0621521345787075,3.097461834976811,0.035309700398103425,4.884983863091197,-1.0370356804327503,22,4,7.32858101548489,atr_48,0.0,fractional_return,R,False
ETHUSD,2022-10-04 16:00:00,2022-10-04 16:00:00,2022-10-05 04:00:00,short,,,1350.9,1349.75,,,position_exit,24,0.0007492353052429568,0.0005494158914425284,0.00019981941380042834,,,,0.1646564774335374,0.12597222780485076,1.7539494335310204,-2.6273446616566583,,,,,,,,75,2022-10-04 16:00:00,2022-10-04 16:00:00,2022-10-05 04:00:00,1350.9,1349.75,1.0,0.0001,9.981941380042833e-05,0.0,0.00019981941380042834,1.0,1.0,0.0,2.0,0.12597222780485076,0.1646564774335374,0.03868424962868663,1.7539494335310204,-2.6273446616566583,2,9,6.984237838224625,atr_48,0.0,fractional_return,R,False
ETHUSD,2022-10-05 16:30:00,2022-10-05 16:30:00,2022-10-06 04:30:00,short,,,1351.55,1373.05,,,position_exit,24,-0.015902321817957366,-0.016098871317932195,0.00019654949997482962,,,,-3.081257249908802,-3.119996535826144,1.1608457546167914,-4.664880162071226,,,,,,,,76,2022-10-05 16:30:00,2022-10-05 16:30:00,2022-10-06 04:30:00,1351.55,1373.05,1.0,0.0001,9.654949997482962e-05,0.0,0.00019654949997482962,1.0,1.0,0.0,2.0,-3.119996535826144,-3.081257249908802,0.03873928591734178,1.1608457546167914,-4.664880162071226,3,19,6.977671208931468,atr_48,0.0,fractional_return,R,False
ETHUSD,2022-10-06 21:00:00,2022-10-06 21:00:00,2022-10-07 09:00:00,long,,,1357.1,1357.75,,,position_exit,24,0.0004789624935526149,0.00027899459251368164,0.00019996790103893325,,,,0.08551058243988098,0.04980399430783598,0.598574077079107,-1.4536799014777673,,,,,,,,77,2022-10-06 21:00:00,2022-10-06 21:00:00,2022-10-07 09:00:00,1357.1,1357.75,1.0,0.0001,9.996790103893324e-05,0.0,0.00019996790103893325,1.0,1.0,0.0,2.0,0.04980399430783598,0.08551058243988098,0.035706588132045,0.598574077079107,-1.4536799014777673,7,2,7.6013983468897495,atr_48,0.0,fractional_return,R,False
ETHUSD,2022-10-10 08:30:00,2022-10-10 08:30:00,2022-10-10 20:30:00,short,,,1306.75,1307.35,,,position_exit,24,-0.0006463833303664845,-0.000846190613930653,0.00019980728356416844,,,,-0.1248546434714716,-0.17923924525692836,1.602301257884138,-2.663565727391836,,,,,,,,78,2022-10-10 08:30:00,2022-10-10 08:30:00,2022-10-10 20:30:00,1306.75,1307.35,1.0,0.0001,9.980728356416843e-05,0.0,0.00019980728356416844,1.0,1.0,0.0,2.0,-0.17923924525692836,-0.1248546434714716,0.05438460178545675,1.602301257884138,-2.663565727391836,15,8,4.805588188932715,atr_48,0.0,fractional_return,R,False
ETHUSD,2022-10-11 09:30:00,2022-10-11 09:30:00,2022-10-11 21:30:00,short,,,1280.6,1276.5,,,position_exit,24,0.002932009189761997,0.0027315190857117866,0.0002004901040502105,,,,0.7739238812269602,0.7255781777001666,2.217952586443167,-3.2561431588208194,,,,,,,,79,2022-10-11 09:30:00,2022-10-11 09:30:00,2022-10-11 21:30:00,1280.6,1276.5,1.0,0.0001,0.0001004901040502105,0.0,0.0002004901040502105,1.0,1.0,0.0,2.0,0.7255781777001666,0.7739238812269602,0.04834570352679353,2.217952586443167,-3.2561431588208194,9,14,5.297678621184125,atr_48,0.0,fractional_return,R,False
ETHUSD,2022-10-12 09:30:00,2022-10-12 09:30:00,2022-10-12 21:30:00,short,,,1303.0,1299.95,,,position_exit,24,0.0022298743783819575,0.0020294345710154538,0.00020043980736650369,,,,0.5542268691644227,0.5068722717531929,2.9437623870373133,-0.4542843189872384,,,,,,,,80,2022-10-12 09:30:00,2022-10-12 09:30:00,2022-10-12 21:30:00,1303.0,1299.95,1.0,0.0001,0.00010043980736650368,0.0,0.00020043980736650369,1.0,1.0,0.0,2.0,0.5068722717531929,0.5542268691644227,0.047354597411229736,2.9437623870373133,-0.4542843189872384,6,6,5.503161556563058,atr_48,0.0,fractional_return,R,False
ETHUSD,2022-10-14 10:00:00,2022-10-14 10:00:00,2022-10-14 22:00:00,long,,,1332.55,1291.9,,,position_exit,24,-0.030505421935386856,-0.030699322411541496,0.00019390047615464034,,,,-4.880944638820028,-4.912945144495106,1.2487533639293706,-5.199136601744348,,,,,,,,81,2022-10-14 10:00:00,2022-10-14 10:00:00,2022-10-14 22:00:00,1332.55,1291.9,1.0,0.0001,9.390047615464034e-05,0.0,0.00019390047615464034,1.0,1.0,0.0,2.0,-4.912945144495106,-4.880944638820028,0.032000505675078235,1.2487533639293706,-5.199136601744348,5,23,8.328305893227059,atr_48,0.0,fractional_return,R,False
ETHUSD,2022-10-15 21:00:00,2022-10-15 21:00:00,2022-10-16 09:00:00,long,,,1276.65,1285.95,,,position_exit,24,0.007284690400658045,0.007083016401128406,0.00020167399952963905,,,,1.5723326971503373,1.5291645565521226,2.2147912185666,-2.113350399395625,,,,,,,,82,2022-10-15 21:00:00,2022-10-15 21:00:00,2022-10-16 09:00:00,1276.65,1285.95,1.0,0.0001,0.00010167399952963904,0.0,0.00020167399952963905,1.0,1.0,0.0,2.0,1.5291645565521226,1.5723326971503373,0.043168140598214805,2.2147912185666,-2.113350399395625,22,4,5.9147787340777676,atr_48,0.0,fractional_return,R,False
ETHUSD,2022-10-16 21:30:00,2022-10-16 21:30:00,2022-10-17 09:30:00,long,,,1293.45,1317.9,,,position_exit,24,0.018902934013685035,0.01869967382813531,0.00020326018554972514,,,,4.710282548027851,4.66044602482338,5.182274050795432,-0.43346158417438513,,,,,,,,83,2022-10-16 21:30:00,2022-10-16 21:30:00,2022-10-17 09:30:00,1293.45,1317.9,1.0,0.0001,0.00010326018554972513,0.0,0.00020326018554972514,1.0,1.0,0.0,2.0,4.66044602482338,4.710282548027851,0.049836523204471274,5.182274050795432,-0.43346158417438513,24,1,5.190771413540154,atr_48,0.0,fractional_return,R,False
ETHUSD,2022-10-21 08:30:00,2022-10-21 08:30:00,2022-10-21 20:30:00,short,,,1278.3000000000002,1302.8000000000002,,,position_exit,24,-0.019172310709474005,-0.01936838002122887,0.00019606931175486508,,,,-4.397159076701079,-4.443043880356156,4.343316312496625,-5.177879157666355,,,,,,,,84,2022-10-21 08:30:00,2022-10-21 08:30:00,2022-10-21 20:30:00,1278.3000000000002,1302.8000000000002,1.0,0.0001,9.606931175486508e-05,0.0,0.00019606931175486508,1.0,1.0,0.0,2.0,-4.443043880356156,-4.397159076701079,0.045884803655077466,4.343316312496625,-5.177879157666355,7,23,5.571779317654539,atr_48,0.0,fractional_return,R,False
ETHUSD,2022-10-23 22:00:00,2022-10-23 22:00:00,2022-10-24 11:00:00,short,,,1361.6,1348.45,,,position_exit,26,0.009539142780816023,0.009337383158115387,0.00020175962270063685,,,,2.8496147162957595,2.7906027710834653,6.2734863906283325,-2.091162130209477,,,,,,,,85,2022-10-23 22:00:00,2022-10-23 22:00:00,2022-10-24 11:00:00,1361.6,1348.45,1.0,0.0001,0.00010175962270063685,0.0,0.00020175962270063685,1.0,1.0,0.0,2.0,2.7906027710834653,2.8496147162957595,0.05901194521229424,6.2734863906283325,-2.091162130209477,19,1,4.6146589308373835,atr_48,0.0,fractional_return,R,False
ETHUSD,2022-10-25 01:00:00,2022-10-25 01:00:00,2022-10-25 13:00:00,long,,,1337.55,1365.0,,,position_exit,24,0.02052259728608319,0.020319291648536852,0.00020330563754633602,,,,4.54582713285902,4.501526432811256,4.752832011404513,-0.23184546397092887,,,,,,,,86,2022-10-25 01:00:00,2022-10-25 01:00:00,2022-10-25 13:00:00,1337.55,1365.0,1.0,0.0001,0.00010330563754633601,0.0,0.00020330563754633602,1.0,1.0,0.0,2.0,4.501526432811256,4.54582713285902,0.044300700047763736,4.752832011404513,-0.23184546397092887,24,1,6.038505028398614,atr_48,0.0,fractional_return,R,False
ETHUSD,2022-10-28 02:00:00,2022-10-28 02:00:00,2022-10-28 14:00:00,long,,,1516.85,1535.3,,,position_exit,24,0.01216336486798264,0.01196060942314614,0.00020275544483649988,,,,1.337257650816322,1.3152693660722492,2.399090961627118,-2.529555122682349,,,,,,,,87,2022-10-28 02:00:00,2022-10-28 02:00:00,2022-10-28 14:00:00,1516.85,1535.3,1.0,0.0001,0.00010275544483649987,0.0,0.00020275544483649988,1.0,1.0,0.0,2.0,1.3152693660722492,1.337257650816322,0.021988284744072984,2.399090961627118,-2.529555122682349,23,21,13.79689246028044,atr_48,0.0,fractional_return,R,False
ETHUSD,2022-11-04 14:00:00,2022-11-04 14:00:00,2022-11-05 02:00:00,long,,,1654.85,1651.8,,,position_exit,24,-0.001843067347493621,-0.0020428247028426716,0.0001997573553490506,,,,-0.25862767274123444,-0.2866925910517812,1.0472300847063372,-3.9430120598254366,,,,,,,,88,2022-11-04 14:00:00,2022-11-04 14:00:00,2022-11-05 02:00:00,1654.85,1651.8,1.0,0.0001,9.975735534905059e-05,0.0,0.0001997573553490506,1.0,1.0,0.0,2.0,-0.2866925910517812,-0.25862767274123444,0.02806491831054677,1.0472300847063372,-3.9430120598254366,1,4,11.793014906999455,atr_48,0.0,fractional_return,R,False
ETHUSD,2022-11-06 23:30:00,2022-11-06 23:30:00,2022-11-07 11:30:00,long,,,1568.65,1580.25,,,position_exit,24,0.007394893698401628,0.007193431167882958,0.00020146253051867014,,,,1.3886719617208136,1.3511143708112727,3.1963397739608412,-2.609745583233985,,,,,,,,89,2022-11-06 23:30:00,2022-11-06 23:30:00,2022-11-07 11:30:00,1568.65,1580.25,1.0,0.0001,0.00010146253051867013,0.0,0.00020146253051867014,1.0,1.0,0.0,2.0,1.3511143708112727,1.3886719617208136,0.03755759090954089,3.1963397739608412,-2.609745583233985,6,16,8.35330468228467,atr_48,0.0,fractional_return,R,False
ETHUSD,2022-11-10 12:00:00,2022-11-10 12:00:00,2022-11-11 00:00:00,long,,,1189.95,1285.1999999999998,,,position_exit,24,0.08004538005798567,0.07982839444472467,0.0002169856132610004,,,,3.529149736151317,3.520331863755447,5.863390506519123,-0.044461728959388463,,,,,,,,90,2022-11-10 12:00:00,2022-11-10 12:00:00,2022-11-11 00:00:00,1189.95,1285.1999999999998,1.0,0.0001,0.0001169856132610004,0.0,0.0002169856132610004,1.0,1.0,0.0,2.0,3.520331863755447,3.529149736151317,0.008817872395870384,5.863390506519123,-0.044461728959388463,8,2,26.98950373918501,atr_48,0.0,fractional_return,R,False
ETHUSD,2022-11-11 14:00:00,2022-11-11 14:00:00,2022-11-12 02:00:00,long,,,1205.4499999999998,1283.7,,,position_exit,24,0.06491351777344567,0.06470168625782868,0.0002118315156169892,,,,3.0286493539863697,3.0193180175933656,3.493106762904406,-0.19932963799397643,,,,,,,,91,2022-11-11 14:00:00,2022-11-11 14:00:00,2022-11-12 02:00:00,1205.4499999999998,1283.7,1.0,0.0001,0.0001118315156169892,0.0,0.0002118315156169892,1.0,1.0,0.0,2.0,3.0193180175933656,3.0286493539863697,0.009331336393004111,3.493106762904406,-0.19932963799397643,1,1,25.83659937292047,atr_48,0.0,fractional_return,R,False
ETHUSD,2022-11-17 15:30:00,2022-11-17 15:30:00,2022-11-18 03:30:00,long,,,1192.6999999999998,1219.25,,,position_exit,24,0.022260417540035604,0.022055606805148287,0.00020481073488731738,,,,2.640754652381058,2.617028640524976,3.8939941484262883,-0.35309525483811566,,,,,,,,92,2022-11-17 15:30:00,2022-11-17 15:30:00,2022-11-18 03:30:00,1192.6999999999998,1219.25,1.0,0.0001,0.00010481073488731738,0.0,0.00020481073488731738,1.0,1.0,0.0,2.0,2.617028640524976,2.640754652381058,0.023726011856081853,3.8939941484262883,-0.35309525483811566,22,1,10.053944229942436,atr_48,0.0,fractional_return,R,False
ETHUSD,2022-11-21 02:30:00,2022-11-21 02:30:00,2022-11-21 14:30:00,long,,,1121.55,1133.45,,,position_exit,24,0.01061031608042362,0.01040793666310047,0.0002023794173231508,,,,1.5502578021883378,1.5210360939859122,2.937673398264427,-2.110434991214366,,,,,,,,93,2022-11-21 02:30:00,2022-11-21 02:30:00,2022-11-21 14:30:00,1121.55,1133.45,1.0,0.0001,0.00010237941732315079,0.0,0.0002023794173231508,1.0,1.0,0.0,2.0,1.5210360939859122,1.5502578021883378,0.029221708202425496,2.937673398264427,-2.110434991214366,21,13,7.676142628150039,atr_48,0.0,fractional_return,R,False
ETHUSD,2022-11-22 22:30:00,2022-11-22 22:30:00,2022-11-23 10:30:00,short,,,1136.35,1173.65,,,position_exit,24,-0.032615614623354494,-0.032810052855426264,0.0001944382320717697,,,,-3.6580149306283976,-3.6803033234778324,0.9169554852915555,-4.172882983866977,,,,,,,,94,2022-11-22 22:30:00,2022-11-22 22:30:00,2022-11-23 10:30:00,1136.35,1173.65,1.0,0.0001,9.443823207176969e-05,0.0,0.0001944382320717697,1.0,1.0,0.0,2.0,-3.6803033234778324,-3.6580149306283976,0.022288392849434634,0.9169554852915555,-4.172882983866977,5,24,10.19678724864924,atr_48,0.0,fractional_return,R,False
ETHUSD,2022-11-29 01:30:00,2022-11-29 01:30:00,2022-11-29 13:30:00,long,,,1176.65,1209.0,,,position_exit,24,0.027493307270641587,0.02728758944206011,0.00020571782858147536,,,,5.374470726257431,5.335374151419404,7.54253387858079,-0.0913743091017797,,,,,,,,95,2022-11-29 01:30:00,2022-11-29 01:30:00,2022-11-29 13:30:00,1176.65,1209.0,1.0,0.0001,0.00010571782858147535,0.0,0.00020571782858147536,1.0,1.0,0.0,2.0,5.335374151419404,5.374470726257431,0.03909657483802674,7.54253387858079,-0.0913743091017797,20,1,6.019197358718738,atr_48,0.0,fractional_return,R,False
ETHUSD,2022-12-01 05:30:00,2022-12-01 05:30:00,2022-12-01 17:30:00,long,,,1282.45,1274.9499999999998,,,position_exit,24,-0.005848181215641901,-0.006046919771531489,0.00019873855588958822,,,,-1.032241719297744,-1.0675430097754335,2.03695699274748,-2.6425388014021505,,,,,,,,96,2022-12-01 05:30:00,2022-12-01 05:30:00,2022-12-01 17:30:00,1282.45,1274.9499999999998,1.0,0.0001,9.873855588958822e-05,0.0,0.00019873855588958822,1.0,1.0,0.0,2.0,-1.0675430097754335,-1.032241719297744,0.03530129047768937,2.03695699274748,-2.6425388014021505,16,19,7.265740048854679,atr_48,0.0,fractional_return,R,False
ETHUSD,2022-12-05 13:30:00,2022-12-05 13:30:00,2022-12-06 01:30:00,short,,,1286.15,1263.6,,,position_exit,24,0.01742577682196389,0.0172224623526962,0.00020331446926769026,,,,4.328382646090361,4.279008372562476,7.447505395490264,-0.33590552685845104,,,,,,,,97,2022-12-05 13:30:00,2022-12-05 13:30:00,2022-12-06 01:30:00,1286.15,1263.6,1.0,0.0001,0.00010331446926769025,0.0,0.00020331446926769026,1.0,1.0,0.0,2.0,4.279008372562476,4.328382646090361,0.04937427352788535,7.447505395490264,-0.33590552685845104,12,1,5.209798172619653,atr_48,0.0,fractional_return,R,False
ETHUSD,2022-12-07 06:30:00,2022-12-07 06:30:00,2022-12-07 18:30:00,short,,,1250.25,1229.45,,,position_exit,24,0.016530355373312045,0.01632741249394698,0.0002029428793650645,,,,3.881929100051767,3.8352619668081154,5.776235848394357,-0.16796808605994956,,,,,,,,98,2022-12-07 06:30:00,2022-12-07 06:30:00,2022-12-07 18:30:00,1250.25,1229.45,1.0,0.0001,0.0001029428793650645,0.0,0.0002029428793650645,1.0,1.0,0.0,2.0,3.8352619668081154,3.881929100051767,0.04666713324365127,5.776235848394357,-0.16796808605994956,3,1,5.3581607144042325,atr_48,0.0,fractional_return,R,False
ETHUSD,2022-12-08 18:30:00,2022-12-08 18:30:00,2022-12-09 06:30:00,long,,,1287.15,1279.55,,,position_exit,24,-0.005904517732976289,-0.006103280278522805,0.00019876254554651585,,,,-1.309177536243245,-1.3535224800794414,0.7493318792970914,-2.359964769280552,,,,,,,,99,2022-12-08 18:30:00,2022-12-08 18:30:00,2022-12-09 06:30:00,1287.15,1279.55,1.0,0.0001,9.876254554651584e-05,0.0,0.00019876254554651585,1.0,1.0,0.0,2.0,-1.3535224800794414,-1.309177536243245,0.044344943836196395,0.7493318792970914,-2.359964769280552,1,11,5.80517140693442,atr_48,0.0,fractional_return,R,False
ETHUSD,2022-12-09 20:30:00,2022-12-09 20:30:00,2022-12-10 08:30:00,long,,,1262.5,1263.5,,,position_exit,24,0.0007920792079203487,0.0005917644799997568,0.0002003147279205919,,,,0.18618202488210164,0.13917106359937098,1.1264012505367065,-1.1543285542690387,,,,,,,,100,2022-12-09 20:30:00,2022-12-09 20:30:00,2022-12-10 08:30:00,1262.5,1263.5,1.0,0.0001,0.0001003147279205919,0.0,0.0002003147279205919,1.0,1.0,0.0,2.0,0.13917106359937098,0.18618202488210164,0.04701096128273067,1.1264012505367065,-1.1543285542690387,10,2,5.371087786982886,atr_48,0.0,fractional_return,R,False
ETHUSD,2022-12-14 11:00:00,2022-12-14 11:00:00,2022-12-14 23:00:00,short,,,1326.85,1309.15,,,position_exit,24,0.013082913680976693,0.012880511451463184,0.00020240222951350972,,,,3.35917084771377,3.308807956874346,4.915396890157462,-4.611743028217291,,,,,,,,101,2022-12-14 11:00:00,2022-12-14 11:00:00,2022-12-14 23:00:00,1326.85,1309.15,1.0,0.0001,0.00010240222951350972,0.0,0.00020240222951350972,1.0,1.0,0.0,2.0,3.308807956874346,3.35917084771377,0.050362890839424426,4.915396890157462,-4.611743028217291,17,15,5.269157420810056,atr_48,0.0,fractional_return,R,False
ETHUSD,2022-12-15 13:00:00,2022-12-15 13:00:00,2022-12-16 01:00:00,long,,,1276.9499999999998,1270.7,,,position_exit,24,-0.004894475116488772,-0.005093701605779599,0.00019922648929082687,,,,-1.089428017423235,-1.1339446608423918,0.5752179931995207,-2.954528783251889,,,,,,,,102,2022-12-15 13:00:00,2022-12-15 13:00:00,2022-12-16 01:00:00,1276.9499999999998,1270.7,1.0,0.0001,9.922648929082686e-05,0.0,0.00019922648929082687,1.0,1.0,0.0,2.0,-1.1339446608423918,-1.089428017423235,0.04451664341915681,0.5752179931995207,-2.954528783251889,1,21,5.736955448220029,atr_48,0.0,fractional_return,R,False
ETHUSD,2022-12-16 14:00:00,2022-12-16 14:00:00,2022-12-17 02:00:00,long,,,1215.75,1163.9,,,position_exit,24,-0.0426485708410449,-0.04284050035286868,0.00019192951182378515,,,,-8.571900180573348,-8.6120980114105,0.3802385808161687,-9.952331550058146,,,,,,,,103,2022-12-16 14:00:00,2022-12-16 14:00:00,2022-12-17 02:00:00,1215.75,1163.9,1.0,0.0001,9.192951182378514e-05,0.0,0.00019192951182378515,1.0,1.0,0.0,2.0,-8.6120980114105,-8.571900180573348,0.04019783083715358,0.3802385808161687,-9.952331550058146,1,19,6.0488338533746,atr_48,0.0,fractional_return,R,False
ETHUSD,2022-12-17 22:30:00,2022-12-17 22:30:00,2022-12-18 10:30:00,short,,,1186.0,1180.65,,,position_exit,24,0.004354943212364848,0.004154116268017205,0.00020082694434764292,,,,0.9346766765035933,0.8932364320799193,2.349794635322126,-1.851882760923023,,,,,,,,104,2022-12-17 22:30:00,2022-12-17 22:30:00,2022-12-18 10:30:00,1186.0,1180.65,1.0,0.0001,0.00010082694434764292,0.0,0.00020082694434764292,1.0,1.0,0.0,2.0,0.8932364320799193,0.9346766765035933,0.04144024442367404,2.349794635322126,-1.851882760923023,22,12,5.723904462891924,atr_48,0.0,fractional_return,R,False
ETHUSD,2022-12-26 01:30:00,2022-12-26 01:30:00,2022-12-26 14:00:00,long,,,1221.0,1217.1999999999998,,,position_exit,25,-0.003112203112202616,-0.0033114478648645918,0.0001992447526619756,,,,-1.2019290752669305,-1.2791688332090805,0.8223725251825684,-2.530377000561838,,,,,,,,105,2022-12-26 01:30:00,2022-12-26 01:30:00,2022-12-26 14:00:00,1221.0,1217.1999999999998,1.0,0.0001,9.92447526619756e-05,0.0,0.0001992447526619756,1.0,1.0,0.0,2.0,-1.2791688332090805,-1.2019290752669305,0.07723975794215009,0.8223725251825684,-2.530377000561838,1,23,3.1615842217281074,atr_48,0.0,fractional_return,R,False
ETHUSD,2022-12-29 08:00:00,2022-12-29 08:00:00,2022-12-29 21:00:00,long,,,1192.85,1195.3000000000002,,,position_exit,26,0.0020539045143981305,0.0018534199295798803,0.00020048458481825016,,,,0.645061738932024,0.5822485229903931,3.475434675062018,-0.7898715170595332,,,,,,,,106,2022-12-29 08:00:00,2022-12-29 08:00:00,2022-12-29 21:00:00,1192.85,1195.3000000000002,1.0,0.0001,0.00010048458481825015,0.0,0.00020048458481825016,1.0,1.0,0.0,2.0,0.5822485229903931,0.645061738932024,0.06281321594163095,3.475434675062018,-0.7898715170595332,14,1,3.798086062361314,atr_48,0.0,fractional_return,R,False
ETHUSD,2022-12-30 09:00:00,2022-12-30 09:00:00,2022-12-30 21:30:00,long,,,1194.1,1198.5,,,position_exit,25,0.003684783518968393,0.003483935180889741,0.00020084833807865188,,,,1.1771836848195838,1.1132893649085367,1.872792225849299,-3.304140569891239,,,,,,,,107,2022-12-30 09:00:00,2022-12-30 09:00:00,2022-12-30 21:30:00,1194.1,1198.5,1.0,0.0001,0.00010084833807865187,0.0,0.00020084833807865188,1.0,1.0,0.0,2.0,1.1132893649085367,1.1771836848195838,0.06389431991104709,1.872792225849299,-3.304140569891239,24,11,3.737734439187746,atr_48,0.0,fractional_return,R,False
ETHUSD,2023-01-04 01:00:00,2023-01-04 01:00:00,2023-01-04 13:00:00,long,,,1225.55,1252.2,,,position_exit,24,0.021745338827465543,0.021541106041369273,0.00020423278609627005,,,,9.14453283644856,9.060427153764062,12.112645745839876,-0.8921495450193375,,,,,,,,108,2023-01-04 01:00:00,2023-01-04 01:00:00,2023-01-04 13:00:00,1225.55,1252.2,1.0,0.0001,0.00010423278609627004,0.0,0.00020423278609627005,1.0,1.0,0.0,2.0,9.060427153764062,9.14453283644856,0.08410568268449903,12.112645745839876,-0.8921495450193375,14,1,2.9143096182866444,atr_48,0.0,fractional_return,R,False
ETHUSD,2023-01-05 07:00:00,2023-01-05 07:00:00,2023-01-05 19:00:00,long,,,1248.4499999999998,1252.4,,,position_exit,24,0.0031639232648488225,0.002963364584885664,0.00020055867996315868,,,,1.1115036712143704,1.0412425695269028,2.082310675186297,-1.7164993403562254,,,,,,,,109,2023-01-05 07:00:00,2023-01-05 07:00:00,2023-01-05 19:00:00,1248.4499999999998,1252.4,1.0,0.0001,0.00010055867996315868,0.0,0.00020055867996315868,1.0,1.0,0.0,2.0,1.0412425695269028,1.1115036712143704,0.07026110168746759,2.082310675186297,-1.7164993403562254,10,15,3.5537444475416895,atr_48,0.0,fractional_return,R,False
ETHUSD,2023-01-06 09:00:00,2023-01-06 09:00:00,2023-01-06 21:00:00,short,,,1248.15,1266.8,,,position_exit,24,-0.014984748492688937,-0.01518181566476573,0.00019706717207679247,,,,-5.999090393114875,-6.079388137609957,3.7635044289246555,-8.974510561281864,,,,,,,,110,2023-01-06 09:00:00,2023-01-06 09:00:00,2023-01-06 21:00:00,1248.15,1266.8,1.0,0.0001,9.706717207679247e-05,0.0,0.00019706717207679247,1.0,1.0,0.0,2.0,-6.079388137609957,-5.999090393114875,0.0802977444950819,3.7635044289246555,-8.974510561281864,9,22,3.108804631682892,atr_48,0.0,fractional_return,R,False
ETHUSD,2023-01-09 08:00:00,2023-01-09 08:00:00,2023-01-09 20:00:00,short,,,1309.35,1325.0,,,position_exit,24,-0.012008441195154207,-0.012205630269243706,0.00019718907408949882,,,,-4.1847595358243845,-4.2547827294120095,0.26739677545203583,-9.479215689774682,,,,,,,,111,2023-01-09 08:00:00,2023-01-09 08:00:00,2023-01-09 20:00:00,1309.35,1325.0,1.0,0.0001,9.718907408949881e-05,0.0,0.00019718907408949882,1.0,1.0,0.0,2.0,-4.2547827294120095,-4.1847595358243845,0.07002319358762461,0.26739677545203583,-9.479215689774682,1,20,3.7397608789765475,atr_48,0.0,fractional_return,R,False
ETHUSD,2023-01-10 10:00:00,2023-01-10 10:00:00,2023-01-10 22:00:00,short,,,1333.3,1338.8000000000002,,,position_exit,24,-0.0041695616774262145,-0.004368706653054444,0.0001991449756282293,,,,-1.1343869603148848,-1.1893861651944402,2.0522091372968525,-2.763779139676122,,,,,,,,112,2023-01-10 10:00:00,2023-01-10 10:00:00,2023-01-10 22:00:00,1333.3,1338.8000000000002,1.0,0.0001,9.91449756282293e-05,0.0,0.0001991449756282293,1.0,1.0,0.0,2.0,-1.1893861651944402,-1.1343869603148848,0.0549992048795554,2.0522091372968525,-2.763779139676122,7,20,4.848433728886948,atr_48,0.0,fractional_return,R,False
ETHUSD,2023-01-11 12:00:00,2023-01-11 12:00:00,2023-01-12 00:00:00,long,,,1333.05,1390.6999999999998,,,position_exit,24,0.043246689921608406,0.043038141026217946,0.00020854889539045907,,,,13.60516079568241,13.542241941914208,15.186332995701076,-2.7493516612263416,,,,,,,,113,2023-01-11 12:00:00,2023-01-11 12:00:00,2023-01-12 00:00:00,1333.05,1390.6999999999998,1.0,0.0001,0.00010854889539045906,0.0,0.00020854889539045907,1.0,1.0,0.0,2.0,13.542241941914208,13.60516079568241,0.06291885376820289,15.186332995701076,-2.7493516612263416,23,7,4.237362635088815,atr_48,0.0,fractional_return,R,False
ETHUSD,2023-01-13 17:30:00,2023-01-13 17:30:00,2023-01-14 05:30:00,long,,,1417.0,1546.5500000000002,,,position_exit,24,0.09142554693013438,0.09120738563832087,0.0002181612918135123,,,,18.21678322389973,18.176932692323863,25.11399061202999,-0.2952932826722325,,,,,,,,114,2023-01-13 17:30:00,2023-01-13 17:30:00,2023-01-14 05:30:00,1417.0,1546.5500000000002,1.0,0.0001,0.00011816129181351229,0.0,0.0002181612918135123,1.0,1.0,0.0,2.0,18.176932692323863,18.21678322389973,0.03985053157586396,25.11399061202999,-0.2952932826722325,14,3,7.111573893574992,atr_48,0.0,fractional_return,R,False
ETHUSD,2023-01-14 22:30:00,2023-01-14 22:30:00,2023-01-15 10:30:00,short,,,1551.35,1532.05,,,position_exit,24,0.01235369672444575,0.01215106706290725,0.00020262966153850037,,,,1.8374820894774837,1.8079424227468008,3.294138875436317,-0.2856189776389878,,,,,,,,115,2023-01-14 22:30:00,2023-01-14 22:30:00,2023-01-15 10:30:00,1551.35,1532.05,1.0,0.0001,0.00010262966153850037,0.0,0.00020262966153850037,1.0,1.0,0.0,2.0,1.8079424227468008,1.8374820894774837,0.029539666730682913,3.294138875436317,-0.2856189776389878,4,2,10.503503740538884,atr_48,0.0,fractional_return,R,False
ETHUSD,2023-01-15 22:30:00,2023-01-15 22:30:00,2023-01-16 10:30:00,short,,,1557.85,1547.25,,,position_exit,24,0.006272106887361462,0.006070946925448739,0.00020115996191272245,,,,1.1522749073982899,1.118405634483376,3.60901197411541,-2.896993045487245,,,,,,,,116,2023-01-15 22:30:00,2023-01-15 22:30:00,2023-01-16 10:30:00,1557.85,1547.25,1.0,0.0001,0.00010115996191272245,0.0,0.00020115996191272245,1.0,1.0,0.0,2.0,1.118405634483376,1.1522749073982899,0.03386927291491399,3.60901197411541,-2.896993045487245,19,7,9.199193640286365,atr_48,0.0,fractional_return,R,False
ETHUSD,2023-01-19 15:00:00,2023-01-19 15:00:00,2023-01-20 03:00:00,short,,,1539.35,1554.85,,,position_exit,24,-0.010198159743348034,-0.010396186714616285,0.0001980269712682503,,,,-1.681650157098414,-1.7150520689607294,1.6762254791722704,-2.6797908955052443,,,,,,,,117,2023-01-19 15:00:00,2023-01-19 15:00:00,2023-01-20 03:00:00,1539.35,1554.85,1.0,0.0001,9.80269712682503e-05,0.0,0.0001980269712682503,1.0,1.0,0.0,2.0,-1.7150520689607294,-1.681650157098414,0.0334019118623154,1.6762254791722704,-2.6797908955052443,5,10,9.217137068951557,atr_48,0.0,fractional_return,R,False
ETHUSD,2023-01-20 22:00:00,2023-01-20 22:00:00,2023-01-21 10:00:00,long,,,1652.0,1635.05,,,position_exit,24,-0.010260290556900808,-0.010459862820520804,0.00019957226361999592,,,,-1.8054491697638329,-1.8406421140523266,2.9025657743990743,-3.3286304752282962,,,,,,,,118,2023-01-20 22:00:00,2023-01-20 22:00:00,2023-01-21 10:00:00,1652.0,1635.05,1.0,0.0001,9.957226361999591e-05,0.0,0.00019957226361999592,1.0,1.0,0.0,2.0,-1.8406421140523266,-1.8054491697638329,0.03519294428849373,2.9025657743990743,-3.3286304752282962,24,24,9.388245475898522,atr_48,0.0,fractional_return,R,False
ETHUSD,2023-01-21 22:30:00,2023-01-21 22:30:00,2023-01-22 10:30:00,long,,,1628.0500000000002,1625.65,,,position_exit,24,-0.0014741561991337138,-0.0016737653987900503,0.0001996091996563365,,,,-0.23743960129042999,-0.26965322986383583,1.5730373585490256,-2.2606228706192524,,,,,,,,119,2023-01-21 22:30:00,2023-01-21 22:30:00,2023-01-22 10:30:00,1628.0500000000002,1625.65,1.0,0.0001,9.96091996563365e-05,0.0,0.0001996091996563365,1.0,1.0,0.0,2.0,-0.26965322986383583,-0.23743960129042999,0.03221362857340583,1.5730373585490256,-2.2606228706192524,1,8,10.107833684678711,atr_48,0.0,fractional_return,R,False
ETHUSD,2023-01-23 15:00:00,2023-01-23 15:00:00,2023-01-24 03:00:00,short,,,1621.65,1635.6,,,position_exit,24,-0.008751619045433534,-0.008949831554807441,0.00019821250937390733,,,,-1.5062181646352983,-1.5412369271683573,1.1715030169385707,-2.1432566715420016,,,,,,,,120,2023-01-23 15:00:00,2023-01-23 15:00:00,2023-01-24 03:00:00,1621.65,1635.6,1.0,0.0001,9.821250937390733e-05,0.0,0.00019821250937390733,1.0,1.0,0.0,2.0,-1.5412369271683573,-1.5062181646352983,0.035018762533058974,1.1715030169385707,-2.1432566715420016,9,22,9.2616065371762,atr_48,0.0,fractional_return,R,False
ETHUSD,2023-01-25 15:00:00,2023-01-25 15:00:00,2023-01-26 03:00:00,short,,,1540.6999999999998,1614.25,,,position_exit,24,-0.046669159058572274,-0.04685980093520026,0.00019064187662798382,,,,-8.304674021449589,-8.339466710137142,0.3443814516032484,-11.195219975890218,,,,,,,,121,2023-01-25 15:00:00,2023-01-25 15:00:00,2023-01-26 03:00:00,1540.6999999999998,1614.25,1.0,0.0001,9.064187662798381e-05,0.0,0.00019064187662798382,1.0,1.0,0.0,2.0,-8.339466710137142,-8.304674021449589,0.034792688687552274,0.3443814516032484,-11.195219975890218,1,14,8.85645840041798,atr_48,0.0,fractional_return,R,False
ETHUSD,2023-01-26 15:00:00,2023-01-26 15:00:00,2023-01-27 03:00:00,short,,,1611.8000000000002,1568.9,,,position_exit,24,0.02682595729867665,0.02662076871247443,0.0002051885862022207,,,,4.23698825611638,4.205150597975548,5.678946963326139,-0.3012310997937943,,,,,,,,122,2023-01-26 15:00:00,2023-01-26 15:00:00,2023-01-27 03:00:00,1611.8000000000002,1568.9,1.0,0.0001,0.00010518858620222069,0.0,0.0002051885862022207,1.0,1.0,0.0,2.0,4.205150597975548,4.23698825611638,0.03183765814083155,5.678946963326139,-0.3012310997937943,21,1,10.12511657025979,atr_48,0.0,fractional_return,R,False
ETHUSD,2023-01-31 05:30:00,2023-01-31 05:30:00,2023-01-31 17:30:00,long,,,1562.3000000000002,1592.95,,,position_exit,24,0.019618511169430253,0.01941458486302272,0.0002039263064075314,,,,3.5260466488248507,3.4901005301986903,4.860537387042408,-0.06327326776033664,,,,,,,,123,2023-01-31 05:30:00,2023-01-31 05:30:00,2023-01-31 17:30:00,1562.3000000000002,1592.95,1.0,0.0001,0.0001039263064075314,0.0,0.0002039263064075314,1.0,1.0,0.0,2.0,3.4901005301986903,3.5260466488248507,0.035946118626160456,4.860537387042408,-0.06327326776033664,22,1,8.692454483044004,atr_48,0.0,fractional_return,R,False
ETHUSD,2023-02-01 06:00:00,2023-02-01 06:00:00,2023-02-01 18:00:00,long,,,1579.15,1582.45,,,position_exit,24,0.0020897318177501845,0.0018900203998983844,0.00019971141785180002,,,,0.4170820509432728,0.37716477089799527,1.2322878777869593,-1.5735368285587672,,,,,,,,124,2023-02-01 06:00:00,2023-02-01 06:00:00,2023-02-01 18:00:00,1579.15,1582.45,1.0,0.0001,9.971141785180002e-05,0.0,0.00019971141785180002,1.0,1.0,0.0,2.0,0.37716477089799527,0.4170820509432728,0.039917280045277476,1.2322878777869593,-1.5735368285587672,17,6,7.912112239154561,atr_48,0.0,fractional_return,R,False
ETHUSD,2023-02-02 15:30:00,2023-02-02 15:30:00,2023-02-03 03:30:00,short,,,1678.15,1641.85,,,position_exit,24,0.02115870536856823,0.020954167838727056,0.00020453752984117557,,,,3.7809010893216324,3.745942857018354,5.317217647654795,-3.6611204762990375,,,,,,,,125,2023-02-02 15:30:00,2023-02-02 15:30:00,2023-02-03 03:30:00,1678.15,1641.85,1.0,0.0001,0.00010453752984117556,0.0,0.00020453752984117557,1.0,1.0,0.0,2.0,3.745942857018354,3.7809010893216324,0.0349582323032786,5.317217647654795,-3.6611204762990375,13,5,9.600885911171273,atr_48,0.0,fractional_return,R,False
ETHUSD,2023-02-04 06:00:00,2023-02-04 06:00:00,2023-02-04 18:00:00,short,,,1652.6,1677.05,,,position_exit,24,-0.01483439339988779,-0.015031171199097804,0.00019677779921001282,,,,-2.774317746129764,-2.8118215294201856,0.15318318843660214,-4.760025744382148,,,,,,,,126,2023-02-04 06:00:00,2023-02-04 06:00:00,2023-02-04 18:00:00,1652.6,1677.05,1.0,0.0001,9.677779921001281e-05,0.0,0.00019677779921001282,1.0,1.0,0.0,2.0,-2.8118215294201856,-2.774317746129764,0.03750378329042159,0.15318318843660214,-4.760025744382148,1,14,8.81297754523913,atr_48,0.0,fractional_return,R,False
ETHUSD,2023-02-08 15:00:00,2023-02-08 15:00:00,2023-02-09 03:00:00,short,,,1662.05,1617.25,,,position_exit,24,0.02727207477704119,0.02706758434364076,0.00020449043340042827,,,,5.8970239553643955,5.853268827395586,6.838178448240646,0.0,,,,,,,,127,2023-02-08 15:00:00,2023-02-08 15:00:00,2023-02-09 03:00:00,1662.05,1617.25,1.0,0.0001,0.00010449043340042827,0.0,0.00020449043340042827,1.0,1.0,0.0,2.0,5.853268827395586,5.8970239553643955,0.043755127968809836,6.838178448240646,0.0,24,1,7.597052401194056,atr_48,0.0,fractional_return,R,False
ETHUSD,2023-02-09 16:00:00,2023-02-09 16:00:00,2023-02-10 04:00:00,short,,,1625.75,1545.05,,,position_exit,24,0.051194293085543796,0.05098397273832611,0.0002103203472176851,,,,10.462445608011897,10.420291157089405,13.081298164168535,-0.6482308307318396,,,,,,,,128,2023-02-09 16:00:00,2023-02-09 16:00:00,2023-02-10 04:00:00,1625.75,1545.05,1.0,0.0001,0.0001103203472176851,0.0,0.0002103203472176851,1.0,1.0,0.0,2.0,10.420291157089405,10.462445608011897,0.04215445092249153,13.081298164168535,-0.6482308307318396,11,4,7.713301748321814,atr_48,0.0,fractional_return,R,False
ETHUSD,2023-02-10 19:30:00,2023-02-10 19:30:00,2023-02-11 08:00:00,short,,,1534.45,1520.3,,,position_exit,25,0.009128640655901687,0.008926864809831292,0.00020177584607039556,,,,1.5618462940788884,1.527972441839322,4.536528811776828,-0.12141561296725259,,,,,,,,129,2023-02-10 19:30:00,2023-02-10 19:30:00,2023-02-11 08:00:00,1534.45,1520.3,1.0,0.0001,0.00010177584607039555,0.0,0.00020177584607039556,1.0,1.0,0.0,2.0,1.527972441839322,1.5618462940788884,0.03387385223956657,4.536528811776828,-0.12141561296725259,4,1,9.059790360705865,atr_48,0.0,fractional_return,R,False
ETHUSD,2023-02-15 12:00:00,2023-02-15 12:00:00,2023-02-16 00:00:00,long,,,1586.65,1695.85,,,position_exit,24,0.06882425235559086,0.06861181845334507,0.00021243390224578995,,,,14.632855483053458,14.590333101822347,16.703163332990975,-2.4991094758145493,,,,,,,,130,2023-02-15 12:00:00,2023-02-15 12:00:00,2023-02-16 00:00:00,1586.65,1695.85,1.0,0.0001,0.00011243390224578995,0.0,0.00021243390224578995,1.0,1.0,0.0,2.0,14.590333101822347,14.632855483053458,0.04252238123111138,16.703163332990975,-2.4991094758145493,24,5,7.462658271071294,atr_48,0.0,fractional_return,R,False
ETHUSD,2023-02-16 15:00:00,2023-02-16 15:00:00,2023-02-17 03:00:00,short,,,1685.75,1665.75,,,position_exit,24,0.010654746510879942,0.010452163445347384,0.00020258306553255778,,,,2.211921648158157,2.174634178974331,6.082784532434932,-6.138082573638886,,,,,,,,131,2023-02-16 15:00:00,2023-02-16 15:00:00,2023-02-17 03:00:00,1685.75,1665.75,1.0,0.0001,0.00010258306553255778,0.0,0.00020258306553255778,1.0,1.0,0.0,2.0,2.174634178974331,2.211921648158157,0.03728746918382614,6.082784532434932,-6.138082573638886,18,2,9.041911596034055,atr_48,0.0,fractional_return,R,False
ETHUSD,2023-02-18 12:00:00,2023-02-18 12:00:00,2023-02-19 00:00:00,short,,,1696.5,1698.05,,,position_exit,24,-0.001004016513596384,-0.0012041671561735523,0.0002001506425771682,,,,-0.17386375065818177,-0.21192308652806746,1.7666800470106085,-1.8676331925540821,,,,,,,,132,2023-02-18 12:00:00,2023-02-18 12:00:00,2023-02-19 00:00:00,1696.5,1698.05,1.0,0.0001,0.00010015064257716819,0.0,0.0002001506425771682,1.0,1.0,0.0,2.0,-0.21192308652806746,-0.17386375065818177,0.03805933586988568,1.7666800470106085,-1.8676331925540821,16,12,8.915026819174477,atr_48,0.0,fractional_return,R,False
ETHUSD,2023-02-23 11:00:00,2023-02-23 11:00:00,2023-02-23 23:00:00,long,,,1640.0500000000002,1648.5,,,position_exit,24,0.005152281942624182,0.004951325553794073,0.00020095638883010913,,,,0.9789178012445778,0.940918413317212,3.5855036625467642,-1.268538452500429,,,,,,,,133,2023-02-23 11:00:00,2023-02-23 11:00:00,2023-02-23 23:00:00,1640.0500000000002,1648.5,1.0,0.0001,0.00010095638883010913,0.0,0.00020095638883010913,1.0,1.0,0.0,2.0,0.940918413317212,0.9789178012445778,0.0379993879273658,3.5855036625467642,-1.268538452500429,4,2,8.631981142090424,atr_48,0.0,fractional_return,R,False
ETHUSD,2023-02-24 15:00:00,2023-02-24 15:00:00,2023-02-25 03:00:00,long,,,1620.6,1600.7,,,position_exit,24,-0.012279402690361652,-0.012476801194002407,0.0001973985036407555,,,,-2.3881259725979844,-2.4270224243687615,0.2820148761610868,-5.3462820140322025,,,,,,,,134,2023-02-24 15:00:00,2023-02-24 15:00:00,2023-02-25 03:00:00,1620.6,1600.7,1.0,0.0001,9.73985036407555e-05,0.0,0.0001973985036407555,1.0,1.0,0.0,2.0,-2.4270224243687615,-2.3881259725979844,0.03889645177077709,0.2820148761610868,-5.3462820140322025,10,2,8.33289375365368,atr_48,0.0,fractional_return,R,False
ETHUSD,2023-03-03 13:00:00,2023-03-03 13:00:00,2023-03-04 01:00:00,long,,,1569.95,1571.9,,,position_exit,24,0.0012420777731778632,0.0010416610382495417,0.00020041673492832146,,,,0.2577818515685824,0.2162736856331889,1.4012757059625058,-2.97440597963742,,,,,,,,135,2023-03-03 13:00:00,2023-03-03 13:00:00,2023-03-04 01:00:00,1569.95,1571.9,1.0,0.0001,0.00010041673492832146,0.0,0.00020041673492832146,1.0,1.0,0.0,2.0,0.2162736856331889,0.2577818515685824,0.0415081659353935,1.4012757059625058,-2.97440597963742,2,16,7.564535626284193,atr_48,0.0,fractional_return,R,False
ETHUSD,2023-03-06 01:30:00,2023-03-06 01:30:00,2023-03-06 13:30:00,long,,,1562.15,1570.45,,,position_exit,24,0.00531319015459486,0.005112355196683849,0.00020083495791101136,,,,1.5983339426551146,1.538169186787194,1.7716472617381742,-1.3094784108500157,,,,,,,,136,2023-03-06 01:30:00,2023-03-06 01:30:00,2023-03-06 13:30:00,1562.15,1570.45,1.0,0.0001,0.00010083495791101135,0.0,0.00020083495791101136,1.0,1.0,0.0,2.0,1.538169186787194,1.5983339426551146,0.06016475586792052,1.7716472617381742,-1.3094784108500157,24,7,5.192907300843646,atr_48,0.0,fractional_return,R,False
ETHUSD,2023-03-08 15:00:00,2023-03-08 15:00:00,2023-03-09 03:00:00,short,,,1557.95,1541.25,,,position_exit,24,0.010646999421940695,0.010444988082350948,0.00020201133958974715,,,,3.0916326644890284,3.033948723056206,5.766727993942111,-1.3884577834531526,,,,,,,,137,2023-03-08 15:00:00,2023-03-08 15:00:00,2023-03-09 03:00:00,1557.95,1541.25,1.0,0.0001,0.00010201133958974715,0.0,0.00020201133958974715,1.0,1.0,0.0,2.0,3.033948723056206,3.0916326644890284,0.057683941432822385,5.766727993942111,-1.3884577834531526,16,1,5.401676658362047,atr_48,0.0,fractional_return,R,False
ETHUSD,2023-03-09 15:00:00,2023-03-09 15:00:00,2023-03-10 03:00:00,short,,,1537.85,1427.6,,,position_exit,24,0.07450802855580752,0.0742929564637036,0.00021507209210391842,,,,20.00778210813063,19.951965386652194,23.047513176712837,-0.2631408984742887,,,,,,,,138,2023-03-09 15:00:00,2023-03-09 15:00:00,2023-03-10 03:00:00,1537.85,1427.6,1.0,0.0001,0.00011507209210391842,0.0,0.00021507209210391842,1.0,1.0,0.0,2.0,19.951965386652194,20.00778210813063,0.05581672147843754,23.047513176712837,-0.2631408984742887,11,1,5.510355890731003,atr_48,0.0,fractional_return,R,False
ETHUSD,2023-03-13 13:00:00,2023-03-13 13:00:00,2023-03-14 01:00:00,long,,,1596.85,1680.0,,,position_exit,24,0.05207126530356643,0.051861296759558195,0.00020996854400823217,,,,5.423644758768184,5.402813136078974,6.72818949930172,-0.867522252454784,,,,,,,,139,2023-03-13 13:00:00,2023-03-13 13:00:00,2023-03-14 01:00:00,1596.85,1680.0,1.0,0.0001,0.00010996854400823217,0.0,0.00020996854400823217,1.0,1.0,0.0,2.0,5.402813136078974,5.423644758768184,0.020831622689209777,6.72818949930172,-0.867522252454784,5,1,15.331018844030096,atr_48,0.0,fractional_return,R,False
ETHUSD,2023-03-14 14:00:00,2023-03-14 14:00:00,2023-03-15 02:00:00,short,,,1747.4,1711.75,,,position_exit,24,0.019397061163205942,0.01919335813275258,0.00020370303045336158,,,,2.2711822083027684,2.2489176148060603,5.029728901697159,-2.252069875554066,,,,,,,,140,2023-03-14 14:00:00,2023-03-14 14:00:00,2023-03-15 02:00:00,1747.4,1711.75,1.0,0.0001,0.00010370303045336157,0.0,0.00020370303045336158,1.0,1.0,0.0,2.0,2.2489176148060603,2.2711822083027684,0.02226459349670826,5.029728901697159,-2.252069875554066,14,1,15.696671041924452,atr_48,0.0,fractional_return,R,False
ETHUSD,2023-03-15 14:00:00,2023-03-15 14:00:00,2023-03-16 02:00:00,long,,,1665.75,1657.85,,,position_exit,24,-0.0047426084346389175,-0.004941226769923257,0.0001986183352843396,,,,-0.4786371999548433,-0.4988217547858501,0.3059642860470771,-3.089936354138826,,,,,,,,141,2023-03-15 14:00:00,2023-03-15 14:00:00,2023-03-16 02:00:00,1665.75,1657.85,1.0,0.0001,9.861833528433958e-05,0.0,0.0001986183352843396,1.0,1.0,0.0,2.0,-0.4988217547858501,-0.4786371999548433,0.02018455483100686,0.3059642860470771,-3.089936354138826,16,6,16.505194332461855,atr_48,0.0,fractional_return,R,False
ETHUSD,2023-03-18 23:30:00,2023-03-18 23:30:00,2023-03-19 11:30:00,long,,,1762.5,1788.1,,,position_exit,24,0.014524822695035633,0.014322512214468786,0.00020231048056684742,,,,1.7831452651926885,1.7585921907403281,2.0443481848986496,-0.08010222870983442,,,,,,,,142,2023-03-18 23:30:00,2023-03-18 23:30:00,2023-03-19 11:30:00,1762.5,1788.1,1.0,0.0001,0.00010231048056684741,0.0,0.00020231048056684742,1.0,1.0,0.0,2.0,1.7585921907403281,1.7831452651926885,0.02455307445236035,2.0443481848986496,-0.08010222870983442,24,1,14.356654222017939,atr_48,0.0,fractional_return,R,False
ETHUSD,2023-03-20 07:30:00,2023-03-20 07:30:00,2023-03-20 19:30:00,short,,,1796.65,1758.0,,,position_exit,24,0.021530106766181056,0.021325454062974813,0.00020465270320624285,,,,2.7999661617915557,2.773934807563443,3.593229537512564,-0.8475964836471053,,,,,,,,143,2023-03-20 07:30:00,2023-03-20 07:30:00,2023-03-20 19:30:00,1796.65,1758.0,1.0,0.0001,0.00010465270320624284,0.0,0.00020465270320624285,1.0,1.0,0.0,2.0,2.773934807563443,2.7999661617915557,0.026031354228112744,3.593229537512564,-0.8475964836471053,23,1,13.803738247775796,atr_48,0.0,fractional_return,R,False
ETHUSD,2023-03-23 16:00:00,2023-03-23 16:00:00,2023-03-24 04:00:00,long,,,1830.25,1814.45,,,position_exit,24,-0.008632700450757813,-0.00883101043409329,0.00019830998333547623,,,,-1.286320994576255,-1.3161221211626246,0.42334615011370913,-2.7069729790924435,,,,,,,,144,2023-03-23 16:00:00,2023-03-23 16:00:00,2023-03-24 04:00:00,1830.25,1814.45,1.0,0.0001,9.830998333547622e-05,0.0,0.00019830998333547623,1.0,1.0,0.0,2.0,-1.3161221211626246,-1.286320994576255,0.029801126586369596,0.42334615011370913,-2.7069729790924435,2,6,12.283092685745094,atr_48,0.0,fractional_return,R,False
ETHUSD,2023-03-29 10:30:00,2023-03-29 10:30:00,2023-03-29 22:30:00,short,,,1811.35,1790.3000000000002,,,position_exit,24,0.011570741721042666,0.011368567298971621,0.0002021744220710442,,,,2.281595470180502,2.242329266333362,2.9969650712822755,-0.5365272008263057,,,,,,,,145,2023-03-29 10:30:00,2023-03-29 10:30:00,2023-03-29 22:30:00,1811.35,1790.3000000000002,1.0,0.0001,0.00010217442207104419,0.0,0.0002021744220710442,1.0,1.0,0.0,2.0,2.242329266333362,2.281595470180502,0.03926620384714019,2.9969650712822755,-0.5365272008263057,23,7,9.226000084201788,atr_48,0.0,fractional_return,R,False
ETHUSD,2023-03-31 15:00:00,2023-03-31 15:00:00,2023-04-01 03:00:00,long,,,1828.25,1826.9,,,position_exit,24,-0.0007384110488170004,-0.0009384174489266428,0.00020000640010964243,,,,-0.1490858213479368,-0.18946599214488255,1.6012921552186883,-1.4466846367837705,,,,,,,,146,2023-03-31 15:00:00,2023-03-31 15:00:00,2023-04-01 03:00:00,1828.25,1826.9,1.0,0.0001,0.00010000640010964243,0.0,0.00020000640010964243,1.0,1.0,0.0,2.0,-0.18946599214488255,-0.1490858213479368,0.04038017079694575,1.6012921552186883,-1.4466846367837705,22,11,9.05518705799176,atr_48,0.0,fractional_return,R,False
ETHUSD,2023-04-04 23:00:00,2023-04-04 23:00:00,2023-04-05 11:00:00,short,,,1864.4,1915.85,,,position_exit,24,-0.027261334753298394,-0.02745596686175511,0.00019463210845671597,,,,-5.615855653039321,-5.656556143921835,0.021830342674599094,-6.554560388046883,,,,,,,,147,2023-04-04 23:00:00,2023-04-04 23:00:00,2023-04-05 11:00:00,1864.4,1915.85,1.0,0.0001,9.463210845671596e-05,0.0,0.00019463210845671597,1.0,1.0,0.0,2.0,-5.656556143921835,-5.615855653039321,0.040700490882513304,0.021830342674599094,-6.554560388046883,1,7,9.161560264134442,atr_48,0.0,fractional_return,R,False
ETHUSD,2023-04-06 02:30:00,2023-04-06 02:30:00,2023-04-06 14:30:00,long,,,1894.65,1868.55,,,position_exit,24,-0.013775631383105336,-0.013972908614520385,0.0001972772314150495,,,,-2.80894182951462,-2.8497231447428946,0.6295904100636086,-4.186507171192276,,,,,,,,148,2023-04-06 02:30:00,2023-04-06 02:30:00,2023-04-06 14:30:00,1894.65,1868.55,1.0,0.0001,9.727723141504949e-05,0.0,0.0001972772314150495,1.0,1.0,0.0,2.0,-2.8497231447428946,-2.80894182951462,0.040781315228274696,0.6295904100636086,-4.186507171192276,2,16,9.291755253084101,atr_48,0.0,fractional_return,R,False
ETHUSD,2023-04-11 06:00:00,2023-04-11 06:00:00,2023-04-11 18:00:00,short,,,1921.95,1907.65,,,position_exit,24,0.00743357569643166,0.007232099055628272,0.00020147664080338856,,,,1.8958635983289196,1.844901989338594,3.732067153353806,-0.782209456653175,,,,,,,,149,2023-04-11 06:00:00,2023-04-11 06:00:00,2023-04-11 18:00:00,1921.95,1907.65,1.0,0.0001,0.00010147664080338856,0.0,0.00020147664080338856,1.0,1.0,0.0,2.0,1.844901989338594,1.8958635983289196,0.05096160899032558,3.732067153353806,-0.782209456653175,22,3,7.542736730957055,atr_48,0.0,fractional_return,R,False
ETHUSD,2023-04-13 22:30:00,2023-04-13 22:30:00,2023-04-14 10:30:00,long,,,2009.9,2115.25,,,position_exit,24,0.05241554306184404,0.05220498590452283,0.00021055715732121172,,,,10.724326701285209,10.683406294570613,12.28182265315674,-0.32575078731953666,,,,,,,,150,2023-04-13 22:30:00,2023-04-13 22:30:00,2023-04-14 10:30:00,2009.9,2115.25,1.0,0.0001,0.00011055715732121171,0.0,0.00021055715732121172,1.0,1.0,0.0,2.0,10.683406294570613,10.724326701285209,0.04092040671459547,12.28182265315674,-0.32575078731953666,6,1,9.82346052432128,atr_48,0.0,fractional_return,R,False
ETHUSD,2023-04-15 20:30:00,2023-04-15 20:30:00,2023-04-16 08:30:00,long,,,2088.95,2099.3,,,position_exit,24,0.004954642284401123,0.004753709271644091,0.0002009330127570319,,,,1.0538977515091341,1.0113559214025654,1.5477532196075905,-1.4051970020121016,,,,,,,,151,2023-04-15 20:30:00,2023-04-15 20:30:00,2023-04-16 08:30:00,2088.95,2099.3,1.0,0.0001,0.0001009330127570319,0.0,0.0002009330127570319,1.0,1.0,0.0,2.0,1.0113559214025654,1.0538977515091341,0.04254183010656866,1.5477532196075905,-1.4051970020121016,20,9,9.820687049744276,atr_48,0.0,fractional_return,R,False
ETHUSD,2023-04-21 05:30:00,2023-04-21 05:30:00,2023-04-21 17:30:00,long,,,1928.1,1881.4,,,position_exit,24,-0.02422073543903358,-0.024415925614594935,0.00019519017556135498,,,,-4.2152933245783935,-4.250100635324088,0.528039956076751,-4.941912409436144,,,,,,,,152,2023-04-21 05:30:00,2023-04-21 05:30:00,2023-04-21 17:30:00,1928.1,1881.4,1.0,0.0001,9.519017556135498e-05,0.0,0.00019519017556135498,1.0,1.0,0.0,2.0,-4.250100635324088,-4.2152933245783935,0.034807310745694355,0.528039956076751,-4.941912409436144,5,24,11.078707080169961,atr_48,0.0,fractional_return,R,False
ETHUSD,2023-04-22 06:00:00,2023-04-22 06:00:00,2023-04-22 18:00:00,short,,,1855.2,1876.55,,,position_exit,24,-0.011507418916621215,-0.011704811739209786,0.00019739282258857127,,,,-1.9983100084671175,-2.0330384836681312,1.0950926041716846,-3.018524485857837,,,,,,,,153,2023-04-22 06:00:00,2023-04-22 06:00:00,2023-04-22 18:00:00,1855.2,1876.55,1.0,0.0001,9.739282258857127e-05,0.0,0.00019739282258857127,1.0,1.0,0.0,2.0,-2.0330384836681312,-1.9983100084671175,0.0347284752010137,1.0950926041716846,-3.018524485857837,8,22,10.684027958393337,atr_48,0.0,fractional_return,R,False
ETHUSD,2023-04-27 20:00:00,2023-04-27 20:00:00,2023-04-28 08:00:00,long,,,1916.7,1915.25,,,position_exit,24,-0.0007565085824594586,-0.0009565872601349223,0.00020007867767546372,,,,-0.10016395944115056,-0.1266445471736812,0.6320691233699898,-1.4817358138018044,,,,,,,,154,2023-04-27 20:00:00,2023-04-27 20:00:00,2023-04-28 08:00:00,1916.7,1915.25,1.0,0.0001,0.00010007867767546372,0.0,0.00020007867767546372,1.0,1.0,0.0,2.0,-0.1266445471736812,-0.10016395944115056,0.026480587732530654,0.6320691233699898,-1.4817358138018044,2,5,14.47626479713959,atr_48,0.0,fractional_return,R,False
ETHUSD,2023-05-01 15:00:00,2023-05-01 15:00:00,2023-05-02 03:00:00,long,,,1829.75,1825.2,,,position_exit,24,-0.0024866785079921128,-0.0026863788550346435,0.0001997003470425307,,,,-0.5769401505322219,-0.623342622639314,1.5342804003164623,-2.948100769203142,,,,,,,,155,2023-05-01 15:00:00,2023-05-01 15:00:00,2023-05-02 03:00:00,1829.75,1825.2,1.0,0.0001,9.97003470425307e-05,0.0,0.0001997003470425307,1.0,1.0,0.0,2.0,-0.623342622639314,-0.5769401505322219,0.04640247210709203,1.5342804003164623,-2.948100769203142,4,12,7.8864332735425355,atr_48,0.0,fractional_return,R,False
ETHUSD,2023-05-02 16:00:00,2023-05-02 16:00:00,2023-05-03 04:00:00,long,,,1861.45,1862.75,,,position_exit,24,0.0006983802949318552,0.0004982130245241301,0.00020016727040772508,,,,0.1566332088473277,0.11177707244596334,2.4519121538793973,-0.9397992530839937,,,,,,,,156,2023-05-02 16:00:00,2023-05-02 16:00:00,2023-05-03 04:00:00,1861.45,1862.75,1.0,0.0001,0.00010016727040772508,0.0,0.00020016727040772508,1.0,1.0,0.0,2.0,0.11177707244596334,0.1566332088473277,0.04485613640136436,2.4519121538793973,-0.9397992530839937,6,2,8.29964481712866,atr_48,0.0,fractional_return,R,False
ETHUSD,2023-05-03 16:00:00,2023-05-03 16:00:00,2023-05-04 04:00:00,short,,,1861.85,1904.5,,,position_exit,24,-0.022652587607853714,-0.02284806014839247,0.00019547254053875474,,,,-6.081064508957507,-6.134157263733603,0.7841935474622794,-7.7777741843759065,,,,,,,,157,2023-05-03 16:00:00,2023-05-03 16:00:00,2023-05-04 04:00:00,1861.85,1904.5,1.0,0.0001,9.547254053875473e-05,0.0,0.00019547254053875474,1.0,1.0,0.0,2.0,-6.134157263733603,-6.081064508957507,0.05309275477609617,0.7841935474622794,-7.7777741843759065,1,12,7.013574668904753,atr_48,0.0,fractional_return,R,False
ETHUSD,2023-05-05 23:00:00,2023-05-05 23:00:00,2023-05-06 11:00:00,short,,,1997.2,1931.95,,,position_exit,24,0.033503896625822094,0.03329712850440014,0.0002067681214219519,,,,7.377202928769678,7.332042010181666,8.230810317462563,-2.5325570207576975,,,,,,,,158,2023-05-05 23:00:00,2023-05-05 23:00:00,2023-05-06 11:00:00,1997.2,1931.95,1.0,0.0001,0.00010676812142195188,0.0,0.0002067681214219519,1.0,1.0,0.0,2.0,7.332042010181666,7.377202928769678,0.04516091858801165,8.230810317462563,-2.5325570207576975,22,3,8.844815661168477,atr_48,0.0,fractional_return,R,False
ETHUSD,2023-05-07 23:30:00,2023-05-07 23:30:00,2023-05-08 11:30:00,long,,,1873.4,1864.8,,,position_exit,24,-0.0045905839649835745,-0.004789442399914634,0.0001988584349310596,,,,-0.9364946743746756,-0.9772953516531289,1.4210762209987535,-3.8929865824295486,,,,,,,,159,2023-05-07 23:30:00,2023-05-07 23:30:00,2023-05-08 11:30:00,1873.4,1864.8,1.0,0.0001,9.885843493105959e-05,0.0,0.0001988584349310596,1.0,1.0,0.0,2.0,-0.9772953516531289,-0.9364946743746756,0.04080067727845324,1.4210762209987535,-3.8929865824295486,1,18,9.183180892878653,atr_48,0.0,fractional_return,R,False
ETHUSD,2023-05-12 12:30:00,2023-05-12 12:30:00,2023-05-13 00:30:00,long,,,1773.05,1809.15,,,position_exit,24,0.020360395927920605,0.020156630122670105,0.0002037658052504998,,,,3.933315505628778,3.894678580103819,4.821307787370436,-3.116144694210035,,,,,,,,160,2023-05-12 12:30:00,2023-05-12 12:30:00,2023-05-13 00:30:00,1773.05,1809.15,1.0,0.0001,0.0001037658052504998,0.0,0.0002037658052504998,1.0,1.0,0.0,2.0,3.894678580103819,3.933315505628778,0.038636925524958884,4.821307787370436,-3.116144694210035,19,13,9.178007700714364,atr_48,0.0,fractional_return,R,False
ETHUSD,2023-05-23 04:00:00,2023-05-23 04:00:00,2023-05-23 16:00:00,long,,,1862.75,1854.05,,,position_exit,24,-0.0046705140249626576,-0.004869714901355349,0.00019920087639269113,,,,-1.5219409735245129,-1.5871132849827374,0.11370823365414558,-3.5162084560738402,,,,,,,,161,2023-05-23 04:00:00,2023-05-23 04:00:00,2023-05-23 16:00:00,1862.75,1854.05,1.0,0.0001,9.920087639269112e-05,0.0,0.00019920087639269113,1.0,1.0,0.0,2.0,-1.5871132849827374,-1.5219409735245129,0.06517231145822462,0.11370823365414558,-3.5162084560738402,1,19,5.716384637344098,atr_48,0.0,fractional_return,R,False
ETHUSD,2023-05-26 06:00:00,2023-05-26 06:00:00,2023-05-26 18:00:00,short,,,1807.25,1829.55,,,position_exit,24,-0.012287345918486459,-0.01248512814087821,0.00019778222239175136,,,,-3.9368935049699485,-4.000704722789293,0.15006096319390605,-5.463984483355172,,,,,,,,162,2023-05-26 06:00:00,2023-05-26 06:00:00,2023-05-26 18:00:00,1807.25,1829.55,1.0,0.0001,9.778222239175136e-05,0.0,0.00019778222239175136,1.0,1.0,0.0,2.0,-4.000704722789293,-3.9368935049699485,0.06381121781934487,0.15006096319390605,-5.463984483355172,1,17,5.664364548303975,atr_48,0.0,fractional_return,R,False
ETHUSD,2023-05-28 22:00:00,2023-05-28 22:00:00,2023-05-29 10:00:00,long,,,1905.55,1903.35,,,position_exit,24,-0.0011545223163912377,-0.0013543706276402112,0.0001998483112489735,,,,-0.37511961012157896,-0.4401022622185935,3.725619764161992,-2.037581518614906,,,,,,,,163,2023-05-28 22:00:00,2023-05-28 22:00:00,2023-05-29 10:00:00,1905.55,1903.35,1.0,0.0001,9.98483112489735e-05,0.0,0.0001998483112489735,1.0,1.0,0.0,2.0,-0.4401022622185935,-0.37511961012157896,0.06498265209701455,3.725619764161992,-2.037581518614906,4,13,5.864796029423814,atr_48,0.0,fractional_return,R,False
ETHUSD,2023-05-30 14:30:00,2023-05-30 14:30:00,2023-05-31 02:30:00,long,,,1897.05,1896.65,,,position_exit,24,-0.00021085369389262087,-0.000410769900370922,0.0001999162064783011,,,,-0.06517443712285412,-0.1269940200948304,2.924702865889083,-1.8085906301598036,,,,,,,,164,2023-05-30 14:30:00,2023-05-30 14:30:00,2023-05-31 02:30:00,1897.05,1896.65,1.0,0.0001,9.99162064783011e-05,0.0,0.0001999162064783011,1.0,1.0,0.0,2.0,-0.1269940200948304,-0.06517443712285412,0.06181958297197629,2.924702865889083,-1.8085906301598036,13,23,6.137375597826211,atr_48,0.0,fractional_return,R,False
ETHUSD,2023-06-06 12:30:00,2023-06-06 12:30:00,2023-06-07 00:30:00,long,,,1805.75,1886.6,,,position_exit,24,0.0447736397618721,0.044564737011490996,0.0002089027503811014,,,,13.170402715706107,13.111571658924694,14.97858416461569,-0.9855403392705187,,,,,,,,165,2023-06-06 12:30:00,2023-06-06 12:30:00,2023-06-07 00:30:00,1805.75,1886.6,1.0,0.0001,0.0001089027503811014,0.0,0.0002089027503811014,1.0,1.0,0.0,2.0,13.111571658924694,13.170402715706107,0.05883105678141331,14.97858416461569,-0.9855403392705187,14,1,6.138764451263424,atr_48,0.0,fractional_return,R,False
ETHUSD,2023-06-11 04:00:00,2023-06-11 04:00:00,2023-06-11 17:30:00,long,,,1746.85,1756.85,,,position_exit,27,0.005724589976243033,0.005523420771389009,0.00020116920485402368,,,,1.2493764028022993,1.2057269394175953,2.292605699142208,-0.8308353078635404,,,,,,,,166,2023-06-11 04:00:00,2023-06-11 04:00:00,2023-06-11 17:30:00,1746.85,1756.85,1.0,0.0001,0.00010116920485402367,0.0,0.00020116920485402368,1.0,1.0,0.0,2.0,1.2057269394175953,1.2493764028022993,0.043649463384703935,2.292605699142208,-0.8308353078635404,27,19,8.003993014091202,atr_48,0.0,fractional_return,R,False
ETHUSD,2023-06-12 07:30:00,2023-06-12 07:30:00,2023-06-12 19:30:00,long,,,1736.9499999999998,1733.0500000000002,,,position_exit,24,-0.002245315063761022,-0.002444643027432858,0.00019932796367183592,,,,-0.5224268522911892,-0.5689616892700233,2.940325489177645,-2.05621850837704,,,,,,,,167,2023-06-12 07:30:00,2023-06-12 07:30:00,2023-06-12 19:30:00,1736.9499999999998,1733.0500000000002,1.0,0.0001,9.932796367183591e-05,0.0,0.00019932796367183592,1.0,1.0,0.0,2.0,-0.5689616892700233,-0.5224268522911892,0.04653483697883414,2.940325489177645,-2.05621850837704,3,19,7.465159922189187,atr_48,0.0,fractional_return,R,False
ETHUSD,2023-06-16 04:00:00,2023-06-16 04:00:00,2023-06-16 16:00:00,short,,,1667.1,1679.9499999999998,,,position_exit,24,-0.0077702103839498715,-0.007968658233817982,0.00019844784986811081,,,,-1.8303966534073477,-1.8778901049387937,2.385925598799478,-2.5995905777964463,,,,,,,,168,2023-06-16 04:00:00,2023-06-16 04:00:00,2023-06-16 16:00:00,1667.1,1679.9499999999998,1.0,0.0001,9.844784986811081e-05,0.0,0.00019844784986811081,1.0,1.0,0.0,2.0,-1.8778901049387937,-1.8303966534073477,0.04749345153144609,2.385925598799478,-2.5995905777964463,21,24,7.020336262131589,atr_48,0.0,fractional_return,R,False
ETHUSD,2023-06-21 10:00:00,2023-06-21 10:00:00,2023-06-21 22:00:00,short,,,1817.05,1880.25,,,position_exit,24,-0.0346721788287182,-0.034865477227690844,0.00019329839897264112,,,,-8.664676788531779,-8.714500051059,1.0899395643801897,-11.214724071232572,,,,,,,,169,2023-06-21 10:00:00,2023-06-21 10:00:00,2023-06-21 22:00:00,1817.05,1880.25,1.0,0.0001,9.329839897264111e-05,0.0,0.00019329839897264112,1.0,1.0,0.0,2.0,-8.714500051059,-8.664676788531779,0.049823262527220434,1.0899395643801897,-11.214724071232572,1,13,7.293982400318619,atr_48,0.0,fractional_return,R,False
ETHUSD,2023-06-23 02:00:00,2023-06-23 02:00:00,2023-06-23 14:00:00,long,,,1872.45,1876.65,,,position_exit,24,0.002243050548746517,0.0020428148834414905,0.00020023566530502634,,,,0.4489560248792343,0.40892518160375274,1.7584110974436535,-0.9834274830687931,,,,,,,,170,2023-06-23 02:00:00,2023-06-23 02:00:00,2023-06-23 14:00:00,1872.45,1876.65,1.0,0.0001,0.00010023566530502634,0.0,0.00020023566530502634,1.0,1.0,0.0,2.0,0.40892518160375274,0.4489560248792343,0.040030843275481585,1.7584110974436535,-0.9834274830687931,15,23,9.355036500801639,atr_48,0.0,fractional_return,R,False
ETHUSD,2023-06-27 07:00:00,2023-06-27 07:00:00,2023-06-27 19:00:00,long,,,1873.05,1895.85,,,position_exit,24,0.012172659565948374,0.011970128388723689,0.00020253117722468517,,,,2.871513161297003,2.824333444395535,4.949581896446154,-0.8941992739126535,,,,,,,,171,2023-06-27 07:00:00,2023-06-27 07:00:00,2023-06-27 19:00:00,1873.05,1895.85,1.0,0.0001,0.00010253117722468516,0.0,0.00020253117722468517,1.0,1.0,0.0,2.0,2.824333444395535,2.871513161297003,0.04717971690146809,4.949581896446154,-0.8941992739126535,20,17,7.940064599843821,atr_48,0.0,fractional_return,R,False
ETHUSD,2023-06-28 19:00:00,2023-06-28 19:00:00,2023-06-29 07:00:00,long,,,1832.85,1846.6,,,position_exit,24,0.007501977794145631,0.007300943002700677,0.00020103479144495395,,,,1.7094417662251558,1.6638686703527807,1.846197107523185,-1.8337648037688035,,,,,,,,172,2023-06-28 19:00:00,2023-06-28 19:00:00,2023-06-29 07:00:00,1832.85,1846.6,1.0,0.0001,0.00010103479144495395,0.0,0.00020103479144495395,1.0,1.0,0.0,2.0,1.6638686703527807,1.7094417662251558,0.04557309587237493,1.846197107523185,-1.8337648037688035,24,1,8.043561513278801,atr_48,0.0,fractional_return,R,False
ETHUSD,2023-07-02 22:30:00,2023-07-02 22:30:00,2023-07-03 10:30:00,short,,,1942.1,1962.1,,,position_exit,24,-0.010315917222561866,-0.010514069600691567,0.0001981523781297012,,,,-2.5612887429009485,-2.611031531576828,1.4151120304527682,-4.322174753645351,,,,,,,,173,2023-07-02 22:30:00,2023-07-02 22:30:00,2023-07-03 10:30:00,1942.1,1962.1,1.0,0.0001,9.815237812970121e-05,0.0,0.0001981523781297012,1.0,1.0,0.0,2.0,-2.611031531576828,-2.5612887429009485,0.04974278867587932,1.4151120304527682,-4.322174753645351,2,19,7.8085690476848555,atr_48,0.0,fractional_return,R,False
ETHUSD,2023-07-07 08:00:00,2023-07-07 08:00:00,2023-07-07 20:00:00,long,,,1857.7,1863.6,,,position_exit,24,0.0031759702858371597,0.002975304755073571,0.0002006655307635885,,,,0.7662513544902869,0.7179982988551467,2.636424151890364,-0.6558592101993226,,,,,,,,174,2023-07-07 08:00:00,2023-07-07 08:00:00,2023-07-07 20:00:00,1857.7,1863.6,1.0,0.0001,0.0001006655307635885,0.0,0.0002006655307635885,1.0,1.0,0.0,2.0,0.7179982988551467,0.7662513544902869,0.048253055635140304,2.636424151890364,-0.6558592101993226,12,9,7.69982325698408,atr_48,0.0,fractional_return,R,False
ETHUSD,2023-07-12 06:00:00,2023-07-12 06:00:00,2023-07-12 18:00:00,short,,,1888.65,1887.95,,,position_exit,24,0.00030373110392467595,0.00010364590112210692,0.00020008520280256903,,,,0.14185598839119917,0.0653084705411932,1.9353209844798427,-2.776324344227538,,,,,,,,175,2023-07-12 06:00:00,2023-07-12 06:00:00,2023-07-12 18:00:00,1888.65,1887.95,1.0,0.0001,0.00010008520280256902,0.0,0.00020008520280256903,1.0,1.0,0.0,2.0,0.0653084705411932,0.14185598839119917,0.07654751785000598,1.9353209844798427,-2.776324344227538,20,18,4.934581951307132,atr_48,0.0,fractional_return,R,False
ETHUSD,2023-07-13 09:00:00,2023-07-13 09:00:00,2023-07-13 21:00:00,short,,,1877.15,1976.55,,,position_exit,24,-0.05112176801332102,-0.051311106051806665,0.00018933803848564246,,,,-20.29633946562088,-20.37299796386613,0.05104713145276888,-27.87173377321181,,,,,,,,176,2023-07-13 09:00:00,2023-07-13 09:00:00,2023-07-13 21:00:00,1877.15,1976.55,1.0,0.0001,8.933803848564245e-05,0.0,0.00018933803848564246,1.0,1.0,0.0,2.0,-20.37299796386613,-20.29633946562088,0.07665849824525209,0.05104713145276888,-27.87173377321181,7,18,4.897434838847142,atr_48,0.0,fractional_return,R,False
ETHUSD,2023-07-14 14:30:00,2023-07-14 14:30:00,2023-07-15 02:30:00,short,,,2000.05,1931.65,,,position_exit,24,0.03479321845778616,0.03458619506206406,0.0002070233957220946,,,,8.653653625750042,8.60304619904191,12.63888884813494,-0.9994716906933664,,,,,,,,177,2023-07-14 14:30:00,2023-07-14 14:30:00,2023-07-15 02:30:00,2000.05,1931.65,1.0,0.0001,0.0001070233957220946,0.0,0.0002070233957220946,1.0,1.0,0.0,2.0,8.60304619904191,8.653653625750042,0.05060742670813278,12.63888884813494,-0.9994716906933664,9,2,7.904175849662736,atr_48,0.0,fractional_return,R,False
ETHUSD,2023-07-16 02:00:00,2023-07-16 02:00:00,2023-07-16 14:00:00,long,,,1921.95,1940.15,,,position_exit,24,0.009469549155805224,0.009268130966986421,0.0002014181888188027,,,,2.9971763410176515,2.9338749886152464,3.1947923635023012,-0.156446017800379,,,,,,,,178,2023-07-16 02:00:00,2023-07-16 02:00:00,2023-07-16 14:00:00,1921.95,1940.15,1.0,0.0001,0.00010141818881880269,0.0,0.0002014181888188027,1.0,1.0,0.0,2.0,2.9338749886152464,2.9971763410176515,0.06330135240240506,3.1947923635023012,-0.156446017800379,24,1,6.072382112098375,atr_48,0.0,fractional_return,R,False
ETHUSD,2023-07-23 19:00:00,2023-07-23 19:00:00,2023-07-24 07:00:00,long,,,1894.75,1873.45,,,position_exit,24,-0.0112415886000784,-0.011439143053700529,0.00019755445362212853,,,,-5.007947980428956,-5.097044782644147,0.3056494072562173,-7.370853013448246,,,,,,,,179,2023-07-23 19:00:00,2023-07-23 19:00:00,2023-07-24 07:00:00,1894.75,1873.45,1.0,0.0001,9.755445362212853e-05,0.0,0.00019755445362212853,1.0,1.0,0.0,2.0,-5.097044782644147,-5.007947980428956,0.08909680221519047,0.3056494072562173,-7.370853013448246,1,18,4.253239067825841,atr_48,0.0,fractional_return,R,False
ETHUSD,2023-07-25 01:00:00,2023-07-25 01:00:00,2023-07-25 17:00:00,long,,,1846.1,1860.1,,,position_exit,32,0.00758355452034043,0.0073822807854395656,0.0002012737349008642,,,,2.905290766966634,2.8286699486109614,4.482448611891407,-0.1971447306155553,,,,,,,,180,2023-07-25 01:00:00,2023-07-25 01:00:00,2023-07-25 17:00:00,1846.1,1860.1,1.0,0.0001,0.0001012737349008642,0.0,0.0002012737349008642,1.0,1.0,0.0,2.0,2.8286699486109614,2.905290766966634,0.0766208183556729,4.482448611891407,-0.1971447306155553,25,1,4.818794786112637,atr_48,0.0,fractional_return,R,False
ETHUSD,2023-07-26 05:30:00,2023-07-26 05:30:00,2023-07-26 17:30:00,long,,,1859.2,1857.55,,,position_exit,24,-0.0008874784853704076,-0.0010873555359834919,0.00019987705061308425,,,,-0.39373347128399444,-0.4824642918671656,1.0618872407355737,-2.5294392700667663,,,,,,,,181,2023-07-26 05:30:00,2023-07-26 05:30:00,2023-07-26 17:30:00,1859.2,1857.55,1.0,0.0001,9.987705061308425e-05,0.0,0.00019987705061308425,1.0,1.0,0.0,2.0,-0.4824642918671656,-0.39373347128399444,0.08873082058317117,1.0618872407355737,-2.5294392700667663,21,8,4.190652104377403,atr_48,0.0,fractional_return,R,False
ETHUSD,2023-08-02 09:30:00,2023-08-02 09:30:00,2023-08-02 21:30:00,short,,,1853.75,1843.1,,,position_exit,24,0.005679957775309719,0.005478856380181307,0.0002011013951284113,,,,2.177292504778261,2.101496148332577,6.746540155650893,-1.359530061669062,,,,,,,,182,2023-08-02 09:30:00,2023-08-02 09:30:00,2023-08-02 21:30:00,1853.75,1843.1,1.0,0.0001,0.00010110139512841129,0.0,0.0002011013951284113,1.0,1.0,0.0,2.0,2.101496148332577,2.177292504778261,0.07579635644568389,6.746540155650893,-1.359530061669062,14,4,4.891396069488929,atr_48,0.0,fractional_return,R,False
ETHUSD,2023-08-03 13:00:00,2023-08-03 13:00:00,2023-08-04 01:00:00,long,,,1835.1,1834.1,,,position_exit,24,-0.000544929431638641,-0.0007449984330551995,0.00020006900141655848,,,,-0.22707221234780972,-0.31041225572370285,5.063710335356198,-1.2148363360607615,,,,,,,,183,2023-08-03 13:00:00,2023-08-03 13:00:00,2023-08-04 01:00:00,1835.1,1834.1,1.0,0.0001,0.00010006900141655847,0.0,0.00020006900141655848,1.0,1.0,0.0,2.0,-0.31041225572370285,-0.22707221234780972,0.08334004337589312,5.063710335356198,-1.2148363360607615,8,18,4.4038853968987,atr_48,0.0,fractional_return,R,False
ETHUSD,2023-08-08 12:30:00,2023-08-08 12:30:00,2023-08-09 00:30:00,long,,,1843.5,1854.4,,,position_exit,24,0.005912666124219923,0.005711292965012271,0.00020137315920765175,,,,2.780211748822707,2.686169173429044,7.907024239770935,-2.4868866560569876,,,,,,,,184,2023-08-08 12:30:00,2023-08-08 12:30:00,2023-08-09 00:30:00,1843.5,1854.4,1.0,0.0001,0.00010137315920765175,0.0,0.00020137315920765175,1.0,1.0,0.0,2.0,2.686169173429044,2.780211748822707,0.0940425753936627,7.907024239770935,-2.4868866560569876,17,2,3.9205646852674962,atr_48,0.0,fractional_return,R,False
ETHUSD,2023-08-09 16:30:00,2023-08-09 16:30:00,2023-08-10 04:30:00,long,,,1847.7,1850.9,,,position_exit,24,0.0017318828814203435,0.0015315411105700782,0.00020034177085026528,,,,0.7016962466370456,0.6206634869550924,2.159908759179605,-0.6030202119537025,,,,,,,,185,2023-08-09 16:30:00,2023-08-09 16:30:00,2023-08-10 04:30:00,1847.7,1850.9,1.0,0.0001,0.00010034177085026527,0.0,0.00020034177085026528,1.0,1.0,0.0,2.0,0.6206634869550924,0.7016962466370456,0.08103275968195317,2.159908759179605,-0.6030202119537025,13,6,4.560377820654433,atr_48,0.0,fractional_return,R,False
ETHUSD,2023-08-10 17:30:00,2023-08-10 17:30:00,2023-08-11 05:30:00,long,,,1846.55,1847.7,,,position_exit,24,0.0006227830278091595,0.00042274157943200663,0.00020004144837715288,,,,0.2827984775939242,0.1919808204111382,1.6107217636869946,-0.9590557066227638,,,,,,,,186,2023-08-10 17:30:00,2023-08-10 17:30:00,2023-08-11 05:30:00,1846.55,1847.7,1.0,0.0001,0.00010004144837715287,0.0,0.00020004144837715288,1.0,1.0,0.0,2.0,0.1919808204111382,0.2827984775939242,0.09081765718278598,1.6107217636869946,-0.9590557066227638,15,19,4.0664999676957185,atr_48,0.0,fractional_return,R,False
ETHUSD,2023-08-16 06:30:00,2023-08-16 06:30:00,2023-08-16 18:30:00,short,,,1823.4,1821.9,,,position_exit,24,0.0007696316683791782,0.0005697364142132066,0.00019989525416597154,,,,0.5264092560417913,0.39842863771291104,3.2988313378619245,-1.2984761649030214,,,,,,,,187,2023-08-16 06:30:00,2023-08-16 06:30:00,2023-08-16 18:30:00,1823.4,1821.9,1.0,0.0001,9.989525416597153e-05,0.0,0.00019989525416597154,1.0,1.0,0.0,2.0,0.39842863771291104,0.5264092560417913,0.12798061832888033,3.2988313378619245,-1.2984761649030214,20,23,2.8494939683980705,atr_48,0.0,fractional_return,R,False
ETHUSD,2023-08-19 15:30:00,2023-08-19 15:30:00,2023-08-20 03:30:00,short,,,1683.0,1668.35,,,position_exit,24,0.008622985686908446,0.008421340598108173,0.000201645088800273,,,,1.9712494421565625,1.9259577996835322,2.5969361251618657,-1.7088647041220668,,,,,,,,188,2023-08-19 15:30:00,2023-08-19 15:30:00,2023-08-20 03:30:00,1683.0,1668.35,1.0,0.0001,0.00010164508880027298,0.0,0.000201645088800273,1.0,1.0,0.0,2.0,1.9259577996835322,1.9712494421565625,0.045291642473030365,2.5969361251618657,-1.7088647041220668,14,2,7.4318346966647075,atr_48,0.0,fractional_return,R,False
ETHUSD,2023-08-24 09:30:00,2023-08-24 09:30:00,2023-08-24 21:30:00,long,,,1666.7,1653.5,,,position_exit,24,-0.007919841603167499,-0.008118055737084684,0.000198214133917185,,,,-2.0907615368582513,-2.143559601304943,1.0295416658771295,-4.680454804103107,,,,,,,,189,2023-08-24 09:30:00,2023-08-24 09:30:00,2023-08-24 21:30:00,1666.7,1653.5,1.0,0.0001,9.8214133917185e-05,0.0,0.000198214133917185,1.0,1.0,0.0,2.0,-2.143559601304943,-2.0907615368582513,0.052798064446691446,1.0295416658771295,-4.680454804103107,4,16,6.313489016942335,atr_48,0.0,fractional_return,R,False
ETHUSD,2023-08-30 14:30:00,2023-08-30 14:30:00,2023-08-31 02:30:00,long,,,1702.8,1699.8,,,position_exit,24,-0.0017618040873856877,-0.0019614299999998197,0.00019962591261413198,,,,-0.47542475147432334,-0.5293949692616885,0.8953832819433233,-1.0300869615277006,,,,,,,,190,2023-08-30 14:30:00,2023-08-30 14:30:00,2023-08-31 02:30:00,1702.8,1699.8,1.0,0.0001,9.962591261413198e-05,0.0,0.00019962591261413198,1.0,1.0,0.0,2.0,-0.5293949692616885,-0.47542475147432334,0.05397021778736519,0.8953832819433233,-1.0300869615277006,2,4,6.310146854358767,atr_48,0.0,fractional_return,R,False
ETHUSD,2023-09-01 11:30:00,2023-09-01 11:30:00,2023-09-01 23:30:00,long,,,1646.2,1628.3,,,position_exit,24,-0.010873526910460507,-0.01107129372190474,0.00019776681144423325,,,,-3.4651850431322013,-3.5289212176350415,1.084080236957537,-8.488735426890878,,,,,,,,191,2023-09-01 11:30:00,2023-09-01 11:30:00,2023-09-01 23:30:00,1646.2,1628.3,1.0,0.0001,9.776681144423324e-05,0.0,0.00019776681144423325,1.0,1.0,0.0,2.0,-3.5289212176350415,-3.4651850431322013,0.06373617450284025,1.084080236957537,-8.488735426890878,1,12,5.165669301117661,atr_48,0.0,fractional_return,R,False
ETHUSD,2023-09-10 15:30:00,2023-09-10 15:30:00,2023-09-11 03:30:00,long,,,1619.3000000000002,1611.9,,,position_exit,24,-0.004569875872290741,-0.004768933418143773,0.00019905754585303193,,,,-2.5346167976008913,-2.6455439592321097,2.757252056849491,-7.449718290245772,,,,,,,,192,2023-09-10 15:30:00,2023-09-10 15:30:00,2023-09-11 03:30:00,1619.3000000000002,1611.9,1.0,0.0001,9.905754585303192e-05,0.0,0.00019905754585303193,1.0,1.0,0.0,2.0,-2.6455439592321097,-2.5346167976008913,0.11092716163121821,2.757252056849491,-7.449718290245772,11,2,2.9195734862186917,atr_48,0.0,fractional_return,R,False
ETHUSD,2023-09-13 05:00:00,2023-09-13 05:00:00,2023-09-13 17:00:00,long,,,1584.6,1603.35,,,position_exit,24,0.011832639151835744,0.011629885205414192,0.0002027539464215522,,,,2.7828407124158256,2.7358040255582883,4.8755369281525125,-0.4452545139865321,,,,,,,,193,2023-09-13 05:00:00,2023-09-13 05:00:00,2023-09-13 17:00:00,1584.6,1603.35,1.0,0.0001,0.0001027539464215522,0.0,0.0002027539464215522,1.0,1.0,0.0,2.0,2.7358040255582883,2.7828407124158256,0.047036686857537244,4.8755369281525125,-0.4452545139865321,20,1,6.737719452049717,atr_48,0.0,fractional_return,R,False
ETHUSD,2023-09-19 09:30:00,2023-09-19 09:30:00,2023-09-19 21:30:00,short,,,1653.6,1641.15,,,position_exit,24,0.007455387544263337,0.007253749531783038,0.00020163801248029856,,,,2.536826488953826,2.4694385968713504,3.7797695879593145,-1.3142595063255045,,,,,,,,194,2023-09-19 09:30:00,2023-09-19 09:30:00,2023-09-19 21:30:00,1653.6,1641.15,1.0,0.0001,0.00010163801248029855,0.0,0.00020163801248029856,1.0,1.0,0.0,2.0,2.4694385968713504,2.536826488953826,0.06738789208247563,3.7797695879593145,-1.3142595063255045,9,13,4.907706559439993,atr_48,0.0,fractional_return,R,False
ETHUSD,2023-09-20 13:30:00,2023-09-20 13:30:00,2023-09-21 01:30:00,short,,,1631.25,1617.5,,,position_exit,24,0.008334424603261947,0.008132592663398164,0.00020183193986378356,,,,2.6717041244823947,2.6083118720742213,4.945081452223742,-1.700175351943342,,,,,,,,195,2023-09-20 13:30:00,2023-09-20 13:30:00,2023-09-21 01:30:00,1631.25,1617.5,1.0,0.0001,0.00010183193986378356,0.0,0.00020183193986378356,1.0,1.0,0.0,2.0,2.6083118720742213,2.6717041244823947,0.06339225240817319,4.945081452223742,-1.700175351943342,11,10,5.146527968423102,atr_48,0.0,fractional_return,R,False
ETHUSD,2023-09-22 00:00:00,2023-09-22 00:00:00,2023-09-22 12:00:00,long,,,1582.1999999999998,1598.8000000000002,,,position_exit,24,0.010491720389331105,0.010289752224117876,0.0002019681652132288,,,,3.0273862095101665,2.969676203959722,3.6474532644700415,0.0,,,,,,,,196,2023-09-22 00:00:00,2023-09-22 00:00:00,2023-09-22 12:00:00,1582.1999999999998,1598.8000000000002,1.0,0.0001,0.0001019681652132288,0.0,0.0002019681652132288,1.0,1.0,0.0,2.0,2.969676203959722,3.0273862095101665,0.057710005550444345,3.6474532644700415,0.0,16,1,5.483277933900035,atr_48,0.0,fractional_return,R,False
ETHUSD,2023-09-27 10:00:00,2023-09-27 10:00:00,2023-09-27 22:00:00,long,,,1614.45,1595.9499999999998,,,position_exit,24,-0.01145901080863454,-0.011656637896497402,0.00019762708786286165,,,,-4.4376820934456305,-4.51513523783226,4.425688358057896,-7.448109675755942,,,,,,,,197,2023-09-27 10:00:00,2023-09-27 10:00:00,2023-09-27 22:00:00,1614.45,1595.9499999999998,1.0,0.0001,9.762708786286165e-05,0.0,0.00019762708786286165,1.0,1.0,0.0,2.0,-4.51513523783226,-4.4376820934456305,0.0774531443866293,4.425688358057896,-7.448109675755942,3,16,4.168843015439156,atr_48,0.0,fractional_return,R,False
ETHUSD,2023-09-28 10:00:00,2023-09-28 10:00:00,2023-09-28 22:00:00,short,,,1620.1999999999998,1652.05,,,position_exit,24,-0.019592127977976048,-0.019788288918717645,0.0001961609407415965,,,,-6.640314901884931,-6.707873069571172,0.0,-9.84059225648255,,,,,,,,198,2023-09-28 10:00:00,2023-09-28 10:00:00,2023-09-28 22:00:00,1620.1999999999998,1652.05,1.0,0.0001,9.616094074159651e-05,0.0,0.0001961609407415965,1.0,1.0,0.0,2.0,-6.707873069571172,-6.640314901884931,0.06755816768624125,0.0,-9.84059225648255,1,13,4.796459274989977,atr_48,0.0,fractional_return,R,False
ETHUSD,2023-09-29 12:30:00,2023-09-29 12:30:00,2023-09-30 00:30:00,short,,,1673.5,1671.25,,,position_exit,24,0.0012599545140596913,0.0010595201033183343,0.00020043441074135693,,,,0.3725589503068658,0.3171387366767734,2.7569362322708217,-1.6723757324885824,,,,,,,,199,2023-09-29 12:30:00,2023-09-29 12:30:00,2023-09-30 00:30:00,1673.5,1671.25,1.0,0.0001,0.00010043441074135692,0.0,0.00020043441074135693,1.0,1.0,0.0,2.0,0.3171387366767734,0.3725589503068658,0.05542021363009243,2.7569362322708217,-1.6723757324885824,3,4,6.039312699766685,atr_48,0.0,fractional_return,R,False
ETHUSD,2023-09-30 21:30:00,2023-09-30 21:30:00,2023-10-01 09:30:00,short,,,1674.65,1686.1999999999998,,,position_exit,24,-0.0068860213096269,-0.0070848352132786285,0.0001988139036517289,,,,-2.4468504825157575,-2.517804909538184,1.0910199121174609,-2.7222535671279657,,,,,,,,200,2023-09-30 21:30:00,2023-09-30 21:30:00,2023-10-01 09:30:00,1674.65,1686.1999999999998,1.0,0.0001,9.88139036517289e-05,0.0,0.0001988139036517289,1.0,1.0,0.0,2.0,-2.517804909538184,-2.4468504825157575,0.07095442702242616,1.0910199121174609,-2.7222535671279657,4,24,4.720353810962925,atr_48,0.0,fractional_return,R,False
ETHUSD,2023-10-04 13:00:00,2023-10-04 13:00:00,2023-10-05 01:00:00,long,,,1641.2,1645.9,,,position_exit,24,0.0028637582256885175,0.0026629274329756925,0.000200830792712825,,,,0.8201604379639695,0.7628818289943332,2.338329759301484,-2.3383297593015238,,,,,,,,201,2023-10-04 13:00:00,2023-10-04 13:00:00,2023-10-05 01:00:00,1641.2,1645.9,1.0,0.0001,0.000100830792712825,0.0,0.000200830792712825,1.0,1.0,0.0,2.0,0.7628818289943332,0.8201604379639695,0.05727860896963634,2.338329759301484,-2.3383297593015238,23,3,5.73058609321329,atr_48,0.0,fractional_return,R,False
ETHUSD,2023-10-05 15:00:00,2023-10-05 15:00:00,2023-10-06 03:00:00,long,,,1627.1999999999998,1622.6,,,position_exit,24,-0.0028269419862345657,-0.003026409640486838,0.0001994676542522722,,,,-0.8231942920501376,-0.8814334986598772,0.0,-3.319620460332637,,,,,,,,202,2023-10-05 15:00:00,2023-10-05 15:00:00,2023-10-06 03:00:00,1627.1999999999998,1622.6,1.0,0.0001,9.946765425227219e-05,0.0,0.0001994676542522722,1.0,1.0,0.0,2.0,-0.8814334986598772,-0.8231942920501376,0.05823920660973957,0.0,-3.319620460332637,1,1,5.587988211803272,atr_48,0.0,fractional_return,R,False
ETHUSD,2023-10-09 10:30:00,2023-10-09 10:30:00,2023-10-09 22:30:00,long,,,1595.7,1577.0,,,position_exit,24,-0.011718994798521232,-0.011916797772137833,0.00019780297361660093,,,,-4.2859095718528195,-4.3590542339256055,0.3896281428957203,-10.668935324585457,,,,,,,,203,2023-10-09 10:30:00,2023-10-09 10:30:00,2023-10-09 22:30:00,1595.7,1577.0,1.0,0.0001,9.780297361660093e-05,0.0,0.00019780297361660093,1.0,1.0,0.0,2.0,-4.3590542339256055,-4.2859095718528195,0.07314466207278639,0.3896281428957203,-10.668935324585457,7,12,4.363134519405165,atr_48,0.0,fractional_return,R,False
ETHUSD,2023-10-10 10:30:00,2023-10-10 10:30:00,2023-10-10 22:30:00,long,,,1585.9,1568.1999999999998,,,position_exit,24,-0.011160855034995643,-0.011358512096601214,0.00019765706160557173,,,,-3.6817819632996476,-3.7477586640408544,0.4368215888660342,-7.0723495340218125,,,,,,,,204,2023-10-10 10:30:00,2023-10-10 10:30:00,2023-10-10 22:30:00,1585.9,1568.1999999999998,1.0,0.0001,9.765706160557172e-05,0.0,0.00019765706160557173,1.0,1.0,0.0,2.0,-3.7477586640408544,-3.6817819632996476,0.06597670074120701,0.4368215888660342,-7.0723495340218125,7,20,4.807454698957069,atr_48,0.0,fractional_return,R,False
ETHUSD,2023-10-11 12:30:00,2023-10-11 12:30:00,2023-10-12 00:30:00,long,,,1572.5,1561.2,,,position_exit,24,-0.007186009538950544,-0.007384746810174869,0.00019873727122432516,,,,-1.9793867855639462,-2.034476798312607,0.6218427512169865,-4.151457240519098,,,,,,,,205,2023-10-11 12:30:00,2023-10-11 12:30:00,2023-10-12 00:30:00,1572.5,1561.2,1.0,0.0001,9.873727122432516e-05,0.0,0.00019873727122432516,1.0,1.0,0.0,2.0,-2.034476798312607,-1.9793867855639462,0.055090012748660495,0.6218427512169865,-4.151457240519098,3,11,5.7088387587575395,atr_48,0.0,fractional_return,R,False
ETHUSD,2023-10-12 12:30:00,2023-10-12 12:30:00,2023-10-13 00:30:00,long,,,1549.0,1544.0500000000002,,,position_exit,24,-0.003195610071013655,-0.003394951298256732,0.00019934122724307723,,,,-0.8863827151352831,-0.9418577383976914,0.6446419746438496,-4.861674892105839,,,,,,,,206,2023-10-12 12:30:00,2023-10-12 12:30:00,2023-10-13 00:30:00,1549.0,1544.0500000000002,1.0,0.0001,9.934122724307723e-05,0.0,0.00019934122724307723,1.0,1.0,0.0,2.0,-0.9418577383976914,-0.8863827151352831,0.055475023262408246,0.6446419746438496,-4.861674892105839,1,9,5.584495179651975,atr_48,0.0,fractional_return,R,False
ETHUSD,2023-10-16 10:30:00,2023-10-16 10:30:00,2023-10-16 22:30:00,long,,,1585.6999999999998,1602.6,,,position_exit,24,0.01065775367345645,0.010456042101910423,0.00020171157154602604,,,,3.823597955165254,3.7518455376799817,12.353162624380015,-4.072471194850493,,,,,,,,207,2023-10-16 10:30:00,2023-10-16 10:30:00,2023-10-16 22:30:00,1585.6999999999998,1602.6,1.0,0.0001,0.00010171157154602603,0.0,0.00020171157154602604,1.0,1.0,0.0,2.0,3.7518455376799817,3.823597955165254,0.07175241748527231,12.353162624380015,-4.072471194850493,6,6,4.419920765249411,atr_48,0.0,fractional_return,R,False
ETHUSD,2023-10-17 10:30:00,2023-10-17 10:30:00,2023-10-17 22:30:00,short,,,1587.1,1562.3000000000002,,,position_exit,24,0.01569205167565535,0.015488936420134714,0.00020311525552063614,,,,4.268599106832332,4.213964480683512,5.817687492376342,0.0,,,,,,,,208,2023-10-17 10:30:00,2023-10-17 10:30:00,2023-10-17 22:30:00,1587.1,1562.3000000000002,1.0,0.0001,0.00010311525552063614,0.0,0.00020311525552063614,1.0,1.0,0.0,2.0,4.213964480683512,4.268599106832332,0.05463462614881991,5.817687492376342,0.0,16,1,5.809868619497383,atr_48,0.0,fractional_return,R,False
ETHUSD,2023-10-18 10:30:00,2023-10-18 10:30:00,2023-10-18 22:30:00,short,,,1581.5,1565.0,,,position_exit,24,0.01049220052963129,0.010290041076564949,0.00020215945306634175,,,,2.814788064817442,2.760829430580972,4.316008366053443,-0.7250211682105533,,,,,,,,209,2023-10-18 10:30:00,2023-10-18 10:30:00,2023-10-18 22:30:00,1581.5,1565.0,1.0,0.0001,0.00010215945306634175,0.0,0.00020215945306634175,1.0,1.0,0.0,2.0,2.760829430580972,2.814788064817442,0.05395863423647013,4.316008366053443,-0.7250211682105533,22,1,5.861897812569464,atr_48,0.0,fractional_return,R,False
ETHUSD,2023-10-20 08:30:00,2023-10-20 08:30:00,2023-10-20 20:30:00,long,,,1612.25,1603.4,,,reversal,24,-0.005489223135369259,-0.005688329310900575,0.00019910617553131615,,,,-1.446388222012232,-1.4990874177396725,3.0316950868166233,-2.296243448505311,,,,,,,,210,2023-10-20 08:30:00,2023-10-20 08:30:00,2023-10-20 20:30:00,1612.25,1603.4,1.0,0.0001,9.910617553131615e-05,0.0,0.00019910617553131615,1.0,1.0,0.0,2.0,-1.4990874177396725,-1.446388222012232,0.05269919572744057,3.0316950868166233,-2.296243448505311,4,17,6.118689204816454,atr_48,0.0,fractional_return,R,False
ETHUSD,2023-10-20 20:30:00,2023-10-20 20:30:00,2023-10-21 08:30:00,short,,,1603.4,1606.65,,,position_exit,24,-0.002061346611655135,-0.0022608035479599886,0.00019945693630485373,,,,-0.5041824856225352,-0.553930559311592,1.6133839539921266,-1.1557413901193216,,,,,,,,211,2023-10-20 20:30:00,2023-10-20 20:30:00,2023-10-21 08:30:00,1603.4,1606.65,1.0,0.0001,9.945693630485372e-05,0.0,0.00019945693630485373,1.0,1.0,0.0,2.0,-0.553930559311592,-0.5041824856225352,0.0497480736890568,1.6133839539921266,-1.1557413901193216,13,5,6.4460787367238455,atr_48,0.0,fractional_return,R,False
ETHUSD,2023-10-22 00:00:00,2023-10-22 00:00:00,2023-10-22 12:00:00,short,,,1635.75,1633.7,,,position_exit,24,0.001137151153114635,0.0009366440787683672,0.0002005070743462678,,,,0.3431114472467293,0.28835588140928053,1.9582458208716282,-1.9833515365238057,,,,,,,,212,2023-10-22 00:00:00,2023-10-22 00:00:00,2023-10-22 12:00:00,1635.75,1633.7,1.0,0.0001,0.0001005070743462678,0.0,0.0002005070743462678,1.0,1.0,0.0,2.0,0.28835588140928053,0.3431114472467293,0.054755565837448776,1.9582458208716282,-1.9833515365238057,5,13,5.974735079374406,atr_48,0.0,fractional_return,R,False
ETHUSD,2023-10-25 05:00:00,2023-10-25 05:00:00,2023-10-25 17:00:00,long,,,1786.1,1789.45,,,position_exit,24,0.0018755948715081239,0.001675540473097481,0.00020005439841064288,,,,0.2599691707467636,0.23224792084403076,2.351362947351243,-1.9711095334231497,,,,,,,,213,2023-10-25 05:00:00,2023-10-25 05:00:00,2023-10-25 17:00:00,1786.1,1789.45,1.0,0.0001,0.00010005439841064287,0.0,0.00020005439841064288,1.0,1.0,0.0,2.0,0.23224792084403076,0.2599691707467636,0.02772124990273287,2.351362947351243,-1.9711095334231497,21,6,12.886143346833139,atr_48,0.0,fractional_return,R,False
ETHUSD,2023-10-26 14:30:00,2023-10-26 14:30:00,2023-10-27 02:30:00,long,,,1789.8000000000002,1790.1,,,position_exit,24,0.0001676164934627522,-3.250758799855369e-05,0.0002001240814613059,,,,0.023419088149985817,-0.004524567830602677,1.697883890875498,-2.0764924826339928,,,,,,,,214,2023-10-26 14:30:00,2023-10-26 14:30:00,2023-10-27 02:30:00,1789.8000000000002,1790.1,1.0,0.0001,0.00010012408146130589,0.0,0.0002001240814613059,1.0,1.0,0.0,2.0,-0.004524567830602677,0.023419088149985817,0.027943655980588494,1.697883890875498,-2.0764924826339928,17,5,12.810063230404163,atr_48,0.0,fractional_return,R,False
ETHUSD,2023-11-03 17:00:00,2023-11-03 17:00:00,2023-11-04 05:00:00,short,,,1810.05,1827.75,,,position_exit,24,-0.009847885462669903,-0.010045757469340777,0.0001978720066708739,,,,-2.104186763775222,-2.147222732721791,1.129365777167489,-3.6318025781543937,,,,,,,,215,2023-11-03 17:00:00,2023-11-03 17:00:00,2023-11-04 05:00:00,1810.05,1827.75,1.0,0.0001,9.78720066708739e-05,0.0,0.0001978720066708739,1.0,1.0,0.0,2.0,-2.147222732721791,-2.104186763775222,0.043035968946568706,1.129365777167489,-3.6318025781543937,1,18,8.411800846158556,atr_48,0.0,fractional_return,R,False
ETHUSD,2023-11-05 08:30:00,2023-11-05 08:30:00,2023-11-05 23:30:00,short,,,1881.15,1893.65,,,position_exit,30,-0.006982930511983065,-0.007181317741591697,0.00019838722960863198,,,,-1.6629082907959178,-1.7129591696956097,3.019841456085393,-4.243741958111164,,,,,,,,216,2023-11-05 08:30:00,2023-11-05 08:30:00,2023-11-05 23:30:00,1881.15,1893.65,1.0,0.0001,9.838722960863197e-05,0.0,0.00019838722960863198,1.0,1.0,0.0,2.0,-1.7129591696956097,-1.6629082907959178,0.050050878899691856,3.019841456085393,-4.243741958111164,26,18,7.516950916166955,atr_48,0.0,fractional_return,R,False
ETHUSD,2023-11-06 12:00:00,2023-11-06 12:00:00,2023-11-07 00:00:00,short,,,1903.3,1894.85,,,position_exit,24,0.004203845492075864,0.004003380371763843,0.00020046512031202113,,,,1.0190182522226725,0.9731129873834914,2.5324713960563323,-1.429037430631804,,,,,,,,217,2023-11-06 12:00:00,2023-11-06 12:00:00,2023-11-07 00:00:00,1903.3,1894.85,1.0,0.0001,0.00010046512031202112,0.0,0.00020046512031202113,1.0,1.0,0.0,2.0,0.9731129873834914,1.0190182522226725,0.04590526483918112,2.5324713960563323,-1.429037430631804,18,5,8.292295041397923,atr_48,0.0,fractional_return,R,False
ETHUSD,2023-11-07 16:30:00,2023-11-07 16:30:00,2023-11-08 04:30:00,long,,,1858.65,1886.2,,,position_exit,24,0.014822586285746064,0.014619879383423573,0.00020270690232249144,,,,3.3091179462926146,3.2644682760866126,5.9215794828394195,-0.9068544644105221,,,,,,,,218,2023-11-07 16:30:00,2023-11-07 16:30:00,2023-11-08 04:30:00,1858.65,1886.2,1.0,0.0001,0.00010270690232249144,0.0,0.00020270690232249144,1.0,1.0,0.0,2.0,3.2644682760866126,3.3091179462926146,0.04464967020600202,5.9215794828394195,-0.9068544644105221,8,1,8.325481426512985,atr_48,0.0,fractional_return,R,False
ETHUSD,2023-11-10 16:00:00,2023-11-10 16:00:00,2023-11-11 05:00:00,long,,,2101.7,2056.7,,,position_exit,26,-0.021411238521196974,-0.02160654447233179,0.00019530595113481652,,,,-3.051807329113674,-3.0803139222852214,0.14919946942335366,-4.720128669029143,,,,,,,,219,2023-11-10 16:00:00,2023-11-10 16:00:00,2023-11-11 05:00:00,2101.7,2056.7,1.0,0.0001,9.530595113481652e-05,0.0,0.00019530595113481652,1.0,1.0,0.0,2.0,-3.0803139222852214,-3.051807329113674,0.028506593171547592,0.14919946942335366,-4.720128669029143,4,20,14.745360747616134,atr_48,0.0,fractional_return,R,False
ETHUSD,2023-11-11 17:30:00,2023-11-11 17:30:00,2023-11-12 05:30:00,long,,,2071.55,2053.15,,,position_exit,24,-0.008882237937775539,-0.009080268159831428,0.00019803022205588938,,,,-1.5357182694591074,-1.5702978040362596,0.7219545125446007,-4.6196742507913795,,,,,,,,220,2023-11-11 17:30:00,2023-11-11 17:30:00,2023-11-12 05:30:00,2071.55,2053.15,1.0,0.0001,9.803022205588938e-05,0.0,0.00019803022205588938,1.0,1.0,0.0,2.0,-1.5702978040362596,-1.5357182694591074,0.03457953457715216,0.7219545125446007,-4.6196742507913795,3,14,11.981364268382848,atr_48,0.0,fractional_return,R,False
ETHUSD,2023-11-15 11:00:00,2023-11-15 11:00:00,2023-11-15 23:00:00,long,,,2006.4,2051.55,,,position_exit,24,0.022502990430622205,0.02229837796052636,0.00020461247009584405,,,,4.129418875643569,4.092717807948812,5.2086468431428985,-0.31096399063540375,,,,,,,,221,2023-11-15 11:00:00,2023-11-15 11:00:00,2023-11-15 23:00:00,2006.4,2051.55,1.0,0.0001,0.00010461247009584404,0.0,0.00020461247009584405,1.0,1.0,0.0,2.0,4.092717807948812,4.129418875643569,0.03670106769475632,5.2086468431428985,-0.31096399063540375,18,12,10.93374185561727,atr_48,0.0,fractional_return,R,False
ETHUSD,2023-11-18 07:00:00,2023-11-18 07:00:00,2023-11-18 19:00:00,long,,,1933.1,1967.85,,,position_exit,24,0.017976307485386922,0.01777268102348617,0.00020362646190075218,,,,3.144252494928236,3.109270310767397,3.533325465523689,-0.1538195465144584,,,,,,,,222,2023-11-18 07:00:00,2023-11-18 07:00:00,2023-11-18 19:00:00,1933.1,1967.85,1.0,0.0001,0.00010362646190075217,0.0,0.00020362646190075218,1.0,1.0,0.0,2.0,3.109270310767397,3.144252494928236,0.03498218416083898,3.533325465523689,-0.1538195465144584,21,2,11.051911402170369,atr_48,0.0,fractional_return,R,False
ETHUSD,2023-11-28 00:00:00,2023-11-28 00:00:00,2023-11-28 12:00:00,long,,,2032.3,2024.85,,,position_exit,24,-0.003665797372434665,-0.0038652239910440533,0.00019942661860938848,,,,-0.7994099243812872,-0.8430244422153833,0.8316009280476427,-3.943397949129144,,,,,,,,223,2023-11-28 00:00:00,2023-11-28 00:00:00,2023-11-28 12:00:00,2032.3,2024.85,1.0,0.0001,9.942661860938848e-05,0.0,0.00019942661860938848,1.0,1.0,0.0,2.0,-0.8430244422153833,-0.7994099243812872,0.04361451783409611,0.8316009280476427,-3.943397949129144,1,12,9.319373919164265,atr_48,0.0,fractional_return,R,False
ETHUSD,2023-11-29 08:30:00,2023-11-29 08:30:00,2023-11-29 21:30:00,short,,,2072.15,2028.85,,,position_exit,24,0.02112354034475672,0.020919333395577278,0.00020420694917944182,,,,5.136247166379571,5.087087468615999,6.174172402079825,-0.32620507407722305,,,,,,,,224,2023-11-29 08:30:00,2023-11-29 08:30:00,2023-11-29 21:30:00,2072.15,2028.85,1.0,0.0001,0.00010420694917944182,0.0,0.00020420694917944182,1.0,1.0,0.0,2.0,5.087087468615999,5.136247166379571,0.0491596977635722,6.174172402079825,-0.32620507407722305,22,2,8.430279656989603,atr_48,0.0,fractional_return,R,False
ETHUSD,2023-12-01 15:00:00,2023-12-01 15:00:00,2023-12-02 03:00:00,short,,,2073.85,2094.0,,,position_exit,24,-0.009792162611556132,-0.009990255821445526,0.00019809320988939394,,,,-2.5243030161100934,-2.576263570055105,0.037582675177783416,-4.516184800534437,,,,,,,,225,2023-12-01 15:00:00,2023-12-01 15:00:00,2023-12-02 03:00:00,2073.85,2094.0,1.0,0.0001,9.809320988939393e-05,0.0,0.00019809320988939394,1.0,1.0,0.0,2.0,-2.576263570055105,-2.5243030161100934,0.051960553945011353,0.037582675177783416,-4.516184800534437,1,3,7.982401427801203,atr_48,0.0,fractional_return,R,False
ETHUSD,2023-12-03 00:30:00,2023-12-03 00:30:00,2023-12-03 12:30:00,short,,,2166.95,2153.15,,,position_exit,24,0.006349797627958731,0.006148777265231997,0.00020102036272673374,,,,1.6548380185627245,1.6028677106739626,1.9306443549898724,-1.3430569426016907,,,,,,,,226,2023-12-03 00:30:00,2023-12-03 00:30:00,2023-12-03 12:30:00,2166.95,2153.15,1.0,0.0001,0.00010102036272673373,0.0,0.00020102036272673374,1.0,1.0,0.0,2.0,1.6028677106739626,1.6548380185627245,0.051970307888761835,1.9306443549898724,-1.3430569426016907,24,3,8.339184769265474,atr_48,0.0,fractional_return,R,False
ETHUSD,2023-12-04 00:30:00,2023-12-04 00:30:00,2023-12-04 12:30:00,short,,,2210.6,2253.75,,,position_exit,24,-0.019642048359534314,-0.019838682175411404,0.00019663381587708972,,,,-5.235691757178656,-5.289337273741433,0.6491529756872602,-7.656365002965748,,,,,,,,227,2023-12-04 00:30:00,2023-12-04 00:30:00,2023-12-04 12:30:00,2210.6,2253.75,1.0,0.0001,9.663381587708972e-05,0.0,0.00019663381587708972,1.0,1.0,0.0,2.0,-5.289337273741433,-5.235691757178656,0.053645516562776885,0.6491529756872602,-7.656365002965748,3,20,8.241508859041813,atr_48,0.0,fractional_return,R,False
ETHUSD,2023-12-05 15:30:00,2023-12-05 15:30:00,2023-12-06 03:30:00,short,,,2228.5,2282.4,,,position_exit,24,-0.024242173056543193,-0.02443725509171435,0.00019508203517115685,,,,-4.791280309938532,-4.830899486824239,0.6800240143048265,-7.435818143346159,,,,,,,,228,2023-12-05 15:30:00,2023-12-05 15:30:00,2023-12-06 03:30:00,2228.5,2282.4,1.0,0.0001,9.508203517115685e-05,0.0,0.00019508203517115685,1.0,1.0,0.0,2.0,-4.830899486824239,-4.791280309938532,0.039619176885706875,0.6800240143048265,-7.435818143346159,1,19,11.249602718545928,atr_48,0.0,fractional_return,R,False
ETHUSD,2023-12-08 07:00:00,2023-12-08 07:00:00,2023-12-08 19:00:00,short,,,2359.1000000000004,2351.65,,,position_exit,24,0.002937707008277668,0.002736887394371168,0.00020081961390649994,,,,0.5862909739394585,0.5491602615469612,1.566065823006056,-1.3889980791987717,,,,,,,,229,2023-12-08 07:00:00,2023-12-08 07:00:00,2023-12-08 19:00:00,2359.1000000000004,2351.65,1.0,0.0001,0.00010081961390649993,0.0,0.00020081961390649994,1.0,1.0,0.0,2.0,0.5491602615469612,0.5862909739394585,0.03713071239249734,1.566065823006056,-1.3889980791987717,14,16,12.707001013407336,atr_48,0.0,fractional_return,R,False
ETHUSD,2023-12-12 15:30:00,2023-12-12 15:30:00,2023-12-13 03:30:00,short,,,2191.75,2165.4,,,position_exit,24,0.011651249967331578,0.011448934504842745,0.00020231546248883348,,,,2.099175345057182,2.0642541491366577,3.2423695083046384,-1.1431941632474927,,,,,,,,230,2023-12-12 15:30:00,2023-12-12 15:30:00,2023-12-13 03:30:00,2191.75,2165.4,1.0,0.0001,0.00010231546248883347,0.0,0.00020231546248883348,1.0,1.0,0.0,2.0,2.0642541491366577,2.099175345057182,0.03492119592052444,3.2423695083046384,-1.1431941632474927,21,15,12.552548343350578,atr_48,0.0,fractional_return,R,False
ETHUSD,2023-12-18 12:30:00,2023-12-18 12:30:00,2023-12-19 00:30:00,long,,,2126.2,2213.75,,,position_exit,24,0.04117674724861198,0.04096859520364893,0.0002081520449630503,,,,8.29334444785909,8.253062759760773,9.2216685551009,-0.05209982234517678,,,,,,,,231,2023-12-18 12:30:00,2023-12-18 12:30:00,2023-12-19 00:30:00,2126.2,2213.75,1.0,0.0001,0.00010815204496305028,0.0,0.0002081520449630503,1.0,1.0,0.0,2.0,8.253062759760773,8.29334444785909,0.0402816880983163,9.2216685551009,-0.05209982234517678,19,1,10.55665787794465,atr_48,0.0,fractional_return,R,False
ETHUSD,2023-12-27 17:30:00,2023-12-27 17:30:00,2023-12-28 05:30:00,short,,,2347.1,2391.0,,,position_exit,24,-0.018880213989476813,-0.01907668591918743,0.00019647192971061767,,,,-3.6498327672562705,-3.6888602045593557,0.9228506541354029,-8.25161508314774,,,,,,,,232,2023-12-27 17:30:00,2023-12-27 17:30:00,2023-12-28 05:30:00,2347.1,2391.0,1.0,0.0001,9.647192971061766e-05,0.0,0.00019647192971061767,1.0,1.0,0.0,2.0,-3.6888602045593557,-3.6498327672562705,0.03902743730308508,0.9228506541354029,-8.25161508314774,1,15,12.027948347069481,atr_48,0.0,fractional_return,R,False
ETHUSD,2024-01-04 14:30:00,2024-01-04 14:30:00,2024-01-05 02:30:00,short,,,2275.05,2242.9,,,position_exit,24,0.01396574849691512,0.013762571439126958,0.00020317705778816197,,,,2.1280515987683404,2.09793387690347,3.8357881850272033,-1.4495903581034448,,,,,,,,233,2024-01-04 14:30:00,2024-01-04 14:30:00,2024-01-05 02:30:00,2275.05,2242.9,1.0,0.0001,0.00010317705778816197,0.0,0.00020317705778816197,1.0,1.0,0.0,2.0,2.09793387690347,2.1280515987683404,0.030117721864870297,3.8357881850272033,-1.4495903581034448,22,12,15.10771638178682,atr_48,0.0,fractional_return,R,False
ETHUSD,2024-01-06 06:30:00,2024-01-06 06:30:00,2024-01-06 18:30:00,long,,,2220.8500000000004,2248.75,,,position_exit,24,0.012562757502756927,0.01236012225814398,0.00020263524461294757,,,,2.222798073636307,2.1874109689636527,2.8004068920543514,-0.20714247281201728,,,,,,,,234,2024-01-06 06:30:00,2024-01-06 06:30:00,2024-01-06 18:30:00,2220.8500000000004,2248.75,1.0,0.0001,0.00010263524461294757,0.0,0.00020263524461294757,1.0,1.0,0.0,2.0,2.1874109689636527,2.222798073636307,0.03538710467265418,2.8004068920543514,-0.20714247281201728,24,1,12.551747426322729,atr_48,0.0,fractional_return,R,False
ETHUSD,2024-01-09 01:30:00,2024-01-09 01:30:00,2024-01-09 13:30:00,short,,,2310.75,2276.45,,,position_exit,24,0.014700793355358455,0.01449776733821495,0.00020302601714350388,,,,2.5679887941872948,2.5333883270959348,5.6263661190429515,-0.6775597255800396,,,,,,,,235,2024-01-09 01:30:00,2024-01-09 01:30:00,2024-01-09 13:30:00,2310.75,2276.45,1.0,0.0001,0.00010302601714350387,0.0,0.00020302601714350388,1.0,1.0,0.0,2.0,2.5333883270959348,2.5679887941872948,0.03460046709136012,5.6263661190429515,-0.6775597255800396,22,7,13.356756103312861,atr_48,0.0,fractional_return,R,False
ETHUSD,2024-01-12 00:00:00,2024-01-12 00:00:00,2024-01-12 12:00:00,long,,,2606.65,2675.15,,,position_exit,24,0.026278940402432616,0.02607476127347419,0.00020417912895842605,,,,2.765646986542046,2.744598596126076,2.991743674492925,-1.0416597409165553,,,,,,,,236,2024-01-12 00:00:00,2024-01-12 00:00:00,2024-01-12 12:00:00,2606.65,2675.15,1.0,0.0001,0.00010417912895842604,0.0,0.00020417912895842605,1.0,1.0,0.0,2.0,2.744598596126076,2.765646986542046,0.021048390415970293,2.991743674492925,-1.0416597409165553,24,2,24.768164676594235,atr_48,0.0,fractional_return,R,False
ETHUSD,2024-01-18 18:00:00,2024-01-18 18:00:00,2024-01-19 06:00:00,short,,,2458.45,2461.1000000000004,,,position_exit,24,-0.0013872707051632016,-0.0015869427260265523,0.00019967202086335067,,,,-0.20961743732439045,-0.24851056855382755,2.709206501267507,-1.0836826005070246,,,,,,,,237,2024-01-18 18:00:00,2024-01-18 18:00:00,2024-01-19 06:00:00,2458.45,2461.1000000000004,1.0,0.0001,9.967202086335067e-05,0.0,0.00019967202086335067,1.0,1.0,0.0,2.0,-0.24851056855382755,-0.20961743732439045,0.0388931312294371,2.709206501267507,-1.0836826005070246,5,12,12.642078034279068,atr_48,0.0,fractional_return,R,False
ETHUSD,2024-01-24 10:30:00,2024-01-24 10:30:00,2024-01-24 22:30:00,short,,,2255.55,2221.3500000000004,,,position_exit,24,0.015125382446079305,0.014922275967966359,0.00020310647811294658,,,,2.302858681389338,2.2724831673612225,3.9929684153914877,-0.04713453441438965,,,,,,,,238,2024-01-24 10:30:00,2024-01-24 10:30:00,2024-01-24 22:30:00,2255.55,2221.3500000000004,1.0,0.0001,0.00010310647811294657,0.0,0.00020310647811294658,1.0,1.0,0.0,2.0,2.2724831673612225,2.302858681389338,0.030375514028115495,3.9929684153914877,-0.04713453441438965,20,1,14.85110670332867,atr_48,0.0,fractional_return,R,False
ETHUSD,2024-01-25 18:00:00,2024-01-25 18:00:00,2024-01-26 06:00:00,short,,,2219.55,2222.3500000000004,,,position_exit,24,-0.0013933468279349048,-0.0015931211541662105,0.00019977432623130564,,,,-0.21863606928130805,-0.25329847553654344,1.2883911225504816,-1.37428386405384,,,,,,,,239,2024-01-25 18:00:00,2024-01-25 18:00:00,2024-01-26 06:00:00,2219.55,2222.3500000000004,1.0,0.0001,9.977432623130564e-05,0.0,0.00019977432623130564,1.0,1.0,0.0,2.0,-0.25329847553654344,-0.21863606928130805,0.034662406255235416,1.2883911225504816,-1.37428386405384,1,17,12.806670048561669,atr_48,0.0,fractional_return,R,False
ETHUSD,2024-02-01 10:00:00,2024-02-01 10:00:00,2024-02-01 22:00:00,long,,,2273.1000000000004,2299.7,,,position_exit,24,0.011702080858738695,0.011499559210109478,0.00020252164862921695,,,,2.349265228510017,2.3091139894804966,3.3870045681714176,-1.037739339661401,,,,,,,,240,2024-02-01 10:00:00,2024-02-01 10:00:00,2024-02-01 22:00:00,2273.1000000000004,2299.7,1.0,0.0001,0.00010252164862921695,0.0,0.00020252164862921695,1.0,1.0,0.0,2.0,2.3091139894804966,2.349265228510017,0.04015123902952052,3.3870045681714176,-1.037739339661401,14,4,11.322689186895287,atr_48,0.0,fractional_return,R,False
ETHUSD,2024-02-08 07:00:00,2024-02-08 07:00:00,2024-02-08 19:00:00,short,,,2422.75,2427.25,,,position_exit,24,-0.002039733411869249,-0.002239198594470526,0.0001994651826012772,,,,-0.47802283238582005,-0.5294952687041643,0.9985365832058966,-4.116307723322339,,,,,,,,241,2024-02-08 07:00:00,2024-02-08 07:00:00,2024-02-08 19:00:00,2422.75,2427.25,1.0,0.0001,9.946518260127721e-05,0.0,0.0001994651826012772,1.0,1.0,0.0,2.0,-0.5294952687041643,-0.47802283238582005,0.05147243631834425,0.9985365832058966,-4.116307723322339,19,16,9.413776278301235,atr_48,0.0,fractional_return,R,False
ETHUSD,2024-02-09 08:30:00,2024-02-09 08:30:00,2024-02-09 20:30:00,short,,,2476.05,2490.05,,,position_exit,24,-0.006071493324081079,-0.006270189390125913,0.00019869606604483447,,,,-1.437746069430796,-1.4886022287909977,1.437746069430796,-4.85752779171978,,,,,,,,242,2024-02-09 08:30:00,2024-02-09 08:30:00,2024-02-09 20:30:00,2476.05,2490.05,1.0,0.0001,9.869606604483447e-05,0.0,0.00019869606604483447,1.0,1.0,0.0,2.0,-1.4886022287909977,-1.437746069430796,0.050856159360201755,1.437746069430796,-4.85752779171978,3,20,9.737463588088684,atr_48,0.0,fractional_return,R,False
ETHUSD,2024-02-10 10:30:00,2024-02-10 10:30:00,2024-02-10 22:30:00,short,,,2475.55,2496.25,,,position_exit,24,-0.008412578925987457,-0.008610938183006955,0.00019835925701949808,,,,-1.9878997798816571,-2.0354470774670297,0.11524056694964482,-3.9229809665780784,,,,,,,,243,2024-02-10 10:30:00,2024-02-10 10:30:00,2024-02-10 22:30:00,2475.55,2496.25,1.0,0.0001,9.835925701949808e-05,0.0,0.00019835925701949808,1.0,1.0,0.0,2.0,-2.0354470774670297,-1.9878997798816571,0.04754729758537275,0.11524056694964482,-3.9229809665780784,1,22,10.412999794804607,atr_48,0.0,fractional_return,R,False
ETHUSD,2024-02-13 07:30:00,2024-02-13 07:30:00,2024-02-13 19:30:00,long,,,2649.25,2611.45,,,position_exit,24,-0.014268189110125284,-0.014466057824478296,0.00019786871435301112,,,,-3.0875658139263735,-3.1308448283842805,3.014052342166215,-4.774291582645373,,,,,,,,244,2024-02-13 07:30:00,2024-02-13 07:30:00,2024-02-13 19:30:00,2649.25,2611.45,1.0,0.0001,9.786871435301112e-05,0.0,0.00019786871435301112,1.0,1.0,0.0,2.0,-3.1308448283842805,-3.0875658139263735,0.04327901445790691,3.014052342166215,-4.774291582645373,9,13,12.242654012265717,atr_48,0.0,fractional_return,R,False
ETHUSD,2024-02-14 09:30:00,2024-02-14 09:30:00,2024-02-14 21:30:00,long,,,2746.2,2779.55,,,position_exit,24,0.012144053601340188,0.011942333990059728,0.0002017196112804598,,,,2.2680396417661206,2.2306873751141385,2.7746931749342463,-1.278535090410854,,,,,,,,245,2024-02-14 09:30:00,2024-02-14 09:30:00,2024-02-14 21:30:00,2746.2,2779.55,1.0,0.0001,0.00010171961128045978,0.0,0.0002017196112804598,1.0,1.0,0.0,2.0,2.2306873751141385,2.2680396417661206,0.03735226665198232,2.7746931749342463,-1.278535090410854,24,17,14.704328524888899,atr_48,0.0,fractional_return,R,False
ETHUSD,2024-02-15 10:00:00,2024-02-15 10:00:00,2024-02-15 22:00:00,short,,,2796.55,2813.4,,,position_exit,24,-0.006500287641405533,-0.0066996214598731285,0.00019933381846759524,,,,-1.1037312443799316,-1.1403679163261715,1.2118117519898426,-4.735891333452208,,,,,,,,246,2024-02-15 10:00:00,2024-02-15 10:00:00,2024-02-15 22:00:00,2796.55,2813.4,1.0,0.0001,9.933381846759523e-05,0.0,0.00019933381846759524,1.0,1.0,0.0,2.0,-1.1403679163261715,-1.1037312443799316,0.03663667194623994,1.2118117519898426,-4.735891333452208,4,10,15.266397581655957,atr_48,0.0,fractional_return,R,False
ETHUSD,2024-02-19 16:30:00,2024-02-19 16:30:00,2024-02-20 04:30:00,short,,,2897.45,2924.3500000000004,,,position_exit,24,-0.009682565272174815,-0.009880860443171824,0.00019829517099700933,,,,-1.870604993175011,-1.910902275238021,0.664099542186635,-6.0290502939877575,,,,,,,,247,2024-02-19 16:30:00,2024-02-19 16:30:00,2024-02-20 04:30:00,2897.45,2924.3500000000004,1.0,0.0001,9.829517099700932e-05,0.0,0.00019829517099700933,1.0,1.0,0.0,2.0,-1.910902275238021,-1.870604993175011,0.04029728206300986,0.664099542186635,-6.0290502939877575,1,11,14.380374316409098,atr_48,0.0,fractional_return,R,False
ETHUSD,2024-02-26 01:30:00,2024-02-26 01:30:00,2024-02-26 13:30:00,short,,,3106.8500000000004,3060.95,,,position_exit,24,0.014606070383242464,0.01440354904759844,0.00020252133564402364,,,,3.1559690057711793,3.113245161302421,4.751142882326515,-0.5775629553044976,,,,,,,,248,2024-02-26 01:30:00,2024-02-26 01:30:00,2024-02-26 13:30:00,3106.8500000000004,3060.95,1.0,0.0001,0.00010252133564402363,0.0,0.00020252133564402364,1.0,1.0,0.0,2.0,3.113245161302421,3.1559690057711793,0.04272384446875849,4.751142882326515,-0.5775629553044976,16,10,14.54386906717565,atr_48,0.0,fractional_return,R,False
ETHUSD,2024-02-27 01:30:00,2024-02-27 01:30:00,2024-02-27 13:30:00,short,,,3222.55,3268.95,,,position_exit,24,-0.01444931095337687,-0.014646902949394414,0.00019759199601754318,,,,-2.653006102782465,-2.689857158026093,1.1092309998702687,-3.779390159351769,,,,,,,,249,2024-02-27 01:30:00,2024-02-27 01:30:00,2024-02-27 13:30:00,3222.55,3268.95,1.0,0.0001,9.759199601754318e-05,0.0,0.00019759199601754318,1.0,1.0,0.0,2.0,-2.689857158026093,-2.653006102782465,0.03685105524362802,1.1092309998702687,-3.779390159351769,6,22,17.489594144293694,atr_48,0.0,fractional_return,R,False
ETHUSD,2024-02-28 04:00:00,2024-02-28 04:00:00,2024-02-28 16:00:00,short,,,3266.25,3381.65,,,position_exit,24,-0.0350474517997581,-0.03524135885421864,0.00019390705446054035,,,,-6.224115014896952,-6.259348144303204,0.7955432969647311,-6.542332333682849,,,,,,,,250,2024-02-28 04:00:00,2024-02-28 04:00:00,2024-02-28 16:00:00,3266.25,3381.65,1.0,0.0001,9.390705446054035e-05,0.0,0.00019390705446054035,1.0,1.0,0.0,2.0,-6.259348144303204,-6.224115014896952,0.03523312940625156,0.7955432969647311,-6.542332333682849,3,24,18.540788485398945,atr_48,0.0,fractional_return,R,False
ETHUSD,2024-02-29 11:30:00,2024-02-29 11:30:00,2024-02-29 23:30:00,short,,,3513.7,3340.85,,,position_exit,24,0.050621249885522523,0.05041149373106557,0.00020975615445695261,,,,5.555068426639537,5.532483707020581,6.789170987142627,-0.13015925442806567,,,,,,,,251,2024-02-29 11:30:00,2024-02-29 11:30:00,2024-02-29 23:30:00,3513.7,3340.85,1.0,0.0001,0.00010975615445695261,0.0,0.00020975615445695261,1.0,1.0,0.0,2.0,5.532483707020581,5.555068426639537,0.02258471961895673,6.789170987142627,-0.13015925442806567,22,1,31.11572832678195,atr_48,0.0,fractional_return,R,False
ETHUSD,2024-03-04 23:00:00,2024-03-04 23:00:00,2024-03-05 11:30:00,long,,,3624.55,3732.15,,,position_exit,25,0.029686443834406884,0.029480307182271126,0.00020613665213575771,,,,4.470942590399418,4.4408214845146,4.907233456562931,-0.625350241501042,,,,,,,,252,2024-03-04 23:00:00,2024-03-04 23:00:00,2024-03-05 11:30:00,3624.55,3732.15,1.0,0.0001,0.00010613665213575771,0.0,0.00020613665213575771,1.0,1.0,0.0,2.0,4.4408214845146,4.470942590399418,0.030121105884818266,4.907233456562931,-0.625350241501042,25,1,24.06651345312562,atr_48,0.0,fractional_return,R,False
ETHUSD,2024-03-12 03:00:00,2024-03-12 03:00:00,2024-03-12 15:00:00,short,,,4043.75,4001.25,,,position_exit,24,0.009947318603295008,0.009744797168080854,0.00020252143521415356,,,,1.8221883579687752,1.787513185392134,3.95522061229693,-0.8853691668718912,,,,,,,,253,2024-03-12 03:00:00,2024-03-12 03:00:00,2024-03-12 15:00:00,4043.75,4001.25,1.0,0.0001,0.00010252143521415355,0.0,0.00020252143521415356,1.0,1.0,0.0,2.0,1.787513185392134,1.8221883579687752,0.03467517257664111,3.95522061229693,-0.8853691668718912,24,16,23.323604178535902,atr_48,0.0,fractional_return,R,False
ETHUSD,2024-03-14 12:00:00,2024-03-14 12:00:00,2024-03-15 00:00:00,long,,,3940.7,3918.45,,,position_exit,24,-0.005646204988961512,-0.005844109217270632,0.00019790422830912036,,,,-0.9077424498536041,-0.9398965233110251,0.4814094790234918,-8.924434197998917,,,,,,,,254,2024-03-14 12:00:00,2024-03-14 12:00:00,2024-03-15 00:00:00,3940.7,3918.45,1.0,0.0001,9.790422830912035e-05,0.0,0.00019790422830912036,1.0,1.0,0.0,2.0,-0.9398965233110251,-0.9077424498536041,0.0321540734574211,0.4814094790234918,-8.924434197998917,2,15,24.51135782356368,atr_48,0.0,fractional_return,R,False
ETHUSD,2024-03-16 18:00:00,2024-03-16 18:00:00,2024-03-17 06:00:00,long,,,3599.85,3519.75,,,position_exit,24,-0.022250927121963637,-0.02244716434059768,0.0001962372186340433,,,,-2.403597773861861,-2.425202246886172,1.089270901263247,-3.948982110364807,,,,,,,,255,2024-03-16 18:00:00,2024-03-16 18:00:00,2024-03-17 06:00:00,3599.85,3519.75,1.0,0.0001,9.62372186340433e-05,0.0,0.0001962372186340433,1.0,1.0,0.0,2.0,-2.425202246886172,-2.403597773861861,0.021604473024311188,1.089270901263247,-3.948982110364807,3,10,33.32504334587697,atr_48,0.0,fractional_return,R,False
ETHUSD,2024-03-21 03:30:00,2024-03-21 03:30:00,2024-03-21 15:30:00,long,,,3511.55,3497.05,,,position_exit,24,-0.004129230681608309,-0.004328198401988392,0.00019896772038008326,,,,-0.32140897293082415,-0.3369764719500688,1.67797650005954,-1.4064413332731642,,,,,,,,256,2024-03-21 03:30:00,2024-03-21 03:30:00,2024-03-21 15:30:00,3511.55,3497.05,1.0,0.0001,9.896772038008325e-05,0.0,0.00019896772038008326,1.0,1.0,0.0,2.0,-0.3369764719500688,-0.32140897293082415,0.01556749901924463,1.67797650005954,-1.4064413332731642,11,3,45.113861843305756,atr_48,0.0,fractional_return,R,False
ETHUSD,2024-03-26 15:00:00,2024-03-26 15:00:00,2024-03-27 03:00:00,long,,,3585.95,3619.6,,,position_exit,24,0.009383845285070969,0.00918200788786816,0.0002018373972028087,,,,1.3919615747238752,1.3622943853694558,1.7208202528533003,-1.6980690235487235,,,,,,,,257,2024-03-26 15:00:00,2024-03-26 15:00:00,2024-03-27 03:00:00,3585.95,3619.6,1.0,0.0001,0.00010183739720280868,0.0,0.0002018373972028087,1.0,1.0,0.0,2.0,1.3622943853694558,1.3919615747238752,0.029667189354419414,1.7208202528533003,-1.6980690235487235,20,3,24.174517896929213,atr_48,0.0,fractional_return,R,False
ETHUSD,2024-03-27 17:30:00,2024-03-27 17:30:00,2024-03-28 05:30:00,long,,,3497.15,3532.4,,,position_exit,24,0.010079636275252879,0.00987778484480284,0.00020185143045003962,,,,1.407515475090321,1.3795875729983373,1.6211383911678554,-1.4554308955189383,,,,,,,,258,2024-03-27 17:30:00,2024-03-27 17:30:00,2024-03-28 05:30:00,3497.15,3532.4,1.0,0.0001,0.00010185143045003961,0.0,0.00020185143045003962,1.0,1.0,0.0,2.0,1.3795875729983373,1.407515475090321,0.02792790209198364,1.6211383911678554,-1.4554308955189383,23,2,25.044129619774157,atr_48,0.0,fractional_return,R,False
ETHUSD,2024-04-01 14:30:00,2024-04-01 14:30:00,2024-04-02 02:30:00,long,,,3508.4,3372.05,,,position_exit,24,-0.0388638695701744,-0.03905831732328091,0.00019444775310650808,,,,-8.007101212127852,-8.048307099759137,0.38758245691267423,-10.723114641250797,,,,,,,,259,2024-04-01 14:30:00,2024-04-01 14:30:00,2024-04-02 02:30:00,3508.4,3372.05,1.0,0.0001,9.444775310650808e-05,0.0,0.00019444775310650808,1.0,1.0,0.0,2.0,-8.048307099759137,-8.007101212127852,0.04120588763128622,0.38758245691267423,-10.723114641250797,18,24,17.028634506764963,atr_48,0.0,fractional_return,R,False
ETHUSD,2024-04-03 08:30:00,2024-04-03 08:30:00,2024-04-03 20:30:00,short,,,3344.8,3307.15,,,position_exit,24,0.01061400270532098,0.010411824231280065,0.00020217847404091494,,,,1.5691830482876494,1.5413020206121513,2.561123461282238,-0.9502622443813707,,,,,,,,260,2024-04-03 08:30:00,2024-04-03 08:30:00,2024-04-03 20:30:00,3344.8,3307.15,1.0,0.0001,0.00010217847404091493,0.0,0.00020217847404091494,1.0,1.0,0.0,2.0,1.5413020206121513,1.5691830482876494,0.027881027675498105,2.561123461282238,-0.9502622443813707,19,16,23.99337670712487,atr_48,0.0,fractional_return,R,False
ETHUSD,2024-04-08 08:00:00,2024-04-08 08:00:00,2024-04-08 20:00:00,long,,,3560.85,3685.85,,,position_exit,24,0.035103977982785084,0.034896508424112405,0.00020746955867267936,,,,7.112087007307308,7.071566887275356,8.560107921995092,-0.06827603527013981,,,,,,,,261,2024-04-08 08:00:00,2024-04-08 08:00:00,2024-04-08 20:00:00,3560.85,3685.85,1.0,0.0001,0.00010746955867267935,0.0,0.00020746955867267936,1.0,1.0,0.0,2.0,7.071566887275356,7.112087007307308,0.040520120031952364,8.560107921995092,-0.06827603527013981,21,1,17.575712989952013,atr_48,0.0,fractional_return,R,False
ETHUSD,2024-04-09 12:00:00,2024-04-09 12:00:00,2024-04-10 00:00:00,long,,,3627.7,3517.15,,,position_exit,24,-0.030473853957052932,-0.030667431139289603,0.00019357718223667053,,,,-5.031776416522787,-5.06479998107497,0.7054955626965481,-7.942514560680493,,,,,,,,262,2024-04-09 12:00:00,2024-04-09 12:00:00,2024-04-10 00:00:00,3627.7,3517.15,1.0,0.0001,9.357718223667053e-05,0.0,0.00019357718223667053,1.0,1.0,0.0,2.0,-5.06479998107497,-5.031776416522787,0.033023564552184095,0.7054955626965481,-7.942514560680493,1,10,21.970372061244205,atr_48,0.0,fractional_return,R,False
ETHUSD,2024-04-14 22:00:00,2024-04-14 22:00:00,2024-04-15 10:00:00,short,,,3155.85,3255.45,,,position_exit,24,-0.03150808098435809,-0.031701716197989116,0.0001936352136310271,,,,-2.557870785268352,-2.5740801357054788,1.325161973090832,-2.866047988312732,,,,,,,,263,2024-04-14 22:00:00,2024-04-14 22:00:00,2024-04-15 10:00:00,3155.85,3255.45,1.0,0.0001,9.363521363102709e-05,0.0,0.0001936352136310271,1.0,1.0,0.0,2.0,-2.5740801357054788,-2.557870785268352,0.01620935043712678,1.325161973090832,-2.866047988312732,6,21,38.93863621791616,atr_48,0.0,fractional_return,R,False
ETHUSD,2024-04-16 01:30:00,2024-04-16 01:30:00,2024-04-16 13:30:00,long,,,3080.35,3068.05,,,position_exit,24,-0.003993052737513159,-0.0041929404467019316,0.00019988770918877297,,,,-0.3539788365708754,-0.37170857168032456,1.3785029489223855,-2.551237712358442,,,,,,,,264,2024-04-16 01:30:00,2024-04-16 01:30:00,2024-04-16 13:30:00,3080.35,3068.05,1.0,0.0001,9.988770918877296e-05,0.0,0.00019988770918877297,1.0,1.0,0.0,2.0,-0.37170857168032456,-0.3539788365708754,0.017729735109449113,1.3785029489223855,-2.551237712358442,12,6,34.747840066243505,atr_48,0.0,fractional_return,R,False
ETHUSD,2024-04-26 10:00:00,2024-04-26 10:00:00,2024-04-26 22:00:00,short,,,3140.0,3128.55,,,position_exit,24,0.003259898168904929,0.0030599378257289978,0.00019996034317593114,,,,0.6418921211840131,0.6066861603016055,2.1050697948000168,-1.5781015905091977,,,,,,,,265,2024-04-26 10:00:00,2024-04-26 10:00:00,2024-04-26 22:00:00,3140.0,3128.55,1.0,0.0001,9.996034317593114e-05,0.0,0.00019996034317593114,1.0,1.0,0.0,2.0,0.6066861603016055,0.6418921211840131,0.035205960882407565,2.1050697948000168,-1.5781015905091977,11,8,17.837888364916406,atr_48,0.0,fractional_return,R,False
ETHUSD,2024-04-27 12:00:00,2024-04-27 12:00:00,2024-04-28 00:00:00,long,,,3132.35,3259.75,,,position_exit,24,0.040672338659473395,0.040464351861860814,0.00020798679761258043,,,,7.82439104648454,7.785915801124327,9.289161269864909,-0.18424782684029514,,,,,,,,266,2024-04-27 12:00:00,2024-04-27 12:00:00,2024-04-28 00:00:00,3132.35,3259.75,1.0,0.0001,0.00010798679761258043,0.0,0.00020798679761258043,1.0,1.0,0.0,2.0,7.785915801124327,7.82439104648454,0.03847524536021323,9.289161269864909,-0.18424782684029514,12,1,16.282417282459352,atr_48,0.0,fractional_return,R,False
ETHUSD,2024-04-29 22:00:00,2024-04-29 22:00:00,2024-04-30 10:00:00,long,,,3195.4,3049.35,,,position_exit,24,-0.04570632784627926,-0.04589712697080217,0.00019079912452291126,,,,-7.894931025017195,-7.9294773620214265,2.986613756468329,-8.827403193326287,,,,,,,,267,2024-04-29 22:00:00,2024-04-29 22:00:00,2024-04-30 10:00:00,3195.4,3049.35,1.0,0.0001,9.079912452291125e-05,0.0,0.00019079912452291126,1.0,1.0,0.0,2.0,-7.9294773620214265,-7.894931025017195,0.03454633700423131,2.986613756468329,-8.827403193326287,5,23,18.49921165076703,atr_48,0.0,fractional_return,R,False
ETHUSD,2024-05-02 08:00:00,2024-05-02 08:00:00,2024-05-02 20:00:00,short,,,2942.05,2988.3,,,position_exit,24,-0.01581284851870679,-0.016009290561560308,0.0001964420428535174,,,,-1.8097884857152118,-1.8328132996153133,0.30717491054843393,-2.7743568353990886,,,,,,,,268,2024-05-02 08:00:00,2024-05-02 08:00:00,2024-05-02 20:00:00,2942.05,2988.3,1.0,0.0001,9.64420428535174e-05,0.0,0.0001964420428535174,1.0,1.0,0.0,2.0,-1.8328132996153133,-1.8097884857152118,0.02302481390010136,0.30717491054843393,-2.7743568353990886,2,8,25.555472567680983,atr_48,0.0,fractional_return,R,False
ETHUSD,2024-05-09 15:00:00,2024-05-09 15:00:00,2024-05-10 03:00:00,long,,,3014.65,3028.75,,,position_exit,24,0.004677159869304726,0.004476194682466739,0.00020096518683798692,,,,0.8155814173522196,0.7807063461490864,2.559537426796876,-1.4489584755087241,,,,,,,,269,2024-05-09 15:00:00,2024-05-09 15:00:00,2024-05-10 03:00:00,3014.65,3028.75,1.0,0.0001,0.00010096518683798692,0.0,0.00020096518683798692,1.0,1.0,0.0,2.0,0.7807063461490864,0.8155814173522196,0.03487507120313312,2.559537426796876,-1.4489584755087241,15,4,17.28828011527712,atr_48,0.0,fractional_return,R,False
ETHUSD,2024-05-15 23:30:00,2024-05-15 23:30:00,2024-05-16 11:30:00,long,,,3033.25,3007.15,,,position_exit,24,-0.008604631995384304,-0.008802705015412915,0.0001980730200286107,,,,-1.7199711601913494,-1.759948957292119,0.5271942253460093,-2.754589827432911,,,,,,,,270,2024-05-15 23:30:00,2024-05-15 23:30:00,2024-05-16 11:30:00,3033.25,3007.15,1.0,0.0001,9.807302002861071e-05,0.0,0.0001980730200286107,1.0,1.0,0.0,2.0,-1.759948957292119,-1.7199711601913494,0.03997779710076957,0.5271942253460093,-2.754589827432911,1,21,15.17467304341094,atr_48,0.0,fractional_return,R,False
ETHUSD,2024-05-17 07:00:00,2024-05-17 07:00:00,2024-05-17 19:00:00,long,,,3029.15,3084.45,,,position_exit,24,0.018255946387600863,0.018052203052176363,0.00020374333542449996,,,,3.8726607006541554,3.8302344071229197,6.365729795469526,-1.0154354459219805,,,,,,,,271,2024-05-17 07:00:00,2024-05-17 07:00:00,2024-05-17 19:00:00,3029.15,3084.45,1.0,0.0001,0.00010374333542449996,0.0,0.00020374333542449996,1.0,1.0,0.0,2.0,3.8302344071229197,3.8726607006541554,0.04242629353123542,6.365729795469526,-1.0154354459219805,18,1,14.279588188724786,atr_48,0.0,fractional_return,R,False
ETHUSD,2024-05-22 11:30:00,2024-05-22 11:30:00,2024-05-22 23:30:00,long,,,3690.55,3736.85,,,position_exit,24,0.012545555540502518,0.01234286960954356,0.00020268593095895682,,,,1.598461093097733,1.5729785851619582,3.6509127558333963,-1.2566735159558955,,,,,,,,272,2024-05-22 11:30:00,2024-05-22 11:30:00,2024-05-22 23:30:00,3690.55,3736.85,1.0,0.0001,0.00010268593095895681,0.0,0.00020268593095895682,1.0,1.0,0.0,2.0,1.5729785851619582,1.598461093097733,0.02548250793577483,3.6509127558333963,-1.2566735159558955,11,2,28.965359369662718,atr_48,0.0,fractional_return,R,False
ETHUSD,2024-05-23 11:30:00,2024-05-23 11:30:00,2024-05-23 23:30:00,short,,,3917.65,3782.5,,,position_exit,24,0.033099199381807276,0.03289225314594968,0.00020694623585759686,,,,4.623535460302534,4.596730586168529,13.22402983484974,-0.9972331384966275,,,,,,,,273,2024-05-23 11:30:00,2024-05-23 11:30:00,2024-05-23 23:30:00,3917.65,3782.5,1.0,0.0001,0.00010694623585759686,0.0,0.00020694623585759686,1.0,1.0,0.0,2.0,4.596730586168529,4.623535460302534,0.026804874134005494,13.22402983484974,-0.9972331384966275,17,1,29.230877790468323,atr_48,0.0,fractional_return,R,False
ETHUSD,2024-05-27 02:30:00,2024-05-27 02:30:00,2024-05-27 14:30:00,long,,,3914.7,3942.2,,,position_exit,24,0.007024803944107871,0.006823746210437243,0.00020105773367062874,,,,1.3351743611650106,1.2971612188257184,1.8546785671455919,-1.5512298486989764,,,,,,,,274,2024-05-27 02:30:00,2024-05-27 02:30:00,2024-05-27 14:30:00,3914.7,3942.2,1.0,0.0001,0.00010105773367062873,0.0,0.00020105773367062874,1.0,1.0,0.0,2.0,1.2971612188257184,1.3351743611650106,0.03801314233929213,1.8546785671455919,-1.5512298486989764,11,16,20.59656086865298,atr_48,0.0,fractional_return,R,False
ETHUSD,2024-05-28 03:00:00,2024-05-28 03:00:00,2024-05-28 15:00:00,long,,,3844.55,3836.05,,,position_exit,24,-0.0022109219544550474,-0.002410978253372109,0.00020005629891706178,,,,-0.36766193945994524,-0.4009206385034919,3.6636430908537996,-1.0597314725610187,,,,,,,,275,2024-05-28 03:00:00,2024-05-28 03:00:00,2024-05-28 15:00:00,3844.55,3836.05,1.0,0.0001,0.00010005629891706178,0.0,0.00020005629891706178,1.0,1.0,0.0,2.0,-0.4009206385034919,-0.36766193945994524,0.033258699043546655,3.6636430908537996,-1.0597314725610187,14,3,23.119064248220962,atr_48,0.0,fractional_return,R,False
ETHUSD,2024-05-30 12:00:00,2024-05-30 12:00:00,2024-05-31 00:00:00,long,,,3752.85,3748.25,,,position_exit,24,-0.0012257351079842937,-0.0014254719800950166,0.00019973687211072289,,,,-0.2192611688335038,-0.2550374417664095,3.3651822868794903,-1.5538943704287709,,,,,,,,276,2024-05-30 12:00:00,2024-05-30 12:00:00,2024-05-31 00:00:00,3752.85,3748.25,1.0,0.0001,9.973687211072288e-05,0.0,0.00019973687211072289,1.0,1.0,0.0,2.0,-0.2550374417664095,-0.2192611688335038,0.0357762729329057,3.3651822868794903,-1.5538943704287709,11,16,20.979547014514566,atr_48,0.0,fractional_return,R,False
ETHUSD,2024-06-05 23:30:00,2024-06-05 23:30:00,2024-06-06 11:30:00,long,,,3865.95,3849.75,,,position_exit,24,-0.00419043184728185,-0.004389623892445571,0.0001991920451637208,,,,-1.07945100665701,-1.1309708044247349,0.8129198939022201,-1.6658194547176268,,,,,,,,277,2024-06-05 23:30:00,2024-06-05 23:30:00,2024-06-06 11:30:00,3865.95,3849.75,1.0,0.0001,9.91920451637208e-05,0.0,0.0001991920451637208,1.0,1.0,0.0,2.0,-1.1309708044247349,-1.07945100665701,0.051519797767724876,0.8129198939022201,-1.6658194547176268,6,14,15.007628785460279,atr_48,0.0,fractional_return,R,False
ETHUSD,2024-06-08 10:00:00,2024-06-08 10:00:00,2024-06-08 22:00:00,long,,,3684.65,3670.85,,,position_exit,24,-0.0037452675288017767,-0.003944655052040447,0.00019938752323866993,,,,-0.9860565323952417,-1.0387126657588661,0.9146031604825114,-1.6791542399483967,,,,,,,,278,2024-06-08 10:00:00,2024-06-08 10:00:00,2024-06-08 22:00:00,3684.65,3670.85,1.0,0.0001,9.938752323866992e-05,0.0,0.00019938752323866993,1.0,1.0,0.0,2.0,-1.0387126657588661,-0.9860565323952417,0.05265613336362435,0.9146031604825114,-1.6791542399483967,10,7,13.995140792261106,atr_48,0.0,fractional_return,R,False
ETHUSD,2024-06-10 15:30:00,2024-06-10 15:30:00,2024-06-11 03:30:00,short,,,3702.25,3595.4,,,position_exit,24,0.029427567382727116,0.029222046142245217,0.00020552124048189846,,,,10.794168069900458,10.719366556120788,13.400527791036902,-0.28791182966041506,,,,,,,,279,2024-06-10 15:30:00,2024-06-10 15:30:00,2024-06-11 03:30:00,3702.25,3595.4,1.0,0.0001,0.00010552124048189845,0.0,0.00020552124048189846,1.0,1.0,0.0,2.0,10.719366556120788,10.794168069900458,0.07480151377967058,13.400527791036902,-0.28791182966041506,21,1,9.898863840924543,atr_48,0.0,fractional_return,R,False
ETHUSD,2024-06-19 14:00:00,2024-06-19 14:00:00,2024-06-20 02:00:00,short,,,3517.7,3550.25,,,position_exit,24,-0.009354012025559633,-0.009551925708155329,0.0001979136825956962,,,,-1.5113350202326177,-1.5440012150140139,0.25304994962419186,-3.5032327888341253,,,,,,,,280,2024-06-19 14:00:00,2024-06-19 14:00:00,2024-06-20 02:00:00,3517.7,3550.25,1.0,0.0001,9.791368259569619e-05,0.0,0.0001979136825956962,1.0,1.0,0.0,2.0,-1.5440012150140139,-1.5113350202326177,0.032666194781396304,0.25304994962419186,-3.5032327888341253,1,23,21.537249891152683,atr_48,0.0,fractional_return,R,False
ETHUSD,2024-06-24 05:30:00,2024-06-24 05:30:00,2024-06-24 17:30:00,short,,,3370.25,3293.3,,,position_exit,24,0.022768262780071602,0.02256292465962151,0.0002053381204500937,,,,5.6123660140235385,5.56320402166808,9.919191395805107,-1.7103311634678526,,,,,,,,281,2024-06-24 05:30:00,2024-06-24 05:30:00,2024-06-24 17:30:00,3370.25,3293.3,1.0,0.0001,0.00010533812045009369,0.0,0.0002053381204500937,1.0,1.0,0.0,2.0,5.56320402166808,5.6123660140235385,0.04916199235545907,9.919191395805107,-1.7103311634678526,8,6,13.71079502080334,atr_48,0.0,fractional_return,R,False
ETHUSD,2024-06-25 16:00:00,2024-06-25 16:00:00,2024-06-26 04:00:00,short,,,3401.35,3392.95,,,position_exit,24,0.0022392972378741938,0.0020389051397093905,0.0002003920981648033,,,,0.43637542042629557,0.40103576480089165,1.0493789872155947,-1.3948428617197464,,,,,,,,282,2024-06-25 16:00:00,2024-06-25 16:00:00,2024-06-26 04:00:00,3401.35,3392.95,1.0,0.0001,0.0001003920981648033,0.0,0.0002003920981648033,1.0,1.0,0.0,2.0,0.40103576480089165,0.43637542042629557,0.035339655625403914,1.0493789872155947,-1.3948428617197464,1,6,19.24948016502424,atr_48,0.0,fractional_return,R,False
ETHUSD,2024-07-01 03:30:00,2024-07-01 03:30:00,2024-07-01 15:30:00,short,,,3495.85,3471.1,,,position_exit,24,0.007070656624566629,0.006869115846185547,0.00020154077838108186,,,,2.020605656757097,1.9635249756647792,3.7391409729080602,-0.12246094889440665,,,,,,,,283,2024-07-01 03:30:00,2024-07-01 03:30:00,2024-07-01 15:30:00,3495.85,3471.1,1.0,0.0001,0.00010154077838108186,0.0,0.00020154077838108186,1.0,1.0,0.0,2.0,1.9635249756647792,2.020605656757097,0.057080681092317564,3.7391409729080602,-0.12246094889440665,20,1,12.248802688062192,atr_48,0.0,fractional_return,R,False
ETHUSD,2024-07-02 13:30:00,2024-07-02 13:30:00,2024-07-03 01:30:00,long,,,3435.7,3391.7,,,position_exit,24,-0.012806706056989525,-0.013004728549931288,0.00019802249294176288,,,,-3.9074305964701863,-3.9684522296533347,0.29305729473528014,-4.835445363131839,,,,,,,,284,2024-07-02 13:30:00,2024-07-02 13:30:00,2024-07-03 01:30:00,3435.7,3391.7,1.0,0.0001,9.802249294176288e-05,0.0,0.00019802249294176288,1.0,1.0,0.0,2.0,-3.9684522296533347,-3.9074305964701863,0.061021633183148266,0.29305729473528014,-4.835445363131839,1,24,11.260596679502845,atr_48,0.0,fractional_return,R,False
ETHUSD,2024-07-06 00:30:00,2024-07-06 00:30:00,2024-07-06 12:30:00,long,,,2987.75,3001.85,,,position_exit,24,0.004719270353945593,0.004518309773742679,0.00020096058020291352,,,,0.4944589574967819,0.47350406742215756,0.9959315172275703,-1.1274365591149973,,,,,,,,285,2024-07-06 00:30:00,2024-07-06 00:30:00,2024-07-06 12:30:00,2987.75,3001.85,1.0,0.0001,0.00010096058020291351,0.0,0.00020096058020291352,1.0,1.0,0.0,2.0,0.47350406742215756,0.4944589574967819,0.020954890074624394,0.9959315172275703,-1.1274365591149973,13,3,28.516016923592037,atr_48,0.0,fractional_return,R,False
ETHUSD,2024-07-10 16:00:00,2024-07-10 16:00:00,2024-07-11 04:00:00,short,,,3138.45,3079.25,,,position_exit,24,0.01890189212136839,0.01869803576290252,0.00020385635846587036,,,,2.813829982606683,2.783995304536034,3.968831141007749,-0.14259273560506883,,,,,,,,286,2024-07-10 16:00:00,2024-07-10 16:00:00,2024-07-11 04:00:00,3138.45,3079.25,1.0,0.0001,0.00010385635846587035,0.0,0.00020385635846587036,1.0,1.0,0.0,2.0,2.783995304536034,2.813829982606683,0.02983467807064855,3.968831141007749,-0.14259273560506883,22,1,21.038939938069028,atr_48,0.0,fractional_return,R,False
ETHUSD,2024-07-15 02:00:00,2024-07-15 02:00:00,2024-07-15 14:00:00,long,,,3301.25,3351.2,,,position_exit,24,0.015130632336235461,0.014927436144339223,0.00020319619189623772,,,,3.2723356666861454,3.229081219760629,4.671021682376849,-0.20308789923376958,,,,,,,,287,2024-07-15 02:00:00,2024-07-15 02:00:00,2024-07-15 14:00:00,3301.25,3351.2,1.0,0.0001,0.00010319619189623772,0.0,0.00020319619189623772,1.0,1.0,0.0,2.0,3.229081219760629,3.2723356666861454,0.04325444692551622,4.671021682376849,-0.20308789923376958,13,1,15.264326489642665,atr_48,0.0,fractional_return,R,False
ETHUSD,2024-07-17 13:30:00,2024-07-17 13:30:00,2024-07-18 01:30:00,short,,,3468.15,3422.25,,,position_exit,24,0.01309854088240292,0.012896008149302807,0.00020253273310011366,,,,2.218214653008436,2.184693515105032,4.417098459367557,-0.24405193894753757,,,,,,,,288,2024-07-17 13:30:00,2024-07-17 13:30:00,2024-07-18 01:30:00,3468.15,3422.25,1.0,0.0001,0.00010253273310011366,0.0,0.00020253273310011366,1.0,1.0,0.0,2.0,2.184693515105032,2.218214653008436,0.03352113790340389,4.417098459367557,-0.24405193894753757,6,1,20.6923166510277,atr_48,0.0,fractional_return,R,False
ETHUSD,2024-07-22 06:30:00,2024-07-22 06:30:00,2024-07-22 18:30:00,short,,,3476.85,3473.05,,,position_exit,24,0.0009742888787944715,0.0007739450264707681,0.00020034385232370333,,,,0.2338156598710916,0.19102924002778301,2.44583486312541,-1.8705252789688727,,,,,,,,289,2024-07-22 06:30:00,2024-07-22 06:30:00,2024-07-22 18:30:00,3476.85,3473.05,1.0,0.0001,0.00010034385232370333,0.0,0.00020034385232370333,1.0,1.0,0.0,2.0,0.19102924002778301,0.2338156598710916,0.04278641984330859,2.44583486312541,-1.8705252789688727,17,11,16.252119306699825,atr_48,0.0,fractional_return,R,False
ETHUSD,2024-07-24 19:30:00,2024-07-24 19:30:00,2024-07-25 07:30:00,short,,,3362.05,3171.85,,,position_exit,24,0.058481499461819464,0.058269898697965505,0.00021160076385395854,,,,9.450674805867012,9.417264036959477,11.470495683146162,-0.70308648003688,,,,,,,,290,2024-07-24 19:30:00,2024-07-24 19:30:00,2024-07-25 07:30:00,3362.05,3171.85,1.0,0.0001,0.00011160076385395854,0.0,0.00021160076385395854,1.0,1.0,0.0,2.0,9.417264036959477,9.450674805867012,0.033410768907534326,11.470495683146162,-0.70308648003688,17,3,20.125547001355233,atr_48,0.0,fractional_return,R,False
ETHUSD,2024-07-26 13:30:00,2024-07-26 13:30:00,2024-07-27 01:30:00,short,,,3249.75,3247.25,,,position_exit,24,0.0006043999056311034,0.000404707608013366,0.00019969229761773732,,,,0.11965882765185248,0.08854992563892387,1.3306061634886082,-1.7661642961413468,,,,,,,,291,2024-07-26 13:30:00,2024-07-26 13:30:00,2024-07-27 01:30:00,3249.75,3247.25,1.0,0.0001,9.969229761773732e-05,0.0,0.00019969229761773732,1.0,1.0,0.0,2.0,0.08854992563892387,0.11965882765185248,0.031108902012928607,1.3306061634886082,-1.7661642961413468,2,18,20.892733524631826,atr_48,0.0,fractional_return,R,False
ETHUSD,2024-07-27 20:00:00,2024-07-27 20:00:00,2024-07-28 08:00:00,long,,,3230.05,3221.65,,,position_exit,24,-0.0026005789384069278,-0.0028002268466433833,0.0001996479082364555,,,,-0.4570145105859714,-0.49216164677450003,3.4820153187502205,-1.6811605210840959,,,,,,,,292,2024-07-27 20:00:00,2024-07-27 20:00:00,2024-07-28 08:00:00,3230.05,3221.65,1.0,0.0001,9.96479082364555e-05,0.0,0.0001996479082364555,1.0,1.0,0.0,2.0,-0.49216164677450003,-0.4570145105859714,0.0351471361885286,3.4820153187502205,-1.6811605210840959,2,18,18.380160378780626,atr_48,0.0,fractional_return,R,False
ETHUSD,2024-08-03 12:00:00,2024-08-03 12:00:00,2024-08-04 00:00:00,short,,,3011.75,2903.15,,,position_exit,24,0.036886190834987564,0.036678816822232285,0.00020737401275527922,,,,5.2513456676778665,5.222219074096598,7.3644562171946655,-0.20309071642952212,,,,,,,,293,2024-08-03 12:00:00,2024-08-03 12:00:00,2024-08-04 00:00:00,3011.75,2903.15,1.0,0.0001,0.00010737401275527922,0.0,0.00020737401275527922,1.0,1.0,0.0,2.0,5.222219074096598,5.2513456676778665,0.02912659358126856,7.3644562171946655,-0.20309071642952212,18,1,20.680413530656534,atr_48,0.0,fractional_return,R,False
ETHUSD,2024-08-04 17:00:00,2024-08-04 17:00:00,2024-08-05 05:00:00,short,,,2737.15,2345.3,,,position_exit,24,0.15452944871148766,0.15429815538744673,0.0002312933240409265,,,,18.661305825906616,18.635235241120917,29.39328303113327,-1.604915162263748,,,,,,,,294,2024-08-04 17:00:00,2024-08-04 17:00:00,2024-08-05 05:00:00,2737.15,2345.3,1.0,0.0001,0.00013129332404092652,0.0,0.0002312933240409265,1.0,1.0,0.0,2.0,18.635235241120917,18.661305825906616,0.02607058478569877,29.39328303113327,-1.604915162263748,16,6,20.99799465565871,atr_48,0.0,fractional_return,R,False
ETHUSD,2024-08-06 08:00:00,2024-08-06 08:00:00,2024-08-06 20:00:00,short,,,2485.5,2491.65,,,position_exit,24,-0.004474015415420918,-0.004673030884158491,0.00019901546873757336,,,,-0.14121156301822896,-0.1526255903314583,1.5900651608149938,-1.5877690378390896,,,,,,,,295,2024-08-06 08:00:00,2024-08-06 08:00:00,2024-08-06 20:00:00,2485.5,2491.65,1.0,0.0001,9.901546873757336e-05,0.0,0.00019901546873757336,1.0,1.0,0.0,2.0,-0.1526255903314583,-0.14121156301822896,0.011414027313229365,1.5900651608149938,-1.5877690378390896,10,12,43.551674300256764,atr_48,0.0,fractional_return,R,False
ETHUSD,2024-08-07 10:30:00,2024-08-07 10:30:00,2024-08-07 22:30:00,short,,,2509.2,2356.45,,,position_exit,24,0.06356280324395458,0.06334870255215241,0.00021410069180216595,,,,4.512252534519225,4.497428123311872,5.915407987152045,-0.16985566005555183,,,,,,,,296,2024-08-07 10:30:00,2024-08-07 10:30:00,2024-08-07 22:30:00,2509.2,2356.45,1.0,0.0001,0.00011410069180216595,0.0,0.00021410069180216595,1.0,1.0,0.0,2.0,4.497428123311872,4.512252534519225,0.014824411207352717,5.915407987152045,-0.16985566005555183,20,1,33.852271970916036,atr_48,0.0,fractional_return,R,False
ETHUSD,2024-08-15 01:30:00,2024-08-15 01:30:00,2024-08-15 13:30:00,long,,,2644.5,2662.55,,,position_exit,24,0.0068254868595201135,0.006624362474759282,0.00020112438476083128,,,,0.8677055514963826,0.8422800963059985,1.1489286803747045,-2.6463817512396424,,,,,,,,297,2024-08-15 01:30:00,2024-08-15 01:30:00,2024-08-15 13:30:00,2644.5,2662.55,1.0,0.0001,0.00010112438476083127,0.0,0.00020112438476083128,1.0,1.0,0.0,2.0,0.8422800963059985,0.8677055514963826,0.025425455190384055,1.1489286803747045,-2.6463817512396424,24,12,20.801987458617095,atr_48,0.0,fractional_return,R,False
ETHUSD,2024-08-16 02:00:00,2024-08-16 02:00:00,2024-08-16 14:00:00,long,,,2578.45,2584.5,,,position_exit,24,0.0023463708817317297,0.0021455529242375704,0.00020081795749415932,,,,0.29535583508253516,0.2701802895298562,2.475130717137878,-0.8177207004350934,,,,,,,,298,2024-08-16 02:00:00,2024-08-16 02:00:00,2024-08-16 14:00:00,2578.45,2584.5,1.0,0.0001,0.00010081795749415931,0.0,0.00020081795749415932,1.0,1.0,0.0,2.0,0.2701802895298562,0.29535583508253516,0.025175545552679,2.475130717137878,-0.8177207004350934,10,21,20.483766634607207,atr_48,0.0,fractional_return,R,False
ETHUSD,2024-08-21 13:30:00,2024-08-21 13:30:00,2024-08-22 01:30:00,long,,,2594.2,2628.25,,,position_exit,24,0.013125433659702646,0.012922818704224737,0.00020261495547790886,,,,2.5465337698145722,2.5077307277843053,5.156637398787504,-1.192869710089332,,,,,,,,299,2024-08-21 13:30:00,2024-08-21 13:30:00,2024-08-22 01:30:00,2594.2,2628.25,1.0,0.0001,0.00010261495547790886,0.0,0.00020261495547790886,1.0,1.0,0.0,2.0,2.5077307277843053,2.5465337698145722,0.038803042030266834,5.156637398787504,-1.192869710089332,13,1,13.371116614911239,atr_48,0.0,fractional_return,R,False
ETHUSD,2024-08-24 18:00:00,2024-08-24 18:00:00,2024-08-25 06:00:00,long,,,2797.35,2758.65,,,position_exit,24,-0.013834521958281387,-0.014031948936135574,0.00019742697785418706,,,,-2.6752791443955637,-2.7139545558403957,0.6705480026004604,-4.444972841980228,,,,,,,,300,2024-08-24 18:00:00,2024-08-24 18:00:00,2024-08-25 06:00:00,2797.35,2758.65,1.0,0.0001,9.742697785418705e-05,0.0,0.00019742697785418706,1.0,1.0,0.0,2.0,-2.7139545558403957,-2.6752791443955637,0.038675411444831866,0.6705480026004604,-4.444972841980228,4,7,14.465780171415892,atr_48,0.0,fractional_return,R,False
ETHUSD,2024-08-29 11:00:00,2024-08-29 11:00:00,2024-08-29 23:00:00,short,,,2554.85,2527.75,,,position_exit,24,0.010329925471973533,0.010127721283518243,0.00020220418845529053,,,,1.4762012778523583,1.448367529994638,2.6500808917903176,-2.260603432873545,,,,,,,,301,2024-08-29 11:00:00,2024-08-29 11:00:00,2024-08-29 23:00:00,2554.85,2527.75,1.0,0.0001,0.00010220418845529053,0.0,0.00020220418845529053,1.0,1.0,0.0,2.0,1.448367529994638,1.4762012778523583,0.027833747857720373,2.6500808917903176,-2.260603432873545,22,9,18.357930186475766,atr_48,0.0,fractional_return,R,False
ETHUSD,2024-09-03 14:30:00,2024-09-03 14:30:00,2024-09-04 02:30:00,short,,,2446.05,2364.35,,,position_exit,24,0.03346020592685384,0.03325336200128448,0.0002068439255693555,,,,6.370150548549381,6.332006835576849,10.759862615664769,-1.8089044397349325,,,,,,,,302,2024-09-03 14:30:00,2024-09-03 14:30:00,2024-09-04 02:30:00,2446.05,2364.35,1.0,0.0001,0.00010684392556935549,0.0,0.0002068439255693555,1.0,1.0,0.0,2.0,6.332006835576849,6.370150548549381,0.03814371297253161,10.759862615664769,-1.8089044397349325,21,14,12.825442566440616,atr_48,0.0,fractional_return,R,False
ETHUSD,2024-09-05 03:00:00,2024-09-05 03:00:00,2024-09-05 15:00:00,short,,,2418.15,2360.85,,,position_exit,24,0.023952329829930674,0.023748234209667096,0.00020409562026357797,,,,3.777000557594265,3.7451214863958477,4.067032014023847,-0.1252408561855048,,,,,,,,303,2024-09-05 03:00:00,2024-09-05 03:00:00,2024-09-05 15:00:00,2418.15,2360.85,1.0,0.0001,0.00010409562026357797,0.0,0.00020409562026357797,1.0,1.0,0.0,2.0,3.7451214863958477,3.777000557594265,0.03187907119841726,4.067032014023847,-0.1252408561855048,24,1,15.170768213096856,atr_48,0.0,fractional_return,R,False
ETHUSD,2024-09-16 02:30:00,2024-09-16 02:30:00,2024-09-16 14:30:00,short,,,2261.05,2277.95,,,position_exit,24,-0.007766476966445612,-0.007964554867250562,0.00019807790080494936,,,,-1.3967220984109392,-1.4340955717909643,0.09091090581376178,-6.169544653631855,,,,,,,,304,2024-09-16 02:30:00,2024-09-16 02:30:00,2024-09-16 14:30:00,2261.05,2277.95,1.0,0.0001,9.807790080494935e-05,0.0,0.00019807790080494936,1.0,1.0,0.0,2.0,-1.4340955717909643,-1.3967220984109392,0.03737347338002511,0.09091090581376178,-6.169544653631855,1,11,12.09975844101478,atr_48,0.0,fractional_return,R,False
