{
  "could_have_been_profitable": {
    "loser_was_positive_rate": 0.9847328244274809,
    "avg_mfe_r_of_losers": 1.3477797721068219,
    "median_mfe_r_of_losers": 1.0400258550261248,
    "avg_mfe_r_before_loss": 1.3477797721068219,
    "median_mfe_r_before_loss": 1.0400258550261248,
    "loser_reached_0_5r_rate": 0.7404580152671756,
    "loser_reached_1r_rate": 0.5038167938931297,
    "loser_reached_1_5r_rate": 0.32061068702290074,
    "loser_reached_2r_rate": 0.22137404580152673
  },
  "capture_giveback": {
    "avg_capture_ratio": -6.719440792248954,
    "median_capture_ratio": 0.18915593869732217,
    "avg_giveback_r": 2.8342366639961423,
    "median_giveback_r": 2.1399882101637497,
    "avg_giveback_r_winners": 1.9262800890064518,
    "avg_giveback_r_losers": 3.9847770567311698,
    "median_giveback_r_winners": 1.6822881509085694,
    "median_giveback_r_losers": 3.2415953024912976
  },
  "mae_before_win": {
    "winner_had_negative_mae_rate": 0.9819277108433735,
    "winner_had_mae_below_minus_0_25r_rate": 0.8313253012048193,
    "winner_had_mae_below_minus_0_5r_rate": 0.7048192771084337,
    "winner_had_mae_below_minus_1r_rate": 0.5180722891566265,
    "avg_mae_r_of_winners": -1.2548167533981722,
    "median_mae_r_of_winners": -1.0163967027265568,
    "p90_abs_mae_r_of_winners": 2.6342320968105293,
    "avg_mae_r": -2.788644570738036,
    "median_mae_r": -2.0515410472900157,
    "q10_mae_r": -6.35468299146435,
    "q25_mae_r": -3.516208456073844,
    "q75_mae_r": -0.9085297476446055,
    "q90_mae_r": -0.2806261250052057
  },
  "conditional_probabilities": {
    "prob_final_win": 0.5589225589225589,
    "prob_final_loss": 0.44107744107744107,
    "prob_final_win_given_mae_gt_minus_0_5r": 1.0,
    "prob_final_win_given_mae_gt_minus_1r": 0.975609756097561,
    "prob_mfe_ge_0_5r": 0.8821548821548821,
    "prob_final_loss_given_mfe_ge_0_5r": 0.3702290076335878,
    "prob_mfe_ge_1r": 0.7710437710437711,
    "prob_final_loss_given_mfe_ge_1r": 0.28820960698689957,
    "prob_mfe_ge_1_5r": 0.67003367003367,
    "prob_final_loss_given_mfe_ge_1_5r": 0.21105527638190955,
    "prob_mfe_ge_2r": 0.5993265993265994,
    "prob_final_loss_given_mfe_ge_2r": 0.16292134831460675,
    "prob_stop_loss_given_mfe_ge_0_5r": 0.0,
    "prob_stop_loss_given_mfe_ge_1r": 0.0
  },
  "exit_reason_quality": {
    "position_exit": {
      "trade_count": 293,
      "avg_r": 0.6163439807371744,
      "median_r": 0.4925411772344336,
      "win_rate": 0.552901023890785,
      "avg_mfe_r": 3.461629219746704,
      "avg_mae_r": -2.8076321168422345,
      "avg_giveback_r": 2.8452852390095296,
      "avg_bars_held": 24.116040955631398,
      "profit_factor": 1.522768969805335,
      "stop_after_positive_rate": 0.9931740614334471,
      "stop_after_0_5r_rate": 0.8805460750853242,
      "stop_after_1r_rate": 0.7679180887372014
    },
    "reversal": {
      "trade_count": 4,
      "avg_r": 5.194769474278405,
      "median_r": 2.6657746004825666,
      "win_rate": 1.0,
      "avg_mfe_r": 7.21969801854394,
      "avg_mae_r": -1.3978068186054935,
      "avg_giveback_r": 2.024928544265534,
      "avg_bars_held": 24.0,
      "profit_factor": Infinity,
      "stop_after_positive_rate": 1.0,
      "stop_after_0_5r_rate": 1.0,
      "stop_after_1r_rate": 1.0
    }
  },
  "timing": {
    "avg_time_to_mfe": 12.178451178451178,
    "median_time_to_mfe": 12.0,
    "avg_time_to_mae": 9.555555555555555,
    "median_time_to_mae": 8.0,
    "prob_mfe_ge_0_5r_within_1_bar": 0.0707070707070707,
    "prob_mfe_ge_0_5r_within_2_bars": 0.11447811447811448,
    "prob_mfe_ge_1r_within_4_bars": 0.10774410774410774,
    "avg_r_by_bars_held_bucket": {
      "1": null,
      "2": null,
      "3-4": null,
      "5-8": null,
      "9-16": null,
      "17+": 0.678006276946484
    },
    "win_rate_by_bars_held_bucket": {
      "1": null,
      "2": null,
      "3-4": null,
      "5-8": null,
      "9-16": null,
      "17+": 0.5589225589225589
    }
  },
  "warnings": [],
  "trade_ledger_construction": {
    "ledger_source": "position_transitions",
    "trade_count": 297,
    "position_transition_count": 594,
    "fallback_price_risk_distance_count": 0,
    "end_of_data_exit_count": 0,
    "skipped_missing_price_count": 0,
    "warnings": []
  },
  "path_construction": {
    "trade_count": 297,
    "path_trade_count": 297,
    "skipped_trade_paths_missing_risk": 0,
    "skipped_trade_paths_missing_asset_frame": 0,
    "skipped_trade_paths_missing_timestamps": 0,
    "truncated": false,
    "warnings": []
  },
  "counterfactual": {
    "counterfactual.baseline.trade_count": 297,
    "counterfactual.baseline.avg_r": 0.678006276946484,
    "counterfactual.baseline.median_r": 0.5068722717531943,
    "counterfactual.baseline.win_rate": 0.5589225589225589,
    "counterfactual.baseline.profit_factor": 1.5829203079087182,
    "counterfactual.breakeven_after_0_5r.trade_count": 297,
    "counterfactual.breakeven_after_0_5r.avg_r": -0.03401275596472125,
    "counterfactual.breakeven_after_0_5r.median_r": 0.0,
    "counterfactual.breakeven_after_0_5r.win_rate": 0.006734006734006734,
    "counterfactual.breakeven_after_0_5r.profit_factor": 0.6931407972216643,
    "counterfactual.breakeven_after_1_0r.trade_count": 297,
    "counterfactual.breakeven_after_1_0r.avg_r": 0.058479228039836455,
    "counterfactual.breakeven_after_1_0r.median_r": 0.0,
    "counterfactual.breakeven_after_1_0r.win_rate": 0.13804713804713806,
    "counterfactual.breakeven_after_1_0r.profit_factor": 1.1202187616724675,
    "counterfactual.exit_at_first_0_5r.trade_count": 297,
    "counterfactual.exit_at_first_0_5r.avg_r": 0.3706399109606493,
    "counterfactual.exit_at_first_0_5r.median_r": 0.5,
    "counterfactual.exit_at_first_0_5r.win_rate": 0.9629629629629629,
    "counterfactual.exit_at_first_0_5r.profit_factor": 4.343870979263951,
    "counterfactual.exit_at_first_1_0r.trade_count": 297,
    "counterfactual.exit_at_first_1_0r.avg_r": 0.3690082961686221,
    "counterfactual.exit_at_first_1_0r.median_r": 1.0,
    "counterfactual.exit_at_first_1_0r.win_rate": 0.8619528619528619,
    "counterfactual.exit_at_first_1_0r.profit_factor": 1.7585893641078743,
    "counterfactual.partial_50pct_at_1r.trade_count": 297,
    "counterfactual.partial_50pct_at_1r.avg_r": 0.523507286557553,
    "counterfactual.partial_50pct_at_1r.median_r": 0.7462705886172167,
    "counterfactual.partial_50pct_at_1r.win_rate": 0.6734006734006734,
    "counterfactual.partial_50pct_at_1r.profit_factor": 1.7411244250322602,
    "counterfactual.time_exit_after_4_bars_if_mfe_lt_0_3r.trade_count": 297,
    "counterfactual.time_exit_after_4_bars_if_mfe_lt_0_3r.avg_r": 0.6294419917113285,
    "counterfactual.time_exit_after_4_bars_if_mfe_lt_0_3r.median_r": 0.33041287362806315,
    "counterfactual.time_exit_after_4_bars_if_mfe_lt_0_3r.win_rate": 0.5420875420875421,
    "counterfactual.time_exit_after_4_bars_if_mfe_lt_0_3r.profit_factor": 1.5340464874346738,
    "counterfactual.trail_0_5r_after_1_0r.trade_count": 297,
    "counterfactual.trail_0_5r_after_1_0r.avg_r": 0.5335047385501114,
    "counterfactual.trail_0_5r_after_1_0r.median_r": 0.8227168337238817,
    "counterfactual.trail_0_5r_after_1_0r.win_rate": 0.8619528619528619,
    "counterfactual.trail_0_5r_after_1_0r.profit_factor": 2.0967531748400856,
    "counterfactual.best_policy_by_avg_r": "baseline",
    "counterfactual.best_policy_by_profit_factor": "exit_at_first_0_5r"
  }
}