asset,evaluation_rows,correlation,spearman_rank_correlation,calibration_slope,calibration_intercept,directional_accuracy,mean_prediction,mean_realized,monotonicity,monotonic_increasing_steps,quantile_count
ETHUSD,43800,0.051885855464915795,0.05625731020486616,0.13145705360974275,0.00539162791829954,0.5235159817351598,-0.012012430443480826,0.0038125092055075753,0.9030303030303028,6,10
