lag,autocorrelation,asset
1,0.9362759216467818,ETHUSD
2,0.8931894373692161,ETHUSD
4,0.8185078468271274,ETHUSD
8,0.6950693620831062,ETHUSD
16,0.5099491266567306,ETHUSD
