{
  "prediction_distribution": {
    "rows": 43800,
    "mean": -0.012012430443480826,
    "std": 0.9862810353125648,
    "min": -4.460070610046387,
    "max": 3.4894940853118896,
    "median": 0.003276440082117915,
    "q01": -2.604597532749176,
    "q05": -1.6794456541538239,
    "q25": -0.6164457499980927,
    "q75": 0.6208573132753372,
    "q95": 1.5940318644046778,
    "q99": 2.3127509737014775,
    "skew": -0.18660083458214244,
    "kurtosis": 0.5410016372711142,
    "positive_rate": 0.5011187214611872,
    "negative_rate": 0.4988812785388128,
    "zero_rate": 0.0
  },
  "expected_net_return_distribution": {
    "rows": 0,
    "mean": null,
    "std": null,
    "min": null,
    "max": null,
    "median": null,
    "q01": null,
    "q05": null,
    "q25": null,
    "q75": null,
    "q95": null,
    "q99": null,
    "skew": null,
    "kurtosis": null,
    "positive_rate": null,
    "negative_rate": null,
    "zero_rate": null
  },
  "prediction_vs_realized": {
    "evaluation_rows": 43800,
    "correlation": 0.051885855464915795,
    "spearman_rank_correlation": 0.05625731020486616,
    "calibration_slope": 0.13145705360974275,
    "calibration_intercept": 0.00539162791829954,
    "directional_accuracy": 0.5235159817351598,
    "mean_prediction": -0.012012430443480826,
    "mean_realized": 0.0038125092055075753
  },
  "quantile_monotonicity": {
    "monotonicity": 0.9030303030303028,
    "monotonic_increasing_steps": 6,
    "quantile_count": 10
  },
  "residuals": {
    "ETHUSD": {
      "rows": 43800,
      "distribution": {
        "rows": 43800,
        "mean": 0.01582493964898842,
        "std": 2.6383934082219933,
        "min": -7.430557012557983,
        "max": 8.08331823348999,
        "median": -0.03346277928051433,
        "q01": -5.269183006286621,
        "q05": -4.272604534486467,
        "q25": -1.9257703013342025,
        "q75": 1.9754137751927134,
        "q95": 4.296298421919345,
        "q99": 5.526354504823685,
        "skew": 0.04574131399253953,
        "kurtosis": -0.6799449621617564,
        "positive_rate": 0.4954337899543379,
        "negative_rate": 0.5045662100456622,
        "zero_rate": 0.0
      },
      "autocorrelation": [
        {
          "lag": 1,
          "autocorrelation": 0.9453091962101616
        },
        {
          "lag": 2,
          "autocorrelation": 0.8969560490721167
        },
        {
          "lag": 4,
          "autocorrelation": 0.8068484912970721
        },
        {
          "lag": 8,
          "autocorrelation": 0.6418351173490339
        }
      ],
      "residual_vs_forecast_abs_correlation": 0.03806650045823752,
      "residual_vs_volatility_correlation": null
    }
  },
  "turnover_cost": {
    "rows": 73965,
    "total_turnover": 626.0,
    "avg_turnover": 0.00846346244845535,
    "rebalance_frequency": 0.0083823430000676,
    "churn_frequency": 0.0083823430000676,
    "total_cost": 0.0626,
    "gross_pnl": 1.4041473072926638,
    "net_pnl": 1.341547307292664,
    "cost_to_abs_gross_pnl": 0.0025203494153245073,
    "turnover_vs_net_pnl_correlation": 0.004929115113771848
  },
  "residual_diagnostics": {
    "ETHUSD": {
      "rows": 43800,
      "distribution": {
        "rows": 43800,
        "mean": 0.01582493964898842,
        "std": 2.6383934082219933,
        "min": -7.430557012557983,
        "max": 8.08331823348999,
        "median": -0.03346277928051433,
        "q01": -5.269183006286621,
        "q05": -4.272604534486467,
        "q25": -1.9257703013342025,
        "q75": 1.9754137751927134,
        "q95": 4.296298421919345,
        "q99": 5.526354504823685,
        "skew": 0.04574131399253953,
        "kurtosis": -0.6799449621617564,
        "positive_rate": 0.4954337899543379,
        "negative_rate": 0.5045662100456622,
        "zero_rate": 0.0
      },
      "autocorrelation": [
        {
          "lag": 1,
          "autocorrelation": 0.9453091962101616
        },
        {
          "lag": 2,
          "autocorrelation": 0.8969560490721167
        },
        {
          "lag": 4,
          "autocorrelation": 0.8068484912970721
        },
        {
          "lag": 8,
          "autocorrelation": 0.6418351173490339
        }
      ],
      "residual_vs_forecast_abs_correlation": 0.03806650045823752,
      "residual_vs_volatility_correlation": null
    }
  }
}