lag,autocorrelation,asset
1,0.9359508208232946,ETHUSD
2,0.8899000914420149,ETHUSD
4,0.8082166107114663,ETHUSD
8,0.677813630688727,ETHUSD
16,0.4929305804176795,ETHUSD
