regime,rows,realized_mean,sharpe,hit_rate,calibration_slope,prediction_correlation,turnover_mean,cost_mean,asset
all,43800,0.0038125092055075753,0.0015257216399932453,0.5186986301369862,0.12162615457048785,0.04761835272785012,,,ETHUSD
