{
  "prediction_distribution": {
    "rows": 43800,
    "mean": -0.020260528910697774,
    "std": 0.9783246284527893,
    "min": -4.676389694213867,
    "max": 3.980745315551758,
    "median": -0.002637353725731373,
    "q01": -2.5833320116996763,
    "q05": -1.6950657427310942,
    "q25": -0.6111458241939545,
    "q75": 0.5973644554615021,
    "q95": 1.5585130989551543,
    "q99": 2.2791824269294754,
    "skew": -0.17850539130431084,
    "kurtosis": 0.49929920538321326,
    "positive_rate": 0.49860730593607305,
    "negative_rate": 0.501392694063927,
    "zero_rate": 0.0
  },
  "expected_net_return_distribution": {
    "rows": 0,
    "mean": null,
    "std": null,
    "min": null,
    "max": null,
    "median": null,
    "q01": null,
    "q05": null,
    "q25": null,
    "q75": null,
    "q95": null,
    "q99": null,
    "skew": null,
    "kurtosis": null,
    "positive_rate": null,
    "negative_rate": null,
    "zero_rate": null
  },
  "prediction_vs_realized": {
    "evaluation_rows": 43800,
    "correlation": 0.04761835272785012,
    "spearman_rank_correlation": 0.05187462942238187,
    "calibration_slope": 0.12162615457048785,
    "calibration_intercept": 0.006276719426479941,
    "directional_accuracy": 0.5186986301369862,
    "mean_prediction": -0.020260528910697774,
    "mean_realized": 0.0038125092055075753
  },
  "quantile_monotonicity": {
    "monotonicity": 0.9393939393939393,
    "monotonic_increasing_steps": 6,
    "quantile_count": 10
  },
  "residuals": {
    "ETHUSD": {
      "rows": 43800,
      "distribution": {
        "rows": 43800,
        "mean": 0.024073038116205356,
        "std": 2.639775922335816,
        "min": -7.141927812010456,
        "max": 7.905047416687012,
        "median": -0.02415006019559901,
        "q01": -5.2578484760772355,
        "q05": -4.270180371362511,
        "q25": -1.9298123194788324,
        "q75": 1.9895482766160746,
        "q95": 4.298489402973753,
        "q99": 5.530992225408556,
        "skew": 0.04788333277897931,
        "kurtosis": -0.6809774693113493,
        "positive_rate": 0.4967123287671233,
        "negative_rate": 0.5032876712328768,
        "zero_rate": 0.0
      },
      "autocorrelation": [
        {
          "lag": 1,
          "autocorrelation": 0.9459884011921071
        },
        {
          "lag": 2,
          "autocorrelation": 0.8977770607459651
        },
        {
          "lag": 4,
          "autocorrelation": 0.8075689113808938
        },
        {
          "lag": 8,
          "autocorrelation": 0.6434780160146817
        }
      ],
      "residual_vs_forecast_abs_correlation": 0.04171989535294359,
      "residual_vs_volatility_correlation": null
    }
  },
  "turnover_cost": {
    "rows": 73965,
    "total_turnover": 620.0,
    "avg_turnover": 0.0083823430000676,
    "rebalance_frequency": 0.008314743459744475,
    "churn_frequency": 0.008314743459744475,
    "total_cost": 0.062000000000000006,
    "gross_pnl": 1.4003111339926346,
    "net_pnl": 1.3383111339926348,
    "cost_to_abs_gross_pnl": 0.0025294307917988522,
    "turnover_vs_net_pnl_correlation": -0.002044883679774368
  },
  "residual_diagnostics": {
    "ETHUSD": {
      "rows": 43800,
      "distribution": {
        "rows": 43800,
        "mean": 0.024073038116205356,
        "std": 2.639775922335816,
        "min": -7.141927812010456,
        "max": 7.905047416687012,
        "median": -0.02415006019559901,
        "q01": -5.2578484760772355,
        "q05": -4.270180371362511,
        "q25": -1.9298123194788324,
        "q75": 1.9895482766160746,
        "q95": 4.298489402973753,
        "q99": 5.530992225408556,
        "skew": 0.04788333277897931,
        "kurtosis": -0.6809774693113493,
        "positive_rate": 0.4967123287671233,
        "negative_rate": 0.5032876712328768,
        "zero_rate": 0.0
      },
      "autocorrelation": [
        {
          "lag": 1,
          "autocorrelation": 0.9459884011921071
        },
        {
          "lag": 2,
          "autocorrelation": 0.8977770607459651
        },
        {
          "lag": 4,
          "autocorrelation": 0.8075689113808938
        },
        {
          "lag": 8,
          "autocorrelation": 0.6434780160146817
        }
      ],
      "residual_vs_forecast_abs_correlation": 0.04171989535294359,
      "residual_vs_volatility_correlation": null
    }
  }
}