{
  "asset_count": 1,
  "drifted_feature_count": 0,
  "feature_count": 16,
  "per_asset": {
    "ETHUSD": {
      "feature_count": 16,
      "drifted_feature_count": 0,
      "psi_threshold": 0.2,
      "n_bins": 10,
      "per_feature": {
        "ema_trend_24_96": {
          "reference_rows": 65205,
          "current_rows": 43800,
          "reference_missing_rate": 0.0,
          "current_missing_rate": 0.0,
          "reference_mean": 0.001292565305322198,
          "current_mean": -0.00017491117927824877,
          "reference_std": 0.022142902845330686,
          "current_std": 0.016543948477457045,
          "abs_mean_shift_in_ref_std": 0.0662729947762877,
          "psi": 0.14704242697785228,
          "is_drifted": false
        },
        "ema_trend_48_192": {
          "reference_rows": 65205,
          "current_rows": 43800,
          "reference_missing_rate": 0.0,
          "current_missing_rate": 0.0,
          "reference_mean": 0.0025761568562996705,
          "current_mean": -0.0003480017620012592,
          "reference_std": 0.03167460114312064,
          "current_std": 0.023887189831541807,
          "abs_mean_shift_in_ref_std": 0.09231871950299281,
          "psi": 0.1376045236430634,
          "is_drifted": false
        },
        "close_over_ema_96": {
          "reference_rows": 65205,
          "current_rows": 43800,
          "reference_missing_rate": 0.0,
          "current_missing_rate": 0.0,
          "reference_mean": 0.0019108055916649,
          "current_mean": -0.00011990923056260596,
          "reference_std": 0.032413155857498356,
          "current_std": 0.024204511640619514,
          "abs_mean_shift_in_ref_std": 0.06265094430037509,
          "psi": 0.12671268883864054,
          "is_drifted": false
        },
        "close_over_ema_192": {
          "reference_rows": 65205,
          "current_rows": 43800,
          "reference_missing_rate": 0.0,
          "current_missing_rate": 0.0,
          "reference_mean": 0.0038532952590145577,
          "current_mean": -0.000224888574007792,
          "reference_std": 0.04649697508443996,
          "current_std": 0.03488621241518078,
          "abs_mean_shift_in_ref_std": 0.08770858374370033,
          "psi": 0.13930383942783106,
          "is_drifted": false
        },
        "ema_alignment_score": {
          "reference_rows": 65205,
          "current_rows": 43800,
          "reference_missing_rate": 0.0,
          "current_missing_rate": 0.0,
          "reference_mean": 0.08221762134805613,
          "current_mean": 0.00908675799086758,
          "reference_std": 0.8791303902796215,
          "current_std": 0.8809132802224654,
          "abs_mean_shift_in_ref_std": 0.0831854570900775,
          "psi": 0.005219269553092943,
          "is_drifted": false
        },
        "distance_from_ema24_atr": {
          "reference_rows": 65205,
          "current_rows": 43800,
          "reference_missing_rate": 0.0,
          "current_missing_rate": 0.0,
          "reference_mean": 1.2108141368912622,
          "current_mean": 1.1813396679052754,
          "reference_std": 1.1370709584568646,
          "current_std": 1.1770573307310588,
          "abs_mean_shift_in_ref_std": 0.02592139810341031,
          "psi": 0.003430612556567096,
          "is_drifted": false
        },
        "distance_from_ema96_atr": {
          "reference_rows": 65205,
          "current_rows": 43800,
          "reference_missing_rate": 0.0,
          "current_missing_rate": 0.0,
          "reference_mean": 2.618005630180326,
          "current_mean": 2.5434163057729675,
          "reference_std": 2.1303524577561053,
          "current_std": 2.1555762542385146,
          "abs_mean_shift_in_ref_std": 0.035012668507408896,
          "psi": 0.00308097720657233,
          "is_drifted": false
        },
        "mama_minus_fama_over_atr": {
          "reference_rows": 65205,
          "current_rows": 43800,
          "reference_missing_rate": 0.0,
          "current_missing_rate": 0.0,
          "reference_mean": 0.22123539625497535,
          "current_mean": 0.11645024400394509,
          "reference_std": 1.4704610479797882,
          "current_std": 1.481801626959871,
          "abs_mean_shift_in_ref_std": 0.07126006662671594,
          "psi": 0.007209095077892571,
          "is_drifted": false
        },
        "close_minus_decycler_over_atr": {
          "reference_rows": 65205,
          "current_rows": 43800,
          "reference_missing_rate": 0.0,
          "current_missing_rate": 0.0,
          "reference_mean": -0.0006670801091326054,
          "current_mean": -0.0022060740619974954,
          "reference_std": 1.2906283419582238,
          "current_std": 1.3126249602347506,
          "abs_mean_shift_in_ref_std": 0.0011924377474384531,
          "psi": 0.002085027926686125,
          "is_drifted": false
        },
        "instantaneous_trendline_slope_over_atr": {
          "reference_rows": 65205,
          "current_rows": 43800,
          "reference_missing_rate": 1.533624722030519e-05,
          "current_missing_rate": 0.0,
          "reference_mean": 0.00830062942920557,
          "current_mean": 0.0017099791585767942,
          "reference_std": 0.20629709429585968,
          "current_std": 0.2078511714562157,
          "abs_mean_shift_in_ref_std": 0.03194737324403046,
          "psi": 0.005842527620962306,
          "is_drifted": false
        },
        "decycler_slope_over_atr": {
          "reference_rows": 65205,
          "current_rows": 43800,
          "reference_missing_rate": 1.533624722030519e-05,
          "current_missing_rate": 0.0,
          "reference_mean": 0.008262529005848063,
          "current_mean": 0.0017064229187401664,
          "reference_std": 0.208355266263187,
          "current_std": 0.20994876814455846,
          "abs_mean_shift_in_ref_std": 0.03146599653894255,
          "psi": 0.005768837869010457,
          "is_drifted": false
        },
        "frama_slope_over_atr": {
          "reference_rows": 65205,
          "current_rows": 43800,
          "reference_missing_rate": 1.533624722030519e-05,
          "current_missing_rate": 0.0,
          "reference_mean": 0.007932533731169209,
          "current_mean": 0.0017376739654165233,
          "reference_std": 0.2859378473730835,
          "current_std": 0.2936108467244979,
          "abs_mean_shift_in_ref_std": 0.02166505701384053,
          "psi": 0.0033960647451412194,
          "is_drifted": false
        },
        "supersmoother_slope_over_atr": {
          "reference_rows": 65205,
          "current_rows": 43800,
          "reference_missing_rate": 1.533624722030519e-05,
          "current_missing_rate": 0.0,
          "reference_mean": 0.007645902739011685,
          "current_mean": 0.0016372287920567697,
          "reference_std": 0.32731075129751325,
          "current_std": 0.3316533987535068,
          "abs_mean_shift_in_ref_std": 0.018357704179088375,
          "psi": 0.00495875437777146,
          "is_drifted": false
        },
        "mama_minus_close_over_atr": {
          "reference_rows": 65205,
          "current_rows": 43800,
          "reference_missing_rate": 0.0,
          "current_missing_rate": 0.0,
          "reference_mean": -0.14181123715931357,
          "current_mean": -0.0821539728783295,
          "reference_std": 1.4047414493452337,
          "current_std": 1.39239845893905,
          "abs_mean_shift_in_ref_std": 0.04246850145184441,
          "psi": 0.006279010502129916,
          "is_drifted": false
        },
        "fama_minus_close_over_atr": {
          "reference_rows": 65205,
          "current_rows": 43800,
          "reference_missing_rate": 0.0,
          "current_missing_rate": 0.0,
          "reference_mean": -0.36304663344983895,
          "current_mean": -0.19860421704216394,
          "reference_std": 2.4816117976731307,
          "current_std": 2.4696682414882867,
          "abs_mean_shift_in_ref_std": 0.06626435954320636,