trade_id,policy,counterfactual_r
0,baseline,-0.1093233670382856
0,breakeven_after_0_5r,-0.1093233670382856
0,breakeven_after_1_0r,-0.1093233670382856
0,exit_at_first_0_5r,-0.1093233670382856
0,exit_at_first_1_0r,-0.1093233670382856
0,trail_0_5r_after_1_0r,-0.1093233670382856
0,time_exit_after_4_bars_if_mfe_lt_0_3r,-0.3422441257599496
0,partial_50pct_at_1r,-0.1093233670382856
1,baseline,0.32614556533332434
1,breakeven_after_0_5r,0.32614556533332434
1,breakeven_after_1_0r,0.32614556533332434
1,exit_at_first_0_5r,0.32614556533332434
1,exit_at_first_1_0r,0.32614556533332434
1,trail_0_5r_after_1_0r,0.32614556533332434
1,time_exit_after_4_bars_if_mfe_lt_0_3r,0.13771864747847007
1,partial_50pct_at_1r,0.32614556533332434
2,baseline,0.0877889588358218
2,breakeven_after_0_5r,0.0877889588358218
2,breakeven_after_1_0r,0.0877889588358218
2,exit_at_first_0_5r,0.0877889588358218
2,exit_at_first_1_0r,0.0877889588358218
2,trail_0_5r_after_1_0r,0.0877889588358218
2,time_exit_after_4_bars_if_mfe_lt_0_3r,-0.16442839302610138
2,partial_50pct_at_1r,0.0877889588358218
3,baseline,-0.45988806168910995
3,breakeven_after_0_5r,-0.45988806168910995
3,breakeven_after_1_0r,-0.45988806168910995
3,exit_at_first_0_5r,-0.45988806168910995
3,exit_at_first_1_0r,-0.45988806168910995
3,trail_0_5r_after_1_0r,-0.45988806168910995
3,time_exit_after_4_bars_if_mfe_lt_0_3r,-0.25387930559575694
3,partial_50pct_at_1r,-0.45988806168910995
4,baseline,0.08229292031178695
4,breakeven_after_0_5r,0.08229292031178695
4,breakeven_after_1_0r,0.08229292031178695
4,exit_at_first_0_5r,0.08229292031178695
4,exit_at_first_1_0r,0.08229292031178695
4,trail_0_5r_after_1_0r,0.08229292031178695
4,time_exit_after_4_bars_if_mfe_lt_0_3r,0.08229292031178695
4,partial_50pct_at_1r,0.08229292031178695
5,baseline,0.371047055883779
5,breakeven_after_0_5r,0.371047055883779
5,breakeven_after_1_0r,0.371047055883779
5,exit_at_first_0_5r,0.5
5,exit_at_first_1_0r,0.371047055883779
5,trail_0_5r_after_1_0r,0.371047055883779
5,time_exit_after_4_bars_if_mfe_lt_0_3r,0.024148286831036623
5,partial_50pct_at_1r,0.371047055883779
6,baseline,-1.048467643033486
6,breakeven_after_0_5r,-1.048467643033486
6,breakeven_after_1_0r,-1.048467643033486
6,exit_at_first_0_5r,-1.048467643033486
6,exit_at_first_1_0r,-1.048467643033486
6,trail_0_5r_after_1_0r,-1.048467643033486
6,time_exit_after_4_bars_if_mfe_lt_0_3r,-0.5961169596553831
6,partial_50pct_at_1r,-1.048467643033486
7,baseline,0.1001328279968884
7,breakeven_after_0_5r,0.1001328279968884
7,breakeven_after_1_0r,0.1001328279968884
7,exit_at_first_0_5r,0.1001328279968884
7,exit_at_first_1_0r,0.1001328279968884
7,trail_0_5r_after_1_0r,0.1001328279968884
7,time_exit_after_4_bars_if_mfe_lt_0_3r,0.1001328279968884
7,partial_50pct_at_1r,0.1001328279968884
8,baseline,-1.0443783969898095
8,breakeven_after_0_5r,-1.0443783969898095
8,breakeven_after_1_0r,-1.0443783969898095
8,exit_at_first_0_5r,-1.0443783969898095
8,exit_at_first_1_0r,-1.0443783969898095
8,trail_0_5r_after_1_0r,-1.0443783969898095
8,time_exit_after_4_bars_if_mfe_lt_0_3r,-0.33597189710008973
8,partial_50pct_at_1r,-1.0443783969898095
9,baseline,0.10852973972328886
9,breakeven_after_0_5r,0.10852973972328886
9,breakeven_after_1_0r,0.10852973972328886
9,exit_at_first_0_5r,0.10852973972328886
9,exit_at_first_1_0r,0.10852973972328886
9,trail_0_5r_after_1_0r,0.10852973972328886
9,time_exit_after_4_bars_if_mfe_lt_0_3r,0.10852973972328886
9,partial_50pct_at_1r,0.10852973972328886
10,baseline,-0.22103997008027548
10,breakeven_after_0_5r,-0.22103997008027548
10,breakeven_after_1_0r,-0.22103997008027548
10,exit_at_first_0_5r,-0.22103997008027548
10,exit_at_first_1_0r,-0.22103997008027548
10,trail_0_5r_after_1_0r,-0.22103997008027548
10,time_exit_after_4_bars_if_mfe_lt_0_3r,-0.12399983837970711
10,partial_50pct_at_1r,-0.22103997008027548
11,baseline,0.1150882734595621
11,breakeven_after_0_5r,0.1150882734595621
11,breakeven_after_1_0r,0.1150882734595621
11,exit_at_first_0_5r,0.1150882734595621
11,exit_at_first_1_0r,0.1150882734595621
11,trail_0_5r_after_1_0r,0.1150882734595621
11,time_exit_after_4_bars_if_mfe_lt_0_3r,-0.028895012596182556
11,partial_50pct_at_1r,0.1150882734595621
12,baseline,0.1603083437713345
12,breakeven_after_0_5r,0.1603083437713345
12,breakeven_after_1_0r,0.1603083437713345
12,exit_at_first_0_5r,0.1603083437713345
12,exit_at_first_1_0r,0.1603083437713345
12,trail_0_5r_after_1_0r,0.1603083437713345
12,time_exit_after_4_bars_if_mfe_lt_0_3r,0.1603083437713345
12,partial_50pct_at_1r,0.1603083437713345
13,baseline,0.5532697139132425
13,breakeven_after_0_5r,0.5532697139132425
13,breakeven_after_1_0r,0.5532697139132425
13,exit_at_first_0_5r,0.5
13,exit_at_first_1_0r,0.5532697139132425
13,trail_0_5r_after_1_0r,0.5532697139132425
13,time_exit_after_4_bars_if_mfe_lt_0_3r,0.5532697139132425
13,partial_50pct_at_1r,0.5532697139132425
14,baseline,-0.08003025372685084
14,breakeven_after_0_5r,-0.08003025372685084
14,breakeven_after_1_0r,-0.08003025372685084
14,exit_at_first_0_5r,-0.08003025372685084
14,exit_at_first_1_0r,-0.08003025372685084
14,trail_0_5r_after_1_0r,-0.08003025372685084
14,time_exit_after_4_bars_if_mfe_lt_0_3r,0.008399357453479757
14,partial_50pct_at_1r,-0.08003025372685084
15,baseline,0.30528891603577535
15,breakeven_after_0_5r,0.30528891603577535
15,breakeven_after_1_0r,0.30528891603577535
15,exit_at_first_0_5r,0.30528891603577535
15,exit_at_first_1_0r,0.30528891603577535
15,trail_0_5r_after_1_0r,0.30528891603577535
15,time_exit_after_4_bars_if_mfe_lt_0_3r,0.30528891603577535
15,partial_50pct_at_1r,0.30528891603577535
16,baseline,-0.3889726844711683
16,breakeven_after_0_5r,-0.3889726844711683
16,breakeven_after_1_0r,-0.3889726844711683
16,exit_at_first_0_5r,-0.3889726844711683
16,exit_at_first_1_0r,-0.3889726844711683
16,trail_0_5r_after_1_0r,-0.3889726844711683
16,time_exit_after_4_bars_if_mfe_lt_0_3r,-0.03330065764303666
16,partial_50pct_at_1r,-0.3889726844711683
17,baseline,0.17359456927510736
17,breakeven_after_0_5r,0.17359456927510736
17,breakeven_after_1_0r,0.17359456927510736
17,exit_at_first_0_5r,0.17359456927510736
17,exit_at_first_1_0r,0.17359456927510736
17,trail_0_5r_after_1_0r,0.17359456927510736
17,time_exit_after_4_bars_if_mfe_lt_0_3r,0.1203081136577566
17,partial_50pct_at_1r,0.17359456927510736
18,baseline,0.07052923747477059
18,breakeven_after_0_5r,0.07052923747477059
18,breakeven_after_1_0r,0.07052923747477059
18,exit_at_first_0_5r,0.07052923747477059
18,exit_at_first_1_0r,0.07052923747477059
18,trail_0_5r_after_1_0r,0.07052923747477059
18,time_exit_after_4_bars_if_mfe_lt_0_3r,0.07052923747477059
18,partial_50pct_at_1r,0.07052923747477059
19,baseline,0.36617908275240724
19,breakeven_after_0_5r,0.36617908275240724
19,breakeven_after_1_0r,0.36617908275240724
19,exit_at_first_0_5r,0.5
19,exit_at_first_1_0r,0.36617908275240724
19,trail_0_5r_after_1_0r,0.36617908275240724
19,time_exit_after_4_bars_if_mfe_lt_0_3r,0.18246140192356894
19,partial_50pct_at_1r,0.36617908275240724
20,baseline,0.3366052653330487
20,breakeven_after_0_5r,0.0
20,breakeven_after_1_0r,0.3366052653330487
20,exit_at_first_0_5r,0.5
20,exit_at_first_1_0r,0.3366052653330487
20,trail_0_5r_after_1_0r,0.3366052653330487
20,time_exit_after_4_bars_if_mfe_lt_0_3r,0.3366052653330487
20,partial_50pct_at_1r,0.3366052653330487
21,baseline,0.4638568552720294
21,breakeven_after_0_5r,0.4638568552720294
21,breakeven_after_1_0r,0.4638568552720294
21,exit_at_first_0_5r,0.5
21,exit_at_first_1_0r,0.4638568552720294
21,trail_0_5r_after_1_0r,0.4638568552720294
21,time_exit_after_4_bars_if_mfe_lt_0_3r,-0.07361144944181178
21,partial_50pct_at_1r,0.4638568552720294
22,baseline,0.2597066068924666
22,breakeven_after_0_5r,0.2597066068924666
22,breakeven_after_1_0r,0.2597066068924666
22,exit_at_first_0_5r,0.2597066068924666
22,exit_at_first_1_0r,0.2597066068924666
22,trail_0_5r_after_1_0r,0.2597066068924666
22,time_exit_after_4_bars_if_mfe_lt_0_3r,0.2597066068924666
22,partial_50pct_at_1r,0.2597066068924666
23,baseline,0.1777709126189977
23,breakeven_after_0_5r,0.1777709126189977
23,breakeven_after_1_0r,0.1777709126189977
23,exit_at_first_0_5r,0.1777709126189977
23,exit_at_first_1_0r,0.1777709126189977
23,trail_0_5r_after_1_0r,0.1777709126189977
23,time_exit_after_4_bars_if_mfe_lt_0_3r,-0.06332164453621761
23,partial_50pct_at_1r,0.1777709126189977
24,baseline,0.17622626022643842
24,breakeven_after_0_5r,0.17622626022643842
24,breakeven_after_1_0r,0.17622626022643842
24,exit_at_first_0_5r,0.17622626022643842
24,exit_at_first_1_0r,0.17622626022643842
24,trail_0_5r_after_1_0r,0.17622626022643842
24,time_exit_after_4_bars_if_mfe_lt_0_3r,0.17622626022643842
24,partial_50pct_at_1r,0.17622626022643842
25,baseline,0.14447703148435184
25,breakeven_after_0_5r,0.14447703148435184
25,breakeven_after_1_0r,0.14447703148435184
25,exit_at_first_0_5r,0.14447703148435184
25,exit_at_first_1_0r,0.14447703148435184
25,trail_0_5r_after_1_0r,0.14447703148435184
25,time_exit_after_4_bars_if_mfe_lt_0_3r,0.14447703148435184
25,partial_50pct_at_1r,0.14447703148435184
26,baseline,0.24592862578096183
26,breakeven_after_0_5r,0.24592862578096183
26,breakeven_after_1_0r,0.24592862578096183
26,exit_at_first_0_5r,0.24592862578096183
26,exit_at_first_1_0r,0.24592862578096183
26,trail_0_5r_after_1_0r,0.24592862578096183
26,time_exit_after_4_bars_if_mfe_lt_0_3r,0.24592862578096183
26,partial_50pct_at_1r,0.24592862578096183
27,baseline,-0.6065297718002509
27,breakeven_after_0_5r,-0.6065297718002509
27,breakeven_after_1_0r,-0.6065297718002509
27,exit_at_first_0_5r,-0.6065297718002509
27,exit_at_first_1_0r,-0.6065297718002509
27,trail_0_5r_after_1_0r,-0.6065297718002509
27,time_exit_after_4_bars_if_mfe_lt_0_3r,-0.3961863026057769
27,partial_50pct_at_1r,-0.6065297718002509
28,baseline,0.015706967128339328
28,breakeven_after_0_5r,0.015706967128339328
28,breakeven_after_1_0r,0.015706967128339328
28,exit_at_first_0_5r,0.015706967128339328
28,exit_at_first_1_0r,0.015706967128339328
28,trail_0_5r_after_1_0r,0.015706967128339328
28,time_exit_after_4_bars_if_mfe_lt_0_3r,0.06736749785732704
28,partial_50pct_at_1r,0.015706967128339328
29,baseline,0.1483128152787102
29,breakeven_after_0_5r,0.1483128152787102
29,breakeven_after_1_0r,0.1483128152787102
29,exit_at_first_0_5r,0.1483128152787102
29,exit_at_first_1_0r,0.1483128152787102
29,trail_0_5r_after_1_0r,0.1483128152787102
29,time_exit_after_4_bars_if_mfe_lt_0_3r,0.1483128152787102
29,partial_50pct_at_1r,0.1483128152787102
30,baseline,0.2714955961008363
30,breakeven_after_0_5r,0.2714955961008363
30,breakeven_after_1_0r,0.2714955961008363
30,exit_at_first_0_5r,0.2714955961008363
30,exit_at_first_1_0r,0.2714955961008363
30,trail_0_5r_after_1_0r,0.2714955961008363
30,time_exit_after_4_bars_if_mfe_lt_0_3r,0.2714955961008363
30,partial_50pct_at_1r,0.2714955961008363
31,baseline,-1.0523224227528483
31,breakeven_after_0_5r,-1.0523224227528483
31,breakeven_after_1_0r,-1.0523224227528483
31,exit_at_first_0_5r,-1.0523224227528483
31,exit_at_first_1_0r,-1.0523224227528483
31,trail_0_5r_after_1_0r,-1.0523224227528483
31,time_exit_after_4_bars_if_mfe_lt_0_3r,-0.8261181608013263
31,partial_50pct_at_1r,-1.0523224227528483
32,baseline,0.10657001809458584
32,breakeven_after_0_5r,0.10657001809458584
32,breakeven_after_1_0r,0.10657001809458584
32,exit_at_first_0_5r,0.10657001809458584
32,exit_at_first_1_0r,0.10657001809458584
32,trail_0_5r_after_1_0r,0.10657001809458584
32,time_exit_after_4_bars_if_mfe_lt_0_3r,-0.029498966826292407
32,partial_50pct_at_1r,0.10657001809458584
33,baseline,0.3970744142223988
33,breakeven_after_0_5r,0.0
33,breakeven_after_1_0r,0.3970744142223988
33,exit_at_first_0_5r,0.5
33,exit_at_first_1_0r,0.3970744142223988
33,trail_0_5r_after_1_0r,0.3970744142223988
33,time_exit_after_4_bars_if_mfe_lt_0_3r,0.3970744142223988
33,partial_50pct_at_1r,0.3970744142223988
34,baseline,0.28108442909613945
34,breakeven_after_0_5r,0.28108442909613945
34,breakeven_after_1_0r,0.28108442909613945
34,exit_at_first_0_5r,0.5
34,exit_at_first_1_0r,0.28108442909613945
34,trail_0_5r_after_1_0r,0.28108442909613945
34,time_exit_after_4_bars_if_mfe_lt_0_3r,0.28108442909613945
34,partial_50pct_at_1r,0.28108442909613945
35,baseline,0.2087063074082724
35,breakeven_after_0_5r,0.2087063074082724
35,breakeven_after_1_0r,0.2087063074082724
35,exit_at_first_0_5r,0.2087063074082724
35,exit_at_first_1_0r,0.2087063074082724
35,trail_0_5r_after_1_0r,0.2087063074082724
35,time_exit_after_4_bars_if_mfe_lt_0_3r,0.2087063074082724
35,partial_50pct_at_1r,0.2087063074082724
36,baseline,0.123313361510602
36,breakeven_after_0_5r,0.123313361510602
36,breakeven_after_1_0r,0.123313361510602
36,exit_at_first_0_5r,0.123313361510602
36,exit_at_first_1_0r,0.123313361510602
36,trail_0_5r_after_1_0r,0.123313361510602
36,time_exit_after_4_bars_if_mfe_lt_0_3r,0.123313361510602
36,partial_50pct_at_1r,0.123313361510602
37,baseline,0.24336141691121344
37,breakeven_after_0_5r,0.24336141691121344
37,breakeven_after_1_0r,0.24336141691121344
37,exit_at_first_0_5r,0.5
37,exit_at_first_1_0r,0.24336141691121344
37,trail_0_5r_after_1_0r,0.24336141691121344
37,time_exit_after_4_bars_if_mfe_lt_0_3r,0.005566727903434894
37,partial_50pct_at_1r,0.24336141691121344
38,baseline,0.10173610286537375
38,breakeven_after_0_5r,0.10173610286537375
38,breakeven_after_1_0r,0.10173610286537375
38,exit_at_first_0_5r,0.10173610286537375
38,exit_at_first_1_0r,0.10173610286537375
38,trail_0_5r_after_1_0r,0.10173610286537375
38,time_exit_after_4_bars_if_mfe_lt_0_3r,0.010632274406211013
38,partial_50pct_at_1r,0.10173610286537375
39,baseline,0.07707047057901771
39,breakeven_after_0_5r,0.07707047057901771
39,breakeven_after_1_0r,0.07707047057901771
39,exit_at_first_0_5r,0.07707047057901771
39,exit_at_first_1_0r,0.07707047057901771
39,trail_0_5r_after_1_0r,0.07707047057901771
39,time_exit_after_4_bars_if_mfe_lt_0_3r,0.07707047057901771
39,partial_50pct_at_1r,0.07707047057901771
40,baseline,-0.018791664542910928
40,breakeven_after_0_5r,-0.018791664542910928
40,breakeven_after_1_0r,-0.018791664542910928
40,exit_at_first_0_5r,-0.018791664542910928
40,exit_at_first_1_0r,-0.018791664542910928
40,trail_0_5r_after_1_0r,-0.018791664542910928
40,time_exit_after_4_bars_if_mfe_lt_0_3r,-0.5053471414121076
40,partial_50pct_at_1r,-0.018791664542910928
41,baseline,0.24980799954245747
41,breakeven_after_0_5r,0.0
41,breakeven_after_1_0r,0.24980799954245747
41,exit_at_first_0_5r,0.5
41,exit_at_first_1_0r,0.24980799954245747
41,trail_0_5r_after_1_0r,0.24980799954245747
41,time_exit_after_4_bars_if_mfe_lt_0_3r,0.24980799954245747
41,partial_50pct_at_1r,0.24980799954245747
42,baseline,-1.0450963845578916
42,breakeven_after_0_5r,-1.0450963845578916
42,breakeven_after_1_0r,-1.0450963845578916
42,exit_at_first_0_5r,-1.0450963845578916
42,exit_at_first_1_0r,-1.0450963845578916
42,trail_0_5r_after_1_0r,-1.0450963845578916
42,time_exit_after_4_bars_if_mfe_lt_0_3r,-1.0450963845578916
42,partial_50pct_at_1r,-1.0450963845578916
43,baseline,-1.0393549265072404
43,breakeven_after_0_5r,-1.0393549265072404
43,breakeven_after_1_0r,-1.0393549265072404
43,exit_at_first_0_5r,-1.0393549265072404
43,exit_at_first_1_0r,-1.0393549265072404
43,trail_0_5r_after_1_0r,-1.0393549265072404
43,time_exit_after_4_bars_if_mfe_lt_0_3r,-0.15033816082599624
43,partial_50pct_at_1r,-1.0393549265072404
44,baseline,-1.0429855876231524
44,breakeven_after_0_5r,-1.0429855876231524
44,breakeven_after_1_0r,-1.0429855876231524
44,exit_at_first_0_5r,-1.0429855876231524
44,exit_at_first_1_0r,-1.0429855876231524
44,trail_0_5r_after_1_0r,-1.0429855876231524
44,time_exit_after_4_bars_if_mfe_lt_0_3r,-0.2562766742696696
44,partial_50pct_at_1r,-1.0429855876231524
45,baseline,-0.5087837227758442
45,breakeven_after_0_5r,-0.5087837227758442
45,breakeven_after_1_0r,-0.5087837227758442
45,exit_at_first_0_5r,-0.5087837227758442
45,exit_at_first_1_0r,-0.5087837227758442
45,trail_0_5r_after_1_0r,-0.5087837227758442
45,time_exit_after_4_bars_if_mfe_lt_0_3r,-0.35124806675761544
45,partial_50pct_at_1r,-0.5087837227758442
46,baseline,0.13056289022622833
46,breakeven_after_0_5r,0.13056289022622833
46,breakeven_after_1_0r,0.13056289022622833
46,exit_at_first_0_5r,0.13056289022622833
46,exit_at_first_1_0r,0.13056289022622833
46,trail_0_5r_after_1_0r,0.13056289022622833
46,time_exit_after_4_bars_if_mfe_lt_0_3r,0.13056289022622833
46,partial_50pct_at_1r,0.13056289022622833
47,baseline,0.1706293962941818
47,breakeven_after_0_5r,0.1706293962941818
47,breakeven_after_1_0r,0.1706293962941818
47,exit_at_first_0_5r,0.1706293962941818
47,exit_at_first_1_0r,0.1706293962941818
47,trail_0_5r_after_1_0r,0.1706293962941818
47,time_exit_after_4_bars_if_mfe_lt_0_3r,0.1706293962941818
47,partial_50pct_at_1r,0.1706293962941818
48,baseline,0.30750300087713517
48,breakeven_after_0_5r,0.30750300087713517
48,breakeven_after_1_0r,0.30750300087713517
48,exit_at_first_0_5r,0.30750300087713517
48,exit_at_first_1_0r,0.30750300087713517
48,trail_0_5r_after_1_0r,0.30750300087713517
48,time_exit_after_4_bars_if_mfe_lt_0_3r,0.30750300087713517
48,partial_50pct_at_1r,0.30750300087713517
49,baseline,0.2403325220636622
49,breakeven_after_0_5r,0.2403325220636622
49,breakeven_after_1_0r,0.2403325220636622
49,exit_at_first_0_5r,0.2403325220636622
49,exit_at_first_1_0r,0.2403325220636622
49,trail_0_5r_after_1_0r,0.2403325220636622
49,time_exit_after_4_bars_if_mfe_lt_0_3r,0.2403325220636622
49,partial_50pct_at_1r,0.2403325220636622
50,baseline,0.2253516843666279
50,breakeven_after_0_5r,0.2253516843666279
50,breakeven_after_1_0r,0.2253516843666279
50,exit_at_first_0_5r,0.2253516843666279
50,exit_at_first_1_0r,0.2253516843666279
50,trail_0_5r_after_1_0r,0.2253516843666279
50,time_exit_after_4_bars_if_mfe_lt_0_3r,-0.009902876526243776
50,partial_50pct_at_1r,0.2253516843666279
51,baseline,0.29953790022641613
51,breakeven_after_0_5r,0.29953790022641613
51,breakeven_after_1_0r,0.29953790022641613
51,exit_at_first_0_5r,0.29953790022641613
51,exit_at_first_1_0r,0.29953790022641613
51,trail_0_5r_after_1_0r,0.29953790022641613
51,time_exit_after_4_bars_if_mfe_lt_0_3r,0.13089570766963685
51,partial_50pct_at_1r,0.29953790022641613
52,baseline,0.2615703734514076
52,breakeven_after_0_5r,0.2615703734514076
52,breakeven_after_1_0r,0.2615703734514076
52,exit_at_first_0_5r,0.2615703734514076
52,exit_at_first_1_0r,0.2615703734514076
52,trail_0_5r_after_1_0r,0.2615703734514076
52,time_exit_after_4_bars_if_mfe_lt_0_3r,-0.07912931343566613
52,partial_50pct_at_1r,0.2615703734514076
53,baseline,-0.07152642456204683
53,breakeven_after_0_5r,-0.07152642456204683
53,breakeven_after_1_0r,-0.07152642456204683
53,exit_at_first_0_5r,-0.07152642456204683
53,exit_at_first_1_0r,-0.07152642456204683
53,trail_0_5r_after_1_0r,-0.07152642456204683
53,time_exit_after_4_bars_if_mfe_lt_0_3r,-0.10179661422557441
53,partial_50pct_at_1r,-0.07152642456204683
54,baseline,0.3160798116072847
54,breakeven_after_0_5r,0.3160798116072847
54,breakeven_after_1_0r,0.3160798116072847
54,exit_at_first_0_5r,0.3160798116072847
54,exit_at_first_1_0r,0.3160798116072847
54,trail_0_5r_after_1_0r,0.3160798116072847
54,time_exit_after_4_bars_if_mfe_lt_0_3r,0.22724523656788626
54,partial_50pct_at_1r,0.3160798116072847
55,baseline,0.1292633475733762
55,breakeven_after_0_5r,0.1292633475733762
55,breakeven_after_1_0r,0.1292633475733762
55,exit_at_first_0_5r,0.1292633475733762
55,exit_at_first_1_0r,0.1292633475733762
55,trail_0_5r_after_1_0r,0.1292633475733762
55,time_exit_after_4_bars_if_mfe_lt_0_3r,-0.1380841117528148
55,partial_50pct_at_1r,0.1292633475733762
56,baseline,-0.24776952824169143
56,breakeven_after_0_5r,-0.24776952824169143
56,breakeven_after_1_0r,-0.24776952824169143
56,exit_at_first_0_5r,-0.24776952824169143
56,exit_at_first_1_0r,-0.24776952824169143
56,trail_0_5r_after_1_0r,-0.24776952824169143
56,time_exit_after_4_bars_if_mfe_lt_0_3r,-0.39206690293953395
56,partial_50pct_at_1r,-0.24776952824169143
57,baseline,0.14304251673332272
57,breakeven_after_0_5r,0.14304251673332272
57,breakeven_after_1_0r,0.14304251673332272
57,exit_at_first_0_5r,0.14304251673332272
57,exit_at_first_1_0r,0.14304251673332272
57,trail_0_5r_after_1_0r,0.14304251673332272
57,time_exit_after_4_bars_if_mfe_lt_0_3r,0.14304251673332272
57,partial_50pct_at_1r,0.14304251673332272
58,baseline,0.5642619112676922
58,breakeven_after_0_5r,0.5642619112676922
58,breakeven_after_1_0r,0.5642619112676922
58,exit_at_first_0_5r,0.5
58,exit_at_first_1_0r,0.5642619112676922
58,trail_0_5r_after_1_0r,0.5642619112676922
58,time_exit_after_4_bars_if_mfe_lt_0_3r,0.5642619112676922
58,partial_50pct_at_1r,0.5642619112676922
59,baseline,0.136858676362657
59,breakeven_after_0_5r,0.136858676362657
59,breakeven_after_1_0r,0.136858676362657
59,exit_at_first_0_5r,0.136858676362657
59,exit_at_first_1_0r,0.136858676362657
59,trail_0_5r_after_1_0r,0.136858676362657
59,time_exit_after_4_bars_if_mfe_lt_0_3r,-0.3165717846123045
59,partial_50pct_at_1r,0.136858676362657
60,baseline,-1.0369239223348106
60,breakeven_after_0_5r,-1.0369239223348106
60,breakeven_after_1_0r,-1.0369239223348106
60,exit_at_first_0_5r,-1.0369239223348106
60,exit_at_first_1_0r,-1.0369239223348106
60,trail_0_5r_after_1_0r,-1.0369239223348106
60,time_exit_after_4_bars_if_mfe_lt_0_3r,-0.2361573117808011
60,partial_50pct_at_1r,-1.0369239223348106
61,baseline,0.10847658827343866
61,breakeven_after_0_5r,0.10847658827343866
61,breakeven_after_1_0r,0.10847658827343866
61,exit_at_first_0_5r,0.10847658827343866
61,exit_at_first_1_0r,0.10847658827343866
61,trail_0_5r_after_1_0r,0.10847658827343866
61,time_exit_after_4_bars_if_mfe_lt_0_3r,0.12450156194666348
61,partial_50pct_at_1r,0.10847658827343866
62,baseline,0.1062816815596046
62,breakeven_after_0_5r,0.1062816815596046
62,breakeven_after_1_0r,0.1062816815596046
62,exit_at_first_0_5r,0.1062816815596046
62,exit_at_first_1_0r,0.1062816815596046
62,trail_0_5r_after_1_0r,0.1062816815596046
62,time_exit_after_4_bars_if_mfe_lt_0_3r,0.021425591649505596
62,partial_50pct_at_1r,0.1062816815596046
63,baseline,0.13022610222998537
63,breakeven_after_0_5r,0.13022610222998537
63,breakeven_after_1_0r,0.13022610222998537
63,exit_at_first_0_5r,0.13022610222998537
63,exit_at_first_1_0r,0.13022610222998537
63,trail_0_5r_after_1_0r,0.13022610222998537
63,time_exit_after_4_bars_if_mfe_lt_0_3r,-0.5119605085406284
63,partial_50pct_at_1r,0.13022610222998537
64,baseline,0.07693246893902715
64,breakeven_after_0_5r,0.07693246893902715
64,breakeven_after_1_0r,0.07693246893902715
64,exit_at_first_0_5r,0.07693246893902715
64,exit_at_first_1_0r,0.07693246893902715
64,trail_0_5r_after_1_0r,0.07693246893902715
64,time_exit_after_4_bars_if_mfe_lt_0_3r,-0.22041805211785037
64,partial_50pct_at_1r,0.07693246893902715
65,baseline,0.17544771820877988
65,breakeven_after_0_5r,0.17544771820877988
65,breakeven_after_1_0r,0.17544771820877988
65,exit_at_first_0_5r,0.17544771820877988
65,exit_at_first_1_0r,0.17544771820877988
65,trail_0_5r_after_1_0r,0.17544771820877988
65,time_exit_after_4_bars_if_mfe_lt_0_3r,0.17544771820877988
65,partial_50pct_at_1r,0.17544771820877988
66,baseline,0.6573448528696044
66,breakeven_after_0_5r,0.6573448528696044
66,breakeven_after_1_0r,0.6573448528696044
66,exit_at_first_0_5r,0.5
66,exit_at_first_1_0r,0.6573448528696044
66,trail_0_5r_after_1_0r,0.6573448528696044
66,time_exit_after_4_bars_if_mfe_lt_0_3r,0.6573448528696044
66,partial_50pct_at_1r,0.6573448528696044
67,baseline,0.10972398645389385
67,breakeven_after_0_5r,0.10972398645389385
67,breakeven_after_1_0r,0.10972398645389385
67,exit_at_first_0_5r,0.10972398645389385
67,exit_at_first_1_0r,0.10972398645389385
67,trail_0_5r_after_1_0r,0.10972398645389385
67,time_exit_after_4_bars_if_mfe_lt_0_3r,0.10972398645389385
67,partial_50pct_at_1r,0.10972398645389385
68,baseline,0.16207221100017943
68,breakeven_after_0_5r,0.16207221100017943
68,breakeven_after_1_0r,0.16207221100017943
68,exit_at_first_0_5r,0.16207221100017943
68,exit_at_first_1_0r,0.16207221100017943
68,trail_0_5r_after_1_0r,0.16207221100017943
68,time_exit_after_4_bars_if_mfe_lt_0_3r,0.16207221100017943
68,partial_50pct_at_1r,0.16207221100017943
69,baseline,-0.1496074960103901
69,breakeven_after_0_5r,-0.1496074960103901
69,breakeven_after_1_0r,-0.1496074960103901
69,exit_at_first_0_5r,-0.1496074960103901
69,exit_at_first_1_0r,-0.1496074960103901
69,trail_0_5r_after_1_0r,-0.1496074960103901
69,time_exit_after_4_bars_if_mfe_lt_0_3r,0.141777028218528
69,partial_50pct_at_1r,-0.1496074960103901
70,baseline,-1.0361050842750603
70,breakeven_after_0_5r,-1.0361050842750603
70,breakeven_after_1_0r,-1.0361050842750603
70,exit_at_first_0_5r,-1.0361050842750603
70,exit_at_first_1_0r,-1.0361050842750603
70,trail_0_5r_after_1_0r,-1.0361050842750603
70,time_exit_after_4_bars_if_mfe_lt_0_3r,-1.0361050842750603
70,partial_50pct_at_1r,-1.0361050842750603
71,baseline,0.1679429370557647
71,breakeven_after_0_5r,0.1679429370557647
71,breakeven_after_1_0r,0.1679429370557647
71,exit_at_first_0_5r,0.1679429370557647
71,exit_at_first_1_0r,0.1679429370557647
71,trail_0_5r_after_1_0r,0.1679429370557647
71,time_exit_after_4_bars_if_mfe_lt_0_3r,-0.06927434000884461
71,partial_50pct_at_1r,0.1679429370557647
72,baseline,0.08561727293643581
72,breakeven_after_0_5r,0.08561727293643581
72,breakeven_after_1_0r,0.08561727293643581
72,exit_at_first_0_5r,0.08561727293643581
72,exit_at_first_1_0r,0.08561727293643581
72,trail_0_5r_after_1_0r,0.08561727293643581
72,time_exit_after_4_bars_if_mfe_lt_0_3r,0.08561727293643581
72,partial_50pct_at_1r,0.08561727293643581
73,baseline,0.2955362581861231
73,breakeven_after_0_5r,0.2955362581861231
73,breakeven_after_1_0r,0.2955362581861231
73,exit_at_first_0_5r,0.5
73,exit_at_first_1_0r,0.2955362581861231
73,trail_0_5r_after_1_0r,0.2955362581861231
73,time_exit_after_4_bars_if_mfe_lt_0_3r,0.2955362581861231
73,partial_50pct_at_1r,0.2955362581861231
74,baseline,-1.0283345501044234
74,breakeven_after_0_5r,-1.0283345501044234
74,breakeven_after_1_0r,-1.0283345501044234
74,exit_at_first_0_5r,-1.0283345501044234
74,exit_at_first_1_0r,-1.0283345501044234
74,trail_0_5r_after_1_0r,-1.0283345501044234
74,time_exit_after_4_bars_if_mfe_lt_0_3r,-0.3643784057885356
74,partial_50pct_at_1r,-1.0283345501044234
75,baseline,0.4952529143211285
75,breakeven_after_0_5r,0.4952529143211285
75,breakeven_after_1_0r,0.4952529143211285
75,exit_at_first_0_5r,0.5
75,exit_at_first_1_0r,0.4952529143211285
75,trail_0_5r_after_1_0r,0.4952529143211285
75,time_exit_after_4_bars_if_mfe_lt_0_3r,-0.16730558944106144
75,partial_50pct_at_1r,0.4952529143211285
76,baseline,0.6862162190138755
76,breakeven_after_0_5r,0.0
76,breakeven_after_1_0r,0.6862162190138755
76,exit_at_first_0_5r,0.5
76,exit_at_first_1_0r,0.6862162190138755
76,trail_0_5r_after_1_0r,0.6862162190138755
76,time_exit_after_4_bars_if_mfe_lt_0_3r,0.6862162190138755
76,partial_50pct_at_1r,0.6862162190138755
77,baseline,0.5252390433987195
77,breakeven_after_0_5r,0.0
77,breakeven_after_1_0r,0.5252390433987195
77,exit_at_first_0_5r,0.5
77,exit_at_first_1_0r,0.5252390433987195
77,trail_0_5r_after_1_0r,0.5252390433987195
77,time_exit_after_4_bars_if_mfe_lt_0_3r,0.5252390433987195
77,partial_50pct_at_1r,0.5252390433987195
78,baseline,0.790660710017563
78,breakeven_after_0_5r,0.0
78,breakeven_after_1_0r,0.0
78,exit_at_first_0_5r,0.5
78,exit_at_first_1_0r,1.0
78,trail_0_5r_after_1_0r,0.5519481821931935
78,time_exit_after_4_bars_if_mfe_lt_0_3r,-0.0965435161250018
78,partial_50pct_at_1r,0.8953303550087814
79,baseline,0.44746291683565553
79,breakeven_after_0_5r,0.0
79,breakeven_after_1_0r,0.44746291683565553
79,exit_at_first_0_5r,0.5
79,exit_at_first_1_0r,0.44746291683565553
79,trail_0_5r_after_1_0r,0.44746291683565553
79,time_exit_after_4_bars_if_mfe_lt_0_3r,-0.24238985740399552
79,partial_50pct_at_1r,0.44746291683565553
80,baseline,0.5297791218813637
80,breakeven_after_0_5r,0.5297791218813637
80,breakeven_after_1_0r,0.5297791218813637
80,exit_at_first_0_5r,0.5
80,exit_at_first_1_0r,0.5297791218813637
80,trail_0_5r_after_1_0r,0.5297791218813637
80,time_exit_after_4_bars_if_mfe_lt_0_3r,0.5297791218813637
80,partial_50pct_at_1r,0.5297791218813637
81,baseline,-1.0139647266937473
81,breakeven_after_0_5r,-1.0139647266937473
81,breakeven_after_1_0r,-1.0139647266937473
81,exit_at_first_0_5r,-1.0139647266937473
81,exit_at_first_1_0r,-1.0139647266937473
81,trail_0_5r_after_1_0r,-1.0139647266937473
81,time_exit_after_4_bars_if_mfe_lt_0_3r,-0.6347920995079718
81,partial_50pct_at_1r,-1.0139647266937473
82,baseline,0.25331277451701056
82,breakeven_after_0_5r,0.25331277451701056
82,breakeven_after_1_0r,0.25331277451701056
82,exit_at_first_0_5r,0.25331277451701056
82,exit_at_first_1_0r,0.25331277451701056
82,trail_0_5r_after_1_0r,0.25331277451701056
82,time_exit_after_4_bars_if_mfe_lt_0_3r,0.25331277451701056
82,partial_50pct_at_1r,0.25331277451701056
83,baseline,0.037456306712338655
83,breakeven_after_0_5r,0.037456306712338655
83,breakeven_after_1_0r,0.037456306712338655
83,exit_at_first_0_5r,0.037456306712338655
83,exit_at_first_1_0r,0.037456306712338655
83,trail_0_5r_after_1_0r,0.037456306712338655
83,time_exit_after_4_bars_if_mfe_lt_0_3r,0.037456306712338655
83,partial_50pct_at_1r,0.037456306712338655
84,baseline,-0.26436180333731835
84,breakeven_after_0_5r,-0.26436180333731835
84,breakeven_after_1_0r,-0.26436180333731835
84,exit_at_first_0_5r,-0.26436180333731835
84,exit_at_first_1_0r,-0.26436180333731835
84,trail_0_5r_after_1_0r,-0.26436180333731835
84,time_exit_after_4_bars_if_mfe_lt_0_3r,-0.35015553753248735
84,partial_50pct_at_1r,-0.26436180333731835
85,baseline,0.21065267458263948
85,breakeven_after_0_5r,0.21065267458263948
85,breakeven_after_1_0r,0.21065267458263948
85,exit_at_first_0_5r,0.21065267458263948
85,exit_at_first_1_0r,0.21065267458263948
85,trail_0_5r_after_1_0r,0.21065267458263948
85,time_exit_after_4_bars_if_mfe_lt_0_3r,0.21065267458263948
85,partial_50pct_at_1r,0.21065267458263948
86,baseline,-0.3132450921232719
86,breakeven_after_0_5r,-0.3132450921232719
86,breakeven_after_1_0r,-0.3132450921232719
86,exit_at_first_0_5r,-0.3132450921232719
86,exit_at_first_1_0r,-0.3132450921232719
86,trail_0_5r_after_1_0r,-0.3132450921232719
86,time_exit_after_4_bars_if_mfe_lt_0_3r,-0.3764721607478111
86,partial_50pct_at_1r,-0.3132450921232719
87,baseline,0.2173408227337356
87,breakeven_after_0_5r,0.2173408227337356
87,breakeven_after_1_0r,0.2173408227337356
87,exit_at_first_0_5r,0.2173408227337356
87,exit_at_first_1_0r,0.2173408227337356
87,trail_0_5r_after_1_0r,0.2173408227337356
87,time_exit_after_4_bars_if_mfe_lt_0_3r,-0.2321964816904669
87,partial_50pct_at_1r,0.2173408227337356
88,baseline,0.2898020929373195
88,breakeven_after_0_5r,0.2898020929373195
88,breakeven_after_1_0r,0.2898020929373195
88,exit_at_first_0_5r,0.5
88,exit_at_first_1_0r,0.2898020929373195
88,trail_0_5r_after_1_0r,0.2898020929373195
88,time_exit_after_4_bars_if_mfe_lt_0_3r,0.11594405119039712
88,partial_50pct_at_1r,0.2898020929373195
89,baseline,-1.030710935711023
89,breakeven_after_0_5r,-1.030710935711023
89,breakeven_after_1_0r,-1.030710935711023
89,exit_at_first_0_5r,-1.030710935711023
89,exit_at_first_1_0r,-1.030710935711023
89,trail_0_5r_after_1_0r,-1.030710935711023
89,time_exit_after_4_bars_if_mfe_lt_0_3r,-0.6748974387255313
89,partial_50pct_at_1r,-1.030710935711023
90,baseline,0.05729068352424674
90,breakeven_after_0_5r,0.05729068352424674
90,breakeven_after_1_0r,0.05729068352424674
90,exit_at_first_0_5r,0.05729068352424674
90,exit_at_first_1_0r,0.05729068352424674
90,trail_0_5r_after_1_0r,0.05729068352424674
90,time_exit_after_4_bars_if_mfe_lt_0_3r,0.07839643367467962
90,partial_50pct_at_1r,0.05729068352424674
91,baseline,0.3242548741383186
91,breakeven_after_0_5r,0.3242548741383186
91,breakeven_after_1_0r,0.3242548741383186
91,exit_at_first_0_5r,0.5
91,exit_at_first_1_0r,0.3242548741383186
91,trail_0_5r_after_1_0r,0.3242548741383186
91,time_exit_after_4_bars_if_mfe_lt_0_3r,-0.19398051695446752
91,partial_50pct_at_1r,0.3242548741383186
92,baseline,0.19748650524450193
92,breakeven_after_0_5r,0.19748650524450193
92,breakeven_after_1_0r,0.19748650524450193
92,exit_at_first_0_5r,0.19748650524450193
92,exit_at_first_1_0r,0.19748650524450193
92,trail_0_5r_after_1_0r,0.19748650524450193
92,time_exit_after_4_bars_if_mfe_lt_0_3r,0.19748650524450193
92,partial_50pct_at_1r,0.19748650524450193
93,baseline,0.1119029501293178
93,breakeven_after_0_5r,0.1119029501293178
93,breakeven_after_1_0r,0.1119029501293178
93,exit_at_first_0_5r,0.1119029501293178
93,exit_at_first_1_0r,0.1119029501293178
93,trail_0_5r_after_1_0r,0.1119029501293178
93,time_exit_after_4_bars_if_mfe_lt_0_3r,-0.1288650443640249
93,partial_50pct_at_1r,0.1119029501293178
94,baseline,0.20468751439894456
94,breakeven_after_0_5r,0.20468751439894456
94,breakeven_after_1_0r,0.20468751439894456
94,exit_at_first_0_5r,0.20468751439894456
94,exit_at_first_1_0r,0.20468751439894456
94,trail_0_5r_after_1_0r,0.20468751439894456
94,time_exit_after_4_bars_if_mfe_lt_0_3r,0.20468751439894456
94,partial_50pct_at_1r,0.20468751439894456
95,baseline,0.4129226314153931
95,breakeven_after_0_5r,0.4129226314153931
95,breakeven_after_1_0r,0.4129226314153931
95,exit_at_first_0_5r,0.5
95,exit_at_first_1_0r,0.4129226314153931
95,trail_0_5r_after_1_0r,0.4129226314153931
95,time_exit_after_4_bars_if_mfe_lt_0_3r,0.4129226314153931
95,partial_50pct_at_1r,0.4129226314153931
96,baseline,0.475344560855548
96,breakeven_after_0_5r,0.0
96,breakeven_after_1_0r,0.475344560855548
96,exit_at_first_0_5r,0.5
96,exit_at_first_1_0r,0.475344560855548
96,trail_0_5r_after_1_0r,0.475344560855548
96,time_exit_after_4_bars_if_mfe_lt_0_3r,-0.4419211596315974
96,partial_50pct_at_1r,0.475344560855548
97,baseline,0.23269669401242404
97,breakeven_after_0_5r,0.23269669401242404
97,breakeven_after_1_0r,0.23269669401242404
97,exit_at_first_0_5r,0.23269669401242404
97,exit_at_first_1_0r,0.23269669401242404
97,trail_0_5r_after_1_0r,0.23269669401242404
97,time_exit_after_4_bars_if_mfe_lt_0_3r,0.23269669401242404
97,partial_50pct_at_1r,0.23269669401242404
98,baseline,-1.0293922175658654
98,breakeven_after_0_5r,-1.0293922175658654
98,breakeven_after_1_0r,-1.0293922175658654
98,exit_at_first_0_5r,-1.0293922175658654
98,exit_at_first_1_0r,-1.0293922175658654
98,trail_0_5r_after_1_0r,-1.0293922175658654
98,time_exit_after_4_bars_if_mfe_lt_0_3r,-0.08661908407665733
98,partial_50pct_at_1r,-1.0293922175658654
99,baseline,0.11094897751679397
99,breakeven_after_0_5r,0.11094897751679397
99,breakeven_after_1_0r,0.11094897751679397
99,exit_at_first_0_5r,0.11094897751679397
99,exit_at_first_1_0r,0.11094897751679397
99,trail_0_5r_after_1_0r,0.11094897751679397
99,time_exit_after_4_bars_if_mfe_lt_0_3r,0.03066495493962586
99,partial_50pct_at_1r,0.11094897751679397
100,baseline,-1.033414096771425
100,breakeven_after_0_5r,-1.033414096771425
100,breakeven_after_1_0r,-1.033414096771425
100,exit_at_first_0_5r,-1.033414096771425
100,exit_at_first_1_0r,-1.033414096771425
100,trail_0_5r_after_1_0r,-1.033414096771425
100,time_exit_after_4_bars_if_mfe_lt_0_3r,-0.6355100344872491
100,partial_50pct_at_1r,-1.033414096771425
101,baseline,0.45802643308394403
101,breakeven_after_0_5r,0.0
101,breakeven_after_1_0r,0.45802643308394403
101,exit_at_first_0_5r,0.5
101,exit_at_first_1_0r,0.45802643308394403
101,trail_0_5r_after_1_0r,0.45802643308394403
101,time_exit_after_4_bars_if_mfe_lt_0_3r,-0.3572889058260416
101,partial_50pct_at_1r,0.45802643308394403
102,baseline,-1.0317736655656362
102,breakeven_after_0_5r,-1.0317736655656362
102,breakeven_after_1_0r,-1.0317736655656362
102,exit_at_first_0_5r,-1.0317736655656362
102,exit_at_first_1_0r,-1.0317736655656362
102,trail_0_5r_after_1_0r,-1.0317736655656362
102,time_exit_after_4_bars_if_mfe_lt_0_3r,0.07468569753409626
102,partial_50pct_at_1r,-1.0317736655656362
103,baseline,2.05137253219246
103,breakeven_after_0_5r,0.0
103,breakeven_after_1_0r,0.0
103,exit_at_first_0_5r,0.5
103,exit_at_first_1_0r,1.0
103,trail_0_5r_after_1_0r,2.246132074721486
103,time_exit_after_4_bars_if_mfe_lt_0_3r,2.05137253219246
103,partial_50pct_at_1r,1.52568626609623
104,baseline,0.5704124375777467
104,breakeven_after_0_5r,0.5704124375777467
104,breakeven_after_1_0r,0.5704124375777467
104,exit_at_first_0_5r,0.5
104,exit_at_first_1_0r,1.0
104,trail_0_5r_after_1_0r,0.9233305245401355
104,time_exit_after_4_bars_if_mfe_lt_0_3r,0.5704124375777467
104,partial_50pct_at_1r,0.7852062187888733
105,baseline,0.5158107680188756
105,breakeven_after_0_5r,0.5158107680188756
105,breakeven_after_1_0r,0.5158107680188756
105,exit_at_first_0_5r,0.5
105,exit_at_first_1_0r,0.5158107680188756
105,trail_0_5r_after_1_0r,0.5158107680188756
105,time_exit_after_4_bars_if_mfe_lt_0_3r,0.5158107680188756
105,partial_50pct_at_1r,0.5158107680188756
106,baseline,0.13326181314822663
106,breakeven_after_0_5r,0.13326181314822663
106,breakeven_after_1_0r,0.13326181314822663
106,exit_at_first_0_5r,0.13326181314822663
106,exit_at_first_1_0r,0.13326181314822663
106,trail_0_5r_after_1_0r,0.13326181314822663
106,time_exit_after_4_bars_if_mfe_lt_0_3r,0.13326181314822663
106,partial_50pct_at_1r,0.13326181314822663
107,baseline,0.15685490060913523
107,breakeven_after_0_5r,0.15685490060913523
107,breakeven_after_1_0r,0.15685490060913523
107,exit_at_first_0_5r,0.15685490060913523
107,exit_at_first_1_0r,0.15685490060913523
107,trail_0_5r_after_1_0r,0.15685490060913523
107,time_exit_after_4_bars_if_mfe_lt_0_3r,0.15685490060913523
107,partial_50pct_at_1r,0.15685490060913523
108,baseline,0.14658851740286064
108,breakeven_after_0_5r,0.14658851740286064
108,breakeven_after_1_0r,0.14658851740286064
108,exit_at_first_0_5r,0.14658851740286064
108,exit_at_first_1_0r,0.14658851740286064
108,trail_0_5r_after_1_0r,0.14658851740286064
108,time_exit_after_4_bars_if_mfe_lt_0_3r,0.06979810104678244
108,partial_50pct_at_1r,0.14658851740286064
109,baseline,0.15140181059062566
109,breakeven_after_0_5r,0.15140181059062566
109,breakeven_after_1_0r,0.15140181059062566
109,exit_at_first_0_5r,0.15140181059062566
109,exit_at_first_1_0r,0.15140181059062566
109,trail_0_5r_after_1_0r,0.15140181059062566
109,time_exit_after_4_bars_if_mfe_lt_0_3r,0.0
109,partial_50pct_at_1r,0.15140181059062566
110,baseline,0.4559288061327775
110,breakeven_after_0_5r,0.4559288061327775
110,breakeven_after_1_0r,0.4559288061327775
110,exit_at_first_0_5r,0.5
110,exit_at_first_1_0r,0.4559288061327775
110,trail_0_5r_after_1_0r,0.4559288061327775
110,time_exit_after_4_bars_if_mfe_lt_0_3r,-0.059048839926419995
110,partial_50pct_at_1r,0.4559288061327775
111,baseline,0.17083604688746587
111,breakeven_after_0_5r,0.17083604688746587
111,breakeven_after_1_0r,0.17083604688746587
111,exit_at_first_0_5r,0.17083604688746587
111,exit_at_first_1_0r,0.17083604688746587
111,trail_0_5r_after_1_0r,0.17083604688746587
111,time_exit_after_4_bars_if_mfe_lt_0_3r,0.17083604688746587
111,partial_50pct_at_1r,0.17083604688746587
112,baseline,0.28530752126053677
112,breakeven_after_0_5r,0.28530752126053677
112,breakeven_after_1_0r,0.28530752126053677
112,exit_at_first_0_5r,0.5
112,exit_at_first_1_0r,0.28530752126053677
112,trail_0_5r_after_1_0r,0.28530752126053677
112,time_exit_after_4_bars_if_mfe_lt_0_3r,0.28530752126053677
112,partial_50pct_at_1r,0.28530752126053677
113,baseline,0.13540832021584367
113,breakeven_after_0_5r,0.13540832021584367
113,breakeven_after_1_0r,0.13540832021584367
113,exit_at_first_0_5r,0.13540832021584367
113,exit_at_first_1_0r,0.13540832021584367
113,trail_0_5r_after_1_0r,0.13540832021584367
113,time_exit_after_4_bars_if_mfe_lt_0_3r,0.13540832021584367
113,partial_50pct_at_1r,0.13540832021584367
114,baseline,0.049141277083508565
114,breakeven_after_0_5r,0.0
114,breakeven_after_1_0r,0.049141277083508565
114,exit_at_first_0_5r,0.5
114,exit_at_first_1_0r,0.049141277083508565
114,trail_0_5r_after_1_0r,0.049141277083508565
114,time_exit_after_4_bars_if_mfe_lt_0_3r,0.049141277083508565
114,partial_50pct_at_1r,0.049141277083508565
115,baseline,0.6548242033397135
115,breakeven_after_0_5r,0.0
115,breakeven_after_1_0r,0.6548242033397135
115,exit_at_first_0_5r,0.5
115,exit_at_first_1_0r,0.6548242033397135
115,trail_0_5r_after_1_0r,0.6548242033397135
115,time_exit_after_4_bars_if_mfe_lt_0_3r,0.6548242033397135
115,partial_50pct_at_1r,0.6548242033397135
116,baseline,0.10192117049694029
116,breakeven_after_0_5r,0.10192117049694029
116,breakeven_after_1_0r,0.10192117049694029
116,exit_at_first_0_5r,0.10192117049694029
116,exit_at_first_1_0r,0.10192117049694029
116,trail_0_5r_after_1_0r,0.10192117049694029
116,time_exit_after_4_bars_if_mfe_lt_0_3r,0.10192117049694029
116,partial_50pct_at_1r,0.10192117049694029
117,baseline,-1.0220660433635758
117,breakeven_after_0_5r,-1.0220660433635758
117,breakeven_after_1_0r,-1.0220660433635758
117,exit_at_first_0_5r,-1.0220660433635758
117,exit_at_first_1_0r,-1.0220660433635758
117,trail_0_5r_after_1_0r,-1.0220660433635758
117,time_exit_after_4_bars_if_mfe_lt_0_3r,-0.4596703514108785
117,partial_50pct_at_1r,-1.0220660433635758
118,baseline,0.06379622692274639
118,breakeven_after_0_5r,0.06379622692274639
118,breakeven_after_1_0r,0.06379622692274639
118,exit_at_first_0_5r,0.06379622692274639
118,exit_at_first_1_0r,0.06379622692274639
118,trail_0_5r_after_1_0r,0.06379622692274639
118,time_exit_after_4_bars_if_mfe_lt_0_3r,0.06379622692274639
118,partial_50pct_at_1r,0.06379622692274639
119,baseline,0.21243633776315152
119,breakeven_after_0_5r,0.21243633776315152
119,breakeven_after_1_0r,0.21243633776315152
119,exit_at_first_0_5r,0.21243633776315152
119,exit_at_first_1_0r,0.21243633776315152
119,trail_0_5r_after_1_0r,0.21243633776315152
119,time_exit_after_4_bars_if_mfe_lt_0_3r,0.21243633776315152
119,partial_50pct_at_1r,0.21243633776315152
120,baseline,-1.0242864904142557
120,breakeven_after_0_5r,-1.0242864904142557
120,breakeven_after_1_0r,-1.0242864904142557
120,exit_at_first_0_5r,-1.0242864904142557
120,exit_at_first_1_0r,-1.0242864904142557
120,trail_0_5r_after_1_0r,-1.0242864904142557
120,time_exit_after_4_bars_if_mfe_lt_0_3r,-0.795275776924679
120,partial_50pct_at_1r,-1.0242864904142557
121,baseline,0.4377426343531305
121,breakeven_after_0_5r,0.0
121,breakeven_after_1_0r,0.4377426343531305
121,exit_at_first_0_5r,0.5
121,exit_at_first_1_0r,0.4377426343531305
121,trail_0_5r_after_1_0r,0.4377426343531305
121,time_exit_after_4_bars_if_mfe_lt_0_3r,0.4377426343531305
121,partial_50pct_at_1r,0.4377426343531305
122,baseline,0.24329018760140897
122,breakeven_after_0_5r,0.24329018760140897
122,breakeven_after_1_0r,0.24329018760140897
122,exit_at_first_0_5r,0.24329018760140897
122,exit_at_first_1_0r,0.24329018760140897
122,trail_0_5r_after_1_0r,0.24329018760140897
122,time_exit_after_4_bars_if_mfe_lt_0_3r,0.24329018760140897
122,partial_50pct_at_1r,0.24329018760140897
123,baseline,0.19147052488935454
123,breakeven_after_0_5r,0.19147052488935454
123,breakeven_after_1_0r,0.19147052488935454
123,exit_at_first_0_5r,0.19147052488935454
123,exit_at_first_1_0r,0.19147052488935454
123,trail_0_5r_after_1_0r,0.19147052488935454
123,time_exit_after_4_bars_if_mfe_lt_0_3r,0.19147052488935454
123,partial_50pct_at_1r,0.19147052488935454
124,baseline,0.20103734412301427
124,breakeven_after_0_5r,0.20103734412301427
124,breakeven_after_1_0r,0.20103734412301427
124,exit_at_first_0_5r,0.20103734412301427
124,exit_at_first_1_0r,0.20103734412301427
124,trail_0_5r_after_1_0r,0.20103734412301427
124,time_exit_after_4_bars_if_mfe_lt_0_3r,0.20103734412301427
124,partial_50pct_at_1r,0.20103734412301427
125,baseline,0.2898412478576204
125,breakeven_after_0_5r,0.0
125,breakeven_after_1_0r,0.2898412478576204
125,exit_at_first_0_5r,0.5
125,exit_at_first_1_0r,0.2898412478576204
125,trail_0_5r_after_1_0r,0.2898412478576204
125,time_exit_after_4_bars_if_mfe_lt_0_3r,-0.35098569216294334
125,partial_50pct_at_1r,0.2898412478576204
126,baseline,1.054910681564301
126,breakeven_after_0_5r,0.0
126,breakeven_after_1_0r,1.054910681564301
126,exit_at_first_0_5r,0.5
126,exit_at_first_1_0r,1.0
126,trail_0_5r_after_1_0r,0.9395511980621833
126,time_exit_after_4_bars_if_mfe_lt_0_3r,-0.3996408018080758
126,partial_50pct_at_1r,1.0274553407821505
127,baseline,0.1194492458109349
127,breakeven_after_0_5r,0.1194492458109349
127,breakeven_after_1_0r,0.1194492458109349
127,exit_at_first_0_5r,0.1194492458109349
127,exit_at_first_1_0r,0.1194492458109349
127,trail_0_5r_after_1_0r,0.1194492458109349
127,time_exit_after_4_bars_if_mfe_lt_0_3r,0.1194492458109349
127,partial_50pct_at_1r,0.1194492458109349
128,baseline,0.26102095626579075
128,breakeven_after_0_5r,0.26102095626579075
128,breakeven_after_1_0r,0.26102095626579075
128,exit_at_first_0_5r,0.5
128,exit_at_first_1_0r,0.26102095626579075
128,trail_0_5r_after_1_0r,0.26102095626579075
128,time_exit_after_4_bars_if_mfe_lt_0_3r,0.26102095626579075
128,partial_50pct_at_1r,0.26102095626579075
129,baseline,0.09464185356797299
129,breakeven_after_0_5r,0.09464185356797299
129,breakeven_after_1_0r,0.09464185356797299
129,exit_at_first_0_5r,0.09464185356797299
129,exit_at_first_1_0r,0.09464185356797299
129,trail_0_5r_after_1_0r,0.09464185356797299
129,time_exit_after_4_bars_if_mfe_lt_0_3r,0.12064351673611794
129,partial_50pct_at_1r,0.09464185356797299
130,baseline,0.15540440240499537
130,breakeven_after_0_5r,0.15540440240499537
130,breakeven_after_1_0r,0.15540440240499537
130,exit_at_first_0_5r,0.15540440240499537
130,exit_at_first_1_0r,0.15540440240499537
130,trail_0_5r_after_1_0r,0.15540440240499537
130,time_exit_after_4_bars_if_mfe_lt_0_3r,0.15540440240499537
130,partial_50pct_at_1r,0.15540440240499537
131,baseline,0.22508457495864206
131,breakeven_after_0_5r,0.22508457495864206
131,breakeven_after_1_0r,0.22508457495864206
131,exit_at_first_0_5r,0.22508457495864206
131,exit_at_first_1_0r,0.22508457495864206
131,trail_0_5r_after_1_0r,0.22508457495864206
131,time_exit_after_4_bars_if_mfe_lt_0_3r,0.22508457495864206
131,partial_50pct_at_1r,0.22508457495864206
132,baseline,0.32846461309746827
132,breakeven_after_0_5r,0.32846461309746827
132,breakeven_after_1_0r,0.32846461309746827
132,exit_at_first_0_5r,0.5
132,exit_at_first_1_0r,0.32846461309746827
132,trail_0_5r_after_1_0r,0.32846461309746827
132,time_exit_after_4_bars_if_mfe_lt_0_3r,0.32846461309746827
132,partial_50pct_at_1r,0.32846461309746827
133,baseline,0.30577057373340605
133,breakeven_after_0_5r,0.30577057373340605
133,breakeven_after_1_0r,0.30577057373340605
133,exit_at_first_0_5r,0.30577057373340605
133,exit_at_first_1_0r,0.30577057373340605
133,trail_0_5r_after_1_0r,0.30577057373340605
133,time_exit_after_4_bars_if_mfe_lt_0_3r,0.15704024572063208
133,partial_50pct_at_1r,0.30577057373340605
134,baseline,0.6102853779689427
134,breakeven_after_0_5r,0.6102853779689427
134,breakeven_after_1_0r,0.6102853779689427
134,exit_at_first_0_5r,0.5
134,exit_at_first_1_0r,0.6102853779689427
134,trail_0_5r_after_1_0r,0.6102853779689427
134,time_exit_after_4_bars_if_mfe_lt_0_3r,0.6102853779689427
134,partial_50pct_at_1r,0.6102853779689427
135,baseline,-0.10686729912043295
135,breakeven_after_0_5r,-0.10686729912043295
135,breakeven_after_1_0r,-0.10686729912043295
135,exit_at_first_0_5r,-0.10686729912043295
135,exit_at_first_1_0r,-0.10686729912043295
135,trail_0_5r_after_1_0r,-0.10686729912043295
135,time_exit_after_4_bars_if_mfe_lt_0_3r,-0.6078143294792354
135,partial_50pct_at_1r,-0.10686729912043295
136,baseline,0.07652234898941143
136,breakeven_after_0_5r,0.07652234898941143
136,breakeven_after_1_0r,0.07652234898941143
136,exit_at_first_0_5r,0.07652234898941143
136,exit_at_first_1_0r,0.07652234898941143
136,trail_0_5r_after_1_0r,0.07652234898941143
136,time_exit_after_4_bars_if_mfe_lt_0_3r,-0.3293186749031908
136,partial_50pct_at_1r,0.07652234898941143
137,baseline,0.15949045492973637
137,breakeven_after_0_5r,0.15949045492973637
137,breakeven_after_1_0r,0.15949045492973637
137,exit_at_first_0_5r,0.15949045492973637
137,exit_at_first_1_0r,0.15949045492973637
137,trail_0_5r_after_1_0r,0.15949045492973637
137,time_exit_after_4_bars_if_mfe_lt_0_3r,-0.5193853276127203
137,partial_50pct_at_1r,0.15949045492973637
138,baseline,0.4184243449174479
138,breakeven_after_0_5r,0.4184243449174479
138,breakeven_after_1_0r,0.4184243449174479
138,exit_at_first_0_5r,0.5
138,exit_at_first_1_0r,0.4184243449174479
138,trail_0_5r_after_1_0r,0.4184243449174479
138,time_exit_after_4_bars_if_mfe_lt_0_3r,-0.05109137378155665
138,partial_50pct_at_1r,0.4184243449174479
139,baseline,0.20902077771988634
139,breakeven_after_0_5r,0.20902077771988634
139,breakeven_after_1_0r,0.20902077771988634
139,exit_at_first_0_5r,0.20902077771988634
139,exit_at_first_1_0r,0.20902077771988634
139,trail_0_5r_after_1_0r,0.20902077771988634
139,time_exit_after_4_bars_if_mfe_lt_0_3r,0.06925515081164849
139,partial_50pct_at_1r,0.20902077771988634
140,baseline,0.2293056915803112
140,breakeven_after_0_5r,0.2293056915803112
140,breakeven_after_1_0r,0.2293056915803112
140,exit_at_first_0_5r,0.2293056915803112
140,exit_at_first_1_0r,0.2293056915803112
140,trail_0_5r_after_1_0r,0.2293056915803112
140,time_exit_after_4_bars_if_mfe_lt_0_3r,0.2293056915803112
140,partial_50pct_at_1r,0.2293056915803112
141,baseline,-0.4068494328523843
141,breakeven_after_0_5r,-0.4068494328523843
141,breakeven_after_1_0r,-0.4068494328523843
141,exit_at_first_0_5r,-0.4068494328523843
141,exit_at_first_1_0r,-0.4068494328523843
141,trail_0_5r_after_1_0r,-0.4068494328523843
141,time_exit_after_4_bars_if_mfe_lt_0_3r,-0.1707272474110818
141,partial_50pct_at_1r,-0.4068494328523843
142,baseline,0.26883846721340954
142,breakeven_after_0_5r,0.26883846721340954
142,breakeven_after_1_0r,0.26883846721340954
142,exit_at_first_0_5r,0.5
142,exit_at_first_1_0r,0.26883846721340954
142,trail_0_5r_after_1_0r,0.26883846721340954
142,time_exit_after_4_bars_if_mfe_lt_0_3r,0.26883846721340954
142,partial_50pct_at_1r,0.26883846721340954
143,baseline,0.07918309478027763
143,breakeven_after_0_5r,0.07918309478027763
143,breakeven_after_1_0r,0.07918309478027763
143,exit_at_first_0_5r,0.07918309478027763
143,exit_at_first_1_0r,0.07918309478027763
143,trail_0_5r_after_1_0r,0.07918309478027763
143,time_exit_after_4_bars_if_mfe_lt_0_3r,-0.01914800274592272
143,partial_50pct_at_1r,0.07918309478027763
144,baseline,-0.5615452235577665
144,breakeven_after_0_5r,-0.5615452235577665
144,breakeven_after_1_0r,-0.5615452235577665
144,exit_at_first_0_5r,-0.5615452235577665
144,exit_at_first_1_0r,-0.5615452235577665
144,trail_0_5r_after_1_0r,-0.5615452235577665
144,time_exit_after_4_bars_if_mfe_lt_0_3r,-0.3034623766546362
144,partial_50pct_at_1r,-0.5615452235577665
145,baseline,0.5038821875123889
145,breakeven_after_0_5r,0.5038821875123889
145,breakeven_after_1_0r,0.5038821875123889
145,exit_at_first_0_5r,0.5
145,exit_at_first_1_0r,1.0
145,trail_0_5r_after_1_0r,0.5291433705957904
145,time_exit_after_4_bars_if_mfe_lt_0_3r,0.5038821875123889
145,partial_50pct_at_1r,0.7519410937561944
146,baseline,0.09594185640867602
146,breakeven_after_0_5r,0.09594185640867602
146,breakeven_after_1_0r,0.09594185640867602
146,exit_at_first_0_5r,0.09594185640867602
146,exit_at_first_1_0r,0.09594185640867602
146,trail_0_5r_after_1_0r,0.09594185640867602
146,time_exit_after_4_bars_if_mfe_lt_0_3r,0.09594185640867602
146,partial_50pct_at_1r,0.09594185640867602
147,baseline,0.12851739290516995
147,breakeven_after_0_5r,0.12851739290516995
147,breakeven_after_1_0r,0.12851739290516995
147,exit_at_first_0_5r,0.12851739290516995
147,exit_at_first_1_0r,0.12851739290516995
147,trail_0_5r_after_1_0r,0.12851739290516995
147,time_exit_after_4_bars_if_mfe_lt_0_3r,0.1404347419285294
147,partial_50pct_at_1r,0.12851739290516995
148,baseline,0.13564499367551716
148,breakeven_after_0_5r,0.13564499367551716
148,breakeven_after_1_0r,0.13564499367551716
148,exit_at_first_0_5r,0.5
148,exit_at_first_1_0r,0.13564499367551716
148,trail_0_5r_after_1_0r,0.13564499367551716
148,time_exit_after_4_bars_if_mfe_lt_0_3r,0.13564499367551716
148,partial_50pct_at_1r,0.13564499367551716
149,baseline,0.7303411593812288
149,breakeven_after_0_5r,0.7303411593812288
149,breakeven_after_1_0r,0.7303411593812288
149,exit_at_first_0_5r,0.5
149,exit_at_first_1_0r,0.7303411593812288
149,trail_0_5r_after_1_0r,0.7303411593812288
149,time_exit_after_4_bars_if_mfe_lt_0_3r,0.7303411593812288
149,partial_50pct_at_1r,0.7303411593812288
150,baseline,-0.5865996063846971
150,breakeven_after_0_5r,-0.5865996063846971
150,breakeven_after_1_0r,-0.5865996063846971
150,exit_at_first_0_5r,-0.5865996063846971
150,exit_at_first_1_0r,-0.5865996063846971
150,trail_0_5r_after_1_0r,-0.5865996063846971
150,time_exit_after_4_bars_if_mfe_lt_0_3r,-0.5865996063846971
150,partial_50pct_at_1r,-0.5865996063846971
151,baseline,-1.027966854278417
151,breakeven_after_0_5r,-1.027966854278417
151,breakeven_after_1_0r,-1.027966854278417
151,exit_at_first_0_5r,-1.027966854278417
151,exit_at_first_1_0r,-1.027966854278417
151,trail_0_5r_after_1_0r,-1.027966854278417
151,time_exit_after_4_bars_if_mfe_lt_0_3r,-0.5285072202866744
151,partial_50pct_at_1r,-1.027966854278417
152,baseline,0.48197776473108495
152,breakeven_after_0_5r,0.48197776473108495
152,breakeven_after_1_0r,0.48197776473108495
152,exit_at_first_0_5r,0.5
152,exit_at_first_1_0r,0.48197776473108495
152,trail_0_5r_after_1_0r,0.48197776473108495
152,time_exit_after_4_bars_if_mfe_lt_0_3r,0.48197776473108495
152,partial_50pct_at_1r,0.48197776473108495
153,baseline,0.03171537209350928
153,breakeven_after_0_5r,0.03171537209350928
153,breakeven_after_1_0r,0.03171537209350928
153,exit_at_first_0_5r,0.03171537209350928
153,exit_at_first_1_0r,0.03171537209350928
153,trail_0_5r_after_1_0r,0.03171537209350928
153,time_exit_after_4_bars_if_mfe_lt_0_3r,0.03171537209350928
153,partial_50pct_at_1r,0.03171537209350928
154,baseline,0.19179227075575786
154,breakeven_after_0_5r,0.19179227075575786
154,breakeven_after_1_0r,0.19179227075575786
154,exit_at_first_0_5r,0.19179227075575786
154,exit_at_first_1_0r,0.19179227075575786
154,trail_0_5r_after_1_0r,0.19179227075575786
154,time_exit_after_4_bars_if_mfe_lt_0_3r,0.19179227075575786
154,partial_50pct_at_1r,0.19179227075575786
155,baseline,0.31576427823623315
155,breakeven_after_0_5r,0.31576427823623315
155,breakeven_after_1_0r,0.31576427823623315
155,exit_at_first_0_5r,0.5
155,exit_at_first_1_0r,0.31576427823623315
155,trail_0_5r_after_1_0r,0.31576427823623315
155,time_exit_after_4_bars_if_mfe_lt_0_3r,-0.2834005944117197
155,partial_50pct_at_1r,0.31576427823623315
156,baseline,0.0953508063963375
156,breakeven_after_0_5r,0.0953508063963375
156,breakeven_after_1_0r,0.0953508063963375
156,exit_at_first_0_5r,0.0953508063963375
156,exit_at_first_1_0r,0.0953508063963375
156,trail_0_5r_after_1_0r,0.0953508063963375
156,time_exit_after_4_bars_if_mfe_lt_0_3r,0.0953508063963375
156,partial_50pct_at_1r,0.0953508063963375
157,baseline,0.4554920341644886
157,breakeven_after_0_5r,0.4554920341644886
157,breakeven_after_1_0r,0.4554920341644886
157,exit_at_first_0_5r,0.5
157,exit_at_first_1_0r,0.4554920341644886
157,trail_0_5r_after_1_0r,0.4554920341644886
157,time_exit_after_4_bars_if_mfe_lt_0_3r,0.4554920341644886
157,partial_50pct_at_1r,0.4554920341644886
158,baseline,0.12232652416637801
158,breakeven_after_0_5r,0.12232652416637801
158,breakeven_after_1_0r,0.12232652416637801
158,exit_at_first_0_5r,0.12232652416637801
158,exit_at_first_1_0r,0.12232652416637801
158,trail_0_5r_after_1_0r,0.12232652416637801
158,time_exit_after_4_bars_if_mfe_lt_0_3r,0.12232652416637801
158,partial_50pct_at_1r,0.12232652416637801
159,baseline,0.1389222412821032
159,breakeven_after_0_5r,0.1389222412821032
159,breakeven_after_1_0r,0.1389222412821032
159,exit_at_first_0_5r,0.1389222412821032
159,exit_at_first_1_0r,0.1389222412821032
159,trail_0_5r_after_1_0r,0.1389222412821032
159,time_exit_after_4_bars_if_mfe_lt_0_3r,-0.45479908632675864
159,partial_50pct_at_1r,0.1389222412821032
160,baseline,0.10427996216193663
160,breakeven_after_0_5r,0.10427996216193663
160,breakeven_after_1_0r,0.10427996216193663
160,exit_at_first_0_5r,0.10427996216193663
160,exit_at_first_1_0r,0.10427996216193663
160,trail_0_5r_after_1_0r,0.10427996216193663
160,time_exit_after_4_bars_if_mfe_lt_0_3r,0.13446209359395528
160,partial_50pct_at_1r,0.10427996216193663
161,baseline,0.1886627877049893
161,breakeven_after_0_5r,0.1886627877049893
161,breakeven_after_1_0r,0.1886627877049893
161,exit_at_first_0_5r,0.1886627877049893
161,exit_at_first_1_0r,0.1886627877049893
161,trail_0_5r_after_1_0r,0.1886627877049893
161,time_exit_after_4_bars_if_mfe_lt_0_3r,0.1886627877049893
161,partial_50pct_at_1r,0.1886627877049893
162,baseline,-1.0367316425569182
162,breakeven_after_0_5r,-1.0367316425569182
162,breakeven_after_1_0r,-1.0367316425569182
162,exit_at_first_0_5r,-1.0367316425569182
162,exit_at_first_1_0r,-1.0367316425569182
162,trail_0_5r_after_1_0r,-1.0367316425569182
162,time_exit_after_4_bars_if_mfe_lt_0_3r,-0.06614936979364858
162,partial_50pct_at_1r,-1.0367316425569182
163,baseline,-1.0306266816588858
163,breakeven_after_0_5r,-1.0306266816588858
163,breakeven_after_1_0r,-1.0306266816588858
163,exit_at_first_0_5r,-1.0306266816588858
163,exit_at_first_1_0r,-1.0306266816588858
163,trail_0_5r_after_1_0r,-1.0306266816588858
163,time_exit_after_4_bars_if_mfe_lt_0_3r,-1.2577253974663083
163,partial_50pct_at_1r,-1.0306266816588858
164,baseline,0.005625986064946887
164,breakeven_after_0_5r,0.005625986064946887
164,breakeven_after_1_0r,0.005625986064946887
164,exit_at_first_0_5r,0.005625986064946887
164,exit_at_first_1_0r,0.005625986064946887
164,trail_0_5r_after_1_0r,0.005625986064946887
164,time_exit_after_4_bars_if_mfe_lt_0_3r,0.005625986064946887
164,partial_50pct_at_1r,0.005625986064946887
165,baseline,0.1698990497186799
165,breakeven_after_0_5r,0.1698990497186799
165,breakeven_after_1_0r,0.1698990497186799
165,exit_at_first_0_5r,0.1698990497186799
165,exit_at_first_1_0r,0.1698990497186799
165,trail_0_5r_after_1_0r,0.1698990497186799
165,time_exit_after_4_bars_if_mfe_lt_0_3r,-0.04215179563955405
165,partial_50pct_at_1r,0.1698990497186799
166,baseline,0.26496561825388315
166,breakeven_after_0_5r,0.26496561825388315
166,breakeven_after_1_0r,0.26496561825388315
166,exit_at_first_0_5r,0.26496561825388315
166,exit_at_first_1_0r,0.26496561825388315
166,trail_0_5r_after_1_0r,0.26496561825388315
166,time_exit_after_4_bars_if_mfe_lt_0_3r,0.26496561825388315
166,partial_50pct_at_1r,0.26496561825388315
167,baseline,0.035595975222699874
167,breakeven_after_0_5r,0.035595975222699874
167,breakeven_after_1_0r,0.035595975222699874
167,exit_at_first_0_5r,0.035595975222699874
167,exit_at_first_1_0r,0.035595975222699874
167,trail_0_5r_after_1_0r,0.035595975222699874
167,time_exit_after_4_bars_if_mfe_lt_0_3r,-0.2815871227782227
167,partial_50pct_at_1r,0.035595975222699874
168,baseline,0.1711523054792588
168,breakeven_after_0_5r,0.1711523054792588
168,breakeven_after_1_0r,0.1711523054792588
168,exit_at_first_0_5r,0.1711523054792588
168,exit_at_first_1_0r,0.1711523054792588
168,trail_0_5r_after_1_0r,0.1711523054792588
168,time_exit_after_4_bars_if_mfe_lt_0_3r,0.1711523054792588
168,partial_50pct_at_1r,0.1711523054792588
169,baseline,0.22188058668204796
169,breakeven_after_0_5r,0.22188058668204796
169,breakeven_after_1_0r,0.22188058668204796
169,exit_at_first_0_5r,0.22188058668204796
169,exit_at_first_1_0r,0.22188058668204796
169,trail_0_5r_after_1_0r,0.22188058668204796
169,time_exit_after_4_bars_if_mfe_lt_0_3r,0.22188058668204796
169,partial_50pct_at_1r,0.22188058668204796
170,baseline,0.3316612118828443
170,breakeven_after_0_5r,0.0
170,breakeven_after_1_0r,0.3316612118828443
170,exit_at_first_0_5r,0.5
170,exit_at_first_1_0r,0.3316612118828443
170,trail_0_5r_after_1_0r,0.3316612118828443
170,time_exit_after_4_bars_if_mfe_lt_0_3r,0.3316612118828443
170,partial_50pct_at_1r,0.3316612118828443
171,baseline,0.06805886700390776
171,breakeven_after_0_5r,0.06805886700390776
171,breakeven_after_1_0r,0.06805886700390776
171,exit_at_first_0_5r,0.06805886700390776
171,exit_at_first_1_0r,0.06805886700390776
171,trail_0_5r_after_1_0r,0.06805886700390776
171,time_exit_after_4_bars_if_mfe_lt_0_3r,0.06805886700390776
171,partial_50pct_at_1r,0.06805886700390776
172,baseline,0.08578763909999895
172,breakeven_after_0_5r,0.08578763909999895
172,breakeven_after_1_0r,0.08578763909999895
172,exit_at_first_0_5r,0.08578763909999895
172,exit_at_first_1_0r,0.08578763909999895
172,trail_0_5r_after_1_0r,0.08578763909999895
172,time_exit_after_4_bars_if_mfe_lt_0_3r,-0.46740343341179097
172,partial_50pct_at_1r,0.08578763909999895
173,baseline,-0.211529267100037
173,breakeven_after_0_5r,-0.211529267100037
173,breakeven_after_1_0r,-0.211529267100037
173,exit_at_first_0_5r,-0.211529267100037
173,exit_at_first_1_0r,-0.211529267100037
173,trail_0_5r_after_1_0r,-0.211529267100037
173,time_exit_after_4_bars_if_mfe_lt_0_3r,-0.23516416738485701
173,partial_50pct_at_1r,-0.211529267100037
174,baseline,0.24787372080297673
174,breakeven_after_0_5r,0.24787372080297673
174,breakeven_after_1_0r,0.24787372080297673
174,exit_at_first_0_5r,0.5
174,exit_at_first_1_0r,0.24787372080297673
174,trail_0_5r_after_1_0r,0.24787372080297673
174,time_exit_after_4_bars_if_mfe_lt_0_3r,0.24787372080297673
174,partial_50pct_at_1r,0.24787372080297673
175,baseline,-1.0272274947657125
175,breakeven_after_0_5r,-1.0272274947657125
175,breakeven_after_1_0r,-1.0272274947657125
175,exit_at_first_0_5r,-1.0272274947657125
175,exit_at_first_1_0r,-1.0272274947657125
175,trail_0_5r_after_1_0r,-1.0272274947657125
175,time_exit_after_4_bars_if_mfe_lt_0_3r,-0.3116301135882612
175,partial_50pct_at_1r,-1.0272274947657125
176,baseline,0.1977439343471202
176,breakeven_after_0_5r,0.1977439343471202
176,breakeven_after_1_0r,0.1977439343471202
176,exit_at_first_0_5r,0.1977439343471202
176,exit_at_first_1_0r,0.1977439343471202
176,trail_0_5r_after_1_0r,0.1977439343471202
176,time_exit_after_4_bars_if_mfe_lt_0_3r,0.1977439343471202
176,partial_50pct_at_1r,0.1977439343471202
177,baseline,-1.0250773948364553
177,breakeven_after_0_5r,-1.0250773948364553
177,breakeven_after_1_0r,-1.0250773948364553
177,exit_at_first_0_5r,-1.0250773948364553
177,exit_at_first_1_0r,-1.0250773948364553
177,trail_0_5r_after_1_0r,-1.0250773948364553
177,time_exit_after_4_bars_if_mfe_lt_0_3r,-0.6549657494003542
177,partial_50pct_at_1r,-1.0250773948364553
178,baseline,0.21012594132961612
178,breakeven_after_0_5r,0.21012594132961612
178,breakeven_after_1_0r,0.21012594132961612
178,exit_at_first_0_5r,0.21012594132961612
178,exit_at_first_1_0r,0.21012594132961612
178,trail_0_5r_after_1_0r,0.21012594132961612
178,time_exit_after_4_bars_if_mfe_lt_0_3r,0.055591350151613886
178,partial_50pct_at_1r,0.21012594132961612
179,baseline,-0.4089608212290351
179,breakeven_after_0_5r,-0.4089608212290351
179,breakeven_after_1_0r,-0.4089608212290351
179,exit_at_first_0_5r,-0.4089608212290351
179,exit_at_first_1_0r,-0.4089608212290351
179,trail_0_5r_after_1_0r,-0.4089608212290351
179,time_exit_after_4_bars_if_mfe_lt_0_3r,-0.14771324659918936
179,partial_50pct_at_1r,-0.4089608212290351
180,baseline,0.7971915450632894
180,breakeven_after_0_5r,0.7971915450632894
180,breakeven_after_1_0r,0.7971915450632894
180,exit_at_first_0_5r,0.5
180,exit_at_first_1_0r,1.0
180,trail_0_5r_after_1_0r,0.7971915450632894
180,time_exit_after_4_bars_if_mfe_lt_0_3r,-0.1163778621696687
180,partial_50pct_at_1r,0.8985957725316447
181,baseline,0.1723103674782471
181,breakeven_after_0_5r,0.1723103674782471
181,breakeven_after_1_0r,0.1723103674782471
181,exit_at_first_0_5r,0.5
181,exit_at_first_1_0r,0.1723103674782471
181,trail_0_5r_after_1_0r,0.1723103674782471
181,time_exit_after_4_bars_if_mfe_lt_0_3r,-0.06282497948758937
181,partial_50pct_at_1r,0.1723103674782471
182,baseline,0.1888883897846818
182,breakeven_after_0_5r,0.1888883897846818
182,breakeven_after_1_0r,0.1888883897846818
182,exit_at_first_0_5r,0.1888883897846818
182,exit_at_first_1_0r,0.1888883897846818
182,trail_0_5r_after_1_0r,0.1888883897846818
182,time_exit_after_4_bars_if_mfe_lt_0_3r,0.1888883897846818
182,partial_50pct_at_1r,0.1888883897846818
183,baseline,0.3630280156425447
183,breakeven_after_0_5r,0.3630280156425447
183,breakeven_after_1_0r,0.3630280156425447
183,exit_at_first_0_5r,0.5
183,exit_at_first_1_0r,0.3630280156425447
183,trail_0_5r_after_1_0r,0.3630280156425447
183,time_exit_after_4_bars_if_mfe_lt_0_3r,-0.03582004963812966
183,partial_50pct_at_1r,0.3630280156425447
184,baseline,0.15547161333987083
184,breakeven_after_0_5r,0.15547161333987083
184,breakeven_after_1_0r,0.15547161333987083
184,exit_at_first_0_5r,0.15547161333987083
184,exit_at_first_1_0r,0.15547161333987083
184,trail_0_5r_after_1_0r,0.15547161333987083
184,time_exit_after_4_bars_if_mfe_lt_0_3r,0.15547161333987083
184,partial_50pct_at_1r,0.15547161333987083
185,baseline,0.12191910274852691
185,breakeven_after_0_5r,0.12191910274852691
185,breakeven_after_1_0r,0.12191910274852691
185,exit_at_first_0_5r,0.12191910274852691
185,exit_at_first_1_0r,0.12191910274852691
185,trail_0_5r_after_1_0r,0.12191910274852691
185,time_exit_after_4_bars_if_mfe_lt_0_3r,0.12191910274852691
185,partial_50pct_at_1r,0.12191910274852691
186,baseline,0.16789353376865707
186,breakeven_after_0_5r,0.16789353376865707
186,breakeven_after_1_0r,0.16789353376865707
186,exit_at_first_0_5r,0.16789353376865707
186,exit_at_first_1_0r,0.16789353376865707
186,trail_0_5r_after_1_0r,0.16789353376865707
186,time_exit_after_4_bars_if_mfe_lt_0_3r,0.028398336890693137
186,partial_50pct_at_1r,0.16789353376865707
187,baseline,-0.07475819206412633
187,breakeven_after_0_5r,-0.07475819206412633
187,breakeven_after_1_0r,-0.07475819206412633
187,exit_at_first_0_5r,-0.07475819206412633
187,exit_at_first_1_0r,-0.07475819206412633
187,trail_0_5r_after_1_0r,-0.07475819206412633
187,time_exit_after_4_bars_if_mfe_lt_0_3r,-0.20767017214170283
187,partial_50pct_at_1r,-0.07475819206412633
188,baseline,0.24577492315964095
188,breakeven_after_0_5r,0.24577492315964095
188,breakeven_after_1_0r,0.24577492315964095
188,exit_at_first_0_5r,0.24577492315964095
188,exit_at_first_1_0r,0.24577492315964095
188,trail_0_5r_after_1_0r,0.24577492315964095
188,time_exit_after_4_bars_if_mfe_lt_0_3r,0.24577492315964095
188,partial_50pct_at_1r,0.24577492315964095
189,baseline,0.26733263118201034
189,breakeven_after_0_5r,0.26733263118201034
189,breakeven_after_1_0r,0.26733263118201034
189,exit_at_first_0_5r,0.5
189,exit_at_first_1_0r,0.26733263118201034
189,trail_0_5r_after_1_0r,0.26733263118201034
189,time_exit_after_4_bars_if_mfe_lt_0_3r,-0.05810131978122286
189,partial_50pct_at_1r,0.26733263118201034
190,baseline,0.08671291797382606
190,breakeven_after_0_5r,0.08671291797382606
190,breakeven_after_1_0r,0.08671291797382606
190,exit_at_first_0_5r,0.08671291797382606
190,exit_at_first_1_0r,0.08671291797382606
190,trail_0_5r_after_1_0r,0.08671291797382606
190,time_exit_after_4_bars_if_mfe_lt_0_3r,0.08671291797382606
190,partial_50pct_at_1r,0.08671291797382606
191,baseline,-0.02219656495891722
191,breakeven_after_0_5r,-0.02219656495891722
191,breakeven_after_1_0r,-0.02219656495891722
191,exit_at_first_0_5r,-0.02219656495891722
191,exit_at_first_1_0r,-0.02219656495891722
191,trail_0_5r_after_1_0r,-0.02219656495891722
191,time_exit_after_4_bars_if_mfe_lt_0_3r,-0.15623276810378922
191,partial_50pct_at_1r,-0.02219656495891722
192,baseline,0.1307963768383798
192,breakeven_after_0_5r,0.1307963768383798
192,breakeven_after_1_0r,0.1307963768383798
192,exit_at_first_0_5r,0.1307963768383798
192,exit_at_first_1_0r,0.1307963768383798
192,trail_0_5r_after_1_0r,0.1307963768383798
192,time_exit_after_4_bars_if_mfe_lt_0_3r,0.1307963768383798
192,partial_50pct_at_1r,0.1307963768383798
193,baseline,0.11357224568713242
193,breakeven_after_0_5r,0.0
193,breakeven_after_1_0r,0.11357224568713242
193,exit_at_first_0_5r,0.5
193,exit_at_first_1_0r,0.11357224568713242
193,trail_0_5r_after_1_0r,0.11357224568713242
193,time_exit_after_4_bars_if_mfe_lt_0_3r,-0.5379924560812652
193,partial_50pct_at_1r,0.11357224568713242
194,baseline,0.0896847769368051
194,breakeven_after_0_5r,0.0896847769368051
194,breakeven_after_1_0r,0.0896847769368051
194,exit_at_first_0_5r,0.0896847769368051
194,exit_at_first_1_0r,0.0896847769368051
194,trail_0_5r_after_1_0r,0.0896847769368051
194,time_exit_after_4_bars_if_mfe_lt_0_3r,0.26092769041146974
194,partial_50pct_at_1r,0.0896847769368051
195,baseline,-0.03438714409352568
195,breakeven_after_0_5r,0.0
195,breakeven_after_1_0r,0.0
195,exit_at_first_0_5r,0.5
195,exit_at_first_1_0r,1.0
195,trail_0_5r_after_1_0r,0.6414120065097528
195,time_exit_after_4_bars_if_mfe_lt_0_3r,-0.03438714409352568
195,partial_50pct_at_1r,0.48280642795323714
196,baseline,0.14367980156007246
196,breakeven_after_0_5r,0.14367980156007246
196,breakeven_after_1_0r,0.14367980156007246
196,exit_at_first_0_5r,0.14367980156007246
196,exit_at_first_1_0r,0.14367980156007246
196,trail_0_5r_after_1_0r,0.14367980156007246
196,time_exit_after_4_bars_if_mfe_lt_0_3r,0.14367980156007246
196,partial_50pct_at_1r,0.14367980156007246
197,baseline,-1.0415888140837346
197,breakeven_after_0_5r,-1.0415888140837346
197,breakeven_after_1_0r,-1.0415888140837346
197,exit_at_first_0_5r,-1.0415888140837346
197,exit_at_first_1_0r,-1.0415888140837346
197,trail_0_5r_after_1_0r,-1.0415888140837346
197,time_exit_after_4_bars_if_mfe_lt_0_3r,-0.7918999512355088
197,partial_50pct_at_1r,-1.0415888140837346
198,baseline,-0.4788693011395503
198,breakeven_after_0_5r,-0.4788693011395503
198,breakeven_after_1_0r,-0.4788693011395503
198,exit_at_first_0_5r,-0.4788693011395503
198,exit_at_first_1_0r,-0.4788693011395503
198,trail_0_5r_after_1_0r,-0.4788693011395503
198,time_exit_after_4_bars_if_mfe_lt_0_3r,0.03470042778183699
198,partial_50pct_at_1r,-0.4788693011395503
199,baseline,0.21808813800475793
199,breakeven_after_0_5r,0.21808813800475793
199,breakeven_after_1_0r,0.21808813800475793
199,exit_at_first_0_5r,0.21808813800475793
199,exit_at_first_1_0r,0.21808813800475793
199,trail_0_5r_after_1_0r,0.21808813800475793
199,time_exit_after_4_bars_if_mfe_lt_0_3r,-0.06974329793138175
199,partial_50pct_at_1r,0.21808813800475793
200,baseline,0.6016387662395412
200,breakeven_after_0_5r,0.0
200,breakeven_after_1_0r,0.6016387662395412
200,exit_at_first_0_5r,0.5
200,exit_at_first_1_0r,1.0
200,trail_0_5r_after_1_0r,0.6016387662395412
200,time_exit_after_4_bars_if_mfe_lt_0_3r,0.6016387662395412
200,partial_50pct_at_1r,0.8008193831197705
201,baseline,0.023634405399422798
201,breakeven_after_0_5r,0.023634405399422798
201,breakeven_after_1_0r,0.023634405399422798
201,exit_at_first_0_5r,0.023634405399422798
201,exit_at_first_1_0r,0.023634405399422798
201,trail_0_5r_after_1_0r,0.023634405399422798
201,time_exit_after_4_bars_if_mfe_lt_0_3r,-0.22678538675251533
201,partial_50pct_at_1r,0.023634405399422798
202,baseline,0.5657228244158446
202,breakeven_after_0_5r,0.5657228244158446
202,breakeven_after_1_0r,0.5657228244158446
202,exit_at_first_0_5r,0.5
202,exit_at_first_1_0r,1.0
202,trail_0_5r_after_1_0r,0.5836280376902747
202,time_exit_after_4_bars_if_mfe_lt_0_3r,-0.08974145239670979
202,partial_50pct_at_1r,0.7828614122079223
203,baseline,0.11401800689308823
203,breakeven_after_0_5r,0.11401800689308823
203,breakeven_after_1_0r,0.11401800689308823
203,exit_at_first_0_5r,0.11401800689308823
203,exit_at_first_1_0r,0.11401800689308823
203,trail_0_5r_after_1_0r,0.11401800689308823
203,time_exit_after_4_bars_if_mfe_lt_0_3r,0.11401800689308823
203,partial_50pct_at_1r,0.11401800689308823
204,baseline,0.13811005556318354
204,breakeven_after_0_5r,0.13811005556318354
204,breakeven_after_1_0r,0.13811005556318354
204,exit_at_first_0_5r,0.13811005556318354
204,exit_at_first_1_0r,0.13811005556318354
204,trail_0_5r_after_1_0r,0.13811005556318354
204,time_exit_after_4_bars_if_mfe_lt_0_3r,0.13811005556318354
204,partial_50pct_at_1r,0.13811005556318354
205,baseline,0.11382829228329668
205,breakeven_after_0_5r,0.11382829228329668
205,breakeven_after_1_0r,0.11382829228329668
205,exit_at_first_0_5r,0.11382829228329668
205,exit_at_first_1_0r,0.11382829228329668
205,trail_0_5r_after_1_0r,0.11382829228329668
205,time_exit_after_4_bars_if_mfe_lt_0_3r,0.11382829228329668
205,partial_50pct_at_1r,0.11382829228329668
206,baseline,0.02357668543240053
206,breakeven_after_0_5r,0.02357668543240053
206,breakeven_after_1_0r,0.02357668543240053
206,exit_at_first_0_5r,0.02357668543240053
206,exit_at_first_1_0r,0.02357668543240053
206,trail_0_5r_after_1_0r,0.02357668543240053
206,time_exit_after_4_bars_if_mfe_lt_0_3r,0.02357668543240053
206,partial_50pct_at_1r,0.02357668543240053
207,baseline,0.23328509577290946
207,breakeven_after_0_5r,0.0
207,breakeven_after_1_0r,0.23328509577290946
207,exit_at_first_0_5r,0.5
207,exit_at_first_1_0r,0.23328509577290946
207,trail_0_5r_after_1_0r,0.23328509577290946
207,time_exit_after_4_bars_if_mfe_lt_0_3r,-0.6722234042408489
207,partial_50pct_at_1r,0.23328509577290946
208,baseline,0.03483043627120895
208,breakeven_after_0_5r,0.03483043627120895
208,breakeven_after_1_0r,0.03483043627120895
208,exit_at_first_0_5r,0.03483043627120895
208,exit_at_first_1_0r,0.03483043627120895
208,trail_0_5r_after_1_0r,0.03483043627120895
208,time_exit_after_4_bars_if_mfe_lt_0_3r,0.03483043627120895
208,partial_50pct_at_1r,0.03483043627120895
209,baseline,0.596598945576358
209,breakeven_after_0_5r,0.596598945576358
209,breakeven_after_1_0r,0.596598945576358
209,exit_at_first_0_5r,0.5
209,exit_at_first_1_0r,0.596598945576358
209,trail_0_5r_after_1_0r,0.596598945576358
209,time_exit_after_4_bars_if_mfe_lt_0_3r,0.596598945576358
209,partial_50pct_at_1r,0.596598945576358
210,baseline,-0.07421890179542023
210,breakeven_after_0_5r,-0.07421890179542023
210,breakeven_after_1_0r,-0.07421890179542023
210,exit_at_first_0_5r,-0.07421890179542023
210,exit_at_first_1_0r,-0.07421890179542023
210,trail_0_5r_after_1_0r,-0.07421890179542023
210,time_exit_after_4_bars_if_mfe_lt_0_3r,-0.07421890179542023
210,partial_50pct_at_1r,-0.07421890179542023
211,baseline,-0.01049520513695318
211,breakeven_after_0_5r,-0.01049520513695318
211,breakeven_after_1_0r,-0.01049520513695318
211,exit_at_first_0_5r,-0.01049520513695318
211,exit_at_first_1_0r,-0.01049520513695318
211,trail_0_5r_after_1_0r,-0.01049520513695318
211,time_exit_after_4_bars_if_mfe_lt_0_3r,-0.08607713686865104
211,partial_50pct_at_1r,-0.01049520513695318
212,baseline,-0.12206963965587996
212,breakeven_after_0_5r,-0.12206963965587996
212,breakeven_after_1_0r,-0.12206963965587996
212,exit_at_first_0_5r,-0.12206963965587996
212,exit_at_first_1_0r,-0.12206963965587996
212,trail_0_5r_after_1_0r,-0.12206963965587996
212,time_exit_after_4_bars_if_mfe_lt_0_3r,-0.12206963965587996
212,partial_50pct_at_1r,-0.12206963965587996
213,baseline,0.31088115515259124
213,breakeven_after_0_5r,0.0
213,breakeven_after_1_0r,0.31088115515259124
213,exit_at_first_0_5r,0.5
213,exit_at_first_1_0r,1.0
213,trail_0_5r_after_1_0r,0.9879219584914267
213,time_exit_after_4_bars_if_mfe_lt_0_3r,0.31088115515259124
213,partial_50pct_at_1r,0.6554405775762956
214,baseline,-0.36858754616806333
214,breakeven_after_0_5r,-0.36858754616806333
214,breakeven_after_1_0r,-0.36858754616806333
214,exit_at_first_0_5r,-0.36858754616806333
214,exit_at_first_1_0r,-0.36858754616806333
214,trail_0_5r_after_1_0r,-0.36858754616806333
214,time_exit_after_4_bars_if_mfe_lt_0_3r,-0.36858754616806333
214,partial_50pct_at_1r,-0.36858754616806333
215,baseline,0.4069412828469821
215,breakeven_after_0_5r,0.4069412828469821
215,breakeven_after_1_0r,0.4069412828469821
215,exit_at_first_0_5r,0.5
215,exit_at_first_1_0r,0.4069412828469821
215,trail_0_5r_after_1_0r,0.4069412828469821
215,time_exit_after_4_bars_if_mfe_lt_0_3r,-0.15855542347413112
215,partial_50pct_at_1r,0.4069412828469821
216,baseline,0.07762896379358986
216,breakeven_after_0_5r,0.07762896379358986
216,breakeven_after_1_0r,0.07762896379358986
216,exit_at_first_0_5r,0.07762896379358986
216,exit_at_first_1_0r,0.07762896379358986
216,trail_0_5r_after_1_0r,0.07762896379358986
216,time_exit_after_4_bars_if_mfe_lt_0_3r,0.07762896379358986
216,partial_50pct_at_1r,0.07762896379358986
217,baseline,0.23723007980442884
217,breakeven_after_0_5r,0.23723007980442884
217,breakeven_after_1_0r,0.23723007980442884
217,exit_at_first_0_5r,0.23723007980442884
217,exit_at_first_1_0r,0.23723007980442884
217,trail_0_5r_after_1_0r,0.23723007980442884
217,time_exit_after_4_bars_if_mfe_lt_0_3r,-0.4619941739558121
217,partial_50pct_at_1r,0.23723007980442884
218,baseline,0.19837583566086764
218,breakeven_after_0_5r,0.19837583566086764
218,breakeven_after_1_0r,0.19837583566086764
218,exit_at_first_0_5r,0.19837583566086764
218,exit_at_first_1_0r,0.19837583566086764
218,trail_0_5r_after_1_0r,0.19837583566086764
218,time_exit_after_4_bars_if_mfe_lt_0_3r,0.19837583566086764
218,partial_50pct_at_1r,0.19837583566086764
219,baseline,0.39404569598609995
219,breakeven_after_0_5r,0.39404569598609995
219,breakeven_after_1_0r,0.39404569598609995
219,exit_at_first_0_5r,0.5
219,exit_at_first_1_0r,0.39404569598609995
219,trail_0_5r_after_1_0r,0.39404569598609995
219,time_exit_after_4_bars_if_mfe_lt_0_3r,0.39404569598609995
219,partial_50pct_at_1r,0.39404569598609995
220,baseline,0.030031608538362866
220,breakeven_after_0_5r,0.030031608538362866
220,breakeven_after_1_0r,0.030031608538362866
220,exit_at_first_0_5r,0.030031608538362866
220,exit_at_first_1_0r,0.030031608538362866
220,trail_0_5r_after_1_0r,0.030031608538362866
220,time_exit_after_4_bars_if_mfe_lt_0_3r,0.08123963307459547
220,partial_50pct_at_1r,0.030031608538362866
221,baseline,-1.0486361232628798
221,breakeven_after_0_5r,-1.0486361232628798
221,breakeven_after_1_0r,-1.0486361232628798
221,exit_at_first_0_5r,-1.0486361232628798
221,exit_at_first_1_0r,-1.0486361232628798
221,trail_0_5r_after_1_0r,-1.0486361232628798
221,time_exit_after_4_bars_if_mfe_lt_0_3r,-1.0486361232628798
221,partial_50pct_at_1r,-1.0486361232628798
222,baseline,0.5099023593765795
222,breakeven_after_0_5r,0.5099023593765795
222,breakeven_after_1_0r,0.5099023593765795
222,exit_at_first_0_5r,0.5
222,exit_at_first_1_0r,0.5099023593765795
222,trail_0_5r_after_1_0r,0.5099023593765795
222,time_exit_after_4_bars_if_mfe_lt_0_3r,0.5099023593765795
222,partial_50pct_at_1r,0.5099023593765795
223,baseline,0.35812132674919284
223,breakeven_after_0_5r,0.0
223,breakeven_after_1_0r,0.35812132674919284
223,exit_at_first_0_5r,0.5
223,exit_at_first_1_0r,0.35812132674919284
223,trail_0_5r_after_1_0r,0.35812132674919284
223,time_exit_after_4_bars_if_mfe_lt_0_3r,0.35812132674919284
223,partial_50pct_at_1r,0.35812132674919284
224,baseline,-0.046517169998560266
224,breakeven_after_0_5r,-0.046517169998560266
224,breakeven_after_1_0r,-0.046517169998560266
224,exit_at_first_0_5r,-0.046517169998560266
224,exit_at_first_1_0r,-0.046517169998560266
224,trail_0_5r_after_1_0r,-0.046517169998560266
224,time_exit_after_4_bars_if_mfe_lt_0_3r,-0.003970221809256927
224,partial_50pct_at_1r,-0.046517169998560266
225,baseline,0.9370231404772933
225,breakeven_after_0_5r,0.9370231404772933
225,breakeven_after_1_0r,0.9370231404772933
225,exit_at_first_0_5r,0.5
225,exit_at_first_1_0r,1.0
225,trail_0_5r_after_1_0r,0.6070048188963708
225,time_exit_after_4_bars_if_mfe_lt_0_3r,0.9370231404772933
225,partial_50pct_at_1r,0.9685115702386466
226,baseline,0.2878692800999274
226,breakeven_after_0_5r,0.2878692800999274
226,breakeven_after_1_0r,0.2878692800999274
226,exit_at_first_0_5r,0.2878692800999274
226,exit_at_first_1_0r,0.2878692800999274
226,trail_0_5r_after_1_0r,0.2878692800999274
226,time_exit_after_4_bars_if_mfe_lt_0_3r,-0.20976621203451215
226,partial_50pct_at_1r,0.2878692800999274
227,baseline,0.2709506721869705
227,breakeven_after_0_5r,0.2709506721869705
227,breakeven_after_1_0r,0.2709506721869705
227,exit_at_first_0_5r,0.2709506721869705
227,exit_at_first_1_0r,0.2709506721869705
227,trail_0_5r_after_1_0r,0.2709506721869705
227,time_exit_after_4_bars_if_mfe_lt_0_3r,0.2709506721869705
227,partial_50pct_at_1r,0.2709506721869705
228,baseline,0.15849258874774716
228,breakeven_after_0_5r,0.15849258874774716
228,breakeven_after_1_0r,0.15849258874774716
228,exit_at_first_0_5r,0.15849258874774716
228,exit_at_first_1_0r,0.15849258874774716
228,trail_0_5r_after_1_0r,0.15849258874774716
228,time_exit_after_4_bars_if_mfe_lt_0_3r,0.15849258874774716
228,partial_50pct_at_1r,0.15849258874774716
229,baseline,0.43057942079728995
229,breakeven_after_0_5r,0.0
229,breakeven_after_1_0r,0.43057942079728995
229,exit_at_first_0_5r,0.5
229,exit_at_first_1_0r,0.43057942079728995
229,trail_0_5r_after_1_0r,0.43057942079728995
229,time_exit_after_4_bars_if_mfe_lt_0_3r,-0.07168274907405255
229,partial_50pct_at_1r,0.43057942079728995
230,baseline,0.24466448855645692
230,breakeven_after_0_5r,0.24466448855645692
230,breakeven_after_1_0r,0.24466448855645692
230,exit_at_first_0_5r,0.24466448855645692
230,exit_at_first_1_0r,0.24466448855645692
230,trail_0_5r_after_1_0r,0.24466448855645692
230,time_exit_after_4_bars_if_mfe_lt_0_3r,0.24466448855645692
230,partial_50pct_at_1r,0.24466448855645692
231,baseline,0.2653235695091842
231,breakeven_after_0_5r,0.2653235695091842
231,breakeven_after_1_0r,0.2653235695091842
231,exit_at_first_0_5r,0.5
231,exit_at_first_1_0r,0.2653235695091842
231,trail_0_5r_after_1_0r,0.2653235695091842
231,time_exit_after_4_bars_if_mfe_lt_0_3r,0.2653235695091842
231,partial_50pct_at_1r,0.2653235695091842
232,baseline,0.4193711857955563
232,breakeven_after_0_5r,0.4193711857955563
232,breakeven_after_1_0r,0.4193711857955563
232,exit_at_first_0_5r,0.5
232,exit_at_first_1_0r,0.4193711857955563
232,trail_0_5r_after_1_0r,0.4193711857955563
232,time_exit_after_4_bars_if_mfe_lt_0_3r,-0.12898118393009703
232,partial_50pct_at_1r,0.4193711857955563
233,baseline,0.2710742935487381
233,breakeven_after_0_5r,0.2710742935487381
233,breakeven_after_1_0r,0.2710742935487381
233,exit_at_first_0_5r,0.5
233,exit_at_first_1_0r,0.2710742935487381
233,trail_0_5r_after_1_0r,0.2710742935487381
233,time_exit_after_4_bars_if_mfe_lt_0_3r,0.2710742935487381
233,partial_50pct_at_1r,0.2710742935487381
234,baseline,0.3695909529058958
234,breakeven_after_0_5r,0.0
234,breakeven_after_1_0r,0.3695909529058958
234,exit_at_first_0_5r,0.5
234,exit_at_first_1_0r,0.3695909529058958
234,trail_0_5r_after_1_0r,0.3695909529058958
234,time_exit_after_4_bars_if_mfe_lt_0_3r,0.3695909529058958
234,partial_50pct_at_1r,0.3695909529058958
235,baseline,-1.02925351417703
235,breakeven_after_0_5r,-1.02925351417703
235,breakeven_after_1_0r,-1.02925351417703
235,exit_at_first_0_5r,-1.02925351417703
235,exit_at_first_1_0r,-1.02925351417703
235,trail_0_5r_after_1_0r,-1.02925351417703
235,time_exit_after_4_bars_if_mfe_lt_0_3r,0.20342385260347304
235,partial_50pct_at_1r,-1.02925351417703
236,baseline,0.17700453158910517
236,breakeven_after_0_5r,0.17700453158910517
236,breakeven_after_1_0r,0.17700453158910517
236,exit_at_first_0_5r,0.5
236,exit_at_first_1_0r,0.17700453158910517
236,trail_0_5r_after_1_0r,0.17700453158910517
236,time_exit_after_4_bars_if_mfe_lt_0_3r,-0.15958724215694203
236,partial_50pct_at_1r,0.17700453158910517
237,baseline,0.1365299915618627
237,breakeven_after_0_5r,0.1365299915618627
237,breakeven_after_1_0r,0.1365299915618627
237,exit_at_first_0_5r,0.5
237,exit_at_first_1_0r,0.1365299915618627
237,trail_0_5r_after_1_0r,0.1365299915618627
237,time_exit_after_4_bars_if_mfe_lt_0_3r,0.1365299915618627
237,partial_50pct_at_1r,0.1365299915618627
238,baseline,0.06817100417636188
238,breakeven_after_0_5r,0.06817100417636188
238,breakeven_after_1_0r,0.06817100417636188
238,exit_at_first_0_5r,0.06817100417636188
238,exit_at_first_1_0r,0.06817100417636188
238,trail_0_5r_after_1_0r,0.06817100417636188
238,time_exit_after_4_bars_if_mfe_lt_0_3r,0.06817100417636188
238,partial_50pct_at_1r,0.06817100417636188
239,baseline,-0.06370103511642027
239,breakeven_after_0_5r,-0.06370103511642027
239,breakeven_after_1_0r,-0.06370103511642027
239,exit_at_first_0_5r,-0.06370103511642027
239,exit_at_first_1_0r,-0.06370103511642027
239,trail_0_5r_after_1_0r,-0.06370103511642027
239,time_exit_after_4_bars_if_mfe_lt_0_3r,-0.06370103511642027
239,partial_50pct_at_1r,-0.06370103511642027
240,baseline,0.09876465220529221
240,breakeven_after_0_5r,0.09876465220529221
240,breakeven_after_1_0r,0.09876465220529221
240,exit_at_first_0_5r,0.09876465220529221
240,exit_at_first_1_0r,0.09876465220529221
240,trail_0_5r_after_1_0r,0.09876465220529221
240,time_exit_after_4_bars_if_mfe_lt_0_3r,-0.09805914331464252
240,partial_50pct_at_1r,0.09876465220529221
241,baseline,0.1701791715057574
241,breakeven_after_0_5r,0.1701791715057574
241,breakeven_after_1_0r,0.1701791715057574
241,exit_at_first_0_5r,0.1701791715057574
241,exit_at_first_1_0r,0.1701791715057574
241,trail_0_5r_after_1_0r,0.1701791715057574
241,time_exit_after_4_bars_if_mfe_lt_0_3r,-0.16620971417631258
241,partial_50pct_at_1r,0.1701791715057574
242,baseline,0.966711101536702
242,breakeven_after_0_5r,0.966711101536702
242,breakeven_after_1_0r,0.966711101536702
242,exit_at_first_0_5r,0.5
242,exit_at_first_1_0r,1.0
242,trail_0_5r_after_1_0r,0.6565196936629689
242,time_exit_after_4_bars_if_mfe_lt_0_3r,0.966711101536702
242,partial_50pct_at_1r,0.983355550768351
243,baseline,0.16384199571921207
243,breakeven_after_0_5r,0.16384199571921207
243,breakeven_after_1_0r,0.16384199571921207
243,exit_at_first_0_5r,0.16384199571921207
243,exit_at_first_1_0r,0.16384199571921207
243,trail_0_5r_after_1_0r,0.16384199571921207
243,time_exit_after_4_bars_if_mfe_lt_0_3r,0.16384199571921207
243,partial_50pct_at_1r,0.16384199571921207
244,baseline,0.344457405262732
244,breakeven_after_0_5r,0.0
244,breakeven_after_1_0r,0.344457405262732
244,exit_at_first_0_5r,0.5
244,exit_at_first_1_0r,0.344457405262732
244,trail_0_5r_after_1_0r,0.344457405262732
244,time_exit_after_4_bars_if_mfe_lt_0_3r,0.344457405262732
244,partial_50pct_at_1r,0.344457405262732
245,baseline,0.2990406342434829
245,breakeven_after_0_5r,0.2990406342434829
245,breakeven_after_1_0r,0.2990406342434829
245,exit_at_first_0_5r,0.5
245,exit_at_first_1_0r,0.2990406342434829
245,trail_0_5r_after_1_0r,0.2990406342434829
245,time_exit_after_4_bars_if_mfe_lt_0_3r,-0.025592515588981173
245,partial_50pct_at_1r,0.2990406342434829
246,baseline,0.11074536838240534
246,breakeven_after_0_5r,0.11074536838240534
246,breakeven_after_1_0r,0.11074536838240534
246,exit_at_first_0_5r,0.11074536838240534
246,exit_at_first_1_0r,0.11074536838240534
246,trail_0_5r_after_1_0r,0.11074536838240534
246,time_exit_after_4_bars_if_mfe_lt_0_3r,0.11074536838240534
246,partial_50pct_at_1r,0.11074536838240534
247,baseline,-1.0627635562074593
247,breakeven_after_0_5r,-1.0627635562074593
247,breakeven_after_1_0r,-1.0627635562074593
247,exit_at_first_0_5r,-1.0627635562074593
247,exit_at_first_1_0r,-1.0627635562074593
247,trail_0_5r_after_1_0r,-1.0627635562074593
247,time_exit_after_4_bars_if_mfe_lt_0_3r,0.13336097878314826
247,partial_50pct_at_1r,-1.0627635562074593
248,baseline,-0.38763756419801876
248,breakeven_after_0_5r,-0.38763756419801876
248,breakeven_after_1_0r,-0.38763756419801876
248,exit_at_first_0_5r,-0.38763756419801876
248,exit_at_first_1_0r,-0.38763756419801876
248,trail_0_5r_after_1_0r,-0.38763756419801876
248,time_exit_after_4_bars_if_mfe_lt_0_3r,-0.35096651560548897
248,partial_50pct_at_1r,-0.38763756419801876
249,baseline,0.1520879350701349
249,breakeven_after_0_5r,0.1520879350701349
249,breakeven_after_1_0r,0.1520879350701349
249,exit_at_first_0_5r,0.1520879350701349
249,exit_at_first_1_0r,0.1520879350701349
249,trail_0_5r_after_1_0r,0.1520879350701349
249,time_exit_after_4_bars_if_mfe_lt_0_3r,0.1520879350701349
249,partial_50pct_at_1r,0.1520879350701349
250,baseline,-1.0575445841798408
250,breakeven_after_0_5r,-1.0575445841798408
250,breakeven_after_1_0r,-1.0575445841798408
250,exit_at_first_0_5r,-1.0575445841798408
250,exit_at_first_1_0r,-1.0575445841798408
250,trail_0_5r_after_1_0r,-1.0575445841798408
250,time_exit_after_4_bars_if_mfe_lt_0_3r,-1.0575445841798408
250,partial_50pct_at_1r,-1.0575445841798408
251,baseline,-0.3286168378287771
251,breakeven_after_0_5r,-0.3286168378287771
251,breakeven_after_1_0r,-0.3286168378287771
251,exit_at_first_0_5r,-0.3286168378287771
251,exit_at_first_1_0r,-0.3286168378287771
251,trail_0_5r_after_1_0r,-0.3286168378287771
251,time_exit_after_4_bars_if_mfe_lt_0_3r,-0.3006939209612019
251,partial_50pct_at_1r,-0.3286168378287771
252,baseline,-1.0696119910340276
252,breakeven_after_0_5r,-1.0696119910340276
252,breakeven_after_1_0r,-1.0696119910340276
252,exit_at_first_0_5r,-1.0696119910340276
252,exit_at_first_1_0r,-1.0696119910340276
252,trail_0_5r_after_1_0r,-1.0696119910340276
252,time_exit_after_4_bars_if_mfe_lt_0_3r,-1.0696119910340276
252,partial_50pct_at_1r,-1.0696119910340276
253,baseline,-1.0527596518906928
253,breakeven_after_0_5r,-1.0527596518906928
253,breakeven_after_1_0r,-1.0527596518906928
253,exit_at_first_0_5r,-1.0527596518906928
253,exit_at_first_1_0r,-1.0527596518906928
253,trail_0_5r_after_1_0r,-1.0527596518906928
253,time_exit_after_4_bars_if_mfe_lt_0_3r,-1.0527596518906928
253,partial_50pct_at_1r,-1.0527596518906928
254,baseline,-0.5898082357977051
254,breakeven_after_0_5r,-0.5898082357977051
254,breakeven_after_1_0r,-0.5898082357977051
254,exit_at_first_0_5r,-0.5898082357977051
254,exit_at_first_1_0r,-0.5898082357977051
254,trail_0_5r_after_1_0r,-0.5898082357977051
254,time_exit_after_4_bars_if_mfe_lt_0_3r,-0.06766150800842413
254,partial_50pct_at_1r,-0.5898082357977051
255,baseline,-0.5244072595352028
255,breakeven_after_0_5r,-0.5244072595352028
255,breakeven_after_1_0r,-0.5244072595352028
255,exit_at_first_0_5r,-0.5244072595352028
255,exit_at_first_1_0r,-0.5244072595352028
255,trail_0_5r_after_1_0r,-0.5244072595352028
255,time_exit_after_4_bars_if_mfe_lt_0_3r,-0.06721038623951966
255,partial_50pct_at_1r,-0.5244072595352028
256,baseline,0.043759452041564006
256,breakeven_after_0_5r,0.043759452041564006
256,breakeven_after_1_0r,0.043759452041564006
256,exit_at_first_0_5r,0.043759452041564006
256,exit_at_first_1_0r,0.043759452041564006
256,trail_0_5r_after_1_0r,0.043759452041564006
256,time_exit_after_4_bars_if_mfe_lt_0_3r,0.10626440760356877
256,partial_50pct_at_1r,0.043759452041564006
257,baseline,0.23682415525714254
257,breakeven_after_0_5r,0.0
257,breakeven_after_1_0r,0.23682415525714254
257,exit_at_first_0_5r,0.5
257,exit_at_first_1_0r,0.23682415525714254
257,trail_0_5r_after_1_0r,0.23682415525714254
257,time_exit_after_4_bars_if_mfe_lt_0_3r,0.23682415525714254
257,partial_50pct_at_1r,0.23682415525714254
258,baseline,-0.02986428513979702
258,breakeven_after_0_5r,-0.02986428513979702
258,breakeven_after_1_0r,-0.02986428513979702
258,exit_at_first_0_5r,-0.02986428513979702
258,exit_at_first_1_0r,-0.02986428513979702
258,trail_0_5r_after_1_0r,-0.02986428513979702
258,time_exit_after_4_bars_if_mfe_lt_0_3r,0.03572360605252134
258,partial_50pct_at_1r,-0.02986428513979702
259,baseline,-0.023701605289594734
259,breakeven_after_0_5r,-0.023701605289594734
259,breakeven_after_1_0r,-0.023701605289594734
259,exit_at_first_0_5r,-0.023701605289594734
259,exit_at_first_1_0r,-0.023701605289594734
259,trail_0_5r_after_1_0r,-0.023701605289594734
259,time_exit_after_4_bars_if_mfe_lt_0_3r,-0.023701605289594734
259,partial_50pct_at_1r,-0.023701605289594734
260,baseline,-0.3176161571522844
260,breakeven_after_0_5r,-0.3176161571522844
260,breakeven_after_1_0r,-0.3176161571522844
260,exit_at_first_0_5r,-0.3176161571522844
260,exit_at_first_1_0r,-0.3176161571522844
260,trail_0_5r_after_1_0r,-0.3176161571522844
260,time_exit_after_4_bars_if_mfe_lt_0_3r,-0.27768476172787204
260,partial_50pct_at_1r,-0.3176161571522844
261,baseline,-0.04416240759370684
261,breakeven_after_0_5r,-0.04416240759370684
261,breakeven_after_1_0r,-0.04416240759370684
261,exit_at_first_0_5r,-0.04416240759370684
261,exit_at_first_1_0r,-0.04416240759370684
261,trail_0_5r_after_1_0r,-0.04416240759370684
261,time_exit_after_4_bars_if_mfe_lt_0_3r,-0.25030488788307936
261,partial_50pct_at_1r,-0.04416240759370684
262,baseline,0.1950513602218562
262,breakeven_after_0_5r,0.1950513602218562
262,breakeven_after_1_0r,0.1950513602218562
262,exit_at_first_0_5r,0.1950513602218562
262,exit_at_first_1_0r,0.1950513602218562
262,trail_0_5r_after_1_0r,0.1950513602218562
262,time_exit_after_4_bars_if_mfe_lt_0_3r,0.038443356558445496
262,partial_50pct_at_1r,0.1950513602218562
263,baseline,0.039726484846487484
263,breakeven_after_0_5r,0.039726484846487484
263,breakeven_after_1_0r,0.039726484846487484
263,exit_at_first_0_5r,0.5
263,exit_at_first_1_0r,0.039726484846487484
263,trail_0_5r_after_1_0r,0.039726484846487484
263,time_exit_after_4_bars_if_mfe_lt_0_3r,0.039726484846487484
263,partial_50pct_at_1r,0.039726484846487484
264,baseline,1.191410842550436
264,breakeven_after_0_5r,0.0
264,breakeven_after_1_0r,0.0
264,exit_at_first_0_5r,0.5
264,exit_at_first_1_0r,1.0
264,trail_0_5r_after_1_0r,1.3760037693803044
264,time_exit_after_4_bars_if_mfe_lt_0_3r,1.191410842550436
264,partial_50pct_at_1r,1.095705421275218
265,baseline,-0.138777173801329
265,breakeven_after_0_5r,-0.138777173801329
265,breakeven_after_1_0r,-0.138777173801329
265,exit_at_first_0_5r,-0.138777173801329
265,exit_at_first_1_0r,-0.138777173801329
265,trail_0_5r_after_1_0r,-0.138777173801329
265,time_exit_after_4_bars_if_mfe_lt_0_3r,-0.138777173801329
265,partial_50pct_at_1r,-0.138777173801329
266,baseline,-0.05411033188539062
266,breakeven_after_0_5r,-0.05411033188539062
266,breakeven_after_1_0r,-0.05411033188539062
266,exit_at_first_0_5r,-0.05411033188539062
266,exit_at_first_1_0r,-0.05411033188539062
266,trail_0_5r_after_1_0r,-0.05411033188539062
266,time_exit_after_4_bars_if_mfe_lt_0_3r,-0.0319119941658872
266,partial_50pct_at_1r,-0.05411033188539062
267,baseline,0.06768665027297759
267,breakeven_after_0_5r,0.06768665027297759
267,breakeven_after_1_0r,0.06768665027297759
267,exit_at_first_0_5r,0.06768665027297759
267,exit_at_first_1_0r,0.06768665027297759
267,trail_0_5r_after_1_0r,0.06768665027297759
267,time_exit_after_4_bars_if_mfe_lt_0_3r,-0.0035172757731048235
267,partial_50pct_at_1r,0.06768665027297759
268,baseline,-0.3869153326495622
268,breakeven_after_0_5r,-0.3869153326495622
268,breakeven_after_1_0r,-0.3869153326495622
268,exit_at_first_0_5r,-0.3869153326495622
268,exit_at_first_1_0r,-0.3869153326495622
268,trail_0_5r_after_1_0r,-0.3869153326495622
268,time_exit_after_4_bars_if_mfe_lt_0_3r,-0.38922092605181
268,partial_50pct_at_1r,-0.3869153326495622
269,baseline,-1.097805158556279
269,breakeven_after_0_5r,-1.097805158556279
269,breakeven_after_1_0r,-1.097805158556279
269,exit_at_first_0_5r,-1.097805158556279
269,exit_at_first_1_0r,-1.097805158556279
269,trail_0_5r_after_1_0r,-1.097805158556279
269,time_exit_after_4_bars_if_mfe_lt_0_3r,-0.18920408924382195
269,partial_50pct_at_1r,-1.097805158556279
270,baseline,-0.7012517784934678
270,breakeven_after_0_5r,-0.7012517784934678
270,breakeven_after_1_0r,-0.7012517784934678
270,exit_at_first_0_5r,-0.7012517784934678
270,exit_at_first_1_0r,-0.7012517784934678
270,trail_0_5r_after_1_0r,-0.7012517784934678
270,time_exit_after_4_bars_if_mfe_lt_0_3r,-0.7012517784934678
270,partial_50pct_at_1r,-0.7012517784934678
271,baseline,0.06373413756148893
271,breakeven_after_0_5r,0.06373413756148893
271,breakeven_after_1_0r,0.06373413756148893
271,exit_at_first_0_5r,0.06373413756148893
271,exit_at_first_1_0r,0.06373413756148893
271,trail_0_5r_after_1_0r,0.06373413756148893
271,time_exit_after_4_bars_if_mfe_lt_0_3r,0.06373413756148893
271,partial_50pct_at_1r,0.06373413756148893
272,baseline,-1.0922265133709472
272,breakeven_after_0_5r,-1.0922265133709472
272,breakeven_after_1_0r,-1.0922265133709472
272,exit_at_first_0_5r,-1.0922265133709472
272,exit_at_first_1_0r,-1.0922265133709472
272,trail_0_5r_after_1_0r,-1.0922265133709472
272,time_exit_after_4_bars_if_mfe_lt_0_3r,-1.0922265133709472
272,partial_50pct_at_1r,-1.0922265133709472
273,baseline,0.3290750117301357
273,breakeven_after_0_5r,0.3290750117301357
273,breakeven_after_1_0r,0.3290750117301357
273,exit_at_first_0_5r,0.5
273,exit_at_first_1_0r,0.3290750117301357
273,trail_0_5r_after_1_0r,0.3290750117301357
273,time_exit_after_4_bars_if_mfe_lt_0_3r,0.3290750117301357
273,partial_50pct_at_1r,0.3290750117301357
274,baseline,-1.0919054380717603
274,breakeven_after_0_5r,-1.0919054380717603
274,breakeven_after_1_0r,-1.0919054380717603
274,exit_at_first_0_5r,-1.0919054380717603
274,exit_at_first_1_0r,-1.0919054380717603
274,trail_0_5r_after_1_0r,-1.0919054380717603
274,time_exit_after_4_bars_if_mfe_lt_0_3r,-1.0919054380717603
274,partial_50pct_at_1r,-1.0919054380717603
275,baseline,0.22046321806831926
275,breakeven_after_0_5r,0.22046321806831926
275,breakeven_after_1_0r,0.22046321806831926
275,exit_at_first_0_5r,0.22046321806831926
275,exit_at_first_1_0r,0.22046321806831926
275,trail_0_5r_after_1_0r,0.22046321806831926
275,time_exit_after_4_bars_if_mfe_lt_0_3r,0.22046321806831926
275,partial_50pct_at_1r,0.22046321806831926
276,baseline,0.010279571384421779
276,breakeven_after_0_5r,0.010279571384421779
276,breakeven_after_1_0r,0.010279571384421779
276,exit_at_first_0_5r,0.010279571384421779
276,exit_at_first_1_0r,0.010279571384421779
276,trail_0_5r_after_1_0r,0.010279571384421779
276,time_exit_after_4_bars_if_mfe_lt_0_3r,0.08430485006356159
276,partial_50pct_at_1r,0.010279571384421779
277,baseline,-1.0767439740065554
277,breakeven_after_0_5r,-1.0767439740065554
277,breakeven_after_1_0r,-1.0767439740065554
277,exit_at_first_0_5r,-1.0767439740065554
277,exit_at_first_1_0r,-1.0767439740065554
277,trail_0_5r_after_1_0r,-1.0767439740065554
277,time_exit_after_4_bars_if_mfe_lt_0_3r,-0.09267015840659988
277,partial_50pct_at_1r,-1.0767439740065554
278,baseline,0.1040169989181625
278,breakeven_after_0_5r,0.1040169989181625
278,breakeven_after_1_0r,0.1040169989181625
278,exit_at_first_0_5r,0.1040169989181625
278,exit_at_first_1_0r,0.1040169989181625
278,trail_0_5r_after_1_0r,0.1040169989181625
278,time_exit_after_4_bars_if_mfe_lt_0_3r,-0.4081524368618485
278,partial_50pct_at_1r,0.1040169989181625
279,baseline,0.5110634277728695
279,breakeven_after_0_5r,0.5110634277728695
279,breakeven_after_1_0r,0.5110634277728695
279,exit_at_first_0_5r,0.5
279,exit_at_first_1_0r,0.5110634277728695
279,trail_0_5r_after_1_0r,0.5110634277728695
279,time_exit_after_4_bars_if_mfe_lt_0_3r,0.5110634277728695
279,partial_50pct_at_1r,0.5110634277728695
280,baseline,0.1855241035832228
280,breakeven_after_0_5r,0.1855241035832228
280,breakeven_after_1_0r,0.1855241035832228
280,exit_at_first_0_5r,0.1855241035832228
280,exit_at_first_1_0r,0.1855241035832228
280,trail_0_5r_after_1_0r,0.1855241035832228
280,time_exit_after_4_bars_if_mfe_lt_0_3r,0.07983192193548312
280,partial_50pct_at_1r,0.1855241035832228
281,baseline,-1.0472924375064965
281,breakeven_after_0_5r,-1.0472924375064965
281,breakeven_after_1_0r,-1.0472924375064965
281,exit_at_first_0_5r,-1.0472924375064965
281,exit_at_first_1_0r,-1.0472924375064965
281,trail_0_5r_after_1_0r,-1.0472924375064965
281,time_exit_after_4_bars_if_mfe_lt_0_3r,-0.5557459605790386
281,partial_50pct_at_1r,-1.0472924375064965
282,baseline,0.1350073343486581
282,breakeven_after_0_5r,0.1350073343486581
282,breakeven_after_1_0r,0.1350073343486581
282,exit_at_first_0_5r,0.5
282,exit_at_first_1_0r,0.1350073343486581
282,trail_0_5r_after_1_0r,0.1350073343486581
282,time_exit_after_4_bars_if_mfe_lt_0_3r,0.1350073343486581
282,partial_50pct_at_1r,0.1350073343486581
283,baseline,-0.6710142282463769
283,breakeven_after_0_5r,-0.6710142282463769
283,breakeven_after_1_0r,-0.6710142282463769
283,exit_at_first_0_5r,-0.6710142282463769
283,exit_at_first_1_0r,-0.6710142282463769
283,trail_0_5r_after_1_0r,-0.6710142282463769
283,time_exit_after_4_bars_if_mfe_lt_0_3r,-0.04836050961813199
283,partial_50pct_at_1r,-0.6710142282463769
284,baseline,0.10708740660010958
284,breakeven_after_0_5r,0.10708740660010958
284,breakeven_after_1_0r,0.10708740660010958
284,exit_at_first_0_5r,0.5
284,exit_at_first_1_0r,0.10708740660010958
284,trail_0_5r_after_1_0r,0.10708740660010958
284,time_exit_after_4_bars_if_mfe_lt_0_3r,0.10708740660010958
284,partial_50pct_at_1r,0.10708740660010958
285,baseline,0.292651961735016
285,breakeven_after_0_5r,0.292651961735016
285,breakeven_after_1_0r,0.292651961735016
285,exit_at_first_0_5r,0.292651961735016
285,exit_at_first_1_0r,0.292651961735016
285,trail_0_5r_after_1_0r,0.292651961735016
285,time_exit_after_4_bars_if_mfe_lt_0_3r,0.292651961735016
285,partial_50pct_at_1r,0.292651961735016
286,baseline,-0.033624266278360695
286,breakeven_after_0_5r,-0.033624266278360695
286,breakeven_after_1_0r,-0.033624266278360695
286,exit_at_first_0_5r,-0.033624266278360695
286,exit_at_first_1_0r,-0.033624266278360695
286,trail_0_5r_after_1_0r,-0.033624266278360695
286,time_exit_after_4_bars_if_mfe_lt_0_3r,-0.033624266278360695
286,partial_50pct_at_1r,-0.033624266278360695
287,baseline,-0.08875027612365455
287,breakeven_after_0_5r,-0.08875027612365455
287,breakeven_after_1_0r,-0.08875027612365455
287,exit_at_first_0_5r,-0.08875027612365455
287,exit_at_first_1_0r,-0.08875027612365455
287,trail_0_5r_after_1_0r,-0.08875027612365455
287,time_exit_after_4_bars_if_mfe_lt_0_3r,-0.10433145033776071
287,partial_50pct_at_1r,-0.08875027612365455
288,baseline,0.1827119958497016
288,breakeven_after_0_5r,0.1827119958497016
288,breakeven_after_1_0r,0.1827119958497016
288,exit_at_first_0_5r,0.5
288,exit_at_first_1_0r,0.1827119958497016
288,trail_0_5r_after_1_0r,0.1827119958497016
288,time_exit_after_4_bars_if_mfe_lt_0_3r,-0.6606790759606788
288,partial_50pct_at_1r,0.1827119958497016
289,baseline,0.2526006683551662
289,breakeven_after_0_5r,0.2526006683551662
289,breakeven_after_1_0r,0.2526006683551662
289,exit_at_first_0_5r,0.2526006683551662
289,exit_at_first_1_0r,0.2526006683551662
289,trail_0_5r_after_1_0r,0.2526006683551662
289,time_exit_after_4_bars_if_mfe_lt_0_3r,0.2526006683551662
289,partial_50pct_at_1r,0.2526006683551662
290,baseline,-1.0457885602039956
290,breakeven_after_0_5r,-1.0457885602039956
290,breakeven_after_1_0r,-1.0457885602039956
290,exit_at_first_0_5r,-1.0457885602039956
290,exit_at_first_1_0r,-1.0457885602039956
290,trail_0_5r_after_1_0r,-1.0457885602039956
290,time_exit_after_4_bars_if_mfe_lt_0_3r,-0.2145681468158575
290,partial_50pct_at_1r,-1.0457885602039956
291,baseline,1.1168405499542047
291,breakeven_after_0_5r,1.1168405499542047
291,breakeven_after_1_0r,1.1168405499542047
291,exit_at_first_0_5r,0.5
291,exit_at_first_1_0r,1.0
291,trail_0_5r_after_1_0r,0.7887259193469769
291,time_exit_after_4_bars_if_mfe_lt_0_3r,1.1168405499542047
291,partial_50pct_at_1r,1.0584202749771023
292,baseline,-0.2130428273923259
292,breakeven_after_0_5r,-0.2130428273923259
292,breakeven_after_1_0r,-0.2130428273923259
292,exit_at_first_0_5r,-0.2130428273923259
292,exit_at_first_1_0r,-0.2130428273923259
292,trail_0_5r_after_1_0r,-0.2130428273923259
292,time_exit_after_4_bars_if_mfe_lt_0_3r,-0.2130428273923259
292,partial_50pct_at_1r,-0.2130428273923259
293,baseline,0.358427384883971
293,breakeven_after_0_5r,0.358427384883971
293,breakeven_after_1_0r,0.358427384883971
293,exit_at_first_0_5r,0.5
293,exit_at_first_1_0r,0.358427384883971
293,trail_0_5r_after_1_0r,0.358427384883971
293,time_exit_after_4_bars_if_mfe_lt_0_3r,0.358427384883971
293,partial_50pct_at_1r,0.358427384883971
294,baseline,0.13521477388432107
294,breakeven_after_0_5r,0.13521477388432107
294,breakeven_after_1_0r,0.13521477388432107
294,exit_at_first_0_5r,0.5
294,exit_at_first_1_0r,0.13521477388432107
294,trail_0_5r_after_1_0r,0.13521477388432107
294,time_exit_after_4_bars_if_mfe_lt_0_3r,0.13521477388432107
294,partial_50pct_at_1r,0.13521477388432107
295,baseline,-0.006740418469576597
295,breakeven_after_0_5r,-0.006740418469576597
295,breakeven_after_1_0r,-0.006740418469576597
295,exit_at_first_0_5r,-0.006740418469576597
295,exit_at_first_1_0r,-0.006740418469576597
295,trail_0_5r_after_1_0r,-0.006740418469576597
295,time_exit_after_4_bars_if_mfe_lt_0_3r,0.07155268492842043
295,partial_50pct_at_1r,-0.006740418469576597
296,baseline,-0.3832019386948215
296,breakeven_after_0_5r,-0.3832019386948215
296,breakeven_after_1_0r,-0.3832019386948215
296,exit_at_first_0_5r,-0.3832019386948215
296,exit_at_first_1_0r,-0.3832019386948215
296,trail_0_5r_after_1_0r,-0.3832019386948215
296,time_exit_after_4_bars_if_mfe_lt_0_3r,-0.08862220285094484
296,partial_50pct_at_1r,-0.3832019386948215
297,baseline,0.08802886844379051
297,breakeven_after_0_5r,0.08802886844379051
297,breakeven_after_1_0r,0.08802886844379051
297,exit_at_first_0_5r,0.08802886844379051
297,exit_at_first_1_0r,0.08802886844379051
297,trail_0_5r_after_1_0r,0.08802886844379051
297,time_exit_after_4_bars_if_mfe_lt_0_3r,-0.27964341693673095
297,partial_50pct_at_1r,0.08802886844379051
298,baseline,1.2800045139244238
298,breakeven_after_0_5r,0.0
298,breakeven_after_1_0r,0.0
298,exit_at_first_0_5r,0.5
298,exit_at_first_1_0r,1.0
298,trail_0_5r_after_1_0r,1.105252606713376
298,time_exit_after_4_bars_if_mfe_lt_0_3r,1.2800045139244238
298,partial_50pct_at_1r,1.140002256962212
299,baseline,0.7296517749248358
299,breakeven_after_0_5r,0.0
299,breakeven_after_1_0r,0.7296517749248358
299,exit_at_first_0_5r,0.5
299,exit_at_first_1_0r,0.7296517749248358
299,trail_0_5r_after_1_0r,0.7296517749248358
299,time_exit_after_4_bars_if_mfe_lt_0_3r,0.7296517749248358
299,partial_50pct_at_1r,0.7296517749248358
300,baseline,0.030930858833562485
300,breakeven_after_0_5r,0.030930858833562485
300,breakeven_after_1_0r,0.030930858833562485
300,exit_at_first_0_5r,0.030930858833562485
300,exit_at_first_1_0r,0.030930858833562485
300,trail_0_5r_after_1_0r,0.030930858833562485
300,time_exit_after_4_bars_if_mfe_lt_0_3r,-0.5246755217203843
300,partial_50pct_at_1r,0.030930858833562485
301,baseline,0.25286036383383975
301,breakeven_after_0_5r,0.0
301,breakeven_after_1_0r,0.25286036383383975
301,exit_at_first_0_5r,0.5
301,exit_at_first_1_0r,0.25286036383383975
301,trail_0_5r_after_1_0r,0.25286036383383975
301,time_exit_after_4_bars_if_mfe_lt_0_3r,0.25286036383383975
301,partial_50pct_at_1r,0.25286036383383975
302,baseline,-1.0448430543374578
302,breakeven_after_0_5r,-1.0448430543374578
302,breakeven_after_1_0r,-1.0448430543374578
302,exit_at_first_0_5r,-1.0448430543374578
302,exit_at_first_1_0r,-1.0448430543374578
302,trail_0_5r_after_1_0r,-1.0448430543374578
302,time_exit_after_4_bars_if_mfe_lt_0_3r,-1.0448430543374578
302,partial_50pct_at_1r,-1.0448430543374578
303,baseline,-1.0492237144814864
303,breakeven_after_0_5r,-1.0492237144814864
303,breakeven_after_1_0r,-1.0492237144814864
303,exit_at_first_0_5r,-1.0492237144814864
303,exit_at_first_1_0r,-1.0492237144814864
303,trail_0_5r_after_1_0r,-1.0492237144814864
303,time_exit_after_4_bars_if_mfe_lt_0_3r,0.014182340970384538
303,partial_50pct_at_1r,-1.0492237144814864
304,baseline,-1.05693730003521
304,breakeven_after_0_5r,-1.05693730003521
304,breakeven_after_1_0r,-1.05693730003521
304,exit_at_first_0_5r,-1.05693730003521
304,exit_at_first_1_0r,-1.05693730003521
304,trail_0_5r_after_1_0r,-1.05693730003521
304,time_exit_after_4_bars_if_mfe_lt_0_3r,-1.05693730003521
304,partial_50pct_at_1r,-1.05693730003521
305,baseline,0.9147993625399884
305,breakeven_after_0_5r,0.0
305,breakeven_after_1_0r,0.9147993625399884
305,exit_at_first_0_5r,0.5
305,exit_at_first_1_0r,1.0
305,trail_0_5r_after_1_0r,0.6855475012586862
305,time_exit_after_4_bars_if_mfe_lt_0_3r,-0.0817087354573489
305,partial_50pct_at_1r,0.9573996812699942
306,baseline,-0.11083733995422083
306,breakeven_after_0_5r,-0.11083733995422083
306,breakeven_after_1_0r,-0.11083733995422083
306,exit_at_first_0_5r,-0.11083733995422083
306,exit_at_first_1_0r,-0.11083733995422083
306,trail_0_5r_after_1_0r,-0.11083733995422083
306,time_exit_after_4_bars_if_mfe_lt_0_3r,0.1012757732732204
306,partial_50pct_at_1r,-0.11083733995422083
307,baseline,0.05811616669859215
307,breakeven_after_0_5r,0.05811616669859215
307,breakeven_after_1_0r,0.05811616669859215
307,exit_at_first_0_5r,0.05811616669859215
307,exit_at_first_1_0r,0.05811616669859215
307,trail_0_5r_after_1_0r,0.05811616669859215
307,time_exit_after_4_bars_if_mfe_lt_0_3r,0.05811616669859215
307,partial_50pct_at_1r,0.05811616669859215
308,baseline,0.42270454489865866
308,breakeven_after_0_5r,0.0
308,breakeven_after_1_0r,0.42270454489865866
308,exit_at_first_0_5r,0.5
308,exit_at_first_1_0r,0.42270454489865866
308,trail_0_5r_after_1_0r,0.42270454489865866
308,time_exit_after_4_bars_if_mfe_lt_0_3r,-0.12395524234171455
308,partial_50pct_at_1r,0.42270454489865866
309,baseline,0.7598665779479744
309,breakeven_after_0_5r,0.7598665779479744
309,breakeven_after_1_0r,0.7598665779479744
309,exit_at_first_0_5r,0.5
309,exit_at_first_1_0r,1.0
309,trail_0_5r_after_1_0r,0.6368175488698369
309,time_exit_after_4_bars_if_mfe_lt_0_3r,0.7598665779479744
309,partial_50pct_at_1r,0.8799332889739873
310,baseline,0.13014286044713164
310,breakeven_after_0_5r,0.13014286044713164
310,breakeven_after_1_0r,0.13014286044713164
310,exit_at_first_0_5r,0.13014286044713164
310,exit_at_first_1_0r,0.13014286044713164
310,trail_0_5r_after_1_0r,0.13014286044713164
310,time_exit_after_4_bars_if_mfe_lt_0_3r,0.08669667803556444
310,partial_50pct_at_1r,0.13014286044713164
311,baseline,0.4448722044357095
311,breakeven_after_0_5r,0.0
311,breakeven_after_1_0r,0.4448722044357095
311,exit_at_first_0_5r,0.5
311,exit_at_first_1_0r,0.4448722044357095
311,trail_0_5r_after_1_0r,0.4448722044357095
311,time_exit_after_4_bars_if_mfe_lt_0_3r,0.4448722044357095
311,partial_50pct_at_1r,0.4448722044357095
312,baseline,0.15535364462100376
312,breakeven_after_0_5r,0.15535364462100376
312,breakeven_after_1_0r,0.15535364462100376
312,exit_at_first_0_5r,0.5
312,exit_at_first_1_0r,1.0
312,trail_0_5r_after_1_0r,0.6650812375922399
312,time_exit_after_4_bars_if_mfe_lt_0_3r,-0.24237701499407294
312,partial_50pct_at_1r,0.5776768223105019
313,baseline,-0.36074433340894685
313,breakeven_after_0_5r,-0.36074433340894685
313,breakeven_after_1_0r,-0.36074433340894685
313,exit_at_first_0_5r,-0.36074433340894685
313,exit_at_first_1_0r,-0.36074433340894685
313,trail_0_5r_after_1_0r,-0.36074433340894685
313,time_exit_after_4_bars_if_mfe_lt_0_3r,-0.0208613497014088
313,partial_50pct_at_1r,-0.36074433340894685
314,baseline,-1.0497471061772992
314,breakeven_after_0_5r,-1.0497471061772992
314,breakeven_after_1_0r,-1.0497471061772992
314,exit_at_first_0_5r,-1.0497471061772992
314,exit_at_first_1_0r,-1.0497471061772992
314,trail_0_5r_after_1_0r,-1.0497471061772992
314,time_exit_after_4_bars_if_mfe_lt_0_3r,-1.0497471061772992
314,partial_50pct_at_1r,-1.0497471061772992
315,baseline,0.150409099473087
315,breakeven_after_0_5r,0.150409099473087
315,breakeven_after_1_0r,0.150409099473087
315,exit_at_first_0_5r,0.150409099473087
315,exit_at_first_1_0r,0.150409099473087
315,trail_0_5r_after_1_0r,0.150409099473087
315,time_exit_after_4_bars_if_mfe_lt_0_3r,0.150409099473087
315,partial_50pct_at_1r,0.150409099473087
316,baseline,0.17860056918679276
316,breakeven_after_0_5r,0.17860056918679276
316,breakeven_after_1_0r,0.17860056918679276
316,exit_at_first_0_5r,0.17860056918679276
316,exit_at_first_1_0r,0.17860056918679276
316,trail_0_5r_after_1_0r,0.17860056918679276
316,time_exit_after_4_bars_if_mfe_lt_0_3r,-0.004206505205009398
316,partial_50pct_at_1r,0.17860056918679276
317,baseline,0.6220252065241934
317,breakeven_after_0_5r,0.6220252065241934
317,breakeven_after_1_0r,0.6220252065241934
317,exit_at_first_0_5r,0.5
317,exit_at_first_1_0r,0.6220252065241934
317,trail_0_5r_after_1_0r,0.6220252065241934
317,time_exit_after_4_bars_if_mfe_lt_0_3r,0.6220252065241934
317,partial_50pct_at_1r,0.6220252065241934
318,baseline,0.09387393835394274
318,breakeven_after_0_5r,0.09387393835394274
318,breakeven_after_1_0r,0.09387393835394274
318,exit_at_first_0_5r,0.09387393835394274
318,exit_at_first_1_0r,0.09387393835394274
318,trail_0_5r_after_1_0r,0.09387393835394274
318,time_exit_after_4_bars_if_mfe_lt_0_3r,0.09387393835394274
318,partial_50pct_at_1r,0.09387393835394274
319,baseline,-0.3673413835984813
319,breakeven_after_0_5r,-0.3673413835984813
319,breakeven_after_1_0r,-0.3673413835984813
319,exit_at_first_0_5r,-0.3673413835984813
319,exit_at_first_1_0r,-0.3673413835984813
319,trail_0_5r_after_1_0r,-0.3673413835984813
319,time_exit_after_4_bars_if_mfe_lt_0_3r,-0.07006581344769823
319,partial_50pct_at_1r,-0.3673413835984813
320,baseline,-1.0510515939878577
320,breakeven_after_0_5r,-1.0510515939878577
320,breakeven_after_1_0r,-1.0510515939878577
320,exit_at_first_0_5r,-1.0510515939878577
320,exit_at_first_1_0r,-1.0510515939878577
320,trail_0_5r_after_1_0r,-1.0510515939878577
320,time_exit_after_4_bars_if_mfe_lt_0_3r,-1.0510515939878577
320,partial_50pct_at_1r,-1.0510515939878577
321,baseline,0.5356773416434659
321,breakeven_after_0_5r,0.5356773416434659
321,breakeven_after_1_0r,0.5356773416434659
321,exit_at_first_0_5r,0.5
321,exit_at_first_1_0r,0.5356773416434659
321,trail_0_5r_after_1_0r,0.5356773416434659
321,time_exit_after_4_bars_if_mfe_lt_0_3r,0.5356773416434659
321,partial_50pct_at_1r,0.5356773416434659
322,baseline,-0.25652479344854523
322,breakeven_after_0_5r,-0.25652479344854523
322,breakeven_after_1_0r,-0.25652479344854523
322,exit_at_first_0_5r,-0.25652479344854523
322,exit_at_first_1_0r,-0.25652479344854523
322,trail_0_5r_after_1_0r,-0.25652479344854523
322,time_exit_after_4_bars_if_mfe_lt_0_3r,-0.049733461941221406
322,partial_50pct_at_1r,-0.25652479344854523
323,baseline,0.08928806451305515
323,breakeven_after_0_5r,0.08928806451305515
323,breakeven_after_1_0r,0.08928806451305515
323,exit_at_first_0_5r,0.08928806451305515
323,exit_at_first_1_0r,0.08928806451305515
323,trail_0_5r_after_1_0r,0.08928806451305515
323,time_exit_after_4_bars_if_mfe_lt_0_3r,0.08928806451305515
323,partial_50pct_at_1r,0.08928806451305515
324,baseline,0.11269398332656935
324,breakeven_after_0_5r,0.11269398332656935
324,breakeven_after_1_0r,0.11269398332656935
324,exit_at_first_0_5r,0.11269398332656935
324,exit_at_first_1_0r,0.11269398332656935
324,trail_0_5r_after_1_0r,0.11269398332656935
324,time_exit_after_4_bars_if_mfe_lt_0_3r,0.11269398332656935
324,partial_50pct_at_1r,0.11269398332656935
325,baseline,0.38988976453167024
325,breakeven_after_0_5r,0.38988976453167024
325,breakeven_after_1_0r,0.38988976453167024
325,exit_at_first_0_5r,0.5
325,exit_at_first_1_0r,0.38988976453167024
325,trail_0_5r_after_1_0r,0.38988976453167024
325,time_exit_after_4_bars_if_mfe_lt_0_3r,0.38988976453167024
325,partial_50pct_at_1r,0.38988976453167024
326,baseline,0.07527064550681492
326,breakeven_after_0_5r,0.07527064550681492
326,breakeven_after_1_0r,0.07527064550681492
326,exit_at_first_0_5r,0.07527064550681492
326,exit_at_first_1_0r,0.07527064550681492
326,trail_0_5r_after_1_0r,0.07527064550681492
326,time_exit_after_4_bars_if_mfe_lt_0_3r,-1.0947058111103244e-14
326,partial_50pct_at_1r,0.07527064550681492
327,baseline,0.16030400427423527
327,breakeven_after_0_5r,0.16030400427423527
327,breakeven_after_1_0r,0.16030400427423527
327,exit_at_first_0_5r,0.16030400427423527
327,exit_at_first_1_0r,0.16030400427423527
327,trail_0_5r_after_1_0r,0.16030400427423527
327,time_exit_after_4_bars_if_mfe_lt_0_3r,0.15274016456399475
327,partial_50pct_at_1r,0.16030400427423527
328,baseline,0.3014630334830768
328,breakeven_after_0_5r,0.3014630334830768
328,breakeven_after_1_0r,0.3014630334830768
328,exit_at_first_0_5r,0.5
328,exit_at_first_1_0r,0.3014630334830768
328,trail_0_5r_after_1_0r,0.3014630334830768
328,time_exit_after_4_bars_if_mfe_lt_0_3r,0.3014630334830768
328,partial_50pct_at_1r,0.3014630334830768
329,baseline,0.1669833765888028
329,breakeven_after_0_5r,0.1669833765888028
329,breakeven_after_1_0r,0.1669833765888028
329,exit_at_first_0_5r,0.1669833765888028
329,exit_at_first_1_0r,0.1669833765888028
329,trail_0_5r_after_1_0r,0.1669833765888028
329,time_exit_after_4_bars_if_mfe_lt_0_3r,-0.3842358862998862
329,partial_50pct_at_1r,0.1669833765888028
330,baseline,0.8149926119383344
330,breakeven_after_0_5r,0.0
330,breakeven_after_1_0r,0.0
330,exit_at_first_0_5r,0.5
330,exit_at_first_1_0r,1.0
330,trail_0_5r_after_1_0r,0.7750134231662351
330,time_exit_after_4_bars_if_mfe_lt_0_3r,-0.025614108947534145
330,partial_50pct_at_1r,0.9074963059691672
331,baseline,0.7209584205174212
331,breakeven_after_0_5r,0.7209584205174212
331,breakeven_after_1_0r,0.7209584205174212
331,exit_at_first_0_5r,0.5
331,exit_at_first_1_0r,1.0
331,trail_0_5r_after_1_0r,0.7209584205174212
331,time_exit_after_4_bars_if_mfe_lt_0_3r,0.7209584205174212
331,partial_50pct_at_1r,0.8604792102587107
332,baseline,-0.16404847853759355
332,breakeven_after_0_5r,-0.16404847853759355
332,breakeven_after_1_0r,-0.16404847853759355
332,exit_at_first_0_5r,-0.16404847853759355
332,exit_at_first_1_0r,-0.16404847853759355
332,trail_0_5r_after_1_0r,-0.16404847853759355
332,time_exit_after_4_bars_if_mfe_lt_0_3r,-0.21650636393462278
332,partial_50pct_at_1r,-0.16404847853759355
333,baseline,0.11017296435253969
333,breakeven_after_0_5r,0.11017296435253969
333,breakeven_after_1_0r,0.11017296435253969
333,exit_at_first_0_5r,0.5
333,exit_at_first_1_0r,0.11017296435253969
333,trail_0_5r_after_1_0r,0.11017296435253969
333,time_exit_after_4_bars_if_mfe_lt_0_3r,-0.3376705248210673
333,partial_50pct_at_1r,0.11017296435253969
334,baseline,0.09865459559731246
334,breakeven_after_0_5r,0.09865459559731246
334,breakeven_after_1_0r,0.09865459559731246
334,exit_at_first_0_5r,0.09865459559731246
334,exit_at_first_1_0r,0.09865459559731246
334,trail_0_5r_after_1_0r,0.09865459559731246
334,time_exit_after_4_bars_if_mfe_lt_0_3r,0.09865459559731246
334,partial_50pct_at_1r,0.09865459559731246
335,baseline,-0.3501104607521649
335,breakeven_after_0_5r,-0.3501104607521649
335,breakeven_after_1_0r,-0.3501104607521649
335,exit_at_first_0_5r,-0.3501104607521649
335,exit_at_first_1_0r,-0.3501104607521649
335,trail_0_5r_after_1_0r,-0.3501104607521649
335,time_exit_after_4_bars_if_mfe_lt_0_3r,-0.5185819403347911
335,partial_50pct_at_1r,-0.3501104607521649
336,baseline,-0.36170307572652916
336,breakeven_after_0_5r,-0.36170307572652916
336,breakeven_after_1_0r,-0.36170307572652916
336,exit_at_first_0_5r,-0.36170307572652916
336,exit_at_first_1_0r,-0.36170307572652916
336,trail_0_5r_after_1_0r,-0.36170307572652916
336,time_exit_after_4_bars_if_mfe_lt_0_3r,-0.5250977097018245
336,partial_50pct_at_1r,-0.36170307572652916
337,baseline,0.016212051547332577
337,breakeven_after_0_5r,0.016212051547332577
337,breakeven_after_1_0r,0.016212051547332577
337,exit_at_first_0_5r,0.016212051547332577
337,exit_at_first_1_0r,0.016212051547332577
337,trail_0_5r_after_1_0r,0.016212051547332577
337,time_exit_after_4_bars_if_mfe_lt_0_3r,0.016212051547332577
337,partial_50pct_at_1r,0.016212051547332577
338,baseline,0.007738032505410099
338,breakeven_after_0_5r,0.007738032505410099
338,breakeven_after_1_0r,0.007738032505410099
338,exit_at_first_0_5r,0.007738032505410099
338,exit_at_first_1_0r,0.007738032505410099
338,trail_0_5r_after_1_0r,0.007738032505410099
338,time_exit_after_4_bars_if_mfe_lt_0_3r,-0.07316048357682012
338,partial_50pct_at_1r,0.007738032505410099
339,baseline,-1.0534193938982723
339,breakeven_after_0_5r,-1.0534193938982723
339,breakeven_after_1_0r,-1.0534193938982723
339,exit_at_first_0_5r,-1.0534193938982723
339,exit_at_first_1_0r,-1.0534193938982723
339,trail_0_5r_after_1_0r,-1.0534193938982723
339,time_exit_after_4_bars_if_mfe_lt_0_3r,-1.0534193938982723
339,partial_50pct_at_1r,-1.0534193938982723
340,baseline,-0.4105138557298225
340,breakeven_after_0_5r,-0.4105138557298225
340,breakeven_after_1_0r,-0.4105138557298225
340,exit_at_first_0_5r,-0.4105138557298225
340,exit_at_first_1_0r,-0.4105138557298225
340,trail_0_5r_after_1_0r,-0.4105138557298225
340,time_exit_after_4_bars_if_mfe_lt_0_3r,-0.31888457101036916
340,partial_50pct_at_1r,-0.4105138557298225
341,baseline,0.08321587868006845
341,breakeven_after_0_5r,0.08321587868006845
341,breakeven_after_1_0r,0.08321587868006845
341,exit_at_first_0_5r,0.08321587868006845
341,exit_at_first_1_0r,0.08321587868006845
341,trail_0_5r_after_1_0r,0.08321587868006845
341,time_exit_after_4_bars_if_mfe_lt_0_3r,0.06960519209560836
341,partial_50pct_at_1r,0.08321587868006845
342,baseline,-1.0524852440920178
342,breakeven_after_0_5r,-1.0524852440920178
342,breakeven_after_1_0r,-1.0524852440920178
342,exit_at_first_0_5r,-1.0524852440920178
342,exit_at_first_1_0r,-1.0524852440920178
342,trail_0_5r_after_1_0r,-1.0524852440920178
342,time_exit_after_4_bars_if_mfe_lt_0_3r,-0.5087237727244229
342,partial_50pct_at_1r,-1.0524852440920178
343,baseline,-0.08447088971500791
343,breakeven_after_0_5r,-0.08447088971500791
343,breakeven_after_1_0r,-0.08447088971500791
343,exit_at_first_0_5r,-0.08447088971500791
343,exit_at_first_1_0r,-0.08447088971500791
343,trail_0_5r_after_1_0r,-0.08447088971500791
343,time_exit_after_4_bars_if_mfe_lt_0_3r,0.057906696316366926
343,partial_50pct_at_1r,-0.08447088971500791
344,baseline,-0.05893390965385212
344,breakeven_after_0_5r,-0.05893390965385212
344,breakeven_after_1_0r,-0.05893390965385212
344,exit_at_first_0_5r,-0.05893390965385212
344,exit_at_first_1_0r,-0.05893390965385212
344,trail_0_5r_after_1_0r,-0.05893390965385212
344,time_exit_after_4_bars_if_mfe_lt_0_3r,-0.19860613527520762
344,partial_50pct_at_1r,-0.05893390965385212
345,baseline,-0.32527311269768605
345,breakeven_after_0_5r,-0.32527311269768605
345,breakeven_after_1_0r,-0.32527311269768605
345,exit_at_first_0_5r,-0.32527311269768605
345,exit_at_first_1_0r,-0.32527311269768605
345,trail_0_5r_after_1_0r,-0.32527311269768605
345,time_exit_after_4_bars_if_mfe_lt_0_3r,0.06929574607808012
345,partial_50pct_at_1r,-0.32527311269768605
346,baseline,0.15646278271857167
346,breakeven_after_0_5r,0.15646278271857167
346,breakeven_after_1_0r,0.15646278271857167
346,exit_at_first_0_5r,0.15646278271857167
346,exit_at_first_1_0r,0.15646278271857167
346,trail_0_5r_after_1_0r,0.15646278271857167
346,time_exit_after_4_bars_if_mfe_lt_0_3r,0.15646278271857167
346,partial_50pct_at_1r,0.15646278271857167
347,baseline,0.04295631990355109
347,breakeven_after_0_5r,0.04295631990355109
347,breakeven_after_1_0r,0.04295631990355109
347,exit_at_first_0_5r,0.04295631990355109
347,exit_at_first_1_0r,0.04295631990355109
347,trail_0_5r_after_1_0r,0.04295631990355109
347,time_exit_after_4_bars_if_mfe_lt_0_3r,0.05832961283785488
347,partial_50pct_at_1r,0.04295631990355109
348,baseline,-0.21264348403245603
348,breakeven_after_0_5r,-0.21264348403245603
348,breakeven_after_1_0r,-0.21264348403245603
348,exit_at_first_0_5r,-0.21264348403245603
348,exit_at_first_1_0r,-0.21264348403245603
348,trail_0_5r_after_1_0r,-0.21264348403245603
348,time_exit_after_4_bars_if_mfe_lt_0_3r,-0.16511442118159442
348,partial_50pct_at_1r,-0.21264348403245603
349,baseline,0.613110277011566
349,breakeven_after_0_5r,0.0
349,breakeven_after_1_0r,0.613110277011566
349,exit_at_first_0_5r,0.5
349,exit_at_first_1_0r,1.0
349,trail_0_5r_after_1_0r,0.6784798175078286
349,time_exit_after_4_bars_if_mfe_lt_0_3r,0.613110277011566
349,partial_50pct_at_1r,0.806555138505783
350,baseline,-1.0696842400406599
350,breakeven_after_0_5r,-1.0696842400406599
350,breakeven_after_1_0r,-1.0696842400406599
350,exit_at_first_0_5r,-1.0696842400406599
350,exit_at_first_1_0r,-1.0696842400406599
350,trail_0_5r_after_1_0r,-1.0696842400406599
350,time_exit_after_4_bars_if_mfe_lt_0_3r,-1.0696842400406599
350,partial_50pct_at_1r,-1.0696842400406599
351,baseline,-0.1809663530448899
351,breakeven_after_0_5r,-0.1809663530448899
351,breakeven_after_1_0r,-0.1809663530448899
351,exit_at_first_0_5r,-0.1809663530448899
351,exit_at_first_1_0r,-0.1809663530448899
351,trail_0_5r_after_1_0r,-0.1809663530448899
351,time_exit_after_4_bars_if_mfe_lt_0_3r,-0.1809663530448899
351,partial_50pct_at_1r,-0.1809663530448899
352,baseline,0.15757079765818022
352,breakeven_after_0_5r,0.15757079765818022
352,breakeven_after_1_0r,0.15757079765818022
352,exit_at_first_0_5r,0.15757079765818022
352,exit_at_first_1_0r,0.15757079765818022
352,trail_0_5r_after_1_0r,0.15757079765818022
352,time_exit_after_4_bars_if_mfe_lt_0_3r,0.15757079765818022
352,partial_50pct_at_1r,0.15757079765818022
353,baseline,0.11538727113522726
353,breakeven_after_0_5r,0.11538727113522726
353,breakeven_after_1_0r,0.11538727113522726
353,exit_at_first_0_5r,0.5
353,exit_at_first_1_0r,0.11538727113522726
353,trail_0_5r_after_1_0r,0.11538727113522726
353,time_exit_after_4_bars_if_mfe_lt_0_3r,0.11538727113522726
353,partial_50pct_at_1r,0.11538727113522726
354,baseline,0.14119295310622018
354,breakeven_after_0_5r,0.14119295310622018
354,breakeven_after_1_0r,0.14119295310622018
354,exit_at_first_0_5r,0.5
354,exit_at_first_1_0r,0.14119295310622018
354,trail_0_5r_after_1_0r,0.14119295310622018
354,time_exit_after_4_bars_if_mfe_lt_0_3r,0.14119295310622018
354,partial_50pct_at_1r,0.14119295310622018
355,baseline,0.14502035199411611
355,breakeven_after_0_5r,0.14502035199411611
355,breakeven_after_1_0r,0.14502035199411611
355,exit_at_first_0_5r,0.14502035199411611
355,exit_at_first_1_0r,0.14502035199411611
355,trail_0_5r_after_1_0r,0.14502035199411611
355,time_exit_after_4_bars_if_mfe_lt_0_3r,0.14502035199411611
355,partial_50pct_at_1r,0.14502035199411611
356,baseline,0.1780855307347923
356,breakeven_after_0_5r,0.1780855307347923
356,breakeven_after_1_0r,0.1780855307347923
356,exit_at_first_0_5r,0.1780855307347923
356,exit_at_first_1_0r,0.1780855307347923
356,trail_0_5r_after_1_0r,0.1780855307347923
356,time_exit_after_4_bars_if_mfe_lt_0_3r,0.1780855307347923
356,partial_50pct_at_1r,0.1780855307347923
357,baseline,0.089944915770733
357,breakeven_after_0_5r,0.089944915770733
357,breakeven_after_1_0r,0.089944915770733
357,exit_at_first_0_5r,0.089944915770733
357,exit_at_first_1_0r,0.089944915770733
357,trail_0_5r_after_1_0r,0.089944915770733
357,time_exit_after_4_bars_if_mfe_lt_0_3r,0.10870653560078446
357,partial_50pct_at_1r,0.089944915770733
358,baseline,0.14715343217679913
358,breakeven_after_0_5r,0.14715343217679913
358,breakeven_after_1_0r,0.14715343217679913
358,exit_at_first_0_5r,0.14715343217679913
358,exit_at_first_1_0r,0.14715343217679913
358,trail_0_5r_after_1_0r,0.14715343217679913
358,time_exit_after_4_bars_if_mfe_lt_0_3r,0.14715343217679913
358,partial_50pct_at_1r,0.14715343217679913
359,baseline,0.08129794745020888
359,breakeven_after_0_5r,0.08129794745020888
359,breakeven_after_1_0r,0.08129794745020888
359,exit_at_first_0_5r,0.08129794745020888
359,exit_at_first_1_0r,0.08129794745020888
359,trail_0_5r_after_1_0r,0.08129794745020888
359,time_exit_after_4_bars_if_mfe_lt_0_3r,0.2018600681278809
359,partial_50pct_at_1r,0.08129794745020888
360,baseline,0.031003812813248037
360,breakeven_after_0_5r,0.031003812813248037
360,breakeven_after_1_0r,0.031003812813248037
360,exit_at_first_0_5r,0.031003812813248037
360,exit_at_first_1_0r,0.031003812813248037
360,trail_0_5r_after_1_0r,0.031003812813248037
360,time_exit_after_4_bars_if_mfe_lt_0_3r,0.031003812813248037
360,partial_50pct_at_1r,0.031003812813248037
361,baseline,0.09515544113063379
361,breakeven_after_0_5r,0.09515544113063379
361,breakeven_after_1_0r,0.09515544113063379
361,exit_at_first_0_5r,0.09515544113063379
361,exit_at_first_1_0r,0.09515544113063379
361,trail_0_5r_after_1_0r,0.09515544113063379
361,time_exit_after_4_bars_if_mfe_lt_0_3r,0.09515544113063379
361,partial_50pct_at_1r,0.09515544113063379
362,baseline,0.8280154566583321
362,breakeven_after_0_5r,0.0
362,breakeven_after_1_0r,0.0
362,exit_at_first_0_5r,0.5
362,exit_at_first_1_0r,1.0
362,trail_0_5r_after_1_0r,0.5026622272324768
362,time_exit_after_4_bars_if_mfe_lt_0_3r,0.8280154566583321
362,partial_50pct_at_1r,0.9140077283291661
363,baseline,0.1719389584601856
363,breakeven_after_0_5r,0.1719389584601856
363,breakeven_after_1_0r,0.1719389584601856
363,exit_at_first_0_5r,0.1719389584601856
363,exit_at_first_1_0r,0.1719389584601856
363,trail_0_5r_after_1_0r,0.1719389584601856
363,time_exit_after_4_bars_if_mfe_lt_0_3r,0.1719389584601856
363,partial_50pct_at_1r,0.1719389584601856
364,baseline,-0.4638473463934828
364,breakeven_after_0_5r,-0.4638473463934828
364,breakeven_after_1_0r,-0.4638473463934828
364,exit_at_first_0_5r,-0.4638473463934828
364,exit_at_first_1_0r,-0.4638473463934828
364,trail_0_5r_after_1_0r,-0.4638473463934828
364,time_exit_after_4_bars_if_mfe_lt_0_3r,-0.27771794013376794
364,partial_50pct_at_1r,-0.4638473463934828
365,baseline,-0.11461637473225722
365,breakeven_after_0_5r,-0.11461637473225722
365,breakeven_after_1_0r,-0.11461637473225722
365,exit_at_first_0_5r,-0.11461637473225722
365,exit_at_first_1_0r,-0.11461637473225722
365,trail_0_5r_after_1_0r,-0.11461637473225722
365,time_exit_after_4_bars_if_mfe_lt_0_3r,-0.11461637473225722
365,partial_50pct_at_1r,-0.11461637473225722
366,baseline,0.02509210089456795
366,breakeven_after_0_5r,0.02509210089456795
366,breakeven_after_1_0r,0.02509210089456795
366,exit_at_first_0_5r,0.02509210089456795
366,exit_at_first_1_0r,0.02509210089456795
366,trail_0_5r_after_1_0r,0.02509210089456795
366,time_exit_after_4_bars_if_mfe_lt_0_3r,0.02509210089456795
366,partial_50pct_at_1r,0.02509210089456795
367,baseline,0.6732566055337112
367,breakeven_after_0_5r,0.6732566055337112
367,breakeven_after_1_0r,0.6732566055337112
367,exit_at_first_0_5r,0.5
367,exit_at_first_1_0r,1.0
367,trail_0_5r_after_1_0r,1.1904128092939392
367,time_exit_after_4_bars_if_mfe_lt_0_3r,0.6732566055337112
367,partial_50pct_at_1r,0.8366283027668556
368,baseline,0.2424841578626045
368,breakeven_after_0_5r,0.2424841578626045
368,breakeven_after_1_0r,0.2424841578626045
368,exit_at_first_0_5r,0.2424841578626045
368,exit_at_first_1_0r,0.2424841578626045
368,trail_0_5r_after_1_0r,0.2424841578626045
368,time_exit_after_4_bars_if_mfe_lt_0_3r,0.19202100629080004
368,partial_50pct_at_1r,0.2424841578626045
369,baseline,0.10865906912681536
369,breakeven_after_0_5r,0.10865906912681536
369,breakeven_after_1_0r,0.10865906912681536
369,exit_at_first_0_5r,0.10865906912681536
369,exit_at_first_1_0r,0.10865906912681536
369,trail_0_5r_after_1_0r,0.10865906912681536
369,time_exit_after_4_bars_if_mfe_lt_0_3r,0.10865906912681536
369,partial_50pct_at_1r,0.10865906912681536
370,baseline,0.3909074321144939
370,breakeven_after_0_5r,0.0
370,breakeven_after_1_0r,0.3909074321144939
370,exit_at_first_0_5r,0.5
370,exit_at_first_1_0r,0.3909074321144939
370,trail_0_5r_after_1_0r,0.3909074321144939
370,time_exit_after_4_bars_if_mfe_lt_0_3r,0.3909074321144939
370,partial_50pct_at_1r,0.3909074321144939
371,baseline,-0.5577404926899805
371,breakeven_after_0_5r,-0.5577404926899805
371,breakeven_after_1_0r,-0.5577404926899805
371,exit_at_first_0_5r,-0.5577404926899805
371,exit_at_first_1_0r,-0.5577404926899805
371,trail_0_5r_after_1_0r,-0.5577404926899805
371,time_exit_after_4_bars_if_mfe_lt_0_3r,-0.45154888278399113
371,partial_50pct_at_1r,-0.5577404926899805
372,baseline,0.14252256510472433
372,breakeven_after_0_5r,0.14252256510472433
372,breakeven_after_1_0r,0.14252256510472433
372,exit_at_first_0_5r,0.14252256510472433
372,exit_at_first_1_0r,0.14252256510472433
372,trail_0_5r_after_1_0r,0.14252256510472433
372,time_exit_after_4_bars_if_mfe_lt_0_3r,0.14252256510472433
372,partial_50pct_at_1r,0.14252256510472433
373,baseline,0.02680980492280173
373,breakeven_after_0_5r,0.02680980492280173
373,breakeven_after_1_0r,0.02680980492280173
373,exit_at_first_0_5r,0.02680980492280173
373,exit_at_first_1_0r,0.02680980492280173
373,trail_0_5r_after_1_0r,0.02680980492280173
373,time_exit_after_4_bars_if_mfe_lt_0_3r,0.02680980492280173
373,partial_50pct_at_1r,0.02680980492280173
374,baseline,0.5277343985694081
374,breakeven_after_0_5r,0.5277343985694081
374,breakeven_after_1_0r,0.5277343985694081
374,exit_at_first_0_5r,0.5
374,exit_at_first_1_0r,0.5277343985694081
374,trail_0_5r_after_1_0r,0.5277343985694081
374,time_exit_after_4_bars_if_mfe_lt_0_3r,-0.3939455814180246
374,partial_50pct_at_1r,0.5277343985694081
375,baseline,-0.11435000399404534
375,breakeven_after_0_5r,-0.11435000399404534
375,breakeven_after_1_0r,-0.11435000399404534
375,exit_at_first_0_5r,-0.11435000399404534
375,exit_at_first_1_0r,-0.11435000399404534
375,trail_0_5r_after_1_0r,-0.11435000399404534
375,time_exit_after_4_bars_if_mfe_lt_0_3r,0.0418065898790478
375,partial_50pct_at_1r,-0.11435000399404534
376,baseline,0.0391282919808862
376,breakeven_after_0_5r,0.0
376,breakeven_after_1_0r,0.0391282919808862
376,exit_at_first_0_5r,0.5
376,exit_at_first_1_0r,0.0391282919808862
376,trail_0_5r_after_1_0r,0.0391282919808862
376,time_exit_after_4_bars_if_mfe_lt_0_3r,-0.4763385728574296
376,partial_50pct_at_1r,0.0391282919808862
377,baseline,0.17952448600260928
377,breakeven_after_0_5r,0.17952448600260928
377,breakeven_after_1_0r,0.17952448600260928
377,exit_at_first_0_5r,0.17952448600260928
377,exit_at_first_1_0r,0.17952448600260928
377,trail_0_5r_after_1_0r,0.17952448600260928
377,time_exit_after_4_bars_if_mfe_lt_0_3r,0.17952448600260928
377,partial_50pct_at_1r,0.17952448600260928
378,baseline,0.21145826767727469
378,breakeven_after_0_5r,0.0
378,breakeven_after_1_0r,0.21145826767727469
378,exit_at_first_0_5r,0.5
378,exit_at_first_1_0r,0.21145826767727469
378,trail_0_5r_after_1_0r,0.21145826767727469
378,time_exit_after_4_bars_if_mfe_lt_0_3r,0.21145826767727469
378,partial_50pct_at_1r,0.21145826767727469
379,baseline,0.08971102560751328
379,breakeven_after_0_5r,0.08971102560751328
379,breakeven_after_1_0r,0.08971102560751328
379,exit_at_first_0_5r,0.08971102560751328
379,exit_at_first_1_0r,0.08971102560751328
379,trail_0_5r_after_1_0r,0.08971102560751328
379,time_exit_after_4_bars_if_mfe_lt_0_3r,-0.18583179376408113
379,partial_50pct_at_1r,0.08971102560751328
380,baseline,0.007183259237233854
380,breakeven_after_0_5r,0.007183259237233854
380,breakeven_after_1_0r,0.007183259237233854
380,exit_at_first_0_5r,0.007183259237233854
380,exit_at_first_1_0r,0.007183259237233854
380,trail_0_5r_after_1_0r,0.007183259237233854
380,time_exit_after_4_bars_if_mfe_lt_0_3r,-0.1015787958920174
380,partial_50pct_at_1r,0.007183259237233854
381,baseline,-1.0630042003511246
381,breakeven_after_0_5r,-1.0630042003511246
381,breakeven_after_1_0r,-1.0630042003511246
381,exit_at_first_0_5r,-1.0630042003511246
381,exit_at_first_1_0r,-1.0630042003511246
381,trail_0_5r_after_1_0r,-1.0630042003511246
381,time_exit_after_4_bars_if_mfe_lt_0_3r,-1.0630042003511246
381,partial_50pct_at_1r,-1.0630042003511246
382,baseline,0.07316380912832161
382,breakeven_after_0_5r,0.07316380912832161
382,breakeven_after_1_0r,0.07316380912832161
382,exit_at_first_0_5r,0.07316380912832161
382,exit_at_first_1_0r,0.07316380912832161
382,trail_0_5r_after_1_0r,0.07316380912832161
382,time_exit_after_4_bars_if_mfe_lt_0_3r,0.07316380912832161
382,partial_50pct_at_1r,0.07316380912832161
383,baseline,-1.0638024393026528
383,breakeven_after_0_5r,-1.0638024393026528
383,breakeven_after_1_0r,-1.0638024393026528
383,exit_at_first_0_5r,-1.0638024393026528
383,exit_at_first_1_0r,-1.0638024393026528
383,trail_0_5r_after_1_0r,-1.0638024393026528
383,time_exit_after_4_bars_if_mfe_lt_0_3r,-0.4856299215571098
383,partial_50pct_at_1r,-1.0638024393026528
384,baseline,0.07867230068834587
384,breakeven_after_0_5r,0.07867230068834587
384,breakeven_after_1_0r,0.07867230068834587
384,exit_at_first_0_5r,0.07867230068834587
384,exit_at_first_1_0r,0.07867230068834587
384,trail_0_5r_after_1_0r,0.07867230068834587
384,time_exit_after_4_bars_if_mfe_lt_0_3r,0.07867230068834587
384,partial_50pct_at_1r,0.07867230068834587
385,baseline,0.08582275006382059
385,breakeven_after_0_5r,0.08582275006382059
385,breakeven_after_1_0r,0.08582275006382059
385,exit_at_first_0_5r,0.08582275006382059
385,exit_at_first_1_0r,0.08582275006382059
385,trail_0_5r_after_1_0r,0.08582275006382059
385,time_exit_after_4_bars_if_mfe_lt_0_3r,0.08582275006382059
385,partial_50pct_at_1r,0.08582275006382059
386,baseline,0.20328409832848787
386,breakeven_after_0_5r,0.20328409832848787
386,breakeven_after_1_0r,0.20328409832848787
386,exit_at_first_0_5r,0.20328409832848787
386,exit_at_first_1_0r,0.20328409832848787
386,trail_0_5r_after_1_0r,0.20328409832848787
386,time_exit_after_4_bars_if_mfe_lt_0_3r,0.20328409832848787
386,partial_50pct_at_1r,0.20328409832848787
387,baseline,0.26465655473018557
387,breakeven_after_0_5r,0.26465655473018557
387,breakeven_after_1_0r,0.26465655473018557
387,exit_at_first_0_5r,0.5
387,exit_at_first_1_0r,1.0
387,trail_0_5r_after_1_0r,0.5425014436057458
387,time_exit_after_4_bars_if_mfe_lt_0_3r,0.26465655473018557
387,partial_50pct_at_1r,0.6323282773650928
388,baseline,0.5088415476239023
388,breakeven_after_0_5r,0.5088415476239023
388,breakeven_after_1_0r,0.5088415476239023
388,exit_at_first_0_5r,0.5
388,exit_at_first_1_0r,0.5088415476239023
388,trail_0_5r_after_1_0r,0.5088415476239023
388,time_exit_after_4_bars_if_mfe_lt_0_3r,0.5088415476239023
388,partial_50pct_at_1r,0.5088415476239023
389,baseline,0.07503658638984435
389,breakeven_after_0_5r,0.07503658638984435
389,breakeven_after_1_0r,0.07503658638984435
389,exit_at_first_0_5r,0.5
389,exit_at_first_1_0r,0.07503658638984435
389,trail_0_5r_after_1_0r,0.07503658638984435
389,time_exit_after_4_bars_if_mfe_lt_0_3r,0.06926710852541539
389,partial_50pct_at_1r,0.07503658638984435
390,baseline,0.5949007907506528
390,breakeven_after_0_5r,0.0
390,breakeven_after_1_0r,0.5949007907506528
390,exit_at_first_0_5r,0.5
390,exit_at_first_1_0r,0.5949007907506528
390,trail_0_5r_after_1_0r,0.5949007907506528
390,time_exit_after_4_bars_if_mfe_lt_0_3r,0.5949007907506528
390,partial_50pct_at_1r,0.5949007907506528
391,baseline,-0.03522377478848953
391,breakeven_after_0_5r,-0.03522377478848953
391,breakeven_after_1_0r,-0.03522377478848953
391,exit_at_first_0_5r,-0.03522377478848953
391,exit_at_first_1_0r,-0.03522377478848953
391,trail_0_5r_after_1_0r,-0.03522377478848953
391,time_exit_after_4_bars_if_mfe_lt_0_3r,-0.03522377478848953
391,partial_50pct_at_1r,-0.03522377478848953
392,baseline,-1.0621248738110531
392,breakeven_after_0_5r,-1.0621248738110531
392,breakeven_after_1_0r,-1.0621248738110531
392,exit_at_first_0_5r,-1.0621248738110531
392,exit_at_first_1_0r,-1.0621248738110531
392,trail_0_5r_after_1_0r,-1.0621248738110531
392,time_exit_after_4_bars_if_mfe_lt_0_3r,-0.35946233785849374
392,partial_50pct_at_1r,-1.0621248738110531
393,baseline,0.1504595774000599
393,breakeven_after_0_5r,0.1504595774000599
393,breakeven_after_1_0r,0.1504595774000599
393,exit_at_first_0_5r,0.1504595774000599
393,exit_at_first_1_0r,0.1504595774000599
393,trail_0_5r_after_1_0r,0.1504595774000599
393,time_exit_after_4_bars_if_mfe_lt_0_3r,0.1504595774000599
393,partial_50pct_at_1r,0.1504595774000599
394,baseline,0.09627628156044288
394,breakeven_after_0_5r,0.09627628156044288
394,breakeven_after_1_0r,0.09627628156044288
394,exit_at_first_0_5r,0.09627628156044288
394,exit_at_first_1_0r,0.09627628156044288
394,trail_0_5r_after_1_0r,0.09627628156044288
394,time_exit_after_4_bars_if_mfe_lt_0_3r,0.09627628156044288
394,partial_50pct_at_1r,0.09627628156044288
395,baseline,-1.0650749164968358
395,breakeven_after_0_5r,-1.0650749164968358
395,breakeven_after_1_0r,-1.0650749164968358
395,exit_at_first_0_5r,-1.0650749164968358
395,exit_at_first_1_0r,-1.0650749164968358
395,trail_0_5r_after_1_0r,-1.0650749164968358
395,time_exit_after_4_bars_if_mfe_lt_0_3r,-0.23459478072761467
395,partial_50pct_at_1r,-1.0650749164968358
396,baseline,0.07974162105753456
396,breakeven_after_0_5r,0.07974162105753456
396,breakeven_after_1_0r,0.07974162105753456
396,exit_at_first_0_5r,0.07974162105753456
396,exit_at_first_1_0r,0.07974162105753456
396,trail_0_5r_after_1_0r,0.07974162105753456
396,time_exit_after_4_bars_if_mfe_lt_0_3r,0.07974162105753456
396,partial_50pct_at_1r,0.07974162105753456
397,baseline,0.10460693019464819
397,breakeven_after_0_5r,0.10460693019464819
397,breakeven_after_1_0r,0.10460693019464819
397,exit_at_first_0_5r,0.10460693019464819
397,exit_at_first_1_0r,0.10460693019464819
397,trail_0_5r_after_1_0r,0.10460693019464819
397,time_exit_after_4_bars_if_mfe_lt_0_3r,-0.0033296997721661706
397,partial_50pct_at_1r,0.10460693019464819
398,baseline,0.047057037302810856
398,breakeven_after_0_5r,0.047057037302810856
398,breakeven_after_1_0r,0.047057037302810856
398,exit_at_first_0_5r,0.047057037302810856
398,exit_at_first_1_0r,0.047057037302810856
398,trail_0_5r_after_1_0r,0.047057037302810856
398,time_exit_after_4_bars_if_mfe_lt_0_3r,0.047057037302810856
398,partial_50pct_at_1r,0.047057037302810856
399,baseline,0.14864454721233467
399,breakeven_after_0_5r,0.0
399,breakeven_after_1_0r,0.14864454721233467
399,exit_at_first_0_5r,0.5
399,exit_at_first_1_0r,0.14864454721233467
399,trail_0_5r_after_1_0r,0.14864454721233467
399,time_exit_after_4_bars_if_mfe_lt_0_3r,0.14864454721233467
399,partial_50pct_at_1r,0.14864454721233467
400,baseline,0.08273982118551106
400,breakeven_after_0_5r,0.08273982118551106
400,breakeven_after_1_0r,0.08273982118551106
400,exit_at_first_0_5r,0.08273982118551106
400,exit_at_first_1_0r,0.08273982118551106
400,trail_0_5r_after_1_0r,0.08273982118551106
400,time_exit_after_4_bars_if_mfe_lt_0_3r,0.08273982118551106
400,partial_50pct_at_1r,0.08273982118551106
401,baseline,0.19767251398316085
401,breakeven_after_0_5r,0.19767251398316085
401,breakeven_after_1_0r,0.19767251398316085
401,exit_at_first_0_5r,0.19767251398316085
401,exit_at_first_1_0r,0.19767251398316085
401,trail_0_5r_after_1_0r,0.19767251398316085
401,time_exit_after_4_bars_if_mfe_lt_0_3r,0.19767251398316085
401,partial_50pct_at_1r,0.19767251398316085
402,baseline,-0.024480373520523468
402,breakeven_after_0_5r,-0.024480373520523468
402,breakeven_after_1_0r,-0.024480373520523468
402,exit_at_first_0_5r,-0.024480373520523468
402,exit_at_first_1_0r,-0.024480373520523468
402,trail_0_5r_after_1_0r,-0.024480373520523468
402,time_exit_after_4_bars_if_mfe_lt_0_3r,-0.04306000639941316
402,partial_50pct_at_1r,-0.024480373520523468
403,baseline,-0.1728265891982669
403,breakeven_after_0_5r,-0.1728265891982669
403,breakeven_after_1_0r,-0.1728265891982669
403,exit_at_first_0_5r,-0.1728265891982669
403,exit_at_first_1_0r,-0.1728265891982669
403,trail_0_5r_after_1_0r,-0.1728265891982669
403,time_exit_after_4_bars_if_mfe_lt_0_3r,-0.1728265891982669
403,partial_50pct_at_1r,-0.1728265891982669
404,baseline,0.32040396409293426
404,breakeven_after_0_5r,0.0
404,breakeven_after_1_0r,0.32040396409293426
404,exit_at_first_0_5r,0.5
404,exit_at_first_1_0r,0.32040396409293426
404,trail_0_5r_after_1_0r,0.32040396409293426
404,time_exit_after_4_bars_if_mfe_lt_0_3r,0.32040396409293426
404,partial_50pct_at_1r,0.32040396409293426
405,baseline,0.19833313440644476
405,breakeven_after_0_5r,0.19833313440644476
405,breakeven_after_1_0r,0.19833313440644476
405,exit_at_first_0_5r,0.19833313440644476
405,exit_at_first_1_0r,0.19833313440644476
405,trail_0_5r_after_1_0r,0.19833313440644476
405,time_exit_after_4_bars_if_mfe_lt_0_3r,0.168915879298402
405,partial_50pct_at_1r,0.19833313440644476
406,baseline,-1.1006142824709677
406,breakeven_after_0_5r,-1.1006142824709677
406,breakeven_after_1_0r,-1.1006142824709677
406,exit_at_first_0_5r,-1.1006142824709677
406,exit_at_first_1_0r,-1.1006142824709677
406,trail_0_5r_after_1_0r,-1.1006142824709677
406,time_exit_after_4_bars_if_mfe_lt_0_3r,-0.3599014621069871
406,partial_50pct_at_1r,-1.1006142824709677
407,baseline,-1.116939547849494
407,breakeven_after_0_5r,-1.116939547849494
407,breakeven_after_1_0r,-1.116939547849494
407,exit_at_first_0_5r,-1.116939547849494
407,exit_at_first_1_0r,-1.116939547849494
407,trail_0_5r_after_1_0r,-1.116939547849494
407,time_exit_after_4_bars_if_mfe_lt_0_3r,-0.8669633838877483
407,partial_50pct_at_1r,-1.116939547849494
408,baseline,0.31270764234319715
408,breakeven_after_0_5r,0.31270764234319715
408,breakeven_after_1_0r,0.31270764234319715
408,exit_at_first_0_5r,0.5
408,exit_at_first_1_0r,0.31270764234319715
408,trail_0_5r_after_1_0r,0.31270764234319715
408,time_exit_after_4_bars_if_mfe_lt_0_3r,0.31270764234319715
408,partial_50pct_at_1r,0.31270764234319715
409,baseline,-1.1067941983649938
409,breakeven_after_0_5r,-1.1067941983649938
409,breakeven_after_1_0r,-1.1067941983649938
409,exit_at_first_0_5r,-1.1067941983649938
409,exit_at_first_1_0r,-1.1067941983649938
409,trail_0_5r_after_1_0r,-1.1067941983649938
409,time_exit_after_4_bars_if_mfe_lt_0_3r,-0.18173903731837823
409,partial_50pct_at_1r,-1.1067941983649938
410,baseline,0.034571372038755696
410,breakeven_after_0_5r,0.034571372038755696
410,breakeven_after_1_0r,0.034571372038755696
410,exit_at_first_0_5r,0.034571372038755696
410,exit_at_first_1_0r,0.034571372038755696
410,trail_0_5r_after_1_0r,0.034571372038755696
410,time_exit_after_4_bars_if_mfe_lt_0_3r,-0.1377144851928097
410,partial_50pct_at_1r,0.034571372038755696
411,baseline,0.24961698734015786
411,breakeven_after_0_5r,0.24961698734015786
411,breakeven_after_1_0r,0.24961698734015786
411,exit_at_first_0_5r,0.5
411,exit_at_first_1_0r,0.24961698734015786
411,trail_0_5r_after_1_0r,0.24961698734015786
411,time_exit_after_4_bars_if_mfe_lt_0_3r,0.24961698734015786
411,partial_50pct_at_1r,0.24961698734015786
412,baseline,0.3231851181019167
412,breakeven_after_0_5r,0.0
412,breakeven_after_1_0r,0.3231851181019167
412,exit_at_first_0_5r,0.5
412,exit_at_first_1_0r,0.3231851181019167
412,trail_0_5r_after_1_0r,0.3231851181019167
412,time_exit_after_4_bars_if_mfe_lt_0_3r,-0.13606433803015325
412,partial_50pct_at_1r,0.3231851181019167
413,baseline,-0.5254407574330369
413,breakeven_after_0_5r,-0.5254407574330369
413,breakeven_after_1_0r,-0.5254407574330369
413,exit_at_first_0_5r,-0.5254407574330369
413,exit_at_first_1_0r,-0.5254407574330369
413,trail_0_5r_after_1_0r,-0.5254407574330369
413,time_exit_after_4_bars_if_mfe_lt_0_3r,-0.43038505370224567
413,partial_50pct_at_1r,-0.5254407574330369
414,baseline,-0.09753381733821283
414,breakeven_after_0_5r,-0.09753381733821283
414,breakeven_after_1_0r,-0.09753381733821283
414,exit_at_first_0_5r,-0.09753381733821283
414,exit_at_first_1_0r,-0.09753381733821283
414,trail_0_5r_after_1_0r,-0.09753381733821283
414,time_exit_after_4_bars_if_mfe_lt_0_3r,-0.09753381733821283
414,partial_50pct_at_1r,-0.09753381733821283
415,baseline,-0.15523493469957936
415,breakeven_after_0_5r,-0.15523493469957936
415,breakeven_after_1_0r,-0.15523493469957936
415,exit_at_first_0_5r,-0.15523493469957936
415,exit_at_first_1_0r,-0.15523493469957936
415,trail_0_5r_after_1_0r,-0.15523493469957936
415,time_exit_after_4_bars_if_mfe_lt_0_3r,-0.3012576491092965
415,partial_50pct_at_1r,-0.15523493469957936
416,baseline,-0.3835464497178556
416,breakeven_after_0_5r,-0.3835464497178556
416,breakeven_after_1_0r,-0.3835464497178556
416,exit_at_first_0_5r,-0.3835464497178556
416,exit_at_first_1_0r,-0.3835464497178556
416,trail_0_5r_after_1_0r,-0.3835464497178556
416,time_exit_after_4_bars_if_mfe_lt_0_3r,-0.010858501969157231
416,partial_50pct_at_1r,-0.3835464497178556
417,baseline,0.05257349767952752
417,breakeven_after_0_5r,0.05257349767952752
417,breakeven_after_1_0r,0.05257349767952752
417,exit_at_first_0_5r,0.05257349767952752
417,exit_at_first_1_0r,0.05257349767952752
417,trail_0_5r_after_1_0r,0.05257349767952752
417,time_exit_after_4_bars_if_mfe_lt_0_3r,-0.49649640998465333
417,partial_50pct_at_1r,0.05257349767952752
418,baseline,0.3862967192264549
418,breakeven_after_0_5r,0.3862967192264549
418,breakeven_after_1_0r,0.3862967192264549
418,exit_at_first_0_5r,0.5
418,exit_at_first_1_0r,0.3862967192264549
418,trail_0_5r_after_1_0r,0.3862967192264549
418,time_exit_after_4_bars_if_mfe_lt_0_3r,-0.15333459774788524
418,partial_50pct_at_1r,0.3862967192264549
419,baseline,0.4724429888583032
419,breakeven_after_0_5r,0.0
419,breakeven_after_1_0r,0.4724429888583032
419,exit_at_first_0_5r,0.5
419,exit_at_first_1_0r,0.4724429888583032
419,trail_0_5r_after_1_0r,0.4724429888583032
419,time_exit_after_4_bars_if_mfe_lt_0_3r,0.4724429888583032
419,partial_50pct_at_1r,0.4724429888583032
420,baseline,0.05136911285258228
420,breakeven_after_0_5r,0.05136911285258228
420,breakeven_after_1_0r,0.05136911285258228
420,exit_at_first_0_5r,0.5
420,exit_at_first_1_0r,0.05136911285258228
420,trail_0_5r_after_1_0r,0.05136911285258228
420,time_exit_after_4_bars_if_mfe_lt_0_3r,-0.10013266827385099
420,partial_50pct_at_1r,0.05136911285258228
421,baseline,0.21851974295302645
421,breakeven_after_0_5r,0.0
421,breakeven_after_1_0r,0.21851974295302645
421,exit_at_first_0_5r,0.5
421,exit_at_first_1_0r,0.21851974295302645
421,trail_0_5r_after_1_0r,0.21851974295302645
421,time_exit_after_4_bars_if_mfe_lt_0_3r,0.21851974295302645
421,partial_50pct_at_1r,0.21851974295302645
422,baseline,0.06230087063756943
422,breakeven_after_0_5r,0.06230087063756943
422,breakeven_after_1_0r,0.06230087063756943
422,exit_at_first_0_5r,0.06230087063756943
422,exit_at_first_1_0r,0.06230087063756943
422,trail_0_5r_after_1_0r,0.06230087063756943
422,time_exit_after_4_bars_if_mfe_lt_0_3r,0.06230087063756943
422,partial_50pct_at_1r,0.06230087063756943
423,baseline,0.0735633210933502
423,breakeven_after_0_5r,0.0735633210933502
423,breakeven_after_1_0r,0.0735633210933502
423,exit_at_first_0_5r,0.5
423,exit_at_first_1_0r,0.0735633210933502
423,trail_0_5r_after_1_0r,0.0735633210933502
423,time_exit_after_4_bars_if_mfe_lt_0_3r,0.0735633210933502
423,partial_50pct_at_1r,0.0735633210933502
424,baseline,-0.20485086423176144
424,breakeven_after_0_5r,-0.20485086423176144
424,breakeven_after_1_0r,-0.20485086423176144
424,exit_at_first_0_5r,-0.20485086423176144
424,exit_at_first_1_0r,-0.20485086423176144
424,trail_0_5r_after_1_0r,-0.20485086423176144
424,time_exit_after_4_bars_if_mfe_lt_0_3r,-0.027314723251318954
424,partial_50pct_at_1r,-0.20485086423176144
425,baseline,0.09480728874142333
425,breakeven_after_0_5r,0.09480728874142333
425,breakeven_after_1_0r,0.09480728874142333
425,exit_at_first_0_5r,0.09480728874142333
425,exit_at_first_1_0r,0.09480728874142333
425,trail_0_5r_after_1_0r,0.09480728874142333
425,time_exit_after_4_bars_if_mfe_lt_0_3r,0.09480728874142333
425,partial_50pct_at_1r,0.09480728874142333
426,baseline,0.03157682559060917
426,breakeven_after_0_5r,0.03157682559060917
426,breakeven_after_1_0r,0.03157682559060917
426,exit_at_first_0_5r,0.03157682559060917
426,exit_at_first_1_0r,0.03157682559060917
426,trail_0_5r_after_1_0r,0.03157682559060917
426,time_exit_after_4_bars_if_mfe_lt_0_3r,0.03157682559060917
426,partial_50pct_at_1r,0.03157682559060917
427,baseline,0.08558970113278873
427,breakeven_after_0_5r,0.08558970113278873
427,breakeven_after_1_0r,0.08558970113278873
427,exit_at_first_0_5r,0.08558970113278873
427,exit_at_first_1_0r,0.08558970113278873
427,trail_0_5r_after_1_0r,0.08558970113278873
427,time_exit_after_4_bars_if_mfe_lt_0_3r,0.08558970113278873
427,partial_50pct_at_1r,0.08558970113278873
428,baseline,0.1005819438943363
428,breakeven_after_0_5r,0.1005819438943363
428,breakeven_after_1_0r,0.1005819438943363
428,exit_at_first_0_5r,0.1005819438943363
428,exit_at_first_1_0r,0.1005819438943363
428,trail_0_5r_after_1_0r,0.1005819438943363
428,time_exit_after_4_bars_if_mfe_lt_0_3r,-0.10993268909628748
428,partial_50pct_at_1r,0.1005819438943363
429,baseline,-1.1270903928597638
429,breakeven_after_0_5r,-1.1270903928597638
429,breakeven_after_1_0r,-1.1270903928597638
429,exit_at_first_0_5r,-1.1270903928597638
429,exit_at_first_1_0r,-1.1270903928597638
429,trail_0_5r_after_1_0r,-1.1270903928597638
429,time_exit_after_4_bars_if_mfe_lt_0_3r,-1.1270903928597638
429,partial_50pct_at_1r,-1.1270903928597638
430,baseline,-0.5785940378749878
430,breakeven_after_0_5r,-0.5785940378749878
430,breakeven_after_1_0r,-0.5785940378749878
430,exit_at_first_0_5r,-0.5785940378749878
430,exit_at_first_1_0r,-0.5785940378749878
430,trail_0_5r_after_1_0r,-0.5785940378749878
430,time_exit_after_4_bars_if_mfe_lt_0_3r,-0.2667472520220237
430,partial_50pct_at_1r,-0.5785940378749878
431,baseline,-0.007840605862652237
431,breakeven_after_0_5r,-0.007840605862652237
431,breakeven_after_1_0r,-0.007840605862652237
431,exit_at_first_0_5r,-0.007840605862652237
431,exit_at_first_1_0r,-0.007840605862652237
431,trail_0_5r_after_1_0r,-0.007840605862652237
431,time_exit_after_4_bars_if_mfe_lt_0_3r,0.21055793528398614
431,partial_50pct_at_1r,-0.007840605862652237
432,baseline,-0.005921422617639925
432,breakeven_after_0_5r,-0.005921422617639925
432,breakeven_after_1_0r,-0.005921422617639925
432,exit_at_first_0_5r,-0.005921422617639925
432,exit_at_first_1_0r,-0.005921422617639925
432,trail_0_5r_after_1_0r,-0.005921422617639925
432,time_exit_after_4_bars_if_mfe_lt_0_3r,0.26191358812329857
432,partial_50pct_at_1r,-0.005921422617639925
433,baseline,0.09980011627235005
433,breakeven_after_0_5r,0.09980011627235005
433,breakeven_after_1_0r,0.09980011627235005
433,exit_at_first_0_5r,0.09980011627235005
433,exit_at_first_1_0r,0.09980011627235005
433,trail_0_5r_after_1_0r,0.09980011627235005
433,time_exit_after_4_bars_if_mfe_lt_0_3r,0.09980011627235005
433,partial_50pct_at_1r,0.09980011627235005
434,baseline,0.06872614670074183
434,breakeven_after_0_5r,0.06872614670074183
434,breakeven_after_1_0r,0.06872614670074183
434,exit_at_first_0_5r,0.06872614670074183
434,exit_at_first_1_0r,0.06872614670074183
434,trail_0_5r_after_1_0r,0.06872614670074183
434,time_exit_after_4_bars_if_mfe_lt_0_3r,-0.08184907923297526
434,partial_50pct_at_1r,0.06872614670074183
435,baseline,0.06507590663322659
435,breakeven_after_0_5r,0.06507590663322659
435,breakeven_after_1_0r,0.06507590663322659
435,exit_at_first_0_5r,0.06507590663322659
435,exit_at_first_1_0r,0.06507590663322659
435,trail_0_5r_after_1_0r,0.06507590663322659
435,time_exit_after_4_bars_if_mfe_lt_0_3r,0.06507590663322659
435,partial_50pct_at_1r,0.06507590663322659
436,baseline,-0.6163573729500015
436,breakeven_after_0_5r,-0.6163573729500015
436,breakeven_after_1_0r,-0.6163573729500015
436,exit_at_first_0_5r,-0.6163573729500015
436,exit_at_first_1_0r,-0.6163573729500015
436,trail_0_5r_after_1_0r,-0.6163573729500015
436,time_exit_after_4_bars_if_mfe_lt_0_3r,-0.5181197231428617
436,partial_50pct_at_1r,-0.6163573729500015
437,baseline,-1.0916940239948503
437,breakeven_after_0_5r,-1.0916940239948503
437,breakeven_after_1_0r,-1.0916940239948503
437,exit_at_first_0_5r,-1.0916940239948503
437,exit_at_first_1_0r,-1.0916940239948503
437,trail_0_5r_after_1_0r,-1.0916940239948503
437,time_exit_after_4_bars_if_mfe_lt_0_3r,-0.6063711860242209
437,partial_50pct_at_1r,-1.0916940239948503
438,baseline,-1.083588612755989
438,breakeven_after_0_5r,-1.083588612755989
438,breakeven_after_1_0r,-1.083588612755989
438,exit_at_first_0_5r,-1.083588612755989
438,exit_at_first_1_0r,-1.083588612755989
438,trail_0_5r_after_1_0r,-1.083588612755989
438,time_exit_after_4_bars_if_mfe_lt_0_3r,-0.8526517242107323
438,partial_50pct_at_1r,-1.083588612755989
439,baseline,0.1831075204008683
439,breakeven_after_0_5r,0.1831075204008683
439,breakeven_after_1_0r,0.1831075204008683
439,exit_at_first_0_5r,0.1831075204008683
439,exit_at_first_1_0r,0.1831075204008683
439,trail_0_5r_after_1_0r,0.1831075204008683
439,time_exit_after_4_bars_if_mfe_lt_0_3r,0.1831075204008683
439,partial_50pct_at_1r,0.1831075204008683
440,baseline,-1.0741106142688133
440,breakeven_after_0_5r,-1.0741106142688133
440,breakeven_after_1_0r,-1.0741106142688133
440,exit_at_first_0_5r,-1.0741106142688133
440,exit_at_first_1_0r,-1.0741106142688133
440,trail_0_5r_after_1_0r,-1.0741106142688133
440,time_exit_after_4_bars_if_mfe_lt_0_3r,-1.0741106142688133
440,partial_50pct_at_1r,-1.0741106142688133
441,baseline,-0.013272723070601804
441,breakeven_after_0_5r,-0.013272723070601804
441,breakeven_after_1_0r,-0.013272723070601804
441,exit_at_first_0_5r,-0.013272723070601804
441,exit_at_first_1_0r,-0.013272723070601804
441,trail_0_5r_after_1_0r,-0.013272723070601804
441,time_exit_after_4_bars_if_mfe_lt_0_3r,-0.013272723070601804
441,partial_50pct_at_1r,-0.013272723070601804
442,baseline,0.41184181301549494
442,breakeven_after_0_5r,0.0
442,breakeven_after_1_0r,0.41184181301549494
442,exit_at_first_0_5r,0.5
442,exit_at_first_1_0r,0.41184181301549494
442,trail_0_5r_after_1_0r,0.41184181301549494
442,time_exit_after_4_bars_if_mfe_lt_0_3r,0.41184181301549494
442,partial_50pct_at_1r,0.41184181301549494
443,baseline,-0.124792038673871
443,breakeven_after_0_5r,-0.124792038673871
443,breakeven_after_1_0r,-0.124792038673871
443,exit_at_first_0_5r,-0.124792038673871
443,exit_at_first_1_0r,-0.124792038673871
443,trail_0_5r_after_1_0r,-0.124792038673871
443,time_exit_after_4_bars_if_mfe_lt_0_3r,-0.124792038673871
443,partial_50pct_at_1r,-0.124792038673871
444,baseline,0.01322334729727425
444,breakeven_after_0_5r,0.01322334729727425
444,breakeven_after_1_0r,0.01322334729727425
444,exit_at_first_0_5r,0.01322334729727425
444,exit_at_first_1_0r,0.01322334729727425
444,trail_0_5r_after_1_0r,0.01322334729727425
444,time_exit_after_4_bars_if_mfe_lt_0_3r,0.01322334729727425
444,partial_50pct_at_1r,0.01322334729727425
445,baseline,0.20360269951381565
445,breakeven_after_0_5r,0.20360269951381565
445,breakeven_after_1_0r,0.20360269951381565
445,exit_at_first_0_5r,0.20360269951381565
445,exit_at_first_1_0r,0.20360269951381565
445,trail_0_5r_after_1_0r,0.20360269951381565
445,time_exit_after_4_bars_if_mfe_lt_0_3r,0.20360269951381565
445,partial_50pct_at_1r,0.20360269951381565
446,baseline,-1.1455918955148607
446,breakeven_after_0_5r,-1.1455918955148607
446,breakeven_after_1_0r,-1.1455918955148607
446,exit_at_first_0_5r,-1.1455918955148607
446,exit_at_first_1_0r,-1.1455918955148607
446,trail_0_5r_after_1_0r,-1.1455918955148607
446,time_exit_after_4_bars_if_mfe_lt_0_3r,-1.1455918955148607
446,partial_50pct_at_1r,-1.1455918955148607
447,baseline,0.09869304868125159
447,breakeven_after_0_5r,0.09869304868125159
447,breakeven_after_1_0r,0.09869304868125159
447,exit_at_first_0_5r,0.5
447,exit_at_first_1_0r,0.09869304868125159
447,trail_0_5r_after_1_0r,0.09869304868125159
447,time_exit_after_4_bars_if_mfe_lt_0_3r,-0.20022820449921652
447,partial_50pct_at_1r,0.09869304868125159
448,baseline,0.030013871336314935
448,breakeven_after_0_5r,0.030013871336314935
448,breakeven_after_1_0r,0.030013871336314935
448,exit_at_first_0_5r,0.030013871336314935
448,exit_at_first_1_0r,0.030013871336314935
448,trail_0_5r_after_1_0r,0.030013871336314935
448,time_exit_after_4_bars_if_mfe_lt_0_3r,0.030013871336314935
448,partial_50pct_at_1r,0.030013871336314935
449,baseline,0.2673763218442474
449,breakeven_after_0_5r,0.2673763218442474
449,breakeven_after_1_0r,0.2673763218442474
449,exit_at_first_0_5r,0.5
449,exit_at_first_1_0r,0.2673763218442474
449,trail_0_5r_after_1_0r,0.2673763218442474
449,time_exit_after_4_bars_if_mfe_lt_0_3r,0.2673763218442474
449,partial_50pct_at_1r,0.2673763218442474
450,baseline,0.07127657135545115
450,breakeven_after_0_5r,0.07127657135545115
450,breakeven_after_1_0r,0.07127657135545115
450,exit_at_first_0_5r,0.07127657135545115
450,exit_at_first_1_0r,0.07127657135545115
450,trail_0_5r_after_1_0r,0.07127657135545115
450,time_exit_after_4_bars_if_mfe_lt_0_3r,-0.129440565741555
450,partial_50pct_at_1r,0.07127657135545115
451,baseline,0.3378068077424823
451,breakeven_after_0_5r,0.0
451,breakeven_after_1_0r,0.3378068077424823
451,exit_at_first_0_5r,0.5
451,exit_at_first_1_0r,0.3378068077424823
451,trail_0_5r_after_1_0r,0.3378068077424823
451,time_exit_after_4_bars_if_mfe_lt_0_3r,0.3378068077424823
451,partial_50pct_at_1r,0.3378068077424823
452,baseline,-0.07472264974848197
452,breakeven_after_0_5r,0.0
452,breakeven_after_1_0r,-0.07472264974848197
452,exit_at_first_0_5r,0.5
452,exit_at_first_1_0r,-0.07472264974848197
452,trail_0_5r_after_1_0r,-0.07472264974848197
452,time_exit_after_4_bars_if_mfe_lt_0_3r,-0.07472264974848197
452,partial_50pct_at_1r,-0.07472264974848197
453,baseline,0.15429445713917755
453,breakeven_after_0_5r,0.15429445713917755
453,breakeven_after_1_0r,0.15429445713917755
453,exit_at_first_0_5r,0.15429445713917755
453,exit_at_first_1_0r,0.15429445713917755
453,trail_0_5r_after_1_0r,0.15429445713917755
453,time_exit_after_4_bars_if_mfe_lt_0_3r,-0.08979164281497104
453,partial_50pct_at_1r,0.15429445713917755
454,baseline,0.5339203107855895
454,breakeven_after_0_5r,0.0
454,breakeven_after_1_0r,0.0
454,exit_at_first_0_5r,0.5
454,exit_at_first_1_0r,1.0
454,trail_0_5r_after_1_0r,0.628792289649668
454,time_exit_after_4_bars_if_mfe_lt_0_3r,-0.17974399516714668
454,partial_50pct_at_1r,0.7669601553927947
455,baseline,-1.0829800050254916
455,breakeven_after_0_5r,-1.0829800050254916
455,breakeven_after_1_0r,-1.0829800050254916
455,exit_at_first_0_5r,-1.0829800050254916
455,exit_at_first_1_0r,-1.0829800050254916
455,trail_0_5r_after_1_0r,-1.0829800050254916
455,time_exit_after_4_bars_if_mfe_lt_0_3r,-1.0829800050254916
455,partial_50pct_at_1r,-1.0829800050254916
456,baseline,0.20140579660389216
456,breakeven_after_0_5r,0.20140579660389216
456,breakeven_after_1_0r,0.20140579660389216
456,exit_at_first_0_5r,0.5
456,exit_at_first_1_0r,0.20140579660389216
456,trail_0_5r_after_1_0r,0.20140579660389216
456,time_exit_after_4_bars_if_mfe_lt_0_3r,0.07418584310191877
456,partial_50pct_at_1r,0.20140579660389216
457,baseline,-0.026698726731951925
457,breakeven_after_0_5r,-0.026698726731951925
457,breakeven_after_1_0r,-0.026698726731951925
457,exit_at_first_0_5r,0.5
457,exit_at_first_1_0r,-0.026698726731951925
457,trail_0_5r_after_1_0r,-0.026698726731951925
457,time_exit_after_4_bars_if_mfe_lt_0_3r,-0.026698726731951925
457,partial_50pct_at_1r,-0.026698726731951925
458,baseline,0.2944609557814448
458,breakeven_after_0_5r,0.0
458,breakeven_after_1_0r,0.2944609557814448
458,exit_at_first_0_5r,0.5
458,exit_at_first_1_0r,0.2944609557814448
458,trail_0_5r_after_1_0r,0.2944609557814448
458,time_exit_after_4_bars_if_mfe_lt_0_3r,0.2944609557814448
458,partial_50pct_at_1r,0.2944609557814448
459,baseline,-1.0956848962795198
459,breakeven_after_0_5r,-1.0956848962795198
459,breakeven_after_1_0r,-1.0956848962795198
459,exit_at_first_0_5r,-1.0956848962795198
459,exit_at_first_1_0r,-1.0956848962795198
459,trail_0_5r_after_1_0r,-1.0956848962795198
459,time_exit_after_4_bars_if_mfe_lt_0_3r,-1.0956848962795198
459,partial_50pct_at_1r,-1.0956848962795198
460,baseline,-1.07593133994769
460,breakeven_after_0_5r,-1.07593133994769
460,breakeven_after_1_0r,-1.07593133994769
460,exit_at_first_0_5r,-1.07593133994769
460,exit_at_first_1_0r,-1.07593133994769
460,trail_0_5r_after_1_0r,-1.07593133994769
460,time_exit_after_4_bars_if_mfe_lt_0_3r,-1.07593133994769
460,partial_50pct_at_1r,-1.07593133994769
461,baseline,0.32259921867687746
461,breakeven_after_0_5r,0.0
461,breakeven_after_1_0r,0.32259921867687746
461,exit_at_first_0_5r,0.5
461,exit_at_first_1_0r,0.32259921867687746
461,trail_0_5r_after_1_0r,0.32259921867687746
461,time_exit_after_4_bars_if_mfe_lt_0_3r,0.32259921867687746
461,partial_50pct_at_1r,0.32259921867687746
462,baseline,-0.38963853013255373
462,breakeven_after_0_5r,-0.38963853013255373
462,breakeven_after_1_0r,-0.38963853013255373
462,exit_at_first_0_5r,-0.38963853013255373
462,exit_at_first_1_0r,-0.38963853013255373
462,trail_0_5r_after_1_0r,-0.38963853013255373
462,time_exit_after_4_bars_if_mfe_lt_0_3r,-0.12390219291954233
462,partial_50pct_at_1r,-0.38963853013255373
463,baseline,0.10335800451637349
463,breakeven_after_0_5r,0.10335800451637349
463,breakeven_after_1_0r,0.10335800451637349
463,exit_at_first_0_5r,0.10335800451637349
463,exit_at_first_1_0r,0.10335800451637349
463,trail_0_5r_after_1_0r,0.10335800451637349
463,time_exit_after_4_bars_if_mfe_lt_0_3r,-0.21125500958879814
463,partial_50pct_at_1r,0.10335800451637349
464,baseline,-1.0960023722553518
464,breakeven_after_0_5r,-1.0960023722553518
464,breakeven_after_1_0r,-1.0960023722553518
464,exit_at_first_0_5r,-1.0960023722553518
464,exit_at_first_1_0r,-1.0960023722553518
464,trail_0_5r_after_1_0r,-1.0960023722553518
464,time_exit_after_4_bars_if_mfe_lt_0_3r,-0.3180152981497483
464,partial_50pct_at_1r,-1.0960023722553518
465,baseline,0.38804814000555493
465,breakeven_after_0_5r,0.38804814000555493
465,breakeven_after_1_0r,0.38804814000555493
465,exit_at_first_0_5r,0.5
465,exit_at_first_1_0r,0.38804814000555493
465,trail_0_5r_after_1_0r,0.38804814000555493
465,time_exit_after_4_bars_if_mfe_lt_0_3r,0.38804814000555493
465,partial_50pct_at_1r,0.38804814000555493
466,baseline,-1.0838089121958019
466,breakeven_after_0_5r,-1.0838089121958019
466,breakeven_after_1_0r,-1.0838089121958019
466,exit_at_first_0_5r,-1.0838089121958019
466,exit_at_first_1_0r,-1.0838089121958019
466,trail_0_5r_after_1_0r,-1.0838089121958019
466,time_exit_after_4_bars_if_mfe_lt_0_3r,-0.15287446100404847
466,partial_50pct_at_1r,-1.0838089121958019
467,baseline,0.3359111233415221
467,breakeven_after_0_5r,0.0
467,breakeven_after_1_0r,0.3359111233415221
467,exit_at_first_0_5r,0.5
467,exit_at_first_1_0r,0.3359111233415221
467,trail_0_5r_after_1_0r,0.3359111233415221
467,time_exit_after_4_bars_if_mfe_lt_0_3r,0.3359111233415221
467,partial_50pct_at_1r,0.3359111233415221
468,baseline,-1.074370874436956
468,breakeven_after_0_5r,-1.074370874436956
468,breakeven_after_1_0r,-1.074370874436956
468,exit_at_first_0_5r,-1.074370874436956
468,exit_at_first_1_0r,-1.074370874436956
468,trail_0_5r_after_1_0r,-1.074370874436956
468,time_exit_after_4_bars_if_mfe_lt_0_3r,-1.074370874436956
468,partial_50pct_at_1r,-1.074370874436956
469,baseline,-1.0723056426969122
469,breakeven_after_0_5r,-1.0723056426969122
469,breakeven_after_1_0r,-1.0723056426969122
469,exit_at_first_0_5r,-1.0723056426969122
469,exit_at_first_1_0r,-1.0723056426969122
469,trail_0_5r_after_1_0r,-1.0723056426969122
469,time_exit_after_4_bars_if_mfe_lt_0_3r,-0.6174243212796316
469,partial_50pct_at_1r,-1.0723056426969122
470,baseline,-1.078597919571865
470,breakeven_after_0_5r,-1.078597919571865
470,breakeven_after_1_0r,-1.078597919571865
470,exit_at_first_0_5r,-1.078597919571865
470,exit_at_first_1_0r,-1.078597919571865
470,trail_0_5r_after_1_0r,-1.078597919571865
470,time_exit_after_4_bars_if_mfe_lt_0_3r,-0.10599302007685998
470,partial_50pct_at_1r,-1.078597919571865
471,baseline,1.9442609844848087
471,breakeven_after_0_5r,0.0
471,breakeven_after_1_0r,0.0
471,exit_at_first_0_5r,0.5
471,exit_at_first_1_0r,1.0
471,trail_0_5r_after_1_0r,1.663432089476256
471,time_exit_after_4_bars_if_mfe_lt_0_3r,1.9442609844848087
471,partial_50pct_at_1r,1.4721304922424043
472,baseline,0.09278056919826261
472,breakeven_after_0_5r,0.09278056919826261
472,breakeven_after_1_0r,0.09278056919826261
472,exit_at_first_0_5r,0.09278056919826261
472,exit_at_first_1_0r,0.09278056919826261
472,trail_0_5r_after_1_0r,0.09278056919826261
472,time_exit_after_4_bars_if_mfe_lt_0_3r,0.07282611080138636
472,partial_50pct_at_1r,0.09278056919826261
473,baseline,0.05027854512477579
473,breakeven_after_0_5r,0.05027854512477579
473,breakeven_after_1_0r,0.05027854512477579
473,exit_at_first_0_5r,0.05027854512477579
473,exit_at_first_1_0r,0.05027854512477579
473,trail_0_5r_after_1_0r,0.05027854512477579
473,time_exit_after_4_bars_if_mfe_lt_0_3r,0.05027854512477579
473,partial_50pct_at_1r,0.05027854512477579
474,baseline,-1.0672488657308892
474,breakeven_after_0_5r,-1.0672488657308892
474,breakeven_after_1_0r,-1.0672488657308892
474,exit_at_first_0_5r,-1.0672488657308892
474,exit_at_first_1_0r,-1.0672488657308892
474,trail_0_5r_after_1_0r,-1.0672488657308892
474,time_exit_after_4_bars_if_mfe_lt_0_3r,-0.459402944786415
474,partial_50pct_at_1r,-1.0672488657308892
475,baseline,-0.033172111120671324
475,breakeven_after_0_5r,-0.033172111120671324
475,breakeven_after_1_0r,-0.033172111120671324
475,exit_at_first_0_5r,-0.033172111120671324
475,exit_at_first_1_0r,-0.033172111120671324
475,trail_0_5r_after_1_0r,-0.033172111120671324
475,time_exit_after_4_bars_if_mfe_lt_0_3r,-0.033172111120671324
475,partial_50pct_at_1r,-0.033172111120671324
476,baseline,-0.011207714130417306
476,breakeven_after_0_5r,-0.011207714130417306
476,breakeven_after_1_0r,-0.011207714130417306
476,exit_at_first_0_5r,-0.011207714130417306
476,exit_at_first_1_0r,-0.011207714130417306
476,trail_0_5r_after_1_0r,-0.011207714130417306
476,time_exit_after_4_bars_if_mfe_lt_0_3r,-0.19596241674486284
476,partial_50pct_at_1r,-0.011207714130417306
477,baseline,0.24134669922197766
477,breakeven_after_0_5r,0.24134669922197766
477,breakeven_after_1_0r,0.24134669922197766
477,exit_at_first_0_5r,0.5
477,exit_at_first_1_0r,0.24134669922197766
477,trail_0_5r_after_1_0r,0.24134669922197766
477,time_exit_after_4_bars_if_mfe_lt_0_3r,0.24134669922197766
477,partial_50pct_at_1r,0.24134669922197766
478,baseline,-0.37781900709122174
478,breakeven_after_0_5r,-0.37781900709122174
478,breakeven_after_1_0r,-0.37781900709122174
478,exit_at_first_0_5r,-0.37781900709122174
478,exit_at_first_1_0r,-0.37781900709122174
478,trail_0_5r_after_1_0r,-0.37781900709122174
478,time_exit_after_4_bars_if_mfe_lt_0_3r,-0.5456411666007881
478,partial_50pct_at_1r,-0.37781900709122174
479,baseline,0.09122163730370299
479,breakeven_after_0_5r,0.09122163730370299
479,breakeven_after_1_0r,0.09122163730370299
479,exit_at_first_0_5r,0.09122163730370299
479,exit_at_first_1_0r,0.09122163730370299
479,trail_0_5r_after_1_0r,0.09122163730370299
479,time_exit_after_4_bars_if_mfe_lt_0_3r,0.09122163730370299
479,partial_50pct_at_1r,0.09122163730370299
480,baseline,0.08432050341315386
480,breakeven_after_0_5r,0.08432050341315386
480,breakeven_after_1_0r,0.08432050341315386
480,exit_at_first_0_5r,0.08432050341315386
480,exit_at_first_1_0r,0.08432050341315386
480,trail_0_5r_after_1_0r,0.08432050341315386
480,time_exit_after_4_bars_if_mfe_lt_0_3r,-0.008148344335247967
480,partial_50pct_at_1r,0.08432050341315386
481,baseline,-1.0695158674622784
481,breakeven_after_0_5r,-1.0695158674622784
481,breakeven_after_1_0r,-1.0695158674622784
481,exit_at_first_0_5r,-1.0695158674622784
481,exit_at_first_1_0r,-1.0695158674622784
481,trail_0_5r_after_1_0r,-1.0695158674622784
481,time_exit_after_4_bars_if_mfe_lt_0_3r,-0.6196935498238089
481,partial_50pct_at_1r,-1.0695158674622784
482,baseline,0.3042227578787063
482,breakeven_after_0_5r,0.3042227578787063
482,breakeven_after_1_0r,0.3042227578787063
482,exit_at_first_0_5r,0.3042227578787063
482,exit_at_first_1_0r,0.3042227578787063
482,trail_0_5r_after_1_0r,0.3042227578787063
482,time_exit_after_4_bars_if_mfe_lt_0_3r,-0.3230123611934216
482,partial_50pct_at_1r,0.3042227578787063
483,baseline,0.35180151355757416
483,breakeven_after_0_5r,0.35180151355757416
483,breakeven_after_1_0r,0.35180151355757416
483,exit_at_first_0_5r,0.5
483,exit_at_first_1_0r,0.35180151355757416
483,trail_0_5r_after_1_0r,0.35180151355757416
483,time_exit_after_4_bars_if_mfe_lt_0_3r,-0.016253697215490477
483,partial_50pct_at_1r,0.35180151355757416
484,baseline,-1.0439638631772354
484,breakeven_after_0_5r,-1.0439638631772354
484,breakeven_after_1_0r,-1.0439638631772354
484,exit_at_first_0_5r,-1.0439638631772354
484,exit_at_first_1_0r,-1.0439638631772354
484,trail_0_5r_after_1_0r,-1.0439638631772354
484,time_exit_after_4_bars_if_mfe_lt_0_3r,-1.0439638631772354
484,partial_50pct_at_1r,-1.0439638631772354
485,baseline,0.055398502583211925
485,breakeven_after_0_5r,0.055398502583211925
485,breakeven_after_1_0r,0.055398502583211925
485,exit_at_first_0_5r,0.055398502583211925
485,exit_at_first_1_0r,0.055398502583211925
485,trail_0_5r_after_1_0r,0.055398502583211925
485,time_exit_after_4_bars_if_mfe_lt_0_3r,0.055398502583211925
485,partial_50pct_at_1r,0.055398502583211925
486,baseline,0.2618107895594938
486,breakeven_after_0_5r,0.2618107895594938
486,breakeven_after_1_0r,0.2618107895594938
486,exit_at_first_0_5r,0.2618107895594938
486,exit_at_first_1_0r,0.2618107895594938
486,trail_0_5r_after_1_0r,0.2618107895594938
486,time_exit_after_4_bars_if_mfe_lt_0_3r,-0.21759628128093297
486,partial_50pct_at_1r,0.2618107895594938
487,baseline,0.26719296898369543
487,breakeven_after_0_5r,0.26719296898369543
487,breakeven_after_1_0r,0.26719296898369543
487,exit_at_first_0_5r,0.5
487,exit_at_first_1_0r,0.26719296898369543
487,trail_0_5r_after_1_0r,0.26719296898369543
487,time_exit_after_4_bars_if_mfe_lt_0_3r,0.26719296898369543
487,partial_50pct_at_1r,0.26719296898369543
488,baseline,0.4144007475279537
488,breakeven_after_0_5r,0.0
488,breakeven_after_1_0r,0.4144007475279537
488,exit_at_first_0_5r,0.5
488,exit_at_first_1_0r,0.4144007475279537
488,trail_0_5r_after_1_0r,0.4144007475279537
488,time_exit_after_4_bars_if_mfe_lt_0_3r,-0.1312633054123256
488,partial_50pct_at_1r,0.4144007475279537
489,baseline,-1.0613096165642437
489,breakeven_after_0_5r,-1.0613096165642437
489,breakeven_after_1_0r,-1.0613096165642437
489,exit_at_first_0_5r,-1.0613096165642437
489,exit_at_first_1_0r,-1.0613096165642437
489,trail_0_5r_after_1_0r,-1.0613096165642437
489,time_exit_after_4_bars_if_mfe_lt_0_3r,-1.0613096165642437
489,partial_50pct_at_1r,-1.0613096165642437
490,baseline,0.20116455902389765
490,breakeven_after_0_5r,0.20116455902389765
490,breakeven_after_1_0r,0.20116455902389765
490,exit_at_first_0_5r,0.20116455902389765
490,exit_at_first_1_0r,0.20116455902389765
490,trail_0_5r_after_1_0r,0.20116455902389765
490,time_exit_after_4_bars_if_mfe_lt_0_3r,0.20116455902389765
490,partial_50pct_at_1r,0.20116455902389765
491,baseline,0.47736592981661724
491,breakeven_after_0_5r,0.47736592981661724
491,breakeven_after_1_0r,0.47736592981661724
491,exit_at_first_0_5r,0.5
491,exit_at_first_1_0r,0.47736592981661724
491,trail_0_5r_after_1_0r,0.47736592981661724
491,time_exit_after_4_bars_if_mfe_lt_0_3r,0.47736592981661724
491,partial_50pct_at_1r,0.47736592981661724
492,baseline,-0.5407766073318042
492,breakeven_after_0_5r,-0.5407766073318042
492,breakeven_after_1_0r,-0.5407766073318042
492,exit_at_first_0_5r,-0.5407766073318042
492,exit_at_first_1_0r,-0.5407766073318042
492,trail_0_5r_after_1_0r,-0.5407766073318042
492,time_exit_after_4_bars_if_mfe_lt_0_3r,-0.5473280669817367
492,partial_50pct_at_1r,-0.5407766073318042
493,baseline,0.030060586079084635
493,breakeven_after_0_5r,0.030060586079084635
493,breakeven_after_1_0r,0.030060586079084635
493,exit_at_first_0_5r,0.030060586079084635
493,exit_at_first_1_0r,0.030060586079084635
493,trail_0_5r_after_1_0r,0.030060586079084635
493,time_exit_after_4_bars_if_mfe_lt_0_3r,-0.37768011179389976
493,partial_50pct_at_1r,0.030060586079084635
494,baseline,-0.07500997032289036
494,breakeven_after_0_5r,-0.07500997032289036
494,breakeven_after_1_0r,-0.07500997032289036
494,exit_at_first_0_5r,-0.07500997032289036
494,exit_at_first_1_0r,-0.07500997032289036
494,trail_0_5r_after_1_0r,-0.07500997032289036
494,time_exit_after_4_bars_if_mfe_lt_0_3r,-0.07500997032289036
494,partial_50pct_at_1r,-0.07500997032289036
495,baseline,0.3605157899290144
495,breakeven_after_0_5r,0.3605157899290144
495,breakeven_after_1_0r,0.3605157899290144
495,exit_at_first_0_5r,0.5
495,exit_at_first_1_0r,0.3605157899290144
495,trail_0_5r_after_1_0r,0.3605157899290144
495,time_exit_after_4_bars_if_mfe_lt_0_3r,0.07780238434927328
495,partial_50pct_at_1r,0.3605157899290144
496,baseline,-0.06269121791107915
496,breakeven_after_0_5r,-0.06269121791107915
496,breakeven_after_1_0r,-0.06269121791107915
496,exit_at_first_0_5r,-0.06269121791107915
496,exit_at_first_1_0r,-0.06269121791107915
496,trail_0_5r_after_1_0r,-0.06269121791107915
496,time_exit_after_4_bars_if_mfe_lt_0_3r,-0.17934356236954932
496,partial_50pct_at_1r,-0.06269121791107915
497,baseline,-1.0453856386196196
497,breakeven_after_0_5r,-1.0453856386196196
497,breakeven_after_1_0r,-1.0453856386196196
497,exit_at_first_0_5r,-1.0453856386196196
497,exit_at_first_1_0r,-1.0453856386196196
497,trail_0_5r_after_1_0r,-1.0453856386196196
497,time_exit_after_4_bars_if_mfe_lt_0_3r,-0.02816806523437281
497,partial_50pct_at_1r,-1.0453856386196196
498,baseline,0.03409524272107286
498,breakeven_after_0_5r,0.03409524272107286
498,breakeven_after_1_0r,0.03409524272107286
498,exit_at_first_0_5r,0.03409524272107286
498,exit_at_first_1_0r,0.03409524272107286
498,trail_0_5r_after_1_0r,0.03409524272107286
498,time_exit_after_4_bars_if_mfe_lt_0_3r,0.03409524272107286
498,partial_50pct_at_1r,0.03409524272107286
499,baseline,0.09825144307113294
499,breakeven_after_0_5r,0.09825144307113294
499,breakeven_after_1_0r,0.09825144307113294
499,exit_at_first_0_5r,0.09825144307113294
499,exit_at_first_1_0r,0.09825144307113294
499,trail_0_5r_after_1_0r,0.09825144307113294
499,time_exit_after_4_bars_if_mfe_lt_0_3r,0.16397757086665884
499,partial_50pct_at_1r,0.09825144307113294
500,baseline,0.5926578232361359
500,breakeven_after_0_5r,0.5926578232361359
500,breakeven_after_1_0r,0.5926578232361359
500,exit_at_first_0_5r,0.5
500,exit_at_first_1_0r,0.5926578232361359
500,trail_0_5r_after_1_0r,0.5926578232361359
500,time_exit_after_4_bars_if_mfe_lt_0_3r,0.5926578232361359
500,partial_50pct_at_1r,0.5926578232361359
501,baseline,-0.2584328883288356
501,breakeven_after_0_5r,-0.2584328883288356
501,breakeven_after_1_0r,-0.2584328883288356
501,exit_at_first_0_5r,-0.2584328883288356
501,exit_at_first_1_0r,-0.2584328883288356
501,trail_0_5r_after_1_0r,-0.2584328883288356
501,time_exit_after_4_bars_if_mfe_lt_0_3r,-0.15692728844306827
501,partial_50pct_at_1r,-0.2584328883288356
502,baseline,0.5770907881182478
502,breakeven_after_0_5r,0.5770907881182478
502,breakeven_after_1_0r,0.5770907881182478
502,exit_at_first_0_5r,0.5
502,exit_at_first_1_0r,0.5770907881182478
502,trail_0_5r_after_1_0r,0.5770907881182478
502,time_exit_after_4_bars_if_mfe_lt_0_3r,0.5770907881182478
502,partial_50pct_at_1r,0.5770907881182478
503,baseline,-1.0681982251011182
503,breakeven_after_0_5r,-1.0681982251011182
503,breakeven_after_1_0r,-1.0681982251011182
503,exit_at_first_0_5r,-1.0681982251011182
503,exit_at_first_1_0r,-1.0681982251011182
503,trail_0_5r_after_1_0r,-1.0681982251011182
503,time_exit_after_4_bars_if_mfe_lt_0_3r,-1.0681982251011182
503,partial_50pct_at_1r,-1.0681982251011182
504,baseline,0.24752895969312472
504,breakeven_after_0_5r,0.24752895969312472
504,breakeven_after_1_0r,0.24752895969312472
504,exit_at_first_0_5r,0.24752895969312472
504,exit_at_first_1_0r,0.24752895969312472
504,trail_0_5r_after_1_0r,0.24752895969312472
504,time_exit_after_4_bars_if_mfe_lt_0_3r,0.24752895969312472
504,partial_50pct_at_1r,0.24752895969312472
505,baseline,-0.042524704932786594
505,breakeven_after_0_5r,-0.042524704932786594
505,breakeven_after_1_0r,-0.042524704932786594
505,exit_at_first_0_5r,-0.042524704932786594
505,exit_at_first_1_0r,-0.042524704932786594
505,trail_0_5r_after_1_0r,-0.042524704932786594
505,time_exit_after_4_bars_if_mfe_lt_0_3r,-0.042524704932786594
505,partial_50pct_at_1r,-0.042524704932786594
506,baseline,-0.5587742557142065
506,breakeven_after_0_5r,-0.5587742557142065
506,breakeven_after_1_0r,-0.5587742557142065
506,exit_at_first_0_5r,-0.5587742557142065
506,exit_at_first_1_0r,-0.5587742557142065
506,trail_0_5r_after_1_0r,-0.5587742557142065
506,time_exit_after_4_bars_if_mfe_lt_0_3r,-0.2687190955894062
506,partial_50pct_at_1r,-0.5587742557142065
507,baseline,0.13790635869628298
507,breakeven_after_0_5r,0.13790635869628298
507,breakeven_after_1_0r,0.13790635869628298
507,exit_at_first_0_5r,0.13790635869628298
507,exit_at_first_1_0r,0.13790635869628298
507,trail_0_5r_after_1_0r,0.13790635869628298
507,time_exit_after_4_bars_if_mfe_lt_0_3r,0.13790635869628298
507,partial_50pct_at_1r,0.13790635869628298
508,baseline,-1.071381998635837
508,breakeven_after_0_5r,-1.071381998635837
508,breakeven_after_1_0r,-1.071381998635837
508,exit_at_first_0_5r,-1.071381998635837
508,exit_at_first_1_0r,-1.071381998635837
508,trail_0_5r_after_1_0r,-1.071381998635837
508,time_exit_after_4_bars_if_mfe_lt_0_3r,-1.071381998635837
508,partial_50pct_at_1r,-1.071381998635837
509,baseline,-1.05200017098642
509,breakeven_after_0_5r,-1.05200017098642
509,breakeven_after_1_0r,-1.05200017098642
509,exit_at_first_0_5r,-1.05200017098642
509,exit_at_first_1_0r,-1.05200017098642
509,trail_0_5r_after_1_0r,-1.05200017098642
509,time_exit_after_4_bars_if_mfe_lt_0_3r,-1.05200017098642
509,partial_50pct_at_1r,-1.05200017098642
510,baseline,0.13635848163232223
510,breakeven_after_0_5r,0.13635848163232223
510,breakeven_after_1_0r,0.13635848163232223
510,exit_at_first_0_5r,0.5
510,exit_at_first_1_0r,0.13635848163232223
510,trail_0_5r_after_1_0r,0.13635848163232223
510,time_exit_after_4_bars_if_mfe_lt_0_3r,0.13635848163232223
510,partial_50pct_at_1r,0.13635848163232223
511,baseline,0.1685063308043004
511,breakeven_after_0_5r,0.1685063308043004
511,breakeven_after_1_0r,0.1685063308043004
511,exit_at_first_0_5r,0.1685063308043004
511,exit_at_first_1_0r,0.1685063308043004
511,trail_0_5r_after_1_0r,0.1685063308043004
511,time_exit_after_4_bars_if_mfe_lt_0_3r,-0.10988135914836136
511,partial_50pct_at_1r,0.1685063308043004
512,baseline,0.15805413188612394
512,breakeven_after_0_5r,0.15805413188612394
512,breakeven_after_1_0r,0.15805413188612394
512,exit_at_first_0_5r,0.15805413188612394
512,exit_at_first_1_0r,0.15805413188612394
512,trail_0_5r_after_1_0r,0.15805413188612394
512,time_exit_after_4_bars_if_mfe_lt_0_3r,0.15805413188612394
512,partial_50pct_at_1r,0.15805413188612394
513,baseline,0.058303447919960324
513,breakeven_after_0_5r,0.058303447919960324
513,breakeven_after_1_0r,0.058303447919960324
513,exit_at_first_0_5r,0.058303447919960324
513,exit_at_first_1_0r,0.058303447919960324
513,trail_0_5r_after_1_0r,0.058303447919960324
513,time_exit_after_4_bars_if_mfe_lt_0_3r,0.058303447919960324
513,partial_50pct_at_1r,0.058303447919960324
514,baseline,-1.0464889387367868
514,breakeven_after_0_5r,-1.0464889387367868
514,breakeven_after_1_0r,-1.0464889387367868
514,exit_at_first_0_5r,-1.0464889387367868
514,exit_at_first_1_0r,-1.0464889387367868
514,trail_0_5r_after_1_0r,-1.0464889387367868
514,time_exit_after_4_bars_if_mfe_lt_0_3r,-0.8584576707051546
514,partial_50pct_at_1r,-1.0464889387367868
515,baseline,0.5680320041631651
515,breakeven_after_0_5r,0.5680320041631651
515,breakeven_after_1_0r,0.5680320041631651
515,exit_at_first_0_5r,0.5
515,exit_at_first_1_0r,0.5680320041631651
515,trail_0_5r_after_1_0r,0.5680320041631651
515,time_exit_after_4_bars_if_mfe_lt_0_3r,0.5680320041631651
515,partial_50pct_at_1r,0.5680320041631651
516,baseline,0.10549938770367992
516,breakeven_after_0_5r,0.10549938770367992
516,breakeven_after_1_0r,0.10549938770367992
516,exit_at_first_0_5r,0.10549938770367992
516,exit_at_first_1_0r,0.10549938770367992
516,trail_0_5r_after_1_0r,0.10549938770367992
516,time_exit_after_4_bars_if_mfe_lt_0_3r,-0.018386942472382616
516,partial_50pct_at_1r,0.10549938770367992
517,baseline,0.14248791329849592
517,breakeven_after_0_5r,0.14248791329849592
517,breakeven_after_1_0r,0.14248791329849592
517,exit_at_first_0_5r,0.14248791329849592
517,exit_at_first_1_0r,0.14248791329849592
517,trail_0_5r_after_1_0r,0.14248791329849592
517,time_exit_after_4_bars_if_mfe_lt_0_3r,0.14248791329849592
517,partial_50pct_at_1r,0.14248791329849592
518,baseline,-1.0512235133976446
518,breakeven_after_0_5r,-1.0512235133976446
518,breakeven_after_1_0r,-1.0512235133976446
518,exit_at_first_0_5r,-1.0512235133976446
518,exit_at_first_1_0r,-1.0512235133976446
518,trail_0_5r_after_1_0r,-1.0512235133976446
518,time_exit_after_4_bars_if_mfe_lt_0_3r,-0.023903173449658865
518,partial_50pct_at_1r,-1.0512235133976446
519,baseline,0.09504772032999838
519,breakeven_after_0_5r,0.09504772032999838
519,breakeven_after_1_0r,0.09504772032999838
519,exit_at_first_0_5r,0.09504772032999838
519,exit_at_first_1_0r,0.09504772032999838
519,trail_0_5r_after_1_0r,0.09504772032999838
519,time_exit_after_4_bars_if_mfe_lt_0_3r,0.014820864857613166
519,partial_50pct_at_1r,0.09504772032999838
520,baseline,0.20002774970649506
520,breakeven_after_0_5r,0.20002774970649506
520,breakeven_after_1_0r,0.20002774970649506
520,exit_at_first_0_5r,0.20002774970649506
520,exit_at_first_1_0r,0.20002774970649506
520,trail_0_5r_after_1_0r,0.20002774970649506
520,time_exit_after_4_bars_if_mfe_lt_0_3r,0.20002774970649506
520,partial_50pct_at_1r,0.20002774970649506
521,baseline,0.2563306761101857
521,breakeven_after_0_5r,0.2563306761101857
521,breakeven_after_1_0r,0.2563306761101857
521,exit_at_first_0_5r,0.2563306761101857
521,exit_at_first_1_0r,0.2563306761101857
521,trail_0_5r_after_1_0r,0.2563306761101857
521,time_exit_after_4_bars_if_mfe_lt_0_3r,0.07112351340357509
521,partial_50pct_at_1r,0.2563306761101857
522,baseline,0.4876342969810193
522,breakeven_after_0_5r,0.0
522,breakeven_after_1_0r,0.0
522,exit_at_first_0_5r,0.5
522,exit_at_first_1_0r,1.0
522,trail_0_5r_after_1_0r,0.6533867740008366
522,time_exit_after_4_bars_if_mfe_lt_0_3r,-0.15039757053049815
522,partial_50pct_at_1r,0.7438171484905096
523,baseline,0.4145411187910574
523,breakeven_after_0_5r,0.4145411187910574
523,breakeven_after_1_0r,0.4145411187910574
523,exit_at_first_0_5r,0.5
523,exit_at_first_1_0r,0.4145411187910574
523,trail_0_5r_after_1_0r,0.4145411187910574
523,time_exit_after_4_bars_if_mfe_lt_0_3r,0.004541162648038391
523,partial_50pct_at_1r,0.4145411187910574
524,baseline,0.4204098354432705
524,breakeven_after_0_5r,0.0
524,breakeven_after_1_0r,0.4204098354432705
524,exit_at_first_0_5r,0.5
524,exit_at_first_1_0r,0.4204098354432705
524,trail_0_5r_after_1_0r,0.4204098354432705
524,time_exit_after_4_bars_if_mfe_lt_0_3r,0.4204098354432705
524,partial_50pct_at_1r,0.4204098354432705
525,baseline,-0.12228629633970509
525,breakeven_after_0_5r,-0.12228629633970509
525,breakeven_after_1_0r,-0.12228629633970509
525,exit_at_first_0_5r,-0.12228629633970509
525,exit_at_first_1_0r,-0.12228629633970509
525,trail_0_5r_after_1_0r,-0.12228629633970509
525,time_exit_after_4_bars_if_mfe_lt_0_3r,-0.08242331452257123
525,partial_50pct_at_1r,-0.12228629633970509
526,baseline,0.39861372392406835
526,breakeven_after_0_5r,0.0
526,breakeven_after_1_0r,0.39861372392406835
526,exit_at_first_0_5r,0.5
526,exit_at_first_1_0r,0.39861372392406835
526,trail_0_5r_after_1_0r,0.39861372392406835
526,time_exit_after_4_bars_if_mfe_lt_0_3r,0.39861372392406835
526,partial_50pct_at_1r,0.39861372392406835
527,baseline,0.12382753019269944
527,breakeven_after_0_5r,0.12382753019269944
527,breakeven_after_1_0r,0.12382753019269944
527,exit_at_first_0_5r,0.12382753019269944
527,exit_at_first_1_0r,0.12382753019269944
527,trail_0_5r_after_1_0r,0.12382753019269944
527,time_exit_after_4_bars_if_mfe_lt_0_3r,0.12382753019269944
527,partial_50pct_at_1r,0.12382753019269944
528,baseline,0.13041944695839894
528,breakeven_after_0_5r,0.13041944695839894
528,breakeven_after_1_0r,0.13041944695839894
528,exit_at_first_0_5r,0.13041944695839894
528,exit_at_first_1_0r,0.13041944695839894
528,trail_0_5r_after_1_0r,0.13041944695839894
528,time_exit_after_4_bars_if_mfe_lt_0_3r,-0.1041817505756133
528,partial_50pct_at_1r,0.13041944695839894
529,baseline,0.10827846345217468
529,breakeven_after_0_5r,0.10827846345217468
529,breakeven_after_1_0r,0.10827846345217468
529,exit_at_first_0_5r,0.10827846345217468
529,exit_at_first_1_0r,0.10827846345217468
529,trail_0_5r_after_1_0r,0.10827846345217468
529,time_exit_after_4_bars_if_mfe_lt_0_3r,0.10827846345217468
529,partial_50pct_at_1r,0.10827846345217468
530,baseline,-0.233586565411316
530,breakeven_after_0_5r,-0.233586565411316
530,breakeven_after_1_0r,-0.233586565411316
530,exit_at_first_0_5r,-0.233586565411316
530,exit_at_first_1_0r,-0.233586565411316
530,trail_0_5r_after_1_0r,-0.233586565411316
530,time_exit_after_4_bars_if_mfe_lt_0_3r,-0.356160799101814
530,partial_50pct_at_1r,-0.233586565411316
531,baseline,0.3330869806879358
531,breakeven_after_0_5r,0.3330869806879358
531,breakeven_after_1_0r,0.3330869806879358
531,exit_at_first_0_5r,0.5
531,exit_at_first_1_0r,0.3330869806879358
531,trail_0_5r_after_1_0r,0.3330869806879358
531,time_exit_after_4_bars_if_mfe_lt_0_3r,0.0743337589381321
531,partial_50pct_at_1r,0.3330869806879358
532,baseline,0.15954759583855832
532,breakeven_after_0_5r,0.0
532,breakeven_after_1_0r,0.15954759583855832
532,exit_at_first_0_5r,0.5
532,exit_at_first_1_0r,0.15954759583855832
532,trail_0_5r_after_1_0r,0.15954759583855832
532,time_exit_after_4_bars_if_mfe_lt_0_3r,-0.05266985558436653
532,partial_50pct_at_1r,0.15954759583855832
533,baseline,0.43533583601619497
533,breakeven_after_0_5r,0.0
533,breakeven_after_1_0r,0.43533583601619497
533,exit_at_first_0_5r,0.5
533,exit_at_first_1_0r,0.43533583601619497
533,trail_0_5r_after_1_0r,0.43533583601619497
533,time_exit_after_4_bars_if_mfe_lt_0_3r,0.43533583601619497
533,partial_50pct_at_1r,0.43533583601619497
534,baseline,0.41220566477756976
534,breakeven_after_0_5r,0.0
534,breakeven_after_1_0r,0.41220566477756976
534,exit_at_first_0_5r,0.5
534,exit_at_first_1_0r,0.41220566477756976
534,trail_0_5r_after_1_0r,0.41220566477756976
534,time_exit_after_4_bars_if_mfe_lt_0_3r,0.41220566477756976
534,partial_50pct_at_1r,0.41220566477756976
535,baseline,0.1207613998533106
535,breakeven_after_0_5r,0.1207613998533106
535,breakeven_after_1_0r,0.1207613998533106
535,exit_at_first_0_5r,0.1207613998533106
535,exit_at_first_1_0r,0.1207613998533106
535,trail_0_5r_after_1_0r,0.1207613998533106
535,time_exit_after_4_bars_if_mfe_lt_0_3r,0.1207613998533106
535,partial_50pct_at_1r,0.1207613998533106
536,baseline,-1.0668258248101077
536,breakeven_after_0_5r,-1.0668258248101077
536,breakeven_after_1_0r,-1.0668258248101077
536,exit_at_first_0_5r,-1.0668258248101077
536,exit_at_first_1_0r,-1.0668258248101077
536,trail_0_5r_after_1_0r,-1.0668258248101077
536,time_exit_after_4_bars_if_mfe_lt_0_3r,-1.0668258248101077
536,partial_50pct_at_1r,-1.0668258248101077
537,baseline,0.42529258255735064
537,breakeven_after_0_5r,0.0
537,breakeven_after_1_0r,0.42529258255735064
537,exit_at_first_0_5r,0.5
537,exit_at_first_1_0r,0.42529258255735064
537,trail_0_5r_after_1_0r,0.42529258255735064
537,time_exit_after_4_bars_if_mfe_lt_0_3r,0.42529258255735064
537,partial_50pct_at_1r,0.42529258255735064
538,baseline,0.6253719450379035
538,breakeven_after_0_5r,0.6253719450379035
538,breakeven_after_1_0r,0.6253719450379035
538,exit_at_first_0_5r,0.5
538,exit_at_first_1_0r,1.0
538,trail_0_5r_after_1_0r,0.7233662464685569
538,time_exit_after_4_bars_if_mfe_lt_0_3r,0.6253719450379035
538,partial_50pct_at_1r,0.8126859725189517
539,baseline,0.15582419866795771
539,breakeven_after_0_5r,0.15582419866795771
539,breakeven_after_1_0r,0.15582419866795771
539,exit_at_first_0_5r,0.15582419866795771
539,exit_at_first_1_0r,0.15582419866795771
539,trail_0_5r_after_1_0r,0.15582419866795771
539,time_exit_after_4_bars_if_mfe_lt_0_3r,0.15582419866795771
539,partial_50pct_at_1r,0.15582419866795771
540,baseline,0.09391246052103014
540,breakeven_after_0_5r,0.09391246052103014
540,breakeven_after_1_0r,0.09391246052103014
540,exit_at_first_0_5r,0.09391246052103014
540,exit_at_first_1_0r,0.09391246052103014
540,trail_0_5r_after_1_0r,0.09391246052103014
540,time_exit_after_4_bars_if_mfe_lt_0_3r,0.09391246052103014
540,partial_50pct_at_1r,0.09391246052103014
541,baseline,0.21903836222216094
541,breakeven_after_0_5r,0.21903836222216094
541,breakeven_after_1_0r,0.21903836222216094
541,exit_at_first_0_5r,0.21903836222216094
541,exit_at_first_1_0r,0.21903836222216094
541,trail_0_5r_after_1_0r,0.21903836222216094
541,time_exit_after_4_bars_if_mfe_lt_0_3r,0.21903836222216094
541,partial_50pct_at_1r,0.21903836222216094
542,baseline,0.5680674297998579
542,breakeven_after_0_5r,0.5680674297998579
542,breakeven_after_1_0r,0.5680674297998579
542,exit_at_first_0_5r,0.5
542,exit_at_first_1_0r,0.5680674297998579
542,trail_0_5r_after_1_0r,0.5680674297998579
542,time_exit_after_4_bars_if_mfe_lt_0_3r,0.5680674297998579
542,partial_50pct_at_1r,0.5680674297998579
543,baseline,0.3600749489612188
543,breakeven_after_0_5r,0.3600749489612188
543,breakeven_after_1_0r,0.3600749489612188
543,exit_at_first_0_5r,0.5
543,exit_at_first_1_0r,0.3600749489612188
543,trail_0_5r_after_1_0r,0.3600749489612188
543,time_exit_after_4_bars_if_mfe_lt_0_3r,0.3600749489612188
543,partial_50pct_at_1r,0.3600749489612188
544,baseline,-1.046541729993555
544,breakeven_after_0_5r,-1.046541729993555
544,breakeven_after_1_0r,-1.046541729993555
544,exit_at_first_0_5r,-1.046541729993555
544,exit_at_first_1_0r,-1.046541729993555
544,trail_0_5r_after_1_0r,-1.046541729993555
544,time_exit_after_4_bars_if_mfe_lt_0_3r,-0.3724089610693466
544,partial_50pct_at_1r,-1.046541729993555
545,baseline,0.09420863943559751
545,breakeven_after_0_5r,0.09420863943559751
545,breakeven_after_1_0r,0.09420863943559751
545,exit_at_first_0_5r,0.5
545,exit_at_first_1_0r,0.09420863943559751
545,trail_0_5r_after_1_0r,0.09420863943559751
545,time_exit_after_4_bars_if_mfe_lt_0_3r,0.09420863943559751
545,partial_50pct_at_1r,0.09420863943559751
546,baseline,-1.0528901822314187
546,breakeven_after_0_5r,-1.0528901822314187
546,breakeven_after_1_0r,-1.0528901822314187
546,exit_at_first_0_5r,-1.0528901822314187
546,exit_at_first_1_0r,-1.0528901822314187
546,trail_0_5r_after_1_0r,-1.0528901822314187
546,time_exit_after_4_bars_if_mfe_lt_0_3r,-0.49890945455528757
546,partial_50pct_at_1r,-1.0528901822314187
547,baseline,0.23517881326963958
547,breakeven_after_0_5r,0.23517881326963958
547,breakeven_after_1_0r,0.23517881326963958
547,exit_at_first_0_5r,0.23517881326963958
547,exit_at_first_1_0r,0.23517881326963958
547,trail_0_5r_after_1_0r,0.23517881326963958
547,time_exit_after_4_bars_if_mfe_lt_0_3r,0.23517881326963958
547,partial_50pct_at_1r,0.23517881326963958
548,baseline,0.2620904310449723
548,breakeven_after_0_5r,0.2620904310449723
548,breakeven_after_1_0r,0.2620904310449723
548,exit_at_first_0_5r,0.2620904310449723
548,exit_at_first_1_0r,0.2620904310449723
548,trail_0_5r_after_1_0r,0.2620904310449723
548,time_exit_after_4_bars_if_mfe_lt_0_3r,0.2620904310449723
548,partial_50pct_at_1r,0.2620904310449723
549,baseline,0.020560416097634693
549,breakeven_after_0_5r,0.020560416097634693
549,breakeven_after_1_0r,0.020560416097634693
549,exit_at_first_0_5r,0.020560416097634693
549,exit_at_first_1_0r,0.020560416097634693
549,trail_0_5r_after_1_0r,0.020560416097634693
549,time_exit_after_4_bars_if_mfe_lt_0_3r,0.06945239221144216
549,partial_50pct_at_1r,0.020560416097634693
550,baseline,0.11120129922326072
550,breakeven_after_0_5r,0.11120129922326072
550,breakeven_after_1_0r,0.11120129922326072
550,exit_at_first_0_5r,0.11120129922326072
550,exit_at_first_1_0r,0.11120129922326072
550,trail_0_5r_after_1_0r,0.11120129922326072
550,time_exit_after_4_bars_if_mfe_lt_0_3r,0.11120129922326072
550,partial_50pct_at_1r,0.11120129922326072
551,baseline,-1.048881101318377
551,breakeven_after_0_5r,-1.048881101318377
551,breakeven_after_1_0r,-1.048881101318377
551,exit_at_first_0_5r,-1.048881101318377
551,exit_at_first_1_0r,-1.048881101318377
551,trail_0_5r_after_1_0r,-1.048881101318377
551,time_exit_after_4_bars_if_mfe_lt_0_3r,-0.7576188283403829
551,partial_50pct_at_1r,-1.048881101318377
552,baseline,0.18742925384999534
552,breakeven_after_0_5r,0.18742925384999534
552,breakeven_after_1_0r,0.18742925384999534
552,exit_at_first_0_5r,0.18742925384999534
552,exit_at_first_1_0r,0.18742925384999534
552,trail_0_5r_after_1_0r,0.18742925384999534
552,time_exit_after_4_bars_if_mfe_lt_0_3r,0.18742925384999534
552,partial_50pct_at_1r,0.18742925384999534
553,baseline,0.6816915677448371
553,breakeven_after_0_5r,0.6816915677448371
553,breakeven_after_1_0r,0.6816915677448371
553,exit_at_first_0_5r,0.5
553,exit_at_first_1_0r,1.0
553,trail_0_5r_after_1_0r,0.6816915677448371
553,time_exit_after_4_bars_if_mfe_lt_0_3r,0.6816915677448371
553,partial_50pct_at_1r,0.8408457838724186
554,baseline,-0.054869078665904375
554,breakeven_after_0_5r,-0.054869078665904375
554,breakeven_after_1_0r,-0.054869078665904375
554,exit_at_first_0_5r,-0.054869078665904375
554,exit_at_first_1_0r,-0.054869078665904375
554,trail_0_5r_after_1_0r,-0.054869078665904375
554,time_exit_after_4_bars_if_mfe_lt_0_3r,-0.054869078665904375
554,partial_50pct_at_1r,-0.054869078665904375
555,baseline,-1.0526709482181336
555,breakeven_after_0_5r,-1.0526709482181336
555,breakeven_after_1_0r,-1.0526709482181336
555,exit_at_first_0_5r,-1.0526709482181336
555,exit_at_first_1_0r,-1.0526709482181336
555,trail_0_5r_after_1_0r,-1.0526709482181336
555,time_exit_after_4_bars_if_mfe_lt_0_3r,-1.196548532746704
555,partial_50pct_at_1r,-1.0526709482181336
556,baseline,-1.0498126579227092
556,breakeven_after_0_5r,-1.0498126579227092
556,breakeven_after_1_0r,-1.0498126579227092
556,exit_at_first_0_5r,-1.0498126579227092
556,exit_at_first_1_0r,-1.0498126579227092
556,trail_0_5r_after_1_0r,-1.0498126579227092
556,time_exit_after_4_bars_if_mfe_lt_0_3r,-0.688882331419645
556,partial_50pct_at_1r,-1.0498126579227092
557,baseline,0.10813520707822633
557,breakeven_after_0_5r,0.10813520707822633
557,breakeven_after_1_0r,0.10813520707822633
557,exit_at_first_0_5r,0.10813520707822633
557,exit_at_first_1_0r,0.10813520707822633
557,trail_0_5r_after_1_0r,0.10813520707822633
557,time_exit_after_4_bars_if_mfe_lt_0_3r,-0.051452783786423824
557,partial_50pct_at_1r,0.10813520707822633
558,baseline,-0.3319566683319737
558,breakeven_after_0_5r,-0.3319566683319737
558,breakeven_after_1_0r,-0.3319566683319737
558,exit_at_first_0_5r,-0.3319566683319737
558,exit_at_first_1_0r,-0.3319566683319737
558,trail_0_5r_after_1_0r,-0.3319566683319737
558,time_exit_after_4_bars_if_mfe_lt_0_3r,-0.4734556542596826
558,partial_50pct_at_1r,-0.3319566683319737
559,baseline,-1.0462434807019017
559,breakeven_after_0_5r,-1.0462434807019017
559,breakeven_after_1_0r,-1.0462434807019017
559,exit_at_first_0_5r,-1.0462434807019017
559,exit_at_first_1_0r,-1.0462434807019017
559,trail_0_5r_after_1_0r,-1.0462434807019017
559,time_exit_after_4_bars_if_mfe_lt_0_3r,0.0916883290902742
559,partial_50pct_at_1r,-1.0462434807019017
560,baseline,0.20144819176819584
560,breakeven_after_0_5r,0.20144819176819584
560,breakeven_after_1_0r,0.20144819176819584
560,exit_at_first_0_5r,0.20144819176819584
560,exit_at_first_1_0r,0.20144819176819584
560,trail_0_5r_after_1_0r,0.20144819176819584
560,time_exit_after_4_bars_if_mfe_lt_0_3r,0.20144819176819584
560,partial_50pct_at_1r,0.20144819176819584
561,baseline,0.8724834834963365
561,breakeven_after_0_5r,0.8724834834963365
561,breakeven_after_1_0r,0.8724834834963365
561,exit_at_first_0_5r,0.5
561,exit_at_first_1_0r,1.0
561,trail_0_5r_after_1_0r,0.6775475978385568
561,time_exit_after_4_bars_if_mfe_lt_0_3r,0.8724834834963365
561,partial_50pct_at_1r,0.9362417417481683
562,baseline,0.13599925213799932
562,breakeven_after_0_5r,0.13599925213799932
562,breakeven_after_1_0r,0.13599925213799932
562,exit_at_first_0_5r,0.13599925213799932
562,exit_at_first_1_0r,0.13599925213799932
562,trail_0_5r_after_1_0r,0.13599925213799932
562,time_exit_after_4_bars_if_mfe_lt_0_3r,0.13599925213799932
562,partial_50pct_at_1r,0.13599925213799932
563,baseline,0.3713085072447396
563,breakeven_after_0_5r,0.3713085072447396
563,breakeven_after_1_0r,0.3713085072447396
563,exit_at_first_0_5r,0.5
563,exit_at_first_1_0r,0.3713085072447396
563,trail_0_5r_after_1_0r,0.3713085072447396
563,time_exit_after_4_bars_if_mfe_lt_0_3r,0.3713085072447396
563,partial_50pct_at_1r,0.3713085072447396
564,baseline,-1.0366516705080473
564,breakeven_after_0_5r,-1.0366516705080473
564,breakeven_after_1_0r,-1.0366516705080473
564,exit_at_first_0_5r,-1.0366516705080473
564,exit_at_first_1_0r,-1.0366516705080473
564,trail_0_5r_after_1_0r,-1.0366516705080473
564,time_exit_after_4_bars_if_mfe_lt_0_3r,-1.0366516705080473
564,partial_50pct_at_1r,-1.0366516705080473
565,baseline,0.20267247635200555
565,breakeven_after_0_5r,0.20267247635200555
565,breakeven_after_1_0r,0.20267247635200555
565,exit_at_first_0_5r,0.20267247635200555
565,exit_at_first_1_0r,0.20267247635200555
565,trail_0_5r_after_1_0r,0.20267247635200555
565,time_exit_after_4_bars_if_mfe_lt_0_3r,0.14695054504357785
565,partial_50pct_at_1r,0.20267247635200555
566,baseline,0.5171304096937233
566,breakeven_after_0_5r,0.0
566,breakeven_after_1_0r,0.5171304096937233
566,exit_at_first_0_5r,0.5
566,exit_at_first_1_0r,0.5171304096937233
566,trail_0_5r_after_1_0r,0.5171304096937233
566,time_exit_after_4_bars_if_mfe_lt_0_3r,0.5171304096937233
566,partial_50pct_at_1r,0.5171304096937233
567,baseline,0.16500743090940356
567,breakeven_after_0_5r,0.16500743090940356
567,breakeven_after_1_0r,0.16500743090940356
567,exit_at_first_0_5r,0.16500743090940356
567,exit_at_first_1_0r,0.16500743090940356
567,trail_0_5r_after_1_0r,0.16500743090940356
567,time_exit_after_4_bars_if_mfe_lt_0_3r,0.16500743090940356
567,partial_50pct_at_1r,0.16500743090940356
568,baseline,-0.42214970317909584
568,breakeven_after_0_5r,-0.42214970317909584
568,breakeven_after_1_0r,-0.42214970317909584
568,exit_at_first_0_5r,-0.42214970317909584
568,exit_at_first_1_0r,-0.42214970317909584
568,trail_0_5r_after_1_0r,-0.42214970317909584
568,time_exit_after_4_bars_if_mfe_lt_0_3r,-0.11419289801509916
568,partial_50pct_at_1r,-0.42214970317909584
569,baseline,-1.0429424717119817
569,breakeven_after_0_5r,-1.0429424717119817
569,breakeven_after_1_0r,-1.0429424717119817
569,exit_at_first_0_5r,-1.0429424717119817
569,exit_at_first_1_0r,-1.0429424717119817
569,trail_0_5r_after_1_0r,-1.0429424717119817
569,time_exit_after_4_bars_if_mfe_lt_0_3r,-0.8159674753784226
569,partial_50pct_at_1r,-1.0429424717119817
570,baseline,0.28227697010383035
570,breakeven_after_0_5r,0.0
570,breakeven_after_1_0r,0.28227697010383035
570,exit_at_first_0_5r,0.5
570,exit_at_first_1_0r,0.28227697010383035
570,trail_0_5r_after_1_0r,0.28227697010383035
570,time_exit_after_4_bars_if_mfe_lt_0_3r,0.28227697010383035
570,partial_50pct_at_1r,0.28227697010383035
571,baseline,-0.035857318013830915
571,breakeven_after_0_5r,-0.035857318013830915
571,breakeven_after_1_0r,-0.035857318013830915
571,exit_at_first_0_5r,-0.035857318013830915
571,exit_at_first_1_0r,-0.035857318013830915
571,trail_0_5r_after_1_0r,-0.035857318013830915
571,time_exit_after_4_bars_if_mfe_lt_0_3r,-0.035857318013830915
571,partial_50pct_at_1r,-0.035857318013830915
572,baseline,0.0512176456334638
572,breakeven_after_0_5r,0.0512176456334638
572,breakeven_after_1_0r,0.0512176456334638
572,exit_at_first_0_5r,0.0512176456334638
572,exit_at_first_1_0r,0.0512176456334638
572,trail_0_5r_after_1_0r,0.0512176456334638
572,time_exit_after_4_bars_if_mfe_lt_0_3r,-0.20856718415394696
572,partial_50pct_at_1r,0.0512176456334638
573,baseline,0.1182239669539611
573,breakeven_after_0_5r,0.1182239669539611
573,breakeven_after_1_0r,0.1182239669539611
573,exit_at_first_0_5r,0.1182239669539611
573,exit_at_first_1_0r,0.1182239669539611
573,trail_0_5r_after_1_0r,0.1182239669539611
573,time_exit_after_4_bars_if_mfe_lt_0_3r,0.1182239669539611
573,partial_50pct_at_1r,0.1182239669539611
574,baseline,0.2223709342428362
574,breakeven_after_0_5r,0.2223709342428362
574,breakeven_after_1_0r,0.2223709342428362
574,exit_at_first_0_5r,0.2223709342428362
574,exit_at_first_1_0r,0.2223709342428362
574,trail_0_5r_after_1_0r,0.2223709342428362
574,time_exit_after_4_bars_if_mfe_lt_0_3r,0.0773913749523365
574,partial_50pct_at_1r,0.2223709342428362
575,baseline,0.13214614942947955
575,breakeven_after_0_5r,0.13214614942947955
575,breakeven_after_1_0r,0.13214614942947955
575,exit_at_first_0_5r,0.13214614942947955
575,exit_at_first_1_0r,0.13214614942947955
575,trail_0_5r_after_1_0r,0.13214614942947955
575,time_exit_after_4_bars_if_mfe_lt_0_3r,-0.29016736111934566
575,partial_50pct_at_1r,0.13214614942947955
576,baseline,-1.057500297347557
576,breakeven_after_0_5r,-1.057500297347557
576,breakeven_after_1_0r,-1.057500297347557
576,exit_at_first_0_5r,-1.057500297347557
576,exit_at_first_1_0r,-1.057500297347557
576,trail_0_5r_after_1_0r,-1.057500297347557
576,time_exit_after_4_bars_if_mfe_lt_0_3r,-1.057500297347557
576,partial_50pct_at_1r,-1.057500297347557
577,baseline,-1.0540827295449338
577,breakeven_after_0_5r,-1.0540827295449338
577,breakeven_after_1_0r,-1.0540827295449338
577,exit_at_first_0_5r,-1.0540827295449338
577,exit_at_first_1_0r,-1.0540827295449338
577,trail_0_5r_after_1_0r,-1.0540827295449338
577,time_exit_after_4_bars_if_mfe_lt_0_3r,-1.0540827295449338
577,partial_50pct_at_1r,-1.0540827295449338
578,baseline,0.08462571039219771
578,breakeven_after_0_5r,0.08462571039219771
578,breakeven_after_1_0r,0.08462571039219771
578,exit_at_first_0_5r,0.08462571039219771
578,exit_at_first_1_0r,0.08462571039219771
578,trail_0_5r_after_1_0r,0.08462571039219771
578,time_exit_after_4_bars_if_mfe_lt_0_3r,0.08462571039219771
578,partial_50pct_at_1r,0.08462571039219771
579,baseline,0.3398251605277349
579,breakeven_after_0_5r,0.3398251605277349
579,breakeven_after_1_0r,0.3398251605277349
579,exit_at_first_0_5r,0.5
579,exit_at_first_1_0r,0.3398251605277349
579,trail_0_5r_after_1_0r,0.3398251605277349
579,time_exit_after_4_bars_if_mfe_lt_0_3r,0.3398251605277349
579,partial_50pct_at_1r,0.3398251605277349
580,baseline,0.21973072464703114
580,breakeven_after_0_5r,0.21973072464703114
580,breakeven_after_1_0r,0.21973072464703114
580,exit_at_first_0_5r,0.5
580,exit_at_first_1_0r,0.21973072464703114
580,trail_0_5r_after_1_0r,0.21973072464703114
580,time_exit_after_4_bars_if_mfe_lt_0_3r,0.21973072464703114
580,partial_50pct_at_1r,0.21973072464703114
581,baseline,0.24900113850565056
581,breakeven_after_0_5r,0.24900113850565056
581,breakeven_after_1_0r,0.24900113850565056
581,exit_at_first_0_5r,0.24900113850565056
581,exit_at_first_1_0r,0.24900113850565056
581,trail_0_5r_after_1_0r,0.24900113850565056
581,time_exit_after_4_bars_if_mfe_lt_0_3r,0.24900113850565056
581,partial_50pct_at_1r,0.24900113850565056
582,baseline,0.2682733352541672
582,breakeven_after_0_5r,0.2682733352541672
582,breakeven_after_1_0r,0.2682733352541672
582,exit_at_first_0_5r,0.5
582,exit_at_first_1_0r,0.2682733352541672
582,trail_0_5r_after_1_0r,0.2682733352541672
582,time_exit_after_4_bars_if_mfe_lt_0_3r,0.2682733352541672
582,partial_50pct_at_1r,0.2682733352541672
583,baseline,0.6192518117679375
583,breakeven_after_0_5r,0.0
583,breakeven_after_1_0r,0.0
583,exit_at_first_0_5r,0.5
583,exit_at_first_1_0r,1.0
583,trail_0_5r_after_1_0r,0.520964419258706
583,time_exit_after_4_bars_if_mfe_lt_0_3r,0.01019764696086731
583,partial_50pct_at_1r,0.8096259058839688
584,baseline,0.44891657362353804
584,breakeven_after_0_5r,0.0
584,breakeven_after_1_0r,0.44891657362353804
584,exit_at_first_0_5r,0.5
584,exit_at_first_1_0r,0.44891657362353804
584,trail_0_5r_after_1_0r,0.44891657362353804
584,time_exit_after_4_bars_if_mfe_lt_0_3r,0.44891657362353804
584,partial_50pct_at_1r,0.44891657362353804
585,baseline,0.10368224088187468
585,breakeven_after_0_5r,0.10368224088187468
585,breakeven_after_1_0r,0.10368224088187468
585,exit_at_first_0_5r,0.10368224088187468
585,exit_at_first_1_0r,0.10368224088187468
585,trail_0_5r_after_1_0r,0.10368224088187468
585,time_exit_after_4_bars_if_mfe_lt_0_3r,0.10368224088187468
585,partial_50pct_at_1r,0.10368224088187468
586,baseline,0.2112187576330571
586,breakeven_after_0_5r,0.2112187576330571
586,breakeven_after_1_0r,0.2112187576330571
586,exit_at_first_0_5r,0.2112187576330571
586,exit_at_first_1_0r,0.2112187576330571
586,trail_0_5r_after_1_0r,0.2112187576330571
586,time_exit_after_4_bars_if_mfe_lt_0_3r,0.2112187576330571
586,partial_50pct_at_1r,0.2112187576330571
587,baseline,0.24553640584223338
587,breakeven_after_0_5r,0.24553640584223338
587,breakeven_after_1_0r,0.24553640584223338
587,exit_at_first_0_5r,0.5
587,exit_at_first_1_0r,0.24553640584223338
587,trail_0_5r_after_1_0r,0.24553640584223338
587,time_exit_after_4_bars_if_mfe_lt_0_3r,0.24553640584223338
587,partial_50pct_at_1r,0.24553640584223338
588,baseline,0.39760540728455357
588,breakeven_after_0_5r,0.0
588,breakeven_after_1_0r,0.39760540728455357
588,exit_at_first_0_5r,0.5
588,exit_at_first_1_0r,0.39760540728455357
588,trail_0_5r_after_1_0r,0.39760540728455357
588,time_exit_after_4_bars_if_mfe_lt_0_3r,0.39760540728455357
588,partial_50pct_at_1r,0.39760540728455357
589,baseline,0.34376355678252113
589,breakeven_after_0_5r,0.0
589,breakeven_after_1_0r,0.34376355678252113
589,exit_at_first_0_5r,0.5
589,exit_at_first_1_0r,0.34376355678252113
589,trail_0_5r_after_1_0r,0.34376355678252113
589,time_exit_after_4_bars_if_mfe_lt_0_3r,0.34376355678252113
589,partial_50pct_at_1r,0.34376355678252113
590,baseline,-1.0433434294407133
590,breakeven_after_0_5r,-1.0433434294407133
590,breakeven_after_1_0r,-1.0433434294407133
590,exit_at_first_0_5r,-1.0433434294407133
590,exit_at_first_1_0r,-1.0433434294407133
590,trail_0_5r_after_1_0r,-1.0433434294407133
590,time_exit_after_4_bars_if_mfe_lt_0_3r,-1.1970501923763692
590,partial_50pct_at_1r,-1.0433434294407133
591,baseline,0.2420578582559445
591,breakeven_after_0_5r,0.2420578582559445
591,breakeven_after_1_0r,0.2420578582559445
591,exit_at_first_0_5r,0.2420578582559445
591,exit_at_first_1_0r,0.2420578582559445
591,trail_0_5r_after_1_0r,0.2420578582559445
591,time_exit_after_4_bars_if_mfe_lt_0_3r,0.05887046929135886
591,partial_50pct_at_1r,0.2420578582559445
592,baseline,0.17925646210814677
592,breakeven_after_0_5r,0.17925646210814677
592,breakeven_after_1_0r,0.17925646210814677
592,exit_at_first_0_5r,0.17925646210814677
592,exit_at_first_1_0r,0.17925646210814677
592,trail_0_5r_after_1_0r,0.17925646210814677
592,time_exit_after_4_bars_if_mfe_lt_0_3r,0.17925646210814677
592,partial_50pct_at_1r,0.17925646210814677
593,baseline,0.3816408386510035
593,breakeven_after_0_5r,0.0
593,breakeven_after_1_0r,0.3816408386510035
593,exit_at_first_0_5r,0.5
593,exit_at_first_1_0r,0.3816408386510035
593,trail_0_5r_after_1_0r,0.3816408386510035
593,time_exit_after_4_bars_if_mfe_lt_0_3r,0.3816408386510035
593,partial_50pct_at_1r,0.3816408386510035
594,baseline,0.5011094966803291
594,breakeven_after_0_5r,0.5011094966803291
594,breakeven_after_1_0r,0.5011094966803291
594,exit_at_first_0_5r,0.5
594,exit_at_first_1_0r,0.5011094966803291
594,trail_0_5r_after_1_0r,0.5011094966803291
594,time_exit_after_4_bars_if_mfe_lt_0_3r,0.5011094966803291
594,partial_50pct_at_1r,0.5011094966803291
595,baseline,0.13235740443469082
595,breakeven_after_0_5r,0.13235740443469082
595,breakeven_after_1_0r,0.13235740443469082
595,exit_at_first_0_5r,0.5
595,exit_at_first_1_0r,0.13235740443469082
595,trail_0_5r_after_1_0r,0.13235740443469082
595,time_exit_after_4_bars_if_mfe_lt_0_3r,0.13235740443469082
595,partial_50pct_at_1r,0.13235740443469082
596,baseline,-0.27920309965239254
596,breakeven_after_0_5r,-0.27920309965239254
596,breakeven_after_1_0r,-0.27920309965239254
596,exit_at_first_0_5r,-0.27920309965239254
596,exit_at_first_1_0r,-0.27920309965239254
596,trail_0_5r_after_1_0r,-0.27920309965239254
596,time_exit_after_4_bars_if_mfe_lt_0_3r,-0.27920309965239254
596,partial_50pct_at_1r,-0.27920309965239254
597,baseline,0.6794663215618272
597,breakeven_after_0_5r,0.6794663215618272
597,breakeven_after_1_0r,0.6794663215618272
597,exit_at_first_0_5r,0.5
597,exit_at_first_1_0r,0.6794663215618272
597,trail_0_5r_after_1_0r,0.6794663215618272
597,time_exit_after_4_bars_if_mfe_lt_0_3r,-0.2771229367263064
597,partial_50pct_at_1r,0.6794663215618272
598,baseline,-0.48465461227373174
598,breakeven_after_0_5r,-0.48465461227373174
598,breakeven_after_1_0r,-0.48465461227373174
598,exit_at_first_0_5r,-0.48465461227373174
598,exit_at_first_1_0r,-0.48465461227373174
598,trail_0_5r_after_1_0r,-0.48465461227373174
598,time_exit_after_4_bars_if_mfe_lt_0_3r,-0.23088601153849578
598,partial_50pct_at_1r,-0.48465461227373174
599,baseline,0.46837927518628997
599,breakeven_after_0_5r,0.46837927518628997
599,breakeven_after_1_0r,0.46837927518628997
599,exit_at_first_0_5r,0.5
599,exit_at_first_1_0r,0.46837927518628997
599,trail_0_5r_after_1_0r,0.46837927518628997
599,time_exit_after_4_bars_if_mfe_lt_0_3r,-0.15834164177889898
599,partial_50pct_at_1r,0.46837927518628997
600,baseline,0.1384983704791884
600,breakeven_after_0_5r,0.1384983704791884
600,breakeven_after_1_0r,0.1384983704791884
600,exit_at_first_0_5r,0.1384983704791884
600,exit_at_first_1_0r,0.1384983704791884
600,trail_0_5r_after_1_0r,0.1384983704791884
600,time_exit_after_4_bars_if_mfe_lt_0_3r,0.15217927854569652
600,partial_50pct_at_1r,0.1384983704791884
601,baseline,0.16190339892740407
601,breakeven_after_0_5r,0.16190339892740407
601,breakeven_after_1_0r,0.16190339892740407
601,exit_at_first_0_5r,0.16190339892740407
601,exit_at_first_1_0r,0.16190339892740407
601,trail_0_5r_after_1_0r,0.16190339892740407
601,time_exit_after_4_bars_if_mfe_lt_0_3r,0.16190339892740407
601,partial_50pct_at_1r,0.16190339892740407
602,baseline,-0.06837958772847483
602,breakeven_after_0_5r,-0.06837958772847483
602,breakeven_after_1_0r,-0.06837958772847483
602,exit_at_first_0_5r,-0.06837958772847483
602,exit_at_first_1_0r,-0.06837958772847483
602,trail_0_5r_after_1_0r,-0.06837958772847483
602,time_exit_after_4_bars_if_mfe_lt_0_3r,0.14038197191885204
602,partial_50pct_at_1r,-0.06837958772847483
603,baseline,0.27696911876912295
603,breakeven_after_0_5r,0.0
603,breakeven_after_1_0r,0.27696911876912295
603,exit_at_first_0_5r,0.5
603,exit_at_first_1_0r,0.27696911876912295
603,trail_0_5r_after_1_0r,0.27696911876912295
603,time_exit_after_4_bars_if_mfe_lt_0_3r,0.27696911876912295
603,partial_50pct_at_1r,0.27696911876912295
604,baseline,0.7473396098623627
604,breakeven_after_0_5r,0.7473396098623627
604,breakeven_after_1_0r,0.7473396098623627
604,exit_at_first_0_5r,0.5
604,exit_at_first_1_0r,0.7473396098623627
604,trail_0_5r_after_1_0r,0.7473396098623627
604,time_exit_after_4_bars_if_mfe_lt_0_3r,0.056472652510799734
604,partial_50pct_at_1r,0.7473396098623627
605,baseline,0.08092501467223462
605,breakeven_after_0_5r,0.08092501467223462
605,breakeven_after_1_0r,0.08092501467223462
605,exit_at_first_0_5r,0.08092501467223462
605,exit_at_first_1_0r,0.08092501467223462
605,trail_0_5r_after_1_0r,0.08092501467223462
605,time_exit_after_4_bars_if_mfe_lt_0_3r,0.08092501467223462
605,partial_50pct_at_1r,0.08092501467223462
606,baseline,0.17692988271725774
606,breakeven_after_0_5r,0.17692988271725774
606,breakeven_after_1_0r,0.17692988271725774
606,exit_at_first_0_5r,0.17692988271725774
606,exit_at_first_1_0r,0.17692988271725774
606,trail_0_5r_after_1_0r,0.17692988271725774
606,time_exit_after_4_bars_if_mfe_lt_0_3r,0.17692988271725774
606,partial_50pct_at_1r,0.17692988271725774
607,baseline,0.16260994919911403
607,breakeven_after_0_5r,0.16260994919911403
607,breakeven_after_1_0r,0.16260994919911403
607,exit_at_first_0_5r,0.16260994919911403
607,exit_at_first_1_0r,0.16260994919911403
607,trail_0_5r_after_1_0r,0.16260994919911403
607,time_exit_after_4_bars_if_mfe_lt_0_3r,0.16260994919911403
607,partial_50pct_at_1r,0.16260994919911403
608,baseline,0.1134306943300027
608,breakeven_after_0_5r,0.1134306943300027
608,breakeven_after_1_0r,0.1134306943300027
608,exit_at_first_0_5r,0.1134306943300027
608,exit_at_first_1_0r,0.1134306943300027
608,trail_0_5r_after_1_0r,0.1134306943300027
608,time_exit_after_4_bars_if_mfe_lt_0_3r,0.1134306943300027
608,partial_50pct_at_1r,0.1134306943300027
609,baseline,0.14994717363338464
609,breakeven_after_0_5r,0.14994717363338464
609,breakeven_after_1_0r,0.14994717363338464
609,exit_at_first_0_5r,0.14994717363338464
609,exit_at_first_1_0r,0.14994717363338464
609,trail_0_5r_after_1_0r,0.14994717363338464
609,time_exit_after_4_bars_if_mfe_lt_0_3r,0.14994717363338464
609,partial_50pct_at_1r,0.14994717363338464
610,baseline,0.062021053677963706
610,breakeven_after_0_5r,0.062021053677963706
610,breakeven_after_1_0r,0.062021053677963706
610,exit_at_first_0_5r,0.062021053677963706
610,exit_at_first_1_0r,0.062021053677963706
610,trail_0_5r_after_1_0r,0.062021053677963706
610,time_exit_after_4_bars_if_mfe_lt_0_3r,0.062021053677963706
610,partial_50pct_at_1r,0.062021053677963706
611,baseline,0.15525814700555793
611,breakeven_after_0_5r,0.15525814700555793
611,breakeven_after_1_0r,0.15525814700555793
611,exit_at_first_0_5r,0.15525814700555793
611,exit_at_first_1_0r,0.15525814700555793
611,trail_0_5r_after_1_0r,0.15525814700555793
611,time_exit_after_4_bars_if_mfe_lt_0_3r,0.15525814700555793
611,partial_50pct_at_1r,0.15525814700555793
612,baseline,0.14449095359697411
612,breakeven_after_0_5r,0.14449095359697411
612,breakeven_after_1_0r,0.14449095359697411
612,exit_at_first_0_5r,0.5
612,exit_at_first_1_0r,0.14449095359697411
612,trail_0_5r_after_1_0r,0.14449095359697411
612,time_exit_after_4_bars_if_mfe_lt_0_3r,0.14449095359697411
612,partial_50pct_at_1r,0.14449095359697411
613,baseline,0.04490104113791705
613,breakeven_after_0_5r,0.0
613,breakeven_after_1_0r,0.04490104113791705
613,exit_at_first_0_5r,0.5
613,exit_at_first_1_0r,0.04490104113791705
613,trail_0_5r_after_1_0r,0.04490104113791705
613,time_exit_after_4_bars_if_mfe_lt_0_3r,0.04490104113791705
613,partial_50pct_at_1r,0.04490104113791705
614,baseline,-0.08871579911242443
614,breakeven_after_0_5r,-0.08871579911242443
614,breakeven_after_1_0r,-0.08871579911242443
614,exit_at_first_0_5r,-0.08871579911242443
614,exit_at_first_1_0r,-0.08871579911242443
614,trail_0_5r_after_1_0r,-0.08871579911242443
614,time_exit_after_4_bars_if_mfe_lt_0_3r,-0.3432092295327651
614,partial_50pct_at_1r,-0.08871579911242443
615,baseline,0.1843463247025527
615,breakeven_after_0_5r,0.1843463247025527
615,breakeven_after_1_0r,0.1843463247025527
615,exit_at_first_0_5r,0.1843463247025527
615,exit_at_first_1_0r,0.1843463247025527
615,trail_0_5r_after_1_0r,0.1843463247025527
615,time_exit_after_4_bars_if_mfe_lt_0_3r,0.15080638584902395
615,partial_50pct_at_1r,0.1843463247025527
616,baseline,0.14407214293400156
616,breakeven_after_0_5r,0.14407214293400156
616,breakeven_after_1_0r,0.14407214293400156
616,exit_at_first_0_5r,0.14407214293400156
616,exit_at_first_1_0r,0.14407214293400156
616,trail_0_5r_after_1_0r,0.14407214293400156
616,time_exit_after_4_bars_if_mfe_lt_0_3r,-0.2243571401126019
616,partial_50pct_at_1r,0.14407214293400156
617,baseline,0.1599199984454169
617,breakeven_after_0_5r,0.1599199984454169
617,breakeven_after_1_0r,0.1599199984454169
617,exit_at_first_0_5r,0.1599199984454169
617,exit_at_first_1_0r,0.1599199984454169
617,trail_0_5r_after_1_0r,0.1599199984454169
617,time_exit_after_4_bars_if_mfe_lt_0_3r,0.1599199984454169
617,partial_50pct_at_1r,0.1599199984454169
618,baseline,0.2253931885634148
618,breakeven_after_0_5r,0.2253931885634148
618,breakeven_after_1_0r,0.2253931885634148
618,exit_at_first_0_5r,0.2253931885634148
618,exit_at_first_1_0r,0.2253931885634148
618,trail_0_5r_after_1_0r,0.2253931885634148
618,time_exit_after_4_bars_if_mfe_lt_0_3r,-0.1518451060539281
618,partial_50pct_at_1r,0.2253931885634148
619,baseline,-1.046949173813177
619,breakeven_after_0_5r,-1.046949173813177
619,breakeven_after_1_0r,-1.046949173813177
619,exit_at_first_0_5r,-1.046949173813177
619,exit_at_first_1_0r,-1.046949173813177
619,trail_0_5r_after_1_0r,-1.046949173813177
619,time_exit_after_4_bars_if_mfe_lt_0_3r,-1.046949173813177
619,partial_50pct_at_1r,-1.046949173813177
620,baseline,0.2534173390357701
620,breakeven_after_0_5r,0.2534173390357701
620,breakeven_after_1_0r,0.2534173390357701
620,exit_at_first_0_5r,0.2534173390357701
620,exit_at_first_1_0r,0.2534173390357701
620,trail_0_5r_after_1_0r,0.2534173390357701
620,time_exit_after_4_bars_if_mfe_lt_0_3r,0.27537338346969265
620,partial_50pct_at_1r,0.2534173390357701
621,baseline,-0.3191844036049697
621,breakeven_after_0_5r,-0.3191844036049697
621,breakeven_after_1_0r,-0.3191844036049697
621,exit_at_first_0_5r,-0.3191844036049697
621,exit_at_first_1_0r,-0.3191844036049697
621,trail_0_5r_after_1_0r,-0.3191844036049697
621,time_exit_after_4_bars_if_mfe_lt_0_3r,-0.05269400170347772
621,partial_50pct_at_1r,-0.3191844036049697
622,baseline,0.24151364100293626
622,breakeven_after_0_5r,0.24151364100293626
622,breakeven_after_1_0r,0.24151364100293626
622,exit_at_first_0_5r,0.24151364100293626
622,exit_at_first_1_0r,0.24151364100293626
622,trail_0_5r_after_1_0r,0.24151364100293626
622,time_exit_after_4_bars_if_mfe_lt_0_3r,0.24151364100293626
622,partial_50pct_at_1r,0.24151364100293626
623,baseline,0.04612228486270641
623,breakeven_after_0_5r,0.04612228486270641
623,breakeven_after_1_0r,0.04612228486270641
623,exit_at_first_0_5r,0.04612228486270641
623,exit_at_first_1_0r,0.04612228486270641
623,trail_0_5r_after_1_0r,0.04612228486270641
623,time_exit_after_4_bars_if_mfe_lt_0_3r,0.04612228486270641
623,partial_50pct_at_1r,0.04612228486270641
624,baseline,0.06857374440104666
624,breakeven_after_0_5r,0.06857374440104666
624,breakeven_after_1_0r,0.06857374440104666
624,exit_at_first_0_5r,0.06857374440104666
624,exit_at_first_1_0r,0.06857374440104666
624,trail_0_5r_after_1_0r,0.06857374440104666
624,time_exit_after_4_bars_if_mfe_lt_0_3r,0.06857374440104666
624,partial_50pct_at_1r,0.06857374440104666
625,baseline,0.04361000413870123
625,breakeven_after_0_5r,0.04361000413870123
625,breakeven_after_1_0r,0.04361000413870123
625,exit_at_first_0_5r,0.5
625,exit_at_first_1_0r,0.04361000413870123
625,trail_0_5r_after_1_0r,0.04361000413870123
625,time_exit_after_4_bars_if_mfe_lt_0_3r,0.04361000413870123
625,partial_50pct_at_1r,0.04361000413870123
626,baseline,-1.0613258375217034
626,breakeven_after_0_5r,-1.0613258375217034
626,breakeven_after_1_0r,-1.0613258375217034
626,exit_at_first_0_5r,-1.0613258375217034
626,exit_at_first_1_0r,-1.0613258375217034
626,trail_0_5r_after_1_0r,-1.0613258375217034
626,time_exit_after_4_bars_if_mfe_lt_0_3r,-0.22001586385586352
626,partial_50pct_at_1r,-1.0613258375217034
627,baseline,0.4558826668641368
627,breakeven_after_0_5r,0.4558826668641368
627,breakeven_after_1_0r,0.4558826668641368
627,exit_at_first_0_5r,0.5
627,exit_at_first_1_0r,0.4558826668641368
627,trail_0_5r_after_1_0r,0.4558826668641368
627,time_exit_after_4_bars_if_mfe_lt_0_3r,0.4558826668641368
627,partial_50pct_at_1r,0.4558826668641368
628,baseline,-1.048965595328887
628,breakeven_after_0_5r,-1.048965595328887
628,breakeven_after_1_0r,-1.048965595328887
628,exit_at_first_0_5r,-1.048965595328887
628,exit_at_first_1_0r,-1.048965595328887
628,trail_0_5r_after_1_0r,-1.048965595328887
628,time_exit_after_4_bars_if_mfe_lt_0_3r,-0.5369551541345371
628,partial_50pct_at_1r,-1.048965595328887
629,baseline,0.219958701501402
629,breakeven_after_0_5r,0.219958701501402
629,breakeven_after_1_0r,0.219958701501402
629,exit_at_first_0_5r,0.219958701501402
629,exit_at_first_1_0r,0.219958701501402
629,trail_0_5r_after_1_0r,0.219958701501402
629,time_exit_after_4_bars_if_mfe_lt_0_3r,0.219958701501402
629,partial_50pct_at_1r,0.219958701501402
630,baseline,-0.4201223837472378
630,breakeven_after_0_5r,-0.4201223837472378
630,breakeven_after_1_0r,-0.4201223837472378
630,exit_at_first_0_5r,-0.4201223837472378
630,exit_at_first_1_0r,-0.4201223837472378
630,trail_0_5r_after_1_0r,-0.4201223837472378
630,time_exit_after_4_bars_if_mfe_lt_0_3r,-0.3360409135302425
630,partial_50pct_at_1r,-0.4201223837472378
631,baseline,-1.0490051060324375
631,breakeven_after_0_5r,-1.0490051060324375
631,breakeven_after_1_0r,-1.0490051060324375
631,exit_at_first_0_5r,-1.0490051060324375
631,exit_at_first_1_0r,-1.0490051060324375
631,trail_0_5r_after_1_0r,-1.0490051060324375
631,time_exit_after_4_bars_if_mfe_lt_0_3r,-0.34866187706145957
631,partial_50pct_at_1r,-1.0490051060324375
632,baseline,0.044494017134995435
632,breakeven_after_0_5r,0.044494017134995435
632,breakeven_after_1_0r,0.044494017134995435
632,exit_at_first_0_5r,0.044494017134995435
632,exit_at_first_1_0r,0.044494017134995435
632,trail_0_5r_after_1_0r,0.044494017134995435
632,time_exit_after_4_bars_if_mfe_lt_0_3r,0.044494017134995435
632,partial_50pct_at_1r,0.044494017134995435
633,baseline,1.0343797669367547
633,breakeven_after_0_5r,1.0343797669367547
633,breakeven_after_1_0r,1.0343797669367547
633,exit_at_first_0_5r,0.5
633,exit_at_first_1_0r,1.0
633,trail_0_5r_after_1_0r,1.9076122919542522
633,time_exit_after_4_bars_if_mfe_lt_0_3r,1.0343797669367547
633,partial_50pct_at_1r,1.0171898834683772
634,baseline,0.12958214421765085
634,breakeven_after_0_5r,0.12958214421765085
634,breakeven_after_1_0r,0.12958214421765085
634,exit_at_first_0_5r,0.12958214421765085
634,exit_at_first_1_0r,0.12958214421765085
634,trail_0_5r_after_1_0r,0.12958214421765085
634,time_exit_after_4_bars_if_mfe_lt_0_3r,0.12958214421765085
634,partial_50pct_at_1r,0.12958214421765085
635,baseline,0.1395496423152672
635,breakeven_after_0_5r,0.1395496423152672
635,breakeven_after_1_0r,0.1395496423152672
635,exit_at_first_0_5r,0.1395496423152672
635,exit_at_first_1_0r,0.1395496423152672
635,trail_0_5r_after_1_0r,0.1395496423152672
635,time_exit_after_4_bars_if_mfe_lt_0_3r,0.1395496423152672
635,partial_50pct_at_1r,0.1395496423152672
636,baseline,0.0870770121975795
636,breakeven_after_0_5r,0.0870770121975795
636,breakeven_after_1_0r,0.0870770121975795
636,exit_at_first_0_5r,0.0870770121975795
636,exit_at_first_1_0r,0.0870770121975795
636,trail_0_5r_after_1_0r,0.0870770121975795
636,time_exit_after_4_bars_if_mfe_lt_0_3r,0.0870770121975795
636,partial_50pct_at_1r,0.0870770121975795
637,baseline,0.23735717736109413
637,breakeven_after_0_5r,0.23735717736109413
637,breakeven_after_1_0r,0.23735717736109413
637,exit_at_first_0_5r,0.23735717736109413
637,exit_at_first_1_0r,0.23735717736109413
637,trail_0_5r_after_1_0r,0.23735717736109413
637,time_exit_after_4_bars_if_mfe_lt_0_3r,-0.18161297464565174
637,partial_50pct_at_1r,0.23735717736109413
638,baseline,0.13443263358564922
638,breakeven_after_0_5r,0.13443263358564922
638,breakeven_after_1_0r,0.13443263358564922
638,exit_at_first_0_5r,0.13443263358564922
638,exit_at_first_1_0r,0.13443263358564922
638,trail_0_5r_after_1_0r,0.13443263358564922
638,time_exit_after_4_bars_if_mfe_lt_0_3r,0.13443263358564922
638,partial_50pct_at_1r,0.13443263358564922
639,baseline,0.047473038058751325
639,breakeven_after_0_5r,0.047473038058751325
639,breakeven_after_1_0r,0.047473038058751325
639,exit_at_first_0_5r,0.047473038058751325
639,exit_at_first_1_0r,0.047473038058751325
639,trail_0_5r_after_1_0r,0.047473038058751325
639,time_exit_after_4_bars_if_mfe_lt_0_3r,0.047473038058751325
639,partial_50pct_at_1r,0.047473038058751325
640,baseline,0.06389766145540152
640,breakeven_after_0_5r,0.06389766145540152
640,breakeven_after_1_0r,0.06389766145540152
640,exit_at_first_0_5r,0.06389766145540152
640,exit_at_first_1_0r,0.06389766145540152
640,trail_0_5r_after_1_0r,0.06389766145540152
640,time_exit_after_4_bars_if_mfe_lt_0_3r,0.06389766145540152
640,partial_50pct_at_1r,0.06389766145540152
641,baseline,0.12210943754205653
641,breakeven_after_0_5r,0.12210943754205653
641,breakeven_after_1_0r,0.12210943754205653
641,exit_at_first_0_5r,0.12210943754205653
641,exit_at_first_1_0r,0.12210943754205653
641,trail_0_5r_after_1_0r,0.12210943754205653
641,time_exit_after_4_bars_if_mfe_lt_0_3r,0.12210943754205653
641,partial_50pct_at_1r,0.12210943754205653
642,baseline,-0.45307364864476235
642,breakeven_after_0_5r,-0.45307364864476235
642,breakeven_after_1_0r,-0.45307364864476235
642,exit_at_first_0_5r,-0.45307364864476235
642,exit_at_first_1_0r,-0.45307364864476235
642,trail_0_5r_after_1_0r,-0.45307364864476235
642,time_exit_after_4_bars_if_mfe_lt_0_3r,0.05433669323759178
642,partial_50pct_at_1r,-0.45307364864476235
643,baseline,0.14551587194745746
643,breakeven_after_0_5r,0.14551587194745746
643,breakeven_after_1_0r,0.14551587194745746
643,exit_at_first_0_5r,0.14551587194745746
643,exit_at_first_1_0r,0.14551587194745746
643,trail_0_5r_after_1_0r,0.14551587194745746
643,time_exit_after_4_bars_if_mfe_lt_0_3r,-0.020352370166026253
643,partial_50pct_at_1r,0.14551587194745746
644,baseline,0.10531511655487556
644,breakeven_after_0_5r,0.10531511655487556
644,breakeven_after_1_0r,0.10531511655487556
644,exit_at_first_0_5r,0.10531511655487556
644,exit_at_first_1_0r,0.10531511655487556
644,trail_0_5r_after_1_0r,0.10531511655487556
644,time_exit_after_4_bars_if_mfe_lt_0_3r,0.10531511655487556
644,partial_50pct_at_1r,0.10531511655487556
645,baseline,0.1692455291413683
645,breakeven_after_0_5r,0.1692455291413683
645,breakeven_after_1_0r,0.1692455291413683
645,exit_at_first_0_5r,0.1692455291413683
645,exit_at_first_1_0r,0.1692455291413683
645,trail_0_5r_after_1_0r,0.1692455291413683
645,time_exit_after_4_bars_if_mfe_lt_0_3r,0.1692455291413683
645,partial_50pct_at_1r,0.1692455291413683
646,baseline,0.07566933523738843
646,breakeven_after_0_5r,0.07566933523738843
646,breakeven_after_1_0r,0.07566933523738843
646,exit_at_first_0_5r,0.07566933523738843
646,exit_at_first_1_0r,0.07566933523738843
646,trail_0_5r_after_1_0r,0.07566933523738843
646,time_exit_after_4_bars_if_mfe_lt_0_3r,0.07566933523738843
646,partial_50pct_at_1r,0.07566933523738843
647,baseline,0.15867807743327977
647,breakeven_after_0_5r,0.15867807743327977
647,breakeven_after_1_0r,0.15867807743327977
647,exit_at_first_0_5r,0.5
647,exit_at_first_1_0r,0.15867807743327977
647,trail_0_5r_after_1_0r,0.15867807743327977
647,time_exit_after_4_bars_if_mfe_lt_0_3r,-0.2832321677263756
647,partial_50pct_at_1r,0.15867807743327977
648,baseline,-1.0542429262139033
648,breakeven_after_0_5r,-1.0542429262139033
648,breakeven_after_1_0r,-1.0542429262139033
648,exit_at_first_0_5r,-1.0542429262139033
648,exit_at_first_1_0r,-1.0542429262139033
648,trail_0_5r_after_1_0r,-1.0542429262139033
648,time_exit_after_4_bars_if_mfe_lt_0_3r,-0.2574935486559361
648,partial_50pct_at_1r,-1.0542429262139033
649,baseline,0.20599258722099834
649,breakeven_after_0_5r,0.20599258722099834
649,breakeven_after_1_0r,0.20599258722099834
649,exit_at_first_0_5r,0.20599258722099834
649,exit_at_first_1_0r,0.20599258722099834
649,trail_0_5r_after_1_0r,0.20599258722099834
649,time_exit_after_4_bars_if_mfe_lt_0_3r,-0.6916946610780188
649,partial_50pct_at_1r,0.20599258722099834
650,baseline,1.2523404308483872
650,breakeven_after_0_5r,1.2523404308483872
650,breakeven_after_1_0r,1.2523404308483872
650,exit_at_first_0_5r,0.5
650,exit_at_first_1_0r,1.0
650,trail_0_5r_after_1_0r,1.1621429325916652
650,time_exit_after_4_bars_if_mfe_lt_0_3r,1.2523404308483872
650,partial_50pct_at_1r,1.1261702154241937
651,baseline,0.11596016881928504
651,breakeven_after_0_5r,0.11596016881928504
651,breakeven_after_1_0r,0.11596016881928504
651,exit_at_first_0_5r,0.11596016881928504
651,exit_at_first_1_0r,0.11596016881928504
651,trail_0_5r_after_1_0r,0.11596016881928504
651,time_exit_after_4_bars_if_mfe_lt_0_3r,0.11596016881928504
651,partial_50pct_at_1r,0.11596016881928504
652,baseline,0.1157336982734129
652,breakeven_after_0_5r,0.1157336982734129
652,breakeven_after_1_0r,0.1157336982734129
652,exit_at_first_0_5r,0.5
652,exit_at_first_1_0r,0.1157336982734129
652,trail_0_5r_after_1_0r,0.1157336982734129
652,time_exit_after_4_bars_if_mfe_lt_0_3r,0.1157336982734129
652,partial_50pct_at_1r,0.1157336982734129
653,baseline,0.8556292838721185
653,breakeven_after_0_5r,0.8556292838721185
653,breakeven_after_1_0r,0.8556292838721185
653,exit_at_first_0_5r,0.5
653,exit_at_first_1_0r,1.0
653,trail_0_5r_after_1_0r,0.7552690582415886
653,time_exit_after_4_bars_if_mfe_lt_0_3r,0.15653090326652727
653,partial_50pct_at_1r,0.9278146419360592
654,baseline,0.07165218716554823
654,breakeven_after_0_5r,0.07165218716554823
654,breakeven_after_1_0r,0.07165218716554823
654,exit_at_first_0_5r,0.07165218716554823
654,exit_at_first_1_0r,0.07165218716554823
654,trail_0_5r_after_1_0r,0.07165218716554823
654,time_exit_after_4_bars_if_mfe_lt_0_3r,0.07165218716554823
654,partial_50pct_at_1r,0.07165218716554823
655,baseline,0.4182230514115201
655,breakeven_after_0_5r,0.0
655,breakeven_after_1_0r,0.0
655,exit_at_first_0_5r,0.5
655,exit_at_first_1_0r,1.0
655,trail_0_5r_after_1_0r,0.770405845272429
655,time_exit_after_4_bars_if_mfe_lt_0_3r,0.4182230514115201
655,partial_50pct_at_1r,0.7091115257057601
656,baseline,0.1983329648525464
656,breakeven_after_0_5r,0.1983329648525464
656,breakeven_after_1_0r,0.1983329648525464
656,exit_at_first_0_5r,0.1983329648525464
656,exit_at_first_1_0r,0.1983329648525464
656,trail_0_5r_after_1_0r,0.1983329648525464
656,time_exit_after_4_bars_if_mfe_lt_0_3r,0.16669556484845124
656,partial_50pct_at_1r,0.1983329648525464
657,baseline,0.04589950507320668
657,breakeven_after_0_5r,0.04589950507320668
657,breakeven_after_1_0r,0.04589950507320668
657,exit_at_first_0_5r,0.04589950507320668
657,exit_at_first_1_0r,0.04589950507320668
657,trail_0_5r_after_1_0r,0.04589950507320668
657,time_exit_after_4_bars_if_mfe_lt_0_3r,-0.4310652198381304
657,partial_50pct_at_1r,0.04589950507320668
658,baseline,0.18435577187557078
658,breakeven_after_0_5r,0.18435577187557078
658,breakeven_after_1_0r,0.18435577187557078
658,exit_at_first_0_5r,0.18435577187557078
658,exit_at_first_1_0r,0.18435577187557078
658,trail_0_5r_after_1_0r,0.18435577187557078
658,time_exit_after_4_bars_if_mfe_lt_0_3r,-0.12071539081245952
658,partial_50pct_at_1r,0.18435577187557078
659,baseline,0.2387126491049521
659,breakeven_after_0_5r,0.2387126491049521
659,breakeven_after_1_0r,0.2387126491049521
659,exit_at_first_0_5r,0.2387126491049521
659,exit_at_first_1_0r,0.2387126491049521
659,trail_0_5r_after_1_0r,0.2387126491049521
659,time_exit_after_4_bars_if_mfe_lt_0_3r,-0.3950447386102975
659,partial_50pct_at_1r,0.2387126491049521
660,baseline,0.12881802470615167
660,breakeven_after_0_5r,0.12881802470615167
660,breakeven_after_1_0r,0.12881802470615167
660,exit_at_first_0_5r,0.12881802470615167
660,exit_at_first_1_0r,0.12881802470615167
660,trail_0_5r_after_1_0r,0.12881802470615167
660,time_exit_after_4_bars_if_mfe_lt_0_3r,0.12881802470615167
660,partial_50pct_at_1r,0.12881802470615167
661,baseline,0.15978151026167864
661,breakeven_after_0_5r,0.15978151026167864
661,breakeven_after_1_0r,0.15978151026167864
661,exit_at_first_0_5r,0.15978151026167864
661,exit_at_first_1_0r,0.15978151026167864
661,trail_0_5r_after_1_0r,0.15978151026167864
661,time_exit_after_4_bars_if_mfe_lt_0_3r,0.15978151026167864
661,partial_50pct_at_1r,0.15978151026167864
662,baseline,0.10789214723993751
662,breakeven_after_0_5r,0.10789214723993751
662,breakeven_after_1_0r,0.10789214723993751
662,exit_at_first_0_5r,0.10789214723993751
662,exit_at_first_1_0r,0.10789214723993751
662,trail_0_5r_after_1_0r,0.10789214723993751
662,time_exit_after_4_bars_if_mfe_lt_0_3r,0.10789214723993751
662,partial_50pct_at_1r,0.10789214723993751
663,baseline,0.19828863246307749
663,breakeven_after_0_5r,0.0
663,breakeven_after_1_0r,0.19828863246307749
663,exit_at_first_0_5r,0.5
663,exit_at_first_1_0r,0.19828863246307749
663,trail_0_5r_after_1_0r,0.19828863246307749
663,time_exit_after_4_bars_if_mfe_lt_0_3r,0.19828863246307749
663,partial_50pct_at_1r,0.19828863246307749
664,baseline,0.08616682696708193
664,breakeven_after_0_5r,0.0
664,breakeven_after_1_0r,0.0
664,exit_at_first_0_5r,0.5
664,exit_at_first_1_0r,1.0
664,trail_0_5r_after_1_0r,0.6326902383171984
664,time_exit_after_4_bars_if_mfe_lt_0_3r,0.08616682696708193
664,partial_50pct_at_1r,0.5430834134835409
665,baseline,-0.4405157890549939
665,breakeven_after_0_5r,-0.4405157890549939
665,breakeven_after_1_0r,-0.4405157890549939
665,exit_at_first_0_5r,-0.4405157890549939
665,exit_at_first_1_0r,-0.4405157890549939
665,trail_0_5r_after_1_0r,-0.4405157890549939
665,time_exit_after_4_bars_if_mfe_lt_0_3r,-0.05472511477590727
665,partial_50pct_at_1r,-0.4405157890549939
666,baseline,0.4319489525520229
666,breakeven_after_0_5r,0.4319489525520229
666,breakeven_after_1_0r,0.4319489525520229
666,exit_at_first_0_5r,0.5
666,exit_at_first_1_0r,0.4319489525520229
666,trail_0_5r_after_1_0r,0.4319489525520229
666,time_exit_after_4_bars_if_mfe_lt_0_3r,-0.21994081609379643
666,partial_50pct_at_1r,0.4319489525520229
667,baseline,0.06388544456766582
667,breakeven_after_0_5r,0.06388544456766582
667,breakeven_after_1_0r,0.06388544456766582
667,exit_at_first_0_5r,0.5
667,exit_at_first_1_0r,0.06388544456766582
667,trail_0_5r_after_1_0r,0.06388544456766582
667,time_exit_after_4_bars_if_mfe_lt_0_3r,0.0404468468429675
667,partial_50pct_at_1r,0.06388544456766582
668,baseline,0.19828650707315815
668,breakeven_after_0_5r,0.19828650707315815
668,breakeven_after_1_0r,0.19828650707315815
668,exit_at_first_0_5r,0.19828650707315815
668,exit_at_first_1_0r,0.19828650707315815
668,trail_0_5r_after_1_0r,0.19828650707315815
668,time_exit_after_4_bars_if_mfe_lt_0_3r,0.18936360039379488
668,partial_50pct_at_1r,0.19828650707315815
669,baseline,0.31516403352936284
669,breakeven_after_0_5r,0.0
669,breakeven_after_1_0r,0.31516403352936284
669,exit_at_first_0_5r,0.5
669,exit_at_first_1_0r,0.31516403352936284
669,trail_0_5r_after_1_0r,0.31516403352936284
669,time_exit_after_4_bars_if_mfe_lt_0_3r,-0.07765600519762558
669,partial_50pct_at_1r,0.31516403352936284
670,baseline,0.31036697075423036
670,breakeven_after_0_5r,0.31036697075423036
670,breakeven_after_1_0r,0.31036697075423036
670,exit_at_first_0_5r,0.5
670,exit_at_first_1_0r,0.31036697075423036
670,trail_0_5r_after_1_0r,0.31036697075423036
670,time_exit_after_4_bars_if_mfe_lt_0_3r,0.31036697075423036
670,partial_50pct_at_1r,0.31036697075423036
671,baseline,0.10945710668585307
671,breakeven_after_0_5r,0.10945710668585307
671,breakeven_after_1_0r,0.10945710668585307
671,exit_at_first_0_5r,0.10945710668585307
671,exit_at_first_1_0r,0.10945710668585307
671,trail_0_5r_after_1_0r,0.10945710668585307
671,time_exit_after_4_bars_if_mfe_lt_0_3r,0.10945710668585307
671,partial_50pct_at_1r,0.10945710668585307
672,baseline,0.21537073147291055
672,breakeven_after_0_5r,0.21537073147291055
672,breakeven_after_1_0r,0.21537073147291055
672,exit_at_first_0_5r,0.5
672,exit_at_first_1_0r,0.21537073147291055
672,trail_0_5r_after_1_0r,0.21537073147291055
672,time_exit_after_4_bars_if_mfe_lt_0_3r,-0.05922199031299443
672,partial_50pct_at_1r,0.21537073147291055
673,baseline,0.13262138190315764
673,breakeven_after_0_5r,0.13262138190315764
673,breakeven_after_1_0r,0.13262138190315764
673,exit_at_first_0_5r,0.13262138190315764
673,exit_at_first_1_0r,0.13262138190315764
673,trail_0_5r_after_1_0r,0.13262138190315764
673,time_exit_after_4_bars_if_mfe_lt_0_3r,0.05340162293143535
673,partial_50pct_at_1r,0.13262138190315764
674,baseline,0.6779238478377415
674,breakeven_after_0_5r,0.6779238478377415
674,breakeven_after_1_0r,0.6779238478377415
674,exit_at_first_0_5r,0.5
674,exit_at_first_1_0r,0.6779238478377415
674,trail_0_5r_after_1_0r,0.6779238478377415
674,time_exit_after_4_bars_if_mfe_lt_0_3r,0.6779238478377415
674,partial_50pct_at_1r,0.6779238478377415
675,baseline,-0.9084847694299436
675,breakeven_after_0_5r,-0.9084847694299436
675,breakeven_after_1_0r,-0.9084847694299436
675,exit_at_first_0_5r,-0.9084847694299436
675,exit_at_first_1_0r,-0.9084847694299436
675,trail_0_5r_after_1_0r,-0.9084847694299436
675,time_exit_after_4_bars_if_mfe_lt_0_3r,-0.2336790032572511
675,partial_50pct_at_1r,-0.9084847694299436
