asset,signal_timestamp,entry_timestamp,exit_timestamp,side,signal,entry_price,exit_price,raw_entry_price,raw_exit_price,take_profit_price,stop_loss_price,target_price,position_size,gross_return,cost_paid,net_return,trade_r,bars_held,exit_reason,max_favorable_r,max_adverse_r,breakeven_activated,profit_lock_activated,effective_stop_price,r_trailing_activated,r_trailing_activation_r,r_trailing_distance_r,initial_risk_distance,effective_trailing_stop,intrabar_policy,stop_mode,effective_risk_per_trade,risk_guard_reason,cost_return,net_r_multiple,mfe_r_multiple,mae_r_multiple,total_cost,entry_cost,exit_cost,holding_cost,cost_component_reconciliation,gross_pnl_currency,net_pnl_currency,cost_currency,gross_r_multiple,return_unit,r_multiple_unit,currency_pnl_available
ETHUSD,2022-03-18 00:00:00,2022-03-18 00:30:00,2022-03-18 12:00:00,long,0.5,2809.2,2804.1,2809.2,2804.1,3729.5956365957854,2735.568349072337,3729.5956365957854,0.0763041427051476,-0.00013852738423616624,8.011934984040497e-05,-0.0002186467340765712,-0.1093233670382856,24,max_holding_close,0.07673330597395875,-0.5405284208430953,False,False,2735.568349072337,False,1.0,0.5,18.407257064122824,,adverse_first,volatility_stop,0.002,,8.011934984040496e-05,-0.1093233670382856,0.07673330597395875,-0.5405284208430953,8.011934984040496e-05,4.005967492020248e-05,4.005967492020248e-05,0.0,0.0,,,,,fractional_return,R,False
ETHUSD,2022-03-24 05:30:00,2022-03-24 06:00:00,2022-03-24 13:00:00,short,-0.5,3049.55,3020.1793412876095,3049.55,3020.1793412876095,2046.5994008692915,3129.786047930457,2046.5994008692915,0.07601446179510607,0.00073210631555151,7.981518488486137e-05,0.0006522911306666487,0.32614556533332434,15,r_trailing_stop,0.4910511050363479,-0.280422585363396,False,False,3020.1793412876095,True,1.0,0.5,20.058682575219265,3020.1793412876095,adverse_first,volatility_stop,0.002,,7.981518488486133e-05,0.32614556533332434,0.4910511050363479,-0.280422585363396,7.981518488486133e-05,3.990759244243067e-05,3.990759244243067e-05,0.0,0.0,,,,,fractional_return,R,False
ETHUSD,2022-03-25 02:00:00,2022-03-25 02:30:00,2022-03-25 08:30:00,short,-0.5,3132.7,3122.55,3132.7,3122.55,2155.8309991911983,3210.849520064704,2155.8309991911983,0.08017195748371256,0.00025975847302954177,8.418055535789817e-05,0.0001755779176716436,0.0877889588358218,13,r_trailing_stop,0.41075108296791357,-0.20025714792673177,False,False,3110.36837795647,True,1.0,0.5,19.536755912939665,3110.36837795647,adverse_first,volatility_stop,0.002,,8.418055535789817e-05,0.0877889588358218,0.41075108296791357,-0.20025714792673177,8.418055535789817e-05,4.209027767894909e-05,4.209027767894909e-05,0.0,0.0,,,,,fractional_return,R,False
ETHUSD,2022-03-25 17:00:00,2022-03-25 17:30:00,2022-03-26 06:00:00,short,-0.5,3095.8,3129.05,3095.8,3129.05,2103.6947182837876,3175.1684225372974,2103.6947182837876,0.07801087387229383,-0.0008378647058123114,8.191141756590851e-05,-0.0009197761233782199,-0.45988806168910995,24,max_holding_close,0.15560344536514875,-0.470590176873532,False,False,3175.1684225372974,False,1.0,0.5,19.841464031730844,,adverse_first,volatility_stop,0.002,,8.191141756590855e-05,-0.45988806168910995,0.15560344536514875,-0.470590176873532,8.191141756590855e-05,4.0955708782954275e-05,4.0955708782954275e-05,0.0,0.0,,,,,fractional_return,R,False
ETHUSD,2022-03-28 13:30:00,2022-03-28 14:00:00,2022-03-28 15:00:00,long,0.5,3380.4,3389.408340575568,3380.4,3389.408340575568,4209.5904933750635,3314.064760529995,4209.5904933750635,0.1019186793326803,0.0002716004539228882,0.0001070146132993143,0.0001645858406235739,0.08229292031178695,3,r_trailing_stop,0.318081311963014,-0.3331562556579436,False,False,3389.408340575568,True,1.0,0.5,16.583318848862827,3389.408340575568,adverse_first,volatility_stop,0.002,,0.0001070146132993143,0.08229292031178695,0.318081311963014,-0.3331562556579436,0.0001070146132993143,5.350730664965715e-05,5.350730664965715e-05,0.0,0.0,,,,,fractional_return,R,False
ETHUSD,2022-03-28 15:00:00,2022-03-28 15:30:00,2022-03-28 19:00:00,long,0.5,3387.2,3416.109399582043,3387.2,3416.109399582043,4241.297855649888,3318.8721715480087,4241.297855649888,0.09914554806552751,0.0008461969372363619,0.00010410282546880388,0.000742094111767558,0.371047055883779,8,r_trailing_stop,0.6168789635926486,-0.7566463207055613,False,False,3416.109399582043,True,1.0,0.5,17.081200835914753,3416.109399582043,adverse_first,volatility_stop,0.002,,0.0001041028254688039,0.371047055883779,0.6168789635926486,-0.7566463207055613,0.0001041028254688039,5.205141273440195e-05,5.205141273440195e-05,0.0,0.0,,,,,fractional_return,R,False
ETHUSD,2022-03-28 19:00:00,2022-03-28 19:30:00,2022-03-28 23:00:00,long,0.5,3426.45,3352.219600607268,3426.45,3352.219600607268,4354.329992409143,3352.219600607268,4354.329992409143,0.09231932006378271,-0.002,9.693528606697185e-05,-0.002096935286066972,-1.048467643033486,8,stop_loss,0.08150299674384578,-1.1929074977962488,False,False,3352.219600607268,False,1.0,0.5,18.55787042594795,,adverse_first,volatility_stop,0.002,,9.693528606697201e-05,-1.048467643033486,0.08150299674384578,-1.1929074977962488,9.693528606697201e-05,4.8467643033486005e-05,4.8467643033486005e-05,0.0,0.0,,,,,fractional_return,R,False
ETHUSD,2022-03-29 01:30:00,2022-03-29 02:00:00,2022-03-29 03:30:00,short,-0.5,3390.75,3379.0995661537504,3390.75,3379.0995661537504,2380.823172294069,3471.5441462164745,2380.823172294069,0.08393553639183338,0.00028839796920520185,8.813231321142503e-05,0.0002002656559937768,0.1001328279968884,4,r_trailing_stop,0.2692026714624163,-0.14852561184133312,False,False,3379.0995661537504,True,1.0,0.5,20.199132307500516,3379.0995661537504,adverse_first,volatility_stop,0.002,,8.813231321142505e-05,0.1001328279968884,0.2692026714624163,-0.14852561184133312,8.813231321142505e-05,4.406615660571252e-05,4.406615660571252e-05,0.0,0.0,,,,,fractional_return,R,False
ETHUSD,2022-03-29 04:00:00,2022-03-29 04:30:00,2022-03-29 11:30:00,short,-0.5,3390.3,3470.515042486042,3390.3,3470.515042486042,2387.611968924478,3470.515042486042,2387.611968924478,0.08453027998058958,-0.002,8.875679397961906e-05,-0.0020887567939796192,-1.0443783969898095,15,stop_loss,0.04986595875326041,-1.0122789626911841,False,False,3470.515042486042,False,1.0,0.5,20.0543514564013,,adverse_first,volatility_stop,0.002,,8.87567939796192e-05,-1.0443783969898095,0.04986595875326041,-1.0122789626911841,8.87567939796192e-05,4.43783969898096e-05,4.43783969898096e-05,0.0,0.0,,,,,fractional_return,R,False
ETHUSD,2022-03-30 11:00:00,2022-03-30 11:30:00,2022-03-30 12:30:00,short,-0.5,3413.25,3400.4569049882316,3413.25,3400.4569049882316,2352.5750026158057,3498.1039997907355,2352.5750026158057,0.08044994952312579,0.0003015319264458598,8.447244699928207e-05,0.00021705947944657773,0.10852973972328886,3,r_trailing_stop,0.2757677900594908,-0.07895915356404132,False,False,3400.4569049882316,True,1.0,0.5,21.213809976462194,3400.4569049882316,adverse_first,volatility_stop,0.002,,8.447244699928209e-05,0.10852973972328886,0.2757677900594908,-0.07895915356404132,8.447244699928209e-05,4.223622349964104e-05,4.223622349964104e-05,0.0,0.0,,,,,fractional_return,R,False
ETHUSD,2022-04-03 07:00:00,2022-04-03 07:30:00,2022-04-03 19:00:00,short,-0.5,3484.2,3500.15,3484.2,3500.15,2375.327586965449,3572.909793042764,2375.327586965449,0.07855277034228639,-0.00035959953130115026,8.24804088594007e-05,-0.000442079940160551,-0.22103997008027548,24,max_holding_close,0.13809072910467385,-0.41709036545901484,False,False,3572.909793042764,False,1.0,0.5,22.178085220653085,,adverse_first,volatility_stop,0.002,,8.248040885940072e-05,-0.22103997008027548,0.13809072910467385,-0.41709036545901484,8.248040885940072e-05,4.124020442970036e-05,4.124020442970036e-05,0.0,0.0,,,,,fractional_return,R,False
ETHUSD,2022-04-04 01:00:00,2022-04-04 01:30:00,2022-04-04 10:00:00,short,-0.5,3487.8500000000004,3474.0311570712943,3487.8500000000004,3474.0311570712943,2384.718451124756,3576.10052391002,2384.718451124756,0.07904428994792644,0.00031317305136444696,8.299650444532276e-05,0.0002301765469191242,0.1150882734595621,18,r_trailing_stop,0.30311434782273694,-0.27251962860323803,False,False,3474.0311570712943,True,1.0,0.5,22.062314142588303,3474.0311570712943,adverse_first,volatility_stop,0.002,,8.299650444532276e-05,0.1150882734595621,0.30311434782273694,-0.27251962860323803,8.299650444532276e-05,4.149825222266138e-05,4.149825222266138e-05,0.0,0.0,,,,,fractional_return,R,False
ETHUSD,2022-04-04 15:30:00,2022-04-04 16:00:00,2022-04-04 16:30:00,long,0.5,3425.25,3442.333618498398,3425.25,3442.333618498398,4476.903463655384,3341.1177229075693,4476.903463655384,0.08142534870979179,0.0004061133036879504,8.549661614528137e-05,0.000320616687542669,0.1603083437713345,2,r_trailing_stop,0.3660901744780091,-0.09211684585079721,False,False,3442.333618498398,True,1.0,0.5,21.032763003203968,3442.333618498398,adverse_first,volatility_stop,0.002,,8.54966161452814e-05,0.1603083437713345,0.3660901744780091,-0.09211684585079721,8.54966161452814e-05,4.27483080726407e-05,4.27483080726407e-05,0.0,0.0,,,,,fractional_return,R,False
ETHUSD,2022-04-04 17:30:00,2022-04-04 18:00:00,2022-04-04 20:00:00,long,0.5,3438.3,3489.37580616758,3438.3,3489.37580616758,4510.688158387039,3352.5089473290373,4510.688158387039,0.08015521183046934,0.0011907024002484779,8.41629724219928e-05,0.001106539427826485,0.5532697139132425,5,r_trailing_stop,0.8310889979804633,-0.33861339959793413,False,False,3489.37580616758,True,1.0,0.5,21.448387664839647,3489.37580616758,adverse_first,volatility_stop,0.002,,8.41629724219928e-05,0.5532697139132425,0.8310889979804633,-0.33861339959793413,8.41629724219928e-05,4.20814862109964e-05,4.20814862109964e-05,0.0,0.0,,,,,fractional_return,R,False
ETHUSD,2022-04-04 23:30:00,2022-04-05 00:00:00,2022-04-05 11:30:00,short,-0.5,3520.1,3523.55,3520.1,3523.55,2403.9431925396434,3609.3925445968284,2403.9431925396434,0.07884420845869872,-7.727408857206803e-05,8.278641888163365e-05,-0.00016006050745370168,-0.08003025372685084,24,max_holding_close,0.20830406484642325,-0.1842259068131041,False,False,3609.3925445968284,False,1.0,0.5,22.323770301897643,,adverse_first,volatility_stop,0.002,,8.278641888163365e-05,-0.08003025372685084,0.20830406484642325,-0.1842259068131041,8.278641888163365e-05,4.1393209440816823e-05,4.1393209440816823e-05,0.0,0.0,,,,,fractional_return,R,False
ETHUSD,2022-04-07 11:30:00,2022-04-07 12:00:00,2022-04-07 13:30:00,short,-0.5,3251.2,3216.755763501971,3251.2,3216.755763501971,1980.6626963138579,3352.8429842948913,1980.6626963138579,0.06397293472941462,0.0006777494135374361,6.717158146588535e-05,0.0006105778320715507,0.30528891603577535,4,r_trailing_stop,0.49831279897342895,-0.16676015681342185,False,False,3216.755763501971,True,1.0,0.5,25.41152700394238,3216.755763501971,adverse_first,volatility_stop,0.002,,6.717158146588541e-05,0.30528891603577535,0.49831279897342895,-0.16676015681342185,6.717158146588541e-05,3.3585790732942704e-05,3.3585790732942704e-05,0.0,0.0,,,,,fractional_return,R,False
ETHUSD,2022-04-07 16:30:00,2022-04-07 17:00:00,2022-04-08 04:30:00,short,-0.5,3221.15,3258.65,3221.15,3258.65,1907.3621322355234,3326.2530294211583,1907.3621322355234,0.0612950933524958,-0.000713585520922216,6.435984802012058e-05,-0.0007779453689423366,-0.3889726844711683,24,max_holding_close,0.21264848523481897,-0.5232960486762904,False,False,3326.2530294211583,False,1.0,0.5,26.276574464885268,,adverse_first,volatility_stop,0.002,,6.435984802012054e-05,-0.3889726844711683,0.21264848523481897,-0.5232960486762904,6.435984802012054e-05,3.217992401006027e-05,3.217992401006027e-05,0.0,0.0,,,,,fractional_return,R,False
ETHUSD,2022-04-08 07:30:00,2022-04-08 08:00:00,2022-04-08 12:00:00,short,-0.5,3286.25,3266.78306370467,3286.25,3266.78306370467,2132.9612002545036,3378.5131039796397,2132.9612002545036,0.07123649342482989,0.00042198745664628613,7.479831809607139e-05,0.00034718913855021473,0.17359456927510736,9,r_trailing_stop,0.34683420153587774,-0.29209942910599507,False,False,3266.78306370467,True,1.0,0.5,23.066127409340197,3266.78306370467,adverse_first,volatility_stop,0.002,,7.47983180960714e-05,0.17359456927510736,0.34683420153587774,-0.29209942910599507,7.47983180960714e-05,3.73991590480357e-05,3.73991590480357e-05,0.0,0.0,,,,,fractional_return,R,False
ETHUSD,2022-04-08 12:30:00,2022-04-08 13:00:00,2022-04-08 14:00:00,short,-0.5,3237.1,3227.3,3237.1,3227.3,2102.6334246507845,3327.8573260279372,2102.6334246507845,0.07133528810673741,0.00021596052746161547,7.490205251207427e-05,0.00014105847494954118,0.07052923747477059,3,r_trailing_stop,0.2776635353078014,-0.5751601802804529,False,False,3223.245016334885,True,1.0,0.5,22.690032669769405,3223.245016334885,adverse_first,volatility_stop,0.002,,7.490205251207429e-05,0.07052923747477059,0.2776635353078014,-0.5751601802804529,7.490205251207429e-05,3.7451026256037144e-05,3.7451026256037144e-05,0.0,0.0,,,,,fractional_return,R,False
ETHUSD,2022-04-08 14:00:00,2022-04-08 14:30:00,2022-04-08 17:30:00,short,-0.5,3284.4,3246.432954969046,3284.4,3246.432954969046,2106.068595476076,3378.666512361914,2106.068595476076,0.069683282381135,0.0008055256120050062,7.316744650019175e-05,0.0007323581655048145,0.36617908275240724,7,r_trailing_stop,0.5855738015221451,-0.2461107281759757,False,False,3246.432954969046,True,1.0,0.5,23.565909938092002,3246.432954969046,adverse_first,volatility_stop,0.002,,7.31674465001917e-05,0.36617908275240724,0.5855738015221451,-0.2461107281759757,7.31674465001917e-05,3.658372325009585e-05,3.658372325009585e-05,0.0,0.0,,,,,fractional_return,R,False
ETHUSD,2022-04-11 18:30:00,2022-04-11 19:00:00,2022-04-11 19:30:00,short,-0.5,3037.0,3006.129903663814,3037.0,3006.129903663814,2009.0434739487246,3119.236522084102,2009.0434739487246,0.07386012742353347,0.0007507636644608076,7.755313379471014e-05,0.0006732105306660974,0.3366052653330487,2,r_trailing_stop,0.6408344937800791,-0.03769614669294485,False,False,3006.129903663814,True,1.0,0.5,20.55980732762745,3006.129903663814,adverse_first,volatility_stop,0.002,,7.755313379471018e-05,0.3366052653330487,0.6408344937800791,-0.03769614669294485,7.755313379471018e-05,3.877656689735509e-05,3.877656689735509e-05,0.0,0.0,,,,,fractional_return,R,False
ETHUSD,2022-04-12 07:00:00,2022-04-12 07:30:00,2022-04-12 19:00:00,short,-0.5,3019.9,2976.4,3019.9,2976.4,1933.1125422521495,3106.842996619828,1933.1125422521495,0.0694685050529139,0.0010006556408496184,7.294193030555959e-05,0.0009277137105440589,0.4638568552720294,24,max_holding_close,0.5382837240432431,-0.7579678934711459,False,False,2983.967694429483,True,1.0,0.5,21.73538885896562,2983.967694429483,adverse_first,volatility_stop,0.002,,7.294193030555956e-05,0.4638568552720294,0.5382837240432431,-0.7579678934711459,7.294193030555956e-05,3.647096515277978e-05,3.647096515277978e-05,0.0,0.0,,,,,fractional_return,R,False
ETHUSD,2022-04-12 19:00:00,2022-04-12 19:30:00,2022-04-12 22:00:00,long,0.5,2976.45,3002.5784649396464,2976.45,3002.5784649396464,4083.6220852085853,2887.876233183313,4083.6220852085853,0.06720838701960347,0.0005899820201555169,7.056880637058363e-05,0.0005194132137849333,0.2597066068924666,6,r_trailing_stop,0.4199889124845491,-0.09878771463010155,False,False,3002.5784649396464,True,1.0,0.5,22.14307012070707,3002.5784649396464,adverse_first,volatility_stop,0.002,,7.05688063705836e-05,0.2597066068924666,0.4199889124845491,-0.09878771463010155,7.05688063705836e-05,3.52844031852918e-05,3.52844031852918e-05,0.0,0.0,,,,,fractional_return,R,False
ETHUSD,2022-04-13 03:00:00,2022-04-13 03:30:00,2022-04-13 11:00:00,short,-0.5,3060.5,3041.705253566764,3060.5,3041.705253566764,1964.903059836477,3148.147755213082,1964.903059836477,0.06983635787498654,0.00042887000100673124,7.332817576873587e-05,0.00035554182523799536,0.1777709126189977,16,r_trailing_stop,0.3394268333247589,-0.11238165742013442,False,False,3041.705253566764,True,1.0,0.5,21.910507133527705,3041.705253566764,adverse_first,volatility_stop,0.002,,7.332817576873588e-05,0.1777709126189977,0.3394268333247589,-0.11238165742013442,7.332817576873588e-05,3.666408788436794e-05,3.666408788436794e-05,0.0,0.0,,,,,fractional_return,R,False
ETHUSD,2022-04-14 01:30:00,2022-04-14 02:00:00,2022-04-14 04:00:00,short,-0.5,3140.4,3123.323260906275,3140.4,3123.323260906275,2163.011678587273,3218.5910657130185,2163.011678587273,0.08032631276637399,0.0004367951488575695,8.434262840469269e-05,0.0003524525204528768,0.17622626022643842,5,r_trailing_stop,0.3433896156185724,-0.051156739756956955,False,False,3123.323260906275,True,1.0,0.5,19.546521812549948,3123.323260906275,adverse_first,volatility_stop,0.002,,8.43426284046927e-05,0.17622626022643842,0.3433896156185724,-0.051156739756956955,8.43426284046927e-05,4.217131420234635e-05,4.217131420234635e-05,0.0,0.0,,,,,fractional_return,R,False
ETHUSD,2022-04-18 12:00:00,2022-04-18 12:30:00,2022-04-18 14:00:00,short,-0.5,2936.2,2924.6635648549063,2936.2,2924.6635648549063,2204.818594747968,2994.7105124201626,2204.818594747968,0.10036487046687335,0.0003943371769589207,0.00010538311399021701,0.00028895406296870367,0.14447703148435184,4,r_trailing_stop,0.32216432945653356,-0.27345513375621017,False,False,2924.6635648549063,True,1.0,0.5,14.627129709813202,2924.6635648549063,adverse_first,volatility_stop,0.002,,0.00010538311399021702,0.14447703148435184,0.32216432945653356,-0.27345513375621017,0.00010538311399021702,5.269155699510851e-05,5.269155699510851e-05,0.0,0.0,,,,,fractional_return,R,False
ETHUSD,2022-04-18 14:00:00,2022-04-18 14:30:00,2022-04-18 15:30:00,short,-0.5,2935.45,2917.3387744978454,2935.45,2917.3387744978454,2171.559513764968,2996.5612388988025,2171.559513764968,0.0960690718399924,0.0005927297769939157,0.00010087252543199202,0.0004918572515619237,0.24592862578096183,3,r_trailing_stop,0.494998964921863,-0.05154534676045995,False,False,2917.3387744978454,True,1.0,0.5,15.277548995691193,2917.3387744978454,adverse_first,volatility_stop,0.002,,0.00010087252543199198,0.24592862578096183,0.494998964921863,-0.05154534676045995,0.00010087252543199198,5.043626271599599e-05,5.043626271599599e-05,0.0,0.0,,,,,fractional_return,R,False
ETHUSD,2022-04-19 15:00:00,2022-04-19 15:30:00,2022-04-20 03:00:00,long,0.5,3119.6,3082.0,3119.6,3082.0,3962.0067106936126,3052.2074631445107,3962.0067106936126,0.09257998424037404,-0.0011158505601481091,9.720898345239275e-05,-0.001213059543600502,-0.6065297718002509,24,max_holding_close,0.1023852242689107,-0.7686311039318081,False,False,3052.2074631445107,False,1.0,0.5,16.84867381595951,,adverse_first,volatility_stop,0.002,,9.720898345239276e-05,-0.6065297718002509,0.1023852242689107,-0.7686311039318081,9.720898345239276e-05,4.860449172619638e-05,4.860449172619638e-05,0.0,0.0,,,,,fractional_return,R,False
ETHUSD,2022-04-20 03:30:00,2022-04-20 04:00:00,2022-04-20 06:30:00,long,0.5,3092.8,3097.05,3092.8,3097.05,3890.6624961525204,3028.9710003077985,3890.6624961525204,0.09690892901076958,0.00013316830971798671,0.00010175437546130806,3.141393425667866e-05,0.015706967128339328,6,r_trailing_stop,0.2514531024674837,-0.2021024935719954,False,False,3100.871633094456,True,1.0,0.5,15.956733811089217,3100.871633094456,adverse_first,volatility_stop,0.002,,0.00010175437546130806,0.015706967128339328,0.2514531024674837,-0.2021024935719954,0.00010175437546130806,5.087718773065403e-05,5.087718773065403e-05,0.0,0.0,,,,,fractional_return,R,False
ETHUSD,2022-04-20 07:00:00,2022-04-20 07:30:00,2022-04-20 09:30:00,long,0.5,3092.1,3104.4919865188026,3092.1,3104.4919865188026,3862.8764077582396,3030.4378873793407,3862.8764077582396,0.10029173080793953,0.00040193194790575694,0.0001053063173483365,0.0002966256305574204,0.1483128152787102,5,r_trailing_stop,0.39165054477729516,-0.07622184515334199,False,False,3104.4919865188026,True,1.0,0.5,15.416026962394817,3104.4919865188026,adverse_first,volatility_stop,0.002,,0.00010530631734833652,0.1483128152787102,0.39165054477729516,-0.07622184515334199,0.00010530631734833652,5.265315867416826e-05,5.265315867416826e-05,0.0,0.0,,,,,fractional_return,R,False
ETHUSD,2022-04-20 09:30:00,2022-04-20 10:00:00,2022-04-20 11:00:00,long,0.5,3107.45,3127.1036005233,3107.45,3127.1036005233,3862.1021130867766,3047.077830953058,3862.1021130867766,0.10294312922843021,0.0006510814778915243,0.00010809028568985172,0.0005429911922016726,0.2714955961008363,3,r_trailing_stop,0.4505387238754185,-0.14659072449622695,False,False,3127.1036005233,True,1.0,0.5,15.092798953400234,3127.1036005233,adverse_first,volatility_stop,0.002,,0.00010809028568985169,0.2714955961008363,0.4505387238754185,-0.14659072449622695,0.00010809028568985169,5.4045142844925845e-05,5.4045142844925845e-05,0.0,0.0,,,,,fractional_return,R,False
ETHUSD,2022-04-20 11:30:00,2022-04-20 12:00:00,2022-04-20 15:00:00,long,0.5,3154.7,3091.3918650604783,3154.7,3091.3918650604783,3946.051686744019,3091.3918650604783,3946.051686744019,0.09966175762447257,-0.002,0.0001046448455056962,-0.0021046448455056964,-1.0523224227528483,7,stop_loss,0.1279456424950493,-1.6127469257708562,False,False,3091.3918650604783,False,1.0,0.5,15.82728488869882,,adverse_first,volatility_stop,0.002,,0.00010464484550569636,-1.0523224227528483,0.1279456424950493,-1.6127469257708562,0.00010464484550569636,5.232242275284818e-05,5.232242275284818e-05,0.0,0.0,,,,,fractional_return,R,False
ETHUSD,2022-04-20 22:00:00,2022-04-20 22:30:00,2022-04-21 08:30:00,long,0.5,3089.55,3100.2,3089.55,3100.2,3958.224491242273,3020.0560407006183,3958.224491242273,0.08891564191040366,0.0003065014601950955,9.336142400592384e-05,0.00021314003618917168,0.10657001809458584,21,r_trailing_stop,0.3014650512247638,-0.31369633015274284,False,False,3101.8122712611557,True,1.0,0.5,17.375457477688123,3101.8122712611557,adverse_first,volatility_stop,0.002,,9.336142400592383e-05,0.10657001809458584,0.3014650512247638,-0.31369633015274284,9.336142400592383e-05,4.668071200296191e-05,4.668071200296191e-05,0.0,0.0,,,,,fractional_return,R,False
ETHUSD,2022-04-21 09:30:00,2022-04-21 10:00:00,2022-04-21 10:30:00,long,0.5,3089.8,3118.05,3089.8,3118.05,3876.9858870889993,3026.8251290328803,3876.9858870889993,0.09812802956319604,0.0008971832594861534,0.00010303443104135584,0.0007941488284447976,0.3970744142223988,2,r_trailing_stop,0.8011131936473606,-0.03334663442338463,False,False,3120.627759184861,True,1.0,0.5,15.744481630277761,3120.627759184861,adverse_first,volatility_stop,0.002,,0.00010303443104135582,0.3970744142223988,0.8011131936473606,-0.03334663442338463,0.00010303443104135582,5.151721552067791e-05,5.151721552067791e-05,0.0,0.0,,,,,fractional_return,R,False
ETHUSD,2022-04-21 10:30:00,2022-04-21 11:00:00,2022-04-21 12:00:00,long,0.5,3129.7,3151.4768316143045,3129.7,3151.4768316143045,3951.9905958257614,3063.916752333939,3951.9905958257614,0.09515188474389304,0.0006620783371733666,9.990947898108768e-05,0.0005621688581922789,0.28108442909613945,3,r_trailing_stop,0.5328104227679112,-0.031923021050287,False,False,3151.4768316143045,True,1.0,0.5,16.44633677139044,3151.4768316143045,adverse_first,volatility_stop,0.002,,9.990947898108767e-05,0.28108442909613945,0.5328104227679112,-0.031923021050287,9.990947898108767e-05,4.9954739490543835e-05,4.9954739490543835e-05,0.0,0.0,,,,,fractional_return,R,False
ETHUSD,2022-04-25 00:30:00,2022-04-25 01:00:00,2022-04-25 04:00:00,long,0.5,2856.8,2872.308083881159,2856.8,2872.308083881159,3605.965420327336,2796.8667663738133,3605.965420327336,0.09533275036746117,0.000517512002702379,0.00010009938788583422,0.0004174126148165448,0.2087063074082724,7,r_trailing_stop,0.38376037147360803,-0.23943310133245282,False,False,2872.308083881159,True,1.0,0.5,14.9838322376823,2872.308083881159,adverse_first,volatility_stop,0.002,,0.00010009938788583422,0.2087063074082724,0.38376037147360803,-0.23943310133245282,0.00010009938788583422,5.004969394291711e-05,5.004969394291711e-05,0.0,0.0,,,,,fractional_return,R,False
ETHUSD,2022-04-28 01:00:00,2022-04-28 01:30:00,2022-04-28 02:00:00,short,-0.5,2894.9,2881.352133331493,2894.9,2881.352133331493,1829.7050426389092,2980.1155965888875,1829.7050426389092,0.06794296152067346,0.0003179668326179111,7.134010959670712e-05,0.000246626723021204,0.123313361510602,2,r_trailing_stop,0.2839855726968659,-0.0011734941020520844,False,False,2881.352133331493,True,1.0,0.5,21.304266662986,2881.352133331493,adverse_first,volatility_stop,0.002,,7.134010959670712e-05,0.123313361510602,0.2839855726968659,-0.0011734941020520844,7.134010959670712e-05,3.567005479835356e-05,3.567005479835356e-05,0.0,0.0,,,,,fractional_return,R,False
ETHUSD,2022-04-28 08:00:00,2022-04-28 08:30:00,2022-04-28 13:30:00,short,-0.5,2930.75,2908.0,2930.75,2908.0,1920.2820738549344,3011.5874340916052,1920.2820738549344,0.07250972356888183,0.0005628580435697528,7.613520974732591e-05,0.0004867228338224269,0.24336141691121344,11,r_trailing_stop,0.7787233811585939,-0.20349483113675557,False,False,2903.6048515078833,True,1.0,0.5,20.209703015766934,2903.6048515078833,adverse_first,volatility_stop,0.002,,7.613520974732591e-05,0.24336141691121344,0.7787233811585939,-0.20349483113675557,7.613520974732591e-05,3.806760487366296e-05,3.806760487366296e-05,0.0,0.0,,,,,fractional_return,R,False
ETHUSD,2022-04-29 18:30:00,2022-04-29 19:00:00,2022-04-30 02:30:00,long,0.5,2815.9,2827.468445325533,2815.9,2827.468445325533,3873.999101865664,2731.252071850747,3873.999101865664,0.06653204777877,0.000273330855898456,6.98586501677085e-05,0.00020347220573074752,0.10173610286537375,16,r_trailing_stop,0.2616720867750568,-0.46782007387323626,False,False,2827.468445325533,True,1.0,0.5,21.1631093489344,2827.468445325533,adverse_first,volatility_stop,0.002,,6.98586501677085e-05,0.10173610286537375,0.2616720867750568,-0.46782007387323626,6.98586501677085e-05,3.492932508385425e-05,3.492932508385425e-05,0.0,0.0,,,,,fractional_return,R,False
ETHUSD,2022-05-01 20:30:00,2022-05-01 21:00:00,2022-05-01 21:30:00,short,-0.5,2813.15,2804.8,2813.15,2804.8,1937.945713024214,2883.166342958063,1937.945713024214,0.08035695328117806,0.00023851574210327238,8.437480094523696e-05,0.00015414094115803541,0.07707047057901771,2,r_trailing_stop,0.28707583330993186,-0.09069311151831091,False,False,2801.804376477668,True,1.0,0.5,17.508752955335794,2801.804376477668,adverse_first,volatility_stop,0.002,,8.437480094523696e-05,0.07707047057901771,0.28707583330993186,-0.09069311151831091,8.437480094523696e-05,4.218740047261848e-05,4.218740047261848e-05,0.0,0.0,,,,,fractional_return,R,False
ETHUSD,2022-05-01 22:30:00,2022-05-01 23:00:00,2022-05-02 10:30:00,short,-0.5,2807.6000000000004,2806.0,2807.6000000000004,2806.0,1910.9391447830947,2879.332868417353,1910.9391447830947,0.07827931775054549,4.460995455225091e-05,8.219328363807276e-05,-3.7583329085821855e-05,-0.018791664542910928,24,max_holding_close,0.07249117614739578,-0.9340209234375442,False,False,2879.332868417353,False,1.0,0.5,17.93289830334432,,adverse_first,volatility_stop,0.002,,8.219328363807276e-05,-0.018791664542910928,0.07249117614739578,-0.9340209234375442,8.219328363807276e-05,4.109664181903638e-05,4.109664181903638e-05,0.0,0.0,,,,,fractional_return,R,False
ETHUSD,2022-05-02 12:30:00,2022-05-02 13:00:00,2022-05-02 13:30:00,long,0.5,2794.9,2814.740247719533,2794.9,2814.740247719533,3640.8298116201536,2727.225615070388,3640.8298116201536,0.08259846034528304,0.0005863443824474622,8.672838336254718e-05,0.000499615999084915,0.24980799954245747,2,r_trailing_stop,0.7048457115585582,-0.24085922638164028,False,False,2814.740247719533,True,1.0,0.5,16.91950456093431,2814.740247719533,adverse_first,volatility_stop,0.002,,8.672838336254722e-05,0.24980799954245747,0.7048457115585582,-0.24085922638164028,8.672838336254722e-05,4.336419168127361e-05,4.336419168127361e-05,0.0,0.0,,,,,fractional_return,R,False
ETHUSD,2022-05-05 14:30:00,2022-05-05 15:00:00,2022-05-05 15:00:00,long,0.5,2830.1,2764.2054714445026,2830.1,2764.2054714445026,3653.781606943719,2764.2054714445026,3653.781606943719,0.08589787534837404,-0.0019999999999999905,9.019276911579273e-05,-0.002090192769115783,-1.0450963845578916,1,stop_loss,0.0,-1.4728081697748665,False,False,2764.2054714445026,False,1.0,0.5,16.474214135899576,,adverse_first,volatility_stop,0.002,,9.019276911579254e-05,-1.0450963845578916,0.0,-1.4728081697748665,9.019276911579254e-05,4.509638455789627e-05,4.509638455789627e-05,0.0,0.0,,,,,fractional_return,R,False
ETHUSD,2022-05-06 07:30:00,2022-05-06 08:00:00,2022-05-06 13:30:00,long,0.5,2729.95,2657.1142014253883,2729.95,2657.1142014253883,3640.397482182644,2657.1142014253883,3640.397482182644,0.07496176477569594,-0.002,7.870985301448073e-05,-0.002078709853014481,-1.0393549265072404,12,stop_loss,0.1928996492790237,-1.3290168007266334,False,False,2657.1142014253883,False,1.0,0.5,18.20928353489707,,adverse_first,volatility_stop,0.002,,7.870985301448082e-05,-1.0393549265072404,0.1928996492790237,-1.3290168007266334,7.870985301448082e-05,3.935492650724041e-05,3.935492650724041e-05,0.0,0.0,,,,,fractional_return,R,False
ETHUSD,2022-05-07 21:00:00,2022-05-07 21:30:00,2022-05-08 02:00:00,long,0.5,2651.75,2586.9762547994033,2651.75,2586.9762547994033,3461.4218150074594,2586.9762547994033,3461.4218150074594,0.08187730975838556,-0.002,8.597117524630483e-05,-0.0020859711752463047,-1.0429855876231524,10,stop_loss,0.12736641944125215,-1.4666436178083582,False,False,2586.9762547994033,False,1.0,0.5,16.19313069373432,,adverse_first,volatility_stop,0.002,,8.597117524630467e-05,-1.0429855876231524,0.12736641944125215,-1.4666436178083582,8.597117524630467e-05,4.2985587623152336e-05,4.2985587623152336e-05,0.0,0.0,,,,,fractional_return,R,False
ETHUSD,2022-05-08 02:00:00,2022-05-08 02:30:00,2022-05-08 14:00:00,long,0.5,2562.35,2526.8,2562.35,2526.8,3501.856950305076,2487.189443975594,3501.856950305076,0.06818336998911916,-0.0009459749070631132,7.15925384885751e-05,-0.0010175674455516882,-0.5087837227758442,24,max_holding_close,0.21088188856470277,-0.6592553677212003,False,False,2487.189443975594,False,1.0,0.5,18.788306020481475,,adverse_first,volatility_stop,0.002,,7.159253848857501e-05,-0.5087837227758442,0.21088188856470277,-0.6592553677212003,7.159253848857501e-05,3.5796269244287504e-05,3.5796269244287504e-05,0.0,0.0,,,,,fractional_return,R,False
ETHUSD,2022-05-08 22:00:00,2022-05-08 22:30:00,2022-05-09 00:00:00,short,-0.5,2532.2,2519.45,2532.2,2519.45,1566.0765113009138,2609.489879095927,1566.0765113009138,0.06552474993154557,0.00032992676788057946,6.880098742812285e-05,0.00026112578045245664,0.13056289022622833,4,r_trailing_stop,0.3131069718709792,-0.13973368992589494,False,False,2517.661616158001,True,1.0,0.5,19.32323231600189,2517.661616158001,adverse_first,volatility_stop,0.002,,6.880098742812282e-05,0.13056289022622833,0.3131069718709792,-0.13973368992589494,6.880098742812282e-05,3.440049371406141e-05,3.440049371406141e-05,0.0,0.0,,,,,fractional_return,R,False
ETHUSD,2022-05-12 21:30:00,2022-05-12 22:00:00,2022-05-13 00:00:00,long,0.5,1908.95,1949.5363218880236,1908.95,1949.5363218880236,4735.391781572066,1682.8346574742347,4735.391781572066,0.016884745446076748,0.0003589877753067442,1.7728982718380586e-05,0.00034125879258836364,0.1706293962941818,5,r_trailing_stop,0.3044906162975412,-0.0712025987275303,False,False,1949.5363218880236,True,1.0,0.5,56.52735622395255,1949.5363218880236,adverse_first,volatility_stop,0.002,,1.772898271838058e-05,0.1706293962941818,0.3044906162975412,-0.0712025987275303,1.772898271838058e-05,8.86449135919029e-06,8.86449135919029e-06,0.0,0.0,,,,,fractional_return,R,False
ETHUSD,2022-05-13 00:30:00,2022-05-13 01:00:00,2022-05-13 04:00:00,long,0.5,2008.0,2077.21841375359,2008.0,2077.21841375359,4736.022716939449,1789.758182644844,4736.022716939449,0.018401606294656904,0.0006343276883636601,1.932168660938975e-05,0.0006150060017542703,0.30750300087713517,7,r_trailing_stop,0.4421700715723086,-0.06781468455202225,False,False,2077.21841375359,True,1.0,0.5,54.56317249282012,2077.21841375359,adverse_first,volatility_stop,0.002,,1.9321686609389773e-05,0.30750300087713517,0.4421700715723086,-0.06781468455202225,1.9321686609389773e-05,9.660843304694887e-06,9.660843304694887e-06,0.0,0.0,,,,,fractional_return,R,False
ETHUSD,2022-05-13 05:00:00,2022-05-13 05:30:00,2022-05-13 08:30:00,short,-0.5,2120.3,2068.5876882194398,2120.3,2068.5876882194398,-453.52960260845725,2326.206368208677,-453.52960260845725,0.02059479770777341,0.0005022895817204865,2.162453759316208e-05,0.00048066504412732443,0.2403325220636622,7,r_trailing_stop,0.376141839000862,-0.08547574391756119,False,False,2068.5876882194398,True,1.0,0.5,51.475376438879884,2068.5876882194398,adverse_first,volatility_stop,0.002,,2.162453759316208e-05,0.2403325220636622,0.376141839000862,-0.08547574391756119,2.162453759316208e-05,1.081226879658104e-05,1.081226879658104e-05,0.0,0.0,,,,,fractional_return,R,False
ETHUSD,2022-05-13 10:30:00,2022-05-13 11:00:00,2022-05-13 18:30:00,short,-0.5,2094.0,2049.7023588515863,2094.0,2049.7023588515863,-241.18008012324572,2280.8144064098597,-241.18008012324572,0.022417971292919336,0.0004742422385908211,2.35388698575653e-05,0.0004507033687332558,0.2253516843666279,16,r_trailing_stop,0.3621241064866273,-0.26951882870069166,False,False,2049.7023588515863,True,1.0,0.5,46.704717703172605,2049.7023588515863,adverse_first,volatility_stop,0.002,,2.3538869857565295e-05,0.2253516843666279,0.3621241064866273,-0.26951882870069166,2.3538869857565295e-05,1.1769434928782647e-05,1.1769434928782647e-05,0.0,0.0,,,,,fractional_return,R,False
ETHUSD,2022-05-13 18:30:00,2022-05-13 19:00:00,2022-05-14 00:00:00,short,-0.5,2072.5,2018.8355345870034,2072.5,2018.8355345870034,-76.1571638379246,2244.392573107034,-76.1571638379246,0.024113898146250878,0.0006243953935063957,2.531959305356342e-05,0.0005990758004528323,0.29953790022641613,11,r_trailing_stop,0.4374825429669643,-0.053521800469361565,False,False,2018.8355345870034,True,1.0,0.5,42.97106917400718,2018.8355345870034,adverse_first,volatility_stop,0.002,,2.531959305356339e-05,0.29953790022641613,0.4374825429669643,-0.053521800469361565,2.531959305356339e-05,1.2659796526781695e-05,1.2659796526781695e-05,0.0,0.0,,,,,fractional_return,R,False
ETHUSD,2022-05-14 00:00:00,2022-05-14 00:30:00,2022-05-14 12:00:00,short,-0.5,2030.3,1986.8481036523856,2030.3,1986.8481036523856,55.6841058909893,2188.2692715287208,55.6841058909893,0.025704999210949268,0.000550130996074312,2.699024917149673e-05,0.0005231407469028153,0.2615703734514076,24,r_trailing_stop,0.4000778087307283,-0.22789242269471993,False,False,1986.8481036523856,True,1.0,0.5,39.49620730477158,1986.8481036523856,adverse_first,volatility_stop,0.002,,2.699024917149676e-05,0.2615703734514076,0.4000778087307283,-0.22789242269471993,2.699024917149676e-05,1.349512458574838e-05,1.349512458574838e-05,0.0,0.0,,,,,fractional_return,R,False
ETHUSD,2022-05-18 20:00:00,2022-05-18 20:30:00,2022-05-19 08:00:00,long,0.5,1953.2,1949.7,1953.2,1949.7,2923.2715564191344,1875.5942754864693,2923.2715564191344,0.050336492887440416,-9.019953159228123e-05,5.285331753181243e-05,-0.00014305284912409367,-0.07152642456204683,24,max_holding_close,0.23838447635102594,-0.6752079222050692,False,False,1875.5942754864693,False,1.0,0.5,19.402424313324694,,adverse_first,volatility_stop,0.002,,5.285331753181244e-05,-0.07152642456204683,0.23838447635102594,-0.6752079222050692,5.285331753181244e-05,2.642665876590622e-05,2.642665876590622e-05,0.0,0.0,,,,,fractional_return,R,False
ETHUSD,2022-05-19 08:30:00,2022-05-19 09:00:00,2022-05-19 12:00:00,long,0.5,1930.8,1957.0293378285608,1930.8,1957.0293378285608,2887.9157718636093,1854.2307382509111,2887.9157718636093,0.05043277043278997,0.0006851140321689989,5.2954408954429465e-05,0.0006321596232145694,0.3160798116072847,7,r_trailing_stop,0.4675505442028894,-0.25205937159541214,False,False,1957.0293378285608,True,1.0,0.5,19.14132434287829,1957.0293378285608,adverse_first,volatility_stop,0.002,,5.295440895442948e-05,0.3160798116072847,0.4675505442028894,-0.25205937159541214,5.295440895442948e-05,2.647720447721474e-05,2.647720447721474e-05,0.0,0.0,,,,,fractional_return,R,False
ETHUSD,2022-05-19 15:30:00,2022-05-19 16:00:00,2022-05-20 02:00:00,long,0.5,2020.8,2033.5,2020.8,2033.5,3043.727244901657,1938.9658204078673,3043.727244901657,0.049387676642493696,0.00031038375562137077,5.185706047461838e-05,0.0002585266951467524,0.1292633475733762,21,r_trailing_stop,0.35926308721528777,-0.3904236611064121,False,False,2039.97123390254,True,1.0,0.5,20.457532194919594,2039.97123390254,adverse_first,volatility_stop,0.002,,5.185706047461836e-05,0.1292633475733762,0.35926308721528777,-0.3904236611064121,5.185706047461836e-05,2.592853023730918e-05,2.592853023730918e-05,0.0,0.0,,,,,fractional_return,R,False
ETHUSD,2022-05-20 15:00:00,2022-05-20 15:30:00,2022-05-21 03:00:00,long,0.5,1965.3,1949.1,1965.3,1949.1,2886.6988666003567,1891.5880906719715,2886.6988666003567,0.05332381206554109,-0.00043954905381456475,5.599000266881814e-05,-0.0004955390564833829,-0.24776952824169143,24,max_holding_close,0.1465163512715214,-0.5996317339075259,False,False,1891.5880906719715,False,1.0,0.5,18.429853153831235,,adverse_first,volatility_stop,0.002,,5.599000266881814e-05,-0.24776952824169143,0.1465163512715214,-0.5996317339075259,5.599000266881814e-05,2.799500133440907e-05,2.799500133440907e-05,0.0,0.0,,,,,fractional_return,R,False
ETHUSD,2022-05-23 22:00:00,2022-05-23 22:30:00,2022-05-24 01:00:00,long,0.5,1968.1,1978.4558524960657,1968.1,1978.4558524960657,2692.477940678969,1910.1497647456824,2692.477940678969,0.06792379673224429,0.0003574050200355019,7.13199865688565e-05,0.0002860850334666454,0.14304251673332272,6,r_trailing_stop,0.3037088619703037,-0.2260560279438023,False,False,1978.4558524960657,True,1.0,0.5,14.488295007868793,1978.4558524960657,adverse_first,volatility_stop,0.002,,7.131998656885648e-05,0.14304251673332272,0.3037088619703037,-0.2260560279438023,7.131998656885648e-05,3.565999328442824e-05,3.565999328442824e-05,0.0,0.0,,,,,fractional_return,R,False
ETHUSD,2022-05-24 13:30:00,2022-05-24 14:00:00,2022-05-24 16:00:00,long,0.5,1928.9,1960.8,1928.9,1960.8,2590.708249047026,1875.955340076238,2590.708249047026,0.07286476115920015,0.0012050318217525446,7.650799921716015e-05,0.0011285238225353844,0.5642619112676922,5,r_trailing_stop,0.8763867794563925,-0.3437551591833282,False,False,1965.8822605407265,True,1.0,0.5,13.235478918547173,1965.8822605407265,adverse_first,volatility_stop,0.002,,7.650799921716015e-05,0.5642619112676922,0.8763867794563925,-0.3437551591833282,7.650799921716015e-05,3.8253999608580075e-05,3.8253999608580075e-05,0.0,0.0,,,,,fractional_return,R,False
ETHUSD,2022-05-24 16:00:00,2022-05-24 16:30:00,2022-05-24 21:30:00,long,0.5,1960.7,1970.4107074415292,1960.7,1970.4107074415292,2659.5936183019544,1904.7885105358437,2659.5936183019544,0.07013585289145134,0.0003473599982613379,7.36426455360239e-05,0.000273717352725314,0.136858676362657,11,r_trailing_stop,0.416730089348399,-0.47754048865245896,False,False,1970.4107074415292,True,1.0,0.5,13.978585116941955,1970.4107074415292,adverse_first,volatility_stop,0.002,,7.36426455360239e-05,0.136858676362657,0.416730089348399,-0.47754048865245896,7.36426455360239e-05,3.682132276801195e-05,3.682132276801195e-05,0.0,0.0,,,,,fractional_return,R,False
ETHUSD,2022-05-26 03:00:00,2022-05-26 03:30:00,2022-05-26 08:00:00,long,0.5,1935.8,1880.7519479114562,1935.8,1880.7519479114562,2623.900651106797,1880.7519479114562,2623.900651106797,0.07033128063773453,-0.002,7.384784466962125e-05,-0.0020738478446696213,-1.0369239223348106,10,stop_loss,0.23070752766278343,-1.6521928851126055,False,False,1880.7519479114562,False,1.0,0.5,13.762723836739177,,adverse_first,volatility_stop,0.002,,7.384784466962129e-05,-1.0369239223348106,0.23070752766278343,-1.6521928851126055,7.384784466962129e-05,3.6923922334810644e-05,3.6923922334810644e-05,0.0,0.0,,,,,fractional_return,R,False
ETHUSD,2022-05-28 05:30:00,2022-05-28 06:00:00,2022-05-28 09:00:00,short,-0.5,1769.45,1758.4,1769.45,1758.4,710.2263409707696,1854.1878927223386,710.2263409707696,0.04176289834815638,0.00026080421981244153,4.38510432655642e-05,0.00021695317654687733,0.10847658827343866,7,r_trailing_stop,0.26316443899626557,-0.036583397349258334,False,False,1757.7419371892906,True,1.0,0.5,21.183874378580956,1757.7419371892906,adverse_first,volatility_stop,0.002,,4.38510432655642e-05,0.10847658827343866,0.26316443899626557,-0.036583397349258334,4.38510432655642e-05,2.19255216327821e-05,2.19255216327821e-05,0.0,0.0,,,,,fractional_return,R,False
ETHUSD,2022-05-31 06:00:00,2022-05-31 06:30:00,2022-05-31 13:30:00,long,0.5,1968.9,1977.4159970740104,1968.9,1977.4159970740104,2727.338799069263,1908.2248960744591,2727.338799069263,0.06489976522878921,0.0002807081166094379,6.814475349022867e-05,0.0002125633631192092,0.1062816815596046,15,r_trailing_stop,0.2653477119669617,-0.5636578726254754,False,False,1977.4159970740104,True,1.0,0.5,15.168005851979059,1977.4159970740104,adverse_first,volatility_stop,0.002,,6.814475349022867e-05,0.1062816815596046,0.2653477119669617,-0.5636578726254754,6.814475349022867e-05,3.4072376745114335e-05,3.4072376745114335e-05,0.0,0.0,,,,,fractional_return,R,False
ETHUSD,2022-05-31 13:30:00,2022-05-31 14:00:00,2022-05-31 19:00:00,short,-0.5,1942.9,1933.0,1942.9,1933.0,1188.447276486177,2003.2562178811058,1188.447276486177,0.06438110498664011,0.0003280523646959429,6.760016023597212e-05,0.00026045220445997076,0.13022610222998537,11,r_trailing_stop,0.30154308270030744,-0.9211975493481881,False,False,1932.2453037654852,True,1.0,0.5,15.090607530970361,1932.2453037654852,adverse_first,volatility_stop,0.002,,6.760016023597213e-05,0.13022610222998537,0.30154308270030744,-0.9211975493481881,6.760016023597213e-05,3.3800080117986066e-05,3.3800080117986066e-05,0.0,0.0,,,,,fractional_return,R,False
ETHUSD,2022-05-31 19:30:00,2022-05-31 20:00:00,2022-06-01 04:30:00,short,-0.5,1933.0,1925.7,1933.0,1925.7,1076.6726793181151,2001.5061856545508,1076.6726793181151,0.05643286023096786,0.00021311944112057055,5.925450324251625e-05,0.0001538649378780543,0.07693246893902715,18,r_trailing_stop,0.3007027730879288,-0.37076943866181805,False,False,1920.963716629624,True,1.0,0.5,17.127433259248082,1920.963716629624,adverse_first,volatility_stop,0.002,,5.925450324251625e-05,0.07693246893902715,0.3007027730879288,-0.37076943866181805,5.925450324251625e-05,2.9627251621258124e-05,2.9627251621258124e-05,0.0,0.0,,,,,fractional_return,R,False
ETHUSD,2022-06-01 14:00:00,2022-06-01 14:30:00,2022-06-01 15:00:00,short,-0.5,1920.9,1908.2,1920.9,1908.2,1159.771905184351,1981.790247585252,1159.771905184351,0.06309384757585569,0.00041714397637220826,6.624853995464848e-05,0.0003508954364175598,0.17544771820877988,2,r_trailing_stop,0.4877628385139562,-0.08047265685920253,False,False,1899.1116767592089,True,1.0,0.5,15.223353518417783,1899.1116767592089,adverse_first,volatility_stop,0.002,,6.624853995464846e-05,0.17544771820877988,0.4877628385139562,-0.08047265685920253,6.624853995464846e-05,3.312426997732423e-05,3.312426997732423e-05,0.0,0.0,,,,,fractional_return,R,False
ETHUSD,2022-06-01 15:00:00,2022-06-01 15:30:00,2022-06-01 16:30:00,short,-0.5,1901.3,1857.9612169970019,1901.3,1857.9612169970019,1115.1369642943143,1964.193042856455,1115.1369642943143,0.060461377400342,0.001378174152009568,6.348444627035909e-05,0.0013146897057392088,0.6573448528696044,3,r_trailing_stop,0.8140805035758452,-0.01113000688482672,False,False,1857.9612169970019,True,1.0,0.5,15.722433994003852,1857.9612169970019,adverse_first,volatility_stop,0.002,,6.348444627035914e-05,0.6573448528696044,0.8140805035758452,-0.01113000688482672,6.348444627035914e-05,3.174222313517957e-05,3.174222313517957e-05,0.0,0.0,,,,,fractional_return,R,False
ETHUSD,2022-06-03 15:30:00,2022-06-03 16:00:00,2022-06-03 18:00:00,short,-0.5,1761.4,1752.7489503073277,1761.4,1752.7489503073277,986.5489495951683,1823.3880840323866,986.5489495951683,0.05683027722165866,0.0002791197639905293,5.967179108274159e-05,0.0002194479729077877,0.10972398645389385,5,r_trailing_stop,0.3274822946518911,-0.06291531769174354,False,False,1752.7489503073277,True,1.0,0.5,15.497900614655629,1752.7489503073277,adverse_first,volatility_stop,0.002,,5.9671791082741596e-05,0.10972398645389385,0.3274822946518911,-0.06291531769174354,5.9671791082741596e-05,2.9835895541370798e-05,2.9835895541370798e-05,0.0,0.0,,,,,fractional_return,R,False
ETHUSD,2022-06-03 21:30:00,2022-06-03 22:00:00,2022-06-04 00:00:00,short,-0.5,1787.4,1775.8276302878764,1787.4,1775.8276302878764,1039.6160606458784,1847.2227151483298,1039.6160606458784,0.05975656556437341,0.0003868888158429509,6.274439384259208e-05,0.00032414442200035887,0.16207221100017943,5,r_trailing_stop,0.3184409124989718,-0.10614697083298806,False,False,1775.8276302878764,True,1.0,0.5,14.955260575752867,1775.8276302878764,adverse_first,volatility_stop,0.002,,6.274439384259205e-05,0.16207221100017943,0.3184409124989718,-0.10614697083298806,6.274439384259205e-05,3.1372196921296026e-05,3.1372196921296026e-05,0.0,0.0,,,,,fractional_return,R,False
ETHUSD,2022-06-04 01:00:00,2022-06-04 01:30:00,2022-06-04 13:00:00,short,-0.5,1759.4,1766.1,1759.4,1766.1,1045.2504563663156,1816.5319634906948,1045.2504563663156,0.06159074159201822,-0.0002345447133491611,6.467027867161912e-05,-0.0002992149920207802,-0.1496074960103901,24,max_holding_close,0.22404271125890787,-0.3290627321615115,False,False,1816.5319634906948,False,1.0,0.5,14.28420938042669,,adverse_first,volatility_stop,0.002,,6.467027867161911e-05,-0.1496074960103901,0.22404271125890787,-0.3290627321615115,6.467027867161911e-05,3.2335139335809554e-05,3.2335139335809554e-05,0.0,0.0,,,,,fractional_return,R,False
ETHUSD,2022-06-07 00:00:00,2022-06-07 00:30:00,2022-06-07 00:30:00,long,0.5,1808.1,1755.5172394797205,1808.1,1755.5172394797205,2465.3845065034925,1755.5172394797205,2465.3845065034925,0.0687715890953529,-0.002,7.221016855012054e-05,-0.0020722101685501206,-1.0361050842750603,1,stop_loss,0.007607055925597979,-1.0916125253230635,False,False,1755.5172394797205,False,1.0,0.5,13.144963214871284,,adverse_first,volatility_stop,0.002,,7.221016855012054e-05,-1.0361050842750603,0.007607055925597979,-1.0916125253230635,7.221016855012054e-05,3.610508427506027e-05,3.610508427506027e-05,0.0,0.0,,,,,fractional_return,R,False
ETHUSD,2022-06-07 00:30:00,2022-06-07 01:00:00,2022-06-07 09:00:00,long,0.5,1757.3000000000002,1768.6,1757.3000000000002,1768.6,2461.0237741099672,1701.002098071203,2461.0237741099672,0.06242861420386646,0.0004014359190255892,6.555004491405978e-05,0.00033588587411152943,0.1679429370557647,17,r_trailing_stop,0.33216157901675675,-0.575509901611928,False,False,1768.9623617593859,True,1.0,0.5,14.075276481228137,1768.9623617593859,adverse_first,volatility_stop,0.002,,6.555004491405977e-05,0.1679429370557647,0.33216157901675675,-0.575509901611928,6.555004491405977e-05,3.2775022457029885e-05,3.2775022457029885e-05,0.0,0.0,,,,,fractional_return,R,False
ETHUSD,2022-06-07 11:00:00,2022-06-07 11:30:00,2022-06-07 14:00:00,long,0.5,1754.1,1760.5,1754.1,1760.5,2419.5899828718043,1700.8608013702556,2419.5899828718043,0.06589505646766054,0.0002404243551639152,6.918980929104357e-05,0.00017123454587287162,0.08561727293643581,6,r_trailing_stop,0.33621843417454245,-0.3531232716469985,False,False,1765.3458587531468,True,1.0,0.5,13.30828249370643,1765.3458587531468,adverse_first,volatility_stop,0.002,,6.918980929104357e-05,0.08561727293643581,0.33621843417454245,-0.3531232716469985,6.918980929104357e-05,3.4594904645521784e-05,3.4594904645521784e-05,0.0,0.0,,,,,fractional_return,R,False
ETHUSD,2022-06-11 08:30:00,2022-06-11 09:00:00,2022-06-11 10:00:00,long,0.5,1577.3,1595.35,1577.3,1595.35,2270.6935577236113,1521.828515382111,2270.6935577236113,0.05686885832838657,0.0006507848176170521,5.9712301244805895e-05,0.0005910725163722463,0.2955362581861231,3,r_trailing_stop,0.6318561733373307,-0.5705634204315679,False,False,1605.4151855478412,True,1.0,0.5,13.869628904317537,1605.4151855478412,adverse_first,volatility_stop,0.002,,5.971230124480586e-05,0.2955362581861231,0.6318561733373307,-0.5705634204315679,5.971230124480586e-05,2.985615062240293e-05,2.985615062240293e-05,0.0,0.0,,,,,fractional_return,R,False
ETHUSD,2022-06-11 10:30:00,2022-06-11 11:00:00,2022-06-11 14:30:00,long,0.5,1584.85,1526.1198456877842,1584.85,1526.1198456877842,2318.9769289026967,1526.1198456877842,2318.9769289026967,0.053970571627473304,-0.002,5.666910020884697e-05,-0.002056669100208847,-1.0283345501044234,8,stop_loss,0.0732162217238682,-1.164648736258689,False,False,1526.1198456877842,False,1.0,0.5,14.68346452905143,,adverse_first,volatility_stop,0.002,,5.666910020884694e-05,-1.0283345501044234,0.0732162217238682,-1.164648736258689,5.666910020884694e-05,2.833455010442347e-05,2.833455010442347e-05,0.0,0.0,,,,,fractional_return,R,False
ETHUSD,2022-06-14 23:00:00,2022-06-14 23:30:00,2022-06-15 04:30:00,short,-0.5,1199.4,1139.3812640868991,1199.4,1139.3812640868991,-283.6646174401045,1318.0451693952084,-283.6646174401045,0.020218269418197474,0.0010117350115313643,2.1229182889107345e-05,0.000990505828642257,0.4952529143211285,11,r_trailing_stop,0.6679580837886236,-0.254119069100655,False,False,1139.3812640868991,True,1.0,0.5,29.662528173798155,1139.3812640868991,adverse_first,volatility_stop,0.002,,2.1229182889107284e-05,0.4952529143211285,0.6679580837886236,-0.254119069100655,2.1229182889107284e-05,1.0614591444553642e-05,1.0614591444553642e-05,0.0,0.0,,,,,fractional_return,R,False
ETHUSD,2022-06-18 20:00:00,2022-06-18 20:30:00,2022-06-18 21:30:00,long,0.5,900.2,948.55,900.2,948.55,1763.7177347622812,831.1185812190175,1763.7177347622812,0.02606200092253511,0.001399797538996413,2.7365100968661864e-05,0.001372432438027751,0.6862162190138755,3,r_trailing_stop,0.9886884375745091,-0.1975929307890505,False,False,959.865302260668,True,1.0,0.5,17.269395478663856,959.865302260668,adverse_first,volatility_stop,0.002,,2.7365100968661932e-05,0.6862162190138755,0.9886884375745091,-0.1975929307890505,2.7365100968661932e-05,1.3682550484330966e-05,1.3682550484330966e-05,0.0,0.0,,,,,fractional_return,R,False
ETHUSD,2022-06-18 21:30:00,2022-06-18 22:00:00,2022-06-18 22:30:00,long,0.5,941.95,982.4491181695723,941.95,982.4491181695723,1882.2378357516602,866.7269731398673,1882.2378357516602,0.02504419296371656,0.0010767744894093416,2.6296402611902388e-05,0.0010504780867974391,0.5252390433987195,2,r_trailing_stop,0.9146135548084817,-0.067133698427077,False,False,982.4491181695723,True,1.0,0.5,18.80176366085537,982.4491181695723,adverse_first,volatility_stop,0.002,,2.6296402611902456e-05,0.5252390433987195,0.9146135548084817,-0.067133698427077,2.6296402611902456e-05,1.3148201305951228e-05,1.3148201305951228e-05,0.0,0.0,,,,,fractional_return,R,False
ETHUSD,2022-06-18 22:30:00,2022-06-18 23:00:00,2022-06-19 10:30:00,long,0.5,989.95,1054.05,989.95,1054.05,1986.9097531063483,910.1932197514922,1986.9097531063483,0.024824221763102595,0.0016073868528863836,2.6065432851257724e-05,0.001581321420035126,0.790660710017563,24,r_trailing_stop,1.0519481821931935,-0.687088919954555,False,False,1063.8793954151845,True,1.0,0.5,19.941209169630866,1063.8793954151845,adverse_first,volatility_stop,0.002,,2.6065432851257687e-05,0.790660710017563,1.0519481821931935,-0.687088919954555,2.6065432851257687e-05,1.3032716425628844e-05,1.3032716425628844e-05,0.0,0.0,,,,,fractional_return,R,False
ETHUSD,2022-06-19 10:30:00,2022-06-19 11:00:00,2022-06-19 19:00:00,long,0.5,1062.05,1101.1014054416676,1062.05,1101.1014054416676,2121.8096894158048,977.2692248467356,2121.8096894158048,0.02505402900787483,0.0009212325641295797,2.630673045826857e-05,0.0008949258336713111,0.44746291683565553,17,r_trailing_stop,0.7637344655430046,-0.5166265573866188,False,False,1101.1014054416676,True,1.0,0.5,21.197189116664834,1101.1014054416676,adverse_first,volatility_stop,0.002,,2.6306730458268554e-05,0.44746291683565553,0.7637344655430046,-0.5166265573866188,2.6306730458268554e-05,1.3153365229134277e-05,1.3153365229134277e-05,0.0,0.0,,,,,fractional_return,R,False
ETHUSD,2022-06-19 19:00:00,2022-06-19 19:30:00,2022-06-19 21:00:00,long,0.5,1094.35,1140.95,1094.35,1140.95,2166.7528803408145,1008.5577695727347,2166.7528803408145,0.025511634201602726,0.0010863454596744101,2.678721591168286e-05,0.0010595582437627274,0.5297791218813637,4,r_trailing_stop,0.7285041977430302,-0.026808954476942985,False,False,1146.1269509459037,True,1.0,0.5,21.44609810819234,1146.1269509459037,adverse_first,volatility_stop,0.002,,2.678721591168275e-05,0.5297791218813637,0.7285041977430302,-0.026808954476942985,2.678721591168275e-05,1.3393607955841376e-05,1.3393607955841376e-05,0.0,0.0,,,,,fractional_return,R,False
ETHUSD,2022-06-19 22:00:00,2022-06-19 22:30:00,2022-06-20 02:00:00,long,0.5,1140.8000000000002,1055.023885202408,1140.8000000000002,1055.023885202408,2213.001434969902,1055.023885202408,2213.001434969902,0.026599479416664455,-0.001999999999999997,2.7929453387497677e-05,-0.0020279294533874946,-1.0139647266937473,8,stop_loss,0.026813991347440853,-1.0090221526614287,False,False,1055.023885202408,False,1.0,0.5,21.44214934992976,,adverse_first,volatility_stop,0.002,,2.7929453387497572e-05,-1.0139647266937473,0.026813991347440853,-1.0090221526614287,2.7929453387497572e-05,1.3964726693748786e-05,1.3964726693748786e-05,0.0,0.0,,,,,fractional_return,R,False
ETHUSD,2022-06-20 02:00:00,2022-06-20 02:30:00,2022-06-20 04:00:00,long,0.5,1055.75,1078.65,1055.75,1078.65,2131.0739025129005,969.724087798968,2131.0739025129005,0.024544930079505378,0.0005323977256175018,2.5772176583480646e-05,0.0005066255490340212,0.25331277451701056,4,r_trailing_stop,0.4022043953354884,-0.0476600584068055,False,False,1079.147779593073,True,1.0,0.5,21.504440813854103,1079.147779593073,adverse_first,volatility_stop,0.002,,2.5772176583480663e-05,0.25331277451701056,0.4022043953354884,-0.0476600584068055,2.5772176583480663e-05,1.2886088291740332e-05,1.2886088291740332e-05,0.0,0.0,,,,,fractional_return,R,False
ETHUSD,2022-06-20 04:30:00,2022-06-20 05:00:00,2022-06-20 06:30:00,long,0.5,1067.45,1071.75,1067.45,1071.75,2128.4120178304615,982.5730385735632,2128.4120178304615,0.025152879699284755,0.0001013231371089263,2.641052368424899e-05,7.491261342467731e-05,0.037456306712338655,4,r_trailing_stop,0.2674459549270529,-0.10014496109603283,False,False,1079.540876348942,True,1.0,0.5,21.21824730211601,1079.540876348942,adverse_first,volatility_stop,0.002,,2.6410523684248987e-05,0.037456306712338655,0.2674459549270529,-0.10014496109603283,2.6410523684248987e-05,1.3205261842124493e-05,1.3205261842124493e-05,0.0,0.0,,,,,fractional_return,R,False
ETHUSD,2022-06-20 14:30:00,2022-06-20 15:00:00,2022-06-21 02:30:00,long,0.5,1139.55,1118.55,1139.55,1118.55,2189.083594669774,1055.587312426418,2189.083594669774,0.027144200190146097,-0.0005002221964749832,2.85014101996534e-05,-0.0005287236066746367,-0.26436180333731835,24,max_holding_close,0.140538617104876,-0.6860190123085488,False,False,1055.587312426418,False,1.0,0.5,20.988829903965993,,adverse_first,volatility_stop,0.002,,2.8501410199653437e-05,-0.26436180333731835,0.140538617104876,-0.6860190123085488,2.8501410199653437e-05,1.4250705099826718e-05,1.4250705099826718e-05,0.0,0.0,,,,,fractional_return,R,False
ETHUSD,2022-06-25 15:30:00,2022-06-25 16:00:00,2022-06-25 18:00:00,long,0.5,1183.15,1195.55,1183.15,1195.55,1845.2406025823207,1130.1827517934144,1845.2406025823207,0.04467477696350833,0.0004682138649769627,4.690851581168374e-05,0.00042130534916527896,0.21065267458263948,5,r_trailing_stop,0.3719279491954124,-0.07079846748643702,False,False,1196.229653521159,True,1.0,0.5,13.240692957681896,1196.229653521159,adverse_first,volatility_stop,0.002,,4.690851581168375e-05,0.21065267458263948,0.3719279491954124,-0.07079846748643702,4.690851581168375e-05,2.3454257905841875e-05,2.3454257905841875e-05,0.0,0.0,,,,,fractional_return,R,False
ETHUSD,2022-07-02 00:00:00,2022-07-02 00:30:00,2022-07-02 12:00:00,long,0.5,1061.65,1045.25,1061.65,1045.25,1760.5728618587368,1005.7361710513012,1760.5728618587368,0.0379745054116779,-0.000586616953564282,3.987323068226179e-05,-0.0006264901842465437,-0.3132450921232719,24,max_holding_close,0.03398086011500566,-0.6366940105758675,False,False,1005.7361710513012,False,1.0,0.5,13.97779935425296,,adverse_first,volatility_stop,0.002,,3.987323068226176e-05,-0.3132450921232719,0.03398086011500566,-0.6366940105758675,3.987323068226176e-05,1.993661534113088e-05,1.993661534113088e-05,0.0,0.0,,,,,fractional_return,R,False
ETHUSD,2022-07-02 12:30:00,2022-07-02 13:00:00,2022-07-02 19:00:00,long,0.5,1057.3,1068.8,1057.3,1068.8,1654.8542738195508,1009.4956580944358,1654.8542738195508,0.044234475692131146,0.0004811278449442089,4.64461994767377e-05,0.0004346816454674712,0.2173408227337356,13,r_trailing_stop,0.42255575947273727,-0.29076856716192956,False,False,1069.9250225147698,True,1.0,0.5,11.949954970460553,1069.9250225147698,adverse_first,volatility_stop,0.002,,4.644619947673771e-05,0.2173408227337356,0.42255575947273727,-0.29076856716192956,4.644619947673771e-05,2.3223099738368854e-05,2.3223099738368854e-05,0.0,0.0,,,,,fractional_return,R,False
ETHUSD,2022-07-05 02:00:00,2022-07-05 02:30:00,2022-07-05 05:30:00,long,0.5,1145.05,1157.75,1145.05,1157.75,1640.978850248456,1105.3756919801235,1640.978850248456,0.05772249383285223,0.0006402128043991339,6.060861852449484e-05,0.0005796041858746391,0.2898020929373195,7,r_trailing_stop,0.5293097989126668,-0.10586195978253451,False,False,1161.0902781648465,True,1.0,0.5,9.919443670306924,1161.0902781648465,adverse_first,volatility_stop,0.002,,6.060861852449483e-05,0.2898020929373195,0.5293097989126668,-0.10586195978253451,6.060861852449483e-05,3.0304309262247416e-05,3.0304309262247416e-05,0.0,0.0,,,,,fractional_return,R,False
ETHUSD,2022-07-05 07:00:00,2022-07-05 07:30:00,2022-07-05 11:30:00,long,0.5,1154.95,1115.4625186868013,1154.95,1115.4625186868013,1648.543516414985,1115.4625186868013,1648.543516414985,0.05849702040195481,-0.0019999999999999935,6.142187142205255e-05,-0.002061421871422046,-1.030710935711023,9,stop_loss,0.17220647592246027,-1.2358347095611926,False,False,1115.4625186868013,False,1.0,0.5,9.872724880710331,,adverse_first,volatility_stop,0.002,,6.142187142205244e-05,-1.030710935711023,0.17220647592246027,-1.2358347095611926,6.142187142205244e-05,3.071093571102622e-05,3.071093571102622e-05,0.0,0.0,,,,,fractional_return,R,False
ETHUSD,2022-07-05 22:00:00,2022-07-05 22:30:00,2022-07-06 01:00:00,long,0.5,1139.15,1143.05,1139.15,1143.05,1729.1003055447713,1091.9539755564183,1729.1003055447713,0.04827313374081938,0.00016526815747635383,5.0686790427860347e-05,0.00011458136704849348,0.05729068352424674,6,r_trailing_stop,0.28815986431775353,-0.3093480896352404,False,False,1146.851532959793,True,1.0,0.5,11.796934080413807,1146.851532959793,adverse_first,volatility_stop,0.002,,5.068679042786035e-05,0.05729068352424674,0.28815986431775353,-0.3093480896352404,5.068679042786035e-05,2.5343395213930177e-05,2.5343395213930177e-05,0.0,0.0,,,,,fractional_return,R,False
ETHUSD,2022-07-06 13:00:00,2022-07-06 13:30:00,2022-07-06 19:00:00,long,0.5,1141.65,1158.7287876348005,1141.65,1158.7287876348005,1753.8248816035689,1092.6760094717147,1753.8248816035689,0.04662270677496157,0.0006974635903903468,4.895384211370964e-05,0.0006485097482766372,0.3242548741383186,12,r_trailing_stop,0.5288521462232297,-0.30832692694868274,False,False,1158.7287876348005,True,1.0,0.5,12.242424730398753,1158.7287876348005,adverse_first,volatility_stop,0.002,,4.895384211370962e-05,0.3242548741383186,0.5288521462232297,-0.30832692694868274,4.895384211370962e-05,2.447692105685481e-05,2.447692105685481e-05,0.0,0.0,,,,,fractional_return,R,False
ETHUSD,2022-07-06 22:00:00,2022-07-06 22:30:00,2022-07-06 23:30:00,long,0.5,1183.15,1194.1,1183.15,1194.1,1797.602901983168,1133.9937678413467,1797.602901983168,0.04813835186477851,0.0004455182799470213,5.0545269458017434e-05,0.00039497301048900383,0.19748650524450193,3,r_trailing_stop,0.40178018397049214,-0.014240310317942418,False,False,1196.755990145777,True,1.0,0.5,12.288019708445995,1196.755990145777,adverse_first,volatility_stop,0.002,,5.054526945801746e-05,0.19748650524450193,0.40178018397049214,-0.014240310317942418,5.054526945801746e-05,2.527263472900873e-05,2.527263472900873e-05,0.0,0.0,,,,,fractional_return,R,False
ETHUSD,2022-07-07 02:00:00,2022-07-07 02:30:00,2022-07-07 09:00:00,long,0.5,1176.55,1183.0824539815053,1176.55,1183.0824539815053,1768.2542932496406,1129.2136565400288,1768.2542932496406,0.04971021899885102,0.00027600163020742916,5.219572994879357e-05,0.00022380590025863559,0.1119029501293178,14,r_trailing_stop,0.2630114430052688,-0.29998092294576834,False,False,1183.0824539815053,True,1.0,0.5,11.835092036989181,1183.0824539815053,adverse_first,volatility_stop,0.002,,5.219572994879357e-05,0.1119029501293178,0.2630114430052688,-0.29998092294576834,5.219572994879357e-05,2.6097864974396786e-05,2.6097864974396786e-05,0.0,0.0,,,,,fractional_return,R,False
ETHUSD,2022-07-07 14:30:00,2022-07-07 15:00:00,2022-07-07 17:00:00,long,0.5,1222.45,1232.6,1222.45,1232.6,1763.9111832844094,1179.1331053372473,1763.9111832844094,0.05644218079423676,0.0004686393186318377,5.9264289833948597e-05,0.0004093750287978891,0.20468751439894456,5,r_trailing_stop,0.3786051638208009,-0.22623967106365017,False,False,1233.4367167187745,True,1.0,0.5,10.826566562450727,1233.4367167187745,adverse_first,volatility_stop,0.002,,5.926428983394857e-05,0.20468751439894456,0.3786051638208009,-0.22623967106365017,5.926428983394857e-05,2.9632144916974285e-05,2.9632144916974285e-05,0.0,0.0,,,,,fractional_return,R,False
ETHUSD,2022-07-07 17:00:00,2022-07-07 17:30:00,2022-07-07 19:30:00,long,0.5,1217.65,1237.0606053396482,1217.65,1237.0606053396482,1766.5443769410253,1173.7384498447182,1766.5443769410253,0.05545921269889543,0.0008840774361646264,5.8232173333840195e-05,0.0008258452628307862,0.4129226314153931,5,r_trailing_stop,0.8243844699626364,-0.03188227231899922,False,False,1237.0606053396482,True,1.0,0.5,10.978789320703305,1237.0606053396482,adverse_first,volatility_stop,0.002,,5.8232173333840195e-05,0.4129226314153931,0.8243844699626364,-0.03188227231899922,5.8232173333840195e-05,2.9116086666920097e-05,2.9116086666920097e-05,0.0,0.0,,,,,fractional_return,R,False
ETHUSD,2022-07-07 19:30:00,2022-07-07 20:00:00,2022-07-08 01:30:00,long,0.5,1247.55,1269.8347523859827,1247.55,1269.8347523859827,1799.118972626701,1203.424482189864,1799.118972626701,0.05654551207163058,0.001010061909386308,5.937278767521211e-05,0.000950689121711096,0.475344560855548,12,r_trailing_stop,0.6300209352696609,-0.5099090303441508,False,False,1269.8347523859827,True,1.0,0.5,11.030495228034374,1269.8347523859827,adverse_first,volatility_stop,0.002,,5.937278767521208e-05,0.475344560855548,0.6300209352696609,-0.5099090303441508,5.937278767521208e-05,2.968639383760604e-05,2.968639383760604e-05,0.0,0.0,,,,,fractional_return,R,False
ETHUSD,2022-07-08 02:00:00,2022-07-08 02:30:00,2022-07-08 04:30:00,long,0.5,1245.05,1257.15,1245.05,1257.15,1824.8120775084942,1198.6690337993205,1824.8120775084942,0.0536879716827356,0.0005217657582917204,5.6372370266872374e-05,0.0004653933880248481,0.23269669401242404,5,r_trailing_stop,0.46786433698058955,-0.004312113704891198,False,False,1260.9528448387853,True,1.0,0.5,11.594310322429484,1260.9528448387853,adverse_first,volatility_stop,0.002,,5.637237026687235e-05,0.23269669401242404,0.46786433698058955,-0.004312113704891198,5.637237026687235e-05,2.8186185133436173e-05,2.8186185133436173e-05,0.0,0.0,,,,,fractional_return,R,False
ETHUSD,2022-07-08 05:30:00,2022-07-08 06:00:00,2022-07-08 13:30:00,long,0.5,1244.2,1199.752520082146,1244.2,1199.752520082146,1799.793498973176,1199.752520082146,1799.793498973176,0.055985176315934096,-0.002,5.8784435131730796e-05,-0.0020587844351317307,-1.0293922175658654,16,stop_loss,0.08661908407665223,-1.1507964027326945,False,False,1199.752520082146,False,1.0,0.5,11.111423402762002,,adverse_first,volatility_stop,0.002,,5.8784435131730654e-05,-1.0293922175658654,0.08661908407665223,-1.1507964027326945,5.8784435131730654e-05,2.9392217565865327e-05,2.9392217565865327e-05,0.0,0.0,,,,,fractional_return,R,False
ETHUSD,2022-07-08 23:30:00,2022-07-09 00:00:00,2022-07-09 08:00:00,long,0.5,1213.25,1220.1319727593288,1213.25,1220.1319727593288,1845.0787451635115,1162.703700386919,1845.0787451635115,0.04800549236193828,0.00027230372201362315,5.040576698003519e-05,0.00022189795503358795,0.11094897751679397,17,r_trailing_stop,0.2611467130342417,-0.18695730592223697,False,False,1220.1319727593288,True,1.0,0.5,12.636054481342564,1220.1319727593288,adverse_first,volatility_stop,0.002,,5.0405766980035204e-05,0.11094897751679397,0.2611467130342417,-0.18695730592223697,5.0405766980035204e-05,2.5202883490017602e-05,2.5202883490017602e-05,0.0,0.0,,,,,fractional_return,R,False
ETHUSD,2022-07-11 22:00:00,2022-07-11 22:30:00,2022-07-12 07:00:00,long,0.5,1106.65,1071.8747819850223,1106.65,1071.8747819850223,1541.3402251872235,1071.8747819850223,1541.3402251872235,0.06364589861224508,-0.001999999999999993,6.682819354285734e-05,-0.0020668281935428503,-1.033414096771425,18,stop_loss,0.01437805507889695,-1.2710200689744917,False,False,1071.8747819850223,False,1.0,0.5,8.696947005652417,,adverse_first,volatility_stop,0.002,,6.68281935428572e-05,-1.033414096771425,0.01437805507889695,-1.2710200689744917,6.68281935428572e-05,3.34140967714286e-05,3.34140967714286e-05,0.0,0.0,,,,,fractional_return,R,False
ETHUSD,2022-07-12 10:00:00,2022-07-12 10:30:00,2022-07-12 19:30:00,short,-0.5,1059.9,1043.5960001446836,1059.9,1043.5960001446836,645.3195370059461,1093.0664370395243,645.3195370059461,0.06391401034346386,0.000983162577028525,6.710971086063705e-05,0.0009160528661678881,0.45802643308394403,19,r_trailing_stop,0.8291514692165586,-0.8321665654682524,False,False,1043.5960001446836,True,1.0,0.5,8.292000289366916,1043.5960001446836,adverse_first,volatility_stop,0.002,,6.710971086063705e-05,0.45802643308394403,0.8291514692165586,-0.8321665654682524,6.710971086063705e-05,3.3554855430318524e-05,3.3554855430318524e-05,0.0,0.0,,,,,fractional_return,R,False
ETHUSD,2022-07-13 02:00:00,2022-07-13 02:30:00,2022-07-13 12:00:00,short,-0.5,1053.45,1088.2625556277112,1053.45,1088.2625556277112,618.2930546536111,1088.2625556277112,618.2930546536111,0.060521267744068984,-0.002,6.354733113127243e-05,-0.0020635473311312724,-1.0317736655656362,20,stop_loss,0.1522439218964177,-1.3601414531689549,False,False,1088.2625556277112,False,1.0,0.5,8.70396541669958,,adverse_first,volatility_stop,0.002,,6.354733113127231e-05,-1.0317736655656362,0.1522439218964177,-1.3601414531689549,6.354733113127231e-05,3.1773665565636156e-05,3.1773665565636156e-05,0.0,0.0,,,,,fractional_return,R,False
ETHUSD,2022-07-13 12:00:00,2022-07-13 12:30:00,2022-07-13 13:00:00,short,-0.5,1098.95,1028.25,1098.95,1028.25,675.1721304967534,1132.8522295602597,675.1721304967534,0.06483054443641617,0.004170817136043158,6.807207165823697e-05,0.004102745064384921,2.05137253219246,2,r_trailing_stop,2.746132074721486,-0.001474829256025235,False,False,1010.0873931926589,True,1.0,0.5,8.474786385317705,1010.0873931926589,adverse_first,volatility_stop,0.002,,6.807207165823725e-05,2.05137253219246,2.746132074721486,-0.001474829256025235,6.807207165823725e-05,3.403603582911863e-05,3.403603582911863e-05,0.0,0.0,,,,,fractional_return,R,False
ETHUSD,2022-07-14 12:30:00,2022-07-14 13:00:00,2022-07-14 15:30:00,long,0.5,1086.05,1111.436268595001,1086.05,1111.436268595001,1617.374233522173,1043.544061318226,1617.374233522173,0.051101094749646754,0.0011944810246426226,5.3656149487129085e-05,0.0011408248751554936,0.5704124375777467,6,r_trailing_stop,1.4233305245401355,-0.2670215116286018,False,False,1111.436268595001,True,1.0,0.5,10.62746280999802,1111.436268595001,adverse_first,volatility_stop,0.002,,5.365614948712907e-05,0.5704124375777467,1.4233305245401355,-0.2670215116286018,5.365614948712907e-05,2.6828074743564536e-05,2.6828074743564536e-05,0.0,0.0,,,,,fractional_return,R,False
ETHUSD,2022-07-15 00:00:00,2022-07-15 00:30:00,2022-07-15 02:30:00,long,0.5,1183.75,1209.95,1183.75,1209.95,1788.5518005676568,1135.3658559545875,1788.5518005676568,0.048931319272237296,0.0010829994212736003,5.1377885235849155e-05,0.0010316215360377512,0.5158107680188756,5,r_trailing_stop,0.787448052490913,-0.06407057644939014,False,False,1215.801470945283,True,1.0,0.5,12.09705810943404,1215.801470945283,adverse_first,volatility_stop,0.002,,5.1377885235849054e-05,0.5158107680188756,0.787448052490913,-0.06407057644939014,5.1377885235849054e-05,2.5688942617924527e-05,2.5688942617924527e-05,0.0,0.0,,,,,fractional_return,R,False
ETHUSD,2022-07-15 02:30:00,2022-07-15 03:00:00,2022-07-15 04:30:00,long,0.5,1195.0,1202.8055685139732,1195.0,1202.8055685139732,1809.468837622553,1145.8424929901958,1809.468837622553,0.048619227161445046,0.0003175738148159706,5.105018851951729e-05,0.0002665236262964533,0.13326181314822663,4,r_trailing_stop,0.30209017713282615,-0.11493666672057277,False,False,1202.8055685139732,True,1.0,0.5,12.288862972053693,1202.8055685139732,adverse_first,volatility_stop,0.002,,5.105018851951729e-05,0.13326181314822663,0.30209017713282615,-0.11493666672057277,5.105018851951729e-05,2.5525094259758646e-05,2.5525094259758646e-05,0.0,0.0,,,,,fractional_return,R,False
ETHUSD,2022-07-15 04:30:00,2022-07-15 05:00:00,2022-07-15 06:00:00,long,0.5,1192.15,1201.1359724015285,1192.15,1201.1359724015285,1808.5010728301481,1142.8419141735883,1808.5010728301481,0.0483551523049157,0.00036448271113843195,5.0772909920161484e-05,0.00031370980121827046,0.15685490060913523,3,r_trailing_stop,0.3184061951881762,-0.048673558500105775,False,False,1201.1359724015285,True,1.0,0.5,12.328055196942735,1201.1359724015285,adverse_first,volatility_stop,0.002,,5.07729099201615e-05,0.15685490060913523,0.3184061951881762,-0.048673558500105775,5.07729099201615e-05,2.538645496008075e-05,2.538645496008075e-05,0.0,0.0,,,,,fractional_return,R,False
ETHUSD,2022-07-15 07:00:00,2022-07-15 07:30:00,2022-07-15 09:30:00,long,0.5,1214.85,1223.3712106107405,1214.85,1223.3712106107405,1832.703485313244,1165.4217211749403,1832.703485313244,0.04915607133720731,0.00034479090970978893,5.161387490406767e-05,0.0002931770348057213,0.14658851740286064,5,r_trailing_stop,0.29740060446020045,-0.2447991370046522,False,False,1223.3712106107405,True,1.0,0.5,12.357578778518928,1223.3712106107405,adverse_first,volatility_stop,0.002,,5.1613874904067646e-05,0.14658851740286064,0.29740060446020045,-0.2447991370046522,5.1613874904067646e-05,2.5806937452033823e-05,2.5806937452033823e-05,0.0,0.0,,,,,fractional_return,R,False
ETHUSD,2022-07-15 09:30:00,2022-07-15 10:00:00,2022-07-15 13:00:00,long,0.5,1218.25,1227.15,1218.25,1227.15,1847.4397592134774,1167.9148192629218,1847.4397592134774,0.048405508122179274,0.00035362940470953953,5.082578352828823e-05,0.00030280362118125133,0.15140181059062566,7,r_trailing_stop,0.3278025380734488,-0.216548343333371,False,False,1228.4578441428305,True,1.0,0.5,12.584311714339057,1228.4578441428305,adverse_first,volatility_stop,0.002,,5.0825783528288206e-05,0.15140181059062566,0.3278025380734488,-0.216548343333371,5.0825783528288206e-05,2.5412891764144103e-05,2.5412891764144103e-05,0.0,0.0,,,,,fractional_return,R,False
ETHUSD,2022-07-15 13:00:00,2022-07-15 13:30:00,2022-07-15 19:00:00,long,0.5,1224.95,1249.3998433921583,1224.95,1249.3998433921583,1860.0175143953413,1174.1445988483727,1860.0175143953413,0.04822125097857887,0.0009624899257930627,5.063231352750781e-05,0.000911857612265555,0.4559288061327775,12,r_trailing_stop,0.6515055338548321,-0.42318335280600994,False,False,1249.3998433921583,True,1.0,0.5,12.700313215683245,1249.3998433921583,adverse_first,volatility_stop,0.002,,5.0632313527507774e-05,0.4559288061327775,0.6515055338548321,-0.42318335280600994,5.0632313527507774e-05,2.5316156763753887e-05,2.5316156763753887e-05,0.0,0.0,,,,,fractional_return,R,False
ETHUSD,2022-07-15 19:30:00,2022-07-15 20:00:00,2022-07-15 20:30:00,long,0.5,1266.15,1276.55,1266.15,1276.55,1929.8376895464958,1213.0549848362805,1929.8376895464958,0.047693742853102065,0.0003917505237706889,5.0078429995757165e-05,0.0003416720937749317,0.17083604688746587,2,r_trailing_stop,0.3842168598520225,-0.23448528946851613,False,False,1279.9146954576474,True,1.0,0.5,13.27060908470505,1279.9146954576474,adverse_first,volatility_stop,0.002,,5.007842999575716e-05,0.17083604688746587,0.3842168598520225,-0.23448528946851613,5.007842999575716e-05,2.503921499787858e-05,2.503921499787858e-05,0.0,0.0,,,,,fractional_return,R,False
ETHUSD,2022-07-16 10:30:00,2022-07-16 11:00:00,2022-07-16 13:00:00,long,0.5,1197.85,1213.1134923334014,1197.85,1213.1134923334014,1811.475158369541,1148.7599873304366,1811.475158369541,0.048802187445459305,0.0006218573393388058,5.1242296817732266e-05,0.0005706150425210736,0.28530752126053677,5,r_trailing_stop,0.7374208730331966,-0.04277855893286309,False,False,1213.1134923334014,True,1.0,0.5,12.273015333197137,1213.1134923334014,adverse_first,volatility_stop,0.002,,5.124229681773224e-05,0.28530752126053677,0.7374208730331966,-0.04277855893286309,5.124229681773224e-05,2.562114840886612e-05,2.562114840886612e-05,0.0,0.0,,,,,fractional_return,R,False
ETHUSD,2022-07-17 09:00:00,2022-07-17 09:30:00,2022-07-17 10:30:00,short,-0.5,1355.65,1345.65,1355.65,1345.65,563.9180474943482,1418.9885562004522,563.9180474943482,0.042806469907829145,0.00031576343383490793,4.49467934032206e-05,0.00027081664043168734,0.13540832021584367,3,r_trailing_stop,0.29287058488187917,-0.08683494430459944,False,False,1345.0179035810766,True,1.0,0.5,15.835807162153472,1345.0179035810766,adverse_first,volatility_stop,0.002,,4.494679340322059e-05,0.13540832021584367,0.29287058488187917,-0.08683494430459944,4.494679340322059e-05,2.2473396701610295e-05,2.2473396701610295e-05,0.0,0.0,,,,,fractional_return,R,False
ETHUSD,2022-07-17 11:30:00,2022-07-17 12:00:00,2022-07-17 13:30:00,short,-0.5,1363.15,1358.65,1363.15,1358.65,582.5708509312012,1425.596331925504,582.5708509312012,0.04365828890081762,0.00014412375751287563,4.58412033458585e-05,9.828255416701713e-05,0.049141277083508565,4,r_trailing_stop,0.5204469021298358,-0.06245362825557812,False,False,1338.4552185836737,True,1.0,0.5,15.610437167347166,1338.4552185836737,adverse_first,volatility_stop,0.002,,4.58412033458585e-05,0.049141277083508565,0.5204469021298358,-0.06245362825557812,4.58412033458585e-05,2.292060167292925e-05,2.292060167292925e-05,0.0,0.0,,,,,fractional_return,R,False
ETHUSD,2022-07-17 17:00:00,2022-07-17 17:30:00,2022-07-17 18:00:00,short,-0.5,1370.5,1327.3180543313306,1370.5,1327.3180543313306,573.6655126716942,1434.2467589862645,573.6655126716942,0.04299826443867686,0.0013547965843400376,4.51481776606107e-05,0.001309648406679427,0.6548242033397135,2,r_trailing_stop,0.8023937344174846,-0.07608229935336697,False,False,1327.3180543313306,True,1.0,0.5,15.936108662661141,1327.3180543313306,adverse_first,volatility_stop,0.002,,4.514817766061068e-05,0.6548242033397135,0.8023937344174846,-0.07608229935336697,4.514817766061068e-05,2.257408883030534e-05,2.257408883030534e-05,0.0,0.0,,,,,fractional_return,R,False
ETHUSD,2022-07-18 02:30:00,2022-07-18 03:00:00,2022-07-18 04:30:00,short,-0.5,1412.35,1404.05,1412.35,1404.05,576.2832060795276,1479.2353435136376,576.2832060795276,0.04223197268059257,0.0002481859123085028,4.4343571314622197e-05,0.00020384234099388057,0.10192117049694029,4,r_trailing_stop,0.2750976377395469,-0.12035521651105537,False,False,1402.3100759598576,True,1.0,0.5,16.72015191971525,1402.3100759598576,adverse_first,volatility_stop,0.002,,4.43435713146222e-05,0.10192117049694029,0.2750976377395469,-0.12035521651105537,4.43435713146222e-05,2.21717856573111e-05,2.21717856573111e-05,0.0,0.0,,,,,fractional_return,R,False
ETHUSD,2022-07-18 05:00:00,2022-07-18 05:30:00,2022-07-18 10:30:00,short,-0.5,1435.55,1503.859822253324,1435.55,1503.859822253324,581.6772218334488,1503.859822253324,581.6772218334488,0.0420305587877633,-0.002,4.4132086727151465e-05,-0.0020441320867271517,-1.0220660433635758,11,stop_loss,0.12736089354377872,-1.0715882077476506,False,False,1503.859822253324,False,1.0,0.5,17.075075815217133,,adverse_first,volatility_stop,0.002,,4.4132086727151614e-05,-1.0220660433635758,0.12736089354377872,-1.0715882077476506,4.4132086727151614e-05,2.2066043363575807e-05,2.2066043363575807e-05,0.0,0.0,,,,,fractional_return,R,False
ETHUSD,2022-07-18 10:30:00,2022-07-18 11:00:00,2022-07-18 12:00:00,short,-0.5,1484.65,1478.55,1484.65,1478.55,594.8800012391062,1555.8315999008717,594.8800012391062,0.04171443187755106,0.0001713926073169214,4.3800153471428614e-05,0.00012759245384549278,0.06379622692274639,3,r_trailing_stop,0.41302808648503153,-0.17139260731691477,False,False,1474.8482990503642,True,1.0,0.5,17.796598100728218,1474.8482990503642,adverse_first,volatility_stop,0.002,,4.380015347142861e-05,0.06379622692274639,0.41302808648503153,-0.17139260731691477,4.380015347142861e-05,2.1900076735714303e-05,2.1900076735714303e-05,0.0,0.0,,,,,fractional_return,R,False
ETHUSD,2022-07-19 22:00:00,2022-07-19 22:30:00,2022-07-20 00:00:00,short,-0.5,1563.25,1542.55,1563.25,1542.55,441.8206519964151,1652.9643478402868,441.8206519964151,0.03484949816015968,0.0004614646485944707,3.659197306816766e-05,0.00042487267552630305,0.21243633776315152,4,r_trailing_stop,0.4503181594979863,-0.1549361984411395,False,False,1537.6614240470706,True,1.0,0.5,22.422848094140864,1537.6614240470706,adverse_first,volatility_stop,0.002,,3.6591973068167644e-05,0.21243633776315152,0.4503181594979863,-0.1549361984411395,3.6591973068167644e-05,1.8295986534083822e-05,1.8295986534083822e-05,0.0,0.0,,,,,fractional_return,R,False
ETHUSD,2022-07-24 22:30:00,2022-07-24 23:00:00,2022-07-25 01:30:00,long,0.5,1605.45,1536.0401152761654,1605.45,1536.0401152761654,2473.073559047934,1536.0401152761654,2473.073559047934,0.04625998174143931,-0.002,4.8572980828511273e-05,-0.0020485729808285115,-1.0242864904142557,6,stop_loss,0.14983456666696643,-1.0149851174699933,False,False,1536.0401152761654,False,1.0,0.5,17.35139107141451,,adverse_first,volatility_stop,0.002,,4.857298082851149e-05,-1.0242864904142557,0.14983456666696643,-1.0149851174699933,4.857298082851149e-05,2.4286490414255745e-05,2.4286490414255745e-05,0.0,0.0,,,,,fractional_return,R,False
ETHUSD,2022-07-26 23:00:00,2022-07-26 23:30:00,2022-07-27 00:00:00,long,0.5,1415.65,1445.8509722657338,1415.65,1445.8509722657338,2235.6106775841677,1350.0531457932666,2235.6106775841677,0.043162130779578936,0.0009208055060248189,4.532023731855788e-05,0.000875485268706261,0.4377426343531305,2,r_trailing_stop,0.653994776407985,-0.05335621718946282,False,False,1445.8509722657338,True,1.0,0.5,16.398055468532185,1445.8509722657338,adverse_first,volatility_stop,0.002,,4.532023731855788e-05,0.4377426343531305,0.653994776407985,-0.05335621718946282,4.532023731855788e-05,2.266011865927894e-05,2.266011865927894e-05,0.0,0.0,,,,,fractional_return,R,False
ETHUSD,2022-07-27 05:00:00,2022-07-27 05:30:00,2022-07-27 07:30:00,long,0.5,1443.65,1460.4,1443.65,1460.4,2226.365881916229,1381.0327294467018,2226.365881916229,0.04611028194757229,0.0005349961712477688,4.84157960449509e-05,0.00048658037520281795,0.24329018760140897,5,r_trailing_stop,0.4519519894421406,0.0,False,False,1464.122299090029,True,1.0,0.5,15.655401819942137,1464.122299090029,adverse_first,volatility_stop,0.002,,4.841579604495088e-05,0.24329018760140897,0.4519519894421406,0.0,4.841579604495088e-05,2.420789802247544e-05,2.420789802247544e-05,0.0,0.0,,,,,fractional_return,R,False
ETHUSD,2022-07-27 16:30:00,2022-07-27 17:00:00,2022-07-27 17:30:00,long,0.5,1484.95,1498.574393942991,1484.95,1498.574393942991,2272.6166950411166,1421.9366643967107,2272.6166950411166,0.047131293266198256,0.00043242890770821724,4.9487857929508166e-05,0.0003829410497787091,0.19147052488935454,2,r_trailing_stop,0.3911870362678139,-0.09521793986234874,False,False,1498.574393942991,True,1.0,0.5,15.751212114018223,1498.574393942991,adverse_first,volatility_stop,0.002,,4.9487857929508166e-05,0.19147052488935454,0.3911870362678139,-0.09521793986234874,4.9487857929508166e-05,2.4743928964754083e-05,2.4743928964754083e-05,0.0,0.0,,,,,fractional_return,R,False
ETHUSD,2022-07-27 21:30:00,2022-07-27 22:00:00,2022-07-27 22:30:00,long,0.5,1607.8000000000002,1624.2963673447257,1607.8000000000002,1624.2963673447257,2528.535486317426,1534.141161094606,2528.535486317426,0.0436553175122683,0.00044791277163391027,4.5838083387881714e-05,0.00040207468824602857,0.20103734412301427,2,r_trailing_stop,0.37741566949901945,-0.0033940258048504174,False,False,1624.2963673447257,True,1.0,0.5,18.407265310548564,1624.2963673447257,adverse_first,volatility_stop,0.002,,4.58380833878817e-05,0.20103734412301427,0.37741566949901945,-0.0033940258048504174,4.58380833878817e-05,2.291904169394085e-05,2.291904169394085e-05,0.0,0.0,,,,,fractional_return,R,False
ETHUSD,2022-07-27 23:30:00,2022-07-28 00:00:00,2022-07-28 03:00:00,long,0.5,1636.6,1659.5,1636.6,1659.5,2550.098775474727,1563.5200979620217,2550.098775474727,0.04478933206969794,0.0006267112943884236,4.702879867318284e-05,0.0005796824957152408,0.2898412478576204,7,r_trailing_stop,0.5322940906486784,-0.42077232101405715,False,False,1666.364733317072,True,1.0,0.5,18.270533365855826,1666.364733317072,adverse_first,volatility_stop,0.002,,4.7028798673182885e-05,0.2898412478576204,0.5322940906486784,-0.42077232101405715,4.7028798673182885e-05,2.3514399336591442e-05,2.3514399336591442e-05,0.0,0.0,,,,,fractional_return,R,False
ETHUSD,2022-07-28 05:30:00,2022-07-28 06:00:00,2022-07-28 16:00:00,long,0.5,1651.45,1728.15,1651.45,1728.15,2539.7476873079318,1580.3861850153655,2539.7476873079318,0.046477943813094696,0.002158623204132352,4.8801841003749425e-05,0.0021098213631286023,1.054910681564301,21,r_trailing_stop,1.4395511980621833,-0.7795810007101153,False,False,1744.8664849086329,True,1.0,0.5,17.767030182734185,1744.8664849086329,adverse_first,volatility_stop,0.002,,4.8801841003749506e-05,1.054910681564301,1.4395511980621833,-0.7795810007101153,4.8801841003749506e-05,2.4400920501874753e-05,2.4400920501874753e-05,0.0,0.0,,,,,fractional_return,R,False
ETHUSD,2022-07-28 20:30:00,2022-07-28 21:00:00,2022-07-28 22:00:00,short,-0.5,1757.6999999999998,1745.7862878868054,1757.6999999999998,1745.7862878868054,704.1011425059288,1841.9879085995256,704.1011425059288,0.04170704978222443,0.00028269089389320543,4.3792402271335644e-05,0.0002388984916218698,0.1194492458109349,3,r_trailing_stop,0.3482112735700866,-0.17024980496527445,False,False,1745.7862878868054,True,1.0,0.5,21.072575773610787,1745.7862878868054,adverse_first,volatility_stop,0.002,,4.3792402271335644e-05,0.1194492458109349,0.3482112735700866,-0.17024980496527445,4.3792402271335644e-05,2.1896201135667822e-05,2.1896201135667822e-05,0.0,0.0,,,,,fractional_return,R,False
ETHUSD,2022-07-28 22:00:00,2022-07-28 22:30:00,2022-07-29 00:00:00,short,-0.5,1749.05,1725.15,1749.05,1725.15,692.4539216791279,1833.5776862656696,692.4539216791279,0.0413840737223719,0.0005654951899400721,4.345327740849049e-05,0.0005220419125315815,0.26102095626579075,4,r_trailing_stop,0.6187321848089108,-0.01419653196502336,False,False,1724.9641487835631,True,1.0,0.5,21.12829756712595,1724.9641487835631,adverse_first,volatility_stop,0.002,,4.345327740849054e-05,0.26102095626579075,0.6187321848089108,-0.01419653196502336,4.345327740849054e-05,2.172663870424527e-05,2.172663870424527e-05,0.0,0.0,,,,,fractional_return,R,False
ETHUSD,2022-07-29 05:00:00,2022-07-29 05:30:00,2022-07-29 08:30:00,short,-0.5,1725.85,1716.35,1725.85,1716.35,710.4618273562751,1807.081053811498,710.4618273562751,0.04249237007327145,0.00023390069571288102,4.461698857693502e-05,0.000189283707135946,0.09464185356797299,7,r_trailing_stop,0.3988622390051276,-0.3213056925319091,False,False,1703.6044698275157,True,1.0,0.5,20.308939655031725,1703.6044698275157,adverse_first,volatility_stop,0.002,,4.461698857693503e-05,0.09464185356797299,0.3988622390051276,-0.3213056925319091,4.461698857693503e-05,2.2308494288467514e-05,2.2308494288467514e-05,0.0,0.0,,,,,fractional_return,R,False
ETHUSD,2022-07-29 11:00:00,2022-07-29 11:30:00,2022-07-29 12:00:00,short,-0.5,1696.2,1682.15,1696.2,1682.15,709.3400872394443,1775.1487930208446,709.3400872394443,0.04296962461610175,0.00035592691065689755,4.511810584690684e-05,0.0003108088048099907,0.15540440240499537,2,r_trailing_stop,0.34009386302981287,-0.03609934858975534,False,False,1679.8183084510645,True,1.0,0.5,19.736616902128855,1679.8183084510645,adverse_first,volatility_stop,0.002,,4.511810584690684e-05,0.15540440240499537,0.34009386302981287,-0.03609934858975534,4.511810584690684e-05,2.255905292345342e-05,2.255905292345342e-05,0.0,0.0,,,,,fractional_return,R,False
ETHUSD,2022-07-29 13:30:00,2022-07-29 14:00:00,2022-07-29 16:30:00,short,-0.5,1699.75,1679.5033611836748,1699.75,1679.5033611836748,674.4742053505033,1781.7720635719597,674.4742053505033,0.041446165238424475,0.0004936876234176298,4.3518473500345695e-05,0.00045016914991728415,0.22508457495864206,6,r_trailing_stop,0.3718511662809079,-0.5498520524350463,False,False,1679.5033611836748,True,1.0,0.5,20.506722367349713,1679.5033611836748,adverse_first,volatility_stop,0.002,,4.351847350034569e-05,0.22508457495864206,0.3718511662809079,-0.5498520524350463,4.351847350034569e-05,2.1759236750172844e-05,2.1759236750172844e-05,0.0,0.0,,,,,fractional_return,R,False
ETHUSD,2022-07-29 23:00:00,2022-07-29 23:30:00,2022-07-30 00:00:00,short,-0.5,1761.8,1731.4470730538828,1761.8,1731.4470730538828,677.0927054557949,1848.5765835635364,677.0927054557949,0.040605424358750856,0.000699564921771625,4.26356955766884e-05,0.0006569292261949366,0.32846461309746827,2,r_trailing_stop,0.5007111160142259,-0.047247769290181645,False,False,1731.4470730538828,True,1.0,0.5,21.694146107765633,1731.4470730538828,adverse_first,volatility_stop,0.002,,4.263569557668844e-05,0.32846461309746827,0.5007111160142259,-0.047247769290181645,4.263569557668844e-05,2.131784778834422e-05,2.131784778834422e-05,0.0,0.0,,,,,fractional_return,R,False
ETHUSD,2022-07-30 09:30:00,2022-07-30 10:00:00,2022-07-30 13:30:00,long,0.5,1701.3,1727.2302084898986,1701.3,1727.2302084898986,2688.308134690113,1622.3393492247908,2688.308134690113,0.04309235000717977,0.000656788114974351,4.524696750753876e-05,0.0006115411474668121,0.30577057373340605,8,r_trailing_stop,0.45339038683860344,-0.27798656399741284,False,False,1727.2302084898986,True,1.0,0.5,19.739583020202776,1727.2302084898986,adverse_first,volatility_stop,0.002,,4.52469675075388e-05,0.30577057373340605,0.45339038683860344,-0.27798656399741284,4.52469675075388e-05,2.26234837537694e-05,2.26234837537694e-05,0.0,0.0,,,,,fractional_return,R,False
ETHUSD,2022-08-02 14:30:00,2022-08-02 15:00:00,2022-08-02 16:30:00,long,0.5,1624.1,1665.765513777255,1624.1,1665.765513777255,2442.573828388378,1558.6220937289297,2442.573828388378,0.04960757276741354,0.0012726587073436696,5.208795140578421e-05,0.0012205707559378855,0.6102853779689427,4,r_trailing_stop,0.7788886802346198,-0.24512084936795317,False,False,1665.765513777255,True,1.0,0.5,16.368972445490375,1665.765513777255,adverse_first,volatility_stop,0.002,,5.208795140578416e-05,0.6102853779689427,0.7788886802346198,-0.24512084936795317,5.208795140578416e-05,2.604397570289208e-05,2.604397570289208e-05,0.0,0.0,,,,,fractional_return,R,False
ETHUSD,2022-08-03 23:00:00,2022-08-03 23:30:00,2022-08-04 11:00:00,short,-0.5,1613.75,1618.35,1613.75,1618.35,877.5054294196889,1672.649565646425,877.5054294196889,0.05479666894955963,-0.0001561980958438283,5.753650239703761e-05,-0.0002137345982408659,-0.10686729912043295,24,max_holding_close,0.11884637727247635,-0.8404136678553685,False,False,1672.649565646425,False,1.0,0.5,14.72443582081805,,adverse_first,volatility_stop,0.002,,5.753650239703761e-05,-0.10686729912043295,0.11884637727247635,-0.8404136678553685,5.753650239703761e-05,2.8768251198518807e-05,2.8768251198518807e-05,0.0,0.0,,,,,fractional_return,R,False
ETHUSD,2022-08-11 20:00:00,2022-08-11 20:30:00,2022-08-12 03:00:00,long,0.5,1896.65,1903.8,1896.65,1903.8,2739.298841829505,1829.2380926536398,2739.298841829505,0.05627047430226439,0.0002121286959962005,5.9083998017377606e-05,0.00015304469797882287,0.07652234898941143,14,r_trailing_stop,0.2625648894498381,-0.5651820501716932,False,False,1905.9248443084202,True,1.0,0.5,16.85031138315953,1905.9248443084202,adverse_first,volatility_stop,0.002,,5.908399801737762e-05,0.07652234898941143,0.2625648894498381,-0.5651820501716932,5.908399801737762e-05,2.954199900868881e-05,2.954199900868881e-05,0.0,0.0,,,,,fractional_return,R,False
ETHUSD,2022-08-12 09:00:00,2022-08-12 09:30:00,2022-08-12 19:00:00,long,0.5,1901.35,1913.05,1901.35,1913.05,2661.8643599561415,1840.5088512035086,2661.8643599561415,0.06250210713015497,0.0003846081223461355,6.562721248666272e-05,0.00031898090985947277,0.15949045492973637,20,r_trailing_stop,0.4519967249794256,-0.7708598691467272,False,False,1918.6436562479912,True,1.0,0.5,15.212687504017667,1918.6436562479912,adverse_first,volatility_stop,0.002,,6.562721248666272e-05,0.15949045492973637,0.4519967249794256,-0.7708598691467272,6.562721248666272e-05,3.281360624333136e-05,3.281360624333136e-05,0.0,0.0,,,,,fractional_return,R,False
ETHUSD,2022-08-12 19:00:00,2022-08-12 19:30:00,2022-08-12 23:30:00,long,0.5,1926.7,1952.8827262775144,1926.7,1952.8827262775144,2648.4461044923405,1868.9603116406129,2648.4461044923405,0.06673745753554143,0.0009069230202472144,7.00743304123185e-05,0.0008368486898348959,0.4184243449174479,9,r_trailing_stop,0.6936303457462067,-0.14981029939337723,False,False,1952.8827262775144,True,1.0,0.5,14.434547444971157,1952.8827262775144,adverse_first,volatility_stop,0.002,,7.007433041231854e-05,0.4184243449174479,0.6936303457462067,-0.14981029939337723,7.007433041231854e-05,3.503716520615927e-05,3.503716520615927e-05,0.0,0.0,,,,,fractional_return,R,False
ETHUSD,2022-08-12 23:30:00,2022-08-13 00:00:00,2022-08-13 03:00:00,long,0.5,1960.0,1974.1305043708796,1960.0,1974.1305043708796,2681.9679607078433,1902.2425631433725,2681.9679607078433,0.06787004779541553,0.000489305105624959,7.12635501851863e-05,0.0004180415554397727,0.20902077771988634,7,r_trailing_stop,0.36964936745717225,-0.21555665690125672,False,False,1974.1305043708796,True,1.0,0.5,14.438991258240534,1974.1305043708796,adverse_first,volatility_stop,0.002,,7.126355018518627e-05,0.20902077771988634,0.36964936745717225,-0.21555665690125672,7.126355018518627e-05,3.5631775092593134e-05,3.5631775092593134e-05,0.0,0.0,,,,,fractional_return,R,False
ETHUSD,2022-08-13 03:30:00,2022-08-13 04:00:00,2022-08-13 06:30:00,long,0.5,1997.8,2013.361126911491,1997.8,2013.361126911491,2731.7240479981524,1939.0860761601477,2731.7240479981524,0.0680520009341971,0.0005300659841415294,7.145460098090695e-05,0.0004586113831606224,0.2293056915803112,6,r_trailing_stop,0.39002673475651206,-0.18223956602160177,False,False,2013.361126911491,True,1.0,0.5,14.677746177018108,2013.361126911491,adverse_first,volatility_stop,0.002,,7.145460098090695e-05,0.2293056915803112,0.39002673475651206,-0.18223956602160177,7.145460098090695e-05,3.5727300490453475e-05,3.5727300490453475e-05,0.0,0.0,,,,,fractional_return,R,False
ETHUSD,2022-08-13 06:30:00,2022-08-13 07:00:00,2022-08-13 18:30:00,long,0.5,2006.65,1984.45,2006.65,1984.45,2753.4552225606517,1946.9055821951479,2753.4552225606517,0.06717447667008751,-0.0007431656652011766,7.053320050359188e-05,-0.0008136988657047686,-0.4068494328523843,24,max_holding_close,0.09540640296501283,-0.6996469550767861,False,False,1946.9055821951479,False,1.0,0.5,14.933499628651688,,adverse_first,volatility_stop,0.002,,7.053320050359193e-05,-0.4068494328523843,0.09540640296501283,-0.6996469550767861,7.053320050359193e-05,3.5266600251795965e-05,3.5266600251795965e-05,0.0,0.0,,,,,fractional_return,R,False
ETHUSD,2022-08-17 05:00:00,2022-08-17 05:30:00,2022-08-17 08:00:00,short,-0.5,1912.75,1895.729397852763,1912.75,1895.729397852763,1214.737230341183,1968.5910215727054,1214.737230341183,0.06850698451172092,0.0006096092681641261,7.193233373730697e-05,0.0005376769344268191,0.26883846721340954,6,r_trailing_stop,0.5193314732296188,-0.7879512007621803,False,False,1895.729397852763,True,1.0,0.5,13.958795705525995,1895.729397852763,adverse_first,volatility_stop,0.002,,7.193233373730702e-05,0.26883846721340954,0.5193314732296188,-0.7879512007621803,7.193233373730702e-05,3.596616686865351e-05,3.596616686865351e-05,0.0,0.0,,,,,fractional_return,R,False
ETHUSD,2022-08-18 02:00:00,2022-08-18 02:30:00,2022-08-18 10:30:00,long,0.5,1845.35,1852.25,1845.35,1852.25,2628.7215191623195,1782.6802784670144,2628.7215191623195,0.05889127811198966,0.0002202020315781444,6.183584201758914e-05,0.00015836618956055528,0.07918309478027763,17,r_trailing_stop,0.3382813818446867,-0.16914069092234155,False,False,1858.7167090600435,True,1.0,0.5,15.666581879913076,1858.7167090600435,adverse_first,volatility_stop,0.002,,6.183584201758914e-05,0.07918309478027763,0.3382813818446867,-0.16914069092234155,6.183584201758914e-05,3.091792100879457e-05,3.091792100879457e-05,0.0,0.0,,,,,fractional_return,R,False
ETHUSD,2022-08-21 09:00:00,2022-08-21 09:30:00,2022-08-21 21:00:00,short,-0.5,1608.25,1641.35,1608.25,1641.35,833.854166847188,1670.201666652225,833.854166847188,0.05191950715476807,-0.0010685749646030264,5.451548251250647e-05,-0.001123090447115533,-0.5615452235577665,24,max_holding_close,0.10814882572266389,-0.6174168035659501,False,False,1670.201666652225,False,1.0,0.5,15.486954034579446,,adverse_first,volatility_stop,0.002,,5.45154825125065e-05,-0.5615452235577665,0.10814882572266389,-0.6174168035659501,5.45154825125065e-05,2.725774125625325e-05,2.725774125625325e-05,0.0,0.0,,,,,fractional_return,R,False
ETHUSD,2022-08-21 21:00:00,2022-08-21 21:30:00,2022-08-21 22:30:00,short,-0.5,1641.15,1610.05,1641.15,1610.05,912.3885645881296,1699.4509148329498,912.3885645881296,0.056299288088442805,0.0010668786275176427,5.9114252492864944e-05,0.0010077643750247777,0.5038821875123889,3,r_trailing_stop,1.0291433705957904,-0.006003336328473884,False,False,1588.4385025865902,True,1.0,0.5,14.577005173180133,1588.4385025865902,adverse_first,volatility_stop,0.002,,5.9114252492865026e-05,0.5038821875123889,1.0291433705957904,-0.006003336328473884,5.9114252492865026e-05,2.9557126246432513e-05,2.9557126246432513e-05,0.0,0.0,,,,,fractional_return,R,False
ETHUSD,2022-08-21 22:30:00,2022-08-21 23:00:00,2022-08-22 00:30:00,short,-0.5,1618.65,1611.05,1618.65,1611.05,849.9008689030074,1680.1499304877595,849.9008689030074,0.05263908388716526,0.00024715475089887555,5.527103808152352e-05,0.00019188371281735203,0.09594185640867602,4,r_trailing_stop,0.2715450223691538,-0.21138235274245448,False,False,1609.6370165025278,True,1.0,0.5,15.374033005055345,1609.6370165025278,adverse_first,volatility_stop,0.002,,5.527103808152352e-05,0.09594185640867602,0.2715450223691538,-0.21138235274245448,5.527103808152352e-05,2.763551904076176e-05,2.763551904076176e-05,0.0,0.0,,,,,fractional_return,R,False
ETHUSD,2022-08-22 01:00:00,2022-08-22 01:30:00,2022-08-22 04:30:00,short,-0.5,1603.85,1594.25,1603.85,1594.25,833.9194364146329,1665.4444450868293,833.9194364146329,0.052077748171578175,0.00031171642139049695,5.468163558015708e-05,0.00025703478581033987,0.12851739290516995,7,r_trailing_stop,0.30035176019396936,-0.12419951164777798,False,False,1593.0483457670537,True,1.0,0.5,15.396691534107696,1593.0483457670537,adverse_first,volatility_stop,0.002,,5.468163558015708e-05,0.12851739290516995,0.30035176019396936,-0.12419951164777798,5.468163558015708e-05,2.734081779007854e-05,2.734081779007854e-05,0.0,0.0,,,,,fractional_return,R,False
ETHUSD,2022-08-22 04:30:00,2022-08-22 05:00:00,2022-08-22 06:30:00,short,-0.5,1607.75,1597.884599459718,1607.75,1597.884599459718,854.1962916483171,1668.0342966681346,854.1962916483171,0.05333893198922672,0.0003272958659397224,5.600587858868805e-05,0.00027128998735103434,0.13564499367551716,4,r_trailing_stop,0.5059360676944223,-0.039811362703824904,False,False,1597.884599459718,True,1.0,0.5,15.069198919436147,1597.884599459718,adverse_first,volatility_stop,0.002,,5.600587858868805e-05,0.13564499367551716,0.5059360676944223,-0.039811362703824904,5.600587858868805e-05,2.8002939294344026e-05,2.8002939294344026e-05,0.0,0.0,,,,,fractional_return,R,False
ETHUSD,2022-08-22 06:30:00,2022-08-22 07:00:00,2022-08-22 08:30:00,short,-0.5,1584.5,1539.2155733982033,1584.5,1539.2155733982033,837.9190863836557,1644.2264730893075,837.9190863836557,0.05305854901663909,0.0015163937952299288,5.571147646747104e-05,0.0014606823187624577,0.7303411593812288,4,r_trailing_stop,0.9066331427109535,-0.07115772588220767,False,False,1539.2155733982033,True,1.0,0.5,14.931146796406523,1539.2155733982033,adverse_first,volatility_stop,0.002,,5.571147646747112e-05,0.7303411593812288,0.9066331427109535,-0.07115772588220767,5.571147646747112e-05,2.785573823373556e-05,2.785573823373556e-05,0.0,0.0,,,,,fractional_return,R,False
ETHUSD,2022-08-26 13:00:00,2022-08-26 13:30:00,2022-08-26 14:30:00,long,0.5,1688.6999999999998,1660.05,1688.6999999999998,1660.05,2336.994310737401,1636.8364551410077,2336.994310737401,0.06512088614811347,-0.0011048222823138753,6.837693045551913e-05,-0.0011731992127693943,-0.5865996063846971,3,r_trailing_stop,0.2535499653128732,-1.1057863506230536,False,False,1695.366097060406,True,1.0,0.5,12.967805879187685,1695.366097060406,adverse_first,volatility_stop,0.002,,6.837693045551904e-05,-0.5865996063846971,0.2535499653128732,-1.1057863506230536,6.837693045551904e-05,3.418846522775952e-05,3.418846522775952e-05,0.0,0.0,,,,,fractional_return,R,False
ETHUSD,2022-08-26 15:00:00,2022-08-26 15:30:00,2022-08-26 18:00:00,long,0.5,1600.1,1540.0251348301767,1600.1,1540.0251348301767,2351.0358146227895,1540.0251348301767,2351.0358146227895,0.053270198625556396,-0.002,5.593370855683421e-05,-0.002055933708556834,-1.027966854278417,6,stop_loss,0.07573882999384142,-1.0195611729939782,False,False,1540.0251348301767,False,1.0,0.5,15.019184924535011,,adverse_first,volatility_stop,0.002,,5.5933708556834064e-05,-1.027966854278417,0.07573882999384142,-1.0195611729939782,5.5933708556834064e-05,2.7966854278417032e-05,2.7966854278417032e-05,0.0,0.0,,,,,fractional_return,R,False
ETHUSD,2022-08-27 13:00:00,2022-08-27 13:30:00,2022-08-27 16:00:00,short,-0.5,1499.25,1470.2,1499.25,1470.2,786.6707714921795,1556.2563382806256,786.6707714921795,0.0525994142131925,0.001019184914386022,5.522938492385213e-05,0.0009639555294621699,0.48197776473108495,6,r_trailing_stop,0.8928831694018686,-0.12103917227648259,False,False,1463.57484194926,True,1.0,0.5,14.249683898519622,1463.57484194926,adverse_first,volatility_stop,0.002,,5.522938492385208e-05,0.48197776473108495,0.8928831694018686,-0.12103917227648259,5.522938492385208e-05,2.761469246192604e-05,2.761469246192604e-05,0.0,0.0,,,,,fractional_return,R,False
ETHUSD,2022-08-27 16:30:00,2022-08-27 17:00:00,2022-08-27 18:00:00,long,0.5,1469.75,1473.15,1469.75,1473.15,2201.5569982458837,1411.2054401403293,2201.5569982458837,0.050209618230043586,0.00011615084332856432,5.272009914154576e-05,6.343074418701856e-05,0.03171537209350928,3,r_trailing_stop,0.25109079366614834,-0.0785726293104936,False,False,1477.1324281972807,True,1.0,0.5,14.635143605438563,1477.1324281972807,adverse_first,volatility_stop,0.002,,5.272009914154576e-05,0.03171537209350928,0.25109079366614834,-0.0785726293104936,5.272009914154576e-05,2.636004957077288e-05,2.636004957077288e-05,0.0,0.0,,,,,fractional_return,R,False
ETHUSD,2022-08-28 08:30:00,2022-08-28 09:00:00,2022-08-28 11:30:00,short,-0.5,1493.85,1482.5759541999748,1493.85,1482.5759541999748,861.2969217541627,1544.454246259667,861.2969217541627,0.05904049997443163,0.0004455770664846689,6.19925249731532e-05,0.0003835845415115157,0.19179227075575786,6,r_trailing_stop,0.34779690047527906,-0.0039522375054018176,False,False,1482.5759541999748,True,1.0,0.5,12.65190839994973,1482.5759541999748,adverse_first,volatility_stop,0.002,,6.199252497315319e-05,0.19179227075575786,0.34779690047527906,-0.0039522375054018176,6.199252497315319e-05,3.0996262486576595e-05,3.0996262486576595e-05,0.0,0.0,,,,,fractional_return,R,False
ETHUSD,2022-08-28 12:30:00,2022-08-28 13:00:00,2022-08-28 23:30:00,short,-0.5,1468.95,1452.1430946015032,1468.95,1452.1430946015032,864.6816837832332,1517.2914652973413,864.6816837832332,0.060773912870232684,0.0006953411649862106,6.381260851374431e-05,0.0006315285564724663,0.31576427823623315,22,r_trailing_stop,0.926740629901094,-0.5792128936881843,False,False,1452.1430946015032,True,1.0,0.5,12.086189203006768,1452.1430946015032,adverse_first,volatility_stop,0.002,,6.381260851374428e-05,0.31576427823623315,0.926740629901094,-0.5792128936881843,6.381260851374428e-05,3.190630425687214e-05,3.190630425687214e-05,0.0,0.0,,,,,fractional_return,R,False
ETHUSD,2022-08-28 23:30:00,2022-08-29 00:00:00,2022-08-29 00:30:00,long,0.5,1426.35,1432.478626178518,1426.35,1432.478626178518,2033.4448497368953,1377.7824120210482,2033.4448497368953,0.058736703194655494,0.0002523751511470633,6.167353835438827e-05,0.00019070161279267502,0.0953508063963375,2,r_trailing_stop,0.42415118512634,-0.08030046708702218,False,False,1432.478626178518,True,1.0,0.5,12.142747642963947,1432.478626178518,adverse_first,volatility_stop,0.002,,6.167353835438827e-05,0.0953508063963375,0.42415118512634,-0.08030046708702218,6.167353835438827e-05,3.0836769177194134e-05,3.0836769177194134e-05,0.0,0.0,,,,,fractional_return,R,False
ETHUSD,2022-08-29 00:30:00,2022-08-29 01:00:00,2022-08-29 04:00:00,long,0.5,1431.95,1455.9710005331365,1431.95,1455.9710005331365,2049.893107238971,1382.5145514208823,2049.893107238971,0.05793211313570963,0.0009718127871214723,6.082871879249511e-05,0.0009109840683289772,0.4554920341644886,7,r_trailing_stop,0.6108976628717588,-0.07282223795822557,False,False,1455.9710005331365,True,1.0,0.5,12.357998933727153,1455.9710005331365,adverse_first,volatility_stop,0.002,,6.082871879249511e-05,0.4554920341644886,0.6108976628717588,-0.07282223795822557,6.082871879249511e-05,3.0414359396247555e-05,3.0414359396247555e-05,0.0,0.0,,,,,fractional_return,R,False
ETHUSD,2022-08-29 23:00:00,2022-08-29 23:30:00,2022-08-30 00:00:00,long,0.5,1544.15,1552.05,1544.15,1552.05,2185.7363753575833,1492.8230899713935,2185.7363753575833,0.06016921724449729,0.00030783072643947816,6.317767810672215e-05,0.00024465304833275604,0.12232652416637801,2,r_trailing_stop,0.3078307264394832,-0.05650057637180582,False,False,1553.53455168858,True,1.0,0.5,12.830896622840319,1553.53455168858,adverse_first,volatility_stop,0.002,,6.317767810672212e-05,0.12232652416637801,0.3078307264394832,-0.05650057637180582,6.317767810672212e-05,3.158883905336106e-05,3.158883905336106e-05,0.0,0.0,,,,,fractional_return,R,False
ETHUSD,2022-09-06 01:00:00,2022-09-06 01:30:00,2022-09-06 07:00:00,long,0.5,1659.15,1666.65,1659.15,1666.65,2177.235913283285,1617.7031269373374,2177.235913283285,0.0800615282842477,0.0003619090872626665,8.406460469846009e-05,0.0002778444825642064,0.1389222412821032,12,r_trailing_stop,0.4511799954541243,-0.8299781734557256,False,False,1672.6694532166377,True,1.0,0.5,10.361093566724456,1672.6694532166377,adverse_first,volatility_stop,0.002,,8.40646046984601e-05,0.1389222412821032,0.4511799954541243,-0.8299781734557256,8.40646046984601e-05,4.203230234923005e-05,4.203230234923005e-05,0.0,0.0,,,,,fractional_return,R,False
ETHUSD,2022-09-06 07:30:00,2022-09-06 08:00:00,2022-09-06 11:30:00,long,0.5,1658.75,1665.3000000000002,1658.75,1665.3000000000002,2235.1206181314774,1612.6403505494818,2235.1206181314774,0.07194806378999087,0.00028410539130336367,7.55454669794904e-05,0.00020855992432387328,0.10427996216193663,8,r_trailing_stop,0.41639874145224653,-0.24181489412461332,False,False,1672.1864674276603,True,1.0,0.5,11.527065144679574,1672.1864674276603,adverse_first,volatility_stop,0.002,,7.554546697949039e-05,0.10427996216193663,0.41639874145224653,-0.24181489412461332,7.554546697949039e-05,3.7772733489745196e-05,3.7772733489745196e-05,0.0,0.0,,,,,fractional_return,R,False
ETHUSD,2022-09-06 11:30:00,2022-09-06 12:00:00,2022-09-06 12:30:00,long,0.5,1668.3,1678.9,1668.3,1678.9,2254.5500170036216,1621.3999986397102,2254.5500170036216,0.07114285507942651,0.00045202557324337643,7.469999783339783e-05,0.0003773255754099786,0.1886627877049893,2,r_trailing_stop,0.38379529803682744,-0.05330490250511492,False,False,1680.4369725501995,True,1.0,0.5,11.72605489960076,1680.4369725501995,adverse_first,volatility_stop,0.002,,7.469999783339784e-05,0.1886627877049893,0.38379529803682744,-0.05330490250511492,7.469999783339784e-05,3.734999891669892e-05,3.734999891669892e-05,0.0,0.0,,,,,fractional_return,R,False
ETHUSD,2022-09-06 12:30:00,2022-09-06 13:00:00,2022-09-06 17:00:00,long,0.5,1665.85,1618.230498713348,1665.85,1618.230498713348,2261.093766083149,1618.230498713348,2261.093766083149,0.06996503344174874,-0.002,7.346328511383618e-05,-0.0020734632851138364,-1.0367316425569182,9,stop_loss,0.18374824942680956,-1.556085175145894,False,False,1618.230498713348,False,1.0,0.5,11.905232323445347,,adverse_first,volatility_stop,0.002,,7.346328511383636e-05,-1.0367316425569182,0.18374824942680956,-1.556085175145894,7.346328511383636e-05,3.673164255691818e-05,3.673164255691818e-05,0.0,0.0,,,,,fractional_return,R,False
ETHUSD,2022-09-07 17:30:00,2022-09-07 18:00:00,2022-09-07 20:00:00,short,-0.5,1570.05,1623.8773299850523,1570.05,1623.8773299850523,897.2083751868456,1623.8773299850523,897.2083751868456,0.05833653649311594,-0.002,6.125336331777173e-05,-0.0020612533633177716,-1.0306266816588858,5,stop_loss,0.11518312354935249,-1.3886997556958165,False,False,1623.8773299850523,False,1.0,0.5,13.451690325541605,,adverse_first,volatility_stop,0.002,,6.125336331777153e-05,-1.0306266816588858,0.11518312354935249,-1.3886997556958165,6.125336331777153e-05,3.0626681658885765e-05,3.0626681658885765e-05,0.0,0.0,,,,,fractional_return,R,False
ETHUSD,2022-09-07 20:00:00,2022-09-07 20:30:00,2022-09-07 21:00:00,long,0.5,1637.65,1639.6999999999998,1637.65,1639.6999999999998,2371.8935090150685,1578.9105192787947,2371.8935090150685,0.05575977110770725,6.979973179298638e-05,5.854775966309261e-05,1.1251972129893773e-05,0.005625986064946887,2,r_trailing_stop,0.27579406220646924,-0.16428473458595574,False,False,1646.5071164006104,True,1.0,0.5,14.685767198779148,1646.5071164006104,adverse_first,volatility_stop,0.002,,5.854775966309261e-05,0.005625986064946887,0.27579406220646924,-0.16428473458595574,5.854775966309261e-05,2.9273879831546305e-05,2.9273879831546305e-05,0.0,0.0,,,,,fractional_return,R,False
ETHUSD,2022-09-08 00:30:00,2022-09-08 01:00:00,2022-09-08 05:00:00,long,0.5,1627.85,1639.6358624364027,1627.85,1639.6358624364027,2369.218179596029,1568.5405456323176,2369.218179596029,0.0548934404254784,0.0003974362118841121,5.7638112446752314e-05,0.0003397980994373598,0.1698990497186799,9,r_trailing_stop,0.3237257905117758,-0.21581719367451593,False,False,1639.6358624364027,True,1.0,0.5,14.828275127194589,1639.6358624364027,adverse_first,volatility_stop,0.002,,5.7638112446752314e-05,0.1698990497186799,0.3237257905117758,-0.21581719367451593,5.7638112446752314e-05,2.8819056223376157e-05,2.8819056223376157e-05,0.0,0.0,,,,,fractional_return,R,False
ETHUSD,2022-09-08 07:00:00,2022-09-08 07:30:00,2022-09-08 09:00:00,long,0.5,1602.65,1619.2249294861074,1602.65,1619.2249294861074,2305.200914164167,1546.4459268668668,2305.200914164167,0.0570296745648211,0.0005898123948008285,5.9881158293062155e-05,0.0005299312365077664,0.26496561825388315,4,r_trailing_stop,0.4198983932018138,-0.06405229726807597,False,False,1619.2249294861074,True,1.0,0.5,14.050141027785218,1619.2249294861074,adverse_first,volatility_stop,0.002,,5.988115829306216e-05,0.26496561825388315,0.4198983932018138,-0.06405229726807597,5.988115829306216e-05,2.994057914653108e-05,2.994057914653108e-05,0.0,0.0,,,,,fractional_return,R,False
ETHUSD,2022-09-08 10:00:00,2022-09-08 10:30:00,2022-09-08 15:30:00,long,0.5,1633.65,1637.35,1633.65,1637.35,2330.5923816818745,1577.8946094654502,2330.5923816818745,0.05860061186326642,0.0001327225929018295,6.153064245642973e-05,7.119195044539975e-05,0.035595975222699874,11,r_trailing_stop,0.3784387446255067,-0.6277419934546347,False,False,1647.7810025764218,True,1.0,0.5,13.937994847156567,1647.7810025764218,adverse_first,volatility_stop,0.002,,6.153064245642973e-05,0.035595975222699874,0.3784387446255067,-0.6277419934546347,6.153064245642973e-05,3.0765321228214866e-05,3.0765321228214866e-05,0.0,0.0,,,,,fractional_return,R,False
ETHUSD,2022-09-09 04:00:00,2022-09-09 04:30:00,2022-09-09 06:00:00,long,0.5,1696.05,1707.65,1696.05,1707.65,2413.185205431841,1638.6791835654526,2413.185205431841,0.059125879860363294,0.0004043867848118991,6.208217385338146e-05,0.0003423046109585176,0.1711523054792588,4,r_trailing_stop,0.33292187887531205,-0.09063841728542542,False,False,1707.9782251488036,True,1.0,0.5,14.343549702393146,1707.9782251488036,adverse_first,volatility_stop,0.002,,6.208217385338149e-05,0.1711523054792588,0.33292187887531205,-0.09063841728542542,6.208217385338149e-05,3.104108692669074e-05,3.104108692669074e-05,0.0,0.0,,,,,fractional_return,R,False
ETHUSD,2022-09-09 09:00:00,2022-09-09 09:30:00,2022-09-09 11:00:00,long,0.5,1690.45,1704.522304994595,1690.45,1704.522304994595,2383.2400204388427,1635.0267983648926,2383.2400204388427,0.061001528245499176,0.0005078127780218701,6.405160465777413e-05,0.00044376117336409596,0.22188058668204796,4,r_trailing_stop,0.3789026866087375,-0.09562782090601388,False,False,1704.522304994595,True,1.0,0.5,13.855390010809835,1704.522304994595,adverse_first,volatility_stop,0.002,,6.405160465777413e-05,0.22188058668204796,0.3789026866087375,-0.09562782090601388,6.405160465777413e-05,3.2025802328887064e-05,3.2025802328887064e-05,0.0,0.0,,,,,fractional_return,R,False
ETHUSD,2022-09-09 12:00:00,2022-09-09 12:30:00,2022-09-09 13:00:00,long,0.5,1709.25,1729.15,1709.25,1729.15,2391.6213043355383,1654.660295653157,2391.6213043355383,0.06262169837521189,0.0007290752070596611,6.575278329397248e-05,0.0006633224237656886,0.3316612118828443,2,r_trailing_stop,0.6722879421881759,-0.036636945078374665,False,False,1739.1278838540732,True,1.0,0.5,13.644232291853546,1739.1278838540732,adverse_first,volatility_stop,0.002,,6.575278329397252e-05,0.3316612118828443,0.6722879421881759,-0.036636945078374665,6.575278329397252e-05,3.287639164698626e-05,3.287639164698626e-05,0.0,0.0,,,,,fractional_return,R,False
ETHUSD,2022-09-09 13:00:00,2022-09-09 13:30:00,2022-09-09 14:30:00,long,0.5,1714.65,1720.35,1714.65,1720.35,2430.871425596159,1657.3522859523073,2430.871425596159,0.05985055524458732,0.0001989608170146322,6.284308300681668e-05,0.00013611773400781552,0.06805886700390776,3,r_trailing_stop,0.3167665639311959,-0.04188648779255673,False,False,1725.637367809743,True,1.0,0.5,14.3252643805141,1725.637367809743,adverse_first,volatility_stop,0.002,,6.284308300681668e-05,0.06805886700390776,0.3167665639311959,-0.04188648779255673,6.284308300681668e-05,3.142154150340834e-05,3.142154150340834e-05,0.0,0.0,,,,,fractional_return,R,False
ETHUSD,2022-09-09 15:00:00,2022-09-09 15:30:00,2022-09-10 03:00:00,long,0.5,1731.25,1737.9499999999998,1731.25,1737.9499999999998,2442.6268882118165,1674.3398489430547,2442.6268882118165,0.0608415183529448,0.00023545887247058994,6.388359427059204e-05,0.0001715752781999979,0.08578763909999895,24,max_holding_close,0.22930882729413052,-0.6062187388235656,False,False,1674.3398489430547,False,1.0,0.5,14.227127379913602,,adverse_first,volatility_stop,0.002,,6.388359427059203e-05,0.08578763909999895,0.22930882729413052,-0.6062187388235656,6.388359427059203e-05,3.1941797135296015e-05,3.1941797135296015e-05,0.0,0.0,,,,,fractional_return,R,False
ETHUSD,2022-09-14 07:30:00,2022-09-14 08:00:00,2022-09-14 19:30:00,long,0.5,1611.85,1600.05,1611.85,1600.05,2409.1653481888584,1548.0647721448913,2409.1653481888584,0.0505399150932375,-0.00036999162335217464,5.306691084789937e-05,-0.000423058534200074,-0.211529267100037,24,max_holding_close,0.018813133390789275,-0.8152357802675043,False,False,1548.0647721448913,False,1.0,0.5,15.947296579297472,,adverse_first,volatility_stop,0.002,,5.306691084789938e-05,-0.211529267100037,0.018813133390789275,-0.8152357802675043,5.306691084789938e-05,2.653345542394969e-05,2.653345542394969e-05,0.0,0.0,,,,,fractional_return,R,False
ETHUSD,2022-09-14 19:30:00,2022-09-14 20:00:00,2022-09-14 22:30:00,long,0.5,1600.25,1617.75,1600.25,1617.75,2398.0220191935077,1536.4282384645194,2398.0220191935077,0.05014747200640548,0.0005484022872126792,5.265484560672575e-05,0.0004957474416059535,0.24787372080297673,6,r_trailing_stop,0.7332922011872438,-0.10968045744253659,False,False,1619.373277228293,True,1.0,0.5,15.953445543413785,1619.373277228293,adverse_first,volatility_stop,0.002,,5.265484560672577e-05,0.24787372080297673,0.7332922011872438,-0.10968045744253659,5.265484560672577e-05,2.6327422803362885e-05,2.6327422803362885e-05,0.0,0.0,,,,,fractional_return,R,False
ETHUSD,2022-09-14 22:30:00,2022-09-14 23:00:00,2022-09-15 06:00:00,long,0.5,1639.25,1576.0340297166258,1639.25,1576.0340297166258,2429.4496285421774,1576.0340297166258,2429.4496285421774,0.051861894791833105,-0.002,5.4454989531424754e-05,-0.002054454989531425,-1.0272274947657125,15,stop_loss,0.2277905398817756,-1.0163570963474995,False,False,1576.0340297166258,False,1.0,0.5,15.80495710475394,,adverse_first,volatility_stop,0.002,,5.44549895314249e-05,-1.0272274947657125,0.2277905398817756,-1.0163570963474995,5.44549895314249e-05,2.722749476571245e-05,2.722749476571245e-05,0.0,0.0,,,,,fractional_return,R,False
ETHUSD,2022-09-16 08:30:00,2022-09-16 09:00:00,2022-09-16 11:00:00,long,0.5,1451.55,1465.9263047865732,1451.55,1465.9263047865732,2263.975506818108,1386.5559594545514,2263.975506818108,0.04466717218434722,0.000442388399487805,4.690053079356458e-05,0.00039548786869424043,0.1977439343471202,5,r_trailing_stop,0.3461855858040763,-0.013847423432160952,False,False,1465.9263047865732,True,1.0,0.5,16.247390426853737,1465.9263047865732,adverse_first,volatility_stop,0.002,,4.6900530793564594e-05,0.1977439343471202,0.3461855858040763,-0.013847423432160952,4.6900530793564594e-05,2.3450265396782297e-05,2.3450265396782297e-05,0.0,0.0,,,,,fractional_return,R,False
ETHUSD,2022-09-16 11:30:00,2022-09-16 12:00:00,2022-09-16 16:00:00,long,0.5,1478.65,1416.7383656326683,1478.65,1416.7383656326683,2252.5454295916484,1416.7383656326683,2252.5454295916484,0.04776646635515798,-0.001999999999999995,5.015478967291588e-05,-0.0020501547896729106,-1.0250773948364553,9,stop_loss,0.0032304106012318403,-1.0539214586528465,False,False,1416.7383656326683,False,1.0,0.5,15.478955723080743,,adverse_first,volatility_stop,0.002,,5.015478967291577e-05,-1.0250773948364553,0.0032304106012318403,-1.0539214586528465,5.015478967291577e-05,2.5077394836457885e-05,2.5077394836457885e-05,0.0,0.0,,,,,fractional_return,R,False
ETHUSD,2022-09-16 16:00:00,2022-09-16 16:30:00,2022-09-16 21:30:00,long,0.5,1424.35,1439.8309443760645,1424.35,1439.8309443760645,2256.3139633479527,1357.7928829321636,2256.3139633479527,0.042800832209973175,0.00046519275647970403,4.494087382047183e-05,0.00042025188265923223,0.21012594132961612,11,r_trailing_stop,0.3575876036779471,-0.2742005784505246,False,False,1439.8309443760645,True,1.0,0.5,16.63811124787128,1439.8309443760645,adverse_first,volatility_stop,0.002,,4.4940873820471805e-05,0.21012594132961612,0.3575876036779471,-0.2742005784505246,4.4940873820471805e-05,2.2470436910235902e-05,2.2470436910235902e-05,0.0,0.0,,,,,fractional_return,R,False
ETHUSD,2022-09-17 00:00:00,2022-09-17 00:30:00,2022-09-17 12:30:00,long,0.5,1448.8,1424.85,1448.8,1424.85,2227.3354573652146,1386.5171634107828,2227.3354573652146,0.046523250363674856,-0.0007690722295762117,4.88494128818586e-05,-0.0008179216424580702,-0.4089608212290351,24,max_holding_close,0.12202398632107106,-0.6285840874302407,False,False,1386.5171634107828,False,1.0,0.5,15.571246881007296,,adverse_first,volatility_stop,0.002,,4.884941288185859e-05,-0.4089608212290351,0.12202398632107106,-0.6285840874302407,4.884941288185859e-05,2.4424706440929296e-05,2.4424706440929296e-05,0.0,0.0,,,,,fractional_return,R,False
ETHUSD,2022-09-27 17:30:00,2022-09-27 18:00:00,2022-09-28 03:00:00,short,-0.5,1314.15,1277.15,1314.15,1277.15,755.6245314256289,1358.8320374859497,755.6245314256289,0.05882229521933666,0.0016561465001068822,6.176340998030349e-05,0.0015943830901265787,0.7971915450632894,19,r_trailing_stop,1.0429246879051475,-0.5818893108483638,False,False,1273.1356799982902,True,1.0,0.5,11.171359996580447,1273.1356799982902,adverse_first,volatility_stop,0.002,,6.176340998030345e-05,0.7971915450632894,1.0429246879051475,-0.5818893108483638,6.176340998030345e-05,3.0881704990151724e-05,3.0881704990151724e-05,0.0,0.0,,,,,fractional_return,R,False
ETHUSD,2022-09-28 06:00:00,2022-09-28 06:30:00,2022-09-28 10:30:00,long,0.5,1285.55,1294.5794007027957,1285.55,1294.5794007027957,1842.6532459614798,1240.9817403230816,1842.6532459614798,0.057689037414479886,0.0004051942242416981,6.0573489285203876e-05,0.00034462073495649423,0.1723103674782471,9,r_trailing_stop,0.5766435617253843,-0.6955622728983223,False,False,1294.5794007027957,True,1.0,0.5,11.141198594408896,1294.5794007027957,adverse_first,volatility_stop,0.002,,6.0573489285203896e-05,0.1723103674782471,0.5766435617253843,-0.6955622728983223,6.0573489285203896e-05,3.0286744642601948e-05,3.0286744642601948e-05,0.0,0.0,,,,,fractional_return,R,False
ETHUSD,2022-09-29 00:30:00,2022-09-29 01:00:00,2022-09-29 02:00:00,long,0.5,1334.2,1344.55,1334.2,1344.55,1926.4207560110838,1286.8223395191133,1926.4207560110838,0.05632190304281693,0.00043691477776432137,5.9137998194957775e-05,0.0003777767795693636,0.1888883897846818,3,r_trailing_stop,0.3725384457748873,-0.07704052844636732,False,False,1345.9275702198172,True,1.0,0.5,11.84485956036523,1345.9275702198172,adverse_first,volatility_stop,0.002,,5.913799819495775e-05,0.1888883897846818,0.3725384457748873,-0.07704052844636732,5.913799819495775e-05,2.9568999097478874e-05,2.9568999097478874e-05,0.0,0.0,,,,,fractional_return,R,False
ETHUSD,2022-10-03 07:00:00,2022-10-03 07:30:00,2022-10-03 13:30:00,long,0.5,1293.8,1305.8,1293.8,1305.8,1660.2149026200175,1264.4868077903986,1660.2149026200175,0.0882742480415505,0.0008187439917287174,9.268796044362802e-05,0.0007260560312850894,0.3630280156425447,13,r_trailing_stop,0.5952951106527535,-0.2575632140646562,False,False,1307.5857094922576,True,1.0,0.5,7.32858101548489,1307.5857094922576,adverse_first,volatility_stop,0.002,,9.268796044362799e-05,0.3630280156425447,0.5952951106527535,-0.2575632140646562,9.268796044362799e-05,4.6343980221813996e-05,4.6343980221813996e-05,0.0,0.0,,,,,fractional_return,R,False
ETHUSD,2022-10-03 14:00:00,2022-10-03 14:30:00,2022-10-03 15:30:00,long,0.5,1318.0,1323.9939318714457,1318.0,1323.9939318714457,1688.6490024458617,1288.348079804331,1688.6490024458617,0.08889812135623593,0.00040428625410378935,9.334302742404771e-05,0.00031094322667974165,0.15547161333987083,3,r_trailing_stop,0.3271288987691473,-0.05227317454559251,False,False,1323.9939318714457,True,1.0,0.5,7.412136257107981,1323.9939318714457,adverse_first,volatility_stop,0.002,,9.33430274240477e-05,0.15547161333987083,0.3271288987691473,-0.05227317454559251,9.33430274240477e-05,4.667151371202385e-05,4.667151371202385e-05,0.0,0.0,,,,,fractional_return,R,False
ETHUSD,2022-10-03 15:30:00,2022-10-03 16:00:00,2022-10-03 17:30:00,long,0.5,1319.2,1324.2217028690063,1319.2,1324.2217028690063,1692.0438352793456,1289.3724931776524,1692.0438352793456,0.0884552643207589,0.00033671623303385066,9.287802753679683e-05,0.00024383820549705383,0.12191910274852691,4,r_trailing_stop,0.3402899230047337,-0.1290754880362846,False,False,1324.2217028690063,True,1.0,0.5,7.4565942619875045,1324.2217028690063,adverse_first,volatility_stop,0.002,,9.287802753679683e-05,0.12191910274852691,0.3402899230047337,-0.1290754880362846,9.287802753679683e-05,4.6439013768398416e-05,4.6439013768398416e-05,0.0,0.0,,,,,fractional_return,R,False
ETHUSD,2022-10-03 19:00:00,2022-10-03 19:30:00,2022-10-03 23:30:00,long,0.5,1317.3,1323.7084418059158,1317.3,1323.7084418059158,1691.4416281135752,1287.368669750914,1691.4416281135752,0.08802148043789165,0.0004282096219971004,9.242255445978623e-05,0.00033578706753731416,0.16789353376865707,9,r_trailing_stop,0.34913249471493757,-0.1453326652641091,False,False,1323.7084418059158,True,1.0,0.5,7.483116388168746,1323.7084418059158,adverse_first,volatility_stop,0.002,,9.242255445978623e-05,0.16789353376865707,0.34913249471493757,-0.1453326652641091,9.242255445978623e-05,4.621127722989312e-05,4.621127722989312e-05,0.0,0.0,,,,,fractional_return,R,False
ETHUSD,2022-10-04 19:00:00,2022-10-04 19:30:00,2022-10-05 07:00:00,short,-0.5,1352.3,1352.95,1352.3,1352.95,1006.1982981583103,1379.9881361473351,1006.1982981583103,0.09768082566512165,-4.695151717987492e-05,0.00010256486694837773,-0.00014951638412825265,-0.07475819206412633,24,max_holding_close,0.12460210328502334,-0.6121755509220648,False,False,1379.9881361473351,False,1.0,0.5,6.922290129938954,,adverse_first,volatility_stop,0.002,,0.00010256486694837773,-0.07475819206412633,0.12460210328502334,-0.6121755509220648,0.00010256486694837773,5.1282433474188864e-05,5.1282433474188864e-05,0.0,0.0,,,,,fractional_return,R,False
ETHUSD,2022-10-06 04:00:00,2022-10-06 04:30:00,2022-10-06 06:30:00,short,-0.5,1376.65,1367.9432046756074,1376.65,1367.9432046756074,1007.3429562299048,1406.1945635016077,1007.3429562299048,0.09319142588957806,0.0005894008435033388,9.785099718405696e-05,0.0004915498463192819,0.24577492315964095,5,r_trailing_stop,0.4467827050239475,-0.044001327009932534,False,False,1367.9432046756074,True,1.0,0.5,7.386409351214695,1367.9432046756074,adverse_first,volatility_stop,0.002,,9.785099718405692e-05,0.24577492315964095,0.4467827050239475,-0.044001327009932534,9.785099718405692e-05,4.892549859202846e-05,4.892549859202846e-05,0.0,0.0,,,,,fractional_return,R,False
ETHUSD,2022-10-06 08:00:00,2022-10-06 08:30:00,2022-10-06 12:30:00,long,0.5,1360.05,1369.3,1360.05,1369.3,1725.7904010789468,1330.7907679136842,1725.7904010789468,0.09296552937464697,0.0006322790682074,9.761380584337932e-05,0.0005346652623640207,0.26733263118201034,9,r_trailing_stop,0.6322790682074084,-0.16405078526462333,False,False,1370.792327003923,True,1.0,0.5,7.31534599215412,1370.792327003923,adverse_first,volatility_stop,0.002,,9.76138058433793e-05,0.26733263118201034,0.6322790682074084,-0.16405078526462333,9.76138058433793e-05,4.880690292168965e-05,4.880690292168965e-05,0.0,0.0,,,,,fractional_return,R,False
ETHUSD,2022-10-06 12:30:00,2022-10-06 13:00:00,2022-10-06 13:30:00,short,-0.5,1367.85,1363.9300695777783,1367.85,1363.9300695777783,1009.8168516155797,1396.4926518707534,1009.8168516155797,0.09551140768475294,0.00027371281401664273,0.00010028697806899058,0.00017342583594765214,0.08671291797382606,2,r_trailing_stop,0.2618472630901229,-0.4364121051502049,False,False,1363.9300695777783,True,1.0,0.5,7.160139155556798,1363.9300695777783,adverse_first,volatility_stop,0.002,,0.0001002869780689906,0.08671291797382606,0.2618472630901229,-0.4364121051502049,0.0001002869780689906,5.01434890344953e-05,5.01434890344953e-05,0.0,0.0,,,,,fractional_return,R,False
ETHUSD,2022-10-06 21:00:00,2022-10-06 21:30:00,2022-10-07 09:00:00,long,0.5,1357.0,1357.75,1357.0,1357.75,1737.0419125938788,1326.5966469924897,1737.0419125938788,0.08926647002814399,4.933666361171675e-05,9.372979352955119e-05,-4.439312991783444e-05,-0.02219656495891722,24,max_holding_close,0.152943657196344,-0.36015764436557873,False,False,1326.5966469924897,False,1.0,0.5,7.6013983468897495,,adverse_first,volatility_stop,0.002,,9.372979352955119e-05,-0.02219656495891722,0.152943657196344,-0.36015764436557873,9.372979352955119e-05,4.6864896764775594e-05,4.6864896764775594e-05,0.0,0.0,,,,,fractional_return,R,False
ETHUSD,2022-10-11 01:00:00,2022-10-11 01:30:00,2022-10-11 02:00:00,short,-0.5,1280.2,1275.85,1280.2,1275.85,992.9414695406333,1303.1806824367493,992.9414695406333,0.11141531619207098,0.00037857883567843413,0.00011698608200167453,0.0002615927536767596,0.1307963768383798,2,r_trailing_stop,0.4264451252469516,-0.002175740434931458,False,False,1274.5228096034107,True,1.0,0.5,5.745619206821048,1274.5228096034107,adverse_first,volatility_stop,0.002,,0.00011698608200167452,0.1307963768383798,0.4264451252469516,-0.002175740434931458,0.00011698608200167452,5.849304100083726e-05,5.849304100083726e-05,0.0,0.0,,,,,fractional_return,R,False
ETHUSD,2022-10-11 09:30:00,2022-10-11 10:00:00,2022-10-11 14:00:00,short,-0.5,1280.55,1276.7988393105923,1280.55,1276.7988393105923,1015.6763974257744,1301.739888205938,1015.6763974257744,0.12086425256751959,0.0003540519565701604,0.00012690746519589555,0.00022714449137426485,0.11357224568713242,9,r_trailing_stop,0.5521501522939278,-0.6606924899243556,False,False,1276.7988393105923,True,1.0,0.5,5.297678621184125,1276.7988393105923,adverse_first,volatility_stop,0.002,,0.00012690746519589555,0.11357224568713242,0.5521501522939278,-0.6606924899243556,0.00012690746519589555,6.345373259794778e-05,6.345373259794778e-05,0.0,0.0,,,,,fractional_return,R,False
ETHUSD,2022-10-12 09:00:00,2022-10-12 09:30:00,2022-10-12 12:00:00,short,-0.5,1303.65,1300.3048059012237,1303.65,1300.3048059012237,1028.1905426819344,1325.6867565854454,1028.1905426819344,0.11831595951475267,0.0003036013113641005,0.0001242317574904903,0.0001793695538736102,0.0896847769368051,6,r_trailing_stop,0.31084429205540925,-0.11798469479474741,False,False,1300.3048059012237,True,1.0,0.5,5.5096118024473775,1300.3048059012237,adverse_first,volatility_stop,0.002,,0.0001242317574904903,0.0896847769368051,0.31084429205540925,-0.11798469479474741,0.0001242317574904903,6.211587874524515e-05,6.211587874524515e-05,0.0,0.0,,,,,fractional_return,R,False
ETHUSD,2022-10-13 10:00:00,2022-10-13 10:30:00,2022-10-13 12:00:00,long,0.5,1242.55,1243.1,1242.55,1243.1,1516.8812653223983,1220.603498774208,1516.8812653223983,0.11323445019470674,5.0121884517390704e-05,0.00011889617270444206,-6.877428818705136e-05,-0.03438714409352568,4,r_trailing_stop,1.1414120065097528,-0.9956028879136942,False,False,1249.4065770539064,True,1.0,0.5,5.486845892187425,1249.4065770539064,adverse_first,volatility_stop,0.002,,0.00011889617270444206,-0.03438714409352568,1.1414120065097528,-0.9956028879136942,0.00011889617270444206,5.944808635222103e-05,5.944808635222103e-05,0.0,0.0,,,,,fractional_return,R,False
ETHUSD,2022-10-14 10:00:00,2022-10-14 10:30:00,2022-10-14 13:00:00,long,0.5,1332.6,1338.7858470533865,1332.6,1338.7858470533865,1749.0309284789487,1299.285525721684,1749.0309284789487,0.08000126244629817,0.000371360928688758,8.400132556861307e-05,0.0002873596031201449,0.14367980156007246,6,r_trailing_stop,0.31067577154404846,-0.2746553922345927,False,False,1338.7858470533865,True,1.0,0.5,8.328305893227059,1338.7858470533865,adverse_first,volatility_stop,0.002,,8.400132556861308e-05,0.14367980156007246,0.31067577154404846,-0.2746553922345927,8.400132556861308e-05,4.200066278430654e-05,4.200066278430654e-05,0.0,0.0,,,,,fractional_return,R,False
ETHUSD,2022-10-14 13:30:00,2022-10-14 14:00:00,2022-10-14 18:30:00,long,0.5,1330.45,1296.8598981714808,1330.45,1296.8598981714808,1750.3262728564907,1296.8598981714808,1750.3262728564907,0.079216788730923,-0.002,8.317762816746914e-05,-0.0020831776281674693,-1.0415888140837346,10,stop_loss,0.011908269943386987,-1.0836525648485882,False,False,1296.8598981714808,False,1.0,0.5,8.400681456015311,,adverse_first,volatility_stop,0.002,,8.317762816746925e-05,-1.0415888140837346,0.011908269943386987,-1.0836525648485882,8.317762816746925e-05,4.1588814083734623e-05,4.1588814083734623e-05,0.0,0.0,,,,,fractional_return,R,False
ETHUSD,2022-10-14 21:00:00,2022-10-14 21:30:00,2022-10-15 09:30:00,long,0.5,1295.35,1280.15,1295.35,1280.15,1727.6213280166498,1260.7682937586678,1727.6213280166498,0.07491533187866826,-0.0008790775038064989,7.866109847260168e-05,-0.0009577386022791006,-0.4788693011395503,24,max_holding_close,0.17928554353948561,-0.5176147144123847,False,False,1260.7682937586678,False,1.0,0.5,8.645093017817524,,adverse_first,volatility_stop,0.002,,7.866109847260165e-05,-0.4788693011395503,0.17928554353948561,-0.5176147144123847,7.866109847260165e-05,3.9330549236300826e-05,3.9330549236300826e-05,0.0,0.0,,,,,fractional_return,R,False
ETHUSD,2022-10-15 21:00:00,2022-10-15 21:30:00,2022-10-16 02:00:00,long,0.5,1276.6,1283.1,1276.6,1283.1,1572.3273402856662,1252.9418127771467,1572.3273402856662,0.1079203565323747,0.0005494926503685093,0.00011331637435899343,0.0004361762760095159,0.21808813800475793,10,r_trailing_stop,0.4057791879644422,-0.5262448843913707,False,False,1283.2426106329613,True,1.0,0.5,5.9147787340777676,1283.2426106329613,adverse_first,volatility_stop,0.002,,0.00011331637435899343,0.21808813800475793,0.4057791879644422,-0.5262448843913707,0.00011331637435899343,5.6658187179496714e-05,5.6658187179496714e-05,0.0,0.0,,,,,fractional_return,R,False
ETHUSD,2022-10-16 21:30:00,2022-10-16 22:00:00,2022-10-16 22:30:00,long,0.5,1293.45,1307.3000000000002,1293.45,1307.3000000000002,1552.988576155901,1272.686913907528,1552.988576155901,0.12459130538103938,0.0013340984031291736,0.00013082087065009135,0.0012032775324790823,0.6016387662395412,2,r_trailing_stop,1.0258590608899174,-0.10836539375598837,False,False,1308.30461429323,True,1.0,0.5,5.190771413540154,1308.30461429323,adverse_first,volatility_stop,0.002,,0.00013082087065009133,0.6016387662395412,1.0258590608899174,-0.10836539375598837,0.00013082087065009133,6.541043532504566e-05,6.541043532504566e-05,0.0,0.0,,,,,fractional_return,R,False
ETHUSD,2022-10-16 22:30:00,2022-10-16 23:00:00,2022-10-17 07:30:00,long,0.5,1308.3,1310.2,1308.3,1310.2,1586.646858692821,1286.0322513045742,1586.646858692821,0.1175062659359682,0.0001706503900316122,0.0001233815792327666,4.726881079884559e-05,0.023634405399422798,18,r_trailing_stop,0.28067498360460075,-0.554613767602687,False,False,1311.166424901799,True,1.0,0.5,5.567150196402,1311.166424901799,adverse_first,volatility_stop,0.002,,0.0001233815792327666,0.023634405399422798,0.28067498360460075,-0.554613767602687,0.0001233815792327666,6.16907896163833e-05,6.16907896163833e-05,0.0,0.0,,,,,fractional_return,R,False
ETHUSD,2022-10-21 08:30:00,2022-10-21 09:00:00,2022-10-21 12:30:00,short,-0.5,1278.25,1264.3000000000002,1278.25,1264.3000000000002,999.6719367713667,1300.5362450582907,999.6719367713667,0.11471201152609428,0.0012518932609340884,0.000120447612102399,0.0011314456488316894,0.5657228244158446,8,r_trailing_stop,1.0836280376902747,-0.16377815062399945,False,False,1256.8858896588272,True,1.0,0.5,5.571779317654539,1256.8858896588272,adverse_first,volatility_stop,0.002,,0.00012044761210239902,0.5657228244158446,1.0836280376902747,-0.16377815062399945,0.00012044761210239902,6.022380605119951e-05,6.022380605119951e-05,0.0,0.0,,,,,fractional_return,R,False
ETHUSD,2022-10-23 22:30:00,2022-10-23 23:00:00,2022-10-23 23:30:00,short,-0.5,1365.35,1361.7618642682226,1365.35,1361.7618642682226,1129.1462754210456,1384.2462979663162,1129.1462754210456,0.1445097873068904,0.0003797712904584114,0.0001517352766722349,0.00022803601378617647,0.11401800689308823,2,r_trailing_stop,0.31487649118393585,-0.1481771723218663,False,False,1361.7618642682226,True,1.0,0.5,4.723728536444936,1361.7618642682226,adverse_first,volatility_stop,0.002,,0.0001517352766722349,0.11401800689308823,0.31487649118393585,-0.1481771723218663,0.0001517352766722349,7.586763833611745e-05,7.586763833611745e-05,0.0,0.0,,,,,fractional_return,R,False
ETHUSD,2022-10-24 00:30:00,2022-10-24 01:00:00,2022-10-24 01:30:00,short,-0.5,1360.8,1356.6,1360.8,1356.6,1109.9891531087458,1380.8648677513004,1109.9891531087458,0.13564006669436546,0.0004186421811554508,0.00014242207002908373,0.0002762201111263671,0.13811005556318354,2,r_trailing_stop,0.39123108596074063,-0.09220095656400407,False,False,1356.5582006796799,True,1.0,0.5,5.01640135935996,1356.5582006796799,adverse_first,volatility_stop,0.002,,0.00014242207002908373,0.13811005556318354,0.39123108596074063,-0.09220095656400407,0.00014242207002908373,7.121103501454186e-05,7.121103501454186e-05,0.0,0.0,,,,,fractional_return,R,False
ETHUSD,2022-10-24 05:00:00,2022-10-24 05:30:00,2022-10-24 06:00:00,short,-0.5,1346.7,1342.95,1346.7,1342.95,1090.1771100024228,1367.2218311998063,1090.1771100024228,0.13124559761632956,0.0003654644620637394,0.00013780787749714604,0.00022765658456659336,0.11382829228329668,2,r_trailing_stop,0.3532823133282792,0.0,False,False,1342.0153242191918,True,1.0,0.5,5.130648438383475,1342.0153242191918,adverse_first,volatility_stop,0.002,,0.00013780787749714604,0.11382829228329668,0.3532823133282792,0.0,0.00013780787749714604,6.890393874857302e-05,6.890393874857302e-05,0.0,0.0,,,,,fractional_return,R,False
ETHUSD,2022-10-24 06:30:00,2022-10-24 07:00:00,2022-10-24 08:00:00,short,-0.5,1338.85,1336.95,1338.85,1336.95,1076.8287007078993,1359.811703943368,1076.8287007078993,0.12774247776966538,0.0001812829725229497,0.00013412960165814865,4.7153370864801055e-05,0.02357668543240053,3,r_trailing_stop,0.2957774814848192,-0.2719244587844407,False,False,1335.2698215640296,True,1.0,0.5,5.23964312805888,1335.2698215640296,adverse_first,volatility_stop,0.002,,0.00013412960165814865,0.02357668543240053,0.2957774814848192,-0.2719244587844407,0.00013412960165814865,6.706480082907433e-05,6.706480082907433e-05,0.0,0.0,,,,,fractional_return,R,False
ETHUSD,2022-10-24 08:00:00,2022-10-24 08:30:00,2022-10-24 14:30:00,short,-0.5,1335.9,1329.5,1335.9,1329.5,1068.1318757954054,1357.3214499363676,1068.1318757954054,0.12472545079518815,0.0005975319148807665,0.00013096172333494754,0.00046657019154581895,0.23328509577290946,13,r_trailing_stop,0.5391791888181945,-0.8752908909386137,False,False,1327.0277814782464,True,1.0,0.5,5.355562956492844,1327.0277814782464,adverse_first,volatility_stop,0.002,,0.00013096172333494757,0.23328509577290946,0.5391791888181945,-0.8752908909386137,0.00013096172333494757,6.548086166747379e-05,6.548086166747379e-05,0.0,0.0,,,,,fractional_return,R,False
ETHUSD,2022-10-24 15:00:00,2022-10-24 15:30:00,2022-10-24 16:30:00,long,0.5,1336.25,1338.5,1336.25,1338.5,1640.2002195024397,1311.9339824398048,1640.2002195024397,0.10990697771064402,0.0001850631991385941,0.00011540232659617621,6.96608725424179e-05,0.03483043627120895,3,r_trailing_stop,0.29610111862175564,-0.10281288841033116,False,False,1340.4102702314365,True,1.0,0.5,6.079459537127357,1340.4102702314365,adverse_first,volatility_stop,0.002,,0.00011540232659617621,0.03483043627120895,0.29610111862175564,-0.10281288841033116,0.00011540232659617621,5.770116329808811e-05,5.770116329808811e-05,0.0,0.0,,,,,fractional_return,R,False
ETHUSD,2022-10-24 17:00:00,2022-10-24 17:30:00,2022-10-24 19:30:00,long,0.5,1331.15,1347.05,1331.15,1347.05,1635.0034640299623,1306.8417228776032,1635.0034640299623,0.10952236501973356,0.001308196374423436,0.00011499848327072023,0.0011931978911527159,0.596598945576358,5,r_trailing_stop,0.8968138667431135,-0.004113825076808894,False,False,1349.9115794623492,True,1.0,0.5,6.07684107530178,1349.9115794623492,adverse_first,volatility_stop,0.002,,0.00011499848327072015,0.596598945576358,0.8968138667431135,-0.004113825076808894,0.00011499848327072015,5.7499241635360077e-05,5.7499241635360077e-05,0.0,0.0,,,,,fractional_return,R,False
ETHUSD,2022-10-24 20:00:00,2022-10-24 20:30:00,2022-10-24 21:30:00,long,0.5,1348.9,1348.5,1348.9,1348.5,1654.810111181438,1324.427191105485,1654.810111181438,0.1102366308513382,-3.2689341196935395e-05,0.0001157484623939051,-0.00014843780359084048,-0.07421890179542023,3,r_trailing_stop,0.40453059731197866,-0.1348435324373324,False,False,1355.7410123058191,True,1.0,0.5,6.11797538836224,1355.7410123058191,adverse_first,volatility_stop,0.002,,0.00011574846239390508,-0.07421890179542023,0.40453059731197866,-0.1348435324373324,0.00011574846239390508,5.787423119695254e-05,5.787423119695254e-05,0.0,0.0,,,,,fractional_return,R,False
ETHUSD,2022-10-24 22:00:00,2022-10-24 22:30:00,2022-10-25 04:30:00,long,0.5,1344.9,1346.05,1344.9,1346.05,1657.1199573274703,1319.9224034138024,1657.1199573274703,0.1076885036043203,9.208251851062994e-05,0.0001130729287845363,-2.099041027390636e-05,-0.01049520513695318,13,r_trailing_stop,0.25022423508327735,-0.38434442508791944,False,False,1348.0279164056606,True,1.0,0.5,6.244167188679047,1348.0279164056606,adverse_first,volatility_stop,0.002,,0.0001130729287845363,-0.01049520513695318,0.25022423508327735,-0.38434442508791944,0.0001130729287845363,5.653646439226815e-05,5.653646439226815e-05,0.0,0.0,,,,,fractional_return,R,False
ETHUSD,2022-10-25 13:30:00,2022-10-25 14:00:00,2022-10-25 14:30:00,long,0.5,1382.4,1381.0,1382.4,1381.0,1674.3972574710847,1359.0402194023134,1674.3972574710847,0.1183572760214104,-0.00011986413948927899,0.0001242751398224809,-0.0002441392793117599,-0.12206963965587996,2,r_trailing_stop,0.2611325896016327,-0.19906008879469408,False,False,1385.5801329465487,True,1.0,0.5,5.8397341069025375,1385.5801329465487,adverse_first,volatility_stop,0.002,,0.00012427513982248093,-0.12206963965587996,0.2611325896016327,-0.19906008879469408,0.00012427513982248093,6.213756991124047e-05,6.213756991124047e-05,0.0,0.0,,,,,fractional_return,R,False
ETHUSD,2022-10-25 14:30:00,2022-10-25 15:00:00,2022-10-25 15:30:00,long,0.5,1382.3000000000002,1391.2,1382.3000000000002,1391.2,1681.7948743493298,1358.3404100520538,1681.7948743493298,0.115385948006884,0.0007429175557124106,0.00012115524540722819,0.0006217623103051825,0.31088115515259124,2,r_trailing_stop,1.4879219584914267,-0.0020868470666154915,False,False,1398.9549430030063,True,1.0,0.5,5.99011399398772,1398.9549430030063,adverse_first,volatility_stop,0.002,,0.00012115524540722814,0.31088115515259124,1.4879219584914267,-0.0020868470666154915,0.00012115524540722814,6.057762270361407e-05,6.057762270361407e-05,0.0,0.0,,,,,fractional_return,R,False
ETHUSD,2022-10-27 11:00:00,2022-10-27 11:30:00,2022-10-27 13:00:00,short,-0.5,1553.95,1571.55,1553.95,1571.55,901.7424139075913,1606.1266068873927,901.7424139075913,0.059565007872348905,-0.0006746318340701603,6.254325826596634e-05,-0.0007371750923361267,-0.36858754616806333,4,r_trailing_stop,0.25586178934195675,-0.4465602765294022,False,False,1547.1222854419975,True,1.0,0.5,13.04457088399534,1547.1222854419975,adverse_first,volatility_stop,0.002,,6.254325826596631e-05,-0.36858754616806333,0.25586178934195675,-0.4465602765294022,6.254325826596631e-05,3.1271629132983156e-05,3.1271629132983156e-05,0.0,0.0,,,,,fractional_return,R,False
ETHUSD,2022-10-28 02:00:00,2022-10-28 02:30:00,2022-10-28 14:00:00,long,0.5,1516.8,1540.85,1516.8,1540.85,2206.6218780755994,1461.614249753952,2206.6218780755994,0.05497071230298705,0.0008716018136121007,5.77192479181364e-05,0.0008138825656939643,0.4069412828469821,24,r_trailing_stop,0.600698547219154,-0.6315036009226971,False,False,1543.0515537698598,True,1.0,0.5,13.79689246028044,1543.0515537698598,adverse_first,volatility_stop,0.002,,5.7719247918136454e-05,0.4069412828469821,0.600698547219154,-0.6315036009226971,5.7719247918136454e-05,2.8859623959068227e-05,2.8859623959068227e-05,0.0,0.0,,,,,fractional_return,R,False
ETHUSD,2022-11-04 14:00:00,2022-11-04 14:30:00,2022-11-04 15:00:00,long,0.5,1655.0,1660.4,1655.0,1660.4,2244.7041872376576,1607.8236650209874,2244.7041872376576,0.07016229644529452,0.00022892833885473893,7.367041126755924e-05,0.0001552579275871797,0.07762896379358986,2,r_trailing_stop,0.25860423463220433,-0.2172699512278758,False,False,1661.3034925465004,True,1.0,0.5,11.793014906999455,1661.3034925465004,adverse_first,volatility_stop,0.002,,7.367041126755922e-05,0.07762896379358986,0.25860423463220433,-0.2172699512278758,7.367041126755922e-05,3.683520563377961e-05,3.683520563377961e-05,0.0,0.0,,,,,fractional_return,R,False
ETHUSD,2022-11-04 15:00:00,2022-11-04 15:30:00,2022-11-05 01:00:00,long,0.5,1645.25,1658.3000000000002,1645.25,1658.3000000000002,2241.848432486644,1597.5221254010685,2241.848432486644,0.06894294010891623,0.0005468502467232197,7.239008711436203e-05,0.0004744601596088577,0.23723007980442884,20,r_trailing_stop,0.45675614477264437,-0.7731331074362605,False,False,1661.0841970638974,True,1.0,0.5,11.931605872205644,1661.0841970638974,adverse_first,volatility_stop,0.002,,7.239008711436203e-05,0.23723007980442884,0.45675614477264437,-0.7731331074362605,7.239008711436203e-05,3.6195043557181016e-05,3.6195043557181016e-05,0.0,0.0,,,,,fractional_return,R,False
ETHUSD,2022-11-06 23:30:00,2022-11-07 00:00:00,2022-11-07 00:30:00,long,0.5,1568.25,1576.5233476588578,1568.25,1576.5233476588578,1985.8087425241247,1534.84530059807,1985.8087425241247,0.09389397468485489,0.0004953403447408329,9.858867341909762e-05,0.00039675167132173527,0.19837583566086764,2,r_trailing_stop,0.3727020515945951,-0.09878849560338493,False,False,1576.5233476588578,True,1.0,0.5,8.35330468228467,1576.5233476588578,adverse_first,volatility_stop,0.002,,9.858867341909765e-05,0.19837583566086764,0.3727020515945951,-0.09878849560338493,9.858867341909765e-05,4.9294336709548826e-05,4.9294336709548826e-05,0.0,0.0,,,,,fractional_return,R,False
ETHUSD,2022-11-07 00:30:00,2022-11-07 01:00:00,2022-11-07 02:30:00,long,0.5,1573.35,1588.4751953031323,1573.35,1588.4751953031323,2000.7489647766574,1539.1580828178674,2000.7489647766574,0.09203052239622135,0.0008847234404882323,9.663204851603241e-05,0.0007880913919721999,0.39404569598609995,4,r_trailing_stop,0.6434269211290788,-0.14330872334238176,False,False,1588.4751953031323,True,1.0,0.5,8.549609393735606,1588.4751953031323,adverse_first,volatility_stop,0.002,,9.663204851603237e-05,0.39404569598609995,0.6434269211290788,-0.14330872334238176,9.663204851603237e-05,4.8316024258016185e-05,4.8316024258016185e-05,0.0,0.0,,,,,fractional_return,R,False
ETHUSD,2022-11-07 03:00:00,2022-11-07 03:30:00,2022-11-07 06:00:00,long,0.5,1585.65,1588.35,1585.65,1588.35,2016.4742008904927,1551.1840639287607,2016.4742008904927,0.09201258870338172,0.00015667643521527654,9.66132181385508e-05,6.006321707672573e-05,0.030031608538362866,6,r_trailing_stop,0.2625780997589633,-0.2553245610915952,False,False,1590.3910787322325,True,1.0,0.5,8.617842535535225,1590.3910787322325,adverse_first,volatility_stop,0.002,,9.66132181385508e-05,0.030031608538362866,0.2625780997589633,-0.2553245610915952,9.66132181385508e-05,4.83066090692754e-05,4.83066090692754e-05,0.0,0.0,,,,,fractional_return,R,False
ETHUSD,2022-11-07 06:00:00,2022-11-07 06:30:00,2022-11-07 07:30:00,long,0.5,1583.55,1549.362910477817,1583.55,1549.362910477817,2010.8886190272867,1549.362910477817,2010.8886190272867,0.09264023478643794,-0.002,9.727224652575983e-05,-0.0020972722465257597,-1.0486361232628798,3,stop_loss,0.06435177813462392,-1.073504662518478,False,False,1549.362910477817,False,1.0,0.5,8.54704212037375,,adverse_first,volatility_stop,0.002,,9.727224652575969e-05,-1.0486361232628798,0.06435177813462392,-1.073504662518478,9.727224652575969e-05,4.863612326287984e-05,4.863612326287984e-05,0.0,0.0,,,,,fractional_return,R,False
ETHUSD,2022-11-07 07:30:00,2022-11-07 08:00:00,2022-11-07 09:30:00,long,0.5,1550.1,1570.177062291741,1550.1,1570.177062291741,2002.3791705233975,1513.9176663581281,2002.3791705233975,0.08568269892941097,0.0011097715526290405,8.996683387588151e-05,0.001019804718753159,0.5099023593765795,4,r_trailing_stop,0.7033819391502212,-0.08705906123077001,False,False,1570.177062291741,True,1.0,0.5,9.045875416518049,1570.177062291741,adverse_first,volatility_stop,0.002,,8.996683387588146e-05,0.5099023593765795,0.7033819391502212,-0.08705906123077001,8.996683387588146e-05,4.498341693794073e-05,4.498341693794073e-05,0.0,0.0,,,,,fractional_return,R,False
ETHUSD,2022-11-07 09:30:00,2022-11-07 10:00:00,2022-11-07 10:30:00,long,0.5,1564.65,1579.5298629197157,1564.65,1579.5298629197157,2026.6784883573187,1527.6877209314146,2026.6784883573187,0.08466198727068254,0.0008051377401326024,8.889508663421665e-05,0.0007162426534983857,0.35812132674919284,2,r_trailing_stop,0.5275648713061412,-0.008116382635484016,False,False,1579.5298629197157,True,1.0,0.5,9.240274160568841,1579.5298629197157,adverse_first,volatility_stop,0.002,,8.88950866342167e-05,0.35812132674919284,0.5275648713061412,-0.008116382635484016,8.88950866342167e-05,4.444754331710835e-05,4.444754331710835e-05,0.0,0.0,,,,,fractional_return,R,False
ETHUSD,2022-11-07 10:30:00,2022-11-07 11:00:00,2022-11-07 13:30:00,long,0.5,1578.55,1578.45,1578.55,1578.45,2050.8158053075426,1540.7687355753965,2050.8158053075426,0.0835625818267764,-5.2936290790053276e-06,8.774071091811521e-05,-9.303433999712054e-05,-0.046517169998560266,6,r_trailing_stop,0.296443228424788,-0.0741108071061955,False,False,1585.0267435718974,True,1.0,0.5,9.44651285620511,1585.0267435718974,adverse_first,volatility_stop,0.002,,8.774071091811521e-05,-0.046517169998560266,0.296443228424788,-0.0741108071061955,8.774071091811521e-05,4.3870355459057606e-05,4.3870355459057606e-05,0.0,0.0,,,,,fractional_return,R,False
ETHUSD,2022-11-10 12:00:00,2022-11-10 12:30:00,2022-11-10 14:00:00,long,0.5,1189.85,1292.25,1189.85,1292.25,2539.2117864185943,1081.9010570865123,2539.2117864185943,0.022044680899813342,0.0018971931958993908,2.3146914944804007e-05,0.0018740462809545867,0.9370231404772933,4,r_trailing_stop,1.1070048188963708,-0.010190002517036879,False,False,1295.8552481304073,True,1.0,0.5,26.98950373918501,1295.8552481304073,adverse_first,volatility_stop,0.002,,2.3146914944804095e-05,0.9370231404772933,1.1070048188963708,-0.010190002517036879,2.3146914944804095e-05,1.1573457472402048e-05,1.1573457472402048e-05,0.0,0.0,,,,,fractional_return,R,False
ETHUSD,2022-11-10 14:00:00,2022-11-10 14:30:00,2022-11-10 18:00:00,short,-0.5,1295.9,1261.603291829006,1295.9,1261.603291829006,-134.26359541565182,1410.3130876332523,-134.26359541565182,0.022653002847960367,0.0005995242131902132,2.3785652990358383e-05,0.0005757385601998548,0.2878692800999274,8,r_trailing_stop,0.42477657936988833,-0.4571155370585387,False,False,1261.603291829006,True,1.0,0.5,28.606583658012113,1261.603291829006,adverse_first,volatility_stop,0.002,,2.3785652990358417e-05,0.2878692800999274,0.42477657936988833,-0.4571155370585387,2.3785652990358417e-05,1.1892826495179208e-05,1.1892826495179208e-05,0.0,0.0,,,,,fractional_return,R,False
ETHUSD,2022-11-10 20:30:00,2022-11-10 21:00:00,2022-11-10 23:30:00,short,-0.5,1333.1,1300.0867248669297,1333.1,1300.0867248669297,-125.35366787165403,1449.7762934297323,-125.35366787165403,0.022851257283089,0.0005658951645211845,2.399382014724345e-05,0.000541901344373941,0.2709506721869705,6,r_trailing_stop,0.40796633661204484,-0.06770869872342851,False,False,1300.0867248669297,True,1.0,0.5,29.173449733859183,1300.0867248669297,adverse_first,volatility_stop,0.002,,2.3993820147243453e-05,0.2709506721869705,0.40796633661204484,-0.06770869872342851,2.3993820147243453e-05,1.1996910073621726e-05,1.1996910073621726e-05,0.0,0.0,,,,,fractional_return,R,False
ETHUSD,2022-11-11 02:00:00,2022-11-11 02:30:00,2022-11-11 03:30:00,short,-0.5,1251.05,1232.1121337493555,1251.05,1232.1121337493555,-138.94115746468304,1362.2492925971746,-138.94115746468304,0.022501042421771426,0.0003406112720383543,2.3626094542859995e-05,0.0003169851774954943,0.15849258874774716,3,r_trailing_stop,0.295415548361454,-0.06699682908045165,False,False,1232.1121337493555,True,1.0,0.5,27.824267498711425,1232.1121337493555,adverse_first,volatility_stop,0.002,,2.3626094542859985e-05,0.15849258874774716,0.295415548361454,-0.06699682908045165,2.3626094542859985e-05,1.1813047271429992e-05,1.1813047271429992e-05,0.0,0.0,,,,,fractional_return,R,False
ETHUSD,2022-11-11 05:30:00,2022-11-11 06:00:00,2022-11-11 14:30:00,short,-0.5,1262.75,1214.8719007854118,1262.75,1214.8719007854118,-88.6909150229767,1370.8652732018381,-88.6909150229767,0.02335932681116383,0.000885686134746302,2.452729315172202e-05,0.0008611588415945799,0.43057942079728995,18,r_trailing_stop,0.5776242167322023,-0.40928537374539675,False,False,1214.8719007854118,True,1.0,0.5,27.043801570823856,1214.8719007854118,adverse_first,volatility_stop,0.002,,2.4527293151722072e-05,0.43057942079728995,0.5776242167322023,-0.40928537374539675,2.4527293151722072e-05,1.2263646575861036e-05,1.2263646575861036e-05,0.0,0.0,,,,,fractional_return,R,False
ETHUSD,2022-11-11 20:30:00,2022-11-11 21:00:00,2022-11-11 23:00:00,long,0.5,1242.35,1269.2998089674286,1242.35,1269.2998089674286,2552.5800633583217,1137.5315949313342,2552.5800633583217,0.02370480640658758,0.0005142190238398308,2.489004672691696e-05,0.0004893289771129138,0.24466448855645692,5,r_trailing_stop,0.38495147845044175,-0.0019080618510537316,False,False,1269.2998089674286,True,1.0,0.5,26.200382065143078,1269.2998089674286,adverse_first,volatility_stop,0.002,,2.4890046726917e-05,0.24466448855645692,0.38495147845044175,-0.0019080618510537316,2.4890046726917e-05,1.24450233634585e-05,1.24450233634585e-05,0.0,0.0,,,,,fractional_return,R,False
ETHUSD,2022-11-17 15:30:00,2022-11-17 16:00:00,2022-11-17 16:30:00,long,0.5,1192.75,1204.673027885029,1192.75,1204.673027885029,1695.4682660764083,1152.5325387138873,1695.4682660764083,0.05931503192181173,0.0005929279225362707,6.228078351790231e-05,0.0005306471390183684,0.2653235695091842,2,r_trailing_stop,0.5147018070767158,-0.08951335775246984,False,False,1204.673027885029,True,1.0,0.5,10.053944229942436,1204.673027885029,adverse_first,volatility_stop,0.002,,6.228078351790231e-05,0.2653235695091842,0.5147018070767158,-0.08951335775246984,6.228078351790231e-05,3.1140391758951156e-05,3.1140391758951156e-05,0.0,0.0,,,,,fractional_return,R,False
ETHUSD,2022-11-17 17:00:00,2022-11-17 17:30:00,2022-11-18 03:00:00,long,0.5,1207.15,1225.65,1207.15,1225.65,1720.7908116389067,1166.0587350688875,1720.7908116389067,0.058754579691023254,0.000900434680266687,6.169230867557442e-05,0.0008387423715911127,0.4193711857955563,20,r_trailing_stop,0.6011009892591063,-0.2676967968360412,False,False,1226.7133788981782,True,1.0,0.5,10.27324220364324,1226.7133788981782,adverse_first,volatility_stop,0.002,,6.169230867557438e-05,0.4193711857955563,0.6011009892591063,-0.2676967968360412,6.169230867557438e-05,3.084615433778719e-05,3.084615433778719e-05,0.0,0.0,,,,,fractional_return,R,False
ETHUSD,2022-11-21 02:30:00,2022-11-21 03:00:00,2022-11-21 04:30:00,long,0.5,1121.45,1130.95,1121.45,1130.95,1505.2229036866222,1090.7481677050703,1505.2229036866222,0.07305427175987805,0.0006188555724453481,7.670698534787195e-05,0.0005421485870974762,0.2710742935487381,4,r_trailing_stop,0.5276558038744606,-0.3696847761713076,False,False,1133.811928685925,True,1.0,0.5,7.676142628150039,1133.811928685925,adverse_first,volatility_stop,0.002,,7.670698534787193e-05,0.2710742935487381,0.5276558038744606,-0.3696847761713076,7.670698534787193e-05,3.835349267393597e-05,3.835349267393597e-05,0.0,0.0,,,,,fractional_return,R,False
ETHUSD,2022-11-21 09:00:00,2022-11-21 09:30:00,2022-11-21 10:00:00,long,0.5,1106.65,1119.75,1106.65,1119.75,1510.407769438671,1074.3493784449065,1510.407769438671,0.06852190123415665,0.000811129902107656,7.194799629586447e-05,0.0007391819058117916,0.3695909529058958,2,r_trailing_stop,0.5417852399574141,-0.013931620456049199,False,False,1120.1127871480987,True,1.0,0.5,8.074425703802499,1120.1127871480987,adverse_first,volatility_stop,0.002,,7.194799629586443e-05,0.3695909529058958,0.5417852399574141,-0.013931620456049199,7.194799629586443e-05,3.5973998147932216e-05,3.5973998147932216e-05,0.0,0.0,,,,,fractional_return,R,False
ETHUSD,2022-11-22 22:30:00,2022-11-22 23:00:00,2022-11-23 10:30:00,short,-0.5,1136.75,1177.5515082487836,1136.75,1177.5515082487836,626.7311468902044,1177.5515082487836,626.7311468902044,0.0557209793848191,-0.002,5.850702835406005e-05,-0.00205850702835406,-1.02925351417703,24,stop_loss,0.23896175456432206,-1.0330500466549946,False,False,1177.5515082487836,False,1.0,0.5,10.19678724864924,,adverse_first,volatility_stop,0.002,,5.850702835406016e-05,-1.02925351417703,0.23896175456432206,-1.0330500466549946,5.850702835406016e-05,2.925351417703008e-05,2.925351417703008e-05,0.0,0.0,,,,,fractional_return,R,False
ETHUSD,2022-11-28 21:00:00,2022-11-28 21:30:00,2022-11-29 02:00:00,long,0.5,1171.25,1176.75,1171.25,1176.75,1472.8091932635289,1147.1252645389177,1472.8091932635289,0.09709951032536247,0.00045596354901984097,0.00010195448584163059,0.00035400906317821035,0.17700453158910517,10,r_trailing_stop,0.7274691168452965,-0.5264306429592777,False,False,1178.284536797726,True,1.0,0.5,6.030926404547851,1178.284536797726,adverse_first,volatility_stop,0.002,,0.00010195448584163062,0.17700453158910517,0.7274691168452965,-0.5264306429592777,0.00010195448584163062,5.097724292081531e-05,5.097724292081531e-05,0.0,0.0,,,,,fractional_return,R,False
ETHUSD,2022-11-29 04:00:00,2022-11-29 04:30:00,2022-11-29 05:00:00,long,0.5,1193.05,1197.65,1193.05,1197.65,1499.5117398078553,1168.5330608153715,1499.5117398078553,0.0973245470012028,0.0003752507574749884,0.00010219077435126293,0.0002730599831237254,0.1365299915618627,2,r_trailing_stop,0.8606294546437251,-0.016315250324993858,False,False,1199.385639603011,True,1.0,0.5,6.1287207939781,1199.385639603011,adverse_first,volatility_stop,0.002,,0.00010219077435126296,0.1365299915618627,0.8606294546437251,-0.016315250324993858,0.00010219077435126296,5.109538717563148e-05,5.109538717563148e-05,0.0,0.0,,,,,fractional_return,R,False
ETHUSD,2022-11-29 18:30:00,2022-11-29 19:00:00,2022-11-29 20:30:00,long,0.5,1215.2,1218.2,1215.2,1218.2,1531.3241389997304,1189.9100688800215,1531.3241389997304,0.09610148752362728,0.00023724857025253239,0.00010090656189980864,0.00013634200835272375,0.06817100417636188,4,r_trailing_stop,0.4448410692235035,-0.0296560712815669,False,False,1223.288628423109,True,1.0,0.5,6.3227431537821674,1223.288628423109,adverse_first,volatility_stop,0.002,,0.00010090656189980864,0.06817100417636188,0.4448410692235035,-0.0296560712815669,0.00010090656189980864,5.045328094990432e-05,5.045328094990432e-05,0.0,0.0,,,,,fractional_return,R,False
ETHUSD,2022-11-29 22:00:00,2022-11-29 22:30:00,2022-11-29 23:30:00,long,0.5,1218.6999999999998,1218.4,1218.6999999999998,1218.4,1528.6704339797607,1193.902365281619,1528.6704339797607,0.09829163255612094,-2.419585604891354e-05,0.00010320621418392698,-0.00012740207023284052,-0.06370103511642027,3,r_trailing_stop,0.30043187927428017,-0.131060886931719,False,False,1223.0500413057996,True,1.0,0.5,6.1999173884012,1223.0500413057996,adverse_first,volatility_stop,0.002,,0.00010320621418392698,-0.06370103511642027,0.30043187927428017,-0.131060886931719,0.00010320621418392698,5.160310709196349e-05,5.160310709196349e-05,0.0,0.0,,,,,fractional_return,R,False
ETHUSD,2022-12-01 05:30:00,2022-12-01 06:00:00,2022-12-01 13:00:00,long,0.5,1282.5,1286.7171299755726,1282.5,1286.7171299755726,1645.8011547499336,1253.4359076200053,1645.8011547499336,0.0882532289831811,0.00029019519484292455,9.266589043234015e-05,0.0001975293044105844,0.09876465220529221,15,r_trailing_stop,0.2958977657915592,-0.17375392061016004,False,False,1286.7171299755726,True,1.0,0.5,7.265740048854679,1286.7171299755726,adverse_first,volatility_stop,0.002,,9.266589043234013e-05,0.09876465220529221,0.2958977657915592,-0.17375392061016004,9.266589043234013e-05,4.633294521617007e-05,4.633294521617007e-05,0.0,0.0,,,,,fractional_return,R,False
ETHUSD,2022-12-01 22:00:00,2022-12-01 22:30:00,2022-12-02 02:00:00,short,-0.5,1278.6,1272.65,1278.6,1272.65,940.1721272444352,1305.6742298204451,940.1721272444352,0.09445144024259274,0.00043953235526623713,9.917401225472237e-05,0.0003403583430115148,0.1701791715057574,8,r_trailing_stop,0.4690807488975866,-0.21976617763312611,False,False,1270.5340139711793,True,1.0,0.5,6.7680279423584055,1270.5340139711793,adverse_first,volatility_stop,0.002,,9.917401225472235e-05,0.1701791715057574,0.4690807488975866,-0.21976617763312611,9.917401225472235e-05,4.9587006127361176e-05,4.9587006127361176e-05,0.0,0.0,,,,,fractional_return,R,False
ETHUSD,2022-12-05 13:30:00,2022-12-05 14:00:00,2022-12-05 15:30:00,short,-0.5,1286.1,1264.6048990863098,1286.1,1264.6048990863098,1025.6202159974723,1306.938382720202,1025.6202159974723,0.12343568282323208,0.002063029670037798,0.00012960746696439367,0.0019334222030734042,0.966711101536702,4,r_trailing_stop,1.23570050256521,-0.08637906425699428,False,False,1264.6048990863098,True,1.0,0.5,5.209798172619653,1264.6048990863098,adverse_first,volatility_stop,0.002,,0.0001296074669643937,0.966711101536702,1.23570050256521,-0.08637906425699428,0.0001296074669643937,6.480373348219685e-05,6.480373348219685e-05,0.0,0.0,,,,,fractional_return,R,False
ETHUSD,2022-12-05 15:30:00,2022-12-05 16:00:00,2022-12-05 16:30:00,short,-0.5,1266.6,1261.6,1266.6,1261.6,986.5992907885461,1289.0000567369161,986.5992907885461,0.11308899927138007,0.0004464274406733732,0.00011874344923494906,0.00032768399143842414,0.16384199571921207,2,r_trailing_stop,0.46205240109694384,-0.11830327177844965,False,False,1259.050117493313,True,1.0,0.5,5.600234986626311,1259.050117493313,adverse_first,volatility_stop,0.002,,0.00011874344923494908,0.16384199571921207,0.46205240109694384,-0.11830327177844965,0.00011874344923494908,5.937172461747454e-05,5.937172461747454e-05,0.0,0.0,,,,,fractional_return,R,False
ETHUSD,2022-12-05 17:00:00,2022-12-05 17:30:00,2022-12-05 19:30:00,short,-0.5,1263.0,1253.65,1263.0,1253.65,971.8228516280651,1286.2941718697548,971.8228516280651,0.10843914152104993,0.0008027759091225664,0.00011386109859710242,0.000688914810525464,0.344457405262732,5,r_trailing_stop,0.6718418704689,-0.29406497205826687,False,False,1252.4116563450182,True,1.0,0.5,5.823312690036385,1252.4116563450182,adverse_first,volatility_stop,0.002,,0.00011386109859710242,0.344457405262732,0.6718418704689,-0.29406497205826687,0.00011386109859710242,5.693054929855121e-05,5.693054929855121e-05,0.0,0.0,,,,,fractional_return,R,False
ETHUSD,2022-12-06 04:00:00,2022-12-06 04:30:00,2022-12-06 11:00:00,short,-0.5,1260.4,1252.65,1260.4,1252.65,991.766774942726,1281.890658004582,991.766774942726,0.11729747872133796,0.0007212436211443705,0.00012316235265740484,0.0005980812684869657,0.2990406342434829,14,r_trailing_stop,0.7607956906910058,-0.21171990169075475,False,False,1251.436225783928,True,1.0,0.5,5.372451567855973,1251.436225783928,adverse_first,volatility_stop,0.002,,0.0001231623526574048,0.2990406342434829,0.7607956906910058,-0.21171990169075475,0.0001231623526574048,6.15811763287024e-05,6.15811763287024e-05,0.0,0.0,,,,,fractional_return,R,False
ETHUSD,2022-12-08 02:30:00,2022-12-08 03:00:00,2022-12-08 04:30:00,short,-0.5,1233.0,1229.3070771208259,1233.0,1229.3070771208259,962.3032527901232,1254.6557397767901,962.3032527901232,0.11387281272390297,0.0003410571901249088,0.0001195664533600981,0.0002214907367648107,0.11074536838240534,4,r_trailing_stop,0.29553365832643524,-0.1408402590461877,False,False,1229.3070771208259,True,1.0,0.5,5.414154241651772,1229.3070771208259,adverse_first,volatility_stop,0.002,,0.00011956645336009809,0.11074536838240534,0.29553365832643524,-0.1408402590461877,0.00011956645336009809,5.9783226680049046e-05,5.9783226680049046e-05,0.0,0.0,,,,,fractional_return,R,False
ETHUSD,2022-12-08 07:00:00,2022-12-08 07:30:00,2022-12-08 15:30:00,short,-0.5,1232.6,1253.2207244809715,1232.6,1253.2207244809715,974.8409439878537,1253.2207244809715,974.8409439878537,0.11954963087135115,-0.002,0.0001255271124149187,-0.002125527112414919,-1.0627635562074593,17,stop_loss,0.17700639002127394,-1.0159681838207135,False,False,1253.2207244809715,False,1.0,0.5,5.1553899743375,,adverse_first,volatility_stop,0.002,,0.0001255271124149188,-1.0627635562074593,0.17700639002127394,-1.0159681838207135,0.0001255271124149188,6.27635562074594e-05,6.27635562074594e-05,0.0,0.0,,,,,fractional_return,R,False
ETHUSD,2022-12-08 18:30:00,2022-12-08 19:00:00,2022-12-09 06:30:00,long,0.5,1287.2,1279.55,1287.2,1279.55,1577.4698561549187,1263.9784115076066,1577.4698561549187,0.11086235555518845,-0.0006588696550630897,0.00011640547333294786,-0.0007752751283960376,-0.38763756419801876,24,max_holding_close,0.18517251743602597,-0.5921214220338102,False,False,1263.9784115076066,False,1.0,0.5,5.80517140693442,,adverse_first,volatility_stop,0.002,,0.0001164054733329479,-0.38763756419801876,0.18517251743602597,-0.5921214220338102,0.0001164054733329479,5.820273666647395e-05,5.820273666647395e-05,0.0,0.0,,,,,fractional_return,R,False
ETHUSD,2022-12-09 14:00:00,2022-12-09 14:30:00,2022-12-09 16:00:00,long,0.5,1269.95,1274.7504131597568,1269.95,1274.7504131597568,1554.8974596849177,1247.1542032252066,1554.8974596849177,0.11141966324285313,0.00042116651654526554,0.00011699064640499578,0.0003041758701402698,0.1520879350701349,4,r_trailing_stop,0.34436172938162407,-0.17985771853053784,False,False,1274.7504131597568,True,1.0,0.5,5.699173680486062,1274.7504131597568,adverse_first,volatility_stop,0.002,,0.00011699064640499575,0.1520879350701349,0.34436172938162407,-0.17985771853053784,0.00011699064640499575,5.8495323202497875e-05,5.8495323202497875e-05,0.0,0.0,,,,,fractional_return,R,False
ETHUSD,2022-12-14 18:30:00,2022-12-14 19:00:00,2022-12-14 19:00:00,long,0.5,1334.0,1309.6588735505939,1334.0,1309.6588735505939,1638.2640806175768,1309.6588735505939,1638.2640806175768,0.10960873177112522,-0.002,0.00011508916835968147,-0.0021150891683596813,-1.0575445841798408,1,stop_loss,0.2341715783715869,-1.1092337922864997,False,False,1309.6588735505939,False,1.0,0.5,6.085509434340374,,adverse_first,volatility_stop,0.002,,0.00011508916835968131,-1.0575445841798408,0.2341715783715869,-1.1092337922864997,0.00011508916835968131,5.7544584179840654e-05,5.7544584179840654e-05,0.0,0.0,,,,,fractional_return,R,False
ETHUSD,2022-12-15 13:00:00,2022-12-15 13:30:00,2022-12-16 01:00:00,long,0.5,1276.9,1270.7,1276.9,1270.7,1563.7365270714276,1253.953077834286,1563.7365270714276,0.11129161381894263,-0.0005403774811476644,0.00011685619450988976,-0.0006572336756575542,-0.3286168378287771,24,max_holding_close,0.14598907756811386,-0.7364822122093148,False,False,1253.953077834286,False,1.0,0.5,5.736955448220029,,adverse_first,volatility_stop,0.002,,0.00011685619450988978,-0.3286168378287771,0.14598907756811386,-0.7364822122093148,0.00011685619450988978,5.842809725494489e-05,5.842809725494489e-05,0.0,0.0,,,,,fractional_return,R,False
ETHUSD,2022-12-16 07:00:00,2022-12-16 07:30:00,2022-12-16 08:30:00,long,0.5,1276.8,1257.5412490278482,1276.8,1257.5412490278482,1517.534387151897,1257.5412490278482,1517.534387151897,0.1325942686362432,-0.002,0.00013922398206805535,-0.0021392239820680553,-1.0696119910340276,3,stop_loss,0.14538845245201837,-1.8121632109198225,False,False,1257.5412490278482,False,1.0,0.5,4.814499268298306,,adverse_first,volatility_stop,0.002,,0.0001392239820680553,-1.0696119910340276,0.14538845245201837,-1.8121632109198225,0.0001392239820680553,6.961199103402765e-05,6.961199103402765e-05,0.0,0.0,,,,,fractional_return,R,False
ETHUSD,2022-12-16 14:00:00,2022-12-16 14:30:00,2022-12-16 16:00:00,long,0.5,1215.7,1191.5056591684,1215.7,1191.5056591684,1518.1292603950017,1191.5056591684,1518.1292603950017,0.10049457502989122,-0.002,0.00010551930378138577,-0.0021055193037813856,-1.0527596518906928,4,stop_loss,0.09713015189612373,-1.1345628381058315,False,False,1191.5056591684,False,1.0,0.5,6.0488338533746,,adverse_first,volatility_stop,0.002,,0.00010551930378138556,-1.0527596518906928,0.09713015189612373,-1.1345628381058315,0.00010551930378138556,5.275965189069278e-05,5.275965189069278e-05,0.0,0.0,,,,,fractional_return,R,False
ETHUSD,2022-12-17 17:30:00,2022-12-17 18:00:00,2022-12-18 05:30:00,short,-0.5,1174.4,1187.5500000000002,1174.4,1187.5500000000002,869.5738055050374,1198.786095559597,869.5738055050374,0.09631718182436314,-0.0010784834306798291,0.00010113304091558129,-0.0011796164715954104,-0.5898082357977051,24,max_holding_close,0.04715802073315172,-0.9103548350225017,False,False,1198.786095559597,False,1.0,0.5,6.096264442924561,,adverse_first,volatility_stop,0.002,,0.00010113304091558125,-0.5898082357977051,0.04715802073315172,-0.9103548350225017,0.00010113304091558125,5.0566520457790624e-05,5.0566520457790624e-05,0.0,0.0,,,,,fractional_return,R,False
ETHUSD,2022-12-26 01:30:00,2022-12-26 02:00:00,2022-12-26 13:30:00,long,0.5,1221.0500000000002,1215.6999999999998,1221.0500000000002,1215.6999999999998,1379.135685776896,1208.4031451378485,1379.135685776896,0.19309939321818978,-0.0008460601561913065,0.00020275436287909925,-0.0010488145190704057,-0.5244072595352028,24,max_holding_close,0.2016311587184511,-0.6365218932093105,False,False,1208.4031451378485,False,1.0,0.5,3.1615842217281074,,adverse_first,volatility_stop,0.002,,0.00020275436287909925,-0.5244072595352028,0.2016311587184511,-0.6365218932093105,0.00020275436287909925,0.00010137718143954963,0.00010137718143954963,0.0,0.0,,,,,fractional_return,R,False
ETHUSD,2022-12-26 13:30:00,2022-12-26 14:00:00,2022-12-26 19:30:00,long,0.5,1215.65,1217.4,1215.65,1217.4,1350.9257741202368,1204.8279380703812,1350.9257741202368,0.22466143844046635,0.0003234134144456177,0.00023589451036248966,8.751890408312802e-05,0.043759452041564006,12,r_trailing_stop,0.3927162889696796,-0.24487015665169098,False,False,1218.5471866784308,True,1.0,0.5,2.7056266431384746,1218.5471866784308,adverse_first,volatility_stop,0.002,,0.00023589451036248966,0.043759452041564006,0.3927162889696796,-0.24487015665169098,0.00023589451036248966,0.00011794725518124483,0.00011794725518124483,0.0,0.0,,,,,fractional_return,R,False
ETHUSD,2022-12-29 08:00:00,2022-12-29 08:30:00,2022-12-29 09:30:00,long,0.5,1192.75,1197.6,1192.75,1197.6,1382.638384490041,1177.5589292407967,1382.638384490041,0.15703303854040573,0.0006385330009817111,0.000164884690467426,0.0004736483105142851,0.23682415525714254,3,r_trailing_stop,0.5068767121195268,-0.19090161885021625,False,False,1198.5509569688195,True,1.0,0.5,3.798086062361314,1198.5509569688195,adverse_first,volatility_stop,0.002,,0.00016488469046742598,0.23682415525714254,0.5068767121195268,-0.19090161885021625,0.00016488469046742598,8.244234523371299e-05,8.244234523371299e-05,0.0,0.0,,,,,fractional_return,R,False
ETHUSD,2022-12-29 10:30:00,2022-12-29 11:00:00,2022-12-29 14:00:00,long,0.5,1199.8,1200.6,1199.8,1200.6,1392.2497764836996,1184.404017881304,1392.2497764836996,0.15585884560661234,0.00010392321760734892,0.00016365178788694295,-5.9728570279594037e-05,-0.02986428513979702,7,r_trailing_stop,0.3312552561234159,-0.1396468236598588,False,False,1202.9755824286087,True,1.0,0.5,3.8488351427826353,1202.9755824286087,adverse_first,volatility_stop,0.002,,0.00016365178788694295,-0.02986428513979702,0.3312552561234159,-0.1396468236598588,0.00016365178788694295,8.182589394347148e-05,8.182589394347148e-05,0.0,0.0,,,,,fractional_return,R,False
ETHUSD,2022-12-29 14:30:00,2022-12-29 15:00:00,2022-12-29 15:30:00,long,0.5,1202.0,1202.9,1202.0,1202.9,1392.9680776763707,1186.7225537858903,1392.9680776763707,0.15735614227067338,0.00011782073880501756,0.00016522394938420703,-4.740321057918947e-05,-0.023701605289594734,2,r_trailing_stop,0.2650966623112545,-0.10800234390458627,False,False,1204.1403986668013,True,1.0,0.5,3.8192026663977163,1204.1403986668013,adverse_first,volatility_stop,0.002,,0.00016522394938420703,-0.023701605289594734,0.2650966623112545,-0.10800234390458627,0.00016522394938420703,8.261197469210352e-05,8.261197469210352e-05,0.0,0.0,,,,,fractional_return,R,False
ETHUSD,2022-12-29 15:30:00,2022-12-29 16:00:00,2022-12-30 03:30:00,long,0.5,1201.1,1197.5,1201.1,1197.5,1392.4140630023553,1185.7948749598115,1392.4140630023553,0.1569539610876923,-0.0004704306551624919,0.0001648016591420769,-0.0006352323143045688,-0.3176161571522844,24,max_holding_close,0.20581341163360523,-0.6109064758013125,False,False,1185.7948749598115,False,1.0,0.5,3.8264404036773283,,adverse_first,volatility_stop,0.002,,0.00016480165914207692,-0.3176161571522844,0.20581341163360523,-0.6109064758013125,0.00016480165914207692,8.240082957103846e-05,8.240082957103846e-05,0.0,0.0,,,,,fractional_return,R,False
ETHUSD,2022-12-30 05:30:00,2022-12-30 06:00:00,2022-12-30 15:30:00,long,0.5,1193.15,1193.75,1193.15,1193.75,1377.9246577829822,1178.3680273773616,1377.9246577829822,0.16143312269063367,8.117996363775166e-05,0.00016950477882516534,-8.832481518741368e-05,-0.04416240759370684,20,r_trailing_stop,0.3686923348547666,-0.7712096545586262,False,False,1196.75147908288,True,1.0,0.5,3.6970418342398843,1196.75147908288,adverse_first,volatility_stop,0.002,,0.00016950477882516534,-0.04416240759370684,0.3686923348547666,-0.7712096545586262,0.00016950477882516534,8.475238941258267e-05,8.475238941258267e-05,0.0,0.0,,,,,fractional_return,R,False
ETHUSD,2022-12-30 15:30:00,2022-12-30 16:00:00,2022-12-30 21:30:00,long,0.5,1194.85,1199.1488328216071,1194.85,1199.1488328216071,1389.9422258466016,1179.2426219322717,1389.9422258466016,0.15311348194616098,0.0005508718764871814,0.000160769156043469,0.0003901027204437124,0.1950513602218562,12,r_trailing_stop,0.40045163081704954,-0.1601806523268198,False,False,1199.1488328216071,True,1.0,0.5,3.9023343567854103,1199.1488328216071,adverse_first,volatility_stop,0.002,,0.000160769156043469,0.1950513602218562,0.40045163081704954,-0.1601806523268198,0.000160769156043469,8.03845780217345e-05,8.03845780217345e-05,0.0,0.0,,,,,fractional_return,R,False
ETHUSD,2023-01-04 01:00:00,2023-01-04 01:30:00,2023-01-04 02:30:00,long,0.5,1225.6,1227.35,1225.6,1227.35,1371.3214254513382,1213.9422859638928,1371.3214254513382,0.21026420723719735,0.0003002303872920322,0.0002207774175990572,7.945296969297496e-05,0.039726484846487484,3,r_trailing_stop,0.64763983544422,-0.2273172932353713,False,False,1227.4428451908568,True,1.0,0.5,2.9143096182866444,1227.4428451908568,adverse_first,volatility_stop,0.002,,0.0002207774175990572,0.039726484846487484,0.64763983544422,-0.2273172932353713,0.0002207774175990572,0.0001103887087995286,0.0001103887087995286,0.0,0.0,,,,,fractional_return,R,False
ETHUSD,2023-01-04 02:30:00,2023-01-04 03:00:00,2023-01-04 03:30:00,long,0.5,1231.6,1247.5,1231.6,1247.5,1384.851291224733,1219.3398967020212,1384.851291224733,0.20091184716250435,0.0025937791246215015,0.00021095743952062956,0.002382821685100872,1.191410842550436,2,r_trailing_stop,1.8760037693803044,0.0,False,False,1253.0676115021909,True,1.0,0.5,3.064776995617898,1253.0676115021909,adverse_first,volatility_stop,0.002,,0.00021095743952062943,1.191410842550436,1.8760037693803044,0.0,0.00021095743952062943,0.00010547871976031471,0.00010547871976031471,0.0,0.0,,,,,fractional_return,R,False
ETHUSD,2023-01-04 03:30:00,2023-01-04 04:00:00,2023-01-04 04:30:00,long,0.5,1250.8,1250.15,1250.8,1250.15,1427.6428432988002,1236.652572536096,1427.6428432988002,0.17682366680321374,-9.188949745928362e-05,0.00018566485014337442,-0.00027755434760265803,-0.138777173801329,2,r_trailing_stop,0.257997435174187,-0.12369740042597699,False,False,1252.6816422779254,True,1.0,0.5,3.5367154441492743,1252.6816422779254,adverse_first,volatility_stop,0.002,,0.00018566485014337442,-0.138777173801329,0.257997435174187,-0.12369740042597699,0.00018566485014337442,9.283242507168721e-05,9.283242507168721e-05,0.0,0.0,,,,,fractional_return,R,False
ETHUSD,2023-01-04 06:30:00,2023-01-04 07:00:00,2023-01-04 15:30:00,short,-0.5,1250.5,1249.95,1250.5,1249.95,1074.2339863262605,1264.6012810938992,1074.2339863262605,0.17735977201972405,7.8007096849929e-05,0.00018622776062071023,-0.00010822066377078124,-0.05411033188539062,18,r_trailing_stop,0.4290390326746591,-0.7339758658153249,False,False,1246.2125896614637,True,1.0,0.5,3.5251793229273236,1246.2125896614637,adverse_first,volatility_stop,0.002,,0.00018622776062071023,-0.05411033188539062,0.4290390326746591,-0.7339758658153249,0.00018622776062071023,9.311388031035512e-05,9.311388031035512e-05,0.0,0.0,,,,,fractional_return,R,False
ETHUSD,2023-01-05 07:00:00,2023-01-05 07:30:00,2023-01-05 11:00:00,long,0.5,1248.5,1250.7731277762293,1248.5,1250.7731277762293,1426.1943408243824,1234.2844527340494,1426.1943408243824,0.17565275210901465,0.00031980869026042053,0.00018443538971446536,0.00013537330054595517,0.06768665027297759,8,r_trailing_stop,0.2848993376217626,-0.20751927061337652,False,False,1250.7731277762293,True,1.0,0.5,3.5537444475416895,1250.7731277762293,adverse_first,volatility_stop,0.002,,0.00018443538971446536,0.06768665027297759,0.2848993376217626,-0.20751927061337652,0.00018443538971446536,9.221769485723268e-05,9.221769485723268e-05,0.0,0.0,,,,,fractional_return,R,False
ETHUSD,2023-01-05 11:30:00,2023-01-05 12:00:00,2023-01-05 23:30:00,long,0.5,1255.25,1251.2,1255.25,1251.2,1428.673358000582,1241.3761313599534,1428.673358000582,0.18095169163945418,-0.0005838313890776975,0.00018999927622142688,-0.0007738306652991244,-0.3869153326495622,24,max_holding_close,0.043246769561304944,-0.9298055455682037,False,False,1241.3761313599534,False,1.0,0.5,3.469019674904717,,adverse_first,volatility_stop,0.002,,0.00018999927622142686,-0.3869153326495622,0.043246769561304944,-0.9298055455682037,0.00018999927622142686,9.499963811071343e-05,9.499963811071343e-05,0.0,0.0,,,,,fractional_return,R,False
ETHUSD,2023-01-06 00:30:00,2023-01-06 01:00:00,2023-01-06 11:00:00,long,0.5,1255.4,1241.922490025498,1255.4,1241.922490025498,1423.8688746812754,1241.922490025498,1423.8688746812754,0.18629554010719776,-0.002,0.00019561031711255763,-0.0021956103171125578,-1.097805158556279,21,stop_loss,0.018549420514098868,-1.2650704790615563,False,False,1241.922490025498,False,1.0,0.5,3.369780214118515,,adverse_first,volatility_stop,0.002,,0.0001956103171125577,-1.097805158556279,0.018549420514098868,-1.2650704790615563,0.0001956103171125577,9.780515855627885e-05,9.780515855627885e-05,0.0,0.0,,,,,fractional_return,R,False
ETHUSD,2023-01-06 11:00:00,2023-01-06 11:30:00,2023-01-06 14:00:00,short,-0.5,1242.75,1250.35,1242.75,1250.35,1084.0180050678318,1255.4485595945735,1084.0180050678318,0.1957308607711809,-0.0011969861531771957,0.00020551740380973994,-0.0014025035569869356,-0.7012517784934678,6,r_trailing_stop,0.4961192608563391,-0.8386777981143008,False,False,1238.0373837877378,True,1.0,0.5,3.1747675754754394,1238.0373837877378,adverse_first,volatility_stop,0.002,,0.00020551740380973988,-0.7012517784934678,0.4961192608563391,-0.8386777981143008,0.00020551740380973988,0.00010275870190486994,0.00010275870190486994,0.0,0.0,,,,,fractional_return,R,False
ETHUSD,2023-01-06 14:00:00,2023-01-06 14:30:00,2023-01-06 15:00:00,short,-0.5,1250.6,1248.4,1250.6,1248.4,1076.6606415313668,1264.5151486774905,1076.6606415313668,0.17974655233443376,0.0003162021550741333,0.00018873387995115544,0.00012746827512297786,0.06373413756148893,2,r_trailing_stop,0.32338856768949087,-0.172473902767735,False,False,1247.8394631842639,True,1.0,0.5,3.478926368528017,1247.8394631842639,adverse_first,volatility_stop,0.002,,0.00018873387995115544,0.06373413756148893,0.32338856768949087,-0.172473902767735,0.00018873387995115544,9.436693997557772e-05,9.436693997557772e-05,0.0,0.0,,,,,fractional_return,R,False
ETHUSD,2023-01-06 15:00:00,2023-01-06 15:30:00,2023-01-06 16:00:00,short,-0.5,1250.2,1264.4335425250233,1250.2,1264.4335425250233,1072.2807184372098,1264.4335425250233,1072.2807184372098,0.1756695492779947,-0.002,0.0001844530267418944,-0.0021844530267418946,-1.0922265133709472,2,stop_loss,0.021076973597580487,-1.2365157843915857,False,False,1264.4335425250233,False,1.0,0.5,3.5585279288534704,,adverse_first,volatility_stop,0.002,,0.0001844530267418945,-1.0922265133709472,0.021076973597580487,-1.2365157843915857,0.0001844530267418945,9.222651337094726e-05,9.222651337094726e-05,0.0,0.0,,,,,fractional_return,R,False
ETHUSD,2023-01-07 00:30:00,2023-01-07 01:00:00,2023-01-07 06:30:00,short,-0.5,1270.5,1264.0089764501342,1270.5,1264.0089764501342,1074.6100673843175,1286.1711946092546,1074.6100673843175,0.1621446267088928,0.0008284018815046088,0.0001702518580443374,0.0006581500234602714,0.3290750117301357,12,r_trailing_stop,0.5392058621369991,-0.025524537852645364,False,False,1264.0089764501342,True,1.0,0.5,3.917952900267909,1264.0089764501342,adverse_first,volatility_stop,0.002,,0.00017025185804433736,0.3290750117301357,0.5392058621369991,-0.025524537852645364,0.00017025185804433736,8.512592902216868e-05,8.512592902216868e-05,0.0,0.0,,,,,fractional_return,R,False
ETHUSD,2023-01-09 08:00:00,2023-01-09 08:30:00,2023-01-09 10:00:00,short,-0.5,1309.3,1324.258472848218,1309.3,1324.258472848218,1122.3190893972758,1324.258472848218,1122.3190893972758,0.17505797727954328,-0.002,0.00018381087614352044,-0.0021838108761435206,-1.0919054380717603,4,stop_loss,0.06350915696004489,-1.1197667148217905,False,False,1324.258472848218,False,1.0,0.5,3.7397608789765475,,adverse_first,volatility_stop,0.002,,0.00018381087614352054,-1.0919054380717603,0.06350915696004489,-1.1197667148217905,0.00018381087614352054,9.190543807176027e-05,9.190543807176027e-05,0.0,0.0,,,,,fractional_return,R,False
ETHUSD,2023-01-10 10:00:00,2023-01-10 10:30:00,2023-01-10 12:30:00,short,-0.5,1333.35,1327.6742168644435,1333.35,1327.6742168644435,1090.9192176102893,1352.7444625911767,1090.9192176102893,0.13749800941703666,0.000585299346024527,0.00014437290988788848,0.00044092643613663854,0.22046321806831926,5,r_trailing_stop,0.4176449830419581,-0.05671721991928593,False,False,1327.6742168644435,True,1.0,0.5,4.848433728886948,1327.6742168644435,adverse_first,volatility_stop,0.002,,0.00014437290988788848,0.22046321806831926,0.4176449830419581,-0.05671721991928593,0.00014437290988788848,7.218645494394424e-05,7.218645494394424e-05,0.0,0.0,,,,,fractional_return,R,False
ETHUSD,2023-01-10 14:30:00,2023-01-10 15:00:00,2023-01-11 02:30:00,short,-0.5,1332.2,1330.6,1332.2,1330.6,1087.552153708227,1351.7718277033418,1087.552153708227,0.13613445000566096,0.00016350031527478755,0.000142941172505944,2.055914276884356e-05,0.010279571384421779,24,max_holding_close,0.21714885622431332,-0.740860803588822,False,False,1351.7718277033418,False,1.0,0.5,4.892773145384645,,adverse_first,volatility_stop,0.002,,0.000142941172505944,0.010279571384421779,0.21714885622431332,-0.740860803588822,0.000142941172505944,7.1470586252972e-05,7.1470586252972e-05,0.0,0.0,,,,,fractional_return,R,False
ETHUSD,2023-01-11 19:00:00,2023-01-11 19:30:00,2023-01-11 23:00:00,short,-0.5,1340.8,1359.1446325033903,1340.8,1359.1446325033903,1111.492093707621,1359.1446325033903,1111.492093707621,0.14617899810772483,-0.002,0.00015348794801311108,-0.002153487948013111,-1.0767439740065554,8,stop_loss,0.05178626499192456,-2.1368648291403662,False,False,1359.1446325033903,False,1.0,0.5,4.585987112175178,,adverse_first,volatility_stop,0.002,,0.00015348794801311105,-1.0767439740065554,0.05178626499192456,-2.1368648291403662,0.00015348794801311105,7.674397400655552e-05,7.674397400655552e-05,0.0,0.0,,,,,fractional_return,R,False
ETHUSD,2023-01-13 10:30:00,2023-01-13 11:00:00,2023-01-13 15:30:00,long,0.5,1416.6,1420.9544745944818,1416.6,1420.9544745944818,1761.1403905492275,1389.0367687560617,1761.1403905492275,0.10278910969928776,0.00031596256302057714,0.00010792856518425214,0.000208033997836325,0.1040169989181625,10,r_trailing_stop,0.2829856895575549,-0.5278771516746558,False,False,1420.9544745944818,True,1.0,0.5,6.8910508110365685,1420.9544745944818,adverse_first,volatility_stop,0.002,,0.00010792856518425213,0.1040169989181625,0.2829856895575549,-0.5278771516746558,0.00010792856518425213,5.3964282592126064e-05,5.3964282592126064e-05,0.0,0.0,,,,,fractional_return,R,False
ETHUSD,2023-01-14 22:30:00,2023-01-14 23:00:00,2023-01-15 01:00:00,short,-0.5,1551.3000000000002,1528.2,1551.3000000000002,1528.2,1026.141726261657,1593.3126618990677,1026.141726261657,0.0738491649839704,0.0010996684787789078,7.754162323316891e-05,0.001022126855545739,0.5110634277728695,5,r_trailing_stop,0.82237112428163,-0.07259716147782153,False,False,1522.0017518702693,True,1.0,0.5,10.503503740538884,1522.0017518702693,adverse_first,volatility_stop,0.002,,7.754162323316883e-05,0.5110634277728695,0.82237112428163,-0.07259716147782153,7.754162323316883e-05,3.8770811616584415e-05,3.8770811616584415e-05,0.0,0.0,,,,,fractional_return,R,False
ETHUSD,2023-01-15 01:00:00,2023-01-15 01:30:00,2023-01-15 12:30:00,long,0.5,1522.5,1532.0,1522.5,1532.0,2054.8684933246113,1479.910520534031,2054.8684933246113,0.07149653008633518,0.0004461195637570975,7.507135659065193e-05,0.0003710482071664456,0.1855241035832228,23,r_trailing_stop,0.3604176475616546,-0.12913987371916041,False,False,1532.5264897760571,True,1.0,0.5,10.64702044788572,1532.5264897760571,adverse_first,volatility_stop,0.002,,7.507135659065193e-05,0.1855241035832228,0.3604176475616546,-0.12913987371916041,7.507135659065193e-05,3.7535678295325966e-05,3.7535678295325966e-05,0.0,0.0,,,,,fractional_return,R,False
ETHUSD,2023-01-15 13:30:00,2023-01-15 14:00:00,2023-01-15 17:00:00,short,-0.5,1531.75,1565.758344352711,1531.75,1565.758344352711,1106.6456955911126,1565.758344352711,1106.6456955911126,0.09008083334570775,-0.002,9.458487501299313e-05,-0.002094584875012993,-1.0472924375064965,7,stop_loss,0.01617250149833708,-1.0350400958932322,False,False,1565.758344352711,False,1.0,0.5,8.502918595129335,,adverse_first,volatility_stop,0.002,,9.458487501299304e-05,-1.0472924375064965,0.01617250149833708,-1.0350400958932322,9.458487501299304e-05,4.729243750649652e-05,4.729243750649652e-05,0.0,0.0,,,,,fractional_return,R,False
ETHUSD,2023-01-15 17:00:00,2023-01-15 17:30:00,2023-01-15 18:00:00,short,-0.5,1558.25,1551.75,1558.25,1551.75,1107.919141729828,1594.2764686616138,1107.919141729828,0.08650584183735538,0.00036084580262653933,9.083113392922314e-05,0.0002700146686973162,0.1350073343486581,2,r_trailing_stop,0.67727981416059,-0.06384194969546396,False,False,1551.1530196097006,True,1.0,0.5,9.006039219400895,1551.1530196097006,adverse_first,volatility_stop,0.002,,9.083113392922311e-05,0.1350073343486581,0.67727981416059,-0.06384194969546396,9.083113392922311e-05,4.5415566964611555e-05,4.5415566964611555e-05,0.0,0.0,,,,,fractional_return,R,False
ETHUSD,2023-01-15 18:30:00,2023-01-15 19:00:00,2023-01-16 06:30:00,short,-0.5,1548.05,1571.4,1548.05,1571.4,1082.7943569626193,1585.2704514429904,1082.7943569626193,0.08318276323816791,-0.0012546865550926776,8.73419014000763e-05,-0.0013420284564927539,-0.6710142282463769,24,max_holding_close,0.17463517362103662,-0.9793003197671988,False,False,1585.2704514429904,False,1.0,0.5,9.305713884149478,,adverse_first,volatility_stop,0.002,,8.734190140007622e-05,-0.6710142282463769,0.17463517362103662,-0.9793003197671988,8.734190140007622e-05,4.367095070003811e-05,4.367095070003811e-05,0.0,0.0,,,,,fractional_return,R,False
ETHUSD,2023-01-20 22:00:00,2023-01-20 22:30:00,2023-01-21 00:00:00,long,0.5,1651.9499999999998,1657.7058772620508,1651.9499999999998,1657.7058772620508,2121.34807043178,1614.3981543654575,2121.34807043178,0.08798235996584088,0.00030655629116435205,9.238147796413291e-05,0.00021417481320021916,0.10708740660010958,4,r_trailing_stop,0.6484368368195889,-0.17975148453930404,False,False,1657.7058772620508,True,1.0,0.5,9.388245475898522,1657.7058772620508,adverse_first,volatility_stop,0.002,,9.23814779641329e-05,0.10708740660010958,0.6484368368195889,-0.17975148453930404,9.23814779641329e-05,4.619073898206645e-05,4.619073898206645e-05,0.0,0.0,,,,,fractional_return,R,False
ETHUSD,2023-01-21 15:00:00,2023-01-21 15:30:00,2023-01-21 16:00:00,short,-0.5,1662.6,1649.4997104909382,1662.6,1649.4997104909382,1177.6143774133175,1701.3988498069345,1177.6143774133175,0.08570357153746554,0.0006752926735843709,8.998875011433881e-05,0.000585303923470032,0.292651961735016,2,r_trailing_stop,0.4626425806259741,-0.33506147900488714,False,False,1649.4997104909382,True,1.0,0.5,9.699420981876305,1649.4997104909382,adverse_first,volatility_stop,0.002,,8.998875011433885e-05,0.292651961735016,0.4626425806259741,-0.33506147900488714,8.998875011433885e-05,4.499437505716943e-05,4.499437505716943e-05,0.0,0.0,,,,,fractional_return,R,False
ETHUSD,2023-01-21 22:30:00,2023-01-21 23:00:00,2023-01-21 23:30:00,long,0.5,1628.15,1628.5,1628.15,1628.5,2133.5727387241554,1587.7161809020677,2133.5727387241554,0.08053406956471519,1.7312240486229552e-05,8.456077304295094e-05,-6.72485325567214e-05,-0.033624266278360695,2,r_trailing_stop,0.39076199954626306,-0.13355156946518115,False,False,1638.8960831576608,True,1.0,0.5,10.107833684678711,1638.8960831576608,adverse_first,volatility_stop,0.002,,8.456077304295094e-05,-0.033624266278360695,0.39076199954626306,-0.13355156946518115,8.456077304295094e-05,4.228038652147547e-05,4.228038652147547e-05,0.0,0.0,,,,,fractional_return,R,False
ETHUSD,2023-01-21 23:30:00,2023-01-22 00:00:00,2023-01-22 11:30:00,long,0.5,1626.5,1624.55,1626.5,1624.55,2141.6850168476813,1585.2851986521855,2141.6850168476813,0.07892795533691192,-9.462619914355158e-05,8.287435310375752e-05,-0.0001775005522473091,-0.08875027612365455,24,max_holding_close,0.23413918506031575,-0.516804626091681,False,False,1585.2851986521855,False,1.0,0.5,10.304016757576072,,adverse_first,volatility_stop,0.002,,8.287435310375753e-05,-0.08875027612365455,0.23413918506031575,-0.516804626091681,8.287435310375753e-05,4.1437176551878765e-05,4.1437176551878765e-05,0.0,0.0,,,,,fractional_return,R,False
ETHUSD,2023-01-22 15:00:00,2023-01-22 15:30:00,2023-01-22 20:30:00,short,-0.5,1633.1999999999998,1625.0,1633.1999999999998,1625.0,1189.5277078606186,1668.6937833711504,1189.5277078606186,0.09202738310097831,0.0004620527439554305,9.662875225602723e-05,0.00036542399169940323,0.1827119958497016,11,r_trailing_stop,0.7057573924441206,-0.8663488949164514,False,False,1624.0868588308904,True,1.0,0.5,8.873717661780784,1624.0868588308904,adverse_first,volatility_stop,0.002,,9.662875225602724e-05,0.1827119958497016,0.7057573924441206,-0.8663488949164514,9.662875225602724e-05,4.831437612801362e-05,4.831437612801362e-05,0.0,0.0,,,,,fractional_return,R,False
ETHUSD,2023-01-22 20:30:00,2023-01-22 21:00:00,2023-01-22 22:00:00,long,0.5,1614.0,1625.1641612487767,1614.0,1625.1641612487767,2082.5983864590526,1576.5121290832758,2082.5983864590526,0.08610785091451845,0.0005956145801705768,9.041324346024436e-05,0.0005052013367103324,0.2526006683551662,3,r_trailing_stop,0.4228034191434664,-0.16938812060321695,False,False,1625.1641612487767,True,1.0,0.5,9.37167750244617,1625.1641612487767,adverse_first,volatility_stop,0.002,,9.041324346024439e-05,0.2526006683551662,0.4228034191434664,-0.16938812060321695,9.041324346024439e-05,4.520662173012219e-05,4.520662173012219e-05,0.0,0.0,,,,,fractional_return,R,False
ETHUSD,2023-01-25 15:30:00,2023-01-25 16:00:00,2023-01-25 20:00:00,short,-0.5,1544.6,1580.0199824754147,1544.6,1580.0199824754147,1101.850219057314,1580.0199824754147,1101.850219057314,0.08721630515046765,-0.002,9.157712040799103e-05,-0.002091577120407991,-1.0457885602039956,9,stop_loss,0.08469795269047109,-1.1166013429693824,False,False,1580.0199824754147,False,1.0,0.5,8.855282183742599,,adverse_first,volatility_stop,0.002,,9.157712040799111e-05,-1.0457885602039956,0.08469795269047109,-1.1166013429693824,9.157712040799111e-05,4.5788560203995554e-05,4.5788560203995554e-05,0.0,0.0,,,,,fractional_return,R,False
ETHUSD,2023-01-25 20:00:00,2023-01-25 20:30:00,2023-01-25 22:00:00,long,0.5,1578.65,1619.7822964688105,1578.65,1619.7822964688105,2020.4623291013763,1543.30501367189,2020.4623291013763,0.08932808661150843,0.002327475590850493,9.379449094208384e-05,0.002233681099908409,1.1168405499542047,4,r_trailing_stop,1.7315044185298534,-0.16975533514998614,False,False,1619.7822964688105,True,1.0,0.5,8.835407062378996,1619.7822964688105,adverse_first,volatility_stop,0.002,,9.379449094208377e-05,1.1168405499542047,1.7315044185298534,-0.16975533514998614,9.379449094208377e-05,4.6897245471041885e-05,4.6897245471041885e-05,0.0,0.0,,,,,fractional_return,R,False
ETHUSD,2023-01-26 13:00:00,2023-01-26 13:30:00,2023-01-26 14:00:00,short,-0.5,1611.7,1618.1999999999998,1611.7,1618.1999999999998,1131.0287483393215,1650.1537001328543,1131.0287483393215,0.08382548334395457,-0.00033806889727349955,8.80167575111523e-05,-0.00042608565478465183,-0.2130428273923259,2,r_trailing_stop,0.4069829417177198,-0.21974478322777835,False,False,1600.8570109094665,True,1.0,0.5,9.614021818932875,1600.8570109094665,adverse_first,volatility_stop,0.002,,8.801675751115228e-05,-0.2130428273923259,0.4069829417177198,-0.21974478322777835,8.801675751115228e-05,4.400837875557614e-05,4.400837875557614e-05,0.0,0.0,,,,,fractional_return,R,False
ETHUSD,2023-01-31 05:30:00,2023-01-31 06:00:00,2023-01-31 08:00:00,long,0.5,1562.4,1576.503772758478,1562.4,1576.503772758478,1997.0505486220122,1527.6279561102392,1997.0505486220122,0.08986529552035144,0.000811213330064311,9.4358560296369e-05,0.000716854769767942,0.358427384883971,5,r_trailing_stop,0.6082472479056087,-0.018693177831616985,False,False,1576.503772758478,True,1.0,0.5,8.692454483044004,1576.503772758478,adverse_first,volatility_stop,0.002,,9.435856029636899e-05,0.358427384883971,0.6082472479056087,-0.018693177831616985,9.435856029636899e-05,4.7179280148184493e-05,4.7179280148184493e-05,0.0,0.0,,,,,fractional_return,R,False
ETHUSD,2023-01-31 10:30:00,2023-01-31 11:00:00,2023-01-31 13:30:00,long,0.5,1567.25,1573.35,1567.25,1573.35,1979.0381659709383,1534.306946722325,1979.0381659709383,0.09514904321647066,0.00037033604314593634,9.990649537729419e-05,0.00027042954776864217,0.13521477388432107,6,r_trailing_stop,0.628357056813191,-0.024284330698092903,False,False,1574.6322495826128,True,1.0,0.5,8.235500834774655,1574.6322495826128,adverse_first,volatility_stop,0.002,,9.990649537729417e-05,0.13521477388432107,0.628357056813191,-0.024284330698092903,9.990649537729417e-05,4.9953247688647087e-05,4.9953247688647087e-05,0.0,0.0,,,,,fractional_return,R,False
ETHUSD,2023-01-31 13:30:00,2023-01-31 14:00:00,2023-01-31 16:00:00,long,0.5,1587.3000000000002,1588.75,1587.3000000000002,1588.75,1989.1018335546369,1555.1558533156292,1989.1018335546369,0.09876137111903947,9.021860273583825e-05,0.00010369943967499144,-1.3480836939153194e-05,-0.006740418469576597,5,r_trailing_stop,0.26910031505691323,-0.2348794657433267,False,False,1591.9318550188295,True,1.0,0.5,8.036289962340886,1591.9318550188295,adverse_first,volatility_stop,0.002,,0.00010369943967499144,-0.006740418469576597,0.26910031505691323,-0.2348794657433267,0.00010369943967499144,5.184971983749572e-05,5.184971983749572e-05,0.0,0.0,,,,,fractional_return,R,False
ETHUSD,2023-01-31 16:30:00,2023-01-31 17:00:00,2023-02-01 04:30:00,long,0.5,1593.7,1583.05,1593.7,1583.05,1995.6872995023616,1561.5410160398112,1995.6872995023616,0.0991138278481008,-0.0006623343581491372,0.00010406951924050584,-0.0007664038773896431,-0.3832019386948215,24,max_holding_close,0.2083399154741425,-0.9079888853499893,False,False,1561.5410160398112,False,1.0,0.5,8.039493917074198,,adverse_first,volatility_stop,0.002,,0.00010406951924050588,-0.3832019386948215,0.2083399154741425,-0.9079888853499893,0.00010406951924050588,5.203475962025294e-05,5.203475962025294e-05,0.0,0.0,,,,,fractional_return,R,False
ETHUSD,2023-02-01 06:00:00,2023-02-01 06:30:00,2023-02-01 13:30:00,long,0.5,1579.1,1583.5439438804228,1579.1,1583.5439438804228,1974.6930778267792,1547.4525537738575,1974.6930778267792,0.09979320218865469,0.00028084059918566845,0.00010478286229808741,0.00017605773688758104,0.08802886844379051,15,r_trailing_stop,0.2654242601433434,-0.3918167649735056,False,False,1583.5439438804228,True,1.0,0.5,7.912112239154561,1583.5439438804228,adverse_first,volatility_stop,0.002,,0.00010478286229808741,0.08802886844379051,0.2654242601433434,-0.3918167649735056,0.00010478286229808741,5.239143114904371e-05,5.239143114904371e-05,0.0,0.0,,,,,fractional_return,R,False
ETHUSD,2023-02-01 19:00:00,2023-02-01 19:30:00,2023-02-01 20:00:00,long,0.5,1575.5,1618.1,1575.5,1618.1,1975.359185598325,1543.511265152134,1975.359185598325,0.09850342675275282,0.002663437625939238,0.00010342859809039046,0.0025600090278488476,1.2800045139244238,2,r_trailing_stop,1.8600297974575668,-0.5486306377374826,False,False,1622.8515350338719,True,1.0,0.5,7.996929932256159,1622.8515350338719,adverse_first,volatility_stop,0.002,,0.00010342859809039061,1.2800045139244238,1.8600297974575668,-0.5486306377374826,0.00010342859809039061,5.1714299045195304e-05,5.1714299045195304e-05,0.0,0.0,,,,,fractional_return,R,False
ETHUSD,2023-02-02 14:00:00,2023-02-02 14:30:00,2023-02-02 15:00:00,short,-0.5,1684.0,1656.85,1684.0,1656.85,1249.1727153919637,1718.786182768643,1249.1727153919637,0.09682005129450409,0.0015609646037089008,0.00010166105385922929,0.0014593035498496716,0.7296517749248358,2,r_trailing_stop,0.9457778169801643,-0.1049267182971938,False,False,1655.4480145280345,True,1.0,0.5,8.696029056069007,1655.4480145280345,adverse_first,volatility_stop,0.002,,0.00010166105385922921,0.7296517749248358,0.9457778169801643,-0.1049267182971938,0.00010166105385922921,5.0830526929614606e-05,5.0830526929614606e-05,0.0,0.0,,,,,fractional_return,R,False
ETHUSD,2023-02-02 15:30:00,2023-02-02 16:00:00,2023-02-02 20:00:00,short,-0.5,1678.1999999999998,1675.25,1678.1999999999998,1675.25,1198.141393160261,1716.604688547179,1198.141393160261,0.08739557921103187,0.00015362707583870843,9.176535817158346e-05,6.186171766712497e-05,0.030930858833562485,9,r_trailing_stop,0.28772528610471854,-0.9139509088032556,False,False,1671.9504429555857,True,1.0,0.5,9.600885911171273,1671.9504429555857,adverse_first,volatility_stop,0.002,,9.176535817158346e-05,0.030930858833562485,0.28772528610471854,-0.9139509088032556,9.176535817158346e-05,4.588267908579173e-05,4.588267908579173e-05,0.0,0.0,,,,,fractional_return,R,False
ETHUSD,2023-02-03 13:00:00,2023-02-03 13:30:00,2023-02-03 14:00:00,short,-0.5,1648.05,1636.9499999999998,1648.05,1636.9499999999998,1184.8720547726377,1685.104235618189,1184.8720547726377,0.08895339345178743,0.0005991217907920564,9.34010631243768e-05,0.0005057207276676796,0.25286036383383975,2,r_trailing_stop,0.5491949748927101,0.0,False,False,1632.4827632457543,True,1.0,0.5,9.265526491508979,1632.4827632457543,adverse_first,volatility_stop,0.002,,9.340106312437683e-05,0.25286036383383975,0.5491949748927101,0.0,9.340106312437683e-05,4.6700531562188414e-05,4.6700531562188414e-05,0.0,0.0,,,,,fractional_return,R,False
ETHUSD,2023-02-03 14:00:00,2023-02-03 14:30:00,2023-02-03 15:00:00,short,-0.5,1633.8000000000002,1672.0554227259013,1633.8000000000002,1672.0554227259013,1155.6072159262376,1672.0554227259013,1155.6072159262376,0.08541534159515787,-0.002,8.968610867491577e-05,-0.0020896861086749157,-1.0448430543374578,2,stop_loss,0.02744708920153357,-1.0429893896580853,False,False,1672.0554227259013,False,1.0,0.5,9.56414844606916,,adverse_first,volatility_stop,0.002,,8.96861086749157e-05,-1.0448430543374578,0.02744708920153357,-1.0429893896580853,8.96861086749157e-05,4.484305433745785e-05,4.484305433745785e-05,0.0,0.0,,,,,fractional_return,R,False
ETHUSD,2023-02-04 06:00:00,2023-02-04 06:30:00,2023-02-04 13:00:00,short,-0.5,1652.75,1688.0051106368192,1652.75,1688.0051106368192,1212.0611170397606,1688.0051106368192,1212.0611170397606,0.09375945615521218,-0.002,9.844742896297278e-05,-0.002098447428962973,-1.0492237144814864,14,stop_loss,0.042547022911153615,-1.185643705124146,False,False,1688.0051106368192,False,1.0,0.5,8.81297754523913,,adverse_first,volatility_stop,0.002,,9.844742896297299e-05,-1.0492237144814864,0.042547022911153615,-1.185643705124146,9.844742896297299e-05,4.922371448148649e-05,4.922371448148649e-05,0.0,0.0,,,,,fractional_return,R,False
ETHUSD,2023-02-07 17:30:00,2023-02-07 18:00:00,2023-02-07 18:00:00,long,0.5,1671.45,1640.6262254459784,1671.45,1640.6262254459784,2056.747181925271,1640.6262254459784,2056.747181925271,0.10845200006706653,-0.002,0.00011387460007041984,-0.00211387460007042,-1.05693730003521,1,stop_loss,0.21087618547845685,-1.2766119843965087,False,False,1640.6262254459784,False,1.0,0.5,7.705712869843545,,adverse_first,volatility_stop,0.002,,0.00011387460007041992,-1.05693730003521,0.21087618547845685,-1.2766119843965087,0.00011387460007041992,5.693730003520996e-05,5.693730003520996e-05,0.0,0.0,,,,,fractional_return,R,False
ETHUSD,2023-02-08 23:00:00,2023-02-08 23:30:00,2023-02-09 03:30:00,short,-0.5,1648.5500000000002,1617.15,1648.5500000000002,1617.15,1243.1465897699354,1680.9822728184054,1243.1465897699354,0.10166108365149511,0.0019363428629140466,0.00010674413783406986,0.0018295987250799767,0.9147993625399884,9,r_trailing_stop,1.1855475012586862,-0.2158343955477437,False,False,1614.1539112739829,True,1.0,0.5,8.107822547966093,1614.1539112739829,adverse_first,volatility_stop,0.002,,0.00010674413783406988,0.9147993625399884,1.1855475012586862,-0.2158343955477437,0.00010674413783406988,5.337206891703494e-05,5.337206891703494e-05,0.0,0.0,,,,,fractional_return,R,False
ETHUSD,2023-02-09 06:30:00,2023-02-09 07:00:00,2023-02-09 13:00:00,short,-0.5,1634.5500000000002,1636.5,1634.5500000000002,1636.5,1221.0750034967905,1667.6279997202569,1221.0750034967905,0.0988300389275964,-0.00011790313903446544,0.00010377154087397622,-0.00022167467990844166,-0.11083733995422083,13,r_trailing_stop,0.2509220651246736,-0.2509220651246598,False,False,1630.3844968555063,True,1.0,0.5,8.268993711012687,1630.3844968555063,adverse_first,volatility_stop,0.002,,0.00010377154087397622,-0.11083733995422083,0.2509220651246736,-0.2509220651246598,0.00010377154087397622,5.188577043698811e-05,5.188577043698811e-05,0.0,0.0,,,,,fractional_return,R,False
ETHUSD,2023-02-09 16:00:00,2023-02-09 16:30:00,2023-02-09 17:00:00,short,-0.5,1625.6999999999998,1622.1999999999998,1625.6999999999998,1622.1999999999998,1240.0467683228662,1656.5522585341705,1240.0467683228662,0.1053861258292933,0.00022688776551794227,0.00011065543212075796,0.00011623233339718431,0.05811616669859215,2,r_trailing_stop,0.27388594551808737,-0.10372012137964179,False,False,1621.106650874161,True,1.0,0.5,7.713301748321814,1621.106650874161,adverse_first,volatility_stop,0.002,,0.00011065543212075796,0.05811616669859215,0.27388594551808737,-0.10372012137964179,0.00011065543212075796,5.532771606037898e-05,5.532771606037898e-05,0.0,0.0,,,,,fractional_return,R,False
ETHUSD,2023-02-10 12:00:00,2023-02-10 12:30:00,2023-02-10 16:00:00,short,-0.5,1538.9499999999998,1522.5,1538.9499999999998,1522.5,1100.2835993478539,1574.0433120521716,1100.2835993478539,0.08770617020770859,0.0009375005685154114,9.209147871809401e-05,0.0008454090897973174,0.42270454489865866,8,r_trailing_stop,0.9303767040130108,-0.2564591220862845,False,False,1510.6863787883594,True,1.0,0.5,8.772757576718513,1510.6863787883594,adverse_first,volatility_stop,0.002,,9.209147871809401e-05,0.42270454489865866,0.9303767040130108,-0.2564591220862845,9.209147871809401e-05,4.6045739359047006e-05,4.6045739359047006e-05,0.0,0.0,,,,,fractional_return,R,False
ETHUSD,2023-02-10 19:30:00,2023-02-10 20:00:00,2023-02-10 22:00:00,short,-0.5,1534.5500000000002,1505.4,1534.5500000000002,1505.4,1081.5309552887456,1570.7915235769005,1081.5309552887456,0.08468462959311635,0.001608652016968721,8.891886107277216e-05,0.0015197331558959488,0.7598665779479744,5,r_trailing_stop,1.1368175488698369,-0.027592658953144923,False,False,1497.8798951803528,True,1.0,0.5,9.059790360705865,1497.8798951803528,adverse_first,volatility_stop,0.002,,8.891886107277223e-05,0.7598665779479744,1.1368175488698369,-0.027592658953144923,8.891886107277223e-05,4.445943053638611e-05,4.445943053638611e-05,0.0,0.0,,,,,fractional_return,R,False
ETHUSD,2023-02-11 07:30:00,2023-02-11 08:00:00,2023-02-11 19:00:00,short,-0.5,1520.8,1515.0,1520.8,1515.0,1117.0936436198651,1553.0965085104108,1117.0936436198651,0.09417736282606337,0.00035917195186162986,9.888623096736653e-05,0.0002602857208942633,0.13014286044713164,23,r_trailing_stop,0.45515755968672206,-0.19506752558002174,False,False,1510.137329103955,True,1.0,0.5,8.074658207909964,1510.137329103955,adverse_first,volatility_stop,0.002,,9.888623096736656e-05,0.13014286044713164,0.45515755968672206,-0.19506752558002174,9.888623096736656e-05,4.944311548368328e-05,4.944311548368328e-05,0.0,0.0,,,,,fractional_return,R,False
ETHUSD,2023-02-15 11:30:00,2023-02-15 12:00:00,2023-02-15 12:30:00,long,0.5,1572.15,1586.65,1572.15,1586.65,1933.1874612046872,1543.267003103625,1933.1874612046872,0.1088633569182924,0.001004050933635626,0.00011430652476420701,0.0008897444088714191,0.4448722044357095,2,r_trailing_stop,0.6509019845637697,0.0,False,False,1587.339280882857,True,1.0,0.5,7.221438234285582,1587.339280882857,adverse_first,volatility_stop,0.002,,0.00011430652476420702,0.4448722044357095,0.6509019845637697,0.0,0.00011430652476420702,5.715326238210351e-05,5.715326238210351e-05,0.0,0.0,,,,,fractional_return,R,False
ETHUSD,2023-02-15 12:30:00,2023-02-15 13:00:00,2023-02-15 19:00:00,long,0.5,1584.8,1591.1109902214546,1584.8,1591.1109902214546,1958.7009658247232,1554.8879227340221,1958.7009658247232,0.10596388782417056,0.0004219693714573866,0.00011126208221537908,0.00031070728924200753,0.15535364462100376,13,r_trailing_stop,1.16508123759224,-0.5616460485380058,False,False,1591.1109902214546,True,1.0,0.5,7.478019557090643,1591.1109902214546,adverse_first,volatility_stop,0.002,,0.00011126208221537908,0.15535364462100376,1.16508123759224,-0.5616460485380058,0.00011126208221537908,5.563104110768954e-05,5.563104110768954e-05,0.0,0.0,,,,,fractional_return,R,False
ETHUSD,2023-02-16 06:30:00,2023-02-16 07:00:00,2023-02-16 14:00:00,long,0.5,1685.1,1673.9,1685.1,1673.9,2134.495659158472,1649.1483472673222,2134.495659158472,0.09374256101825058,-0.0006230589777487306,9.84296890691631e-05,-0.0007214886668178937,-0.36074433340894685,15,r_trailing_stop,0.26424376288451146,-0.46312196337127154,False,False,1690.1063100589383,True,1.0,0.5,8.987379882123339,1690.1063100589383,adverse_first,volatility_stop,0.002,,9.842968906916309e-05,-0.36074433340894685,0.26424376288451146,-0.46312196337127154,9.842968906916309e-05,4.921484453458154e-05,4.921484453458154e-05,0.0,0.0,,,,,fractional_return,R,False
ETHUSD,2023-02-16 14:30:00,2023-02-16 15:00:00,2023-02-16 15:30:00,short,-0.5,1679.0500000000002,1714.4892975888217,1679.0500000000002,1714.4892975888217,1236.0587801397314,1714.4892975888217,1236.0587801397314,0.09475639271866479,-0.002,9.949421235459802e-05,-0.0020994942123545982,-1.0497471061772992,2,stop_loss,0.08888438017444457,-1.3205679340202734,False,False,1714.4892975888217,False,1.0,0.5,8.859824608715632,,adverse_first,volatility_stop,0.002,,9.94942123545982e-05,-1.0497471061772992,0.08888438017444457,-1.3205679340202734,9.94942123545982e-05,4.97471061772991e-05,4.97471061772991e-05,0.0,0.0,,,,,fractional_return,R,False
ETHUSD,2023-02-17 14:00:00,2023-02-17 14:30:00,2023-02-17 15:00:00,short,-0.5,1665.0500000000002,1657.5500000000002,1665.0500000000002,1657.5500000000002,1187.0455507887064,1703.2903559369038,1187.0455507887064,0.0870833944509998,0.00039225576311972376,9.143756417354978e-05,0.000300818198946174,0.150409099473087,2,r_trailing_stop,0.47070691574366913,-0.4367114162732883,False,False,1651.8300446495662,True,1.0,0.5,9.560089299132096,1651.8300446495662,adverse_first,volatility_stop,0.002,,9.143756417354977e-05,0.150409099473087,0.47070691574366913,-0.4367114162732883,9.143756417354977e-05,4.5718782086774884e-05,4.5718782086774884e-05,0.0,0.0,,,,,fractional_return,R,False
ETHUSD,2023-02-18 12:00:00,2023-02-18 12:30:00,2023-02-18 20:00:00,short,-0.5,1696.4499999999998,1688.3000000000002,1696.4499999999998,1688.3000000000002,1250.711813876219,1732.1090548899024,1250.711813876219,0.0951483434004518,0.00045710689894405985,9.990576057047437e-05,0.0003572011383735855,0.17860056918679276,16,r_trailing_stop,0.4402808781240449,-0.4683242461574366,False,False,1688.1075134095872,True,1.0,0.5,8.915026819174477,1688.1075134095872,adverse_first,volatility_stop,0.002,,9.990576057047434e-05,0.17860056918679276,0.4402808781240449,-0.4683242461574366,9.990576057047434e-05,4.995288028523717e-05,4.995288028523717e-05,0.0,0.0,,,,,fractional_return,R,False
ETHUSD,2023-02-23 11:00:00,2023-02-23 11:30:00,2023-02-23 13:30:00,long,0.5,1640.1,1663.3,1640.1,1663.3,2071.7122316010295,1605.5710214719174,2071.7122316010295,0.09499846621098906,0.0013437988025699252,9.974838952153851e-05,0.0012440504130483867,0.6220252065241934,5,r_trailing_stop,0.8949004956769596,-0.31857299198856076,False,False,1666.6840094289548,True,1.0,0.5,8.631981142090424,1666.6840094289548,adverse_first,volatility_stop,0.002,,9.974838952153849e-05,0.6220252065241934,0.8949004956769596,-0.31857299198856076,9.974838952153849e-05,4.987419476076924e-05,4.987419476076924e-05,0.0,0.0,,,,,fractional_return,R,False
ETHUSD,2023-02-24 00:00:00,2023-02-24 00:30:00,2023-02-24 01:30:00,long,0.5,1652.2,1657.5,1652.2,1657.5,2126.931067870744,1614.2215145703406,2126.931067870744,0.08700715583090136,0.0002791053903303319,9.135751362244643e-05,0.00018774787670788548,0.09387393835394274,3,r_trailing_stop,0.32650064529208483,-0.1448188346053678,False,False,1659.8525456265186,True,1.0,0.5,9.494908746962613,1659.8525456265186,adverse_first,volatility_stop,0.002,,9.135751362244641e-05,0.09387393835394274,0.32650064529208483,-0.1448188346053678,9.135751362244641e-05,4.5678756811223206e-05,4.5678756811223206e-05,0.0,0.0,,,,,fractional_return,R,False
ETHUSD,2023-02-24 02:30:00,2023-02-24 03:00:00,2023-02-24 14:30:00,long,0.5,1648.85,1636.9499999999998,1648.85,1636.9499999999998,2112.699606545409,1611.7420314763672,2112.699606545409,0.08886770500249329,-0.0006413716769443446,9.331109025261795e-05,-0.0007346827671969626,-0.3673413835984813,24,max_holding_close,0.23849324962005564,-0.5066297280064498,False,False,1611.7420314763672,False,1.0,0.5,9.277273776939383,,adverse_first,volatility_stop,0.002,,9.331109025261799e-05,-0.3673413835984813,0.23849324962005564,-0.5066297280064498,9.331109025261799e-05,4.6655545126308995e-05,4.6655545126308995e-05,0.0,0.0,,,,,fractional_return,R,False
ETHUSD,2023-02-24 15:00:00,2023-02-24 15:30:00,2023-02-24 16:00:00,long,0.5,1620.65,1587.3173972921447,1620.65,1587.3173972921447,2037.3075338481926,1587.3173972921447,2037.3075338481926,0.09724113140544323,-0.002,0.00010210318797571538,-0.0021021031879757154,-1.0510515939878577,2,stop_loss,0.006000131515463235,-1.3380293279495223,False,False,1587.3173972921447,False,1.0,0.5,8.33289375365368,,adverse_first,volatility_stop,0.002,,0.00010210318797571538,-1.0510515939878577,0.006000131515463235,-1.3380293279495223,0.00010210318797571538,5.105159398785769e-05,5.105159398785769e-05,0.0,0.0,,,,,fractional_return,R,False
ETHUSD,2023-02-24 18:00:00,2023-02-24 18:30:00,2023-02-24 20:30:00,long,0.5,1595.95,1616.9,1595.95,1616.9,2045.7135750484188,1559.9689139961265,2045.7135750484188,0.08871049638847421,0.0011645007044948298,9.314602120789791e-05,0.0010713546832869319,0.5356773416434659,5,r_trailing_stop,0.7503942487198223,-0.24735217828172174,False,False,1618.451941690893,True,1.0,0.5,8.996116618214167,1618.451941690893,adverse_first,volatility_stop,0.002,,9.314602120789797e-05,0.5356773416434659,0.7503942487198223,-0.24735217828172174,9.314602120789797e-05,4.657301060394898e-05,4.657301060394898e-05,0.0,0.0,,,,,fractional_return,R,False
ETHUSD,2023-02-24 20:30:00,2023-02-24 21:00:00,2023-02-25 08:30:00,long,0.5,1611.6999999999998,1603.85,1611.6999999999998,1603.85,2076.6786903499624,1574.5017047720028,2076.6786903499624,0.08665450876829252,-0.00042206235269038337,9.098723420670714e-05,-0.0005130495868970905,-0.25652479344854523,24,max_holding_close,0.004032442860101676,-0.4744841098716725,False,False,1574.5017047720028,False,1.0,0.5,9.299862138046247,,adverse_first,volatility_stop,0.002,,9.098723420670714e-05,-0.25652479344854523,0.004032442860101676,-0.4744841098716725,9.098723420670714e-05,4.549361710335357e-05,4.549361710335357e-05,0.0,0.0,,,,,fractional_return,R,False
ETHUSD,2023-03-03 13:00:00,2023-03-03 13:30:00,2023-03-03 14:30:00,long,0.5,1569.9,1574.25,1569.9,1574.25,1948.1147444249132,1539.6428204460071,1948.1147444249132,0.10377041238748375,0.00028753506203296823,0.00010895893300685793,0.0001785761290261103,0.08928806451305515,3,r_trailing_stop,0.35198257593690396,-0.28257756096343956,False,False,1576.7677321868578,True,1.0,0.5,7.564535626284193,1576.7677321868578,adverse_first,volatility_stop,0.002,,0.00010895893300685793,0.08928806451305515,0.35198257593690396,-0.28257756096343956,0.00010895893300685793,5.447946650342896e-05,5.447946650342896e-05,0.0,0.0,,,,,fractional_return,R,False
ETHUSD,2023-03-03 18:30:00,2023-03-03 19:00:00,2023-03-03 20:00:00,long,0.5,1559.8000000000002,1564.8335493462878,1559.8000000000002,1564.8335493462878,1936.4571255680175,1529.6674299545589,1936.4571255680175,0.10352917110274665,0.0003340935963110227,0.00010870562965788398,0.0002253879666531387,0.11269398332656935,3,r_trailing_stop,0.29204279577642805,-0.08462603741249634,False,False,1564.8335493462878,True,1.0,0.5,7.53290130742419,1564.8335493462878,adverse_first,volatility_stop,0.002,,0.00010870562965788398,0.11269398332656935,0.29204279577642805,-0.08462603741249634,0.00010870562965788398,5.435281482894199e-05,5.435281482894199e-05,0.0,0.0,,,,,fractional_return,R,False
ETHUSD,2023-03-03 21:00:00,2023-03-03 21:30:00,2023-03-04 01:30:00,long,0.5,1558.5500000000002,1571.95,1558.5500000000002,1571.95,1935.6925788174385,1528.3785936946051,1935.6925788174385,0.1033130497282329,0.0008882582312779851,0.00010847870221464453,0.0007797795290633405,0.38988976453167024,9,r_trailing_stop,0.6214493222560606,-0.24526533251706162,False,False,1573.528332114943,True,1.0,0.5,7.543335770114495,1573.528332114943,adverse_first,volatility_stop,0.002,,0.00010847870221464457,0.38988976453167024,0.6214493222560606,-0.24526533251706162,0.00010847870221464457,5.423935110732229e-05,5.423935110732229e-05,0.0,0.0,,,,,fractional_return,R,False
ETHUSD,2023-03-06 01:30:00,2023-03-06 02:00:00,2023-03-06 10:30:00,long,0.5,1562.0500000000002,1565.253546349578,1562.0500000000002,1565.253546349578,1821.6787435578417,1541.279700515373,1821.6787435578417,0.1504118899350601,0.00030847377544544296,0.0001579324844318131,0.00015054129101362985,0.07527064550681492,18,r_trailing_stop,0.30572500915067446,-0.3225759939070286,False,False,1565.253546349578,True,1.0,0.5,5.192907300843646,1565.253546349578,adverse_first,volatility_stop,0.002,,0.0001579324844318131,0.07527064550681492,0.30572500915067446,-0.3225759939070286,0.0001579324844318131,7.896624221590655e-05,7.896624221590655e-05,0.0,0.0,,,,,fractional_return,R,False
ETHUSD,2023-03-08 15:00:00,2023-03-08 15:30:00,2023-03-08 18:30:00,short,-0.5,1557.85,1552.750838329181,1557.85,1552.750838329181,1287.7835108237573,1579.4553191340992,1287.7835108237573,0.1442098577975888,0.0004720283592359387,0.00015142035068746822,0.00032060800854847053,0.16030400427423527,7,r_trailing_stop,0.42119257500980534,-0.35176522748072636,False,False,1552.750838329181,True,1.0,0.5,5.401676658362047,1552.750838329181,adverse_first,volatility_stop,0.002,,0.0001514203506874682,0.16030400427423527,0.42119257500980534,-0.35176522748072636,0.0001514203506874682,7.57101753437341e-05,7.57101753437341e-05,0.0,0.0,,,,,fractional_return,R,False
ETHUSD,2023-03-09 06:30:00,2023-03-09 07:00:00,2023-03-09 09:00:00,short,-0.5,1540.85,1532.6,1540.85,1532.6,1265.8532855034805,1562.8497371597214,1265.8532855034805,0.14007894629042034,0.0007500089605710949,0.00014708289360494133,0.0006029260669661536,0.3014630334830768,5,r_trailing_stop,0.684099082217876,0.0,False,False,1528.5500563895355,True,1.0,0.5,5.500112779070844,1528.5500563895355,adverse_first,volatility_stop,0.002,,0.00014708289360494133,0.3014630334830768,0.684099082217876,0.0,0.00014708289360494133,7.354144680247067e-05,7.354144680247067e-05,0.0,0.0,,,,,fractional_return,R,False
ETHUSD,2023-03-09 12:00:00,2023-03-09 12:30:00,2023-03-09 17:00:00,short,-0.5,1531.5500000000002,1526.4,1531.5500000000002,1526.4,1266.4133908689955,1552.7609287304806,1266.4133908689955,0.14441140408898204,0.00048559872747103676,0.00015163197429343114,0.0003339667531776056,0.1669833765888028,10,r_trailing_stop,0.4078086400606265,-0.6836098590611479,False,False,1525.8511929178067,True,1.0,0.5,5.302385835613808,1525.8511929178067,adverse_first,volatility_stop,0.002,,0.00015163197429343114,0.1669833765888028,0.4078086400606265,-0.6836098590611479,0.00015163197429343114,7.581598714671557e-05,7.581598714671557e-05,0.0,0.0,,,,,fractional_return,R,False
ETHUSD,2023-03-12 05:30:00,2023-03-12 06:00:00,2023-03-12 17:30:00,long,0.5,1471.9499999999998,1516.4499999999998,1471.9499999999998,1516.4499999999998,2130.7665934081188,1419.2446725273503,2130.7665934081188,0.055855833578259885,0.0016886338491338417,5.864862525717288e-05,0.0016299852238766688,0.8149926119383344,24,r_trailing_stop,1.2750134231662351,-0.284601210528172,False,False,1532.557582205245,True,1.0,0.5,13.184835589510541,1532.557582205245,adverse_first,volatility_stop,0.002,,5.864862525717298e-05,0.8149926119383344,1.2750134231662351,-0.284601210528172,5.864862525717298e-05,2.932431262858649e-05,2.932431262858649e-05,0.0,0.0,,,,,fractional_return,R,False
ETHUSD,2023-03-13 13:00:00,2023-03-13 13:30:00,2023-03-13 14:30:00,long,0.5,1596.6999999999998,1642.584490577985,1596.6999999999998,1642.584490577985,2363.1789383113382,1535.3816849350928,2363.1789383113382,0.05207905658561721,0.0014965998504497405,5.468300941489807e-05,0.0014419168410348424,0.7209584205174212,3,r_trailing_stop,1.0070400651850315,-0.21445468594627934,False,False,1642.584490577985,True,1.0,0.5,15.331018844030096,1642.584490577985,adverse_first,volatility_stop,0.002,,5.4683009414898147e-05,0.7209584205174212,1.0070400651850315,-0.21445468594627934,5.4683009414898147e-05,2.7341504707449073e-05,2.7341504707449073e-05,0.0,0.0,,,,,fractional_return,R,False
ETHUSD,2023-03-13 22:00:00,2023-03-13 22:30:00,2023-03-14 10:00:00,long,0.5,1687.2,1678.25,1687.2,1678.25,2504.150581893325,1621.843953448534,2504.150581893325,0.05163102999724376,-0.0002738843755780812,5.421258149710595e-05,-0.0003280969570751871,-0.16404847853759355,24,max_holding_close,0.17136899477511014,-0.38022495715727617,False,False,1621.843953448534,False,1.0,0.5,16.33852795770207,,adverse_first,volatility_stop,0.002,,5.4212581497105935e-05,-0.16404847853759355,0.17136899477511014,-0.38022495715727617,5.4212581497105935e-05,2.7106290748552968e-05,2.7106290748552968e-05,0.0,0.0,,,,,fractional_return,R,False
ETHUSD,2023-03-14 14:00:00,2023-03-14 14:30:00,2023-03-14 19:00:00,short,-0.5,1747.3000000000002,1738.5483355209622,1747.3000000000002,1738.5483355209622,962.511336137727,1810.083093108982,962.511336137727,0.05566148188866561,0.00027879048468817827,5.8444555983098886e-05,0.00022034592870507938,0.11017296435253969,10,r_trailing_stop,0.868864487216483,-0.5646424577786262,False,False,1738.5483355209622,True,1.0,0.5,15.696671041924452,1738.5483355209622,adverse_first,volatility_stop,0.002,,5.8444555983098886e-05,0.11017296435253969,0.868864487216483,-0.5646424577786262,5.8444555983098886e-05,2.9222277991549443e-05,2.9222277991549443e-05,0.0,0.0,,,,,fractional_return,R,False
ETHUSD,2023-03-15 12:30:00,2023-03-15 13:00:00,2023-03-15 13:30:00,long,0.5,1682.85,1691.0,1682.85,1691.0,2491.6069896457716,1618.1494408283381,2491.6069896457716,0.052019643154400226,0.00025192981650674516,5.4620625312120235e-05,0.00019730919119462492,0.09865459559731246,2,r_trailing_stop,0.2789774961930454,-0.18933375780414247,False,False,1692.8114692716663,True,1.0,0.5,16.177061456667804,1692.8114692716663,adverse_first,volatility_stop,0.002,,5.462062531212024e-05,0.09865459559731246,0.2789774961930454,-0.18933375780414247,5.462062531212024e-05,2.731031265606012e-05,2.731031265606012e-05,0.0,0.0,,,,,fractional_return,R,False
ETHUSD,2023-03-15 13:30:00,2023-03-15 14:00:00,2023-03-16 01:30:00,long,0.5,1672.1,1650.8000000000002,1672.1,1650.8000000000002,2495.258245203085,1606.247340383753,2495.258245203085,0.05078306661398588,-0.0006468987015596447,5.332221994468517e-05,-0.0007002209215043299,-0.3501104607521649,24,max_holding_close,0.15337269684864901,-0.8708835806208006,False,False,1606.247340383753,False,1.0,0.5,16.46168782889722,,adverse_first,volatility_stop,0.002,,5.332221994468515e-05,-0.3501104607521649,0.15337269684864901,-0.8708835806208006,5.332221994468515e-05,2.6661109972342574e-05,2.6661109972342574e-05,0.0,0.0,,,,,fractional_return,R,False
ETHUSD,2023-03-23 16:00:00,2023-03-23 16:30:00,2023-03-24 04:00:00,long,0.5,1830.3,1814.45,1830.3,1814.45,2444.4714085615237,1781.166287315078,2444.4714085615237,0.07450281690443798,-0.0006451781937033984,7.822795774965988e-05,-0.0007234061514530583,-0.36170307572652916,24,max_holding_close,0.10481601569629645,-0.6777423927546806,False,False,1781.166287315078,False,1.0,0.5,12.283092685745094,,adverse_first,volatility_stop,0.002,,7.82279577496599e-05,-0.36170307572652916,0.10481601569629645,-0.6777423927546806,7.82279577496599e-05,3.911397887482995e-05,3.911397887482995e-05,0.0,0.0,,,,,fractional_return,R,False
ETHUSD,2023-03-29 10:30:00,2023-03-29 11:00:00,2023-03-29 12:30:00,short,-0.5,1811.2,1808.7,1811.2,1808.7,1349.9382048368454,1848.1009436130523,1349.9382048368454,0.09816551137512666,0.00013549789003854815,0.00010307378694388299,3.2424103094665156e-05,0.016212051547332577,4,r_trailing_stop,0.25202607547169714,-0.039294388111180016,False,False,1806.5130000421009,True,1.0,0.5,9.226000084201788,1806.5130000421009,adverse_first,volatility_stop,0.002,,0.00010307378694388299,0.016212051547332577,0.25202607547169714,-0.039294388111180016,0.00010307378694388299,5.1536893471941495e-05,5.1536893471941495e-05,0.0,0.0,,,,,fractional_return,R,False
ETHUSD,2023-03-31 15:00:00,2023-03-31 15:30:00,2023-04-01 02:30:00,long,0.5,1828.3,1830.5,1828.3,1830.5,2281.0717475406823,1792.0782601967453,2281.0717475406823,0.10095042424415644,0.00012147401046718446,0.00010599794545636426,1.54760650108202e-05,0.007738032505410099,23,r_trailing_stop,0.3989316934660787,-0.3630416449189525,False,False,1838.2224064710042,True,1.0,0.5,9.05518705799176,1838.2224064710042,adverse_first,volatility_stop,0.002,,0.00010599794545636426,0.007738032505410099,0.3989316934660787,-0.3630416449189525,0.00010599794545636426,5.299897272818213e-05,5.299897272818213e-05,0.0,0.0,,,,,fractional_return,R,False
ETHUSD,2023-04-04 23:00:00,2023-04-04 23:30:00,2023-04-05 00:30:00,short,-0.5,1864.45,1901.0972241098061,1864.45,1901.0972241098061,1406.3596986274235,1901.0972241098061,1406.3596986274235,0.1017512264728999,-0.002,0.00010683878779654489,-0.0021068387877965448,-1.0534193938982723,3,stop_loss,0.006821799087726945,-1.4516788458682952,False,False,1901.0972241098061,False,1.0,0.5,9.161560264134442,,adverse_first,volatility_stop,0.002,,0.00010683878779654474,-1.0534193938982723,0.006821799087726945,-1.4516788458682952,0.00010683878779654474,5.341939389827237e-05,5.341939389827237e-05,0.0,0.0,,,,,fractional_return,R,False
ETHUSD,2023-04-06 05:30:00,2023-04-06 06:00:00,2023-04-06 17:30:00,long,0.5,1888.2,1875.7,1888.2,1875.7,2329.190291736089,1852.920776661113,2329.190291736089,0.10704317279676058,-0.0007086323800230465,0.00011239533143659861,-0.0008210277114596451,-0.4105138557298225,24,max_holding_close,0.15448185884502458,-0.9198048292699105,False,False,1852.920776661113,False,1.0,0.5,8.820272898785246,,adverse_first,volatility_stop,0.002,,0.0001123953314365986,-0.4105138557298225,0.15448185884502458,-0.9198048292699105,0.0001123953314365986,5.61976657182993e-05,5.61976657182993e-05,0.0,0.0,,,,,fractional_return,R,False
ETHUSD,2023-04-11 06:00:00,2023-04-11 06:30:00,2023-04-11 09:30:00,short,-0.5,1921.9,1917.3713683654785,1921.9,1917.3713683654785,1544.7729609143921,1952.0701631268487,1544.7729609143921,0.1274040177986103,0.0003002059760486777,0.0001337742186885408,0.0001664317573601369,0.08321587868006845,7,r_trailing_stop,0.27510623542548784,-0.19721471093753817,False,False,1917.3713683654785,True,1.0,0.5,7.542736730957055,1917.3713683654785,adverse_first,volatility_stop,0.002,,0.0001337742186885408,0.08321587868006845,0.27510623542548784,-0.19721471093753817,0.0001337742186885408,6.68871093442704e-05,6.68871093442704e-05,0.0,0.0,,,,,fractional_return,R,False
ETHUSD,2023-04-14 12:00:00,2023-04-14 12:30:00,2023-04-14 15:00:00,long,0.5,2117.45,2075.0890938355587,2117.45,2075.0890938355587,2646.9613270555155,2075.0890938355587,2646.9613270555155,0.09997189350861609,-0.0019999999999999888,0.00010497048818404688,-0.0021049704881840356,-1.0524852440920178,6,stop_loss,0.08380368413790333,-1.2783012664978035,False,False,2075.0890938355587,False,1.0,0.5,10.589726850555033,,adverse_first,volatility_stop,0.002,,0.00010497048818404681,-1.0524852440920178,0.08380368413790333,-1.2783012664978035,0.00010497048818404681,5.2485244092023405e-05,5.2485244092023405e-05,0.0,0.0,,,,,fractional_return,R,False
ETHUSD,2023-04-15 17:00:00,2023-04-15 17:30:00,2023-04-16 05:00:00,long,0.5,2100.1,2098.95,2100.1,2098.95,2596.588348133862,2060.380932149291,2596.588348133862,0.10574769820347205,-5.7906696316370175e-05,0.00011103508311364564,-0.00016894177943001582,-0.08447088971500791,24,max_holding_close,0.10196613916577306,-0.6281617709101001,False,False,2060.380932149291,False,1.0,0.5,9.930002895780548,,adverse_first,volatility_stop,0.002,,0.00011103508311364564,-0.08447088971500791,0.10196613916577306,-0.6281617709101001,0.00011103508311364564,5.551754155682282e-05,5.551754155682282e-05,0.0,0.0,,,,,fractional_return,R,False
ETHUSD,2023-04-27 20:00:00,2023-04-27 20:30:00,2023-04-28 08:00:00,long,0.5,1916.65,1915.25,1916.65,1915.25,2640.4443571119104,1858.7464514310473,2640.4443571119104,0.06620146942177856,-4.835627641483677e-05,6.951154289286748e-05,-0.00011786781930770424,-0.05893390965385212,24,max_holding_close,0.15888490822016296,-0.3695801125990836,False,False,1858.7464514310473,False,1.0,0.5,14.47626479713959,,adverse_first,volatility_stop,0.002,,6.951154289286748e-05,-0.05893390965385212,0.15888490822016296,-0.3695801125990836,6.951154289286748e-05,3.475577144643374e-05,3.475577144643374e-05,0.0,0.0,,,,,fractional_return,R,False
ETHUSD,2023-04-28 08:30:00,2023-04-28 09:00:00,2023-04-28 20:30:00,long,0.5,1909.95,1896.7,1909.95,1896.7,2496.205323006772,1863.0495741594584,2496.205323006772,0.08144702167497161,-0.0005650268526366519,8.551937275872019e-05,-0.0006505462253953721,-0.32527311269768605,24,max_holding_close,0.12686451974294766,-0.7356009968288505,False,False,1863.0495741594584,False,1.0,0.5,11.724492187738592,,adverse_first,volatility_stop,0.002,,8.55193727587202e-05,-0.32527311269768605,0.12686451974294766,-0.7356009968288505,8.55193727587202e-05,4.27596863793601e-05,4.27596863793601e-05,0.0,0.0,,,,,fractional_return,R,False
ETHUSD,2023-05-01 15:00:00,2023-05-01 15:30:00,2023-05-01 17:00:00,long,0.5,1829.7,1836.5567833632288,1829.7,1836.5567833632288,2224.010892778449,1798.155128577724,2224.010892778449,0.11600617897639798,0.00043473205336236125,0.00012180648792521787,0.00031292556543714337,0.15646278271857167,4,r_trailing_stop,0.3851656212939874,-0.25360699344460363,False,False,1836.5567833632288,True,1.0,0.5,7.8864332735425355,1836.5567833632288,adverse_first,volatility_stop,0.002,,0.00012180648792521788,0.15646278271857167,0.3851656212939874,-0.25360699344460363,0.00012180648792521788,6.090324396260894e-05,6.090324396260894e-05,0.0,0.0,,,,,fractional_return,R,False
ETHUSD,2023-05-01 19:00:00,2023-05-01 19:30:00,2023-05-01 23:00:00,long,0.5,1822.8,1826.15,1822.8,1826.15,2240.6837954532352,1789.3692963637411,2240.6837954532352,0.10904945464701477,0.00020041456718646768,0.0001145019273793655,8.591263980710218e-05,0.04295631990355109,8,r_trailing_stop,0.32006505505899246,-0.4875757380805178,False,False,1829.32093275237,True,1.0,0.5,8.358134495260105,1829.32093275237,adverse_first,volatility_stop,0.002,,0.0001145019273793655,0.04295631990355109,0.32006505505899246,-0.4875757380805178,0.0001145019273793655,5.725096368968275e-05,5.725096368968275e-05,0.0,0.0,,,,,fractional_return,R,False
ETHUSD,2023-05-02 00:00:00,2023-05-02 00:30:00,2023-05-02 12:00:00,long,0.5,1834.65,1829.3,1834.65,1829.3,2262.3836860983633,1800.431305112131,2262.3836860983633,0.10723085763568414,-0.00031269456754744375,0.00011259240051746835,-0.00042528696806491207,-0.21264348403245603,24,max_holding_close,0.17388155858945856,-0.3112333779794632,False,False,1800.431305112131,False,1.0,0.5,8.554207088044242,,adverse_first,volatility_stop,0.002,,0.00011259240051746832,-0.21264348403245603,0.17388155858945856,-0.3112333779794632,0.00011259240051746832,5.629620025873416e-05,5.629620025873416e-05,0.0,0.0,,,,,fractional_return,R,False
ETHUSD,2023-05-02 12:30:00,2023-05-02 13:00:00,2023-05-02 14:30:00,long,0.5,1832.25,1851.8885527493348,1832.25,1851.8885527493348,2193.4144371645525,1803.3568450268358,2193.4144371645525,0.1268293477608647,0.0013593913691720399,0.00013317081514890793,0.001226220554023132,0.613110277011566,4,r_trailing_stop,1.1784798175078286,-0.25265499758611176,False,False,1851.8885527493348,True,1.0,0.5,7.222894501330337,1851.8885527493348,adverse_first,volatility_stop,0.002,,0.00013317081514890796,0.613110277011566,1.1784798175078286,-0.25265499758611176,0.00013317081514890796,6.658540757445398e-05,6.658540757445398e-05,0.0,0.0,,,,,fractional_return,R,False
ETHUSD,2023-05-03 16:00:00,2023-05-03 16:30:00,2023-05-03 18:00:00,short,-0.5,1861.9,1889.955052316841,1861.9,1889.955052316841,1511.2118460394909,1889.955052316841,1511.2118460394909,0.13273188579173303,-0.002,0.00013936848008131968,-0.0021393684800813197,-1.0696842400406599,4,stop_loss,0.19782533061500082,-1.0907126336610466,False,False,1889.955052316841,False,1.0,0.5,7.013574668904753,,adverse_first,volatility_stop,0.002,,0.0001393684800813197,-1.0696842400406599,0.19782533061500082,-1.0907126336610466,0.0001393684800813197,6.968424004065985e-05,6.968424004065985e-05,0.0,0.0,,,,,fractional_return,R,False
ETHUSD,2023-05-03 18:00:00,2023-05-03 18:30:00,2023-05-03 19:00:00,short,-0.5,1882.45,1886.05,1882.45,1886.05,1497.2559842223302,1913.2655212622137,1497.2559842223302,0.12217544424979666,-0.0002336484896274933,0.00012828421646228648,-0.0003619327060897798,-0.1809663530448899,2,r_trailing_stop,0.46242930238773866,-0.3942818262463833,False,False,1872.0518377755188,True,1.0,0.5,7.703675551037414,1872.0518377755188,adverse_first,volatility_stop,0.002,,0.00012828421646228648,-0.1809663530448899,0.46242930238773866,-0.3942818262463833,0.00012828421646228648,6.414210823114324e-05,6.414210823114324e-05,0.0,0.0,,,,,fractional_return,R,False
ETHUSD,2023-05-03 19:00:00,2023-05-03 19:30:00,2023-05-03 20:00:00,short,-0.5,1879.65,1872.4200996727955,1879.65,1872.4200996727955,1462.6733214749024,1913.0081342820079,1462.6733214749024,0.11269515159987926,0.0004334715044962337,0.00011832990917987322,0.00031514159531636045,0.15757079765818022,2,r_trailing_stop,0.34924015538494013,-0.06744981541769177,False,False,1872.4200996727955,True,1.0,0.5,8.340199345590987,1872.4200996727955,adverse_first,volatility_stop,0.002,,0.00011832990917987323,0.15757079765818022,0.34924015538494013,-0.06744981541769177,0.00011832990917987323,5.9164954589936616e-05,5.9164954589936616e-05,0.0,0.0,,,,,fractional_return,R,False
ETHUSD,2023-05-04 10:30:00,2023-05-04 11:00:00,2023-05-04 12:30:00,short,-0.5,1912.1,1906.5199021062951,1912.1,1906.5199021062951,1525.0996772436424,1943.0600258205086,1525.0996772436424,0.12352056881899517,0.00036047113953039945,0.00012969659725994492,0.00023077454227045453,0.11538727113522726,4,r_trailing_stop,0.5813948639563586,-0.04683458626315258,False,False,1906.5199021062951,True,1.0,0.5,7.739804212590163,1906.5199021062951,adverse_first,volatility_stop,0.002,,0.00012969659725994492,0.11538727113522726,0.5813948639563586,-0.04683458626315258,0.00012969659725994492,6.484829862997246e-05,6.484829862997246e-05,0.0,0.0,,,,,fractional_return,R,False
ETHUSD,2023-05-04 12:30:00,2023-05-04 13:00:00,2023-05-04 13:30:00,short,-0.5,1899.2,1892.85,1899.2,1892.85,1513.571689222753,1930.0502648621798,1513.571689222753,0.12312374032991107,0.000411665833558847,0.0001292799273464066,0.0002823859062124404,0.14119295310622018,2,r_trailing_stop,0.6499133829019353,-0.05996707024281916,False,False,1892.7560798654342,True,1.0,0.5,7.712159730868149,1892.7560798654342,adverse_first,volatility_stop,0.002,,0.00012927992734640664,0.14119295310622018,0.6499133829019353,-0.05996707024281916,0.00012927992734640664,6.463996367320332e-05,6.463996367320332e-05,0.0,0.0,,,,,fractional_return,R,False
ETHUSD,2023-05-05 23:00:00,2023-05-05 23:30:00,2023-05-06 01:30:00,short,-0.5,1997.15,1989.9224078305842,1997.15,1989.9224078305842,1554.9202888881323,2032.5283768889494,1554.9202888881323,0.11290229657900545,0.0004085881153961879,0.00011854741140795572,0.0002900407039882322,0.14502035199411611,5,r_trailing_stop,0.4042016976891577,-0.6345683995189791,False,False,1989.9224078305842,True,1.0,0.5,8.844815661168477,1989.9224078305842,adverse_first,volatility_stop,0.002,,0.0001185474114079557,0.14502035199411611,0.4042016976891577,-0.6345683995189791,0.0001185474114079557,5.927370570397785e-05,5.927370570397785e-05,0.0,0.0,,,,,fractional_return,R,False
ETHUSD,2023-05-07 23:30:00,2023-05-08 00:00:00,2023-05-08 00:30:00,long,0.5,1873.35,1881.8584095535607,1873.35,1881.8584095535607,2332.4967949817888,1836.6182564014568,2332.4967949817888,0.10200169207727469,0.000463272838150723,0.00010710177668113842,0.0003561710614695846,0.1780855307347923,2,r_trailing_stop,0.35663975397344705,-0.24910333960740136,False,False,1881.8584095535607,True,1.0,0.5,9.183180892878653,1881.8584095535607,adverse_first,volatility_stop,0.002,,0.00010710177668113842,0.1780855307347923,0.35663975397344705,-0.24910333960740136,0.00010710177668113842,5.355088834056921e-05,5.355088834056921e-05,0.0,0.0,,,,,fractional_return,R,False
ETHUSD,2023-05-09 07:30:00,2023-05-09 08:00:00,2023-05-09 10:00:00,short,-0.5,1849.6,1844.306907966931,1849.6,1844.306907966931,1383.8966297268867,1886.856269621849,1383.8966297268867,0.09929067073936443,0.0002841450358177987,0.00010425520427633265,0.00017988983154146603,0.089944915770733,5,r_trailing_stop,0.2670691430192093,-0.006710279975357141,False,False,1844.306907966931,True,1.0,0.5,9.313815933861694,1844.306907966931,adverse_first,volatility_stop,0.002,,0.00010425520427633265,0.089944915770733,0.2670691430192093,-0.006710279975357141,0.00010425520427633265,5.2127602138166325e-05,5.2127602138166325e-05,0.0,0.0,,,,,fractional_return,R,False
ETHUSD,2023-05-09 11:30:00,2023-05-09 12:00:00,2023-05-09 14:30:00,short,-0.5,1847.9,1840.7907057951468,1847.9,1840.7907057951468,1408.8175463672728,1883.0265962906183,1408.8175463672728,0.10521372379558153,0.0004047812743389589,0.0001104744099853606,0.0002943068643535983,0.14715343217679913,6,r_trailing_stop,0.32738725679127323,-0.19785577693037298,False,False,1840.7907057951468,True,1.0,0.5,8.781411590293589,1840.7907057951468,adverse_first,volatility_stop,0.002,,0.0001104744099853606,0.14715343217679913,0.32738725679127323,-0.19785577693037298,0.0001104744099853606,5.52372049926803e-05,5.52372049926803e-05,0.0,0.0,,,,,fractional_return,R,False
ETHUSD,2023-05-09 20:00:00,2023-05-09 20:30:00,2023-05-09 23:00:00,short,-0.5,1852.05,1847.266001735186,1852.05,1847.266001735186,1415.4852013387251,1886.975183892902,1415.4852013387251,0.10605813877340248,0.00027395694061249035,0.00011136104571207259,0.00016259589490041776,0.08129794745020888,6,r_trailing_stop,0.2619885990595879,-0.014316316888502283,False,False,1847.266001735186,True,1.0,0.5,8.732003470371442,1847.266001735186,adverse_first,volatility_stop,0.002,,0.00011136104571207259,0.08129794745020888,0.2619885990595879,-0.014316316888502283,0.00011136104571207259,5.5680522856036294e-05,5.5680522856036294e-05,0.0,0.0,,,,,fractional_return,R,False
ETHUSD,2023-05-12 12:30:00,2023-05-12 13:00:00,2023-05-12 14:30:00,long,0.5,1773.1,1776.1,1773.1,1776.1,2232.0133144915103,1736.386934840679,2232.0133144915103,0.09659231623975911,0.00016342955767824314,0.00010142193205174707,6.200762562649608e-05,0.031003812813248037,4,r_trailing_stop,0.29825894276278475,-0.21382033796235386,False,False,1779.460996149643,True,1.0,0.5,9.178007700714364,1779.460996149643,adverse_first,volatility_stop,0.002,,0.00010142193205174707,0.031003812813248037,0.29825894276278475,-0.21382033796235386,0.00010142193205174707,5.071096602587353e-05,5.071096602587353e-05,0.0,0.0,,,,,fractional_return,R,False
ETHUSD,2023-05-12 14:30:00,2023-05-12 15:00:00,2023-05-12 16:30:00,long,0.5,1767.4,1772.7541965818966,1767.4,1772.7541965818966,2226.967332714796,1730.6346133828165,2226.967332714796,0.0961447797844693,0.0002912629010349603,0.00010095201877369276,0.00019031088226126758,0.09515544113063379,4,r_trailing_stop,0.2706349889259518,-0.14279735596595708,False,False,1772.7541965818966,True,1.0,0.5,9.191606836206798,1772.7541965818966,adverse_first,volatility_stop,0.002,,0.00010095201877369274,0.09515544113063379,0.2706349889259518,-0.14279735596595708,0.00010095201877369274,5.047600938684637e-05,5.047600938684637e-05,0.0,0.0,,,,,fractional_return,R,False
ETHUSD,2023-05-12 19:00:00,2023-05-12 19:30:00,2023-05-12 20:00:00,long,0.5,1756.35,1788.9558486751816,1756.35,1788.9558486751816,2220.7386917782947,1719.1989046577364,2220.7386917782947,0.0945517209556916,0.0017553102203201403,9.927930700347617e-05,0.0016560309133166642,0.8280154566583321,2,r_trailing_stop,1.0026622272324768,-0.08344303099115669,False,False,1788.9558486751816,True,1.0,0.5,9.288302649636353,1788.9558486751816,adverse_first,volatility_stop,0.002,,9.92793070034761e-05,0.8280154566583321,1.0026622272324768,-0.08344303099115669,9.92793070034761e-05,4.963965350173805e-05,4.963965350173805e-05,0.0,0.0,,,,,fractional_return,R,False
ETHUSD,2023-05-13 19:30:00,2023-05-13 20:00:00,2023-05-13 21:00:00,long,0.5,1793.8,1801.1938469044933,1793.8,1801.1938469044933,2194.404155818,1761.7516675345598,2194.404155818,0.1119434218260423,0.0004614185098377156,0.00011754059291734442,0.0003438779169203712,0.1719389584601856,3,r_trailing_stop,0.3775547452600968,-0.007800717877274639,False,False,1801.1938469044933,True,1.0,0.5,8.012306191013714,1801.1938469044933,adverse_first,volatility_stop,0.002,,0.00011754059291734442,0.1719389584601856,0.3775547452600968,-0.007800717877274639,0.00011754059291734442,5.877029645867221e-05,5.877029645867221e-05,0.0,0.0,,,,,fractional_return,R,False
ETHUSD,2023-05-23 04:00:00,2023-05-23 04:30:00,2023-05-23 16:00:00,long,0.5,1862.7,1854.05,1862.7,1854.05,2148.5115682471546,1839.8350745402277,2148.5115682471546,0.16293077388571953,-0.00075661738020696,0.0001710773125800055,-0.0009276946927869656,-0.4638473463934828,24,max_holding_close,0.03061457607773953,-0.8768889290837661,False,False,1839.8350745402277,False,1.0,0.5,5.716384637344098,,adverse_first,volatility_stop,0.002,,0.00017107731258000556,-0.4638473463934828,0.03061457607773953,-0.8768889290837661,0.00017107731258000556,8.553865629000278e-05,8.553865629000278e-05,0.0,0.0,,,,,fractional_return,R,False
ETHUSD,2023-05-23 16:30:00,2023-05-23 17:00:00,2023-05-23 19:30:00,short,-0.5,1849.85,1850.45,1849.85,1850.45,1572.5834983833133,1872.0313201293347,1572.5834983833133,0.16679349914377392,-5.409957536355184e-05,0.0001751331741009626,-0.00022923274946451443,-0.11461637473225722,6,r_trailing_stop,0.33812234602219354,-0.16229872609065904,False,False,1845.1225151384037,True,1.0,0.5,5.545030276807689,1845.1225151384037,adverse_first,volatility_stop,0.002,,0.0001751331741009626,-0.11461637473225722,0.33812234602219354,-0.16229872609065904,0.0001751331741009626,8.75665870504813e-05,8.75665870504813e-05,0.0,0.0,,,,,fractional_return,R,False
ETHUSD,2023-05-23 20:30:00,2023-05-23 21:00:00,2023-05-23 22:30:00,short,-0.5,1854.45,1851.95,1854.45,1851.95,1579.0508303953568,1876.4819335683715,1579.0508303953568,0.16834201085847555,0.00022694331319053523,0.00017675911140139933,5.01842017891359e-05,0.02509210089456795,4,r_trailing_stop,0.3494927023134277,-0.04538866263810722,False,False,1849.5038432350932,True,1.0,0.5,5.507686470186454,1849.5038432350932,adverse_first,volatility_stop,0.002,,0.00017675911140139933,0.02509210089456795,0.3494927023134277,-0.04538866263810722,0.00017675911140139933,8.837955570069966e-05,8.837955570069966e-05,0.0,0.0,,,,,fractional_return,R,False
ETHUSD,2023-05-24 00:30:00,2023-05-24 01:00:00,2023-05-24 03:30:00,short,-0.5,1849.55,1833.25,1849.55,1833.25,1582.9731037989957,1870.8761516960803,1582.9731037989957,0.17345370382411185,0.00152863960008274,0.00018212638901531742,0.0013465132110674226,0.6732566055337112,6,r_trailing_stop,1.6904128092939392,-0.06564709939006023,False,False,1832.9159131501053,True,1.0,0.5,5.331826300210639,1832.9159131501053,adverse_first,volatility_stop,0.002,,0.00018212638901531747,0.6732566055337112,1.6904128092939392,-0.06564709939006023,0.00018212638901531747,9.106319450765874e-05,9.106319450765874e-05,0.0,0.0,,,,,fractional_return,R,False
ETHUSD,2023-05-26 14:00:00,2023-05-26 14:30:00,2023-05-26 18:00:00,short,-0.5,1833.5,1826.0816442950468,1833.5,1826.0816442950468,1550.327856231248,1856.1537715015002,1550.327856231248,0.16187150116514448,0.0006549333919486107,0.0001699650762234017,0.000484968315725209,0.2424841578626045,8,r_trailing_stop,0.45246329068522795,-0.2074709723142041,False,False,1826.0816442950468,True,1.0,0.5,5.6632885900934795,1826.0816442950468,adverse_first,volatility_stop,0.002,,0.00016996507622340173,0.2424841578626045,0.45246329068522795,-0.2074709723142041,0.00016996507622340173,8.498253811170086e-05,8.498253811170086e-05,0.0,0.0,,,,,fractional_return,R,False
ETHUSD,2023-05-28 22:00:00,2023-05-28 22:30:00,2023-05-28 23:30:00,long,0.5,1905.6,1910.15,1905.6,1910.15,2198.847496560216,1882.1402002751827,2198.847496560216,0.1624566298393532,0.00038789759958495157,0.00017057946133132085,0.00021731813825363072,0.10865906912681536,3,r_trailing_stop,0.47741243025838753,-0.18542357782356553,False,False,1911.817601985288,True,1.0,0.5,5.864796029423814,1911.817601985288,adverse_first,volatility_stop,0.002,,0.00017057946133132085,0.10865906912681536,0.47741243025838753,-0.18542357782356553,0.00017057946133132085,8.528973066566042e-05,8.528973066566042e-05,0.0,0.0,,,,,fractional_return,R,False
ETHUSD,2023-05-28 23:30:00,2023-05-29 00:00:00,2023-05-29 00:30:00,long,0.5,1909.05,1920.4,1909.05,1920.4,2207.8898509542455,1885.1428119236602,2207.8898509542455,0.15970510575347324,0.0009495052252701348,0.0001676903610411469,0.0007818148642289879,0.3909074321144939,2,r_trailing_stop,0.7675515807800346,-0.004182842402067198,False,False,1924.4116797862284,True,1.0,0.5,5.976640427543295,1924.4116797862284,adverse_first,volatility_stop,0.002,,0.00016769036104114692,0.3909074321144939,0.7675515807800346,-0.004182842402067198,0.00016769036104114692,8.384518052057346e-05,8.384518052057346e-05,0.0,0.0,,,,,fractional_return,R,False
ETHUSD,2023-05-29 02:00:00,2023-05-29 02:30:00,2023-05-29 14:00:00,long,0.5,1911.85,1899.9,1911.85,1899.9,2224.6622012596576,1886.8250238992273,2224.6622012596576,0.15279535071691627,-0.0009550458671271991,0.00016043511825276208,-0.001115480985379961,-0.5577404926899805,24,max_holding_close,0.10189819921232426,-0.7292714257352099,False,False,1886.8250238992273,False,1.0,0.5,6.255916978268566,,adverse_first,volatility_stop,0.002,,0.00016043511825276197,-0.5577404926899805,0.10189819921232426,-0.7292714257352099,0.00016043511825276197,8.021755912638099e-05,8.021755912638099e-05,0.0,0.0,,,,,fractional_return,R,False
ETHUSD,2023-05-30 05:00:00,2023-05-30 05:30:00,2023-05-30 07:30:00,long,0.5,1896.8,1902.25,1896.8,1902.25,2200.116881563514,1872.5346494749188,2200.116881563514,0.15633814957994768,0.00044920018726839374,0.00016415505705894506,0.0002850451302094487,0.14252256510472433,5,r_trailing_stop,0.3564753779698859,-0.018544961859706725,False,False,1902.4167512064043,True,1.0,0.5,6.066497587191456,1902.4167512064043,adverse_first,volatility_stop,0.002,,0.00016415505705894506,0.14252256510472433,0.3564753779698859,-0.018544961859706725,0.00016415505705894506,8.207752852947253e-05,8.207752852947253e-05,0.0,0.0,,,,,fractional_return,R,False
ETHUSD,2023-05-30 14:30:00,2023-05-30 15:00:00,2023-05-30 15:30:00,long,0.5,1897.0,1899.65,1897.0,1899.65,2203.8606811459176,1872.4511455083266,2203.8606811459176,0.15454896281563224,0.00021589602080201732,0.00016227641095641385,5.361960984560346e-05,0.02680980492280173,2,r_trailing_stop,0.2994029722443023,-0.10183774566132857,False,False,1900.681312201087,True,1.0,0.5,6.137375597826211,1900.681312201087,adverse_first,volatility_stop,0.002,,0.00016227641095641385,0.02680980492280173,0.2994029722443023,-0.10183774566132857,0.00016227641095641385,8.113820547820693e-05,8.113820547820693e-05,0.0,0.0,,,,,fractional_return,R,False
ETHUSD,2023-06-06 09:30:00,2023-06-06 10:00:00,2023-06-06 14:30:00,long,0.5,1817.7,1832.0,1817.7,1832.0,2111.205005396437,1794.219599568285,2111.205005396437,0.15482700180400966,0.001218037149033026,0.00016256835189421012,0.001055468797138816,0.5277343985694081,10,r_trailing_stop,0.9731520578812785,-0.8240915676150086,False,False,1834.1150306066047,True,1.0,0.5,5.86993878679057,1834.1150306066047,adverse_first,volatility_stop,0.002,,0.00016256835189421004,0.5277343985694081,0.9731520578812785,-0.8240915676150086,0.00016256835189421004,8.128417594710502e-05,8.128417594710502e-05,0.0,0.0,,,,,fractional_return,R,False
ETHUSD,2023-06-11 04:30:00,2023-06-11 05:00:00,2023-06-11 16:30:00,long,0.5,1754.8,1752.95,1754.8,1752.95,2158.444498363137,1722.5084401309489,2158.444498363137,0.10868474654777165,-0.00011458102411293048,0.00011411898387516022,-0.0002287000079880907,-0.11435000399404534,24,max_holding_close,0.16567796729843615,-0.4521305275807717,False,False,1722.5084401309489,False,1.0,0.5,8.072659826297635,,adverse_first,volatility_stop,0.002,,0.00011411898387516021,-0.11435000399404534,0.16567796729843615,-0.4521305275807717,0.00011411898387516021,5.7059491937580105e-05,5.7059491937580105e-05,0.0,0.0,,,,,fractional_return,R,False
ETHUSD,2023-06-11 18:00:00,2023-06-11 18:30:00,2023-06-11 23:00:00,short,-0.5,1757.3,1754.35,1757.3,1754.35,1404.3472693582996,1785.536218451336,1404.3472693582996,0.12447134187098284,0.00020895149292630437,0.00013069490896453197,7.82565839617724e-05,0.0391282919808862,10,r_trailing_stop,0.5170664062244168,-0.7313302252420686,False,False,1746.2294269705708,True,1.0,0.5,7.058853941141462,1746.2294269705708,adverse_first,volatility_stop,0.002,,0.00013069490896453197,0.0391282919808862,0.5170664062244168,-0.7313302252420686,0.00013069490896453197,6.534745448226599e-05,6.534745448226599e-05,0.0,0.0,,,,,fractional_return,R,False
ETHUSD,2023-06-12 02:00:00,2023-06-12 02:30:00,2023-06-12 04:00:00,long,0.5,1728.05,1735.4563437517047,1728.05,1735.4563437517047,2117.404356069816,1696.9016515144147,2117.404356069816,0.11095612345545058,0.0004755529016334417,0.00011650392962822311,0.0003590489720052186,0.17952448600260928,4,r_trailing_stop,0.3627800685878842,-0.19583702817575835,False,False,1735.4563437517047,True,1.0,0.5,7.787312496590186,1735.4563437517047,adverse_first,volatility_stop,0.002,,0.0001165039296282231,0.17952448600260928,0.3627800685878842,-0.19583702817575835,0.0001165039296282231,5.825196481411155e-05,5.825196481411155e-05,0.0,0.0,,,,,fractional_return,R,False
ETHUSD,2023-06-12 17:00:00,2023-06-12 17:30:00,2023-06-12 18:00:00,long,0.5,1727.9499999999998,1736.15,1727.9499999999998,1736.15,2105.4271122774107,1697.751831017807,2105.4271122774107,0.11444071334384082,0.0005430792843655822,0.00012016274901103285,0.0004229165353545494,0.21145826767727469,2,r_trailing_stop,0.6192428425388063,-0.06291772196917057,False,False,1742.8754472874746,True,1.0,0.5,7.549105425050922,1742.8754472874746,adverse_first,volatility_stop,0.002,,0.00012016274901103282,0.21145826767727469,0.6192428425388063,-0.06291772196917057,0.00012016274901103282,6.008137450551641e-05,6.008137450551641e-05,0.0,0.0,,,,,fractional_return,R,False
ETHUSD,2023-06-12 20:00:00,2023-06-12 20:30:00,2023-06-13 01:00:00,short,-0.5,1737.3000000000002,1732.6999999999998,1737.3000000000002,1732.6999999999998,1350.5254952494988,1768.2419603800404,1350.5254952494988,0.11229411315003099,0.0002973308700225591,0.00011790881880753253,0.00017942205121502657,0.08971102560751328,10,r_trailing_stop,0.30379458458823994,-0.38943880258384816,False,False,1731.9176339124515,True,1.0,0.5,7.735267824903107,1731.9176339124515,adverse_first,volatility_stop,0.002,,0.00011790881880753253,0.08971102560751328,0.30379458458823994,-0.38943880258384816,0.00011790881880753253,5.8954409403766264e-05,5.8954409403766264e-05,0.0,0.0,,,,,fractional_return,R,False
ETHUSD,2023-06-13 01:00:00,2023-06-13 01:30:00,2023-06-13 13:00:00,short,-0.5,1743.6,1741.5500000000002,1743.6,1741.5500000000002,1362.122747196257,1774.1181802242993,1362.122747196257,0.1142663151724687,0.00013434614940555984,0.00011997963093109213,1.4366518474467709e-05,0.007183259237233854,24,r_trailing_stop,0.4210604926491783,-0.7028597328657629,False,False,1734.5645537892644,True,1.0,0.5,7.629107578529049,1734.5645537892644,adverse_first,volatility_stop,0.002,,0.00011997963093109213,0.007183259237233854,0.4210604926491783,-0.7028597328657629,0.00011997963093109213,5.9989815465546066e-05,5.9989815465546066e-05,0.0,0.0,,,,,fractional_return,R,False
ETHUSD,2023-06-16 16:30:00,2023-06-16 17:00:00,2023-06-16 18:00:00,short,-0.5,1684.4,1712.4714617460968,1684.4,1712.4714617460968,1333.5067281737925,1712.4714617460968,1333.5067281737925,0.1200080006688087,-0.002,0.00012600840070224912,-0.002126008400702249,-1.0630042003511246,3,stop_loss,0.04631037784061762,-1.533585973875613,False,False,1712.4714617460968,False,1.0,0.5,7.017656891133613,,adverse_first,volatility_stop,0.002,,0.0001260084007022491,-1.0630042003511246,0.04631037784061762,-1.533585973875613,0.0001260084007022491,6.300420035112455e-05,6.300420035112455e-05,0.0,0.0,,,,,fractional_return,R,False
ETHUSD,2023-06-16 20:00:00,2023-06-16 20:30:00,2023-06-16 22:00:00,short,-0.5,1722.25,1718.2109713136583,1722.25,1718.2109713136583,1341.1418037281837,1752.7386557017453,1341.1418037281837,0.1129764471643406,0.00026495288777920084,0.00011862526952255763,0.00014632761825664322,0.07316380912832161,4,r_trailing_stop,0.2574728147017168,-0.175475103013271,False,False,1718.2109713136583,True,1.0,0.5,7.621942627316405,1718.2109713136583,adverse_first,volatility_stop,0.002,,0.00011862526952255762,0.07316380912832161,0.2574728147017168,-0.175475103013271,0.00011862526952255762,5.931263476127881e-05,5.931263476127881e-05,0.0,0.0,,,,,fractional_return,R,False
ETHUSD,2023-06-17 05:30:00,2023-06-17 06:00:00,2023-06-17 15:00:00,long,0.5,1758.0,1729.0685042738914,1758.0,1729.0685042738914,2119.643696576357,1729.0685042738914,2119.643696576357,0.12152845581457679,-0.002,0.0001276048786053056,-0.0021276048786053057,-1.0638024393026528,19,stop_loss,0.09159567915490316,-1.2598726434702223,False,False,1729.0685042738914,False,1.0,0.5,7.233079576714295,,adverse_first,volatility_stop,0.002,,0.0001276048786053056,-1.0638024393026528,0.09159567915490316,-1.2598726434702223,0.0001276048786053056,6.38024393026528e-05,6.38024393026528e-05,0.0,0.0,,,,,fractional_return,R,False
ETHUSD,2023-06-21 10:00:00,2023-06-21 10:30:00,2023-06-21 11:00:00,short,-0.5,1816.95,1812.7469912001593,1816.95,1812.7469912001593,1452.2709325647913,1846.1243253948167,1452.2709325647913,0.12455815004536909,0.00028813065892432927,0.00013078605754763753,0.00015734460137669173,0.07867230068834587,2,r_trailing_stop,0.26907220282786193,-0.1508175404385395,False,False,1812.7469912001593,True,1.0,0.5,7.293982400318619,1812.7469912001593,adverse_first,volatility_stop,0.002,,0.00013078605754763753,0.07867230068834587,0.26907220282786193,-0.1508175404385395,0.00013078605754763753,6.539302877381877e-05,6.539302877381877e-05,0.0,0.0,,,,,fractional_return,R,False
ETHUSD,2023-06-22 22:30:00,2023-06-22 23:00:00,2023-06-23 00:30:00,long,0.5,1870.8,1876.0964398011035,1870.8,1876.0964398011035,2356.117092295736,1831.974632616341,2356.117092295736,0.09636998313568548,0.0002728339824201109,0.00010118848229246975,0.00017164550012764118,0.08582275006382059,4,r_trailing_stop,0.26142701753988035,-0.07211779794203414,False,False,1876.0964398011035,True,1.0,0.5,9.707120397793082,1876.0964398011035,adverse_first,volatility_stop,0.002,,0.00010118848229246974,0.08582275006382059,0.26142701753988035,-0.07211779794203414,0.00010118848229246974,5.059424114623487e-05,5.059424114623487e-05,0.0,0.0,,,,,fractional_return,R,False
ETHUSD,2023-06-23 02:00:00,2023-06-23 02:30:00,2023-06-23 06:30:00,long,0.5,1872.35,1881.922481749599,1872.35,1881.922481749599,2340.0768359984736,1834.931853120122,2340.0768359984736,0.10007710996542594,0.000511649162120673,0.00010508096546369723,0.00040656819665697575,0.20328409832848787,9,r_trailing_stop,0.38083125938187834,-0.002672500065835312,False,False,1881.922481749599,True,1.0,0.5,9.355036500801639,1881.922481749599,adverse_first,volatility_stop,0.002,,0.00010508096546369723,0.20328409832848787,0.38083125938187834,-0.002672500065835312,0.00010508096546369723,5.2540482731848617e-05,5.2540482731848617e-05,0.0,0.0,,,,,fractional_return,R,False
ETHUSD,2023-06-23 13:30:00,2023-06-23 14:00:00,2023-06-23 15:00:00,long,0.5,1872.8,1883.3471394366748,1872.8,1883.3471394366748,2278.075218170136,1840.3779825463891,2278.075218170136,0.11552643216478332,0.0006506158632333936,0.00012130275377302249,0.0005293131094603711,0.26465655473018557,3,r_trailing_stop,1.0425014436057458,-0.12645727570365292,False,False,1883.3471394366748,True,1.0,0.5,8.105721126650778,1883.3471394366748,adverse_first,volatility_stop,0.002,,0.00012130275377302251,0.26465655473018557,1.0425014436057458,-0.12645727570365292,0.00012130275377302251,6.065137688651126e-05,6.065137688651126e-05,0.0,0.0,,,,,fractional_return,R,False
ETHUSD,2023-06-23 20:30:00,2023-06-23 21:00:00,2023-06-23 22:00:00,short,-0.5,1907.05,1884.7,1907.05,1884.7,1407.1989757711533,1947.0380819383076,1407.1989757711533,0.09538091889189047,0.0011178330600842895,0.00010014996483648499,0.0010176830952478046,0.5088415476239023,3,r_trailing_stop,0.7464724126066241,-0.02000596080687662,False,False,1882.1985102039196,True,1.0,0.5,9.997020407838855,1882.1985102039196,adverse_first,volatility_stop,0.002,,0.00010014996483648491,0.5088415476239023,0.7464724126066241,-0.02000596080687662,0.00010014996483648491,5.0074982418242455e-05,5.0074982418242455e-05,0.0,0.0,,,,,fractional_return,R,False
ETHUSD,2023-06-27 07:00:00,2023-06-27 07:30:00,2023-06-27 10:30:00,long,0.5,1873.1,1877.45,1873.1,1877.45,2270.1138292969204,1841.3388936562462,2270.1138292969204,0.11794929179904826,0.0002739199291686894,0.00012384675638900066,0.00015007317277968872,0.07503658638984435,7,r_trailing_stop,0.532097333672501,-0.04565332152810802,False,False,1886.029967700078,True,1.0,0.5,7.940064599843821,1886.029967700078,adverse_first,volatility_stop,0.002,,0.00012384675638900066,0.07503658638984435,0.532097333672501,-0.04565332152810802,0.00012384675638900066,6.192337819450033e-05,6.192337819450033e-05,0.0,0.0,,,,,fractional_return,R,False
ETHUSD,2023-06-27 14:30:00,2023-06-27 15:00:00,2023-06-27 17:00:00,long,0.5,1885.0,1906.0855158177458,1885.0,1906.0855158177458,2286.4590776059777,1852.8832737915218,2286.4590776059777,0.11738431792605283,0.0013130551153236612,0.00012325353382235547,0.0011898015815013058,0.5949007907506528,5,r_trailing_stop,0.8515811923813089,-0.5931488744008756,False,False,1906.0855158177458,True,1.0,0.5,8.028968364508254,1906.0855158177458,adverse_first,volatility_stop,0.002,,0.0001232535338223555,0.5949007907506528,0.8515811923813089,-0.5931488744008756,0.0001232535338223555,6.162676691117775e-05,6.162676691117775e-05,0.0,0.0,,,,,fractional_return,R,False
ETHUSD,2023-06-28 13:30:00,2023-06-28 14:00:00,2023-06-28 15:00:00,long,0.5,1857.1,1857.95,1857.1,1857.95,2247.4453727648593,1825.8723701788113,2247.4453727648593,0.11893954236257213,5.4438969903721664e-05,0.00012488651948070072,-7.044754957697906e-05,-0.03522377478848953,3,r_trailing_stop,0.35225215820050004,-0.13449627858563964,False,False,1864.196441136154,True,1.0,0.5,7.807117727691917,1864.196441136154,adverse_first,volatility_stop,0.002,,0.00012488651948070072,-0.03522377478848953,0.35225215820050004,-0.13449627858563964,0.00012488651948070072,6.244325974035036e-05,6.244325974035036e-05,0.0,0.0,,,,,fractional_return,R,False
ETHUSD,2023-06-28 15:00:00,2023-06-28 15:30:00,2023-06-28 19:30:00,long,0.5,1859.95,1828.5141614993104,1859.95,1828.5141614993104,2252.8979812586217,1828.5141614993104,2252.8979812586217,0.11833309297343489,-0.002,0.00012424974762210663,-0.0021242497476221065,-1.0621248738110531,9,stop_loss,0.1717784623394535,-1.3312830831308027,False,False,1828.5141614993104,False,1.0,0.5,7.859170951263727,,adverse_first,volatility_stop,0.002,,0.00012424974762210647,-1.0621248738110531,0.1717784623394535,-1.3312830831308027,0.00012424974762210647,6.212487381105324e-05,6.212487381105324e-05,0.0,0.0,,,,,fractional_return,R,False
ETHUSD,2023-06-28 23:00:00,2023-06-28 23:30:00,2023-06-29 01:30:00,long,0.5,1831.95,1838.66729980017,1831.95,1838.66729980017,2230.209152309038,1800.089267815277,2230.209152309038,0.11499735720941191,0.0004216663798700024,0.0001207472250698825,0.00030091915480011985,0.1504595774000599,5,r_trailing_stop,0.3358366009281675,-0.14594768171177594,False,False,1838.66729980017,True,1.0,0.5,7.965400399660382,1838.66729980017,adverse_first,volatility_stop,0.002,,0.00012074722506988253,0.1504595774000599,0.3358366009281675,-0.14594768171177594,0.00012074722506988253,6.0373612534941266e-05,6.0373612534941266e-05,0.0,0.0,,,,,fractional_return,R,False
ETHUSD,2023-06-30 04:30:00,2023-06-30 05:00:00,2023-06-30 06:00:00,short,-0.5,1887.0,1881.95,1887.0,1881.95,1488.5828158473596,1918.8733747322112,1488.5828158473596,0.11840603738097415,0.0003168789023709086,0.00012432633925002284,0.00019255256312088577,0.09627628156044288,3,r_trailing_stop,0.4031578114323018,-0.27609250899644067,False,False,1881.4835385474669,True,1.0,0.5,7.96707709493371,1881.4835385474669,adverse_first,volatility_stop,0.002,,0.00012432633925002284,0.09627628156044288,0.4031578114323018,-0.27609250899644067,0.00012432633925002284,6.216316962501142e-05,6.216316962501142e-05,0.0,0.0,,,,,fractional_return,R,False
ETHUSD,2023-07-03 01:00:00,2023-07-03 01:30:00,2023-07-03 07:30:00,short,-0.5,1941.75,1973.0806203028187,1941.75,1973.0806203028187,1550.117246214766,1973.0806203028187,1550.117246214766,0.12395222189873509,-0.002,0.00013014983299367185,-0.002130149832993672,-1.0650749164968358,13,stop_loss,0.0015958828620911852,-1.0133856174288243,False,False,1973.0806203028187,False,1.0,0.5,7.832856733225076,,adverse_first,volatility_stop,0.002,,0.00013014983299367185,-1.0650749164968358,0.0015958828620911852,-1.0133856174288243,0.00013014983299367185,6.507491649683592e-05,6.507491649683592e-05,0.0,0.0,,,,,fractional_return,R,False
ETHUSD,2023-07-03 07:30:00,2023-07-03 08:00:00,2023-07-03 09:00:00,short,-0.5,1967.85,1963.3168444463333,1967.85,1963.3168444463333,1581.145882854145,1998.7863293716682,1581.145882854145,0.1272193592431922,0.0002930635693204209,0.0001335803272053518,0.00015948324211506913,0.07974162105753456,3,r_trailing_stop,0.28122276225722287,-0.25859564345492303,False,False,1963.3168444463333,True,1.0,0.5,7.733688892666435,1963.3168444463333,adverse_first,volatility_stop,0.002,,0.0001335803272053518,0.07974162105753456,0.28122276225722287,-0.25859564345492303,0.0001335803272053518,6.67901636026759e-05,6.67901636026759e-05,0.0,0.0,,,,,fractional_return,R,False
ETHUSD,2023-07-03 12:00:00,2023-07-03 12:30:00,2023-07-03 21:30:00,short,-0.5,1960.35,1955.15,1960.35,1955.15,1584.9407782885478,1990.3827377369162,1584.9407782885478,0.13054753896714136,0.0003462887763047948,0.00013707491591549842,0.00020921386038929638,0.10460693019464819,19,r_trailing_stop,0.38125062391250036,-0.5427410628623515,False,False,1952.6539007984527,True,1.0,0.5,7.5078015969052565,1952.6539007984527,adverse_first,volatility_stop,0.002,,0.00013707491591549842,0.10460693019464819,0.38125062391250036,-0.5427410628623515,0.00013707491591549842,6.853745795774921e-05,6.853745795774921e-05,0.0,0.0,,,,,fractional_return,R,False
ETHUSD,2023-07-07 08:00:00,2023-07-07 08:30:00,2023-07-07 10:00:00,long,0.5,1857.75,1861.15,1857.75,1861.15,2242.751527686836,1826.949877785053,2242.751527686836,0.12063263821066647,0.0002207783447268215,0.0001266642701211998,9.411407460562172e-05,0.047057037302810856,4,r_trailing_stop,0.2532457483631255,-0.051947845818074385,False,False,1861.700088371508,True,1.0,0.5,7.69982325698408,1861.700088371508,adverse_first,volatility_stop,0.002,,0.0001266642701211998,0.047057037302810856,0.2532457483631255,-0.051947845818074385,0.0001266642701211998,6.33321350605999e-05,6.33321350605999e-05,0.0,0.0,,,,,fractional_return,R,False
ETHUSD,2023-07-07 12:00:00,2023-07-07 12:30:00,2023-07-07 13:00:00,long,0.5,1856.75,1863.0,1856.75,1863.0,2218.385574651882,1827.8191540278494,2218.385574651882,0.12835780894809273,0.0004320647938201667,0.00013477569939549736,0.0002972890944246693,0.14864454721233467,2,r_trailing_stop,0.5772385645437335,-0.1417172523730089,False,False,1869.834228458731,True,1.0,0.5,7.231543082537701,1869.834228458731,adverse_first,volatility_stop,0.002,,0.00013477569939549736,0.14864454721233467,0.5772385645437335,-0.1417172523730089,0.00013477569939549736,6.738784969774868e-05,6.738784969774868e-05,0.0,0.0,,,,,fractional_return,R,False
ETHUSD,2023-07-07 13:00:00,2023-07-07 13:30:00,2023-07-07 14:30:00,long,0.5,1867.35,1871.8,1867.35,1871.8,2243.4208061023614,1837.264335511811,2243.4208061023614,0.12413553310302236,0.00029582195212919557,0.00013034230975817346,0.0001654796423710221,0.08273982118551106,3,r_trailing_stop,0.3539891899074082,-0.07644836965136298,False,False,1874.239392649886,True,1.0,0.5,7.5212147002282,1874.239392649886,adverse_first,volatility_stop,0.002,,0.00013034230975817346,0.08273982118551106,0.3539891899074082,-0.07644836965136298,0.00013034230975817346,6.517115487908673e-05,6.517115487908673e-05,0.0,0.0,,,,,fractional_return,R,False
ETHUSD,2023-07-07 18:30:00,2023-07-07 19:00:00,2023-07-07 21:30:00,long,0.5,1860.4,1868.0792910279029,1860.4,1868.0792910279029,2222.4806272281335,1831.4335498217495,2222.4806272281335,0.12845205322375836,0.000530219683851268,0.00013487465588494626,0.0003953450279663217,0.19767251398316085,6,r_trailing_stop,0.39010648286080035,-0.08975901375558745,False,False,1868.0792910279029,True,1.0,0.5,7.2414179441943665,1868.0792910279029,adverse_first,volatility_stop,0.002,,0.00013487465588494629,0.19767251398316085,0.39010648286080035,-0.08975901375558745,0.00013487465588494629,6.743732794247314e-05,6.743732794247314e-05,0.0,0.0,,,,,fractional_return,R,False
ETHUSD,2023-07-12 06:00:00,2023-07-12 06:30:00,2023-07-12 13:00:00,short,-0.5,1888.8,1887.3,1888.8,1887.3,1642.051313958317,1908.5398948833347,1642.051313958317,0.19136880020517388,0.00015197649317438564,0.00020093724021543258,-4.8960747041046934e-05,-0.024480373520523468,14,r_trailing_stop,0.3368812265365243,-0.5597800831922789,False,False,1884.6172909756538,True,1.0,0.5,4.934581951307132,1884.6172909756538,adverse_first,volatility_stop,0.002,,0.00020093724021543258,-0.024480373520523468,0.3368812265365243,-0.5597800831922789,0.00020093724021543258,0.00010046862010771629,0.00010046862010771629,0.0,0.0,,,,,fractional_return,R,False
ETHUSD,2023-07-12 13:00:00,2023-07-12 13:30:00,2023-07-12 14:00:00,short,-0.5,1885.95,1887.4,1885.95,1887.4,1637.8510590389371,1905.797915276885,1637.8510590389371,0.19004010987455044,-0.00014611106302825588,0.00019954211536827795,-0.00034565317839653384,-0.1728265891982669,2,r_trailing_stop,0.3300094699430782,-0.48871631426685436,False,False,1881.881121055901,True,1.0,0.5,4.962242111801841,1881.881121055901,adverse_first,volatility_stop,0.002,,0.00019954211536827795,-0.1728265891982669,0.3300094699430782,-0.48871631426685436,0.00019954211536827795,9.977105768413898e-05,9.977105768413898e-05,0.0,0.0,,,,,fractional_return,R,False
ETHUSD,2023-07-12 14:00:00,2023-07-12 14:30:00,2023-07-12 16:00:00,short,-0.5,1892.6,1884.0214285644468,1892.6,1884.0214285644468,1635.450347755011,1913.171972179599,1635.450347755011,0.18399791555977904,0.0008340057395236365,0.00019319781133776798,0.0006408079281858685,0.32040396409293426,4,r_trailing_stop,0.6562326587913526,-0.473945809127088,False,False,1884.0214285644468,True,1.0,0.5,5.142857128893346,1884.0214285644468,adverse_first,volatility_stop,0.002,,0.000193197811337768,0.32040396409293426,0.6562326587913526,-0.473945809127088,0.000193197811337768,9.6598905668884e-05,9.6598905668884e-05,0.0,0.0,,,,,fractional_return,R,False
ETHUSD,2023-07-13 00:00:00,2023-07-13 00:30:00,2023-07-13 04:30:00,short,-0.5,1873.75,1867.4381953490142,1873.75,1867.4381953490142,1599.9450730026,1895.654394159792,1599.9450730026,0.17108439396506855,0.0005763048824762115,0.00017963861366332196,0.00039666626881288954,0.19833313440644476,9,r_trailing_stop,0.4131591101758139,-0.031957058245645306,False,False,1867.4381953490142,True,1.0,0.5,5.476390698028446,1867.4381953490142,adverse_first,volatility_stop,0.002,,0.00017963861366332196,0.19833313440644476,0.4131591101758139,-0.031957058245645306,0.00017963861366332196,8.981930683166098e-05,8.981930683166098e-05,0.0,0.0,,,,,fractional_return,R,False
ETHUSD,2023-07-13 09:00:00,2023-07-13 09:30:00,2023-07-13 15:00:00,short,-0.5,1877.05,1896.6386950798333,1877.05,1896.6386950798333,1632.191311502084,1896.6386950798333,1632.191311502084,0.1916462523256528,-0.002,0.00020122856494193543,-0.0022012285649419356,-1.1006142824709677,12,stop_loss,0.007657477917163024,-1.2405114225815357,False,False,1896.6386950798333,False,1.0,0.5,4.897434838847142,,adverse_first,volatility_stop,0.002,,0.0002012285649419356,-1.1006142824709677,0.007657477917163024,-1.2405114225815357,0.0002012285649419356,0.0001006142824709678,0.0001006142824709678,0.0,0.0,,,,,fractional_return,R,False
ETHUSD,2023-07-23 19:00:00,2023-07-23 19:30:00,2023-07-23 21:30:00,long,0.5,1894.8,1877.786594042927,1894.8,1877.786594042927,2107.467574463412,1877.786594042927,2107.467574463412,0.22274199590379795,-0.002,0.00023387909569898784,-0.002233879095698988,-1.116939547849494,5,stop_loss,0.07347147321082613,-1.122644110661418,False,False,1877.786594042927,False,1.0,0.5,4.253239067825841,,adverse_first,volatility_stop,0.002,,0.000233879095698988,-1.116939547849494,0.07347147321082613,-1.122644110661418,0.000233879095698988,0.000116939547849494,0.000116939547849494,0.0,0.0,,,,,fractional_return,R,False
ETHUSD,2023-07-23 21:30:00,2023-07-23 22:00:00,2023-07-24 00:00:00,long,0.5,1880.05,1887.7579599702638,1880.05,1887.7579599702638,2109.254002950573,1861.7136797639541,2109.254002950573,0.20506295437665448,0.0008407313867818815,0.00021531610209548719,0.0006254152846863943,0.31270764234319715,5,r_trailing_stop,0.5453656934035132,-0.04908291240630874,False,False,1887.7579599702638,True,1.0,0.5,4.5840800594721935,1887.7579599702638,adverse_first,volatility_stop,0.002,,0.00021531610209548724,0.31270764234319715,0.5453656934035132,-0.04908291240630874,0.00021531610209548724,0.00010765805104774362,0.00010765805104774362,0.0,0.0,,,,,fractional_return,R,False
ETHUSD,2023-07-24 02:00:00,2023-07-24 02:30:00,2023-07-24 09:30:00,long,0.5,1874.8,1856.3669762015343,1874.8,1856.3669762015343,2105.2127974808213,1856.3669762015343,2105.2127974808213,0.20341752069522623,-0.002,0.00021358839672998753,-0.0022135883967299877,-1.1067941983649938,15,stop_loss,0.15190128492282526,-2.221556291996358,False,False,1856.3669762015343,False,1.0,0.5,4.6085017348946,,adverse_first,volatility_stop,0.002,,0.00021358839672998764,-1.1067941983649938,0.15190128492282526,-2.221556291996358,0.00021358839672998764,0.00010679419836499382,0.00010679419836499382,0.0,0.0,,,,,fractional_return,R,False
ETHUSD,2023-07-24 14:00:00,2023-07-24 14:30:00,2023-07-25 00:30:00,long,0.5,1847.3,1849.9676710537715,1847.3,1849.9676710537715,2110.5257597974964,1826.2419392162003,2110.5257597974964,0.17544825413564707,0.0002533634109199408,0.00018422066684242941,6.91427440775114e-05,0.034571372038755696,21,r_trailing_stop,0.25168509362824815,-0.6387102847735807,False,False,1849.9676710537715,True,1.0,0.5,5.264657892456727,1849.9676710537715,adverse_first,volatility_stop,0.002,,0.00018422066684242941,0.034571372038755696,0.25168509362824815,-0.6387102847735807,0.00018422066684242941,9.211033342121471e-05,9.211033342121471e-05,0.0,0.0,,,,,fractional_return,R,False
ETHUSD,2023-07-25 01:00:00,2023-07-25 01:30:00,2023-07-25 03:00:00,long,0.5,1846.15,1852.9,1846.15,1852.9,2087.096266882238,1826.874298649421,2087.096266882238,0.19155204435085751,0.0007003636212487161,0.0002011296465684004,0.0004992339746803157,0.24961698734015786,4,r_trailing_stop,0.5110060495777495,-0.05187878675916287,False,False,1853.5906026069438,True,1.0,0.5,4.818794786112637,1853.5906026069438,adverse_first,volatility_stop,0.002,,0.00020112964656840036,0.24961698734015786,0.5110060495777495,-0.05187878675916287,0.00020112964656840036,0.00010056482328420018,0.00010056482328420018,0.0,0.0,,,,,fractional_return,R,False
ETHUSD,2023-07-25 09:30:00,2023-07-25 10:00:00,2023-07-25 14:00:00,long,0.5,1856.6,1864.25,1856.6,1864.25,2077.0839301342144,1838.9612855892628,2077.0839301342144,0.21051420832232967,0.0008674101549422795,0.00022103991873844613,0.0006463702362038334,0.3231851181019167,9,r_trailing_stop,0.6292975633895023,-0.25512063380655187,False,False,1865.4952794304531,True,1.0,0.5,4.40944113909402,1865.4952794304531,adverse_first,volatility_stop,0.002,,0.00022103991873844613,0.3231851181019167,0.6292975633895023,-0.25512063380655187,0.00022103991873844613,0.00011051995936922306,0.00011051995936922306,0.0,0.0,,,,,fractional_return,R,False
ETHUSD,2023-07-25 14:00:00,2023-07-25 14:30:00,2023-07-26 02:00:00,long,0.5,1863.3,1856.1,1863.3,1856.1,2081.128196387272,1845.873744289018,2081.128196387272,0.21384972548357292,-0.000826339303108322,0.00022454221175775154,-0.0010508815148660736,-0.5254407574330369,24,max_holding_close,0.1434616845674152,-0.6714006837755058,False,False,1845.873744289018,False,1.0,0.5,4.356447038078954,,adverse_first,volatility_stop,0.002,,0.00022454221175775163,-0.5254407574330369,0.1434616845674152,-0.6714006837755058,0.00022454221175775163,0.00011227110587887581,0.00011227110587887581,0.0,0.0,,,,,fractional_return,R,False
ETHUSD,2023-07-26 02:30:00,2023-07-26 03:00:00,2023-07-26 03:30:00,long,0.5,1859.45,1859.75,1859.45,1859.75,2071.225585265714,1842.507953178743,2071.225585265714,0.219507125628641,3.541484723364735e-05,0.00023048248191007302,-0.00019506763467642567,-0.09753381733821283,2,r_trailing_stop,0.40431950591738924,-0.0708296944672835,False,False,1864.182301145035,True,1.0,0.5,4.23539770993008,1864.182301145035,adverse_first,volatility_stop,0.002,,0.00023048248191007302,-0.09753381733821283,0.40431950591738924,-0.0708296944672835,0.00023048248191007302,0.00011524124095503651,0.00011524124095503651,0.0,0.0,,,,,fractional_return,R,False
ETHUSD,2023-07-26 05:30:00,2023-07-26 06:00:00,2023-07-26 16:30:00,long,0.5,1859.25,1858.6,1859.25,1858.6,2068.788248030003,1842.4869401575997,2068.788248030003,0.22182704321048102,-7.755147402815365e-05,0.00023291839537100507,-0.00031046986939915874,-0.15523493469957936,22,r_trailing_stop,0.2624819120952364,-0.6353255372305078,False,False,1861.5546739478114,True,1.0,0.5,4.190652104377403,1861.5546739478114,adverse_first,volatility_stop,0.002,,0.0002329183953710051,-0.15523493469957936,0.2624819120952364,-0.6353255372305078,0.0002329183953710051,0.00011645919768550255,0.00011645919768550255,0.0,0.0,,,,,fractional_return,R,False
ETHUSD,2023-07-26 19:00:00,2023-07-26 19:30:00,2023-07-27 07:00:00,short,-0.5,1870.9,1876.0,1870.9,1876.0,1640.6656631551218,1889.3187469475904,1640.6656631551218,0.20315171334114793,-0.000553783600427506,0.0002133092990082053,-0.0007670928994357113,-0.3835464497178556,24,max_holding_close,0.19545303544501533,-0.8958264124562864,False,False,1889.3187469475904,False,1.0,0.5,4.604440443302729,,adverse_first,volatility_stop,0.002,,0.0002133092990082053,-0.3835464497178556,0.19545303544501533,-0.8958264124562864,0.0002133092990082053,0.00010665464950410265,0.00010665464950410265,0.0,0.0,,,,,fractional_return,R,False
ETHUSD,2023-07-27 07:30:00,2023-07-27 08:00:00,2023-07-27 15:30:00,short,-0.5,1871.65,1868.7,1871.65,1868.7,1637.5093342022506,1890.38125326382,1637.5093342022506,0.19984247435436198,0.0003149815934311351,0.00020983459807208006,0.00010514699535905505,0.05257349767952752,16,r_trailing_stop,0.38171498186992836,-0.7607606282022951,False,False,1866.8414692915997,True,1.0,0.5,4.682938583199314,1866.8414692915997,adverse_first,volatility_stop,0.002,,0.00020983459807208006,0.05257349767952752,0.38171498186992836,-0.7607606282022951,0.00020983459807208006,0.00010491729903604003,0.00010491729903604003,0.0,0.0,,,,,fractional_return,R,False
ETHUSD,2023-08-02 09:30:00,2023-08-02 10:00:00,2023-08-02 14:30:00,short,-0.5,1853.7,1844.1956980347445,1853.7,1844.1956980347445,1609.1367993213237,1873.265056054294,1609.1367993213237,0.1894908958968357,0.0009715588791445873,0.0001989654406916775,0.0007725934384529099,0.3862967192264549,10,r_trailing_stop,0.6593387703159111,-0.34244726830361266,False,False,1844.1956980347445,True,1.0,0.5,4.891396069488929,1844.1956980347445,adverse_first,volatility_stop,0.002,,0.00019896544069167744,0.3862967192264549,0.6593387703159111,-0.34244726830361266,0.00019896544069167744,9.948272034583872e-05,9.948272034583872e-05,0.0,0.0,,,,,fractional_return,R,False
ETHUSD,2023-08-02 15:00:00,2023-08-02 15:30:00,2023-08-02 17:00:00,short,-0.5,1838.85,1827.8,1838.85,1827.8,1597.5720120982965,1858.152239032136,1597.5720120982965,0.19053230010658356,0.0011449448928285192,0.00020005891511191273,0.0009448859777166065,0.4724429888583032,4,r_trailing_stop,0.9377150479726898,-0.36006185543703145,False,False,1823.162714295341,True,1.0,0.5,4.825428590681997,1823.162714295341,adverse_first,volatility_stop,0.002,,0.0002000589151119127,0.4724429888583032,0.9377150479726898,-0.36006185543703145,0.0002000589151119127,0.00010002945755595635,0.00010002945755595635,0.0,0.0,,,,,fractional_return,R,False
ETHUSD,2023-08-03 06:30:00,2023-08-03 07:00:00,2023-08-03 14:30:00,long,0.5,1833.6,1836.5,1833.6,1836.5,2070.7853303164243,1814.625173574686,2070.7853303164243,0.19326659004941724,0.00030566814525705263,0.00020292991955188808,0.00010273822570516455,0.05136911285258228,16,r_trailing_stop,0.6824831863928779,-0.4426917965791553,False,False,1836.5280819515335,True,1.0,0.5,4.74383609693334,1836.5280819515335,adverse_first,volatility_stop,0.002,,0.00020292991955188808,0.05136911285258228,0.6824831863928779,-0.4426917965791553,0.00020292991955188808,0.00010146495977594404,0.00010146495977594404,0.0,0.0,,,,,fractional_return,R,False
ETHUSD,2023-08-03 14:30:00,2023-08-03 15:00:00,2023-08-03 17:30:00,long,0.5,1845.7,1851.6,1845.7,1851.6,2072.3394186206165,1827.5688465103508,2072.3394186206165,0.20359432741592226,0.0006508135296927713,0.00021377404378671835,0.00043703948590605293,0.21851974295302645,6,r_trailing_stop,0.6452981607970704,-0.4467448805518237,False,False,1855.1336672473496,True,1.0,0.5,4.532665505300691,1855.1336672473496,adverse_first,volatility_stop,0.002,,0.00021377404378671835,0.21851974295302645,0.6452981607970704,-0.4467448805518237,0.00021377404378671835,0.00010688702189335918,0.00010688702189335918,0.0,0.0,,,,,fractional_return,R,False
ETHUSD,2023-08-03 17:30:00,2023-08-03 18:00:00,2023-08-03 18:30:00,short,-0.5,1845.95,1842.8,1845.95,1842.8,1602.8248864182272,1865.4000090865418,1602.8248864182272,0.1898148213490841,0.0003239073036916771,0.00019930556241653827,0.00012460174127513885,0.06230087063756943,2,r_trailing_stop,0.3161952250323383,-0.010282771545769287,False,False,1842.2313170101545,True,1.0,0.5,4.862634020309285,1842.2313170101545,adverse_first,volatility_stop,0.002,,0.00019930556241653827,0.06230087063756943,0.3161952250323383,-0.010282771545769287,0.00019930556241653827,9.965278120826914e-05,9.965278120826914e-05,0.0,0.0,,,,,fractional_return,R,False
ETHUSD,2023-08-03 20:30:00,2023-08-03 21:00:00,2023-08-03 22:00:00,short,-0.5,1842.7,1839.3,1842.7,1839.3,1593.7367635963485,1862.6170589122921,1593.7367635963485,0.1850373599952299,0.0003414158701816918,0.0001942892279949914,0.0001471266421867004,0.0735633210933502,3,r_trailing_stop,0.6501963998312914,-0.15062464860956504,False,False,1838.4396998147042,True,1.0,0.5,4.979399629408177,1838.4396998147042,adverse_first,volatility_stop,0.002,,0.0001942892279949914,0.0735633210933502,0.6501963998312914,-0.15062464860956504,0.0001942892279949914,9.71446139974957e-05,9.71446139974957e-05,0.0,0.0,,,,,fractional_return,R,False
ETHUSD,2023-08-04 00:00:00,2023-08-04 00:30:00,2023-08-04 12:00:00,short,-0.5,1833.15,1835.35,1833.15,1835.35,1581.4542410225608,1853.2856607181952,1581.4542410225608,0.18207994519330722,-0.00021851778601055032,0.00019118394245297259,-0.0004097017284635229,-0.20485086423176144,24,max_holding_close,0.21851778601057423,-0.28556301580926724,False,False,1853.2856607181952,False,1.0,0.5,5.0343270072381765,,adverse_first,volatility_stop,0.002,,0.00019118394245297259,-0.20485086423176144,0.21851778601057423,-0.28556301580926724,0.00019118394245297259,9.559197122648629e-05,9.559197122648629e-05,0.0,0.0,,,,,fractional_return,R,False
ETHUSD,2023-08-09 16:30:00,2023-08-09 17:00:00,2023-08-09 19:00:00,long,0.5,1847.85,1851.5198110896727,1847.85,1851.5198110896727,2075.8873973131645,1829.6070082149467,2075.8873973131645,0.20258190342594787,0.0004023255760800919,0.00021271099859724525,0.00018961457748284668,0.09480728874142333,5,r_trailing_stop,0.32615264371685987,-0.1233350333383074,False,False,1851.5198110896727,True,1.0,0.5,4.560377820654433,1851.5198110896727,adverse_first,volatility_stop,0.002,,0.00021271099859724525,0.09480728874142333,0.32615264371685987,-0.1233350333383074,0.00021271099859724525,0.00010635549929862262,0.00010635549929862262,0.0,0.0,,,,,fractional_return,R,False
ETHUSD,2023-08-09 19:30:00,2023-08-09 20:00:00,2023-08-09 21:00:00,long,0.5,1847.1,1849.6163656415506,1847.1,1849.6163656415506,2075.475806766562,1828.829935458675,2075.475806766562,0.2021996141088668,0.00027546324599552846,0.00021230959481431013,6.315365118121833e-05,0.03157682559060917,3,r_trailing_stop,0.2654615690617817,-0.04378747530915615,False,False,1849.6163656415506,True,1.0,0.5,4.567268716898956,1849.6163656415506,adverse_first,volatility_stop,0.002,,0.00021230959481431013,0.03157682559060917,0.2654615690617817,-0.04378747530915615,0.00021230959481431013,0.00010615479740715506,0.00010615479740715506,0.0,0.0,,,,,fractional_return,R,False
ETHUSD,2023-08-09 21:00:00,2023-08-09 21:30:00,2023-08-09 23:30:00,long,0.5,1851.8,1855.2910495786557,1851.8,1855.2910495786557,2077.682839609403,1833.7293728312477,2077.682839609403,0.20495138134465354,0.00038637835267746367,0.0002151989504118862,0.00017117940226557747,0.08558970113278873,5,r_trailing_stop,0.3181959290235873,-0.060872264682768185,False,False,1855.2910495786557,True,1.0,0.5,4.5179008426884435,1855.2910495786557,adverse_first,volatility_stop,0.002,,0.0002151989504118862,0.08558970113278873,0.3181959290235873,-0.060872264682768185,0.0002151989504118862,0.0001075994752059431,0.0001075994752059431,0.0,0.0,,,,,fractional_return,R,False
ETHUSD,2023-08-10 05:30:00,2023-08-10 06:00:00,2023-08-10 13:00:00,long,0.5,1852.0,1855.5,1852.0,1855.5,2045.300101859495,1836.5359918512404,2045.300101859495,0.2395239296544929,0.00045266401392589015,0.0002515001261372175,0.00020116388778867263,0.1005819438943363,15,r_trailing_stop,0.3912310406073626,-0.24249857888886295,False,False,1856.116894617708,True,1.0,0.5,3.866210764583469,1856.116894617708,adverse_first,volatility_stop,0.002,,0.0002515001261372175,0.1005819438943363,0.3912310406073626,-0.24249857888886295,0.0002515001261372175,0.00012575006306860876,0.00012575006306860876,0.0,0.0,,,,,fractional_return,R,False
ETHUSD,2023-08-10 13:30:00,2023-08-10 14:00:00,2023-08-10 14:30:00,long,0.5,1862.3,1846.913982567843,1862.3,1846.913982567843,2054.6252179019616,1846.913982567843,2054.6252179019616,0.24207693878050235,-0.002,0.00025418078571952743,-0.0022541807857195274,-1.1270903928597638,2,stop_loss,0.129988153777857,-1.0139075994672786,False,False,1846.913982567843,False,1.0,0.5,3.846297960794624,,adverse_first,volatility_stop,0.002,,0.0002541807857195273,-1.1270903928597638,0.129988153777857,-1.0139075994672786,0.0002541807857195273,0.00012709039285976366,0.00012709039285976366,0.0,0.0,,,,,fractional_return,R,False
ETHUSD,2023-08-10 14:30:00,2023-08-10 15:00:00,2023-08-11 02:30:00,long,0.5,1851.35,1843.75,1851.35,1843.75,2057.537691093655,1834.8549847125075,2057.537691093655,0.22447387501408525,-0.000921490506985186,0.0002356975687647895,-0.0011571880757499755,-0.5785940378749878,24,max_holding_close,0.20915409533545964,-0.5213696289521479,False,False,1834.8549847125075,False,1.0,0.5,4.123642445918108,,adverse_first,volatility_stop,0.002,,0.0002356975687647895,-0.5785940378749878,0.20915409533545964,-0.5213696289521479,0.0002356975687647895,0.00011784878438239474,0.00011784878438239474,0.0,0.0,,,,,fractional_return,R,False
ETHUSD,2023-08-16 06:30:00,2023-08-16 07:00:00,2023-08-16 09:30:00,short,-0.5,1823.45,1821.6247469841992,1823.45,1821.6247469841992,1680.9713992313366,1834.8482880614931,1680.9713992313366,0.3199515559113083,0.0003202679219815692,0.0003359491337068737,-1.5681211725304472e-05,-0.007840605862652237,6,r_trailing_stop,0.46936873073721325,-0.27635729006020937,False,False,1821.6247469841992,True,1.0,0.5,2.8494939683980705,1821.6247469841992,adverse_first,volatility_stop,0.002,,0.0003359491337068737,-0.007840605862652237,0.46936873073721325,-0.27635729006020937,0.0003359491337068737,0.00016797456685343684,0.00016797456685343684,0.0,0.0,,,,,fractional_return,R,False
ETHUSD,2023-08-16 09:30:00,2023-08-16 10:00:00,2023-08-16 12:30:00,short,-0.5,1822.25,1820.405592834136,1822.25,1820.405592834136,1676.686723679828,1833.8950621056138,1676.686723679828,0.3129652694804511,0.0003167706877191938,0.00032861353295447364,-1.1842845235279851e-05,-0.005921422617639925,6,r_trailing_stop,0.32202490343028994,-0.31773123805122333,False,False,1820.405592834136,True,1.0,0.5,2.911185668271879,1820.405592834136,adverse_first,volatility_stop,0.002,,0.00032861353295447364,-0.005921422617639925,0.32202490343028994,-0.31773123805122333,0.00032861353295447364,0.00016430676647723682,0.00016430676647723682,0.0,0.0,,,,,fractional_return,R,False
ETHUSD,2023-08-19 15:30:00,2023-08-19 16:00:00,2023-08-19 17:30:00,short,-0.5,1683.05,1678.3159173483323,1683.05,1678.3159173483323,1311.447207527887,1712.778223397769,1311.447207527887,0.11322910067517221,0.00031849078825363093,0.00011889055570893081,0.0001996002325447001,0.09980011627235005,4,r_trailing_stop,0.2842416745507303,-0.425521560126242,False,False,1678.3159173483323,True,1.0,0.5,7.4318346966647075,1678.3159173483323,adverse_first,volatility_stop,0.002,,0.00011889055570893083,0.09980011627235005,0.2842416745507303,-0.425521560126242,0.00011889055570893083,5.944527785446541e-05,5.944527785446541e-05,0.0,0.0,,,,,fractional_return,R,False
ETHUSD,2023-08-23 07:30:00,2023-08-23 08:00:00,2023-08-23 14:30:00,long,0.5,1644.5500000000002,1648.25,1644.5500000000002,1648.25,2003.4422474789435,1615.8386202016848,2003.4422474789435,0.11455736447027098,0.00025773752609526817,0.00012028523269378452,0.00013745229340148365,0.06872614670074183,14,r_trailing_stop,0.4545236102085699,-0.3657086518919684,False,False,1650.3109683690334,True,1.0,0.5,7.17806326193351,1650.3109683690334,adverse_first,volatility_stop,0.002,,0.00012028523269378452,0.06872614670074183,0.4545236102085699,-0.3657086518919684,0.00012028523269378452,6.014261634689226e-05,6.014261634689226e-05,0.0,0.0,,,,,fractional_return,R,False
ETHUSD,2023-08-24 09:30:00,2023-08-24 10:00:00,2023-08-24 11:30:00,long,0.5,1666.6,1669.993255491529,1666.6,1669.993255491529,1982.255512260273,1641.347559019178,1982.255512260273,0.1319951604888978,0.0002687467317797959,0.0001385949185133427,0.00013015181326645319,0.06507590663322659,4,r_trailing_stop,0.26136087220290266,-0.03366011232915857,False,False,1669.993255491529,True,1.0,0.5,6.313489016942335,1669.993255491529,adverse_first,volatility_stop,0.002,,0.0001385949185133427,0.06507590663322659,0.26136087220290266,-0.03366011232915857,0.0001385949185133427,6.929745925667135e-05,6.929745925667135e-05,0.0,0.0,,,,,fractional_return,R,False
ETHUSD,2023-08-30 14:00:00,2023-08-30 14:30:00,2023-08-31 02:00:00,long,0.5,1712.85,1699.6,1712.85,1699.6,2018.0400804718024,1688.4347935622557,2018.0400804718024,0.1403100976735592,-0.0010853891433427658,0.00014732560255723714,-0.001232714745900003,-0.6163573729500015,24,max_holding_close,0.08396406580576855,-0.6778562385782159,False,False,1688.4347935622557,False,1.0,0.5,6.1039797661536355,,adverse_first,volatility_stop,0.002,,0.0001473256025572372,-0.6163573729500015,0.08396406580576855,-0.6778562385782159,0.0001473256025572372,7.36628012786186e-05,7.36628012786186e-05,0.0,0.0,,,,,fractional_return,R,False
ETHUSD,2023-08-31 11:30:00,2023-08-31 12:00:00,2023-08-31 15:30:00,long,0.5,1713.8000000000002,1694.1750569382684,1713.8000000000002,1694.1750569382684,1959.1117882716471,1694.1750569382684,1959.1117882716471,0.17465528379971462,-0.002,0.00018338804798970033,-0.0021833880479897004,-1.0916940239948503,8,stop_loss,0.01528666855521844,-1.7579668838517313,False,False,1694.1750569382684,False,1.0,0.5,4.905663123456978,,adverse_first,volatility_stop,0.002,,0.00018338804798970036,-1.0916940239948503,0.01528666855521844,-1.7579668838517313,0.00018338804798970036,9.169402399485018e-05,9.169402399485018e-05,0.0,0.0,,,,,fractional_return,R,False
ETHUSD,2023-09-01 12:00:00,2023-09-01 12:30:00,2023-09-01 14:30:00,long,0.5,1647.9,1627.1998718013056,1647.9,1627.1998718013056,1906.6516024836806,1627.1998718013056,1906.6516024836806,0.1592164052495031,-0.002,0.00016717722551197825,-0.002167177225511978,-1.083588612755989,5,stop_loss,0.15217297060984003,-1.1714903292980257,False,False,1627.1998718013056,False,1.0,0.5,5.174717857344374,,adverse_first,volatility_stop,0.002,,0.00016717722551197814,-1.083588612755989,0.15217297060984003,-1.1714903292980257,0.00016717722551197814,8.358861275598907e-05,8.358861275598907e-05,0.0,0.0,,,,,fractional_return,R,False
ETHUSD,2023-09-01 14:30:00,2023-09-01 15:00:00,2023-09-01 15:30:00,long,0.5,1630.3000000000002,1636.1,1630.3000000000002,1636.1,1909.3836356044749,1607.9733091516423,1909.3836356044749,0.14604045096274543,0.0005195575143126193,0.00015334247351088268,0.00036621504080173664,0.1831075204008683,2,r_trailing_stop,0.4613312411569172,-0.2373840367118262,False,False,1637.8092491457674,True,1.0,0.5,5.581501708465043,1637.8092491457674,adverse_first,volatility_stop,0.002,,0.00015334247351088268,0.1831075204008683,0.4613312411569172,-0.2373840367118262,0.00015334247351088268,7.667123675544134e-05,7.667123675544134e-05,0.0,0.0,,,,,fractional_return,R,False
ETHUSD,2023-09-01 15:30:00,2023-09-01 16:00:00,2023-09-01 17:00:00,long,0.5,1634.25,1611.0959279830568,1634.25,1611.0959279830568,1923.6759002117906,1611.0959279830568,1923.6759002117906,0.1411630747977392,-0.002,0.00014822122853762616,-0.0021482212285376264,-1.0741106142688133,3,stop_loss,0.10149402654877598,-1.3388573714945435,False,False,1611.0959279830568,False,1.0,0.5,5.788340830728857,,adverse_first,volatility_stop,0.002,,0.00014822122853762635,-1.0741106142688133,0.10149402654877598,-1.3388573714945435,0.00014822122853762635,7.411061426881318e-05,7.411061426881318e-05,0.0,0.0,,,,,fractional_return,R,False
ETHUSD,2023-09-01 17:00:00,2023-09-01 17:30:00,2023-09-01 18:00:00,long,0.5,1603.8000000000002,1605.15,1603.8000000000002,1605.15,1918.3454762969168,1578.6363618962469,1918.3454762969168,0.12746964436440392,0.0001072976804414205,0.0001338431265826241,-2.654544614120361e-05,-0.013272723070601804,2,r_trailing_stop,0.26029622477453884,-0.057622828385216505,False,False,1607.2047412558377,True,1.0,0.5,6.290517488324302,1607.2047412558377,adverse_first,volatility_stop,0.002,,0.0001338431265826241,-0.013272723070601804,0.26029622477453884,-0.057622828385216505,0.0001338431265826241,6.692156329131205e-05,6.692156329131205e-05,0.0,0.0,,,,,fractional_return,R,False
ETHUSD,2023-09-01 18:00:00,2023-09-01 18:30:00,2023-09-01 19:00:00,long,0.5,1605.6,1617.7,1605.6,1617.7,1921.6837386734783,1580.3133009061216,1921.6837386734783,0.12699166419777616,0.0009570248734386548,0.00013334124740766495,0.0008236836260309899,0.41184181301549494,2,r_trailing_stop,0.8008162680633306,-0.047455778848190175,False,False,1622.6887688516256,True,1.0,0.5,6.322462296748427,1622.6887688516256,adverse_first,volatility_stop,0.002,,0.00013334124740766492,0.41184181301549494,0.8008162680633306,-0.047455778848190175,0.00013334124740766492,6.667062370383246e-05,6.667062370383246e-05,0.0,0.0,,,,,fractional_return,R,False
ETHUSD,2023-09-07 12:30:00,2023-09-07 13:00:00,2023-09-07 14:00:00,long,0.5,1625.35,1624.9,1625.35,1624.9,1841.371142345853,1608.0683086123317,1841.371142345853,0.1881008014250047,-5.2078235851487095e-05,0.00019750584149625492,-0.000249584077347742,-0.124792038673871,3,r_trailing_stop,0.4050529455117482,-0.14755500157927706,False,False,1630.1897221716813,True,1.0,0.5,4.32055565663743,1630.1897221716813,adverse_first,volatility_stop,0.002,,0.0001975058414962549,-0.124792038673871,0.4050529455117482,-0.14755500157927706,0.0001975058414962549,9.875292074812745e-05,9.875292074812745e-05,0.0,0.0,,,,,fractional_return,R,False
ETHUSD,2023-09-07 14:30:00,2023-09-07 15:00:00,2023-09-07 17:00:00,long,0.5,1631.4,1633.35,1631.4,1633.35,1855.4639176592232,1613.4748865872623,1855.4639176592232,0.18202395292413642,0.00021757184516489172,0.00019112515057034322,2.64466945945485e-05,0.01322334729727425,5,r_trailing_stop,0.45187998611177277,-0.189678018861739,False,False,1637.259635515836,True,1.0,0.5,4.480728968328074,1637.259635515836,adverse_first,volatility_stop,0.002,,0.00019112515057034322,0.01322334729727425,0.45187998611177277,-0.189678018861739,0.00019112515057034322,9.556257528517161e-05,9.556257528517161e-05,0.0,0.0,,,,,fractional_return,R,False
ETHUSD,2023-09-08 05:00:00,2023-09-08 05:30:00,2023-09-08 07:00:00,short,-0.5,1650.75,1645.1338037437988,1650.75,1645.1338037437988,1412.362397240242,1669.8210082207806,1412.362397240242,0.17311617517958672,0.0005889773829661974,0.00018177198393856605,0.0004072053990276313,0.20360269951381565,4,r_trailing_stop,0.4194849012378294,-0.03932670949104651,False,False,1645.1338037437988,True,1.0,0.5,4.767607487597799,1645.1338037437988,adverse_first,volatility_stop,0.002,,0.00018177198393856605,0.20360269951381565,0.4194849012378294,-0.03932670949104651,0.00018177198393856605,9.088599196928302e-05,9.088599196928302e-05,0.0,0.0,,,,,fractional_return,R,False
ETHUSD,2023-09-10 15:30:00,2023-09-10 16:00:00,2023-09-10 16:30:00,long,0.5,1619.25,1607.5720663211541,1619.25,1607.5720663211541,1765.2241709855734,1607.5720663211541,1765.2241709855734,0.27731789621878206,-0.002,0.00029118379102972114,-0.0022911837910297213,-1.1455918955148607,2,stop_loss,0.0,-1.8582054494202624,False,False,1607.5720663211541,False,1.0,0.5,2.9195734862186917,,adverse_first,volatility_stop,0.002,,0.0002911837910297213,-1.1455918955148607,0.0,-1.8582054494202624,0.0002911837910297213,0.00014559189551486065,0.00014559189551486065,0.0,0.0,,,,,fractional_return,R,False
ETHUSD,2023-09-10 16:30:00,2023-09-10 17:00:00,2023-09-10 20:00:00,long,0.5,1613.15,1616.15,1613.15,1616.15,1778.5862335358747,1599.9151013171302,1778.5862335358747,0.24377217214181054,0.0004533468781114042,0.00025596078074890103,0.00019738609736250317,0.09869304868125159,7,r_trailing_stop,0.902915865571894,-0.7933570366949817,False,False,1617.2955864081905,True,1.0,0.5,3.308827183618531,1617.2955864081905,adverse_first,volatility_stop,0.002,,0.00025596078074890103,0.09869304868125159,0.902915865571894,-0.7933570366949817,0.00025596078074890103,0.00012798039037445052,0.00012798039037445052,0.0,0.0,,,,,fractional_return,R,False
ETHUSD,2023-09-10 20:00:00,2023-09-10 20:30:00,2023-09-10 21:00:00,short,-0.5,1621.15,1618.9835421226871,1621.15,1618.9835421226871,1427.801742742979,1636.6178605805617,1427.801742742979,0.20961528474562077,0.00028012379165553167,0.0002200960489829018,6.002774267262987e-05,0.030013871336314935,2,r_trailing_stop,0.2650657457536413,-0.40083112772501567,False,False,1618.9835421226871,True,1.0,0.5,3.8670842453737966,1618.9835421226871,adverse_first,volatility_stop,0.002,,0.0002200960489829018,0.030013871336314935,0.2650657457536413,-0.40083112772501567,0.0002200960489829018,0.0001100480244914509,0.0001100480244914509,0.0,0.0,,,,,fractional_return,R,False
ETHUSD,2023-09-10 21:00:00,2023-09-10 21:30:00,2023-09-11 00:00:00,short,-0.5,1624.25,1618.28937480426,1624.25,1618.28937480426,1425.3186461318983,1640.1645083094481,1425.3186461318983,0.20412192050391076,0.0007490806602176011,0.00021432801652910627,0.0005347526436884949,0.2673763218442474,6,r_trailing_stop,0.6252156715449823,-0.14766400282720385,False,False,1618.28937480426,True,1.0,0.5,3.9787496085202654,1618.28937480426,adverse_first,volatility_stop,0.002,,0.00021432801652910627,0.2673763218442474,0.6252156715449823,-0.14766400282720385,0.00021432801652910627,0.00010716400826455314,0.00010716400826455314,0.0,0.0,,,,,fractional_return,R,False
ETHUSD,2023-09-11 00:30:00,2023-09-11 01:00:00,2023-09-11 08:30:00,short,-0.5,1609.4499999999998,1606.5761779431932,1609.4499999999998,1606.5761779431932,1401.8257529485736,1626.059939764114,1401.8257529485736,0.19379359863510512,0.00034603642127776265,0.00020348327856686035,0.0001425531427109023,0.07127657135545115,16,r_trailing_stop,0.3702602229351218,-0.4846495601020917,False,False,1606.5761779431932,True,1.0,0.5,4.152355886386268,1606.5761779431932,adverse_first,volatility_stop,0.002,,0.00020348327856686035,0.07127657135545115,0.3702602229351218,-0.4846495601020917,0.00020348327856686035,0.00010174163928343018,0.00010174163928343018,0.0,0.0,,,,,fractional_return,R,False
ETHUSD,2023-09-11 09:00:00,2023-09-11 09:30:00,2023-09-11 10:30:00,short,-0.5,1591.4,1583.85,1591.4,1583.85,1373.855908774864,1608.803527298011,1373.855908774864,0.18288246661145377,0.000867640205426991,0.00019202658994202644,0.0006756136154849646,0.3378068077424823,3,r_trailing_stop,0.8044346275481817,-0.2930440428925467,False,False,1579.575509354196,True,1.0,0.5,4.351018708391456,1579.575509354196,adverse_first,volatility_stop,0.002,,0.00019202658994202642,0.3378068077424823,0.8044346275481817,-0.2930440428925467,0.00019202658994202642,9.601329497101321e-05,9.601329497101321e-05,0.0,0.0,,,,,fractional_return,R,False
ETHUSD,2023-09-13 05:00:00,2023-09-13 05:30:00,2023-09-13 08:00:00,long,0.5,1584.5500000000002,1584.2,1584.5500000000002,1584.2,1921.4253495055718,1557.5999720395544,1921.4253495055718,0.11759171473407205,-2.5973999026188307e-05,0.00012347130047077565,-0.00014944529949696396,-0.07472264974848197,6,r_trailing_stop,0.6660475464569009,-0.1094618530388891,False,False,1599.1311402739752,True,1.0,0.5,6.737719452049717,1599.1311402739752,adverse_first,volatility_stop,0.002,,0.00012347130047077565,-0.07472264974848197,0.6660475464569009,-0.1094618530388891,0.00012347130047077565,6.173565023538782e-05,6.173565023538782e-05,0.0,0.0,,,,,fractional_return,R,False
ETHUSD,2023-09-14 01:00:00,2023-09-14 01:30:00,2023-09-14 13:00:00,long,0.5,1622.95,1628.95,1622.95,1628.95,1970.9779346753378,1595.107765225973,1970.9779346753378,0.11658187736524579,0.0004309998855118632,0.00012241097123350808,0.0003085889142783551,0.15429445713917755,24,max_holding_close,0.36634990268508344,-0.3627582369724879,False,False,1629.6696134296892,True,1.0,0.5,6.960773140621853,1629.6696134296892,adverse_first,volatility_stop,0.002,,0.0001224109712335081,0.15429445713917755,0.36634990268508344,-0.3627582369724879,0.0001224109712335081,6.120548561675405e-05,6.120548561675405e-05,0.0,0.0,,,,,fractional_return,R,False
ETHUSD,2023-09-20 15:30:00,2023-09-20 16:00:00,2023-09-20 19:30:00,short,-0.5,1629.35,1616.5,1629.35,1616.5,1368.562428451865,1650.2130057238508,1368.562428451865,0.15619513521364858,0.00123184551354551,0.000164004891974331,0.001067840621571179,0.5339203107855895,8,r_trailing_stop,1.128792289649668,-0.5104729462747009,False,False,1608.4077957382658,True,1.0,0.5,5.215591476531383,1608.4077957382658,adverse_first,volatility_stop,0.002,,0.00016400489197433091,0.5339203107855895,1.128792289649668,-0.5104729462747009,0.00016400489197433091,8.200244598716546e-05,8.200244598716546e-05,0.0,0.0,,,,,fractional_return,R,False
ETHUSD,2023-09-21 08:30:00,2023-09-21 09:00:00,2023-09-21 10:30:00,long,0.5,1616.9,1596.440312157385,1616.9,1596.440312157385,1872.646098032687,1596.440312157385,1872.646098032687,0.15805715242949125,-0.0020000000000000174,0.0001659600100509658,-0.0021659600100509832,-1.0829800050254916,4,stop_loss,0.04643277098397776,-1.3123367378105766,False,False,1596.440312157385,False,1.0,0.5,5.1150802044970956,,adverse_first,volatility_stop,0.002,,0.00016596001005096585,-1.0829800050254916,0.04643277098397776,-1.3123367378105766,0.00016596001005096585,8.298000502548293e-05,8.298000502548293e-05,0.0,0.0,,,,,fractional_return,R,False
ETHUSD,2023-09-22 00:30:00,2023-09-22 01:00:00,2023-09-22 08:30:00,long,0.5,1590.9,1597.05,1590.9,1597.05,1868.91800367306,1568.6585597061553,1868.91800367306,0.1430572821707301,0.0005530217394870509,0.0001502101462792666,0.0004028115932077843,0.20140579660389216,16,r_trailing_stop,0.5080606224556049,-0.25627836707937895,False,False,1599.4196451781947,True,1.0,0.5,5.560709643610456,1599.4196451781947,adverse_first,volatility_stop,0.002,,0.0001502101462792666,0.20140579660389216,0.5080606224556049,-0.25627836707937895,0.0001502101462792666,7.51050731396333e-05,7.51050731396333e-05,0.0,0.0,,,,,fractional_return,R,False
ETHUSD,2023-09-27 10:00:00,2023-09-27 10:30:00,2023-09-27 11:00:00,long,0.5,1614.5,1615.75,1614.5,1615.75,1822.948610897176,1597.824111128226,1822.948610897176,0.19363285668480715,0.00014991704605514365,0.0002033144995190475,-5.3397453463903855e-05,-0.026698726731951925,2,r_trailing_stop,0.515714638429645,-0.09594690947527836,False,False,1617.2655784922804,True,1.0,0.5,4.168843015439156,1617.2655784922804,adverse_first,volatility_stop,0.002,,0.0002033144995190475,-0.026698726731951925,0.515714638429645,-0.09594690947527836,0.0002033144995190475,0.00010165724975952375,0.00010165724975952375,0.0,0.0,,,,,fractional_return,R,False
ETHUSD,2023-09-27 11:00:00,2023-09-27 11:30:00,2023-09-27 12:00:00,long,0.5,1621.95,1628.6999999999998,1621.95,1628.6999999999998,1836.195403376408,1604.8103677298875,1836.195403376408,0.18926310371644178,0.0007876481704651536,0.00019872625890226387,0.0005889219115628897,0.2944609557814448,2,r_trailing_stop,0.6388701827106438,-0.06126152436951087,False,False,1630.7576119311839,True,1.0,0.5,4.284776137632416,1630.7576119311839,adverse_first,volatility_stop,0.002,,0.00019872625890226387,0.2944609557814448,0.6388701827106438,-0.06126152436951087,0.00019872625890226387,9.936312945113193e-05,9.936312945113193e-05,0.0,0.0,,,,,fractional_return,R,False
ETHUSD,2023-09-27 12:00:00,2023-09-27 12:30:00,2023-09-27 14:00:00,long,0.5,1625.75,1607.9098019502126,1625.75,1607.9098019502126,1848.752475622343,1607.9098019502126,1848.752475622343,0.18225694529432324,-0.002,0.00019136979255903938,-0.0021913697925590395,-1.0956848962795198,4,stop_loss,0.1093037193061475,-1.3368685668982292,False,False,1607.9098019502126,False,1.0,0.5,4.460186843763025,,adverse_first,volatility_stop,0.002,,0.0001913697925590395,-1.0956848962795198,0.1093037193061475,-1.3368685668982292,0.0001913697925590395,9.568489627951975e-05,9.568489627951975e-05,0.0,0.0,,,,,fractional_return,R,False
ETHUSD,2023-09-29 06:30:00,2023-09-29 07:00:00,2023-09-29 07:30:00,short,-0.5,1659.1,1682.0425030718557,1659.1,1682.0425030718557,1372.318711601803,1682.0425030718557,1372.318711601803,0.1446311237098856,-0.002,0.00015186267989537985,-0.00215186267989538,-1.07593133994769,2,stop_loss,0.05448402888233289,-1.2683881923807157,False,False,1682.0425030718557,False,1.0,0.5,5.735452788054334,,adverse_first,volatility_stop,0.002,,0.00015186267989538002,-1.07593133994769,0.05448402888233289,-1.2683881923807157,0.00015186267989538002,7.593133994769001e-05,7.593133994769001e-05,0.0,0.0,,,,,fractional_return,R,False
ETHUSD,2023-09-29 12:30:00,2023-09-29 13:00:00,2023-09-29 14:30:00,short,-0.5,1673.45,1663.9,1673.45,1663.9,1371.493382902397,1697.6065293678082,1371.493382902397,0.13855053219938887,0.0007906764961631132,0.0001454780588093583,0.0006451984373537549,0.32259921867687746,4,r_trailing_stop,0.6871848081836573,-0.42017625319662477,False,False,1659.8696563498831,True,1.0,0.5,6.039312699766685,1659.8696563498831,adverse_first,volatility_stop,0.002,,0.0001454780588093583,0.32259921867687746,0.6871848081836573,-0.42017625319662477,0.0001454780588093583,7.273902940467915e-05,7.273902940467915e-05,0.0,0.0,,,,,fractional_return,R,False
ETHUSD,2023-10-04 09:30:00,2023-10-04 10:00:00,2023-10-04 21:30:00,long,0.5,1651.6,1643.9,1651.6,1643.9,1954.2580814784392,1627.3873534817249,1954.2580814784392,0.13642457455061022,-0.0006360312569869668,0.00014324580327814072,-0.0007792770602651075,-0.38963853013255373,24,max_holding_close,0.10738190053026625,-0.9829573971617005,False,False,1627.3873534817249,False,1.0,0.5,6.052795115219098,,adverse_first,volatility_stop,0.002,,0.0001432458032781407,-0.38963853013255373,0.10738190053026625,-0.9829573971617005,0.0001432458032781407,7.162290163907034e-05,7.162290163907034e-05,0.0,0.0,,,,,fractional_return,R,False
ETHUSD,2023-10-05 15:30:00,2023-10-05 16:00:00,2023-10-06 03:00:00,long,0.5,1618.25,1622.3709849379716,1618.25,1622.3709849379716,1911.142462623422,1594.8186029901262,1911.142462623422,0.13812663404730716,0.0003517489747824195,0.0001450329657496725,0.00020671600903274698,0.10335800451637349,23,r_trailing_stop,0.3008783469901253,-0.3841000174341926,False,False,1622.3709849379716,True,1.0,0.5,5.858030124057365,1622.3709849379716,adverse_first,volatility_stop,0.002,,0.0001450329657496725,0.10335800451637349,0.3008783469901253,-0.3841000174341926,0.0001450329657496725,7.251648287483625e-05,7.251648287483625e-05,0.0,0.0,,,,,fractional_return,R,False
ETHUSD,2023-10-09 10:30:00,2023-10-09 11:00:00,2023-10-09 16:00:00,long,0.5,1595.65,1578.1980093810243,1595.65,1578.1980093810243,1813.799882737198,1578.1980093810243,1813.799882737198,0.1828616614387844,-0.00199999999999998,0.00019200474451072362,-0.0021920047445107035,-1.0960023722553518,11,stop_loss,0.10027509401117862,-1.799221686829153,False,False,1578.1980093810243,False,1.0,0.5,4.363134519405165,,adverse_first,volatility_stop,0.002,,0.00019200474451072343,-1.0960023722553518,0.10027509401117862,-1.799221686829153,0.00019200474451072343,9.600237225536172e-05,9.600237225536172e-05,0.0,0.0,,,,,fractional_return,R,False
ETHUSD,2023-10-10 00:30:00,2023-10-10 01:00:00,2023-10-10 03:00:00,long,0.5,1577.75,1587.7972574233402,1577.75,1587.7972574233402,1848.032828930067,1556.1273736855946,1848.032828930067,0.14593509382797565,0.0009293281285304843,0.00015323184851937443,0.0007760962800111099,0.38804814000555493,5,r_trailing_stop,0.5896601002398001,-0.08555852434851581,False,False,1587.7972574233402,True,1.0,0.5,5.405485153319762,1587.7972574233402,adverse_first,volatility_stop,0.002,,0.00015323184851937443,0.38804814000555493,0.5896601002398001,-0.08555852434851581,0.00015323184851937443,7.661592425968722e-05,7.661592425968722e-05,0.0,0.0,,,,,fractional_return,R,False
ETHUSD,2023-10-10 07:00:00,2023-10-10 07:30:00,2023-10-10 12:30:00,long,0.5,1592.45,1572.498989347415,1592.45,1572.498989347415,1841.837633157312,1572.498989347415,1841.837633157312,0.1596360232300988,-0.002,0.0001676178243916037,-0.0021676178243916037,-1.0838089121958019,11,stop_loss,0.11778851913426405,-1.0049616206987577,False,False,1572.498989347415,False,1.0,0.5,4.987596140354218,,adverse_first,volatility_stop,0.002,,0.0001676178243916037,-1.0838089121958019,0.11778851913426405,-1.0049616206987577,0.0001676178243916037,8.380891219580185e-05,8.380891219580185e-05,0.0,0.0,,,,,fractional_return,R,False
ETHUSD,2023-10-10 12:30:00,2023-10-10 13:00:00,2023-10-10 14:30:00,long,0.5,1574.45,1582.8000000000002,1574.45,1582.8000000000002,1823.653845699667,1554.5136923440266,1823.653845699667,0.15794800393023228,0.0008376676508097882,0.0001658454041267439,0.0006718222466830443,0.3359111233415221,4,r_trailing_stop,0.6796644711660041,-0.418833825404889,False,False,1585.507882360495,True,1.0,0.5,4.984235279010071,1585.507882360495,adverse_first,volatility_stop,0.002,,0.00016584540412674386,0.3359111233415221,0.6796644711660041,-0.418833825404889,0.00016584540412674386,8.292270206337193e-05,8.292270206337193e-05,0.0,0.0,,,,,fractional_return,R,False
ETHUSD,2023-10-11 02:00:00,2023-10-11 02:30:00,2023-10-11 02:30:00,long,0.5,1568.85,1546.7003007733729,1568.85,1546.7003007733729,1845.721240332839,1546.7003007733729,1845.721240332839,0.1416588084513596,-0.0019999999999999844,0.00014874174887392758,-0.002148741748873912,-1.074370874436956,1,stop_loss,0.0,-1.0406461850412232,False,False,1546.7003007733729,False,1.0,0.5,5.537601128156143,,adverse_first,volatility_stop,0.002,,0.0001487417488739277,-1.074370874436956,0.0,-1.0406461850412232,0.0001487417488739277,7.437087443696385e-05,7.437087443696385e-05,0.0,0.0,,,,,fractional_return,R,False
ETHUSD,2023-10-11 12:30:00,2023-10-11 13:00:00,2023-10-11 18:00:00,long,0.5,1572.6,1549.7631931006908,1572.6,1549.7631931006908,1858.0600862413644,1549.7631931006908,1858.0600862413644,0.1377250337084186,-0.001999999999999985,0.00014461128539383953,-0.0021446112853938243,-1.0723056426969122,11,stop_loss,0.1510719083982107,-1.042177223152858,False,False,1549.7631931006908,False,1.0,0.5,5.7088387587575395,,adverse_first,volatility_stop,0.002,,0.00014461128539383942,-1.0723056426969122,0.1510719083982107,-1.042177223152858,0.00014461128539383942,7.230564269691971e-05,7.230564269691971e-05,0.0,0.0,,,,,fractional_return,R,False
ETHUSD,2023-10-12 09:00:00,2023-10-12 09:30:00,2023-10-12 16:00:00,long,0.5,1553.6999999999998,1532.9439162653869,1553.6999999999998,1532.9439162653869,1813.1510466826612,1532.9439162653869,1813.1510466826612,0.14971032299402848,-0.002,0.0001571958391437299,-0.00215719583914373,-1.078597919571865,14,stop_loss,0.04576971321502465,-1.5176273329187915,False,False,1532.9439162653869,False,1.0,0.5,5.188686801366064,,adverse_first,volatility_stop,0.002,,0.00015719583914372993,-1.078597919571865,0.04576971321502465,-1.5176273329187915,0.00015719583914372993,7.859791957186496e-05,7.859791957186496e-05,0.0,0.0,,,,,fractional_return,R,False
ETHUSD,2023-10-16 10:30:00,2023-10-16 11:00:00,2023-10-16 13:30:00,long,0.5,1585.75,1621.7900396173752,1585.75,1621.7900396173752,1806.7530082875164,1568.0697593369987,1806.7530082875164,0.17938104239931885,0.004076872063488902,0.00018835009451928478,0.0038885219689696175,1.9442609844848087,6,r_trailing_stop,3.0853652413314947,-1.0209137049685313,False,False,1621.7900396173752,True,1.0,0.5,4.419920765249411,1621.7900396173752,adverse_first,volatility_stop,0.002,,0.00018835009451928465,1.9442609844848087,3.0853652413314947,-1.0209137049685313,0.00018835009451928465,9.417504725964232e-05,9.417504725964232e-05,0.0,0.0,,,,,fractional_return,R,False
ETHUSD,2023-10-17 07:30:00,2023-10-17 08:00:00,2023-10-17 11:00:00,short,-0.5,1590.9499999999998,1587.0500000000002,1590.9499999999998,1587.0500000000002,1290.5769640204262,1614.9798428783656,1290.5769640204262,0.13241451540512028,0.0003245963795719015,0.00013903524117537627,0.00018556113839652522,0.09278056919826261,7,r_trailing_stop,0.29338518922846896,-0.143571475579906,False,False,1586.9036360513974,True,1.0,0.5,6.007272102794583,1586.9036360513974,adverse_first,volatility_stop,0.002,,0.00013903524117537627,0.09278056919826261,0.29338518922846896,-0.143571475579906,0.00013903524117537627,6.951762058768814e-05,6.951762058768814e-05,0.0,0.0,,,,,fractional_return,R,False
ETHUSD,2023-10-17 12:30:00,2023-10-17 13:00:00,2023-10-17 14:00:00,short,-0.5,1575.0,1572.1999999999998,1575.0,1572.1999999999998,1290.0250675622374,1597.797994595021,1290.0250675622374,0.13817004767112048,0.00024563564030422806,0.00014507855005467649,0.00010055709024955157,0.05027854512477579,3,r_trailing_stop,0.39477156477462994,-0.20615848382674323,False,False,1568.8499302065868,True,1.0,0.5,5.699860413173643,1568.8499302065868,adverse_first,volatility_stop,0.002,,0.00014507855005467649,0.05027854512477579,0.39477156477462994,-0.20615848382674323,0.00014507855005467649,7.253927502733824e-05,7.253927502733824e-05,0.0,0.0,,,,,fractional_return,R,False
ETHUSD,2023-10-17 18:30:00,2023-10-17 19:00:00,2023-10-18 04:30:00,short,-0.5,1554.45,1578.7206324078609,1554.45,1578.7206324078609,1251.0670949017397,1578.7206324078609,1251.0670949017397,0.12809307758264601,-0.002,0.0001344977314617783,-0.0021344977314617783,-1.0672488657308892,20,stop_loss,0.02266113180560632,-1.1371767960632437,False,False,1578.7206324078609,False,1.0,0.5,6.068243790498298,,adverse_first,volatility_stop,0.002,,0.00013449773146177822,-1.0672488657308892,0.02266113180560632,-1.1371767960632437,0.00013449773146177822,6.724886573088911e-05,6.724886573088911e-05,0.0,0.0,,,,,fractional_return,R,False
ETHUSD,2023-10-18 05:00:00,2023-10-18 05:30:00,2023-10-18 07:30:00,short,-0.5,1575.3000000000002,1574.4,1575.3000000000002,1574.4,1291.151292499574,1598.0318966000343,1291.151292499574,0.13859820214012744,7.918389000579116e-05,0.0001455281122471338,-6.634422224134265e-05,-0.033172111120671324,5,r_trailing_stop,0.36072661002636974,-0.07918389000577385,False,False,1569.9416674499207,True,1.0,0.5,5.683334899841753,1569.9416674499207,adverse_first,volatility_stop,0.002,,0.0001455281122471338,-0.033172111120671324,0.36072661002636974,-0.07918389000577385,0.0001455281122471338,7.27640561235669e-05,7.27640561235669e-05,0.0,0.0,,,,,fractional_return,R,False
ETHUSD,2023-10-18 07:30:00,2023-10-18 08:00:00,2023-10-18 17:00:00,short,-0.5,1573.0,1571.6,1573.0,1571.6,1292.3339370191097,1595.4532850384712,1292.3339370191097,0.14011312797257403,0.0001247033561103681,0.0001471187843712027,-2.2415428260834613e-05,-0.011207714130417306,19,r_trailing_stop,0.2783557056034926,-0.5678456394311249,False,False,1569.556839064095,True,1.0,0.5,5.613678128189705,1569.556839064095,adverse_first,volatility_stop,0.002,,0.0001471187843712027,-0.011207714130417306,0.2783557056034926,-0.5678456394311249,0.0001471187843712027,7.355939218560136e-05,7.355939218560136e-05,0.0,0.0,,,,,fractional_return,R,False
ETHUSD,2023-10-20 08:30:00,2023-10-20 09:00:00,2023-10-20 10:30:00,long,0.5,1612.3000000000002,1619.9,1612.3000000000002,1619.9,1918.2439500852024,1587.824483993184,1918.2439500852024,0.1317479884428987,0.000621028786308999,0.0001383353878650436,0.0004826933984439553,0.24134669922197766,4,r_trailing_stop,0.7558574043892563,-0.1838572064730739,False,False,1626.490655397592,True,1.0,0.5,6.118689204816454,1626.490655397592,adverse_first,volatility_stop,0.002,,0.00013833538786504364,0.24134669922197766,0.7558574043892563,-0.1838572064730739,0.00013833538786504364,6.916769393252182e-05,6.916769393252182e-05,0.0,0.0,,,,,fractional_return,R,False
ETHUSD,2023-10-20 10:30:00,2023-10-20 11:00:00,2023-10-20 22:30:00,long,0.5,1617.05,1608.95,1617.05,1608.95,1941.2099256556946,1591.1172059475443,1941.2099256556946,0.12471081956916105,-0.0006246916536348245,0.0001309463605476191,-0.0007556380141824435,-0.37781900709122174,24,max_holding_close,0.14653261011187207,-0.7268788685812654,False,False,1591.1172059475443,False,1.0,0.5,6.482997820375797,,adverse_first,volatility_stop,0.002,,0.00013094636054761905,-0.37781900709122174,0.14653261011187207,-0.7268788685812654,0.00013094636054761905,6.547318027380953e-05,6.547318027380953e-05,0.0,0.0,,,,,fractional_return,R,False
ETHUSD,2023-10-21 01:30:00,2023-10-21 02:00:00,2023-10-21 03:00:00,short,-0.5,1599.9,1596.039010236966,1599.9,1596.039010236966,1301.0269985523541,1623.8098401158118,1301.0269985523541,0.13382774558513083,0.00032296240747179333,0.00014051913286438735,0.00018244327460740598,0.09122163730370299,3,r_trailing_stop,0.28858411292499997,0.0,False,False,1596.039010236966,True,1.0,0.5,5.978020473932453,1596.039010236966,adverse_first,volatility_stop,0.002,,0.00014051913286438735,0.09122163730370299,0.28858411292499997,0.0,0.00014051913286438735,7.025956643219368e-05,7.025956643219368e-05,0.0,0.0,,,,,fractional_return,R,False
ETHUSD,2023-10-21 20:00:00,2023-10-21 20:30:00,2023-10-22 03:00:00,short,-0.5,1630.9,1627.1179197478832,1630.9,1627.1179197478832,1324.0892054213678,1655.4448635662907,1324.0892054213678,0.13289134776367995,0.00030817692197817166,0.00013953591515186394,0.00016864100682630772,0.08432050341315386,14,r_trailing_stop,0.2790807934825022,-0.39723178634369966,False,False,1627.1179197478832,True,1.0,0.5,6.135839495766549,1627.1179197478832,adverse_first,volatility_stop,0.002,,0.00013953591515186394,0.08432050341315386,0.2790807934825022,-0.39723178634369966,0.00013953591515186394,6.976795757593197e-05,6.976795757593197e-05,0.0,0.0,,,,,fractional_return,R,False
ETHUSD,2023-10-22 23:00:00,2023-10-22 23:30:00,2023-10-23 01:30:00,short,-0.5,1661.3000000000002,1686.393048014492,1661.3000000000002,1686.393048014492,1347.6368998188527,1686.393048014492,1347.6368998188527,0.13241117611862555,-0.002,0.0001390317349245568,-0.002139031734924557,-1.0695158674622784,5,stop_loss,0.1394808633044058,-1.0779878149668265,False,False,1686.393048014492,False,1.0,0.5,6.273073208086888,,adverse_first,volatility_stop,0.002,,0.00013903173492455694,-1.0695158674622784,0.1394808633044058,-1.0779878149668265,0.00013903173492455694,6.951586746227847e-05,6.951586746227847e-05,0.0,0.0,,,,,fractional_return,R,False
ETHUSD,2023-10-25 05:00:00,2023-10-25 05:30:00,2023-10-25 15:00:00,long,0.5,1786.15,1803.7069283265835,1786.15,1803.7069283265835,2430.4751869094093,1734.6039850472473,2430.4751869094093,0.06930312660007534,0.0006812137986874916,7.276828293007911e-05,0.0006084455157574126,0.3042227578787063,20,r_trailing_stop,0.46560340352204654,-0.4937336091515088,False,False,1803.7069283265835,True,1.0,0.5,12.886143346833139,1803.7069283265835,adverse_first,volatility_stop,0.002,,7.276828293007907e-05,0.3042227578787063,0.46560340352204654,-0.4937336091515088,7.276828293007907e-05,3.6384141465039535e-05,3.6384141465039535e-05,0.0,0.0,,,,,fractional_return,R,False
ETHUSD,2023-10-25 16:00:00,2023-10-25 16:30:00,2023-10-26 04:00:00,long,0.5,1792.25,1811.447381985488,1792.25,1811.447381985488,2407.4946343388874,1743.030429252889,2407.4946343388874,0.07282672208616116,0.0007800710853056175,7.646805819046921e-05,0.0007036030271151484,0.35180151355757416,24,r_trailing_stop,0.5221500230476622,-0.276312852663352,False,False,1811.447381985488,True,1.0,0.5,12.305236029023854,1811.447381985488,adverse_first,volatility_stop,0.002,,7.646805819046915e-05,0.35180151355757416,0.5221500230476622,-0.276312852663352,7.646805819046915e-05,3.823402909523458e-05,3.823402909523458e-05,0.0,0.0,,,,,fractional_return,R,False
ETHUSD,2023-10-26 06:30:00,2023-10-26 07:00:00,2023-10-26 07:30:00,short,-0.5,1813.85,1857.170635684859,1813.85,1857.170635684859,1272.3420539392623,1857.170635684859,1272.3420539392623,0.08374069176616254,-0.002,8.792772635447067e-05,-0.0020879277263544708,-1.0439638631772354,2,stop_loss,0.13157701658547022,-1.0099113115113167,False,False,1857.170635684859,False,1.0,0.5,10.829859972175024,,adverse_first,volatility_stop,0.002,,8.792772635447072e-05,-1.0439638631772354,0.13157701658547022,-1.0099113115113167,8.792772635447072e-05,4.396386317723536e-05,4.396386317723536e-05,0.0,0.0,,,,,fractional_return,R,False
ETHUSD,2023-10-26 11:30:00,2023-10-26 12:00:00,2023-10-26 13:30:00,long,0.5,1812.6,1817.25,1812.6,1817.25,2432.375326028466,1763.0179739177227,2432.375326028466,0.07311520497335625,0.0001875679703884479,7.677096522202405e-05,0.00011079700516642385,0.055398502583211925,4,r_trailing_stop,0.25412434697790454,-0.11092729431575077,False,False,1819.00190472593,True,1.0,0.5,12.396190548140234,1819.00190472593,adverse_first,volatility_stop,0.002,,7.677096522202405e-05,0.055398502583211925,0.25412434697790454,-0.11092729431575077,7.677096522202405e-05,3.8385482611012025e-05,3.8385482611012025e-05,0.0,0.0,,,,,fractional_return,R,False
ETHUSD,2023-10-26 14:30:00,2023-10-26 15:00:00,2023-10-26 23:30:00,long,0.5,1789.85,1805.144968384798,1789.85,1805.144968384798,2430.371056607831,1738.6083154713733,2430.371056607831,0.06985913974003288,0.000596973675846022,7.335209672703452e-05,0.0005236215791189875,0.2618107895594938,18,r_trailing_stop,0.42348334563195633,-0.5200843853037628,False,False,1805.144968384798,True,1.0,0.5,12.810063230404163,1805.144968384798,adverse_first,volatility_stop,0.002,,7.335209672703453e-05,0.2618107895594938,0.42348334563195633,-0.5200843853037628,7.335209672703453e-05,3.6676048363517265e-05,3.6676048363517265e-05,0.0,0.0,,,,,fractional_return,R,False
ETHUSD,2023-11-02 12:30:00,2023-11-02 13:00:00,2023-11-02 14:00:00,short,-0.5,1836.6,1825.0,1836.6,1825.0,1384.1381501996889,1872.7969479840249,1384.1381501996889,0.10147816886719636,0.0006409380152779471,0.00010655207731055617,0.0005343859379673909,0.26719296898369543,3,r_trailing_stop,0.5470074440734178,-0.05801594103809367,False,False,1824.0747415487488,True,1.0,0.5,9.04948309749766,1824.0747415487488,adverse_first,volatility_stop,0.002,,0.00010655207731055617,0.26719296898369543,0.5470074440734178,-0.05801594103809367,0.00010655207731055617,5.3276038655278085e-05,5.3276038655278085e-05,0.0,0.0,,,,,fractional_return,R,False
ETHUSD,2023-11-05 09:00:00,2023-11-05 09:30:00,2023-11-05 14:00:00,short,-0.5,1885.5,1871.05,1885.5,1871.05,1509.3476560916752,1915.592187512666,1509.3476560916752,0.12531491764806937,0.0009603821585863802,0.00013158066353047285,0.0008288014950559074,0.4144007475279537,10,r_trailing_stop,0.6297315538135562,-0.5067760525412511,False,False,1870.31142388604,True,1.0,0.5,7.522847772080143,1870.31142388604,adverse_first,volatility_stop,0.002,,0.00013158066353047282,0.4144007475279537,0.6297315538135562,-0.5067760525412511,0.00013158066353047282,6.579033176523641e-05,6.579033176523641e-05,0.0,0.0,,,,,fractional_return,R,False
ETHUSD,2023-11-05 15:30:00,2023-11-05 16:00:00,2023-11-05 17:30:00,short,-0.5,1875.95,1908.0778717823327,1875.95,1908.0778717823327,1474.3516027208418,1908.0778717823327,1474.3516027208418,0.11678022202713086,-0.002,0.00012261923312848738,-0.0021226192331284875,-1.0613096165642437,4,stop_loss,0.04668843333796104,-1.1547605845589002,False,False,1908.0778717823327,False,1.0,0.5,8.030683728032527,,adverse_first,volatility_stop,0.002,,0.00012261923312848746,-1.0613096165642437,0.04668843333796104,-1.1547605845589002,0.00012261923312848746,6.130961656424373e-05,6.130961656424373e-05,0.0,0.0,,,,,fractional_return,R,False
ETHUSD,2023-11-05 17:30:00,2023-11-05 18:00:00,2023-11-05 20:00:00,short,-0.5,1901.45,1892.667543228026,1901.45,1892.667543228026,1479.7843805128243,1935.183249558974,1479.7843805128243,0.1127344696914417,0.0005207003112238091,0.00011837119317601378,0.0004023291180477953,0.20116455902389765,5,r_trailing_stop,0.3853764511264419,-0.12154180381679823,False,False,1892.667543228026,True,1.0,0.5,8.43508645605195,1892.667543228026,adverse_first,volatility_stop,0.002,,0.0001183711931760138,0.20116455902389765,0.3853764511264419,-0.12154180381679823,0.0001183711931760138,5.91855965880069e-05,5.91855965880069e-05,0.0,0.0,,,,,fractional_return,R,False
ETHUSD,2023-11-05 20:30:00,2023-11-05 21:00:00,2023-11-05 22:00:00,short,-0.5,1887.65,1869.7,1887.65,1869.7,1469.5229798612186,1921.1001616111025,1469.5229798612186,0.11286343079272093,0.0010732384619655914,0.00011850660233235697,0.0009547318596332345,0.47736592981661724,3,r_trailing_stop,0.8729404760277237,-0.035874266138120135,False,False,1862.6310488923982,True,1.0,0.5,8.362097784796326,1862.6310488923982,adverse_first,volatility_stop,0.002,,0.00011850660233235694,0.47736592981661724,0.8729404760277237,-0.035874266138120135,0.00011850660233235694,5.925330116617847e-05,5.925330116617847e-05,0.0,0.0,,,,,fractional_return,R,False
ETHUSD,2023-11-05 22:00:00,2023-11-05 22:30:00,2023-11-06 10:00:00,short,-0.5,1877.5,1894.4,1877.5,1894.4,1441.289956329856,1912.3968034936115,1441.289956329856,0.10760297861342573,-0.0009685700871195113,0.00011298312754409701,-0.0010815532146636084,-0.5407766073318042,24,max_holding_close,0.18626347829221498,-0.9384813713953908,False,False,1912.3968034936115,False,1.0,0.5,8.723736602203678,,adverse_first,volatility_stop,0.002,,0.00011298312754409701,-0.5407766073318042,0.18626347829221498,-0.9384813713953908,0.00011298312754409701,5.649156377204851e-05,5.649156377204851e-05,0.0,0.0,,,,,fractional_return,R,False
ETHUSD,2023-11-06 10:00:00,2023-11-06 10:30:00,2023-11-06 21:30:00,short,-0.5,1894.45,1891.45,1894.45,1891.45,1474.1207450493705,1928.0763403960505,1474.1207450493705,0.11267654925794517,0.00017843154887901169,0.00011831037672084241,6.0121172158169274e-05,0.030060586079084635,23,r_trailing_stop,0.3613238864799921,-0.6155888436325759,False,False,1886.5031814297365,True,1.0,0.5,8.406362859473269,1886.5031814297365,adverse_first,volatility_stop,0.002,,0.00011831037672084241,0.030060586079084635,0.3613238864799921,-0.6155888436325759,0.00011831037672084241,5.9155188360421206e-05,5.9155188360421206e-05,0.0,0.0,,,,,fractional_return,R,False
ETHUSD,2023-11-07 02:00:00,2023-11-07 02:30:00,2023-11-07 03:30:00,short,-0.5,1888.4,1889.05,1888.4,1889.05,1449.6549923919142,1923.499600608647,1449.6549923919142,0.10760236397304124,-3.703745847408745e-05,0.00011298248217169329,-0.00015001994064578074,-0.07500997032289036,3,r_trailing_stop,0.2706583503876014,-0.07407491694818306,False,False,1883.2877983724318,True,1.0,0.5,8.775596744863313,1883.2877983724318,adverse_first,volatility_stop,0.002,,0.00011298248217169329,-0.07500997032289036,0.2706583503876014,-0.07407491694818306,0.00011298248217169329,5.6491241085846644e-05,5.6491241085846644e-05,0.0,0.0,,,,,fractional_return,R,False
ETHUSD,2023-11-07 04:30:00,2023-11-07 05:00:00,2023-11-07 10:30:00,short,-0.5,1894.2,1879.7,1894.2,1879.7,1460.4086672242731,1928.9033066220582,1460.4086672242731,0.10916538995140057,0.0008356552393069994,0.0001146236594489706,0.0007210315798580288,0.3605157899290144,12,r_trailing_stop,0.7621752096437953,-0.09797337288426447,False,False,1875.3376844685358,True,1.0,0.5,8.675368937071866,1875.3376844685358,adverse_first,volatility_stop,0.002,,0.00011462365944897059,0.3605157899290144,0.7621752096437953,-0.09797337288426447,0.00011462365944897059,5.731182972448529e-05,5.731182972448529e-05,0.0,0.0,,,,,fractional_return,R,False
ETHUSD,2023-11-11 01:00:00,2023-11-11 01:30:00,2023-11-11 13:00:00,long,0.5,2057.75,2056.45,2057.75,2056.45,2747.7664040736854,2002.5486876741052,2747.7664040736854,0.0745543869628155,-4.7100329511202035e-05,7.828210631095626e-05,-0.0001253824358221583,-0.06269121791107915,24,max_holding_close,0.15851072431651939,-0.4646628661392842,False,False,2002.5486876741052,False,1.0,0.5,13.799992401911913,,adverse_first,volatility_stop,0.002,,7.828210631095627e-05,-0.06269121791107915,0.15851072431651939,-0.4646628661392842,7.828210631095627e-05,3.914105315547814e-05,3.914105315547814e-05,0.0,0.0,,,,,fractional_return,R,False
ETHUSD,2023-11-11 17:30:00,2023-11-11 18:00:00,2023-11-12 00:30:00,long,0.5,2071.6000000000004,2023.6733856312935,2071.6000000000004,2023.6733856312935,2670.682679608837,2023.6733856312935,2670.682679608837,0.08644883546594204,-0.002,9.077127723923914e-05,-0.0020907712772392393,-1.0453856386196196,14,stop_loss,0.17944100815964853,-1.1559339362843275,False,False,2023.6733856312935,False,1.0,0.5,11.981364268382848,,adverse_first,volatility_stop,0.002,,9.077127723923929e-05,-1.0453856386196196,0.17944100815964853,-1.1559339362843275,9.077127723923929e-05,4.538563861961964e-05,4.538563861961964e-05,0.0,0.0,,,,,fractional_return,R,False
ETHUSD,2023-11-15 13:00:00,2023-11-15 13:30:00,2023-11-15 14:30:00,long,0.5,2010.35,2013.95,2010.35,2013.95,2556.295849462878,1966.6743320429696,2556.295849462878,0.09205812270474525,0.00016485151428212823,9.666102883998251e-05,6.819048544214572e-05,0.03409524272107286,3,r_trailing_stop,0.2530012823357748,-0.09616338333123897,False,False,2015.9406771961958,True,1.0,0.5,10.918645607608811,2015.9406771961958,adverse_first,volatility_stop,0.002,,9.666102883998251e-05,0.03409524272107286,0.2530012823357748,-0.09616338333123897,9.666102883998251e-05,4.833051441999126e-05,4.833051441999126e-05,0.0,0.0,,,,,fractional_return,R,False
ETHUSD,2023-11-18 07:00:00,2023-11-18 07:30:00,2023-11-18 11:30:00,long,0.5,1933.35,1939.7240442989148,1933.35,1939.7240442989148,2486.017047822615,1889.1366361741907,2486.017047822615,0.0874554583820841,0.0002883311174434542,9.18282313011883e-05,0.00019650288614226589,0.09825144307113294,9,r_trailing_stop,0.26914939218113865,-0.04410431216413171,False,False,1939.7240442989148,True,1.0,0.5,11.051911402170369,1939.7240442989148,adverse_first,volatility_stop,0.002,,9.182823130118829e-05,0.09825144307113294,0.26914939218113865,-0.04410431216413171,9.182823130118829e-05,4.5914115650594144e-05,4.5914115650594144e-05,0.0,0.0,,,,,fractional_return,R,False
ETHUSD,2023-11-27 20:00:00,2023-11-27 20:30:00,2023-11-27 22:00:00,long,0.5,1990.05,2014.775611873714,1990.05,2014.775611873714,2467.476823839778,1951.8558540928177,2467.476823839778,0.10420706905378291,0.001294733068978744,0.00010941742250647204,0.001185315646472272,0.5926578232361359,4,r_trailing_stop,0.772369673396798,-0.0065455057067525255,False,False,2014.775611873714,True,1.0,0.5,9.548776252571802,2014.775611873714,adverse_first,volatility_stop,0.002,,0.00010941742250647197,0.5926578232361359,0.772369673396798,-0.0065455057067525255,0.00010941742250647197,5.470871125323599e-05,5.470871125323599e-05,0.0,0.0,,,,,fractional_return,R,False
ETHUSD,2023-11-28 00:00:00,2023-11-28 00:30:00,2023-11-28 12:00:00,long,0.5,2032.35,2024.85,2032.35,2024.85,2498.3301410289946,1995.0715887176802,2498.3301410289946,0.1090362990315472,-0.0004023776626745467,0.00011448811398312455,-0.0005168657766576713,-0.2584328883288356,24,max_holding_close,0.20655386683959856,-0.9871665324282043,False,False,1995.0715887176802,False,1.0,0.5,9.319373919164265,,adverse_first,volatility_stop,0.002,,0.00011448811398312458,-0.2584328883288356,0.20655386683959856,-0.9871665324282043,0.00011448811398312458,5.724405699156229e-05,5.724405699156229e-05,0.0,0.0,,,,,fractional_return,R,False
ETHUSD,2023-11-29 08:30:00,2023-11-29 09:00:00,2023-11-29 11:00:00,short,-0.5,2072.05,2050.415139828495,2072.05,2050.415139828495,1650.5563617338894,2105.769491061289,1650.5563617338894,0.12289924520117,0.0012832257836977242,0.0001290442074612285,0.0011541815762364956,0.5770907881182478,5,r_trailing_stop,0.7666189253276372,-0.08452084863379825,False,False,2050.415139828495,True,1.0,0.5,8.430279656989603,2050.415139828495,adverse_first,volatility_stop,0.002,,0.00012904420746122857,0.5770907881182478,0.7666189253276372,-0.08452084863379825,0.00012904420746122857,6.452210373061428e-05,6.452210373061428e-05,0.0,0.0,,,,,fractional_return,R,False
ETHUSD,2023-12-01 15:00:00,2023-12-01 15:30:00,2023-12-01 16:30:00,short,-0.5,2073.8,2105.7288368102163,2073.8,2105.7288368102163,1674.6895398722963,2105.7288368102163,1674.6895398722963,0.129901381144987,-0.002,0.00013639645020223636,-0.002136396450202236,-1.0681982251011182,3,stop_loss,0.0078299125485213,-1.1306393720064727,False,False,2105.7288368102163,False,1.0,0.5,7.982401427801203,,adverse_first,volatility_stop,0.002,,0.00013639645020223617,-1.0681982251011182,0.0078299125485213,-1.1306393720064727,0.00013639645020223617,6.819822510111808e-05,6.819822510111808e-05,0.0,0.0,,,,,fractional_return,R,False
ETHUSD,2023-12-01 16:30:00,2023-12-01 17:00:00,2023-12-01 18:00:00,short,-0.5,2105.6000000000004,2095.05,2105.6000000000004,2095.05,1684.4815978169445,2139.2894721746447,1684.4815978169445,0.12500047427782063,0.0006263084173779611,0.00013125049799171166,0.0004950579193862495,0.24752895969312472,3,r_trailing_stop,0.47640995729460706,-0.07569130162623702,False,False,2093.7612841048117,True,1.0,0.5,8.422568209622789,2093.7612841048117,adverse_first,volatility_stop,0.002,,0.00013125049799171163,0.24752895969312472,0.47640995729460706,-0.07569130162623702,0.00013125049799171163,6.562524899585582e-05,6.562524899585582e-05,0.0,0.0,,,,,fractional_return,R,False
ETHUSD,2023-12-01 18:00:00,2023-12-01 18:30:00,2023-12-01 20:00:00,short,-0.5,2091.7,2090.95,2091.7,2090.95,1666.5691841936668,2125.7104652645066,1666.5691841936668,0.12300331581661135,4.410407174186871e-05,0.0001291534816074419,-8.50494098655732e-05,-0.042524704932786594,4,r_trailing_stop,0.29402714494576343,-0.08526787203427408,False,False,2085.9515111817655,True,1.0,0.5,8.503022363531423,2085.9515111817655,adverse_first,volatility_stop,0.002,,0.0001291534816074419,-0.042524704932786594,0.29402714494576343,-0.08526787203427408,0.0001291534816074419,6.457674080372095e-05,6.457674080372095e-05,0.0,0.0,,,,,fractional_return,R,False
ETHUSD,2023-12-01 22:30:00,2023-12-01 23:00:00,2023-12-02 10:30:00,short,-0.5,2086.45,2102.35,2086.45,2102.35,1681.7522997436345,2118.825816020509,1681.7522997436345,0.12888941540057486,-0.0009822146252578094,0.0001353338861706036,-0.001117548511428413,-0.5587742557142065,24,max_holding_close,0.08493994400814298,-0.6563541127901957,False,False,2118.825816020509,False,1.0,0.5,8.094148082553493,,adverse_first,volatility_stop,0.002,,0.00013533388617060355,-0.5587742557142065,0.08493994400814298,-0.6563541127901957,0.00013533388617060355,6.766694308530177e-05,6.766694308530177e-05,0.0,0.0,,,,,fractional_return,R,False
ETHUSD,2023-12-03 02:00:00,2023-12-03 02:30:00,2023-12-03 04:00:00,short,-0.5,2169.25,2162.45,2169.25,2162.45,1759.344363418757,2202.0424509264994,1759.344363418757,0.13230179133985,0.0004147295982994085,0.0001389168809068425,0.000275812717392566,0.13790635869628298,4,r_trailing_stop,0.38575951606524245,-0.10368239957485353,False,False,2160.698678386771,True,1.0,0.5,8.197356773541028,2160.698678386771,adverse_first,volatility_stop,0.002,,0.00013891688090684253,0.13790635869628298,0.38575951606524245,-0.10368239957485353,0.00013891688090684253,6.945844045342126e-05,6.945844045342126e-05,0.0,0.0,,,,,fractional_return,R,False
ETHUSD,2023-12-03 23:00:00,2023-12-03 23:30:00,2023-12-04 01:00:00,short,-0.5,2187.35,2219.5250237299592,2187.35,2219.5250237299592,1785.1622033755061,2219.5250237299592,1785.1622033755061,0.13596571168730903,-0.002,0.00014276399727167446,-0.0021427639972716743,-1.071381998635837,4,stop_loss,0.14452203793311608,-1.1763783087673814,False,False,2219.5250237299592,False,1.0,0.5,8.043939664035443,,adverse_first,volatility_stop,0.002,,0.00014276399727167427,-1.071381998635837,0.14452203793311608,-1.1763783087673814,0.00014276399727167427,7.138199863583714e-05,7.138199863583714e-05,0.0,0.0,,,,,fractional_return,R,False
ETHUSD,2023-12-05 15:30:00,2023-12-05 16:00:00,2023-12-05 17:00:00,short,-0.5,2228.55,2273.549419340585,2228.55,2273.549419340585,1666.0572582426948,2273.549419340585,1666.0572582426948,0.09904794473603787,-0.002,0.00010400034197283976,-0.0021040003419728398,-1.05200017098642,3,stop_loss,0.17111331907911323,-1.1300145811912445,False,False,2273.549419340585,False,1.0,0.5,11.249602718545928,,adverse_first,volatility_stop,0.002,,0.00010400034197283973,-1.05200017098642,0.17111331907911323,-1.1300145811912445,0.00010400034197283973,5.2000170986419864e-05,5.2000170986419864e-05,0.0,0.0,,,,,fractional_return,R,False
ETHUSD,2023-12-06 10:00:00,2023-12-06 10:30:00,2023-12-06 11:00:00,short,-0.5,2286.65,2277.12806858157,2286.65,2277.12806858157,1633.8716732334346,2338.8722661413253,1633.8716732334346,0.08757375613734605,0.0003646694072088578,9.195244394421336e-05,0.0002727169632646445,0.13635848163232223,2,r_trailing_stop,0.6682973102996491,-0.014361690049419356,False,False,2277.12806858157,True,1.0,0.5,13.056137163138947,2277.12806858157,adverse_first,volatility_stop,0.002,,9.195244394421333e-05,0.13635848163232223,0.6682973102996491,-0.014361690049419356,9.195244394421333e-05,4.5976221972106665e-05,4.5976221972106665e-05,0.0,0.0,,,,,fractional_return,R,False
ETHUSD,2023-12-08 10:00:00,2023-12-08 10:30:00,2023-12-08 14:00:00,short,-0.5,2357.8,2347.043249468936,2357.8,2347.043249468936,1743.5010823022576,2406.9439134158197,1743.5010823022576,0.09595491429630532,0.0004377653216197214,0.00010075266001112057,0.00033701266160860084,0.1685063308043004,8,r_trailing_stop,0.37848023706661094,-0.3133653575712665,False,False,2347.043249468936,True,1.0,0.5,12.286498937872443,2347.043249468936,adverse_first,volatility_stop,0.002,,0.00010075266001112059,0.1685063308043004,0.37848023706661094,-0.3133653575712665,0.00010075266001112059,5.037633000556029e-05,5.037633000556029e-05,0.0,0.0,,,,,fractional_return,R,False
ETHUSD,2023-12-08 15:00:00,2023-12-08 15:30:00,2023-12-08 16:00:00,short,-0.5,2360.8500000000004,2350.653634048083,2360.8500000000004,2350.653634048083,1750.4995017386045,2409.678039860912,1750.4995017386045,0.09670058461183212,0.00041764387761467157,0.00010153561384242372,0.00031610826377224786,0.15805413188612394,2,r_trailing_stop,0.33382458207274457,0.0,False,False,2350.653634048083,True,1.0,0.5,12.207268096165864,2350.653634048083,adverse_first,volatility_stop,0.002,,0.0001015356138424237,0.15805413188612394,0.33382458207274457,0.0,0.0001015356138424237,5.076780692121185e-05,5.076780692121185e-05,0.0,0.0,,,,,fractional_return,R,False
ETHUSD,2023-12-08 16:00:00,2023-12-08 16:30:00,2023-12-08 18:00:00,short,-0.5,2356.2,2350.85,2356.2,2350.85,1739.6005314856766,2405.5279574811457,1739.6005314856766,0.09553203174490195,0.0002169155291720677,0.00010030863333214704,0.00011660689583992065,0.058303447919960324,4,r_trailing_stop,0.29597819868338,-0.10136239680937734,False,False,2347.7661252657185,True,1.0,0.5,12.332250531436804,2347.7661252657185,adverse_first,volatility_stop,0.002,,0.00010030863333214704,0.058303447919960324,0.29597819868338,-0.10136239680937734,0.00010030863333214704,5.015431666607352e-05,5.015431666607352e-05,0.0,0.0,,,,,fractional_return,R,False
ETHUSD,2023-12-13 17:00:00,2023-12-13 17:30:00,2023-12-13 20:00:00,short,-0.5,2210.0,2259.915099442005,2210.0,2259.915099442005,1586.0612569749355,2259.915099442005,1586.0612569749355,0.08855035949864157,-0.002,9.297787747357363e-05,-0.0020929778774735736,-1.0464889387367868,6,stop_loss,0.08814967913892104,-1.0477791406739752,False,False,2259.915099442005,False,1.0,0.5,12.478492100859867,,adverse_first,volatility_stop,0.002,,9.297787747357357e-05,-1.0464889387367868,0.08814967913892104,-1.0477791406739752,9.297787747357357e-05,4.648893873678678e-05,4.648893873678678e-05,0.0,0.0,,,,,fractional_return,R,False
ETHUSD,2023-12-18 12:30:00,2023-12-18 13:00:00,2023-12-18 14:00:00,long,0.5,2126.45,2152.6716710610276,2126.45,2152.6716710610276,2654.3449598176403,2084.2184032145888,2654.3449598176403,0.10070421967727135,0.0012418034389874652,0.00010573943066113491,0.0011360640083263303,0.5680320041631651,3,r_trailing_stop,0.8702015267557991,-0.018943162487194607,False,False,2152.6716710610276,True,1.0,0.5,10.55665787794465,2152.6716710610276,adverse_first,volatility_stop,0.002,,0.00010573943066113489,0.5680320041631651,0.8702015267557991,-0.018943162487194607,0.00010573943066113489,5.286971533056744e-05,5.286971533056744e-05,0.0,0.0,,,,,fractional_return,R,False
ETHUSD,2023-12-18 14:00:00,2023-12-18 14:30:00,2023-12-18 20:00:00,long,0.5,2162.9,2169.7612323185135,2162.9,2169.7612323185135,2706.7642131513917,2119.3908629478888,2706.7642131513917,0.09942279468376829,0.00031539270982531653,0.0001043939344179567,0.00021099877540735985,0.10549938770367992,12,r_trailing_stop,0.3918717114425591,-0.34360598745257825,False,False,2169.7612323185135,True,1.0,0.5,10.877535362972424,2169.7612323185135,adverse_first,volatility_stop,0.002,,0.00010439393441795668,0.10549938770367992,0.3918717114425591,-0.34360598745257825,0.00010439393441795668,5.219696720897834e-05,5.219696720897834e-05,0.0,0.0,,,,,fractional_return,R,False
ETHUSD,2023-12-27 16:30:00,2023-12-27 17:00:00,2023-12-27 17:30:00,short,-0.5,2367.05,2357.844871659495,2367.05,2357.844871659495,1777.5503641231453,2414.2099708701485,1777.5503641231453,0.10038386183560219,0.00039037888152437415,0.0001054030549273823,0.00028497582659699184,0.14248791329849592,2,r_trailing_stop,0.4908824066864249,-0.0689143767486339,False,False,2357.844871659495,True,1.0,0.5,11.789743318989624,2357.844871659495,adverse_first,volatility_stop,0.002,,0.00010540305492738231,0.14248791329849592,0.4908824066864249,-0.0689143767486339,0.00010540305492738231,5.2701527463691156e-05,5.2701527463691156e-05,0.0,0.0,,,,,fractional_return,R,False
ETHUSD,2023-12-27 17:30:00,2023-12-27 18:00:00,2023-12-28 00:00:00,short,-0.5,2347.05,2395.1607666486875,2347.05,2395.1607666486875,1745.6654168914074,2395.1607666486875,1745.6654168914074,0.09756859694789474,-0.002,0.00010244702679528947,-0.0021024470267952894,-1.0512235133976446,13,stop_loss,0.2296783187989725,-1.103703052328074,False,False,2395.1607666486875,False,1.0,0.5,12.027948347069481,,adverse_first,volatility_stop,0.002,,0.00010244702679528938,-1.0512235133976446,0.2296783187989725,-1.103703052328074,0.00010244702679528938,5.122351339764469e-05,5.122351339764469e-05,0.0,0.0,,,,,fractional_return,R,False
ETHUSD,2023-12-29 09:30:00,2023-12-29 10:00:00,2023-12-29 13:30:00,short,-0.5,2368.95,2360.6908105621615,2368.95,2360.6908105621615,1609.8849853685124,2429.675201170519,1609.8849853685124,0.07802197289879323,0.00027201851220372964,8.192307154373289e-05,0.00019009544065999676,0.09504772032999838,8,r_trailing_stop,0.26101189777028394,-0.17126332724360063,False,False,2360.6908105621615,True,1.0,0.5,15.181621124321994,2360.6908105621615,adverse_first,volatility_stop,0.002,,8.192307154373287e-05,0.09504772032999838,0.26101189777028394,-0.17126332724360063,8.192307154373287e-05,4.096153577186644e-05,4.096153577186644e-05,0.0,0.0,,,,,fractional_return,R,False
ETHUSD,2024-01-06 06:30:00,2024-01-06 07:00:00,2024-01-06 08:30:00,long,0.5,2220.75,2233.124126286839,2220.75,2233.124126286839,2848.309101273073,2170.545271898154,2848.309101273073,0.0884677632550848,0.0004929466508308292,9.289115141783904e-05,0.00040005549941299015,0.20002774970649506,4,r_trailing_stop,0.37446672277284937,-0.04979610675170821,False,False,2233.124126286839,True,1.0,0.5,12.551747426322729,2233.124126286839,adverse_first,volatility_stop,0.002,,9.289115141783904e-05,0.20002774970649506,0.37446672277284937,-0.04979610675170821,9.289115141783904e-05,4.644557570891952e-05,4.644557570891952e-05,0.0,0.0,,,,,fractional_return,R,False
ETHUSD,2024-01-09 01:30:00,2024-01-09 02:00:00,2024-01-09 09:30:00,short,-0.5,2310.8,2294.6783780516566,2310.8,2294.6783780516566,1642.94772826992,2364.2281817384064,1642.94772826992,0.08650116566998574,0.0006034875761738563,9.082622395348502e-05,0.0005126613522203713,0.2563306761101857,16,r_trailing_stop,0.4529444800964353,-0.16845042648214348,False,False,2294.6783780516566,True,1.0,0.5,13.356756103312861,2294.6783780516566,adverse_first,volatility_stop,0.002,,9.0826223953485e-05,0.2563306761101857,0.4529444800964353,-0.16845042648214348,9.0826223953485e-05,4.54131119767425e-05,4.54131119767425e-05,0.0,0.0,,,,,fractional_return,R,False
ETHUSD,2024-01-09 09:30:00,2024-01-09 10:00:00,2024-01-09 13:00:00,short,-0.5,2292.3500000000004,2265.95,2292.3500000000004,2265.95,1677.3134693318516,2341.552922453452,1677.3134693318516,0.0931794245420549,0.0010731069897311962,9.783839576915763e-05,0.0009752685939620386,0.4876342969810193,7,r_trailing_stop,1.1533867740008366,-0.26217954862749554,False,False,2241.750499535566,True,1.0,0.5,12.300999071131377,2241.750499535566,adverse_first,volatility_stop,0.002,,9.783839576915762e-05,0.4876342969810193,1.1533867740008366,-0.26217954862749554,9.783839576915762e-05,4.891919788457881e-05,4.891919788457881e-05,0.0,0.0,,,,,fractional_return,R,False
ETHUSD,2024-01-12 00:00:00,2024-01-12 00:30:00,2024-01-12 11:30:00,long,0.5,2607.2,2651.015917661703,2607.2,2651.015917661703,3845.8695734038947,2508.1064341276883,3845.8695734038947,0.05262097447092669,0.0008843342607765878,5.525202319447302e-05,0.0008290822375821148,0.4145411187910574,23,r_trailing_stop,0.6044792058163002,-0.26591030172385904,False,False,2651.015917661703,True,1.0,0.5,24.768164676594235,2651.015917661703,adverse_first,volatility_stop,0.002,,5.525202319447303e-05,0.4145411187910574,0.6044792058163002,-0.26591030172385904,5.525202319447303e-05,2.7626011597236514e-05,2.7626011597236514e-05,0.0,0.0,,,,,fractional_return,R,False
ETHUSD,2024-01-18 18:30:00,2024-01-18 19:00:00,2024-01-18 20:00:00,short,-0.5,2460.2,2436.4,2460.2,2436.4,1829.363486100733,2510.666921111941,1829.363486100733,0.09749752692632065,0.0009431920741591776,0.00010237240327263667,0.000840819670886541,0.4204098354432705,3,r_trailing_stop,0.6638011446288405,-0.23381652258568478,False,False,2433.0086215376155,True,1.0,0.5,12.617243075231585,2433.0086215376155,adverse_first,volatility_stop,0.002,,0.00010237240327263663,0.4204098354432705,0.6638011446288405,-0.23381652258568478,0.00010237240327263663,5.118620163631831e-05,5.118620163631831e-05,0.0,0.0,,,,,fractional_return,R,False
ETHUSD,2024-01-19 03:30:00,2024-01-19 04:00:00,2024-01-19 15:30:00,short,-0.5,2456.8,2460.6,2456.8,2460.6,1804.6786880709233,2508.9697049543265,1804.6786880709233,0.0941849298228117,-0.0001456784163654579,9.889417631395227e-05,-0.0002445725926794102,-0.12228629633970509,24,max_holding_close,0.06517192311086926,-0.7820630773304049,False,False,2508.9697049543265,False,1.0,0.5,13.043487709509042,,adverse_first,volatility_stop,0.002,,9.88941763139523e-05,-0.12228629633970509,0.06517192311086926,-0.7820630773304049,9.88941763139523e-05,4.944708815697615e-05,4.944708815697615e-05,0.0,0.0,,,,,fractional_return,R,False
ETHUSD,2024-01-19 16:00:00,2024-01-19 16:30:00,2024-01-19 18:00:00,long,0.5,2440.6000000000004,2462.8317659320073,2440.6000000000004,2462.8317659320073,3057.398129100353,2391.2561496719723,3057.398129100353,0.09892215478830176,0.0009010957103758535,0.00010386826252771684,0.0007972274478481367,0.39861372392406835,4,r_trailing_stop,0.9099411517648777,-0.5532604330329961,False,False,2462.8317659320073,True,1.0,0.5,12.336468135985406,2462.8317659320073,adverse_first,volatility_stop,0.002,,0.00010386826252771681,0.39861372392406835,0.9099411517648777,-0.5532604330329961,0.00010386826252771681,5.1934131263858406e-05,5.1934131263858406e-05,0.0,0.0,,,,,fractional_return,R,False
ETHUSD,2024-01-24 10:30:00,2024-01-24 11:00:00,2024-01-24 12:00:00,short,-0.5,2255.6,2245.875553351664,2255.6,2245.875553351664,1513.0281909596174,2315.0057447232307,1513.0281909596174,0.07593878371557383,0.00032739078328675137,7.973572290135252e-05,0.0002476550603853989,0.12382753019269944,3,r_trailing_stop,0.28869261853211875,-0.010941702743201309,False,False,2245.875553351664,True,1.0,0.5,14.85110670332867,2245.875553351664,adverse_first,volatility_stop,0.002,,7.973572290135249e-05,0.12382753019269944,0.28869261853211875,-0.010941702743201309,7.973572290135249e-05,3.9867861450676244e-05,3.9867861450676244e-05,0.0,0.0,,,,,fractional_return,R,False
ETHUSD,2024-01-24 13:30:00,2024-01-24 14:00:00,2024-01-24 18:30:00,short,-0.5,2227.55,2217.7,2227.55,2217.7,1507.6542448834052,2285.141660409328,1507.6542448834052,0.07735668616490259,0.0003420634143899456,8.122452047314771e-05,0.0002608388939167979,0.13041944695839894,10,r_trailing_stop,0.42888153986960487,-0.2891043578473206,False,False,2210.0487961011513,True,1.0,0.5,14.397592202301944,2210.0487961011513,adverse_first,volatility_stop,0.002,,8.122452047314773e-05,0.13041944695839894,0.42888153986960487,-0.2891043578473206,8.122452047314773e-05,4.0612260236573864e-05,4.0612260236573864e-05,0.0,0.0,,,,,fractional_return,R,False
ETHUSD,2024-01-24 19:30:00,2024-01-24 20:00:00,2024-01-24 21:00:00,short,-0.5,2212.05,2203.471933161096,2212.05,2203.471933161096,1489.9056626744105,2269.8215469860475,1489.9056626744105,0.07657921988948117,0.0002969651077883046,8.040818088395523e-05,0.00021655692690434935,0.10827846345217468,3,r_trailing_stop,0.2734910319056564,-0.22329331085967263,False,False,2203.471933161096,True,1.0,0.5,14.443866322191667,2203.471933161096,adverse_first,volatility_stop,0.002,,8.040818088395524e-05,0.10827846345217468,0.2734910319056564,-0.22329331085967263,8.040818088395524e-05,4.020409044197762e-05,4.020409044197762e-05,0.0,0.0,,,,,fractional_return,R,False
ETHUSD,2024-01-24 21:00:00,2024-01-24 21:30:00,2024-01-25 09:00:00,short,-0.5,2213.7,2225.05,2213.7,2225.05,1481.9378278090617,2272.240973775275,1481.9378278090617,0.07562908018912944,-0.0003877625966240461,7.94105341985859e-05,-0.000467173130822632,-0.233586565411316,24,max_holding_close,0.17594514296155986,-0.441571062675389,False,False,2272.240973775275,False,1.0,0.5,14.635574301657504,,adverse_first,volatility_stop,0.002,,7.941053419858589e-05,-0.233586565411316,0.17594514296155986,-0.441571062675389,7.941053419858589e-05,3.9705267099292947e-05,3.9705267099292947e-05,0.0,0.0,,,,,fractional_return,R,False
ETHUSD,2024-01-25 20:30:00,2024-01-25 21:00:00,2024-01-26 08:00:00,short,-0.5,2221.45,2202.089810062012,2221.45,2202.089810062012,1582.4402058157602,2272.570783534739,1582.4402058157602,0.08690985725953954,0.0007574293114983882,9.12553501225165e-05,0.0006661739613758716,0.3330869806879358,23,r_trailing_stop,0.5037090243834313,-0.3071157935075732,False,False,2202.089810062012,True,1.0,0.5,12.77962012402441,2202.089810062012,adverse_first,volatility_stop,0.002,,9.125535012251653e-05,0.3330869806879358,0.5037090243834313,-0.3071157935075732,9.125535012251653e-05,4.5627675061258265e-05,4.5627675061258265e-05,0.0,0.0,,,,,fractional_return,R,False
ETHUSD,2024-02-08 10:00:00,2024-02-08 10:30:00,2024-02-08 14:30:00,long,0.5,2423.3500000000004,2431.65,2423.3500000000004,2431.65,2874.272064176994,2387.2762348658407,2874.272064176994,0.13435525740035645,0.0004601682119474909,0.00014107302027037427,0.00031909519167711665,0.15954759583855832,9,r_trailing_stop,0.5433311418175046,-0.21622361766207923,False,False,2432.2405933675946,True,1.0,0.5,9.018813264810783,2432.2405933675946,adverse_first,volatility_stop,0.002,,0.00014107302027037427,0.15954759583855832,0.5433311418175046,-0.21622361766207923,0.00014107302027037427,7.053651013518713e-05,7.053651013518713e-05,0.0,0.0,,,,,fractional_return,R,False
ETHUSD,2024-02-08 14:30:00,2024-02-08 15:00:00,2024-02-08 15:30:00,long,0.5,2438.0,2456.45,2438.0,2456.45,2894.25981958583,2401.4992144331336,2894.25981958583,0.13358616600367612,0.00101093714633625,0.00014026547430385993,0.00087067167203239,0.43533583601619497,2,r_trailing_stop,0.6438217598618516,-0.24793986922339892,False,False,2456.938056710128,True,1.0,0.5,9.123886579744253,2456.938056710128,adverse_first,volatility_stop,0.002,,0.00014026547430385995,0.43533583601619497,0.6438217598618516,-0.24793986922339892,0.00014026547430385995,7.013273715192998e-05,7.013273715192998e-05,0.0,0.0,,,,,fractional_return,R,False
ETHUSD,2024-02-09 02:00:00,2024-02-09 02:30:00,2024-02-09 03:00:00,long,0.5,2435.55,2453.562057423332,2435.55,2453.562057423332,2904.2095565004975,2398.0572354799606,2904.2095565004975,0.12992106776752646,0.0009608284507110423,0.00013641712115590278,0.0008244113295551395,0.41220566477756976,2,r_trailing_stop,0.7881520708937181,-0.06801312286900653,False,False,2453.562057423332,True,1.0,0.5,9.375885153336085,2453.562057423332,adverse_first,volatility_stop,0.002,,0.0001364171211559028,0.41220566477756976,0.7881520708937181,-0.06801312286900653,0.0001364171211559028,6.82085605779514e-05,6.82085605779514e-05,0.0,0.0,,,,,fractional_return,R,False
ETHUSD,2024-02-09 09:00:00,2024-02-09 09:30:00,2024-02-09 10:30:00,short,-0.5,2474.25,2466.9339665483353,2474.25,2466.9339665483353,1985.88296411396,2513.319362870883,1985.88296411396,0.1266593472832882,0.0003745151143540738,0.00013299231464745261,0.0002415227997066212,0.1207613998533106,3,r_trailing_stop,0.31226513829566394,-0.007678650941701424,False,False,2466.9339665483353,True,1.0,0.5,9.767933096670175,2466.9339665483353,adverse_first,volatility_stop,0.002,,0.00013299231464745261,0.1207613998533106,0.31226513829566394,-0.007678650941701424,0.00013299231464745261,6.649615732372631e-05,6.649615732372631e-05,0.0,0.0,,,,,fractional_return,R,False
ETHUSD,2024-02-09 10:30:00,2024-02-09 11:00:00,2024-02-09 12:00:00,short,-0.5,2474.6,2513.482123900205,2474.6,2513.482123900205,1988.5734512474387,2513.482123900205,1988.5734512474387,0.1272872853525864,-0.002,0.0001336516496202157,-0.0021336516496202156,-1.0668258248101077,3,stop_loss,0.2173235192009475,-1.2306426501497683,False,False,2513.482123900205,False,1.0,0.5,9.720334815317452,,adverse_first,volatility_stop,0.002,,0.00013365164962021552,-1.0668258248101077,0.2173235192009475,-1.2306426501497683,0.00013365164962021552,6.682582481010776e-05,6.682582481010776e-05,0.0,0.0,,,,,fractional_return,R,False
ETHUSD,2024-02-09 12:00:00,2024-02-09 12:30:00,2024-02-09 14:30:00,short,-0.5,2511.15,2490.65,2511.15,2490.65,1986.1204899452628,2553.152360804379,1986.1204899452628,0.11957185033933608,0.0009761356079710041,0.0001255504428563029,0.0008505851651147013,0.42529258255735064,5,r_trailing_stop,0.7059127018619623,-0.23808185560268472,False,False,2486.750085998674,True,1.0,0.5,10.500171997347932,2486.750085998674,adverse_first,volatility_stop,0.002,,0.00012555044285630283,0.42529258255735064,0.7059127018619623,-0.23808185560268472,0.00012555044285630283,6.277522142815142e-05,6.277522142815142e-05,0.0,0.0,,,,,fractional_return,R,False
ETHUSD,2024-02-13 12:00:00,2024-02-13 12:30:00,2024-02-13 14:00:00,short,-0.5,2677.95,2643.7,2677.95,2643.7,2049.5609119250903,2728.2211270459925,2049.5609119250903,0.10654028096684441,0.0013626111850909936,0.00011186729501518663,0.001250743890075807,0.6253719450379035,4,r_trailing_stop,1.7335994858493378,-0.001989213408899199,False,False,2622.734125742458,True,1.0,0.5,12.568251484917235,2622.734125742458,adverse_first,volatility_stop,0.002,,0.00011186729501518663,0.6253719450379035,1.7335994858493378,-0.001989213408899199,0.00011186729501518663,5.5933647507593314e-05,5.5933647507593314e-05,0.0,0.0,,,,,fractional_return,R,False
ETHUSD,2024-02-14 09:00:00,2024-02-14 09:30:00,2024-02-14 10:00:00,long,0.5,2728.8,2740.729172668142,2728.8,2740.729172668142,3455.8960436202588,2670.6323165103795,3455.8960436202588,0.0938252939189824,0.00041016495595084694,9.851655861493151e-05,0.00031164839733591545,0.15582419866795771,2,r_trailing_stop,0.4770690241592937,-0.054153781120786254,False,False,2740.729172668142,True,1.0,0.5,14.541654663716324,2740.729172668142,adverse_first,volatility_stop,0.002,,9.851655861493148e-05,0.15582419866795771,0.4770690241592937,-0.054153781120786254,9.851655861493148e-05,4.925827930746574e-05,4.925827930746574e-05,0.0,0.0,,,,,fractional_return,R,False
ETHUSD,2024-02-14 10:00:00,2024-02-14 10:30:00,2024-02-14 11:00:00,long,0.5,2744.3500000000004,2752.77340165969,2744.3500000000004,2752.77340165969,3481.982968104445,2685.3393625516446,3481.982968104445,0.09301204388452092,0.00028548756712080725,9.766264607874695e-05,0.00018782492104206028,0.09391246052103014,2,r_trailing_stop,0.2677483362864431,-0.10167658339992458,False,False,2752.77340165969,True,1.0,0.5,14.753196680620384,2752.77340165969,adverse_first,volatility_stop,0.002,,9.766264607874697e-05,0.09391246052103014,0.2677483362864431,-0.10167658339992458,9.766264607874697e-05,4.8831323039373484e-05,4.8831323039373484e-05,0.0,0.0,,,,,fractional_return,R,False
ETHUSD,2024-02-14 11:00:00,2024-02-14 11:30:00,2024-02-14 14:00:00,long,0.5,2747.0,2762.8503447336175,2747.0,2762.8503447336175,3486.938577543944,2687.8049137964845,3486.938577543944,0.09281175773798801,0.0005355290700692093,9.745234562488741e-05,0.0004380767244443219,0.21903836222216094,6,r_trailing_stop,0.39276908762435775,-0.2407294408020257,False,False,2762.8503447336175,True,1.0,0.5,14.799310532764954,2762.8503447336175,adverse_first,volatility_stop,0.002,,9.745234562488742e-05,0.21903836222216094,0.39276908762435775,-0.2407294408020257,9.745234562488742e-05,4.872617281244371e-05,4.872617281244371e-05,0.0,0.0,,,,,fractional_return,R,False
ETHUSD,2024-02-15 00:30:00,2024-02-15 01:00:00,2024-02-15 02:00:00,short,-0.5,2819.45,2781.0902490324884,2819.45,2781.0902490324884,2040.5079543351194,2881.7653636531904,2040.5079543351194,0.09048972307026405,0.001231149068823493,9.501420922377726e-05,0.0011361348595997159,0.5680674297998579,3,r_trailing_stop,0.740587830905432,-0.004814222086062104,False,False,2781.0902490324884,True,1.0,0.5,15.580498064976432,2781.0902490324884,adverse_first,volatility_stop,0.002,,9.501420922377723e-05,0.5680674297998579,0.740587830905432,-0.004814222086062104,9.501420922377723e-05,4.7507104611888614e-05,4.7507104611888614e-05,0.0,0.0,,,,,fractional_return,R,False
ETHUSD,2024-02-15 04:30:00,2024-02-15 05:00:00,2024-02-15 06:00:00,short,-0.5,2797.0,2771.55,2797.0,2771.55,2015.4561136178672,2859.5235109105706,2015.4561136178672,0.08947034353207192,0.0008140937586311131,9.39438607086755e-05,0.0007201498979224376,0.3600749489612188,3,r_trailing_stop,0.5597894214555804,-0.01839308099068481,False,False,2769.8152989060513,True,1.0,0.5,15.63059781210295,2769.8152989060513,adverse_first,volatility_stop,0.002,,9.394386070867553e-05,0.3600749489612188,0.5597894214555804,-0.01839308099068481,9.394386070867553e-05,4.697193035433777e-05,4.697193035433777e-05,0.0,0.0,,,,,fractional_return,R,False
ETHUSD,2024-02-15 07:30:00,2024-02-15 08:00:00,2024-02-15 14:30:00,short,-0.5,2773.25,2835.8156265979633,2773.25,2835.8156265979633,1991.179667525459,2835.8156265979633,1991.179667525459,0.08865091427343841,-0.002,9.308345998711032e-05,-0.0020930834599871104,-1.046541729993555,14,stop_loss,0.060736225410453815,-1.3529793371038616,False,False,2835.8156265979633,False,1.0,0.5,15.643098180121017,,adverse_first,volatility_stop,0.002,,9.308345998711035e-05,-1.046541729993555,0.060736225410453815,-1.3529793371038616,9.308345998711035e-05,4.6541729993555174e-05,4.6541729993555174e-05,0.0,0.0,,,,,fractional_return,R,False
ETHUSD,2024-02-15 14:30:00,2024-02-15 15:00:00,2024-02-15 15:30:00,short,-0.5,2853.25,2844.2,2853.25,2844.2,2049.968112018425,2917.512551038526,2049.968112018425,0.0887997738617457,0.000281657041426028,9.323976255483298e-05,0.00018841727887119504,0.09420863943559751,2,r_trailing_stop,0.609219512255728,-0.24275413515171562,False,False,2842.933100200596,True,1.0,0.5,16.06620040119213,2842.933100200596,adverse_first,volatility_stop,0.002,,9.323976255483298e-05,0.09420863943559751,0.609219512255728,-0.24275413515171562,9.323976255483298e-05,4.661988127741649e-05,4.661988127741649e-05,0.0,0.0,,,,,fractional_return,R,False
ETHUSD,2024-02-19 16:30:00,2024-02-19 17:00:00,2024-02-19 21:30:00,short,-0.5,2897.65,2955.1754682747646,2897.65,2955.1754682747646,2178.581646565441,2955.1754682747646,2178.581646565441,0.10074320425032131,-0.002,0.00010578036446283737,-0.0021057803644628373,-1.0528901822314187,10,stop_loss,0.16949014571128945,-1.2429277352161228,False,False,2955.1754682747646,False,1.0,0.5,14.380374316409098,,adverse_first,volatility_stop,0.002,,0.00010578036446283728,-1.0528901822314187,0.16949014571128945,-1.2429277352161228,0.00010578036446283728,5.289018223141864e-05,5.289018223141864e-05,0.0,0.0,,,,,fractional_return,R,False
ETHUSD,2024-02-19 22:30:00,2024-02-19 23:00:00,2024-02-20 00:00:00,short,-0.5,2961.95,2944.25,2961.95,2944.25,2186.478758715605,3023.9876993027515,2186.478758715605,0.09548871196996914,0.0005706207741077467,0.00010026314756846759,0.00047035762653927914,0.23517881326963958,3,r_trailing_stop,0.42957750367150677,-0.03385038490470292,False,False,2943.0553666472692,True,1.0,0.5,15.510733294538127,2943.0553666472692,adverse_first,volatility_stop,0.002,,0.0001002631475684676,0.23517881326963958,0.42957750367150677,-0.03385038490470292,0.0001002631475684676,5.01315737842338e-05,5.01315737842338e-05,0.0,0.0,,,,,fractional_return,R,False
ETHUSD,2024-02-20 00:30:00,2024-02-20 01:00:00,2024-02-20 01:30:00,short,-0.5,2935.15,2915.6,2935.15,2915.6,2149.7296569937375,2997.983627440501,2149.7296569937375,0.09342608789471463,0.000622278254379395,9.809739228945035e-05,0.0005241808620899446,0.2620904310449723,2,r_trailing_stop,0.4838173640187611,-0.14800991728205043,False,False,2912.603668293275,True,1.0,0.5,15.70733658654958,2912.603668293275,adverse_first,volatility_stop,0.002,,9.809739228945039e-05,0.2620904310449723,0.4838173640187611,-0.14800991728205043,9.809739228945039e-05,4.9048696144725194e-05,4.9048696144725194e-05,0.0,0.0,,,,,fractional_return,R,False
ETHUSD,2024-02-20 01:30:00,2024-02-20 02:00:00,2024-02-20 04:30:00,short,-0.5,2921.75,2917.3500000000004,2921.75,2917.3500000000004,2111.842692145845,2986.5425846283324,2111.842692145845,0.0901877897527916,0.00013581801143570056,9.469717924043118e-05,4.112083219526939e-05,0.020560416097634693,6,r_trailing_stop,0.2639190904034788,-0.13890478442288431,False,False,2912.749350373196,True,1.0,0.5,16.198700746392362,2912.749350373196,adverse_first,volatility_stop,0.002,,9.469717924043118e-05,0.020560416097634693,0.2639190904034788,-0.13890478442288431,9.469717924043118e-05,4.734858962021559e-05,4.734858962021559e-05,0.0,0.0,,,,,fractional_return,R,False
ETHUSD,2024-02-20 07:30:00,2024-02-20 08:00:00,2024-02-20 08:30:00,short,-0.5,2921.3500000000004,2911.582262472193,2921.3500000000004,2911.582262472193,2168.175343475212,2981.6039725219835,2168.175343475212,0.09696788038113748,0.0003242188728467158,0.00010181627440019434,0.00022240259844652144,0.11120129922326072,2,r_trailing_stop,0.28711799862969106,-0.03651211543267407,False,False,2911.582262472193,True,1.0,0.5,15.064524944386365,2911.582262472193,adverse_first,volatility_stop,0.002,,0.00010181627440019434,0.11120129922326072,0.28711799862969106,-0.03651211543267407,0.00010181627440019434,5.090813720009717e-05,5.090813720009717e-05,0.0,0.0,,,,,fractional_return,R,False
ETHUSD,2024-02-20 09:30:00,2024-02-20 10:00:00,2024-02-20 13:00:00,short,-0.5,2900.3,2962.600458006561,2900.3,2962.600458006561,2121.54427491799,2962.600458006561,2121.54427491799,0.09310685965405173,-0.002,9.77622026367543e-05,-0.002097762202636754,-1.048881101318377,7,stop_loss,0.01364355940867804,-1.1380333671468872,False,False,2962.600458006561,False,1.0,0.5,15.575651163199753,,adverse_first,volatility_stop,0.002,,9.77622026367541e-05,-1.048881101318377,0.01364355940867804,-1.1380333671468872,9.77622026367541e-05,4.888110131837705e-05,4.888110131837705e-05,0.0,0.0,,,,,fractional_return,R,False
ETHUSD,2024-02-26 05:30:00,2024-02-26 06:00:00,2024-02-26 08:00:00,short,-0.5,3107.0,3093.0668085821453,3107.0,3093.0668085821453,2395.3420544909313,3163.9326356407255,2395.3420544909313,0.1091465366053588,0.0004894623711356174,0.00011460386343562672,0.0003748585076999907,0.18742925384999534,5,r_trailing_stop,0.3697352100970104,-0.14490809896913584,False,False,3093.0668085821453,True,1.0,0.5,14.23361716429087,3093.0668085821453,adverse_first,volatility_stop,0.002,,0.00011460386343562672,0.18742925384999534,0.3697352100970104,-0.14490809896913584,0.00011460386343562672,5.730193171781336e-05,5.730193171781336e-05,0.0,0.0,,,,,fractional_return,R,False
ETHUSD,2024-02-26 08:00:00,2024-02-26 08:30:00,2024-02-26 09:30:00,short,-0.5,3102.05,3060.0539146747697,3102.05,3060.0539146747697,2391.704319889378,3158.87765440885,2391.704319889378,0.10917395878007302,0.0014780157922087507,0.00011463265671907667,0.001363383135489674,0.6816915677448371,3,r_trailing_stop,1.1314913604807633,-0.0035194132518809674,False,False,3060.0539146747697,True,1.0,0.5,14.207829349539844,3060.0539146747697,adverse_first,volatility_stop,0.002,,0.00011463265671907662,0.6816915677448371,1.1314913604807633,-0.0035194132518809674,0.00011463265671907662,5.731632835953831e-05,5.731632835953831e-05,0.0,0.0,,,,,fractional_return,R,False
ETHUSD,2024-02-26 10:00:00,2024-02-26 10:30:00,2024-02-26 11:30:00,short,-0.5,3063.65,3063.75,3063.65,3063.75,2308.0257530092263,3124.099939759262,2308.0257530092263,0.1013615567592224,-3.308522734625238e-06,0.00010642963459718351,-0.00010973815733180875,-0.054869078665904375,3,r_trailing_stop,0.2754345176572172,-0.14392073895602714,False,False,3054.5564890193414,True,1.0,0.5,15.1129780386827,3054.5564890193414,adverse_first,volatility_stop,0.002,,0.00010642963459718351,-0.054869078665904375,0.2754345176572172,-0.14392073895602714,0.00010642963459718351,5.3214817298591756e-05,5.3214817298591756e-05,0.0,0.0,,,,,fractional_return,R,False
ETHUSD,2024-02-26 13:00:00,2024-02-26 13:30:00,2024-02-26 15:30:00,short,-0.5,3072.95,3134.209529383015,3072.95,3134.209529383015,2307.2058827123137,3134.209529383015,2307.2058827123137,0.10032561565358747,-0.002,0.00010534189643626683,-0.002105341896436267,-1.0526709482181336,5,stop_loss,0.24485986345430447,-1.2038943286503303,False,False,3134.209529383015,False,1.0,0.5,15.314134509075233,,adverse_first,volatility_stop,0.002,,0.00010534189643626691,-1.0526709482181336,0.24485986345430447,-1.2038943286503303,0.00010534189643626691,5.2670948218133456e-05,5.2670948218133456e-05,0.0,0.0,,,,,fractional_return,R,False
ETHUSD,2024-02-26 18:30:00,2024-02-26 19:00:00,2024-02-27 01:30:00,short,-0.5,3136.85,3202.9715971472674,3136.85,3202.9715971472674,2310.3300356591585,3202.9715971472674,2310.3300356591585,0.09488125318611244,-0.002,9.962531584541807e-05,-0.0020996253158454183,-1.0498126579227092,14,stop_loss,0.12174539556373068,-1.4049872357603694,False,False,3202.9715971472674,False,1.0,0.5,16.534614716095884,,adverse_first,volatility_stop,0.002,,9.962531584541828e-05,-1.0498126579227092,0.12174539556373068,-1.4049872357603694,9.962531584541828e-05,4.981265792270914e-05,4.981265792270914e-05,0.0,0.0,,,,,fractional_return,R,False
ETHUSD,2024-02-27 01:30:00,2024-02-27 02:00:00,2024-02-27 05:00:00,short,-0.5,3222.95,3212.0,3222.95,3212.0,2348.361752514774,3292.9170597988177,2348.361752514774,0.09212763861357638,0.00031300443470070786,9.673402054425519e-05,0.00021627041415645266,0.10813520707822633,7,r_trailing_stop,0.2829903108252985,-0.7360606569445998,False,False,3211.894797072147,True,1.0,0.5,17.489594144293694,3211.894797072147,adverse_first,volatility_stop,0.002,,9.673402054425519e-05,0.10813520707822633,0.2829903108252985,-0.7360606569445998,9.673402054425519e-05,4.8367010272127597e-05,4.8367010272127597e-05,0.0,0.0,,,,,fractional_return,R,False
ETHUSD,2024-02-27 07:00:00,2024-02-27 07:30:00,2024-02-27 16:30:00,short,-0.5,3223.95,3245.3500000000004,3223.95,3245.3500000000004,2290.6524545499587,3298.613803636003,2290.6524545499587,0.08635911493920714,-0.0005732362659777799,9.067707068616749e-05,-0.0006639133366639474,-0.3319566683319737,19,r_trailing_stop,0.26117072865809665,-0.8665510843168679,False,False,3213.782107337719,True,1.0,0.5,18.66421467543815,3213.782107337719,adverse_first,volatility_stop,0.002,,9.067707068616748e-05,-0.3319566683319737,0.26117072865809665,-0.8665510843168679,9.067707068616748e-05,4.533853534308374e-05,4.533853534308374e-05,0.0,0.0,,,,,fractional_return,R,False
ETHUSD,2024-02-28 04:00:00,2024-02-28 04:30:00,2024-02-28 09:30:00,short,-0.5,3266.3,3340.4642918730156,3266.3,3340.4642918730156,2339.246351587307,3340.4642918730156,2339.246351587307,0.08808282038457478,-0.002,9.248696140380351e-05,-0.0020924869614038035,-1.0462434807019017,11,stop_loss,0.19955695154941744,-1.3301549506993051,False,False,3340.4642918730156,False,1.0,0.5,18.540788485398945,,adverse_first,volatility_stop,0.002,,9.248696140380349e-05,-1.0462434807019017,0.19955695154941744,-1.3301549506993051,9.248696140380349e-05,4.624348070190174e-05,4.624348070190174e-05,0.0,0.0,,,,,fractional_return,R,False
ETHUSD,2024-03-04 23:00:00,2024-03-04 23:30:00,2024-03-05 02:00:00,long,0.5,3624.8,3648.0,3624.8,3648.0,4828.208667370677,3528.527306610346,4828.208667370677,0.075302764935203,0.0004819642867183548,7.906790318196315e-05,0.0004028963835363917,0.20144819176819584,6,r_trailing_stop,0.37186037639045527,-0.15892356868084015,False,False,3648.566743273437,True,1.0,0.5,24.06651345312562,3648.566743273437,adverse_first,volatility_stop,0.002,,7.906790318196313e-05,0.20144819176819584,0.37186037639045527,-0.15892356868084015,7.906790318196313e-05,3.9533951590981566e-05,3.9533951590981566e-05,0.0,0.0,,,,,fractional_return,R,False
ETHUSD,2024-03-05 02:00:00,2024-03-05 02:30:00,2024-03-05 04:30:00,long,0.5,3626.2,3715.4,3626.2,3715.4,4849.611268168129,3528.3270985465497,4849.611268168129,0.07410018393548229,0.0018227721601249294,7.78051931322564e-05,0.0017449669669926731,0.8724834834963365,5,r_trailing_stop,1.1775475978385568,-0.15325999104189458,False,False,3729.2142007169728,True,1.0,0.5,24.47159856605401,3729.2142007169728,adverse_first,volatility_stop,0.002,,7.78051931322563e-05,0.8724834834963365,1.1775475978385568,-0.15325999104189458,7.78051931322563e-05,3.890259656612815e-05,3.890259656612815e-05,0.0,0.0,,,,,fractional_return,R,False
ETHUSD,2024-03-05 04:30:00,2024-03-05 05:00:00,2024-03-05 06:00:00,long,0.5,3696.7,3714.9,3696.7,3714.9,5012.742622928507,3591.4165901657193,5012.742622928507,0.07022378940459321,0.0003457334831508215,7.373497887482287e-05,0.00027199850427599864,0.13599925213799932,3,r_trailing_stop,0.34668330041221285,-0.48250716879288547,False,False,3720.0392174357094,True,1.0,0.5,26.321565128580918,3720.0392174357094,adverse_first,volatility_stop,0.002,,7.373497887482288e-05,0.13599925213799932,0.34668330041221285,-0.48250716879288547,7.373497887482288e-05,3.686748943741144e-05,3.686748943741144e-05,0.0,0.0,,,,,fractional_return,R,False
ETHUSD,2024-03-05 10:00:00,2024-03-05 10:30:00,2024-03-05 12:30:00,long,0.5,3713.45,3757.337754403128,3713.45,3757.337754403128,5059.656426828867,3605.7534858536906,5059.656426828867,0.06896137780198072,0.000815026461181559,7.240944669207976e-05,0.0007426170144894793,0.3713085072447396,5,r_trailing_stop,0.5325149142904338,-0.04642675800265304,False,False,3757.337754403128,True,1.0,0.5,26.9244911937442,3757.337754403128,adverse_first,volatility_stop,0.002,,7.240944669207976e-05,0.3713085072447396,0.5325149142904338,-0.04642675800265304,7.240944669207976e-05,3.620472334603988e-05,3.620472334603988e-05,0.0,0.0,,,,,fractional_return,R,False
ETHUSD,2024-03-05 14:30:00,2024-03-05 15:00:00,2024-03-05 16:00:00,long,0.5,3807.15,3698.0824610696177,3807.15,3698.0824610696177,5170.494236629783,3698.0824610696177,5170.494236629783,0.06981270572961383,-0.002,7.330334101609451e-05,-0.0020733033410160946,-1.0366516705080473,3,stop_loss,0.17832986964540123,-1.2776487061741326,False,False,3698.0824610696177,False,1.0,0.5,27.26903273203465,,adverse_first,volatility_stop,0.002,,7.330334101609453e-05,-1.0366516705080473,0.17832986964540123,-1.2776487061741326,7.330334101609453e-05,3.665167050804726e-05,3.665167050804726e-05,0.0,0.0,,,,,fractional_return,R,False
ETHUSD,2024-03-12 00:30:00,2024-03-12 01:00:00,2024-03-12 04:00:00,short,-0.5,4058.05,4034.0666544256887,4058.05,4034.0666544256887,2841.6543755605353,4155.361649955157,2841.6543755605353,0.08340316913483671,0.0004929182802955896,8.757332759157853e-05,0.00040534495270401114,0.20267247635200555,7,r_trailing_stop,0.3714868673654046,-0.12639802126125488,False,False,4034.0666544256887,True,1.0,0.5,24.33330885137747,4034.0666544256887,adverse_first,volatility_stop,0.002,,8.757332759157851e-05,0.20267247635200555,0.3714868673654046,-0.12639802126125488,8.757332759157851e-05,4.3786663795789254e-05,4.3786663795789254e-05,0.0,0.0,,,,,fractional_return,R,False
ETHUSD,2024-03-12 06:30:00,2024-03-12 07:00:00,2024-03-12 08:30:00,short,-0.5,4030.75,3978.6272936614346,4030.75,3978.6272936614346,2873.1498584097717,4123.358011327218,2873.1498584097717,0.087049704280073,0.0011256630088815232,9.140218949407664e-05,0.0010342608193874465,0.5171304096937233,4,r_trailing_stop,0.6878454583688686,-0.03995334687542693,False,False,3978.6272936614346,True,1.0,0.5,23.15458732286919,3978.6272936614346,adverse_first,volatility_stop,0.002,,9.140218949407666e-05,0.5171304096937233,0.6878454583688686,-0.03995334687542693,9.140218949407666e-05,4.570109474703833e-05,4.570109474703833e-05,0.0,0.0,,,,,fractional_return,R,False
ETHUSD,2024-03-12 16:00:00,2024-03-12 16:30:00,2024-03-12 18:30:00,long,0.5,3923.6,3946.15,3923.6,3946.15,5319.765910409763,3811.906727167219,5319.765910409763,0.07025669318284056,0.0004037843896607897,7.376952784198258e-05,0.00033001486181880713,0.16500743090940356,5,r_trailing_stop,0.43959675238014384,-0.8165218700014075,False,False,3947.0888746314254,True,1.0,0.5,27.922250737149856,3947.0888746314254,adverse_first,volatility_stop,0.002,,7.376952784198258e-05,0.16500743090940356,0.43959675238014384,-0.8165218700014075,7.376952784198258e-05,3.688476392099129e-05,3.688476392099129e-05,0.0,0.0,,,,,fractional_return,R,False
ETHUSD,2024-03-13 23:00:00,2024-03-13 23:30:00,2024-03-14 11:00:00,long,0.5,3996.75,3956.4,3996.75,3956.4,5315.789998267544,3891.2268001385964,5315.789998267544,0.0757511145463636,-0.0007647607360845099,7.953867027368178e-05,-0.0008442994063581917,-0.42214970317909584,24,max_holding_close,0.1525730836550256,-0.5074713434612853,False,False,3891.2268001385964,False,1.0,0.5,26.376509584259264,,adverse_first,volatility_stop,0.002,,7.953867027368181e-05,-0.42214970317909584,0.1525730836550256,-0.5074713434612853,7.953867027368181e-05,3.9769335136840905e-05,3.9769335136840905e-05,0.0,0.0,,,,,fractional_return,R,False
ETHUSD,2024-03-14 11:00:00,2024-03-14 11:30:00,2024-03-14 13:30:00,long,0.5,3957.1,3860.343692448176,3957.1,3860.343692448176,5166.553844397794,3860.343692448176,5166.553844397794,0.08179518421329879,-0.002,8.588494342396373e-05,-0.0020858849434239636,-1.0429424717119817,5,stop_loss,0.12712349521411995,-1.099669909819689,False,False,3860.343692448176,False,1.0,0.5,24.18479783861055,,adverse_first,volatility_stop,0.002,,8.588494342396356e-05,-1.0429424717119817,0.12712349521411995,-1.099669909819689,8.588494342396356e-05,4.294247171198178e-05,4.294247171198178e-05,0.0,0.0,,,,,fractional_return,R,False
ETHUSD,2024-03-14 13:30:00,2024-03-14 14:00:00,2024-03-14 14:30:00,long,0.5,3878.05,3911.2,3878.05,3911.2,5165.705856644269,3775.037531468459,5165.705856644269,0.07529282727192534,0.0006436114088431823,7.90574686355216e-05,0.0005645539402076607,0.28227697010383035,2,r_trailing_stop,0.5057640181105594,-0.1242568029139206,False,False,3917.273109251502,True,1.0,0.5,25.75378149699665,3917.273109251502,adverse_first,volatility_stop,0.002,,7.905746863552156e-05,0.28227697010383035,0.5057640181105594,-0.1242568029139206,7.905746863552156e-05,3.952873431776078e-05,3.952873431776078e-05,0.0,0.0,,,,,fractional_return,R,False
ETHUSD,2024-03-16 18:00:00,2024-03-16 18:30:00,2024-03-16 20:00:00,long,0.5,3600.05,3599.05,3600.05,3599.05,5266.394823306427,3466.742414135486,5266.394823306427,0.0540111798837746,-1.5002897149698501e-05,5.671173887796333e-05,-7.171463602766184e-05,-0.035857318013830915,4,r_trailing_stop,0.2708022935520695,-0.23629563010776206,False,False,3619.4874783270616,True,1.0,0.5,33.32504334587697,3619.4874783270616,adverse_first,volatility_stop,0.002,,5.6711738877963336e-05,-0.035857318013830915,0.2708022935520695,-0.23629563010776206,5.6711738877963336e-05,2.8355869438981668e-05,2.8355869438981668e-05,0.0,0.0,,,,,fractional_return,R,False
ETHUSD,2024-03-16 21:00:00,2024-03-16 21:30:00,2024-03-17 09:00:00,long,0.5,3550.95,3561.8,3550.95,3561.8,5288.999067836255,3411.9060745730994,5288.999067836255,0.051076665004928135,0.00015606578952210215,5.363049825517454e-05,0.0001024352912669276,0.0512176456334638,24,max_holding_close,0.2100055785274244,-0.9932113148848295,False,False,3411.9060745730994,False,1.0,0.5,34.76195875445237,,adverse_first,volatility_stop,0.002,,5.3630498255174546e-05,0.0512176456334638,0.2100055785274244,-0.9932113148848295,5.3630498255174546e-05,2.6815249127587273e-05,2.6815249127587273e-05,0.0,0.0,,,,,fractional_return,R,False
ETHUSD,2024-03-17 12:30:00,2024-03-17 13:00:00,2024-03-17 13:30:00,long,0.5,3538.45,3558.75,3538.45,3558.75,5291.9679125797,3398.1685669936237,5291.9679125797,0.05044787359477817,0.0002894182011824393,5.2970267274517076e-05,0.00023644793390792222,0.1182239669539611,2,r_trailing_stop,0.3065266662769659,-0.005346395342040102,False,False,3563.915811278656,True,1.0,0.5,35.06837744268811,3563.915811278656,adverse_first,volatility_stop,0.002,,5.297026727451708e-05,0.1182239669539611,0.3065266662769659,-0.005346395342040102,5.297026727451708e-05,2.648513363725854e-05,2.648513363725854e-05,0.0,0.0,,,,,fractional_return,R,False
ETHUSD,2024-03-21 00:30:00,2024-03-21 01:00:00,2024-03-21 09:00:00,long,0.5,3517.0,3562.7871297393626,3517.0,3562.7871297393626,5883.219751397148,3327.702419888228,5883.219751397148,0.03715842535254141,0.00048375821510584084,3.9016346620168474e-05,0.0004447418684856724,0.2223709342428362,17,r_trailing_stop,0.37110881163150894,-0.3639771832229324,False,False,3562.7871297393626,True,1.0,0.5,47.32574052127453,3562.7871297393626,adverse_first,volatility_stop,0.002,,3.901634662016845e-05,0.2223709342428362,0.37110881163150894,-0.3639771832229324,3.901634662016845e-05,1.9508173310084224e-05,1.9508173310084224e-05,0.0,0.0,,,,,fractional_return,R,False
ETHUSD,2024-03-21 17:00:00,2024-03-21 17:30:00,2024-03-22 05:00:00,long,0.5,3488.95,3514.2,3488.95,3514.2,5530.87503841361,3325.595996926911,5530.87503841361,0.04271643099482482,0.0003091445514035252,4.485225254456606e-05,0.00026429229885895913,0.13214614942947955,24,max_holding_close,0.2286445345529061,-0.4753480082471995,False,False,3325.595996926911,False,1.0,0.5,40.839670384346,,adverse_first,volatility_stop,0.002,,4.485225254456605e-05,0.13214614942947955,0.2286445345529061,-0.4753480082471995,4.485225254456605e-05,2.2426126272283027e-05,2.2426126272283027e-05,0.0,0.0,,,,,fractional_return,R,False
ETHUSD,2024-04-01 13:00:00,2024-04-01 13:30:00,2024-04-01 14:30:00,long,0.5,3563.55,3498.4768147713507,3563.55,3498.4768147713507,4376.964815358119,3498.4768147713507,4376.964815358119,0.10952437590010852,-0.002,0.00011500059469511394,-0.002115000594695114,-1.057500297347557,3,stop_loss,0.1167915781791775,-1.075711904281911,False,False,3498.4768147713507,False,1.0,0.5,16.267382924517207,,adverse_first,volatility_stop,0.002,,0.00011500059469511398,-1.057500297347557,0.1167915781791775,-1.075711904281911,0.00011500059469511398,5.750029734755699e-05,5.750029734755699e-05,0.0,0.0,,,,,fractional_return,R,False
ETHUSD,2024-04-01 14:30:00,2024-04-01 15:00:00,2024-04-01 15:30:00,long,0.5,3508.65,3440.5306108530613,3508.65,3440.5306108530613,4360.142364336737,3440.5306108530613,4360.142364336737,0.10301472294273115,-0.002,0.0001081654590898677,-0.0021081654590898676,-1.0540827295449338,2,stop_loss,0.07780457321141289,-1.0312775977551014,False,False,3440.5306108530613,False,1.0,0.5,17.028634506764963,,adverse_first,volatility_stop,0.002,,0.0001081654590898676,-1.0540827295449338,0.07780457321141289,-1.0312775977551014,0.0001081654590898676,5.40827295449338e-05,5.40827295449338e-05,0.0,0.0,,,,,fractional_return,R,False
ETHUSD,2024-04-01 15:30:00,2024-04-01 16:00:00,2024-04-01 16:30:00,long,0.5,3444.4,3454.3075621472562,3444.4,3454.3075621472562,4373.630330549181,3370.0615735560655,4373.630330549181,0.09266809010539775,0.00026655291539506306,9.730149461066763e-05,0.00016925142078439543,0.08462571039219771,2,r_trailing_stop,0.2582782676262362,-0.13922812864226802,False,False,3454.3075621472562,True,1.0,0.5,18.58487570548776,3454.3075621472562,adverse_first,volatility_stop,0.002,,9.730149461066763e-05,0.08462571039219771,0.2582782676262362,-0.13922812864226802,9.730149461066763e-05,4.8650747305333816e-05,4.8650747305333816e-05,0.0,0.0,,,,,fractional_return,R,False
ETHUSD,2024-04-01 18:00:00,2024-04-01 18:30:00,2024-04-01 19:30:00,long,0.5,3438.6000000000004,3467.9420386673114,3438.6000000000004,3467.9420386673114,4385.098069306836,3362.8801544554535,4385.098069306836,0.0908242740135288,0.000775015808769675,9.536548771420524e-05,0.0006796503210554698,0.3398251605277349,3,r_trailing_stop,0.6893833396594816,-0.08518242415333065,False,False,3467.9420386673114,True,1.0,0.5,18.915922665377085,3467.9420386673114,adverse_first,volatility_stop,0.002,,9.536548771420521e-05,0.3398251605277349,0.6893833396594816,-0.08518242415333065,9.536548771420521e-05,4.7682743857102605e-05,4.7682743857102605e-05,0.0,0.0,,,,,fractional_return,R,False
ETHUSD,2024-04-03 08:30:00,2024-04-03 09:00:00,2024-04-03 11:00:00,short,-0.5,3344.75,3320.15,3344.75,3320.15,2145.0991242590826,3440.7220700592734,2145.0991242590826,0.0697025707152976,0.0005126491485451248,7.318769925106248e-05,0.0004394614492940623,0.21973072464703114,5,r_trailing_stop,0.554848926016832,-0.11565864936688798,False,False,3319.6966883535624,True,1.0,0.5,23.99337670712487,3319.6966883535624,adverse_first,volatility_stop,0.002,,7.318769925106249e-05,0.21973072464703114,0.554848926016832,-0.11565864936688798,7.318769925106249e-05,3.6593849625531246e-05,3.6593849625531246e-05,0.0,0.0,,,,,fractional_return,R,False
ETHUSD,2024-04-03 14:00:00,2024-04-03 14:30:00,2024-04-03 16:00:00,short,-0.5,3357.05,3329.35,3357.05,3329.35,2143.44623672585,3454.138301061932,2143.44623672585,0.06915457296669678,0.0005706145786263327,7.26123016150316e-05,0.0004980022770113012,0.24900113850565056,4,r_trailing_stop,0.46555557678537984,-0.03141470153086887,False,False,3323.986218009924,True,1.0,0.5,24.272436019848417,3323.986218009924,adverse_first,volatility_stop,0.002,,7.261230161503156e-05,0.24900113850565056,0.46555557678537984,-0.03141470153086887,7.261230161503156e-05,3.630615080751578e-05,3.630615080751578e-05,0.0,0.0,,,,,fractional_return,R,False
ETHUSD,2024-04-03 16:00:00,2024-04-03 16:30:00,2024-04-03 18:00:00,short,-0.5,3354.9,3325.3,3354.9,3325.3,2139.8447013018654,3452.1044238958507,2139.8447013018654,0.06902772251589273,0.0006090257791500218,7.247910864168736e-05,0.0005365466705083343,0.2682733352541672,4,r_trailing_stop,0.7360776097666318,-0.13065248978387703,False,False,3322.200190515379,True,1.0,0.5,24.300381030757567,3322.200190515379,adverse_first,volatility_stop,0.002,,7.247910864168741e-05,0.2682733352541672,0.7360776097666318,-0.13065248978387703,7.247910864168741e-05,3.6239554320843706e-05,3.6239554320843706e-05,0.0,0.0,,,,,fractional_return,R,False
ETHUSD,2024-04-04 13:00:00,2024-04-04 13:30:00,2024-04-04 20:30:00,short,-0.5,3365.5,3310.3500000000004,3365.5,3310.3500000000004,2323.5929756863043,3448.8525619450957,2323.5929756863043,0.08075336669835909,0.0013232946585691522,8.479103503327703e-05,0.001238503623535875,0.6192518117679375,15,r_trailing_stop,1.020964419258706,-0.943582274673295,False,False,3290.8186059066625,True,1.0,0.5,20.837211813324966,3290.8186059066625,adverse_first,volatility_stop,0.002,,8.479103503327714e-05,0.6192518117679375,1.020964419258706,-0.943582274673295,8.479103503327714e-05,4.239551751663857e-05,4.239551751663857e-05,0.0,0.0,,,,,fractional_return,R,False
ETHUSD,2024-04-08 08:00:00,2024-04-08 08:30:00,2024-04-08 09:00:00,long,0.5,3560.95,3596.25,3560.95,3596.25,4439.7603501405565,3490.6451719887555,4439.7603501405565,0.10130029759636032,0.0010041984597232545,0.00010636531247617833,0.0008978331472470761,0.44891657362353804,2,r_trailing_stop,0.8953865869628787,-0.01849090648215239,False,False,3601.962143505024,True,1.0,0.5,17.575712989952013,3601.962143505024,adverse_first,volatility_stop,0.002,,0.00010636531247617837,0.44891657362353804,0.8953865869628787,-0.01849090648215239,0.00010636531247617837,5.3182656238089186e-05,5.3182656238089186e-05,0.0,0.0,,,,,fractional_return,R,False
ETHUSD,2024-04-08 09:30:00,2024-04-08 10:00:00,2024-04-08 11:30:00,long,0.5,3618.25,3629.779608155401,3618.25,3629.779608155401,4550.237675715936,3543.690985942725,4550.237675715936,0.09705734566770223,0.0003092746947148367,0.00010191021295108734,0.00020736448176374937,0.10368224088187468,4,r_trailing_stop,0.2796442558103479,-0.13412194523278134,False,False,3629.779608155401,True,1.0,0.5,18.640783689198017,3629.779608155401,adverse_first,volatility_stop,0.002,,0.00010191021295108735,0.10368224088187468,0.2796442558103479,-0.13412194523278134,0.00010191021295108735,5.0955106475543676e-05,5.0955106475543676e-05,0.0,0.0,,,,,fractional_return,R,False
ETHUSD,2024-04-08 22:30:00,2024-04-08 23:00:00,2024-04-09 00:00:00,short,-0.5,3721.05,3700.2486265065454,3721.05,3700.2486265065454,2721.2411298756024,3801.034709609952,2721.2411298756024,0.09304403349454735,0.000520133750435389,9.76962351692747e-05,0.00042243751526611423,0.2112187576330571,3,r_trailing_stop,0.4175798119775174,-0.10314471403636256,False,False,3700.2486265065454,True,1.0,0.5,19.997253013090507,3700.2486265065454,adverse_first,volatility_stop,0.002,,9.769623516927471e-05,0.2112187576330571,0.4175798119775174,-0.10314471403636256,9.769623516927471e-05,4.884811758463736e-05,4.884811758463736e-05,0.0,0.0,,,,,fractional_return,R,False
ETHUSD,2024-04-09 02:00:00,2024-04-09 02:30:00,2024-04-09 04:30:00,short,-0.5,3716.2,3691.55,3716.2,3691.55,2659.9416658829896,3800.700666729361,2659.9416658829896,0.08795670244596449,0.0005834273492527295,9.235453756826271e-05,0.0004910728116844668,0.24553640584223338,5,r_trailing_stop,0.5035463227323282,-0.0940820979018137,False,False,3684.212867391282,True,1.0,0.5,21.12573478256436,3684.212867391282,adverse_first,volatility_stop,0.002,,9.23545375682627e-05,0.24553640584223338,0.5035463227323282,-0.0940820979018137,9.23545375682627e-05,4.617726878413135e-05,4.617726878413135e-05,0.0,0.0,,,,,fractional_return,R,False
ETHUSD,2024-04-09 06:00:00,2024-04-09 06:30:00,2024-04-09 07:00:00,short,-0.5,3679.75,3642.85,3679.75,3642.85,2641.149232293479,3762.8380614165217,2641.149232293479,0.08857469863337789,0.0008882142481341539,9.300343356504677e-05,0.0007952108145691071,0.39760540728455357,2,r_trailing_stop,0.5722843834522909,-0.052955863032389534,False,False,3642.584737484091,True,1.0,0.5,20.76947496818252,3642.584737484091,adverse_first,volatility_stop,0.002,,9.300343356504674e-05,0.39760540728455357,0.5722843834522909,-0.052955863032389534,9.300343356504674e-05,4.650171678252337e-05,4.650171678252337e-05,0.0,0.0,,,,,fractional_return,R,False
ETHUSD,2024-04-09 07:30:00,2024-04-09 08:00:00,2024-04-09 08:30:00,short,-0.5,3642.15,3608.95,3642.15,3608.95,2573.9833080830053,3727.60333535336,2573.9833080830053,0.08524301561640121,0.0007770322799622635,8.950516639722127e-05,0.0006875271135650423,0.34376355678252113,2,r_trailing_stop,0.7021376023755284,0.0,False,False,3592.831960492719,True,1.0,0.5,21.363920985438483,3592.831960492719,adverse_first,volatility_stop,0.002,,8.950516639722123e-05,0.34376355678252113,0.7021376023755284,0.0,8.950516639722123e-05,4.4752583198610614e-05,4.4752583198610614e-05,0.0,0.0,,,,,fractional_return,R,False
ETHUSD,2024-04-09 12:00:00,2024-04-09 12:30:00,2024-04-09 14:30:00,long,0.5,3627.75,3539.8673024573363,3627.75,3539.8673024573363,4726.283719283296,3539.8673024573363,4726.283719283296,0.0825589132204065,-0.002,8.668685888142681e-05,-0.002086686858881427,-1.0433434294407133,5,stop_loss,0.17580252350013992,-1.523052930129061,False,False,3539.8673024573363,False,1.0,0.5,21.970372061244205,,adverse_first,volatility_stop,0.002,,8.66868588814268e-05,-1.0433434294407133,0.17580252350013992,-1.523052930129061,8.66868588814268e-05,4.33434294407134e-05,4.33434294407134e-05,0.0,0.0,,,,,fractional_return,R,False
ETHUSD,2024-04-13 11:00:00,2024-04-13 11:30:00,2024-04-13 16:30:00,short,-0.5,3277.1000000000004,3249.4,3277.1000000000004,3249.4,2024.3496671462433,3377.320026628301,2024.3496671462433,0.06539810675074395,0.0005527837286001702,6.866801208828114e-05,0.000484115716511889,0.2420578582559445,11,r_trailing_stop,0.4325482786068122,-0.20504883795547402,False,False,3246.2776945440155,True,1.0,0.5,25.05538908803104,3246.2776945440155,adverse_first,volatility_stop,0.002,,6.866801208828114e-05,0.2420578582559445,0.4325482786068122,-0.20504883795547402,6.866801208828114e-05,3.433400604414057e-05,3.433400604414057e-05,0.0,0.0,,,,,fractional_return,R,False
ETHUSD,2024-04-14 22:00:00,2024-04-14 22:30:00,2024-04-15 01:00:00,short,-0.5,3155.55,3124.3193181089587,3155.55,3124.3193181089587,1208.8032786601225,3311.2897377071904,1208.8032786601225,0.040523376325865154,0.000401062469358452,4.2549545142158406e-05,0.00035851292421629357,0.17925646210814677,6,r_trailing_stop,0.32939570051447287,-0.12360364980318869,False,False,3124.3193181089587,True,1.0,0.5,38.93863621791616,3124.3193181089587,adverse_first,volatility_stop,0.002,,4.254954514215843e-05,0.17925646210814677,0.32939570051447287,-0.12360364980318869,4.254954514215843e-05,2.1274772571079213e-05,2.1274772571079213e-05,0.0,0.0,,,,,fractional_return,R,False
ETHUSD,2024-04-15 13:30:00,2024-04-15 14:00:00,2024-04-15 15:00:00,short,-0.5,3194.75,3142.9264598267014,3194.75,3142.9264598267014,1607.2281809048727,3321.75174552761,1607.2281809048727,0.050310332141150944,0.0008161075260502155,5.282584874820849e-05,0.000763281677302007,0.3816408386510035,3,r_trailing_stop,0.7141634126617703,-0.13070686494140404,False,False,3142.9264598267014,True,1.0,0.5,31.75291965340271,3142.9264598267014,adverse_first,volatility_stop,0.002,,5.2825848748208485e-05,0.3816408386510035,0.7141634126617703,-0.13070686494140404,5.2825848748208485e-05,2.6412924374104242e-05,2.6412924374104242e-05,0.0,0.0,,,,,fractional_return,R,False
ETHUSD,2024-04-16 04:00:00,2024-04-16 04:30:00,2024-04-16 08:00:00,long,0.5,3035.45,3108.55,3035.45,3108.55,4779.399624861125,2895.93403001111,4779.399624861125,0.043514014922330695,0.0010479087090291056,4.568971566844723e-05,0.0010022189933606583,0.5011094966803291,8,r_trailing_stop,0.665156827619018,-0.31358417250357734,False,False,3110.8076315000176,True,1.0,0.5,34.884736999964986,3110.8076315000176,adverse_first,volatility_stop,0.002,,4.568971566844726e-05,0.5011094966803291,0.665156827619018,-0.31358417250357734,4.568971566844726e-05,2.284485783422363e-05,2.284485783422363e-05,0.0,0.0,,,,,fractional_return,R,False
ETHUSD,2024-04-27 12:00:00,2024-04-27 12:30:00,2024-04-27 14:00:00,long,0.5,3132.2,3144.1087913587703,3132.2,3144.1087913587703,3946.2818977588786,3067.0734481792897,3946.2818977588786,0.09618811106790265,0.00036571232549067946,0.00010099751662129778,0.00026471480886938167,0.13235740443469082,4,r_trailing_stop,0.5166863446515136,-0.04376095341030499,False,False,3144.1087913587703,True,1.0,0.5,16.282417282459352,3144.1087913587703,adverse_first,volatility_stop,0.002,,0.00010099751662129779,0.13235740443469082,0.5166863446515136,-0.04376095341030499,0.00010099751662129779,5.0498758310648897e-05,5.0498758310648897e-05,0.0,0.0,,,,,fractional_return,R,False
ETHUSD,2024-04-27 17:30:00,2024-04-27 18:00:00,2024-04-27 18:30:00,long,0.5,3257.75,3241.25,3257.75,3241.25,4149.602450993611,3186.401803920511,4149.602450993611,0.09131975800398791,-0.0004625204534005979,9.58857459041873e-05,-0.0005584061993047851,-0.27920309965239254,2,r_trailing_stop,0.3623076884971408,-0.38473292260140457,False,False,3274.681475359391,True,1.0,0.5,17.837049281218967,3274.681475359391,adverse_first,volatility_stop,0.002,,9.588574590418725e-05,-0.27920309965239254,0.3623076884971408,-0.38473292260140457,9.588574590418725e-05,4.794287295209362e-05,4.794287295209362e-05,0.0,0.0,,,,,fractional_return,R,False
ETHUSD,2024-04-27 18:30:00,2024-04-27 19:00:00,2024-04-28 03:00:00,long,0.5,3256.3,3310.35,3256.3,3310.35,4187.745816247724,3181.784334700182,4187.745816247724,0.08739907204473304,0.0014507016687706242,9.176902564696969e-05,0.0013589326431236544,0.6794663215618272,17,r_trailing_stop,0.8682738017526341,-0.4448728984250383,False,False,3311.685255672263,True,1.0,0.5,18.62948865547427,3311.685255672263,adverse_first,volatility_stop,0.002,,9.17690256469698e-05,0.6794663215618272,0.8682738017526341,-0.4448728984250383,9.17690256469698e-05,4.58845128234849e-05,4.58845128234849e-05,0.0,0.0,,,,,fractional_return,R,False
ETHUSD,2024-05-02 08:00:00,2024-05-02 08:30:00,2024-05-02 20:00:00,short,-0.5,2941.85,2988.3,2941.85,2988.3,1664.163240051735,3044.0649407958613,1664.163240051735,0.05756203500377353,-0.0009088690877935013,6.04401367539622e-05,-0.0009693092245474635,-0.48465461227373174,24,max_holding_close,0.074842287638539,-0.6955930262875886,False,False,3044.0649407958613,False,1.0,0.5,25.555472567680983,,adverse_first,volatility_stop,0.002,,6.044013675396225e-05,-0.48465461227373174,0.074842287638539,-0.6955930262875886,6.044013675396225e-05,3.0220068376981125e-05,3.0220068376981125e-05,0.0,0.0,,,,,fractional_return,R,False
ETHUSD,2024-05-09 15:00:00,2024-05-09 15:30:00,2024-05-09 23:00:00,long,0.5,3014.7,3050.2558599423614,3014.7,3050.2558599423614,3879.128323858883,2945.545734091289,3879.128323858883,0.08718767990335269,0.0010283056142711003,9.154706389852031e-05,0.00093675855037258,0.46837927518628997,16,r_trailing_stop,0.63915073667831,-0.36295664005939215,False,False,3050.2558599423614,True,1.0,0.5,17.28828011527712,3050.2558599423614,adverse_first,volatility_stop,0.002,,9.154706389852036e-05,0.46837927518628997,0.63915073667831,-0.36295664005939215,9.154706389852036e-05,4.577353194926018e-05,4.577353194926018e-05,0.0,0.0,,,,,fractional_return,R,False
ETHUSD,2024-05-16 06:00:00,2024-05-16 06:30:00,2024-05-16 09:30:00,short,-0.5,3018.15,3007.29059699611,3018.15,3007.29059699611,2324.0673298138195,3073.6766136148944,2324.0673298138195,0.10871003302785287,0.0003911422756376223,0.00011414553467924551,0.0002769967409583768,0.1384983704791884,7,r_trailing_stop,0.3331735684136443,-0.17108912972592547,False,False,3007.29059699611,True,1.0,0.5,13.881193992219664,3007.29059699611,adverse_first,volatility_stop,0.002,,0.0001141455346792455,0.1384983704791884,0.3331735684136443,-0.17108912972592547,0.0001141455346792455,5.707276733962275e-05,5.707276733962275e-05,0.0,0.0,,,,,fractional_return,R,False
ETHUSD,2024-05-16 14:30:00,2024-05-16 15:00:00,2024-05-16 16:00:00,long,0.5,2942.25,2954.713104753347,2942.25,2954.713104753347,3665.964134126203,2884.3528692699037,3665.964134126203,0.10163716104399458,0.00043052581695100247,0.0001067190190961943,0.00032380679785480815,0.16190339892740407,3,r_trailing_stop,0.34025865792619164,-0.18135613747335255,False,False,2954.713104753347,True,1.0,0.5,14.473790493305012,2954.713104753347,adverse_first,volatility_stop,0.002,,0.00010671901909619432,0.16190339892740407,0.34025865792619164,-0.18135613747335255,0.00010671901909619432,5.335950954809716e-05,5.335950954809716e-05,0.0,0.0,,,,,fractional_return,R,False
ETHUSD,2024-05-16 16:30:00,2024-05-16 17:00:00,2024-05-17 04:30:00,long,0.5,2946.85,2945.95,2946.85,2945.95,3677.000735161733,2888.4379411870614,3677.000735161733,0.10089868632903776,-3.0815554811460014e-05,0.00010594362064548964,-0.00013675917545694967,-0.06837958772847483,24,max_holding_close,0.17633345253221386,-0.37749054644031055,False,False,2888.4379411870614,False,1.0,0.5,14.602023931086235,,adverse_first,volatility_stop,0.002,,0.00010594362064548964,-0.06837958772847483,0.17633345253221386,-0.37749054644031055,0.00010594362064548964,5.297181032274482e-05,5.297181032274482e-05,0.0,0.0,,,,,fractional_return,R,False
ETHUSD,2024-05-17 07:00:00,2024-05-17 07:30:00,2024-05-17 08:30:00,long,0.5,3029.05,3048.05,3029.05,3048.05,3743.005836046953,2971.933533116244,3743.005836046953,0.10606573428866814,0.0006653072585413475,0.00011136902100310154,0.0005539382375382459,0.27696911876912295,3,r_trailing_stop,0.5033574653437876,-0.25211643481567253,False,False,3050.6602059056377,True,1.0,0.5,14.279588188724786,3050.6602059056377,adverse_first,volatility_stop,0.002,,0.00011136902100310154,0.27696911876912295,0.5033574653437876,-0.25211643481567253,0.00011136902100310154,5.568451050155077e-05,5.568451050155077e-05,0.0,0.0,,,,,fractional_return,R,False
ETHUSD,2024-05-17 08:30:00,2024-05-17 09:00:00,2024-05-17 13:00:00,long,0.5,3028.15,3076.3239850779532,3028.15,3076.3239850779532,3780.7266563182698,2967.9438674945386,3780.7266563182698,0.10059274276504317,0.0016003015996280208,0.00010562237990329532,0.0014946792197247255,0.7473396098623627,9,r_trailing_stop,0.9940847802268437,-0.16443507642850222,False,False,3076.3239850779532,True,1.0,0.5,15.052029844093363,3076.3239850779532,adverse_first,volatility_stop,0.002,,0.00010562237990329533,0.7473396098623627,0.9940847802268437,-0.16443507642850222,0.00010562237990329533,5.2811189951647666e-05,5.2811189951647666e-05,0.0,0.0,,,,,fractional_return,R,False
ETHUSD,2024-05-18 01:30:00,2024-05-18 02:00:00,2024-05-18 03:00:00,short,-0.5,3108.45,3100.515264693861,3108.45,3100.515264693861,2386.9699321468825,3166.168405428249,2386.9699321468825,0.10771087582674684,0.0002749464489625534,0.00011309641961808417,0.00016185002934446924,0.08092501467223462,3,r_trailing_stop,0.2624812637769914,-0.31532402645157953,False,False,3100.515264693861,True,1.0,0.5,14.43052938772165,3100.515264693861,adverse_first,volatility_stop,0.002,,0.00011309641961808418,0.08092501467223462,0.2624812637769914,-0.31532402645157953,0.00011309641961808418,5.654820980904209e-05,5.654820980904209e-05,0.0,0.0,,,,,fractional_return,R,False
ETHUSD,2024-05-18 03:00:00,2024-05-18 03:30:00,2024-05-18 06:30:00,short,-0.5,3113.0,3099.399576382656,3113.0,3099.399576382656,2383.0658123241737,3171.394735014066,2383.0658123241737,0.1066192011745628,0.0004658099266678064,0.00011195016123329094,0.00035385976543451545,0.17692988271725774,7,r_trailing_stop,0.3579089792078979,-0.1207300623643892,False,False,3099.399576382656,True,1.0,0.5,14.599152765312354,3099.399576382656,adverse_first,volatility_stop,0.002,,0.00011195016123329097,0.17692988271725774,0.3579089792078979,-0.1207300623643892,0.00011195016123329097,5.5975080616645485e-05,5.5975080616645485e-05,0.0,0.0,,,,,fractional_return,R,False
ETHUSD,2024-05-22 08:30:00,2024-05-22 09:00:00,2024-05-22 10:00:00,short,-0.5,3767.35,3744.3160388340466,3767.35,3744.3160388340466,2300.785088080587,3884.675192953553,2300.785088080587,0.06422064869718862,0.00039265157953027614,6.743168113204805e-05,0.00032521989839822806,0.16260994919911403,3,r_trailing_stop,0.3571270495722732,-0.011080314187208094,False,False,3744.3160388340466,True,1.0,0.5,29.332077668093287,3744.3160388340466,adverse_first,volatility_stop,0.002,,6.743168113204807e-05,0.16260994919911403,0.3571270495722732,-0.011080314187208094,6.743168113204807e-05,3.371584056602404e-05,3.371584056602404e-05,0.0,0.0,,,,,fractional_return,R,False
ETHUSD,2024-05-22 11:30:00,2024-05-22 12:00:00,2024-05-22 12:30:00,long,0.5,3690.55,3707.5673203151687,3690.55,3707.5673203151687,5138.817915134784,3574.6885667892175,5138.817915134784,0.06370627218611925,0.0002937529744554306,6.689158579542521e-05,0.0002268613886600054,0.1134306943300027,2,r_trailing_stop,0.27187649183221424,-0.31416839056167056,False,False,3707.5673203151687,True,1.0,0.5,28.965359369662718,3707.5673203151687,adverse_first,volatility_stop,0.002,,6.689158579542521e-05,0.1134306943300027,0.27187649183221424,-0.31416839056167056,6.689158579542521e-05,3.3445792897712605e-05,3.3445792897712605e-05,0.0,0.0,,,,,fractional_return,R,False
ETHUSD,2024-05-22 12:30:00,2024-05-22 13:00:00,2024-05-22 13:30:00,long,0.5,3666.85,3688.5604212570342,3666.85,3688.5604212570342,5155.7267427438865,3547.7398605804888,5155.7267427438865,0.06157074482274257,0.000364543629330649,6.46492820638797e-05,0.0002998943472667693,0.14994717363338464,2,r_trailing_stop,0.30727862613856155,-0.003358236351241882,False,False,3688.5604212570342,True,1.0,0.5,29.779157485930966,3688.5604212570342,adverse_first,volatility_stop,0.002,,6.46492820638797e-05,0.14994717363338464,0.30727862613856155,-0.003358236351241882,6.46492820638797e-05,3.232464103193985e-05,3.232464103193985e-05,0.0,0.0,,,,,fractional_return,R,False
ETHUSD,2024-05-22 13:30:00,2024-05-22 14:00:00,2024-05-22 14:30:00,long,0.5,3695.75,3707.05,3695.75,3707.05,5191.101590309292,3576.1218727752566,5191.101590309292,0.06178730848234139,0.00018891878126238586,6.487667390645845e-05,0.00012404210735592741,0.062021053677963706,2,r_trailing_stop,0.4831639626976044,-0.1446148192849242,False,False,3722.10113739444,True,1.0,0.5,29.89772521112045,3722.10113739444,adverse_first,volatility_stop,0.002,,6.487667390645845e-05,0.062021053677963706,0.4831639626976044,-0.1446148192849242,6.487667390645845e-05,3.2438336953229225e-05,3.2438336953229225e-05,0.0,0.0,,,,,fractional_return,R,False
ETHUSD,2024-05-22 21:30:00,2024-05-22 22:00:00,2024-05-23 00:00:00,short,-0.5,3772.95,3749.579571224743,3772.95,3749.579571224743,2210.3241692793554,3897.9600664576515,2210.3241692793554,0.06036233892057206,0.0003738967498777165,6.338045586660066e-05,0.00031051629401111585,0.15525814700555793,5,r_trailing_stop,0.3119748761449673,-0.030397552034639293,False,False,3749.579571224743,True,1.0,0.5,31.259142449486845,3749.579571224743,adverse_first,volatility_stop,0.002,,6.338045586660063e-05,0.15525814700555793,0.3119748761449673,-0.030397552034639293,6.338045586660063e-05,3.1690227933300316e-05,3.1690227933300316e-05,0.0,0.0,,,,,fractional_return,R,False
ETHUSD,2024-05-23 09:30:00,2024-05-23 10:00:00,2024-05-23 11:00:00,long,0.5,3807.95,3828.0,3807.95,3828.0,5196.588189831981,3696.858944813441,5196.588189831981,0.0685554744908165,0.0003609651554093056,7.198324821535733e-05,0.0002889819071939482,0.14449095359697411,3,r_trailing_stop,0.6688207243618842,-0.06076096755642944,False,False,3832.6639829932565,True,1.0,0.5,27.772034013487076,3832.6639829932565,adverse_first,volatility_stop,0.002,,7.198324821535736e-05,0.14449095359697411,0.6688207243618842,-0.06076096755642944,7.198324821535736e-05,3.599162410767868e-05,3.599162410767868e-05,0.0,0.0,,,,,fractional_return,R,False
ETHUSD,2024-05-23 11:00:00,2024-05-23 11:30:00,2024-05-23 13:00:00,short,-0.5,3874.15,3864.95,3874.15,3864.95,2445.412945708586,3988.448964343313,2445.412945708586,0.06778976558988657,0.000160981336145215,7.11792538693809e-05,8.98020822758341e-05,0.04490104113791705,4,r_trailing_stop,0.685045577183142,-0.6356138082037702,False,False,3810.1381078078985,True,1.0,0.5,28.576215615797434,3810.1381078078985,adverse_first,volatility_stop,0.002,,7.11792538693809e-05,0.04490104113791705,0.685045577183142,-0.6356138082037702,7.11792538693809e-05,3.558962693469045e-05,3.558962693469045e-05,0.0,0.0,,,,,fractional_return,R,False
ETHUSD,2024-05-27 03:00:00,2024-05-27 03:30:00,2024-05-27 15:00:00,long,0.5,3933.2,3929.95,3933.2,3929.95,4973.017607719451,3850.0145913824435,4973.017607719451,0.09456466140793608,-7.8138703746516e-05,9.929289447833288e-05,-0.00017743159822484887,-0.08871579911242443,24,max_holding_close,0.2368203790471324,-0.606476554463331,False,False,3850.0145913824435,False,1.0,0.5,20.797674183889374,,adverse_first,volatility_stop,0.002,,9.929289447833287e-05,-0.08871579911242443,0.2368203790471324,-0.606476554463331,9.929289447833287e-05,4.9646447239166436e-05,4.9646447239166436e-05,0.0,0.0,,,,,fractional_return,R,False
ETHUSD,2024-05-28 03:00:00,2024-05-28 03:30:00,2024-05-28 09:00:00,long,0.5,3845.65,3866.74046787589,3845.65,3866.74046787589,5001.933926693723,3753.1472858645025,5001.933926693723,0.08314674949681798,0.00045599673637676427,8.730408697165888e-05,0.0003686926494051054,0.1843463247025527,12,r_trailing_stop,0.3989072141812954,-0.27674863639677777,False,False,3866.74046787589,True,1.0,0.5,23.119064248220962,3866.74046787589,adverse_first,volatility_stop,0.002,,8.73040869716589e-05,0.1843463247025527,0.3989072141812954,-0.27674863639677777,8.73040869716589e-05,4.365204348582945e-05,4.365204348582945e-05,0.0,0.0,,,,,fractional_return,R,False
ETHUSD,2024-05-28 09:30:00,2024-05-28 10:00:00,2024-05-28 14:00:00,short,-0.5,3880.05,3863.1649478140052,3880.05,3863.1649478140052,2768.540912859561,3968.9707269712353,2768.540912859561,0.08726986681643198,0.00037977764602525665,9.163336015725357e-05,0.0002881442858680031,0.14407214293400156,9,r_trailing_stop,0.3778646570317581,-0.5533018192250664,False,False,3863.1649478140052,True,1.0,0.5,22.22989562801043,3863.1649478140052,adverse_first,volatility_stop,0.002,,9.163336015725356e-05,0.14407214293400156,0.3778646570317581,-0.5533018192250664,9.163336015725356e-05,4.581668007862678e-05,4.581668007862678e-05,0.0,0.0,,,,,fractional_return,R,False
ETHUSD,2024-05-30 12:00:00,2024-05-30 12:30:00,2024-05-30 13:30:00,long,0.5,3752.75,3770.1102264927426,3752.75,3770.1102264927426,4801.6994062028825,3668.8340475037694,4801.6994062028825,0.08944068173851852,0.0004137527127162783,9.391271582544444e-05,0.0003198399968908338,0.1599199984454169,3,r_trailing_stop,0.48798826423187225,-0.1149960134270484,False,False,3770.1102264927426,True,1.0,0.5,20.979547014514566,3770.1102264927426,adverse_first,volatility_stop,0.002,,9.391271582544447e-05,0.1599199984454169,0.48798826423187225,-0.1149960134270484,9.391271582544447e-05,4.6956357912722235e-05,4.6956357912722235e-05,0.0,0.0,,,,,fractional_return,R,False
ETHUSD,2024-05-30 13:30:00,2024-05-30 14:00:00,2024-05-30 18:00:00,long,0.5,3788.1,3811.3,3788.1,3811.3,4854.153455437067,3702.8157235650347,4854.153455437067,0.08883466351241573,0.0005440627738148661,9.327639668803651e-05,0.0004507863771268296,0.2253931885634148,9,r_trailing_stop,0.414496100309376,-0.3664215879679783,False,False,3812.7900279419487,True,1.0,0.5,21.31994411610194,3812.7900279419487,adverse_first,volatility_stop,0.002,,9.327639668803652e-05,0.2253931885634148,0.414496100309376,-0.3664215879679783,9.327639668803652e-05,4.663819834401826e-05,4.663819834401826e-05,0.0,0.0,,,,,fractional_return,R,False
ETHUSD,2024-05-30 18:00:00,2024-05-30 18:30:00,2024-05-30 20:00:00,long,0.5,3807.1,3721.955690200068,3807.1,3721.955690200068,4871.403872499149,3721.955690200068,4871.403872499149,0.08942699773938488,-0.002,9.389834762635412e-05,-0.002093898347626354,-1.046949173813177,4,stop_loss,0.13800100121322983,-1.0200329323718296,False,False,3721.955690200068,False,1.0,0.5,21.2866365749266,,adverse_first,volatility_stop,0.002,,9.389834762635416e-05,-1.046949173813177,0.13800100121322983,-1.0200329323718296,9.389834762635416e-05,4.694917381317708e-05,4.694917381317708e-05,0.0,0.0,,,,,fractional_return,R,False
ETHUSD,2024-06-06 19:30:00,2024-06-06 20:00:00,2024-06-07 00:00:00,long,0.5,3790.45,3808.003926902129,3790.45,3808.003926902129,4459.9954646955475,3736.886362824356,4459.9954646955475,0.14153071747426346,0.0006554419314195168,0.00014860725334797664,0.0005068346780715402,0.2534173390357701,9,r_trailing_stop,0.45273251180610485,-0.5675492106765123,False,False,3808.003926902129,True,1.0,0.5,13.392146195741946,3808.003926902129,adverse_first,volatility_stop,0.002,,0.00014860725334797664,0.2534173390357701,0.45273251180610485,-0.5675492106765123,0.00014860725334797664,7.430362667398832e-05,7.430362667398832e-05,0.0,0.0,,,,,fractional_return,R,False
ETHUSD,2024-06-08 10:00:00,2024-06-08 10:30:00,2024-06-08 22:00:00,long,0.5,3684.85,3670.85,3684.85,3670.85,4384.645020456076,3628.866398363514,4384.645020456076,0.13164033367937075,-0.0005001464568466001,0.00013822235036333927,-0.0006383688072099394,-0.3191844036049697,24,max_holding_close,0.22506590558096795,-0.42333825097372524,False,False,3628.866398363514,False,1.0,0.5,13.995140792261106,,adverse_first,volatility_stop,0.002,,0.00013822235036333927,-0.3191844036049697,0.22506590558096795,-0.42333825097372524,0.00013822235036333927,6.911117518166964e-05,6.911117518166964e-05,0.0,0.0,,,,,fractional_return,R,False
ETHUSD,2024-06-10 15:30:00,2024-06-10 16:00:00,2024-06-10 16:30:00,short,-0.5,3702.35,3688.899431920462,3702.35,3688.899431920462,3207.393455318664,3741.946523574507,3207.393455318664,0.18700379052385582,0.0006793812620559212,0.0001963539800500486,0.00048302728200587256,0.24151364100293626,2,r_trailing_stop,0.4672127330872711,-0.06945054140486463,False,False,3688.899431920462,True,1.0,0.5,9.898863840924543,3688.899431920462,adverse_first,volatility_stop,0.002,,0.00019635398005004862,0.24151364100293626,0.4672127330872711,-0.06945054140486463,0.00019635398005004862,9.817699002502431e-05,9.817699002502431e-05,0.0,0.0,,,,,fractional_return,R,False
ETHUSD,2024-06-10 16:30:00,2024-06-10 17:00:00,2024-06-10 17:30:00,short,-0.5,3698.15,3692.375659770964,3698.15,3692.375659770964,3185.57708251928,3739.1558333984576,3185.57708251928,0.18037189802068998,0.0002816350626471373,0.00018939049292172446,9.224456972541282e-05,0.04612228486270641,2,r_trailing_stop,0.2889832742783776,-0.010974048390313787,False,False,3692.375659770964,True,1.0,0.5,10.251319541928096,3692.375659770964,adverse_first,volatility_stop,0.002,,0.00018939049292172446,0.04612228486270641,0.2889832742783776,-0.010974048390313787,0.00018939049292172446,9.469524646086223e-05,9.469524646086223e-05,0.0,0.0,,,,,fractional_return,R,False
ETHUSD,2024-06-10 17:30:00,2024-06-10 18:00:00,2024-06-10 18:30:00,short,-0.5,3695.85,3689.146227184922,3695.85,3689.146227184922,3181.234249515482,3737.0192600387613,3181.234249515482,0.17954415486313363,0.0003256688514083836,0.0001885213626062903,0.00013714748880209332,0.06857374440104666,2,r_trailing_stop,0.4396484168760505,-0.10323236307863116,False,False,3689.146227184922,True,1.0,0.5,10.292454369843378,3689.146227184922,adverse_first,volatility_stop,0.002,,0.0001885213626062903,0.06857374440104666,0.4396484168760505,-0.10323236307863116,0.0001885213626062903,9.426068130314515e-05,9.426068130314515e-05,0.0,0.0,,,,,fractional_return,R,False
ETHUSD,2024-06-10 18:30:00,2024-06-10 19:00:00,2024-06-10 19:30:00,short,-0.5,3687.75,3682.05,3687.75,3682.05,3163.827067607548,3729.663834591396,3163.827067607548,0.17596815161154458,0.0002719865674695243,0.0001847665591921218,8.722000827740247e-05,0.04361000413870123,2,r_trailing_stop,0.5749891470189422,-0.013122158956868217,False,False,3677.0888740674877,True,1.0,0.5,10.477748134975702,3677.0888740674877,adverse_first,volatility_stop,0.002,,0.0001847665591921218,0.04361000413870123,0.5749891470189422,-0.013122158956868217,0.0001847665591921218,9.23832795960609e-05,9.23832795960609e-05,0.0,0.0,,,,,fractional_return,R,False
ETHUSD,2024-06-17 08:30:00,2024-06-17 09:00:00,2024-06-17 16:00:00,long,0.5,3543.9,3483.2225571736694,3543.9,3483.2225571736694,4302.368035329134,3483.2225571736694,4302.368035329134,0.1168111190889588,-0.002,0.00012265167504340674,-0.0021226516750434067,-1.0613258375217034,15,stop_loss,0.091467269243445,-1.2772456515977182,False,False,3483.2225571736694,False,1.0,0.5,15.169575075055059,,adverse_first,volatility_stop,0.002,,0.00012265167504340669,-1.0613258375217034,0.091467269243445,-1.2772456515977182,0.00012265167504340669,6.132583752170334e-05,6.132583752170334e-05,0.0,0.0,,,,,fractional_return,R,False
ETHUSD,2024-06-17 16:30:00,2024-06-17 17:00:00,2024-06-17 18:30:00,long,0.5,3525.15,3562.35,3525.15,3562.35,4443.659161864641,3451.6692670508287,4443.659161864641,0.0959476003713368,0.0010125103141181773,0.00010074498038990364,0.0009117653337282737,0.4558826668641368,4,r_trailing_stop,0.7137925534341213,-0.09118036430903381,False,False,3568.415038514931,True,1.0,0.5,18.36992297013774,3568.415038514931,adverse_first,volatility_stop,0.002,,0.00010074498038990364,0.4558826668641368,0.7137925534341213,-0.09118036430903381,0.00010074498038990364,5.037249019495182e-05,5.037249019495182e-05,0.0,0.0,,,,,fractional_return,R,False
ETHUSD,2024-06-17 18:30:00,2024-06-17 19:00:00,2024-06-18 00:30:00,long,0.5,3560.8,3484.4435302197935,3560.8,3484.4435302197935,4515.255872252584,3484.4435302197935,4515.255872252584,0.0932678006264517,-0.002,9.793119065777427e-05,-0.0020979311906577742,-1.048965595328887,12,stop_loss,0.02029952411971673,-1.428824568684834,False,False,3484.4435302197935,False,1.0,0.5,19.088849515344076,,adverse_first,volatility_stop,0.002,,9.793119065777418e-05,-1.048965595328887,0.02029952411971673,-1.428824568684834,9.793119065777418e-05,4.896559532888709e-05,4.896559532888709e-05,0.0,0.0,,,,,fractional_return,R,False
ETHUSD,2024-06-19 10:30:00,2024-06-19 11:00:00,2024-06-19 12:00:00,short,-0.5,3560.15,3537.05,3560.15,3537.05,2459.838761581201,3648.174899073504,2459.838761581201,0.08088961276802258,0.0005248514964092277,8.49340934064237e-05,0.00043991740300280404,0.219958701501402,3,r_trailing_stop,0.47202553410829773,-0.04373762470076811,False,False,3529.6029576229744,True,1.0,0.5,22.00591524594837,3529.6029576229744,adverse_first,volatility_stop,0.002,,8.49340934064237e-05,0.219958701501402,0.47202553410829773,-0.04373762470076811,8.49340934064237e-05,4.246704670321185e-05,4.246704670321185e-05,0.0,0.0,,,,,fractional_return,R,False
ETHUSD,2024-06-19 14:00:00,2024-06-19 14:30:00,2024-06-20 02:00:00,short,-0.5,3517.75,3550.25,3517.75,3550.25,2440.872199025238,3603.900224077981,2440.872199025238,0.08166548694791144,-0.0007544960061991686,8.5748761295307e-05,-0.0008402447674944756,-0.4201223837472378,24,max_holding_close,0.06384196975531417,-0.8752153671910354,False,False,3603.900224077981,False,1.0,0.5,21.537249891152683,,adverse_first,volatility_stop,0.002,,8.574876129530703e-05,-0.4201223837472378,0.06384196975531417,-0.8752153671910354,8.574876129530703e-05,4.287438064765352e-05,4.287438064765352e-05,0.0,0.0,,,,,fractional_return,R,False
ETHUSD,2024-06-20 07:00:00,2024-06-20 07:30:00,2024-06-20 13:30:00,long,0.5,3607.5,3530.2044831309468,3607.5,3530.2044831309468,4573.693960863166,3530.2044831309468,4573.693960863166,0.09334305910940438,-0.002,9.801021206487459e-05,-0.0020980102120648748,-1.0490051060324375,13,stop_loss,0.22446321213418674,-1.0653916725792711,False,False,3530.2044831309468,False,1.0,0.5,19.323611597914148,,adverse_first,volatility_stop,0.002,,9.801021206487471e-05,-1.0490051060324375,0.22446321213418674,-1.0653916725792711,9.801021206487471e-05,4.9005106032437356e-05,4.9005106032437356e-05,0.0,0.0,,,,,fractional_return,R,False
ETHUSD,2024-06-24 06:00:00,2024-06-24 06:30:00,2024-06-24 07:30:00,short,-0.5,3376.7,3370.7,3376.7,3370.7,2687.1508319194427,3431.863933446444,2687.1508319194427,0.12242419236758162,0.00021753343625595156,0.0001285454019859607,8.898803426999087e-05,0.044494017134995435,3,r_trailing_stop,0.2909509709923384,-0.10967310744571528,False,False,3367.545389228935,True,1.0,0.5,13.79077845786994,3367.545389228935,adverse_first,volatility_stop,0.002,,0.0001285454019859607,0.044494017134995435,0.2909509709923384,-0.10967310744571528,0.0001285454019859607,6.427270099298035e-05,6.427270099298035e-05,0.0,0.0,,,,,fractional_return,R,False
ETHUSD,2024-06-24 07:30:00,2024-06-24 08:00:00,2024-06-24 10:00:00,short,-0.5,3368.35,3307.2,3368.35,3307.2,2672.120791667048,3424.0483366666363,2672.120791667048,0.12094975188074776,0.002195756773348295,0.00012699723947478514,0.0020687595338735095,1.0343797669367547,5,r_trailing_stop,2.407612291954252,-0.45513028785264814,False,False,3241.21353258749,True,1.0,0.5,13.927065174980376,3241.21353258749,adverse_first,volatility_stop,0.002,,0.00012699723947478527,1.0343797669367547,2.407612291954252,-0.45513028785264814,0.00012699723947478527,6.349861973739264e-05,6.349861973739264e-05,0.0,0.0,,,,,fractional_return,R,False
ETHUSD,2024-06-24 10:00:00,2024-06-24 10:30:00,2024-06-24 12:30:00,long,0.5,3315.85,3328.146544400958,3315.85,3328.146544400958,4166.169883400807,3247.8244093279354,4166.169883400807,0.09748831189088634,0.0003615270159207324,0.00010236272748543065,0.0002591642884353017,0.12958214421765085,5,r_trailing_stop,0.30576728249626134,-0.17199409640414284,False,False,3328.146544400958,True,1.0,0.5,17.006911198083582,3328.146544400958,adverse_first,volatility_stop,0.002,,0.00010236272748543067,0.12958214421765085,0.30576728249626134,-0.17199409640414284,0.00010236272748543067,5.1181363742715334e-05,5.1181363742715334e-05,0.0,0.0,,,,,fractional_return,R,False
ETHUSD,2024-06-24 15:30:00,2024-06-24 16:00:00,2024-06-24 18:00:00,long,0.5,3279.7,3293.3500000000004,3279.7,3293.3500000000004,4193.919021871686,3206.562478250265,4193.919021871686,0.08968583899308535,0.000373269415573274,9.417013094273962e-05,0.0002790992846305344,0.1395496423152672,5,r_trailing_stop,0.40813524010483176,-0.5175182190273923,False,False,3293.5076704200446,True,1.0,0.5,18.284659159910806,3293.5076704200446,adverse_first,volatility_stop,0.002,,9.417013094273959e-05,0.1395496423152672,0.40813524010483176,-0.5175182190273923,9.417013094273959e-05,4.7085065471369795e-05,4.7085065471369795e-05,0.0,0.0,,,,,fractional_return,R,False
ETHUSD,2024-06-25 16:00:00,2024-06-25 16:30:00,2024-06-25 17:00:00,short,-0.5,3401.05,3390.7747400825124,3401.05,3390.7747400825124,2438.660896335682,3478.0411282931454,2438.660896335682,0.08834914035940417,0.0002669206217725334,9.276659737737437e-05,0.000174154024395159,0.0870770121975795,2,r_trailing_stop,0.2584713387265925,-0.05195403793499323,False,False,3390.7747400825124,True,1.0,0.5,19.24948016502424,3390.7747400825124,adverse_first,volatility_stop,0.002,,9.276659737737439e-05,0.0870770121975795,0.2584713387265925,-0.05195403793499323,9.276659737737439e-05,4.638329868868719e-05,4.638329868868719e-05,0.0,0.0,,,,,fractional_return,R,False
ETHUSD,2024-06-25 17:00:00,2024-06-25 17:30:00,2024-06-26 05:00:00,short,-0.5,3402.05,3380.05,3402.05,3380.05,2431.5796889229214,3479.6876248861663,2431.5796889229214,0.08763920856641731,0.0005667355237169264,9.202116899473817e-05,0.00047471435472218825,0.23735717736109413,24,max_holding_close,0.3297370319807646,-0.33682122602721687,False,False,3386.155273803068,True,1.0,0.5,19.410547606136525,3386.155273803068,adverse_first,volatility_stop,0.002,,9.20211689947382e-05,0.23735717736109413,0.3297370319807646,-0.33682122602721687,9.20211689947382e-05,4.60105844973691e-05,4.60105844973691e-05,0.0,0.0,,,,,fractional_return,R,False
ETHUSD,2024-06-26 07:30:00,2024-06-26 08:00:00,2024-06-26 08:30:00,short,-0.5,3401.75,3389.1471208088337,3401.75,3389.1471208088337,2562.01326250867,3468.9289389993064,2562.01326250867,0.10127429967404282,0.0003752032818290434,0.00010633801465774496,0.00026886526717129845,0.13443263358564922,2,r_trailing_stop,0.3125979706261335,-0.002232842647330879,False,False,3389.1471208088337,True,1.0,0.5,16.79424161766787,3389.1471208088337,adverse_first,volatility_stop,0.002,,0.00010633801465774495,0.13443263358564922,0.3125979706261335,-0.002232842647330879,0.00010633801465774495,5.316900732887247e-05,5.316900732887247e-05,0.0,0.0,,,,,fractional_return,R,False
ETHUSD,2024-07-01 08:30:00,2024-07-01 09:00:00,2024-07-01 10:30:00,short,-0.5,3480.85,3474.9807455042333,3480.85,3474.9807455042333,2897.792203849903,3527.4946236920077,2897.792203849903,0.14924978376860276,0.00025165834907453553,0.00015671227295703288,9.494607611750265e-05,0.047473038058751325,4,r_trailing_stop,0.37624914965294864,-0.11791283892258808,False,False,3474.9807455042333,True,1.0,0.5,11.66149100846676,3474.9807455042333,adverse_first,volatility_stop,0.002,,0.00015671227295703288,0.047473038058751325,0.37624914965294864,-0.11791283892258808,0.00015671227295703288,7.835613647851644e-05,7.835613647851644e-05,0.0,0.0,,,,,fractional_return,R,False
ETHUSD,2024-07-01 10:30:00,2024-07-01 11:00:00,2024-07-01 12:00:00,short,-0.5,3467.45,3460.8462736299953,3467.45,3460.8462736299953,2887.8310040699316,3513.8195196744055,2887.8310040699316,0.1495572964459205,0.00028483048417901955,0.0001570351612682165,0.00012779532291080304,0.06389766145540152,3,r_trailing_stop,0.26741704652256737,-0.02156589084859478,False,False,3460.8462736299953,True,1.0,0.5,11.592547259989809,3460.8462736299953,adverse_first,volatility_stop,0.002,,0.0001570351612682165,0.06389766145540152,0.26741704652256737,-0.02156589084859478,0.0001570351612682165,7.851758063410825e-05,7.851758063410825e-05,0.0,0.0,,,,,fractional_return,R,False
ETHUSD,2024-07-01 12:00:00,2024-07-01 12:30:00,2024-07-01 14:00:00,short,-0.5,3468.05,3458.8,3468.05,3458.8,2893.91875215231,3513.9804998278155,2893.91875215231,0.1510129440350558,0.0004027824663209216,0.00015856359123680858,0.00024421887508411307,0.12210943754205653,4,r_trailing_stop,0.39189645371765097,-0.2296948659289506,False,False,3455.791395327754,True,1.0,0.5,11.48279065550782,3455.791395327754,adverse_first,volatility_stop,0.002,,0.00015856359123680855,0.12210943754205653,0.39189645371765097,-0.2296948659289506,0.00015856359123680855,7.928179561840428e-05,7.928179561840428e-05,0.0,0.0,,,,,fractional_return,R,False
ETHUSD,2024-07-06 07:00:00,2024-07-06 07:30:00,2024-07-06 19:00:00,short,-0.5,3009.95,3052.65,3009.95,3052.65,1744.690818706341,3111.1707345034924,1744.690818706341,0.059472992658359716,-0.000843700654998247,6.24466422912777e-05,-0.0009061472972895248,-0.45307364864476235,24,max_holding_close,0.2380935103683558,-0.5522583912693427,False,False,3111.1707345034924,False,1.0,0.5,25.30266208641075,,adverse_first,volatility_stop,0.002,,6.244664229127775e-05,-0.45307364864476235,0.2380935103683558,-0.5522583912693427,6.244664229127775e-05,3.122332114563887e-05,3.122332114563887e-05,0.0,0.0,,,,,fractional_return,R,False
ETHUSD,2024-07-06 21:00:00,2024-07-06 21:30:00,2024-07-07 01:30:00,short,-0.5,3065.4,3050.384119809999,3065.4,3050.384119809999,2052.004516734369,3146.4716386612504,2052.004516734369,0.07562200667507066,0.0003704348509037391,7.940310700882419e-05,0.00029103174389491493,0.14551587194745746,9,r_trailing_stop,0.3102194604094145,-0.16158548434844083,False,False,3050.384119809999,True,1.0,0.5,20.268239619998358,3050.384119809999,adverse_first,volatility_stop,0.002,,7.940310700882419e-05,0.14551587194745746,0.3102194604094145,-0.16158548434844083,7.940310700882419e-05,3.9701553504412095e-05,3.9701553504412095e-05,0.0,0.0,,,,,fractional_return,R,False
ETHUSD,2024-07-07 02:00:00,2024-07-07 02:30:00,2024-07-07 03:30:00,short,-0.5,3062.95,3051.716114706808,3062.95,3051.716114706808,2111.3074372471774,3139.0814050202257,2111.3074372471774,0.08046482260996675,0.0002951182968502162,8.448806374046508e-05,0.00021063023310975113,0.10531511655487556,3,r_trailing_stop,0.2725550644242981,-0.0801246213488346,False,False,3051.716114706808,True,1.0,0.5,19.032229413616722,3051.716114706808,adverse_first,volatility_stop,0.002,,8.448806374046508e-05,0.10531511655487556,0.2725550644242981,-0.0801246213488346,8.448806374046508e-05,4.224403187023254e-05,4.224403187023254e-05,0.0,0.0,,,,,fractional_return,R,False
ETHUSD,2024-07-11 03:00:00,2024-07-11 03:30:00,2024-07-11 05:30:00,long,0.5,3071.1000000000004,3087.7407583573313,3071.1000000000004,3087.7407583573313,4061.975757944305,2991.829939364456,4061.975757944305,0.0774844872169287,0.00041984976986051174,8.135871157777513e-05,0.0003384910582827366,0.1692455291413683,5,r_trailing_stop,0.3633149737630699,-0.0700138230689279,False,False,3087.7407583573313,True,1.0,0.5,19.81848328533777,3087.7407583573313,adverse_first,volatility_stop,0.002,,8.135871157777513e-05,0.1692455291413683,0.3633149737630699,-0.0700138230689279,8.135871157777513e-05,4.067935578888756e-05,4.067935578888756e-05,0.0,0.0,,,,,fractional_return,R,False
ETHUSD,2024-07-15 03:00:00,2024-07-15 03:30:00,2024-07-15 05:00:00,long,0.5,3323.2,3331.5199658820266,3323.2,3331.5199658820266,4121.1794369265435,3259.3616450458762,4121.1794369265435,0.10411295849926488,0.000260657276899005,0.00010931860642422812,0.00015133867047477687,0.07566933523738843,4,r_trailing_stop,0.3689004833680945,-0.02897944349175949,False,False,3331.5199658820266,True,1.0,0.5,15.960068235946457,3331.5199658820266,adverse_first,volatility_stop,0.002,,0.00010931860642422812,0.07566933523738843,0.3689004833680945,-0.02897944349175949,0.00010931860642422812,5.465930321211406e-05,5.465930321211406e-05,0.0,0.0,,,,,fractional_return,R,False
ETHUSD,2024-07-15 08:30:00,2024-07-15 09:00:00,2024-07-15 15:00:00,long,0.5,3353.7,3367.3617346099954,3353.7,3367.3617346099954,4152.514632589929,3289.7948293928057,4152.514632589929,0.10495864319380904,0.00042756273022005904,0.00011020657535349948,0.00031735615486655955,0.15867807743327977,13,r_trailing_stop,0.6314043076110334,-0.3912046515557792,False,False,3367.3617346099954,True,1.0,0.5,15.976530780008602,3367.3617346099954,adverse_first,volatility_stop,0.002,,0.0001102065753534995,0.15867807743327977,0.6314043076110334,-0.3912046515557792,0.0001102065753534995,5.510328767674975e-05,5.510328767674975e-05,0.0,0.0,,,,,fractional_return,R,False
ETHUSD,2024-07-15 16:00:00,2024-07-15 16:30:00,2024-07-15 20:30:00,short,-0.5,3380.55,3445.9885326853955,3380.55,3445.9885326853955,2562.5683414325586,3445.9885326853955,2562.5683414325586,0.10331985945505395,-0.002,0.00010848585242780665,-0.0021084858524278065,-1.0542429262139033,9,stop_loss,0.07258720214336517,-1.0238615881274666,False,False,3445.9885326853955,False,1.0,0.5,16.358665267133095,,adverse_first,volatility_stop,0.002,,0.00010848585242780647,-1.0542429262139033,0.07258720214336517,-1.0238615881274666,0.00010848585242780647,5.4242926213903236e-05,5.4242926213903236e-05,0.0,0.0,,,,,fractional_return,R,False
ETHUSD,2024-07-15 20:30:00,2024-07-15 21:00:00,2024-07-16 06:00:00,short,-0.5,3434.7,3415.95,3434.7,3415.95,2515.761289370991,3508.2150968503206,2515.761289370991,0.09344203155967186,0.0005100993075796521,9.811413313765544e-05,0.0004119851744419967,0.20599258722099834,19,r_trailing_stop,0.4128403729344672,-0.8610476311944621,False,False,3413.538718148589,True,1.0,0.5,18.377436297178473,3413.538718148589,adverse_first,volatility_stop,0.002,,9.811413313765547e-05,0.20599258722099834,0.4128403729344672,-0.8610476311944621,9.811413313765547e-05,4.9057066568827736e-05,4.9057066568827736e-05,0.0,0.0,,,,,fractional_return,R,False
ETHUSD,2024-07-24 23:00:00,2024-07-24 23:30:00,2024-07-25 01:30:00,short,-0.5,3327.45,3218.85,3327.45,3218.85,2278.3524971269535,3411.3778002298436,2278.3524971269535,0.07929315413694828,0.00258793867354057,8.325781184379569e-05,0.0025046808616967743,1.2523404308483872,5,r_trailing_stop,1.7241009487169436,-0.17217179480967754,False,False,3198.442236421251,True,1.0,0.5,20.984472842502186,3198.442236421251,adverse_first,volatility_stop,0.002,,8.325781184379552e-05,1.2523404308483872,1.7241009487169436,-0.17217179480967754,8.325781184379552e-05,4.162890592189776e-05,4.162890592189776e-05,0.0,0.0,,,,,fractional_return,R,False
ETHUSD,2024-07-26 19:30:00,2024-07-26 20:00:00,2024-07-26 21:00:00,short,-0.5,3274.65,3261.893918956773,3274.65,3261.893918956773,2270.242771412339,3355.002578287013,2270.242771412339,0.08150702988778323,0.00031750271902074247,8.558238138217239e-05,0.00023192033763857009,0.11596016881928504,3,r_trailing_stop,0.2837494513064713,-0.008089348392510118,False,False,3261.893918956773,True,1.0,0.5,20.087837913546597,3261.893918956773,adverse_first,volatility_stop,0.002,,8.558238138217238e-05,0.11596016881928504,0.2837494513064713,-0.008089348392510118,8.558238138217238e-05,4.279119069108619e-05,4.279119069108619e-05,0.0,0.0,,,,,fractional_return,R,False
ETHUSD,2024-07-27 20:00:00,2024-07-27 20:30:00,2024-07-27 21:00:00,long,0.5,3229.95,3241.85,3229.95,3241.85,4148.9295870753,3156.4316330339757,4148.9295870753,0.08786783856319053,0.00032372862703817585,9.226123049135005e-05,0.0002314673965468258,0.1157336982734129,2,r_trailing_stop,0.8718909660986297,-0.19926993218946232,False,False,3249.2599198106095,True,1.0,0.5,18.380160378780626,3249.2599198106095,adverse_first,volatility_stop,0.002,,9.226123049135005e-05,0.1157336982734129,0.8718909660986297,-0.19926993218946232,9.226123049135005e-05,4.6130615245675025e-05,4.6130615245675025e-05,0.0,0.0,,,,,fractional_return,R,False
ETHUSD,2024-08-03 12:00:00,2024-08-03 12:30:00,2024-08-03 16:30:00,short,-0.5,3012.1000000000004,2938.15,3012.1000000000004,2938.15,1977.9591586584227,3094.8312673073265,1977.9591586584227,0.07281648397360561,0.0017877158759165227,7.645730817228588e-05,0.0017112585677442368,0.8556292838721185,9,r_trailing_stop,1.2552690582415886,-0.046536214484635664,False,False,2921.0902067653283,True,1.0,0.5,20.680413530656534,2921.0902067653283,adverse_first,volatility_stop,0.002,,7.645730817228591e-05,0.8556292838721185,1.2552690582415886,-0.046536214484635664,7.645730817228591e-05,3.8228654086142956e-05,3.8228654086142956e-05,0.0,0.0,,,,,fractional_return,R,False
ETHUSD,2024-08-03 19:00:00,2024-08-03 19:30:00,2024-08-03 20:00:00,long,0.5,2883.85,2893.15,2883.85,2893.15,3978.017140618665,2796.316628750507,3978.017140618665,0.06589144137451913,0.00021249038777434155,6.918601344324509e-05,0.00014330437433109647,0.07165218716554823,2,r_trailing_stop,0.40784445395397745,-0.02856053599117467,False,False,2908.609087451808,True,1.0,0.5,21.881825096384233,2908.609087451808,adverse_first,volatility_stop,0.002,,6.918601344324508e-05,0.07165218716554823,0.40784445395397745,-0.02856053599117467,6.918601344324508e-05,3.459300672162254e-05,3.459300672162254e-05,0.0,0.0,,,,,fractional_return,R,False
ETHUSD,2024-08-04 17:00:00,2024-08-04 17:30:00,2024-08-04 18:00:00,short,-0.5,2737.05,2699.05,2737.05,2699.05,1687.188646666892,2821.038908266649,1687.188646666892,0.06517646333276275,0.0009048813893224411,6.843528649940088e-05,0.0008364461028230403,0.4182230514115201,2,r_trailing_stop,1.270405845272429,-0.05119723650113481,False,False,2640.8489973278292,True,1.0,0.5,20.99799465565871,2640.8489973278292,adverse_first,volatility_stop,0.002,,6.843528649940085e-05,0.4182230514115201,1.270405845272429,-0.05119723650113481,6.843528649940085e-05,3.421764324970043e-05,3.421764324970043e-05,0.0,0.0,,,,,fractional_return,R,False
ETHUSD,2024-08-06 08:00:00,2024-08-06 08:30:00,2024-08-06 13:00:00,short,-0.5,2486.4,2449.2258371501284,2486.4,2449.2258371501284,308.0277059912682,2660.6697835206987,308.0277059912682,0.028535067293575685,0.00042662775036334726,2.9961820658254467e-05,0.0003966659297050928,0.1983329648525464,10,r_trailing_stop,0.4025367942898037,-0.022666006235846747,False,False,2449.2258371501284,True,1.0,0.5,43.551674300256764,2449.2258371501284,adverse_first,volatility_stop,0.002,,2.9961820658254467e-05,0.1983329648525464,0.4025367942898037,-0.022666006235846747,2.9961820658254467e-05,1.4980910329127233e-05,1.4980910329127233e-05,0.0,0.0,,,,,fractional_return,R,False
ETHUSD,2024-08-06 13:00:00,2024-08-06 13:30:00,2024-08-07 01:00:00,short,-0.5,2457.6000000000004,2447.55,2457.6000000000004,2447.55,423.39505920410164,2620.3363952636723,423.39505920410164,0.03020344645115311,0.00012351262892012412,3.171361877371076e-05,9.179901014641335e-05,0.04589950507320668,24,max_holding_close,0.21353551517284824,-0.5963632157561034,False,False,2620.3363952636723,False,1.0,0.5,40.68161490102414,,adverse_first,volatility_stop,0.002,,3.171361877371076e-05,0.04589950507320668,0.21353551517284824,-0.5963632157561034,3.171361877371076e-05,1.585680938685538e-05,1.585680938685538e-05,0.0,0.0,,,,,fractional_return,R,False
ETHUSD,2024-08-07 01:30:00,2024-08-07 02:00:00,2024-08-07 13:00:00,short,-0.5,2500.95,2470.3,2500.95,2470.3,600.8194660537876,2652.960442715697,600.8194660537876,0.03290497620189808,0.00040326176876313456,3.455022501199298e-05,0.0003687115437511416,0.18435577187557078,23,r_trailing_stop,0.34931810638373095,-0.33254294308281906,False,False,2470.0497862849643,True,1.0,0.5,37.999572569928596,2470.0497862849643,adverse_first,volatility_stop,0.002,,3.455022501199298e-05,0.18435577187557078,0.34931810638373095,-0.33254294308281906,3.455022501199298e-05,1.727511250599649e-05,1.727511250599649e-05,0.0,0.0,,,,,fractional_return,R,False
ETHUSD,2024-08-07 15:30:00,2024-08-07 16:00:00,2024-08-08 03:00:00,long,0.5,2412.95,2448.1140360093545,2412.95,2448.1140360093545,4121.617231905274,2276.256621447578,4121.617231905274,0.035304563038137705,0.0005144950893999488,3.7069791190044585e-05,0.0004774252982099042,0.2387126491049521,23,r_trailing_stop,0.3822423628220008,-0.7608269039902026,False,False,2448.1140360093545,True,1.0,0.5,34.171927981290125,2448.1140360093545,adverse_first,volatility_stop,0.002,,3.706979119004461e-05,0.2387126491049521,0.3822423628220008,-0.7608269039902026,3.706979119004461e-05,1.8534895595022306e-05,1.8534895595022306e-05,0.0,0.0,,,,,fractional_return,R,False
ETHUSD,2024-08-15 21:00:00,2024-08-15 21:30:00,2024-08-15 22:00:00,long,0.5,2549.05,2562.6503447813125,2549.05,2562.6503447813125,3609.0571599287914,2464.249427205697,3609.0571599287914,0.06011869769283538,0.00032076068198978047,6.312463257747715e-05,0.00025763604941230335,0.12881802470615167,2,r_trailing_stop,0.3472853900578633,-0.08136737492018006,False,False,2562.6503447813125,True,1.0,0.5,21.199310437374695,2562.6503447813125,adverse_first,volatility_stop,0.002,,6.312463257747712e-05,0.12881802470615167,0.3472853900578633,-0.08136737492018006,6.312463257747712e-05,3.156231628873856e-05,3.156231628873856e-05,0.0,0.0,,,,,fractional_return,R,False
ETHUSD,2024-08-16 02:00:00,2024-08-16 02:30:00,2024-08-16 03:00:00,long,0.5,2578.6000000000004,2594.4,2578.6000000000004,2594.4,3602.8478915862743,2496.6601686730983,3602.8478915862743,0.06293886521959223,0.00038564882900392913,6.608580848057184e-05,0.0003195630205233573,0.15978151026167864,2,r_trailing_stop,0.37405495598008115,-0.014034688397301877,False,False,2599.0081166826963,True,1.0,0.5,20.483766634607207,2599.0081166826963,adverse_first,volatility_stop,0.002,,6.608580848057184e-05,0.15978151026167864,0.37405495598008115,-0.014034688397301877,6.608580848057184e-05,3.304290424028592e-05,3.304290424028592e-05,0.0,0.0,,,,,fractional_return,R,False
ETHUSD,2024-08-21 09:00:00,2024-08-21 09:30:00,2024-08-21 11:00:00,long,0.5,2574.75,2583.0572157904226,2574.75,2583.0572157904226,3223.9780061356723,2522.811759509146,3223.9780061356723,0.0991466008731431,0.0003198882253966753,0.00010410393091680025,0.00021578429447987503,0.10789214723993751,4,r_trailing_stop,0.32057304680800885,-0.09626818222462676,False,False,2583.0572157904226,True,1.0,0.5,12.985568419155525,2583.0572157904226,adverse_first,volatility_stop,0.002,,0.00010410393091680025,0.10789214723993751,0.32057304680800885,-0.09626818222462676,0.00010410393091680025,5.205196545840012e-05,5.205196545840012e-05,0.0,0.0,,,,,fractional_return,R,False
ETHUSD,2024-08-21 11:00:00,2024-08-21 11:30:00,2024-08-21 14:00:00,long,0.5,2580.75,2593.5741878378453,2580.75,2593.5741878378453,3218.35591140599,2529.741527087521,3218.35591140599,0.10118907125206726,0.0005028257897408256,0.00010624852481467062,0.00039657726492615497,0.19828863246307749,6,r_trailing_stop,0.6802791383215568,-0.8606413306143103,False,False,2593.5741878378453,True,1.0,0.5,12.75162432430941,2593.5741878378453,adverse_first,volatility_stop,0.002,,0.00010624852481467065,0.19828863246307749,0.6802791383215568,-0.8606413306143103,0.00010624852481467065,5.3124262407335324e-05,5.3124262407335324e-05,0.0,0.0,,,,,fractional_return,R,False
ETHUSD,2024-08-23 15:30:00,2024-08-23 16:00:00,2024-08-23 17:30:00,long,0.5,2671.1000000000004,2678.45,2671.1000000000004,2678.45,3330.4815102614466,2618.3494791790845,3330.4815102614466,0.10127293374289882,0.00027867023436420763,0.00010633658043004376,0.00017233365393416386,0.08616682696708193,4,r_trailing_stop,1.1326902383171984,-0.14881369658226756,False,False,2681.9563084825672,True,1.0,0.5,13.187383034866265,2681.9563084825672,adverse_first,volatility_stop,0.002,,0.00010633658043004377,0.08616682696708193,1.1326902383171984,-0.14881369658226756,0.00010633658043004377,5.3168290215021885e-05,5.3168290215021885e-05,0.0,0.0,,,,,fractional_return,R,False
ETHUSD,2024-08-24 21:00:00,2024-08-24 21:30:00,2024-08-25 09:00:00,long,0.5,2772.6000000000004,2749.35,2772.6000000000004,2749.35,3514.94654721804,2713.212276222557,3514.94654721804,0.09337283275548262,-0.0007829901037167311,9.804147439325675e-05,-0.0008810315781099878,-0.4405157890549939,24,max_holding_close,0.16501726917040038,-0.6659625505805661,False,False,2713.212276222557,False,1.0,0.5,14.847733859872832,,adverse_first,volatility_stop,0.002,,9.804147439325677e-05,-0.4405157890549939,0.16501726917040038,-0.6659625505805661,9.804147439325677e-05,4.902073719662838e-05,4.902073719662838e-05,0.0,0.0,,,,,fractional_return,R,False
ETHUSD,2024-08-29 11:00:00,2024-08-29 11:30:00,2024-08-29 19:00:00,short,-0.5,2554.75,2520.35,2554.75,2520.35,1636.8894428494386,2628.178844572045,1636.8894428494386,0.06958437150657873,0.0009369614951859535,7.306359008190765e-05,0.0008638979051040458,0.4319489525520229,16,r_trailing_stop,0.5978576982363857,-0.5665348575542947,False,False,2520.0289650932377,True,1.0,0.5,18.357930186475766,2520.0289650932377,adverse_first,volatility_stop,0.002,,7.306359008190765e-05,0.4319489525520229,0.5978576982363857,-0.5665348575542947,7.306359008190765e-05,3.653179504095383e-05,3.653179504095383e-05,0.0,0.0,,,,,fractional_return,R,False
ETHUSD,2024-08-30 07:30:00,2024-08-30 08:00:00,2024-08-30 13:00:00,long,0.5,2517.45,2524.2,2517.45,2524.2,3320.9736992931457,2453.168104056548,3320.9736992931457,0.07832531891139562,0.00021001247399229703,8.224158485696539e-05,0.00012777088913533164,0.06388544456766582,11,r_trailing_stop,0.5118081773590186,-0.15478697157210114,False,False,2542.315082414543,True,1.0,0.5,16.06983517091305,2542.315082414543,adverse_first,volatility_stop,0.002,,8.224158485696539e-05,0.06388544456766582,0.5118081773590186,-0.15478697157210114,8.224158485696539e-05,4.1120792428482695e-05,4.1120792428482695e-05,0.0,0.0,,,,,fractional_return,R,False
ETHUSD,2024-09-02 05:30:00,2024-09-02 06:00:00,2024-09-02 09:00:00,long,0.5,2454.25,2468.45,2454.25,2468.45,3186.967373938067,2395.6326100849546,3186.967373938067,0.08373794887684231,0.00048449786046700073,8.792484632068443e-05,0.0003965730141463163,0.19828650707315815,7,r_trailing_stop,0.3710502980689254,-0.35825546020447974,False,False,2468.6731248953147,True,1.0,0.5,14.653750209370607,2468.6731248953147,adverse_first,volatility_stop,0.002,,8.792484632068445e-05,0.19828650707315815,0.3710502980689254,-0.35825546020447974,8.792484632068445e-05,4.3962423160342226e-05,4.3962423160342226e-05,0.0,0.0,,,,,fractional_return,R,False
ETHUSD,2024-09-03 15:30:00,2024-09-03 16:00:00,2024-09-04 00:00:00,short,-0.5,2443.95,2425.15,2443.95,2425.15,1800.0847912147174,2495.4592167028222,1800.0847912147174,0.09489369695136819,0.0007299664488576624,9.963838179893659e-05,0.0006303280670587257,0.31516403352936284,17,r_trailing_stop,0.546504136578283,-0.49117423287498535,False,False,2422.2385205358655,True,1.0,0.5,12.877041071730611,2422.2385205358655,adverse_first,volatility_stop,0.002,,9.963838179893663e-05,0.31516403352936284,0.546504136578283,-0.49117423287498535,9.963838179893663e-05,4.981919089946832e-05,4.981919089946832e-05,0.0,0.0,,,,,fractional_return,R,False
ETHUSD,2024-09-05 04:00:00,2024-09-05 04:30:00,2024-09-05 06:30:00,short,-0.5,2414.55,2393.15,2414.55,2393.15,1654.7751094020905,2475.331991247833,1654.7751094020905,0.07944951951820409,0.0007041559370025751,8.342199549411429e-05,0.0006207339415084608,0.31036697075423036,5,r_trailing_stop,0.6169590569531925,-0.06416374192312604,False,False,2384.6468049007663,True,1.0,0.5,15.193609801532538,2384.6468049007663,adverse_first,volatility_stop,0.002,,8.34219954941143e-05,0.31036697075423036,0.6169590569531925,-0.06416374192312604,8.34219954941143e-05,4.171099774705715e-05,4.171099774705715e-05,0.0,0.0,,,,,fractional_return,R,False
ETHUSD,2024-09-05 17:00:00,2024-09-05 17:30:00,2024-09-05 19:00:00,long,0.5,2378.65,2387.988420620101,2378.65,2387.988420620101,3159.8736143485644,2316.152110852115,3159.8736143485644,0.0761193708277583,0.00029883955274085235,7.99253393691462e-05,0.00021891421337170614,0.10945710668585307,4,r_trailing_stop,0.2744092677981345,-0.29040980819452716,False,False,2387.988420620101,True,1.0,0.5,15.623158759799002,2387.988420620101,adverse_first,volatility_stop,0.002,,7.99253393691462e-05,0.10945710668585307,0.2744092677981345,-0.29040980819452716,7.99253393691462e-05,3.99626696845731e-05,3.99626696845731e-05,0.0,0.0,,,,,fractional_return,R,False
ETHUSD,2024-09-05 19:00:00,2024-09-05 19:30:00,2024-09-06 02:00:00,long,0.5,2375.55,2391.5,2375.55,2391.5,3156.509906203207,2313.0732075037436,3156.509906203207,0.0760458373448777,0.0005105895921579427,7.984812921212158e-05,0.0004307414629458211,0.21537073147291055,14,r_trailing_stop,0.5073884034923715,-0.4385628471826846,False,False,2392.4907297430937,True,1.0,0.5,15.618540513813313,2392.4907297430937,adverse_first,volatility_stop,0.002,,7.984812921212156e-05,0.21537073147291055,0.5073884034923715,-0.4385628471826846,7.984812921212156e-05,3.992406460606078e-05,3.992406460606078e-05,0.0,0.0,,,,,fractional_return,R,False
ETHUSD,2024-09-16 01:30:00,2024-09-16 02:00:00,2024-09-16 05:30:00,long,0.5,2277.45,2286.05,2277.45,2286.05,2862.638207484316,2230.6349434012545,2862.638207484316,0.09729562091615795,0.00036740316576828113,0.00010216040196196584,0.0002652427638063153,0.13262138190315764,8,r_trailing_stop,0.3844916851063345,-0.5276080345625773,False,False,2289.598632085084,True,1.0,0.5,11.702735829831624,2289.598632085084,adverse_first,volatility_stop,0.002,,0.00010216040196196584,0.13262138190315764,0.3844916851063345,-0.5276080345625773,0.00010216040196196584,5.108020098098292e-05,5.108020098098292e-05,0.0,0.0,,,,,fractional_return,R,False
ETHUSD,2024-09-16 06:00:00,2024-09-16 06:30:00,2024-09-16 08:30:00,long,0.5,2295.55,2329.8244332994313,2295.55,2329.8244332994313,2883.0810682214333,2248.5475145422856,2883.0810682214333,0.09767781331756042,0.0014584093996589215,0.00010256170398343843,0.001355847695675483,0.6779238478377415,5,r_trailing_stop,0.8542101467404376,-0.11701508859458155,False,False,2329.8244332994313,True,1.0,0.5,11.751133401136665,2329.8244332994313,adverse_first,volatility_stop,0.002,,0.00010256170398343853,0.6779238478377415,0.8542101467404376,-0.11701508859458155,0.00010256170398343853,5.1280851991719265e-05,5.1280851991719265e-05,0.0,0.0,,,,,fractional_return,R,False
ETHUSD,2024-09-16 08:30:00,2024-09-16 09:00:00,2024-09-16 20:30:00,long,0.5,2315.75,2274.25,2315.75,2274.25,2920.211667634314,2267.393066589255,2920.211667634314,0.09577737199875584,-0.0017164032982611935,0.00010056624059869362,-0.0018169695388598871,-0.9084847694299436,24,max_holding_close,0.08271823124150349,-0.9740071728687016,False,False,2267.393066589255,False,1.0,0.5,12.089755311391473,,adverse_first,volatility_stop,0.002,,0.0001005662405986936,-0.9084847694299436,0.08271823124150349,-0.9740071728687016,0.0001005662405986936,5.02831202993468e-05,5.02831202993468e-05,0.0,0.0,,,,,fractional_return,R,False
