timestamp,asset,event_type,side,position_before,position_after,price,signal,target,target_hit_type,target_hit_step,target_exit_timestamp,take_profit,stop_loss,upper_barrier,lower_barrier,trade_r,target_entry_price,target_exit_price,target_lookup_timestamp
2022-03-18 00:30:00,ETHUSD,entry,long,0.0,0.0763041427051476,2776.5,1.0,1.6139273530507945,max_holding_close,23.0,2022-03-18 12:00:00,3729.5956365957854,2735.568349072337,3729.5956365957854,2735.568349072337,-0.1093233670382856,,,2022-03-18 00:30:00
2022-03-18 12:00:00,ETHUSD,exit,long,0.0763041427051476,0.0,2804.1,0.0,4.0,,,,,,,,,,,2022-03-18 12:00:00
2022-03-24 06:00:00,ETHUSD,entry,short,0.0,-0.07601446179510607,3057.7,0.0,1.8959260340893567,r_trailing_stop,14.0,2022-03-24 13:00:00,3129.786047930457,2046.5994008692915,2046.5994008692915,3129.786047930457,0.32614556533332434,,,2022-03-24 06:00:00
2022-03-24 13:00:00,ETHUSD,exit,short,-0.07601446179510607,0.0,3014.2,0.0,4.0,,,,,,,,,,,2022-03-24 13:00:00
2022-03-25 02:30:00,ETHUSD,entry,short,0.0,-0.08017195748371256,3123.8500000000004,0.0,2.62063441178568,r_trailing_stop,12.0,2022-03-25 08:30:00,3210.849520064704,2155.8309991911983,2155.8309991911983,3210.849520064704,0.0877889588358218,,,2022-03-25 02:30:00
2022-03-25 08:30:00,ETHUSD,exit,short,-0.08017195748371256,0.0,3127.3,0.0,-0.02187954737650694,,,,,,,,,,,2022-03-25 08:30:00
2022-03-25 17:30:00,ETHUSD,entry,short,0.0,-0.07801087387229383,3104.2,0.0,0.9139251983500878,max_holding_close,23.0,2022-03-26 06:00:00,3175.1684225372974,2103.6947182837876,2103.6947182837876,3175.1684225372974,-0.45988806168910995,,,2022-03-25 17:30:00
2022-03-26 06:00:00,ETHUSD,exit,short,-0.07801087387229383,0.0,3129.05,0.0,1.7404078278424209,,,,,,,,,,,2022-03-26 06:00:00
2022-03-28 14:00:00,ETHUSD,entry,long,0.0,0.1019186793326803,3375.6,1.0,1.40108227087106,r_trailing_stop,2.0,2022-03-28 15:00:00,4209.5904933750635,3314.064760529995,4209.5904933750635,3314.064760529995,0.08229292031178695,,,2022-03-28 14:00:00
2022-03-28 15:00:00,ETHUSD,exit,long,0.1019186793326803,0.0,3387.05,1.0,-0.5766573494815069,,,,,,,,,,,2022-03-28 15:00:00
2022-03-28 15:30:00,ETHUSD,entry,long,0.0,0.09914554806552751,3358.2,1.0,0.7897994430212905,r_trailing_stop,7.0,2022-03-28 19:00:00,4241.297855649888,3318.8721715480087,4241.297855649888,3318.8721715480087,0.371047055883779,,,2022-03-28 15:30:00
2022-03-28 19:00:00,ETHUSD,exit,long,0.09914554806552751,0.0,3426.5,1.0,-0.8971934612022658,,,,,,,,,,,2022-03-28 19:00:00
2022-03-28 19:30:00,ETHUSD,entry,long,0.0,0.09231932006378271,3412.2,1.0,-1.253534840140597,stop_loss,7.0,2022-03-28 23:00:00,4354.329992409143,3352.219600607268,4354.329992409143,3352.219600607268,-1.048467643033486,,,2022-03-28 19:30:00
2022-03-28 23:00:00,ETHUSD,exit,long,0.09231932006378271,0.0,3350.3,0.0,4.0,,,,,,,,,,,2022-03-28 23:00:00
2022-03-29 02:00:00,ETHUSD,entry,short,0.0,-0.08393553639183338,3399.0,-1.0,2.43897602931677,r_trailing_stop,3.0,2022-03-29 03:30:00,3471.5441462164745,2380.823172294069,2380.823172294069,3471.5441462164745,0.1001328279968884,,,2022-03-29 02:00:00
2022-03-29 03:30:00,ETHUSD,exit,short,-0.08393553639183338,0.0,3371.9,0.0,1.6219690187838574,,,,,,,,,,,2022-03-29 03:30:00
2022-03-29 04:30:00,ETHUSD,entry,short,0.0,-0.08453027998058958,3391.1,0.0,1.4406996323269912,stop_loss,14.0,2022-03-29 11:30:00,3470.515042486042,2387.611968924478,2387.611968924478,3470.515042486042,-1.0443783969898095,,,2022-03-29 04:30:00
2022-03-29 11:30:00,ETHUSD,exit,short,-0.08453027998058958,0.0,3466.55,0.0,-3.1959723915843443,,,,,,,,,,,2022-03-29 11:30:00
2022-03-30 11:30:00,ETHUSD,entry,short,0.0,-0.08044994952312579,3409.5,0.0,-1.0937078500278856,r_trailing_stop,2.0,2022-03-30 12:30:00,3498.1039997907355,2352.5750026158057,2352.5750026158057,3498.1039997907355,0.10852973972328886,,,2022-03-30 11:30:00
2022-03-30 12:30:00,ETHUSD,exit,short,-0.08044994952312579,0.0,3401.4,0.0,-0.045208543009446406,,,,,,,,,,,2022-03-30 12:30:00
2022-04-03 07:30:00,ETHUSD,entry,short,0.0,-0.07855277034228639,3490.45,0.0,-0.09101941701233472,max_holding_close,23.0,2022-04-03 19:00:00,3572.909793042764,2375.327586965449,2375.327586965449,3572.909793042764,-0.22103997008027548,,,2022-04-03 07:30:00
2022-04-03 19:00:00,ETHUSD,exit,short,-0.07855277034228639,0.0,3500.15,0.0,0.0349010433168315,,,,,,,,,,,2022-04-03 19:00:00
2022-04-04 01:30:00,ETHUSD,entry,short,0.0,-0.07904428994792644,3486.75,0.0,-0.22602121248786325,r_trailing_stop,17.0,2022-04-04 10:00:00,3576.10052391002,2384.718451124756,2384.718451124756,3576.10052391002,0.1150882734595621,,,2022-04-04 01:30:00
2022-04-04 10:00:00,ETHUSD,exit,short,-0.07904428994792644,0.0,3474.0,0.0,1.333260634293711,,,,,,,,,,,2022-04-04 10:00:00
2022-04-04 16:00:00,ETHUSD,entry,long,0.0,0.08142534870979179,3448.3,1.0,3.3331710074411673,r_trailing_stop,1.0,2022-04-04 16:30:00,4476.903463655384,3341.1177229075693,4476.903463655384,3341.1177229075693,0.1603083437713345,,,2022-04-04 16:00:00
2022-04-04 16:30:00,ETHUSD,exit,long,0.08142534870979179,0.0,3451.1,0.0,3.4621878854510033,,,,,,,,,,,2022-04-04 16:30:00
2022-04-04 18:00:00,ETHUSD,entry,long,0.0,0.08015521183046934,3433.25,1.0,3.988346243995192,r_trailing_stop,4.0,2022-04-04 20:00:00,4510.688158387039,3352.5089473290373,4510.688158387039,3352.5089473290373,0.5532697139132425,,,2022-04-04 18:00:00
2022-04-04 20:00:00,ETHUSD,exit,long,0.08015521183046934,0.0,3504.1,0.0,0.8405112603694558,,,,,,,,,,,2022-04-04 20:00:00
2022-04-05 00:00:00,ETHUSD,entry,short,0.0,-0.07884420845869872,3512.7,0.0,1.659355173454854,max_holding_close,23.0,2022-04-05 11:30:00,3609.3925445968284,2403.9431925396434,2403.9431925396434,3609.3925445968284,-0.08003025372685084,,,2022-04-05 00:00:00
2022-04-05 11:30:00,ETHUSD,exit,short,-0.07884420845869872,0.0,3523.55,0.0,-4.0,,,,,,,,,,,2022-04-05 11:30:00
2022-04-07 12:00:00,ETHUSD,entry,short,0.0,-0.06397293472941462,3255.6,0.0,-1.0415912319673497,r_trailing_stop,3.0,2022-04-07 13:30:00,3352.8429842948913,1980.6626963138579,1980.6626963138579,3352.8429842948913,0.30528891603577535,,,2022-04-07 12:00:00
2022-04-07 13:30:00,ETHUSD,exit,short,-0.06397293472941462,0.0,3229.3,0.0,0.7749608683083503,,,,,,,,,,,2022-04-07 13:30:00
2022-04-07 17:00:00,ETHUSD,entry,short,0.0,-0.0612950933524958,3228.55,0.0,1.461328122373294,max_holding_close,23.0,2022-04-08 04:30:00,3326.2530294211583,1907.3621322355234,1907.3621322355234,3326.2530294211583,-0.3889726844711683,,,2022-04-07 17:00:00
2022-04-08 04:30:00,ETHUSD,exit,short,-0.0612950933524958,0.0,3258.65,0.0,0.36711319964967754,,,,,,,,,,,2022-04-08 04:30:00
2022-04-08 08:00:00,ETHUSD,entry,short,0.0,-0.07123649342482989,3293.5,0.0,-2.4987553732579064,r_trailing_stop,8.0,2022-04-08 12:00:00,3378.5131039796397,2132.9612002545036,2132.9612002545036,3378.5131039796397,0.17359456927510736,,,2022-04-08 08:00:00
2022-04-08 12:00:00,ETHUSD,exit,short,-0.07123649342482989,0.0,3266.0,0.0,-2.231978929665559,,,,,,,,,,,2022-04-08 12:00:00
2022-04-08 13:00:00,ETHUSD,entry,short,0.0,-0.07133528810673741,3219.8,-1.0,-0.1123057837163868,r_trailing_stop,2.0,2022-04-08 14:00:00,3327.8573260279372,2102.6334246507845,2102.6334246507845,3327.8573260279372,0.07052923747477059,,,2022-04-08 13:00:00
2022-04-08 14:00:00,ETHUSD,exit,short,-0.07133528810673741,0.0,3284.3,-1.0,-4.0,,,,,,,,,,,2022-04-08 14:00:00
2022-04-08 14:30:00,ETHUSD,entry,short,0.0,-0.069683282381135,3292.95,-1.0,-3.7697501784028775,r_trailing_stop,6.0,2022-04-08 17:30:00,3378.666512361914,2106.068595476076,2106.068595476076,3378.666512361914,0.36617908275240724,,,2022-04-08 14:30:00
2022-04-08 17:30:00,ETHUSD,exit,short,-0.069683282381135,0.0,3245.8,0.0,-1.510594421538824,,,,,,,,,,,2022-04-08 17:30:00
2022-04-11 19:00:00,ETHUSD,entry,short,0.0,-0.07386012742353347,2996.1,0.0,1.1280863428563608,r_trailing_stop,1.0,2022-04-11 19:30:00,3119.236522084102,2009.0434739487246,2009.0434739487246,3119.236522084102,0.3366052653330487,,,2022-04-11 19:00:00
2022-04-11 19:30:00,ETHUSD,exit,short,-0.07386012742353347,0.0,3005.25,0.0,0.9720548122715447,,,,,,,,,,,2022-04-11 19:30:00
2022-04-12 07:30:00,ETHUSD,entry,short,0.0,-0.0694685050529139,3025.8,0.0,-2.439468712493193,max_holding_close,23.0,2022-04-12 19:00:00,3106.842996619828,1933.1125422521495,1933.1125422521495,3106.842996619828,0.4638568552720294,,,2022-04-12 07:30:00
2022-04-12 19:00:00,ETHUSD,exit,short,-0.0694685050529139,0.0,2976.4,1.0,3.6986741022605307,,,,,,,,,,,2022-04-12 19:00:00
2022-04-12 19:30:00,ETHUSD,entry,long,0.0,0.06720838701960347,2973.15,0.0,3.5349165380616006,r_trailing_stop,5.0,2022-04-12 22:00:00,4083.6220852085853,2887.876233183313,4083.6220852085853,2887.876233183313,0.2597066068924666,,,2022-04-12 19:30:00
2022-04-12 22:00:00,ETHUSD,exit,long,0.06720838701960347,0.0,2998.65,0.0,1.8058856184306866,,,,,,,,,,,2022-04-12 22:00:00
2022-04-13 03:30:00,ETHUSD,entry,short,0.0,-0.06983635787498654,3049.3,0.0,2.0772778073098173,r_trailing_stop,15.0,2022-04-13 11:00:00,3148.147755213082,1964.903059836477,1964.903059836477,3148.147755213082,0.1777709126189977,,,2022-04-13 03:30:00
2022-04-13 11:00:00,ETHUSD,exit,short,-0.06983635787498654,0.0,3044.0,0.0,3.832090467978126,,,,,,,,,,,2022-04-13 11:00:00
2022-04-14 02:00:00,ETHUSD,entry,short,0.0,-0.08032631276637399,3134.7,0.0,-4.0,r_trailing_stop,4.0,2022-04-14 04:00:00,3218.5910657130185,2163.011678587273,2163.011678587273,3218.5910657130185,0.17622626022643842,,,2022-04-14 02:00:00
2022-04-14 04:00:00,ETHUSD,exit,short,-0.08032631276637399,0.0,3121.1,0.0,-4.0,,,,,,,,,,,2022-04-14 04:00:00
2022-04-18 12:30:00,ETHUSD,entry,short,0.0,-0.10036487046687335,2942.3,0.0,4.0,r_trailing_stop,3.0,2022-04-18 14:00:00,2994.7105124201626,2204.818594747968,2204.818594747968,2994.7105124201626,0.14447703148435184,,,2022-04-18 12:30:00
2022-04-18 14:00:00,ETHUSD,exit,short,-0.10036487046687335,0.0,2935.4,-1.0,4.0,,,,,,,,,,,2022-04-18 14:00:00
2022-04-18 14:30:00,ETHUSD,entry,short,0.0,-0.0960690718399924,2929.0,-1.0,4.0,r_trailing_stop,2.0,2022-04-18 15:30:00,2996.5612388988025,2171.559513764968,2171.559513764968,2996.5612388988025,0.24592862578096183,,,2022-04-18 14:30:00
2022-04-18 15:30:00,ETHUSD,exit,short,-0.0960690718399924,0.0,2914.95,0.0,4.0,,,,,,,,,,,2022-04-18 15:30:00
2022-04-19 15:30:00,ETHUSD,entry,long,0.0,0.09257998424037404,3111.45,0.0,-1.1176824362009135,max_holding_close,23.0,2022-04-20 03:00:00,3962.0067106936126,3052.2074631445107,3962.0067106936126,3052.2074631445107,-0.6065297718002509,,,2022-04-19 15:30:00
2022-04-20 03:00:00,ETHUSD,exit,long,0.09257998424037404,0.0,3082.0,0.0,-1.2914960417191663,,,,,,,,,,,2022-04-20 03:00:00
2022-04-20 04:00:00,ETHUSD,entry,long,0.0,0.09690892901076958,3084.65,0.0,-0.8304536629811466,r_trailing_stop,5.0,2022-04-20 06:30:00,3890.6624961525204,3028.9710003077985,3890.6624961525204,3028.9710003077985,0.015706967128339328,,,2022-04-20 04:00:00
2022-04-20 06:30:00,ETHUSD,exit,long,0.09690892901076958,0.0,3101.45,0.0,-3.3898681681644867,,,,,,,,,,,2022-04-20 06:30:00
2022-04-20 07:30:00,ETHUSD,entry,long,0.0,0.10029173080793953,3090.4,0.0,-1.3112904189443937,r_trailing_stop,4.0,2022-04-20 09:30:00,3862.8764077582396,3030.4378873793407,3862.8764077582396,3030.4378873793407,0.1483128152787102,,,2022-04-20 07:30:00
2022-04-20 09:30:00,ETHUSD,exit,long,0.10029173080793953,0.0,3107.4,1.0,-1.4742129719409183,,,,,,,,,,,2022-04-20 09:30:00
2022-04-20 10:00:00,ETHUSD,entry,long,0.0,0.10294312922843021,3119.3,1.0,-1.9286288407476309,r_trailing_stop,2.0,2022-04-20 11:00:00,3862.1021130867766,3047.077830953058,3862.1021130867766,3047.077830953058,0.2714955961008363,,,2022-04-20 10:00:00
2022-04-20 11:00:00,ETHUSD,exit,long,0.10294312922843021,0.0,3126.6,0.0,-2.816158976878124,,,,,,,,,,,2022-04-20 11:00:00
2022-04-20 12:00:00,ETHUSD,entry,long,0.0,0.09966175762447257,3148.8,1.0,-4.0,stop_loss,6.0,2022-04-20 15:00:00,3946.051686744019,3091.3918650604783,3946.051686744019,3091.3918650604783,-1.0523224227528483,,,2022-04-20 12:00:00
2022-04-20 15:00:00,ETHUSD,exit,long,0.09966175762447257,0.0,3061.4,0.0,1.8537690233092097,,,,,,,,,,,2022-04-20 15:00:00
2022-04-20 22:30:00,ETHUSD,entry,long,0.0,0.08891564191040366,3086.3,0.0,2.5235784733648363,r_trailing_stop,20.0,2022-04-21 08:30:00,3958.224491242273,3020.0560407006183,3958.224491242273,3020.0560407006183,0.10657001809458584,,,2022-04-20 22:30:00
2022-04-21 08:30:00,ETHUSD,exit,long,0.08891564191040366,0.0,3102.4,0.0,-4.0,,,,,,,,,,,2022-04-21 08:30:00
2022-04-21 10:00:00,ETHUSD,entry,long,0.0,0.09812802956319604,3118.1,1.0,-4.0,r_trailing_stop,1.0,2022-04-21 10:30:00,3876.9858870889993,3026.8251290328803,3876.9858870889993,3026.8251290328803,0.3970744142223988,,,2022-04-21 10:00:00
2022-04-21 10:30:00,ETHUSD,exit,long,0.09812802956319604,0.0,3129.8,1.0,-4.0,,,,,,,,,,,2022-04-21 10:30:00
2022-04-21 11:00:00,ETHUSD,entry,long,0.0,0.09515188474389304,3142.55,0.0,-4.0,r_trailing_stop,2.0,2022-04-21 12:00:00,3951.9905958257614,3063.916752333939,3951.9905958257614,3063.916752333939,0.28108442909613945,,,2022-04-21 11:00:00
2022-04-21 12:00:00,ETHUSD,exit,long,0.09515188474389304,0.0,3151.05,0.0,-4.0,,,,,,,,,,,2022-04-21 12:00:00
2022-04-25 01:00:00,ETHUSD,entry,long,0.0,0.09533275036746117,2856.05,0.0,0.24532415910943095,r_trailing_stop,6.0,2022-04-25 04:00:00,3605.965420327336,2796.8667663738133,3605.965420327336,2796.8667663738133,0.2087063074082724,,,2022-04-25 01:00:00
2022-04-25 04:00:00,ETHUSD,exit,long,0.09533275036746117,0.0,2866.6,0.0,2.906630751535215,,,,,,,,,,,2022-04-25 04:00:00
2022-04-28 01:30:00,ETHUSD,entry,short,0.0,-0.06794296152067346,2877.2,0.0,-0.33697330376296425,r_trailing_stop,1.0,2022-04-28 02:00:00,2980.1155965888875,1829.7050426389092,1829.7050426389092,2980.1155965888875,0.123313361510602,,,2022-04-28 01:30:00
2022-04-28 02:00:00,ETHUSD,exit,short,-0.06794296152067346,0.0,2889.7,0.0,-1.2546453800931698,,,,,,,,,,,2022-04-28 02:00:00
2022-04-28 08:30:00,ETHUSD,entry,short,0.0,-0.07250972356888183,2931.9,0.0,0.8352096881194694,r_trailing_stop,10.0,2022-04-28 13:30:00,3011.5874340916052,1920.2820738549344,1920.2820738549344,3011.5874340916052,0.24336141691121344,,,2022-04-28 08:30:00
2022-04-28 13:30:00,ETHUSD,exit,short,-0.07250972356888183,0.0,2870.0,0.0,3.05418314214378,,,,,,,,,,,2022-04-28 13:30:00
2022-04-29 19:00:00,ETHUSD,entry,long,0.0,0.06653204777877,2788.0,0.0,1.8367892203871972,r_trailing_stop,15.0,2022-04-30 02:30:00,3873.999101865664,2731.252071850747,3873.999101865664,2731.252071850747,0.10173610286537375,,,2022-04-29 19:00:00
2022-04-30 02:30:00,ETHUSD,exit,long,0.06653204777877,0.0,2825.45,0.0,-2.226508981685026,,,,,,,,,,,2022-04-30 02:30:00
2022-05-01 21:00:00,ETHUSD,entry,short,0.0,-0.08035695328117806,2804.7,0.0,2.042946645179752,r_trailing_stop,1.0,2022-05-01 21:30:00,2883.166342958063,1937.945713024214,1937.945713024214,2883.166342958063,0.07707047057901771,,,2022-05-01 21:00:00
2022-05-01 21:30:00,ETHUSD,exit,short,-0.08035695328117806,0.0,2808.9,0.0,0.036837354438965554,,,,,,,,,,,2022-05-01 21:30:00
2022-05-01 23:00:00,ETHUSD,entry,short,0.0,-0.07827931775054549,2839.5,0.0,-1.858037493402357,max_holding_close,23.0,2022-05-02 10:30:00,2879.332868417353,1910.9391447830947,1910.9391447830947,2879.332868417353,-0.018791664542910928,,,2022-05-01 23:00:00
2022-05-02 10:30:00,ETHUSD,exit,short,-0.07827931775054549,0.0,2806.0,0.0,3.309264045983196,,,,,,,,,,,2022-05-02 10:30:00
2022-05-02 13:00:00,ETHUSD,entry,long,0.0,0.08259846034528304,2817.8,0.0,0.8153195492020717,r_trailing_stop,1.0,2022-05-02 13:30:00,3640.8298116201536,2727.225615070388,3640.8298116201536,2727.225615070388,0.24980799954245747,,,2022-05-02 13:00:00
2022-05-02 13:30:00,ETHUSD,exit,long,0.08259846034528304,0.0,2829.95,0.0,0.8128162918329112,,,,,,,,,,,2022-05-02 13:30:00
2022-05-06 08:00:00,ETHUSD,entry,long,0.0,0.07496176477569594,2727.05,1.0,-2.7390101563709894,stop_loss,11.0,2022-05-06 13:30:00,3640.397482182644,2657.1142014253883,3640.397482182644,2657.1142014253883,-1.0393549265072404,,,2022-05-06 08:00:00
2022-05-06 13:30:00,ETHUSD,exit,long,0.07496176477569594,0.0,2664.9,0.0,1.0658186959475942,,,,,,,,,,,2022-05-06 13:30:00
2022-05-07 21:30:00,ETHUSD,entry,long,0.0,0.08187730975838556,2620.0,1.0,-4.0,stop_loss,9.0,2022-05-08 02:00:00,3461.4218150074594,2586.9762547994033,3461.4218150074594,2586.9762547994033,-1.0429855876231524,,,2022-05-07 21:30:00
2022-05-08 02:00:00,ETHUSD,exit,long,0.08187730975838556,0.0,2562.1,1.0,-1.8788282435637926,,,,,,,,,,,2022-05-08 02:00:00
2022-05-08 02:30:00,ETHUSD,entry,long,0.0,0.06818336998911916,2549.25,1.0,-1.259375665675503,max_holding_close,23.0,2022-05-08 14:00:00,3501.856950305076,2487.189443975594,3501.856950305076,2487.189443975594,-0.5087837227758442,,,2022-05-08 02:30:00
2022-05-08 14:00:00,ETHUSD,exit,long,0.06818336998911916,0.0,2526.8,0.0,-3.787206088861243,,,,,,,,,,,2022-05-08 14:00:00
2022-05-08 22:30:00,ETHUSD,entry,short,0.0,-0.06552474993154557,2538.9,0.0,-4.0,r_trailing_stop,3.0,2022-05-09 00:00:00,2609.489879095927,1566.0765113009138,1566.0765113009138,2609.489879095927,0.13056289022622833,,,2022-05-08 22:30:00
2022-05-09 00:00:00,ETHUSD,exit,short,-0.06552474993154557,0.0,2519.05,0.0,-4.0,,,,,,,,,,,2022-05-09 00:00:00
2022-05-12 22:00:00,ETHUSD,entry,long,0.0,0.016884745446076748,1902.9,0.0,2.7674565656457277,r_trailing_stop,4.0,2022-05-13 00:00:00,4735.391781572066,1682.8346574742347,4735.391781572066,1682.8346574742347,0.1706293962941818,,,2022-05-12 22:00:00
2022-05-13 00:00:00,ETHUSD,exit,long,0.016884745446076748,0.0,1949.05,0.0,3.0686674560295635,,,,,,,,,,,2022-05-13 00:00:00
2022-05-13 01:00:00,ETHUSD,entry,long,0.0,0.018401606294656904,2008.4,0.0,1.6141392649024209,r_trailing_stop,6.0,2022-05-13 04:00:00,4736.022716939449,1789.758182644844,4736.022716939449,1789.758182644844,0.30750300087713517,,,2022-05-13 01:00:00
2022-05-13 04:00:00,ETHUSD,exit,long,0.018401606294656904,0.0,2079.3,0.0,-0.1578986127357396,,,,,,,,,,,2022-05-13 04:00:00
2022-05-13 05:30:00,ETHUSD,entry,short,0.0,-0.02059479770777341,2100.6,0.0,-1.007180269540919,r_trailing_stop,6.0,2022-05-13 08:30:00,2326.206368208677,-453.52960260845725,-453.52960260845725,2326.206368208677,0.2403325220636622,,,2022-05-13 05:30:00
2022-05-13 08:30:00,ETHUSD,exit,short,-0.02059479770777341,0.0,2064.2,0.0,-0.46432714376576184,,,,,,,,,,,2022-05-13 08:30:00
2022-05-13 11:00:00,ETHUSD,entry,short,0.0,-0.022417971292919336,2088.0,0.0,-1.1331934828085768,r_trailing_stop,15.0,2022-05-13 18:30:00,2280.8144064098597,-241.18008012324572,-241.18008012324572,2280.8144064098597,0.2253516843666279,,,2022-05-13 11:00:00
2022-05-13 18:30:00,ETHUSD,exit,short,-0.022417971292919336,0.0,2072.4,-1.0,-0.7877393011313697,,,,,,,,,,,2022-05-13 18:30:00
2022-05-13 19:00:00,ETHUSD,entry,short,0.0,-0.024113898146250878,2070.3,0.0,-0.6774035950750299,r_trailing_stop,10.0,2022-05-14 00:00:00,2244.392573107034,-76.1571638379246,-76.1571638379246,2244.392573107034,0.29953790022641613,,,2022-05-13 19:00:00
2022-05-14 00:00:00,ETHUSD,exit,short,-0.024113898146250878,0.0,2030.5,-1.0,-1.0266808579136757,,,,,,,,,,,2022-05-14 00:00:00
2022-05-14 00:30:00,ETHUSD,entry,short,0.0,-0.025704999210949268,2035.35,0.0,-1.3981539115399564,r_trailing_stop,23.0,2022-05-14 12:00:00,2188.2692715287208,55.6841058909893,55.6841058909893,2188.2692715287208,0.2615703734514076,,,2022-05-14 00:30:00
2022-05-14 12:00:00,ETHUSD,exit,short,-0.025704999210949268,0.0,1989.95,0.0,2.4054676130090327,,,,,,,,,,,2022-05-14 12:00:00
2022-05-18 20:30:00,ETHUSD,entry,long,0.0,0.050336492887440416,1964.3,1.0,-1.7293329277122083,max_holding_close,23.0,2022-05-19 08:00:00,2923.2715564191344,1875.5942754864693,2923.2715564191344,1875.5942754864693,-0.07152642456204683,,,2022-05-18 20:30:00
2022-05-19 08:00:00,ETHUSD,exit,long,0.050336492887440416,0.0,1949.7,0.0,2.68845334457339,,,,,,,,,,,2022-05-19 08:00:00
2022-05-19 09:00:00,ETHUSD,entry,long,0.0,0.05043277043278997,1921.0,0.0,4.0,r_trailing_stop,6.0,2022-05-19 12:00:00,2887.9157718636093,1854.2307382509111,2887.9157718636093,1854.2307382509111,0.3160798116072847,,,2022-05-19 09:00:00
2022-05-19 12:00:00,ETHUSD,exit,long,0.05043277043278997,0.0,1958.1,0.0,2.5061240493220014,,,,,,,,,,,2022-05-19 12:00:00
2022-05-19 16:00:00,ETHUSD,entry,long,0.0,0.049387676642493696,2020.5,0.0,0.11346304692135953,r_trailing_stop,20.0,2022-05-20 02:00:00,3043.727244901657,1938.9658204078673,3043.727244901657,1938.9658204078673,0.1292633475733762,,,2022-05-19 16:00:00
2022-05-20 02:00:00,ETHUSD,exit,long,0.049387676642493696,0.0,2020.5,0.0,-0.5709205309337979,,,,,,,,,,,2022-05-20 02:00:00
2022-05-20 15:30:00,ETHUSD,entry,long,0.0,0.05332381206554109,1958.6,1.0,0.3785902276511241,max_holding_close,23.0,2022-05-21 03:00:00,2886.6988666003567,1891.5880906719715,2886.6988666003567,1891.5880906719715,-0.24776952824169143,,,2022-05-20 15:30:00
2022-05-21 03:00:00,ETHUSD,exit,long,0.05332381206554109,0.0,1949.1,0.0,0.995965675704972,,,,,,,,,,,2022-05-21 03:00:00
2022-05-23 22:30:00,ETHUSD,entry,long,0.0,0.06792379673224429,1976.2,1.0,-0.14343652694535908,r_trailing_stop,5.0,2022-05-24 01:00:00,2692.477940678969,1910.1497647456824,2692.477940678969,1910.1497647456824,0.14304251673332272,,,2022-05-23 22:30:00
2022-05-24 01:00:00,ETHUSD,exit,long,0.06792379673224429,0.0,1975.9,0.0,-1.4613228802848073,,,,,,,,,,,2022-05-24 01:00:00
2022-05-24 14:00:00,ETHUSD,entry,long,0.0,0.07286476115920015,1926.5,1.0,4.0,r_trailing_stop,4.0,2022-05-24 16:00:00,2590.708249047026,1875.955340076238,2590.708249047026,1875.955340076238,0.5642619112676922,,,2022-05-24 14:00:00
2022-05-24 16:00:00,ETHUSD,exit,long,0.07286476115920015,0.0,1960.8,1.0,3.2335175285529254,,,,,,,,,,,2022-05-24 16:00:00
2022-05-24 16:30:00,ETHUSD,entry,long,0.0,0.07013585289145134,1956.7,1.0,3.3616776176966834,r_trailing_stop,10.0,2022-05-24 21:30:00,2659.5936183019544,1904.7885105358437,2659.5936183019544,1904.7885105358437,0.136858676362657,,,2022-05-24 16:30:00
2022-05-24 21:30:00,ETHUSD,exit,long,0.07013585289145134,0.0,1981.7,0.0,-0.6088854167454136,,,,,,,,,,,2022-05-24 21:30:00
2022-05-26 03:30:00,ETHUSD,entry,long,0.0,0.07033128063773453,1946.5,1.0,-4.0,stop_loss,9.0,2022-05-26 08:00:00,2623.900651106797,1880.7519479114562,2623.900651106797,1880.7519479114562,-1.0369239223348106,,,2022-05-26 03:30:00
2022-05-26 08:00:00,ETHUSD,exit,long,0.07033128063773453,0.0,1850.7,0.0,-1.312676462710415,,,,,,,,,,,2022-05-26 08:00:00
2022-05-28 06:00:00,ETHUSD,entry,short,0.0,-0.04176289834815638,1764.75,0.0,0.7997675534945039,r_trailing_stop,6.0,2022-05-28 09:00:00,1854.1878927223386,710.2263409707696,710.2263409707696,1854.1878927223386,0.10847658827343866,,,2022-05-28 06:00:00
2022-05-28 09:00:00,ETHUSD,exit,short,-0.04176289834815638,0.0,1758.85,0.0,1.3249725979170428,,,,,,,,,,,2022-05-28 09:00:00
2022-05-31 06:30:00,ETHUSD,entry,long,0.0,0.06489976522878921,1965.3,0.0,-2.127471334809678,r_trailing_stop,14.0,2022-05-31 13:30:00,2727.338799069263,1908.2248960744591,2727.338799069263,1908.2248960744591,0.1062816815596046,,,2022-05-31 06:30:00
2022-05-31 13:30:00,ETHUSD,exit,long,0.06489976522878921,0.0,1943.1,-1.0,0.23855898396480288,,,,,,,,,,,2022-05-31 13:30:00
2022-05-31 14:00:00,ETHUSD,entry,short,0.0,-0.06438110498664011,1949.5,-1.0,-1.171750155151778,r_trailing_stop,10.0,2022-05-31 19:00:00,2003.2562178811058,1188.447276486177,1188.447276486177,2003.2562178811058,0.13022610222998537,,,2022-05-31 14:00:00
2022-05-31 19:00:00,ETHUSD,exit,short,-0.06438110498664011,0.0,1935.0,0.0,0.06992167811117572,,,,,,,,,,,2022-05-31 19:00:00
2022-05-31 20:00:00,ETHUSD,entry,short,0.0,-0.05643286023096786,1941.6,0.0,-0.45244805068714616,r_trailing_stop,17.0,2022-06-01 04:30:00,2001.5061856545508,1076.6726793181151,1076.6726793181151,2001.5061856545508,0.07693246893902715,,,2022-05-31 20:00:00
2022-06-01 04:30:00,ETHUSD,exit,short,-0.05643286023096786,0.0,1932.8,0.0,-4.0,,,,,,,,,,,2022-06-01 04:30:00
2022-06-01 14:30:00,ETHUSD,entry,short,0.0,-0.06309384757585569,1908.3,-1.0,-4.0,r_trailing_stop,1.0,2022-06-01 15:00:00,1981.790247585252,1159.771905184351,1159.771905184351,1981.790247585252,0.17544771820877988,,,2022-06-01 14:30:00
2022-06-01 15:00:00,ETHUSD,exit,short,-0.06309384757585569,0.0,1901.2,-1.0,-4.0,,,,,,,,,,,2022-06-01 15:00:00
2022-06-01 15:30:00,ETHUSD,entry,short,0.0,-0.060461377400342,1879.1,0.0,-4.0,r_trailing_stop,2.0,2022-06-01 16:30:00,1964.193042856455,1115.1369642943143,1115.1369642943143,1964.193042856455,0.6573448528696044,,,2022-06-01 15:30:00
2022-06-01 16:30:00,ETHUSD,exit,short,-0.060461377400342,0.0,1855.6,0.0,-2.5221502958134945,,,,,,,,,,,2022-06-01 16:30:00
2022-06-03 16:00:00,ETHUSD,entry,short,0.0,-0.05683027722165866,1753.6999999999998,-1.0,0.6355681615816784,r_trailing_stop,4.0,2022-06-03 18:00:00,1823.3880840323866,986.5489495951683,986.5489495951683,1823.3880840323866,0.10972398645389385,,,2022-06-03 16:00:00
2022-06-03 18:00:00,ETHUSD,exit,short,-0.05683027722165866,0.0,1750.1999999999998,0.0,1.316432626490524,,,,,,,,,,,2022-06-03 18:00:00
2022-06-03 22:00:00,ETHUSD,entry,short,0.0,-0.05975656556437341,1784.15,0.0,-0.9006545955999505,r_trailing_stop,4.0,2022-06-04 00:00:00,1847.2227151483298,1039.6160606458784,1039.6160606458784,1847.2227151483298,0.16207221100017943,,,2022-06-03 22:00:00
2022-06-04 00:00:00,ETHUSD,exit,short,-0.05975656556437341,0.0,1776.4,0.0,-1.0003433948285034,,,,,,,,,,,2022-06-04 00:00:00
2022-06-04 01:30:00,ETHUSD,entry,short,0.0,-0.06159074159201822,1758.7,0.0,0.4566655643337772,max_holding_close,23.0,2022-06-04 13:00:00,1816.5319634906948,1045.2504563663156,1045.2504563663156,1816.5319634906948,-0.1496074960103901,,,2022-06-04 01:30:00
2022-06-04 13:00:00,ETHUSD,exit,short,-0.06159074159201822,0.0,1766.1,0.0,1.9975141839867065,,,,,,,,,,,2022-06-04 13:00:00
2022-06-07 01:00:00,ETHUSD,entry,long,0.0,0.06242861420386646,1760.8000000000002,1.0,-0.4950336888208192,r_trailing_stop,16.0,2022-06-07 09:00:00,2461.0237741099672,1701.002098071203,2461.0237741099672,1701.002098071203,0.1679429370557647,,,2022-06-07 01:00:00
2022-06-07 09:00:00,ETHUSD,exit,long,0.06242861420386646,0.0,1763.6999999999998,0.0,4.0,,,,,,,,,,,2022-06-07 09:00:00
2022-06-07 11:30:00,ETHUSD,entry,long,0.0,0.06589505646766054,1752.3000000000002,0.0,4.0,r_trailing_stop,5.0,2022-06-07 14:00:00,2419.5899828718043,1700.8608013702556,2419.5899828718043,1700.8608013702556,0.08561727293643581,,,2022-06-07 11:30:00
2022-06-07 14:00:00,ETHUSD,exit,long,0.06589505646766054,0.0,1768.6999999999998,0.0,4.0,,,,,,,,,,,2022-06-07 14:00:00
2022-06-11 09:00:00,ETHUSD,entry,long,0.0,0.05686885832838657,1591.95,1.0,-3.9426451132872726,r_trailing_stop,2.0,2022-06-11 10:00:00,2270.6935577236113,1521.828515382111,2270.6935577236113,1521.828515382111,0.2955362581861231,,,2022-06-11 09:00:00
2022-06-11 10:00:00,ETHUSD,exit,long,0.05686885832838657,0.0,1596.35,0.0,-3.5188302967752785,,,,,,,,,,,2022-06-11 10:00:00
2022-06-11 11:00:00,ETHUSD,entry,long,0.0,0.053970571627473304,1569.15,0.0,-2.348961280387016,stop_loss,7.0,2022-06-11 14:30:00,2318.9769289026967,1526.1198456877842,2318.9769289026967,1526.1198456877842,-1.0283345501044234,,,2022-06-11 11:00:00
2022-06-11 14:30:00,ETHUSD,exit,long,0.053970571627473304,0.0,1525.05,0.0,-4.0,,,,,,,,,,,2022-06-11 14:30:00
2022-06-14 23:30:00,ETHUSD,entry,short,0.0,-0.020218269418197474,1207.25,0.0,-3.0236726586702165,r_trailing_stop,10.0,2022-06-15 04:30:00,1318.0451693952084,-283.6646174401045,-283.6646174401045,1318.0451693952084,0.4952529143211285,,,2022-06-14 23:30:00
2022-06-15 04:30:00,ETHUSD,exit,short,-0.020218269418197474,0.0,1135.45,0.0,-2.0472425513953225,,,,,,,,,,,2022-06-15 04:30:00
2022-06-18 20:30:00,ETHUSD,entry,long,0.0,0.02606200092253511,902.75,1.0,3.685175065081493,r_trailing_stop,2.0,2022-06-18 21:30:00,1763.7177347622812,831.1185812190175,1763.7177347622812,831.1185812190175,0.6862162190138755,,,2022-06-18 20:30:00
2022-06-18 21:30:00,ETHUSD,exit,long,0.02606200092253511,0.0,941.75,1.0,2.619435117277658,,,,,,,,,,,2022-06-18 21:30:00
2022-06-18 22:00:00,ETHUSD,entry,long,0.0,0.02504419296371656,989.95,1.0,3.2702881243193,r_trailing_stop,1.0,2022-06-18 22:30:00,1882.2378357516602,866.7269731398673,1882.2378357516602,866.7269731398673,0.5252390433987195,,,2022-06-18 22:00:00
2022-06-18 22:30:00,ETHUSD,exit,long,0.02504419296371656,0.0,990.05,1.0,3.615628289472161,,,,,,,,,,,2022-06-18 22:30:00
2022-06-18 23:00:00,ETHUSD,entry,long,0.0,0.024824221763102595,993.85,1.0,3.1026092261724276,r_trailing_stop,23.0,2022-06-19 10:30:00,1986.9097531063483,910.1932197514922,1986.9097531063483,910.1932197514922,0.790660710017563,,,2022-06-18 23:00:00
2022-06-19 10:30:00,ETHUSD,exit,long,0.024824221763102595,0.0,1062.15,1.0,3.689168387827456,,,,,,,,,,,2022-06-19 10:30:00
2022-06-19 11:00:00,ETHUSD,entry,long,0.0,0.02505402900787483,1056.05,0.0,3.069782124503448,r_trailing_stop,16.0,2022-06-19 19:00:00,2121.8096894158048,977.2692248467356,2121.8096894158048,977.2692248467356,0.44746291683565553,,,2022-06-19 11:00:00
2022-06-19 19:00:00,ETHUSD,exit,long,0.02505402900787483,0.0,1094.25,1.0,-1.0351533359590614,,,,,,,,,,,2022-06-19 19:00:00
2022-06-19 19:30:00,ETHUSD,entry,long,0.0,0.025511634201602726,1098.65,0.0,-0.9553947993518878,r_trailing_stop,3.0,2022-06-19 21:00:00,2166.7528803408145,1008.5577695727347,2166.7528803408145,1008.5577695727347,0.5297791218813637,,,2022-06-19 19:30:00
2022-06-19 21:00:00,ETHUSD,exit,long,0.025511634201602726,0.0,1127.35,0.0,-0.05093552058185587,,,,,,,,,,,2022-06-19 21:00:00
2022-06-19 22:30:00,ETHUSD,entry,long,0.0,0.026599479416664455,1140.35,0.0,0.8995899276009993,stop_loss,7.0,2022-06-20 02:00:00,2213.001434969902,1055.023885202408,2213.001434969902,1055.023885202408,-1.0139647266937473,,,2022-06-19 22:30:00
2022-06-20 02:00:00,ETHUSD,exit,long,0.026599479416664455,0.0,1055.65,1.0,3.2365407965019335,,,,,,,,,,,2022-06-20 02:00:00
2022-06-20 02:30:00,ETHUSD,entry,long,0.0,0.024544930079505378,1073.55,1.0,3.0618268378905,r_trailing_stop,3.0,2022-06-20 04:00:00,2131.0739025129005,969.724087798968,2131.0739025129005,969.724087798968,0.25331277451701056,,,2022-06-20 02:30:00
2022-06-20 04:00:00,ETHUSD,exit,long,0.024544930079505378,0.0,1089.65,0.0,1.290097656755871,,,,,,,,,,,2022-06-20 04:00:00
2022-06-20 05:00:00,ETHUSD,entry,long,0.0,0.025152879699284755,1064.35,0.0,2.172637681029445,r_trailing_stop,3.0,2022-06-20 06:30:00,2128.4120178304615,982.5730385735632,2128.4120178304615,982.5730385735632,0.037456306712338655,,,2022-06-20 05:00:00
2022-06-20 06:30:00,ETHUSD,exit,long,0.025152879699284755,0.0,1083.65,0.0,0.8219927012231594,,,,,,,,,,,2022-06-20 06:30:00
2022-06-20 15:00:00,ETHUSD,entry,long,0.0,0.027144200190146097,1125.25,1.0,-0.3677528649483976,max_holding_close,23.0,2022-06-21 02:30:00,2189.083594669774,1055.587312426418,2189.083594669774,1055.587312426418,-0.26436180333731835,,,2022-06-20 15:00:00
2022-06-21 02:30:00,ETHUSD,exit,long,0.027144200190146097,0.0,1118.55,0.0,3.2073548818335498,,,,,,,,,,,2022-06-21 02:30:00
2022-06-25 16:00:00,ETHUSD,entry,long,0.0,0.04467477696350833,1185.25,0.0,3.694276675773434,r_trailing_stop,4.0,2022-06-25 18:00:00,1845.2406025823207,1130.1827517934144,1845.2406025823207,1130.1827517934144,0.21065267458263948,,,2022-06-25 16:00:00
2022-06-25 18:00:00,ETHUSD,exit,long,0.04467477696350833,0.0,1194.35,0.0,3.405285425022911,,,,,,,,,,,2022-06-25 18:00:00
2022-07-02 00:30:00,ETHUSD,entry,long,0.0,0.0379745054116779,1050.5,1.0,0.4792085408548137,max_holding_close,23.0,2022-07-02 12:00:00,1760.5728618587368,1005.7361710513012,1760.5728618587368,1005.7361710513012,-0.3132450921232719,,,2022-07-02 00:30:00
2022-07-02 12:00:00,ETHUSD,exit,long,0.0379745054116779,0.0,1045.25,0.0,1.3325559913505503,,,,,,,,,,,2022-07-02 12:00:00
2022-07-02 13:00:00,ETHUSD,entry,long,0.0,0.044234475692131146,1053.4,0.0,0.5654526535690094,r_trailing_stop,12.0,2022-07-02 19:00:00,1654.8542738195508,1009.4956580944358,1654.8542738195508,1009.4956580944358,0.2173408227337356,,,2022-07-02 13:00:00
2022-07-02 19:00:00,ETHUSD,exit,long,0.044234475692131146,0.0,1063.65,0.0,-0.30287939145798887,,,,,,,,,,,2022-07-02 19:00:00
2022-07-05 02:30:00,ETHUSD,entry,long,0.0,0.05772249383285223,1142.75,0.0,-4.0,r_trailing_stop,6.0,2022-07-05 05:30:00,1640.978850248456,1105.3756919801235,1640.978850248456,1105.3756919801235,0.2898020929373195,,,2022-07-05 02:30:00
2022-07-05 05:30:00,ETHUSD,exit,long,0.05772249383285223,0.0,1157.05,0.0,-4.0,,,,,,,,,,,2022-07-05 05:30:00
2022-07-05 07:30:00,ETHUSD,entry,long,0.0,0.05849702040195481,1156.85,0.0,-1.1580509517920807,stop_loss,8.0,2022-07-05 11:30:00,1648.543516414985,1115.4625186868013,1648.543516414985,1115.4625186868013,-1.030710935711023,,,2022-07-05 07:30:00
2022-07-05 11:30:00,ETHUSD,exit,long,0.05849702040195481,0.0,1110.45,0.0,2.0415167604121653,,,,,,,,,,,2022-07-05 11:30:00
2022-07-05 22:30:00,ETHUSD,entry,long,0.0,0.04827313374081938,1150.45,0.0,-0.9497295201940318,r_trailing_stop,5.0,2022-07-06 01:00:00,1729.1003055447713,1091.9539755564183,1729.1003055447713,1091.9539755564183,0.05729068352424674,,,2022-07-05 22:30:00
2022-07-06 01:00:00,ETHUSD,exit,long,0.04827313374081938,0.0,1138.05,0.0,0.2873198547764759,,,,,,,,,,,2022-07-06 01:00:00
2022-07-06 13:30:00,ETHUSD,entry,long,0.0,0.04662270677496157,1140.05,0.0,3.477364890724554,r_trailing_stop,11.0,2022-07-06 19:00:00,1753.8248816035689,1092.6760094717147,1753.8248816035689,1092.6760094717147,0.3242548741383186,,,2022-07-06 13:30:00
2022-07-06 19:00:00,ETHUSD,exit,long,0.04662270677496157,0.0,1160.55,0.0,0.8033715769967128,,,,,,,,,,,2022-07-06 19:00:00
2022-07-06 22:30:00,ETHUSD,entry,long,0.0,0.04813835186477851,1189.45,0.0,-0.3358150163737505,r_trailing_stop,2.0,2022-07-06 23:30:00,1797.602901983168,1133.9937678413467,1797.602901983168,1133.9937678413467,0.19748650524450193,,,2022-07-06 22:30:00
2022-07-06 23:30:00,ETHUSD,exit,long,0.04813835186477851,0.0,1185.7,0.0,-0.045014454319876177,,,,,,,,,,,2022-07-06 23:30:00
2022-07-07 02:30:00,ETHUSD,entry,long,0.0,0.04971021899885102,1169.55,1.0,4.0,r_trailing_stop,13.0,2022-07-07 09:00:00,1768.2542932496406,1129.2136565400288,1768.2542932496406,1129.2136565400288,0.1119029501293178,,,2022-07-07 02:30:00
2022-07-07 09:00:00,ETHUSD,exit,long,0.04971021899885102,0.0,1182.45,0.0,4.0,,,,,,,,,,,2022-07-07 09:00:00
2022-07-07 15:00:00,ETHUSD,entry,long,0.0,0.05644218079423676,1218.55,1.0,3.2104790749304613,r_trailing_stop,4.0,2022-07-07 17:00:00,1763.9111832844094,1179.1331053372473,1763.9111832844094,1179.1331053372473,0.20468751439894456,,,2022-07-07 15:00:00
2022-07-07 17:00:00,ETHUSD,exit,long,0.05644218079423676,0.0,1217.75,1.0,3.133314520857961,,,,,,,,,,,2022-07-07 17:00:00
2022-07-07 17:30:00,ETHUSD,entry,long,0.0,0.05545921269889543,1221.35,0.0,2.0905320408386285,r_trailing_stop,4.0,2022-07-07 19:30:00,1766.5443769410253,1173.7384498447182,1766.5443769410253,1173.7384498447182,0.4129226314153931,,,2022-07-07 17:30:00
2022-07-07 19:30:00,ETHUSD,exit,long,0.05545921269889543,0.0,1247.45,1.0,-0.6164727747416096,,,,,,,,,,,2022-07-07 19:30:00
2022-07-07 20:00:00,ETHUSD,entry,long,0.0,0.05654551207163058,1238.65,0.0,0.15281377472044194,r_trailing_stop,11.0,2022-07-08 01:30:00,1799.118972626701,1203.424482189864,1799.118972626701,1203.424482189864,0.475344560855548,,,2022-07-07 20:00:00
2022-07-08 01:30:00,ETHUSD,exit,long,0.05654551207163058,0.0,1261.65,0.0,-4.0,,,,,,,,,,,2022-07-08 01:30:00
2022-07-08 02:30:00,ETHUSD,entry,long,0.0,0.0536879716827356,1253.05,0.0,-2.3603744112021467,r_trailing_stop,4.0,2022-07-08 04:30:00,1824.8120775084942,1198.6690337993205,1824.8120775084942,1198.6690337993205,0.23269669401242404,,,2022-07-08 02:30:00
2022-07-08 04:30:00,ETHUSD,exit,long,0.0536879716827356,0.0,1252.85,0.0,-2.8447044390426033,,,,,,,,,,,2022-07-08 04:30:00
2022-07-08 06:00:00,ETHUSD,entry,long,0.0,0.055985176315934096,1240.95,0.0,-0.832364346492065,stop_loss,15.0,2022-07-08 13:30:00,1799.793498973176,1199.752520082146,1799.793498973176,1199.752520082146,-1.0293922175658654,,,2022-07-08 06:00:00
2022-07-08 13:30:00,ETHUSD,exit,long,0.055985176315934096,0.0,1198.25,0.0,1.1465714965428517,,,,,,,,,,,2022-07-08 13:30:00
2022-07-09 00:00:00,ETHUSD,entry,long,0.0,0.04800549236193828,1219.75,0.0,-0.6903682512367338,r_trailing_stop,16.0,2022-07-09 08:00:00,1845.0787451635115,1162.703700386919,1845.0787451635115,1162.703700386919,0.11094897751679397,,,2022-07-09 00:00:00
2022-07-09 08:00:00,ETHUSD,exit,long,0.04800549236193828,0.0,1222.55,0.0,-0.619993402492716,,,,,,,,,,,2022-07-09 08:00:00
2022-07-11 22:30:00,ETHUSD,entry,long,0.0,0.06364589861224508,1098.05,0.0,-4.0,stop_loss,17.0,2022-07-12 07:00:00,1541.3402251872235,1071.8747819850223,1541.3402251872235,1071.8747819850223,-1.033414096771425,,,2022-07-11 22:30:00
2022-07-12 07:00:00,ETHUSD,exit,long,0.06364589861224508,0.0,1063.55,0.0,-2.7514824718860185,,,,,,,,,,,2022-07-12 07:00:00
2022-07-12 10:30:00,ETHUSD,entry,short,0.0,-0.06391401034346386,1057.05,0.0,-1.8125792382849069,r_trailing_stop,18.0,2022-07-12 19:30:00,1093.0664370395243,645.3195370059461,645.3195370059461,1093.0664370395243,0.45802643308394403,,,2022-07-12 10:30:00
2022-07-12 19:30:00,ETHUSD,exit,short,-0.06391401034346386,0.0,1040.45,0.0,3.1533574187465145,,,,,,,,,,,2022-07-12 19:30:00
2022-07-13 02:30:00,ETHUSD,entry,short,0.0,-0.060521267744068984,1055.8,0.0,1.1177973707847588,stop_loss,19.0,2022-07-13 12:00:00,1088.2625556277112,618.2930546536111,618.2930546536111,1088.2625556277112,-1.0317736655656362,,,2022-07-13 02:30:00
2022-07-13 12:00:00,ETHUSD,exit,short,-0.060521267744068984,0.0,1098.85,-1.0,1.2094700130445597,,,,,,,,,,,2022-07-13 12:00:00
2022-07-13 12:30:00,ETHUSD,entry,short,0.0,-0.06483054443641617,1028.35,0.0,4.0,r_trailing_stop,1.0,2022-07-13 13:00:00,1132.8522295602597,675.1721304967534,675.1721304967534,1132.8522295602597,2.05137253219246,,,2022-07-13 12:30:00
2022-07-13 13:00:00,ETHUSD,exit,short,-0.06483054443641617,0.0,1020.3,0.0,4.0,,,,,,,,,,,2022-07-13 13:00:00
2022-07-14 13:00:00,ETHUSD,entry,long,0.0,0.051101094749646754,1079.05,0.0,4.0,r_trailing_stop,5.0,2022-07-14 15:30:00,1617.374233522173,1043.544061318226,1617.374233522173,1043.544061318226,0.5704124375777467,,,2022-07-14 13:00:00
2022-07-14 15:30:00,ETHUSD,exit,long,0.051101094749646754,0.0,1140.05,0.0,4.0,,,,,,,,,,,2022-07-14 15:30:00
2022-07-15 00:30:00,ETHUSD,entry,long,0.0,0.048931319272237296,1181.55,0.0,3.796532746336262,r_trailing_stop,4.0,2022-07-15 02:30:00,1788.5518005676568,1135.3658559545875,1788.5518005676568,1135.3658559545875,0.5158107680188756,,,2022-07-15 00:30:00
2022-07-15 02:30:00,ETHUSD,exit,long,0.048931319272237296,0.0,1194.95,1.0,2.6609459373388304,,,,,,,,,,,2022-07-15 02:30:00
2022-07-15 03:00:00,ETHUSD,entry,long,0.0,0.048619227161445046,1193.85,0.0,2.709059678104088,r_trailing_stop,3.0,2022-07-15 04:30:00,1809.468837622553,1145.8424929901958,1809.468837622553,1145.8424929901958,0.13326181314822663,,,2022-07-15 03:00:00
2022-07-15 04:30:00,ETHUSD,exit,long,0.048619227161445046,0.0,1192.25,1.0,1.5777022157414957,,,,,,,,,,,2022-07-15 04:30:00
2022-07-15 05:00:00,ETHUSD,entry,long,0.0,0.0483551523049157,1194.65,0.0,2.7040234943391317,r_trailing_stop,2.0,2022-07-15 06:00:00,1808.5010728301481,1142.8419141735883,1808.5010728301481,1142.8419141735883,0.15685490060913523,,,2022-07-15 05:00:00
2022-07-15 06:00:00,ETHUSD,exit,long,0.0483551523049157,0.0,1204.65,0.0,1.86312991615409,,,,,,,,,,,2022-07-15 06:00:00
2022-07-15 07:30:00,ETHUSD,entry,long,0.0,0.04915607133720731,1211.15,0.0,4.0,r_trailing_stop,4.0,2022-07-15 09:30:00,1832.703485313244,1165.4217211749403,1832.703485313244,1165.4217211749403,0.14658851740286064,,,2022-07-15 07:30:00
2022-07-15 09:30:00,ETHUSD,exit,long,0.04915607133720731,0.0,1218.3,1.0,3.0355255708163638,,,,,,,,,,,2022-07-15 09:30:00
2022-07-15 10:00:00,ETHUSD,entry,long,0.0,0.048405508122179274,1219.75,0.0,2.169943363034497,r_trailing_stop,6.0,2022-07-15 13:00:00,1847.4397592134774,1167.9148192629218,1847.4397592134774,1167.9148192629218,0.15140181059062566,,,2022-07-15 10:00:00
2022-07-15 13:00:00,ETHUSD,exit,long,0.048405508122179274,0.0,1224.85,1.0,0.007873821558668536,,,,,,,,,,,2022-07-15 13:00:00
2022-07-15 13:30:00,ETHUSD,entry,long,0.0,0.04822125097857887,1221.65,1.0,-0.09412307280230127,r_trailing_stop,11.0,2022-07-15 19:00:00,1860.0175143953413,1174.1445988483727,1860.0175143953413,1174.1445988483727,0.4559288061327775,,,2022-07-15 13:30:00
2022-07-15 19:00:00,ETHUSD,exit,long,0.04822125097857887,0.0,1250.45,0.0,-3.658837793527594,,,,,,,,,,,2022-07-15 19:00:00
2022-07-15 20:00:00,ETHUSD,entry,long,0.0,0.047693742853102065,1276.65,0.0,-4.0,r_trailing_stop,1.0,2022-07-15 20:30:00,1929.8376895464958,1213.0549848362805,1929.8376895464958,1213.0549848362805,0.17083604688746587,,,2022-07-15 20:00:00
2022-07-15 20:30:00,ETHUSD,exit,long,0.047693742853102065,0.0,1256.4,0.0,-4.0,,,,,,,,,,,2022-07-15 20:30:00
2022-07-16 11:00:00,ETHUSD,entry,long,0.0,0.048802187445459305,1202.75,0.0,4.0,r_trailing_stop,4.0,2022-07-16 13:00:00,1811.475158369541,1148.7599873304366,1811.475158369541,1148.7599873304366,0.28530752126053677,,,2022-07-16 11:00:00
2022-07-16 13:00:00,ETHUSD,exit,long,0.048802187445459305,0.0,1228.75,0.0,4.0,,,,,,,,,,,2022-07-16 13:00:00
2022-07-17 09:30:00,ETHUSD,entry,short,0.0,-0.042806469907829145,1356.05,0.0,0.5882643369884148,r_trailing_stop,2.0,2022-07-17 10:30:00,1418.9885562004522,563.9180474943482,563.9180474943482,1418.9885562004522,0.13540832021584367,,,2022-07-17 09:30:00
2022-07-17 10:30:00,ETHUSD,exit,short,-0.042806469907829145,0.0,1357.25,0.0,0.17218727963705,,,,,,,,,,,2022-07-17 10:30:00
2022-07-17 12:00:00,ETHUSD,entry,short,0.0,-0.04365828890081762,1361.35,0.0,-0.5741236759419629,r_trailing_stop,3.0,2022-07-17 13:30:00,1425.596331925504,582.5708509312012,582.5708509312012,1425.596331925504,0.049141277083508565,,,2022-07-17 12:00:00
2022-07-17 13:30:00,ETHUSD,exit,short,-0.04365828890081762,0.0,1338.55,0.0,1.3123215963573722,,,,,,,,,,,2022-07-17 13:30:00
2022-07-17 17:30:00,ETHUSD,entry,short,0.0,-0.04299826443867686,1327.25,0.0,4.0,r_trailing_stop,1.0,2022-07-17 18:00:00,1434.2467589862645,573.6655126716942,573.6655126716942,1434.2467589862645,0.6548242033397135,,,2022-07-17 17:30:00
2022-07-17 18:00:00,ETHUSD,exit,short,-0.04299826443867686,0.0,1334.65,0.0,4.0,,,,,,,,,,,2022-07-17 18:00:00
2022-07-18 03:00:00,ETHUSD,entry,short,0.0,-0.04223197268059257,1415.05,-1.0,3.8203491181301943,r_trailing_stop,3.0,2022-07-18 04:30:00,1479.2353435136376,576.2832060795276,576.2832060795276,1479.2353435136376,0.10192117049694029,,,2022-07-18 03:00:00
2022-07-18 04:30:00,ETHUSD,exit,short,-0.04223197268059257,0.0,1412.05,0.0,4.0,,,,,,,,,,,2022-07-18 04:30:00
2022-07-18 05:30:00,ETHUSD,entry,short,0.0,-0.0420305587877633,1433.45,0.0,2.0835566973798514,stop_loss,10.0,2022-07-18 10:30:00,1503.859822253324,581.6772218334488,581.6772218334488,1503.859822253324,-1.0220660433635758,,,2022-07-18 05:30:00
2022-07-18 10:30:00,ETHUSD,exit,short,-0.0420305587877633,0.0,1484.75,-1.0,1.6576201717333738,,,,,,,,,,,2022-07-18 10:30:00
2022-07-18 11:00:00,ETHUSD,entry,short,0.0,-0.04171443187755106,1494.75,0.0,3.6587423598280004,r_trailing_stop,2.0,2022-07-18 12:00:00,1555.8315999008717,594.8800012391062,594.8800012391062,1555.8315999008717,0.06379622692274639,,,2022-07-18 11:00:00
2022-07-18 12:00:00,ETHUSD,exit,short,-0.04171443187755106,0.0,1466.35,0.0,4.0,,,,,,,,,,,2022-07-18 12:00:00
2022-07-19 22:30:00,ETHUSD,entry,short,0.0,-0.03484949816015968,1563.65,0.0,1.3145756881344333,r_trailing_stop,3.0,2022-07-20 00:00:00,1652.9643478402868,441.8206519964151,441.8206519964151,1652.9643478402868,0.21243633776315152,,,2022-07-19 22:30:00
2022-07-20 00:00:00,ETHUSD,exit,short,-0.03484949816015968,0.0,1533.65,0.0,2.9542269919636652,,,,,,,,,,,2022-07-20 00:00:00
2022-07-24 23:00:00,ETHUSD,entry,long,0.0,0.04625998174143931,1610.9,1.0,-4.0,stop_loss,5.0,2022-07-25 01:30:00,2473.073559047934,1536.0401152761654,2473.073559047934,1536.0401152761654,-1.0242864904142557,,,2022-07-24 23:00:00
2022-07-25 01:30:00,ETHUSD,exit,long,0.04625998174143931,0.0,1544.65,0.0,-1.251378133192886,,,,,,,,,,,2022-07-25 01:30:00
2022-07-26 23:30:00,ETHUSD,entry,long,0.0,0.043162130779578936,1449.65,1.0,0.19197433875564177,r_trailing_stop,1.0,2022-07-27 00:00:00,2235.6106775841677,1350.0531457932666,2235.6106775841677,1350.0531457932666,0.4377426343531305,,,2022-07-26 23:30:00
2022-07-27 00:00:00,ETHUSD,exit,long,0.043162130779578936,0.0,1448.05,0.0,0.5398062222180936,,,,,,,,,,,2022-07-27 00:00:00
2022-07-27 05:30:00,ETHUSD,entry,long,0.0,0.04611028194757229,1452.95,1.0,3.030755593294363,r_trailing_stop,4.0,2022-07-27 07:30:00,2226.365881916229,1381.0327294467018,2226.365881916229,1381.0327294467018,0.24329018760140897,,,2022-07-27 05:30:00
2022-07-27 07:30:00,ETHUSD,exit,long,0.04611028194757229,0.0,1464.95,0.0,4.0,,,,,,,,,,,2022-07-27 07:30:00
2022-07-27 17:00:00,ETHUSD,entry,long,0.0,0.047131293266198256,1506.45,1.0,4.0,r_trailing_stop,1.0,2022-07-27 17:30:00,2272.6166950411166,1421.9366643967107,2272.6166950411166,1421.9366643967107,0.19147052488935454,,,2022-07-27 17:00:00
2022-07-27 17:30:00,ETHUSD,exit,long,0.047131293266198256,0.0,1500.35,0.0,4.0,,,,,,,,,,,2022-07-27 17:30:00
2022-07-27 22:00:00,ETHUSD,entry,long,0.0,0.0436553175122683,1631.05,1.0,-0.34997530614783073,r_trailing_stop,1.0,2022-07-27 22:30:00,2528.535486317426,1534.141161094606,2528.535486317426,1534.141161094606,0.20103734412301427,,,2022-07-27 22:00:00
2022-07-27 22:30:00,ETHUSD,exit,long,0.0436553175122683,0.0,1626.35,0.0,-0.30898888976057987,,,,,,,,,,,2022-07-27 22:30:00
2022-07-28 00:00:00,ETHUSD,entry,long,0.0,0.04478933206969794,1617.65,1.0,0.9812438551118977,r_trailing_stop,6.0,2022-07-28 03:00:00,2550.098775474727,1563.5200979620217,2550.098775474727,1563.5200979620217,0.2898412478576204,,,2022-07-28 00:00:00
2022-07-28 03:00:00,ETHUSD,exit,long,0.04478933206969794,0.0,1654.35,0.0,1.9865413439894573,,,,,,,,,,,2022-07-28 03:00:00
2022-07-28 06:00:00,ETHUSD,entry,long,0.0,0.046477943813094696,1645.45,0.0,4.0,r_trailing_stop,20.0,2022-07-28 16:00:00,2539.7476873079318,1580.3861850153655,2539.7476873079318,1580.3861850153655,1.054910681564301,,,2022-07-28 06:00:00
2022-07-28 16:00:00,ETHUSD,exit,long,0.046477943813094696,0.0,1737.35,0.0,-0.2911933233628182,,,,,,,,,,,2022-07-28 16:00:00
2022-07-28 21:00:00,ETHUSD,entry,short,0.0,-0.04170704978222443,1746.25,0.0,-1.113262891616896,r_trailing_stop,2.0,2022-07-28 22:00:00,1841.9879085995256,704.1011425059288,704.1011425059288,1841.9879085995256,0.1194492458109349,,,2022-07-28 21:00:00
2022-07-28 22:00:00,ETHUSD,exit,short,-0.04170704978222443,0.0,1748.75,-1.0,-1.3441688763503978,,,,,,,,,,,2022-07-28 22:00:00
2022-07-28 22:30:00,ETHUSD,entry,short,0.0,-0.0413840737223719,1746.25,0.0,-1.1860944940013944,r_trailing_stop,3.0,2022-07-29 00:00:00,1833.5776862656696,692.4539216791279,692.4539216791279,1833.5776862656696,0.26102095626579075,,,2022-07-28 22:30:00
2022-07-29 00:00:00,ETHUSD,exit,short,-0.0413840737223719,0.0,1700.05,0.0,-0.9654682258734176,,,,,,,,,,,2022-07-29 00:00:00
2022-07-29 05:30:00,ETHUSD,entry,short,0.0,-0.04249237007327145,1729.35,0.0,-1.6655337896749112,r_trailing_stop,6.0,2022-07-29 08:30:00,1807.081053811498,710.4618273562751,710.4618273562751,1807.081053811498,0.09464185356797299,,,2022-07-29 05:30:00
2022-07-29 08:30:00,ETHUSD,exit,short,-0.04249237007327145,0.0,1720.15,0.0,0.6406872840211607,,,,,,,,,,,2022-07-29 08:30:00
2022-07-29 11:30:00,ETHUSD,entry,short,0.0,-0.04296962461610175,1682.25,0.0,2.006854674704833,r_trailing_stop,1.0,2022-07-29 12:00:00,1775.1487930208446,709.3400872394443,709.3400872394443,1775.1487930208446,0.15540440240499537,,,2022-07-29 11:30:00
2022-07-29 12:00:00,ETHUSD,exit,short,-0.04296962461610175,0.0,1679.65,0.0,2.549035882758762,,,,,,,,,,,2022-07-29 12:00:00
2022-07-29 14:00:00,ETHUSD,entry,short,0.0,-0.041446165238424475,1735.95,-1.0,-1.1789870452354219,r_trailing_stop,5.0,2022-07-29 16:30:00,1781.7720635719597,674.4742053505033,674.4742053505033,1781.7720635719597,0.22508457495864206,,,2022-07-29 14:00:00
2022-07-29 16:30:00,ETHUSD,exit,short,-0.041446165238424475,0.0,1692.25,0.0,0.47658073551072716,,,,,,,,,,,2022-07-29 16:30:00
2022-07-29 23:30:00,ETHUSD,entry,short,0.0,-0.040605424358750856,1722.25,0.0,-0.7369533985650539,r_trailing_stop,1.0,2022-07-30 00:00:00,1848.5765835635364,677.0927054557949,677.0927054557949,1848.5765835635364,0.32846461309746827,,,2022-07-29 23:30:00
2022-07-30 00:00:00,ETHUSD,exit,short,-0.040605424358750856,0.0,1730.2,0.0,-0.7468253329684503,,,,,,,,,,,2022-07-30 00:00:00
2022-07-30 10:00:00,ETHUSD,entry,long,0.0,0.04309235000717977,1686.75,1.0,0.08335434715808175,r_trailing_stop,7.0,2022-07-30 13:30:00,2688.308134690113,1622.3393492247908,2688.308134690113,1622.3393492247908,0.30577057373340605,,,2022-07-30 10:00:00
2022-07-30 13:30:00,ETHUSD,exit,long,0.04309235000717977,0.0,1727.1999999999998,0.0,-1.559443102620146,,,,,,,,,,,2022-07-30 13:30:00
2022-08-02 15:00:00,ETHUSD,entry,long,0.0,0.04960757276741354,1617.15,0.0,0.03901747471058322,r_trailing_stop,3.0,2022-08-02 16:30:00,2442.573828388378,1558.6220937289297,2442.573828388378,1558.6220937289297,0.6102853779689427,,,2022-08-02 15:00:00
2022-08-02 16:30:00,ETHUSD,exit,long,0.04960757276741354,0.0,1669.2,0.0,-3.1486676875046724,,,,,,,,,,,2022-08-02 16:30:00
2022-08-03 23:30:00,ETHUSD,entry,short,0.0,-0.05479666894955963,1618.85,0.0,-0.1775884301656583,max_holding_close,23.0,2022-08-04 11:00:00,1672.649565646425,877.5054294196889,877.5054294196889,1672.649565646425,-0.10686729912043295,,,2022-08-03 23:30:00
2022-08-04 11:00:00,ETHUSD,exit,short,-0.05479666894955963,0.0,1618.35,0.0,-0.9220022743389986,,,,,,,,,,,2022-08-04 11:00:00
2022-08-11 20:30:00,ETHUSD,entry,long,0.0,0.05627047430226439,1902.65,0.0,-0.8730919109106722,r_trailing_stop,13.0,2022-08-12 03:00:00,2739.298841829505,1829.2380926536398,2739.298841829505,1829.2380926536398,0.07652234898941143,,,2022-08-11 20:30:00
2022-08-12 03:00:00,ETHUSD,exit,long,0.05627047430226439,0.0,1900.0,0.0,-0.003049874720634099,,,,,,,,,,,2022-08-12 03:00:00
2022-08-12 09:30:00,ETHUSD,entry,long,0.0,0.06250210713015497,1893.95,0.0,1.9716158097325711,r_trailing_stop,19.0,2022-08-12 19:00:00,2661.8643599561415,1840.5088512035086,2661.8643599561415,1840.5088512035086,0.15949045492973637,,,2022-08-12 09:30:00
2022-08-12 19:00:00,ETHUSD,exit,long,0.06250210713015497,0.0,1926.65,1.0,4.0,,,,,,,,,,,2022-08-12 19:00:00
2022-08-12 19:30:00,ETHUSD,entry,long,0.0,0.06673745753554143,1927.55,0.0,4.0,r_trailing_stop,8.0,2022-08-12 23:30:00,2648.4461044923405,1868.9603116406129,2648.4461044923405,1868.9603116406129,0.4184243449174479,,,2022-08-12 19:30:00
2022-08-12 23:30:00,ETHUSD,exit,long,0.06673745753554143,0.0,1959.95,1.0,1.8837881063524482,,,,,,,,,,,2022-08-12 23:30:00
2022-08-13 00:00:00,ETHUSD,entry,long,0.0,0.06787004779541553,1953.6,0.0,1.3156246834838037,r_trailing_stop,6.0,2022-08-13 03:00:00,2681.9679607078433,1902.2425631433725,2681.9679607078433,1902.2425631433725,0.20902077771988634,,,2022-08-13 00:00:00
2022-08-13 03:00:00,ETHUSD,exit,long,0.06787004779541553,0.0,1973.8,0.0,0.5459198442482757,,,,,,,,,,,2022-08-13 03:00:00
2022-08-13 04:00:00,ETHUSD,entry,long,0.0,0.0680520009341971,1999.0,1.0,-0.7331796745013829,r_trailing_stop,5.0,2022-08-13 06:30:00,2731.7240479981524,1939.0860761601477,2731.7240479981524,1939.0860761601477,0.2293056915803112,,,2022-08-13 04:00:00
2022-08-13 06:30:00,ETHUSD,exit,long,0.0680520009341971,0.0,2006.3,1.0,-1.4631533494049402,,,,,,,,,,,2022-08-13 06:30:00
2022-08-13 07:00:00,ETHUSD,entry,long,0.0,0.06717447667008751,2007.75,0.0,-2.011886551647315,max_holding_close,23.0,2022-08-13 18:30:00,2753.4552225606517,1946.9055821951479,2753.4552225606517,1946.9055821951479,-0.4068494328523843,,,2022-08-13 07:00:00
2022-08-13 18:30:00,ETHUSD,exit,long,0.06717447667008751,0.0,1984.45,0.0,0.6748741814343499,,,,,,,,,,,2022-08-13 18:30:00
2022-08-17 05:30:00,ETHUSD,entry,short,0.0,-0.06850698451172092,1924.85,-1.0,-4.0,r_trailing_stop,5.0,2022-08-17 08:00:00,1968.5910215727054,1214.737230341183,1214.737230341183,1968.5910215727054,0.26883846721340954,,,2022-08-17 05:30:00
2022-08-17 08:00:00,ETHUSD,exit,short,-0.06850698451172092,0.0,1889.95,0.0,-2.5495649695053464,,,,,,,,,,,2022-08-17 08:00:00
2022-08-18 02:30:00,ETHUSD,entry,long,0.0,0.05889127811198966,1852.45,0.0,0.5599136061360065,r_trailing_stop,16.0,2022-08-18 10:30:00,2628.7215191623195,1782.6802784670144,2628.7215191623195,1782.6802784670144,0.07918309478027763,,,2022-08-18 02:30:00
2022-08-18 10:30:00,ETHUSD,exit,long,0.05889127811198966,0.0,1848.25,0.0,1.3680784189024158,,,,,,,,,,,2022-08-18 10:30:00
2022-08-21 09:30:00,ETHUSD,entry,short,0.0,-0.05191950715476807,1617.25,-1.0,0.2868319790739843,max_holding_close,23.0,2022-08-21 21:00:00,1670.201666652225,833.854166847188,833.854166847188,1670.201666652225,-0.5615452235577665,,,2022-08-21 09:30:00
2022-08-21 21:00:00,ETHUSD,exit,short,-0.05191950715476807,0.0,1641.35,-1.0,-4.0,,,,,,,,,,,2022-08-21 21:00:00
2022-08-21 21:30:00,ETHUSD,entry,short,0.0,-0.056299288088442805,1621.7,-1.0,-3.905174032927718,r_trailing_stop,2.0,2022-08-21 22:30:00,1699.4509148329498,912.3885645881296,912.3885645881296,1699.4509148329498,0.5038821875123889,,,2022-08-21 21:30:00
2022-08-21 22:30:00,ETHUSD,exit,short,-0.056299288088442805,0.0,1618.55,-1.0,-2.959535730477378,,,,,,,,,,,2022-08-21 22:30:00
2022-08-21 23:00:00,ETHUSD,entry,short,0.0,-0.05263908388716526,1621.7,-1.0,-3.2191263211861125,r_trailing_stop,3.0,2022-08-22 00:30:00,1680.1499304877595,849.9008689030074,849.9008689030074,1680.1499304877595,0.09594185640867602,,,2022-08-21 23:00:00
2022-08-22 00:30:00,ETHUSD,exit,short,-0.05263908388716526,0.0,1610.25,0.0,-3.208809072277716,,,,,,,,,,,2022-08-22 00:30:00
2022-08-22 01:30:00,ETHUSD,entry,short,0.0,-0.052077748171578175,1605.65,0.0,-2.5162653977813223,r_trailing_stop,6.0,2022-08-22 04:30:00,1665.4444450868293,833.9194364146329,833.9194364146329,1665.4444450868293,0.12851739290516995,,,2022-08-22 01:30:00
2022-08-22 04:30:00,ETHUSD,exit,short,-0.052077748171578175,0.0,1607.55,-1.0,-1.7087836014154545,,,,,,,,,,,2022-08-22 04:30:00
2022-08-22 05:00:00,ETHUSD,entry,short,0.0,-0.05333893198922672,1602.35,0.0,-1.6761637448016788,r_trailing_stop,3.0,2022-08-22 06:30:00,1668.0342966681346,854.1962916483171,854.1962916483171,1668.0342966681346,0.13564499367551716,,,2022-08-22 05:00:00
2022-08-22 06:30:00,ETHUSD,exit,short,-0.05333893198922672,0.0,1584.45,-1.0,-1.7614186209949363,,,,,,,,,,,2022-08-22 06:30:00
2022-08-22 07:00:00,ETHUSD,entry,short,0.0,-0.05305854901663909,1572.85,-1.0,-1.001998570440318,r_trailing_stop,3.0,2022-08-22 08:30:00,1644.2264730893075,837.9190863836557,837.9190863836557,1644.2264730893075,0.7303411593812288,,,2022-08-22 07:00:00
2022-08-22 08:30:00,ETHUSD,exit,short,-0.05305854901663909,0.0,1563.55,0.0,0.9920764221661358,,,,,,,,,,,2022-08-22 08:30:00
2022-08-26 13:30:00,ETHUSD,entry,long,0.0,0.06512088614811347,1690.9,1.0,-4.0,r_trailing_stop,2.0,2022-08-26 14:30:00,2336.994310737401,1636.8364551410077,2336.994310737401,1636.8364551410077,-0.5865996063846971,,,2022-08-26 13:30:00
2022-08-26 14:30:00,ETHUSD,exit,long,0.06512088614811347,0.0,1634.75,0.0,-4.0,,,,,,,,,,,2022-08-26 14:30:00
2022-08-26 15:30:00,ETHUSD,entry,long,0.0,0.053270198625556396,1593.5,1.0,-4.0,stop_loss,5.0,2022-08-26 18:00:00,2351.0358146227895,1540.0251348301767,2351.0358146227895,1540.0251348301767,-1.027966854278417,,,2022-08-26 15:30:00
2022-08-26 18:00:00,ETHUSD,exit,long,0.053270198625556396,0.0,1542.65,0.0,-3.1628115030135175,,,,,,,,,,,2022-08-26 18:00:00
2022-08-27 13:30:00,ETHUSD,entry,short,0.0,-0.0525994142131925,1500.25,0.0,-0.429177539306432,r_trailing_stop,5.0,2022-08-27 16:00:00,1556.2563382806256,786.6707714921795,786.6707714921795,1556.2563382806256,0.48197776473108495,,,2022-08-27 13:30:00
2022-08-27 16:00:00,ETHUSD,exit,short,-0.0525994142131925,0.0,1453.15,0.0,2.1958535162829134,,,,,,,,,,,2022-08-27 16:00:00
2022-08-27 17:00:00,ETHUSD,entry,long,0.0,0.050209618230043586,1470.05,0.0,0.9835899967800915,r_trailing_stop,2.0,2022-08-27 18:00:00,2201.5569982458837,1411.2054401403293,2201.5569982458837,1411.2054401403293,0.03171537209350928,,,2022-08-27 17:00:00
2022-08-27 18:00:00,ETHUSD,exit,long,0.050209618230043586,0.0,1473.95,0.0,1.4509244959181655,,,,,,,,,,,2022-08-27 18:00:00
2022-08-28 09:00:00,ETHUSD,entry,short,0.0,-0.05904049997443163,1492.15,0.0,-0.5570772994812042,r_trailing_stop,5.0,2022-08-28 11:30:00,1544.454246259667,861.2969217541627,861.2969217541627,1544.454246259667,0.19179227075575786,,,2022-08-28 09:00:00
2022-08-28 11:30:00,ETHUSD,exit,short,-0.05904049997443163,0.0,1485.45,0.0,-4.0,,,,,,,,,,,2022-08-28 11:30:00
2022-08-28 13:00:00,ETHUSD,entry,short,0.0,-0.060773912870232684,1472.05,0.0,-3.390870008671853,r_trailing_stop,21.0,2022-08-28 23:30:00,1517.2914652973413,864.6816837832332,864.6816837832332,1517.2914652973413,0.31576427823623315,,,2022-08-28 13:00:00
2022-08-28 23:30:00,ETHUSD,exit,short,-0.060773912870232684,0.0,1426.45,1.0,1.8529578857744973,,,,,,,,,,,2022-08-28 23:30:00
2022-08-29 00:00:00,ETHUSD,entry,long,0.0,0.058736703194655494,1435.95,1.0,4.0,r_trailing_stop,1.0,2022-08-29 00:30:00,2033.4448497368953,1377.7824120210482,2033.4448497368953,1377.7824120210482,0.0953508063963375,,,2022-08-29 00:00:00
2022-08-29 00:30:00,ETHUSD,exit,long,0.058736703194655494,0.0,1431.85,1.0,3.5685389063793607,,,,,,,,,,,2022-08-29 00:30:00
2022-08-29 01:00:00,ETHUSD,entry,long,0.0,0.05793211313570963,1431.25,1.0,4.0,r_trailing_stop,6.0,2022-08-29 04:00:00,2049.893107238971,1382.5145514208823,2049.893107238971,1382.5145514208823,0.4554920341644886,,,2022-08-29 01:00:00
2022-08-29 04:00:00,ETHUSD,exit,long,0.05793211313570963,0.0,1450.5,0.0,4.0,,,,,,,,,,,2022-08-29 04:00:00
2022-08-29 23:30:00,ETHUSD,entry,long,0.0,0.06016921724449729,1552.15,0.0,2.5509967492420644,r_trailing_stop,1.0,2022-08-30 00:00:00,2185.7363753575833,1492.8230899713935,2185.7363753575833,1492.8230899713935,0.12232652416637801,,,2022-08-29 23:30:00
2022-08-30 00:00:00,ETHUSD,exit,long,0.06016921724449729,0.0,1543.15,0.0,2.6666441135104924,,,,,,,,,,,2022-08-30 00:00:00
2022-09-06 01:30:00,ETHUSD,entry,long,0.0,0.0800615282842477,1639.55,1.0,0.8801817522262754,r_trailing_stop,11.0,2022-09-06 07:00:00,2177.235913283285,1617.7031269373374,2177.235913283285,1617.7031269373374,0.1389222412821032,,,2022-09-06 01:30:00
2022-09-06 07:00:00,ETHUSD,exit,long,0.0800615282842477,0.0,1665.9,0.0,-4.0,,,,,,,,,,,2022-09-06 07:00:00
2022-09-06 08:00:00,ETHUSD,entry,long,0.0,0.07194806378999087,1663.4499999999998,0.0,-4.0,r_trailing_stop,7.0,2022-09-06 11:30:00,2235.1206181314774,1612.6403505494818,2235.1206181314774,1612.6403505494818,0.10427996216193663,,,2022-09-06 08:00:00
2022-09-06 11:30:00,ETHUSD,exit,long,0.07194806378999087,0.0,1668.4499999999998,1.0,-4.0,,,,,,,,,,,2022-09-06 11:30:00
2022-09-06 12:00:00,ETHUSD,entry,long,0.0,0.07114285507942651,1678.5500000000002,1.0,-4.0,r_trailing_stop,1.0,2022-09-06 12:30:00,2254.5500170036216,1621.3999986397102,2254.5500170036216,1621.3999986397102,0.1886627877049893,,,2022-09-06 12:00:00
2022-09-06 12:30:00,ETHUSD,exit,long,0.07114285507942651,0.0,1665.9,1.0,-4.0,,,,,,,,,,,2022-09-06 12:30:00
2022-09-06 13:00:00,ETHUSD,entry,long,0.0,0.06996503344174874,1663.0,0.0,-4.0,stop_loss,8.0,2022-09-06 17:00:00,2261.093766083149,1618.230498713348,2261.093766083149,1618.230498713348,-1.0367316425569182,,,2022-09-06 13:00:00
2022-09-06 17:00:00,ETHUSD,exit,long,0.06996503344174874,0.0,1597.45,0.0,-4.0,,,,,,,,,,,2022-09-06 17:00:00
2022-09-07 18:00:00,ETHUSD,entry,short,0.0,-0.05833653649311594,1567.8,0.0,4.0,stop_loss,4.0,2022-09-07 20:00:00,1623.8773299850523,897.2083751868456,897.2083751868456,1623.8773299850523,-1.0306266816588858,,,2022-09-07 18:00:00
2022-09-07 20:00:00,ETHUSD,exit,short,-0.05833653649311594,0.0,1637.75,1.0,-1.443574565294877,,,,,,,,,,,2022-09-07 20:00:00
2022-09-07 20:30:00,ETHUSD,entry,long,0.0,0.05575977110770725,1639.65,1.0,-1.0302581395758692,r_trailing_stop,1.0,2022-09-07 21:00:00,2371.8935090150685,1578.9105192787947,2371.8935090150685,1578.9105192787947,0.005625986064946887,,,2022-09-07 20:30:00
2022-09-07 21:00:00,ETHUSD,exit,long,0.05575977110770725,0.0,1637.1999999999998,0.0,-1.1552902485269865,,,,,,,,,,,2022-09-07 21:00:00
2022-09-08 01:00:00,ETHUSD,entry,long,0.0,0.0548934404254784,1626.85,0.0,-0.9052379616851182,r_trailing_stop,8.0,2022-09-08 05:00:00,2369.218179596029,1568.5405456323176,2369.218179596029,1568.5405456323176,0.1698990497186799,,,2022-09-08 01:00:00
2022-09-08 05:00:00,ETHUSD,exit,long,0.0548934404254784,0.0,1637.75,0.0,-0.314184313618441,,,,,,,,,,,2022-09-08 05:00:00
2022-09-08 07:30:00,ETHUSD,entry,long,0.0,0.0570296745648211,1613.45,1.0,2.5878439561262154,r_trailing_stop,3.0,2022-09-08 09:00:00,2305.200914164167,1546.4459268668668,2305.200914164167,1546.4459268668668,0.26496561825388315,,,2022-09-08 07:30:00
2022-09-08 09:00:00,ETHUSD,exit,long,0.0570296745648211,0.0,1619.9,0.0,1.3933913985971778,,,,,,,,,,,2022-09-08 09:00:00
2022-09-08 10:30:00,ETHUSD,entry,long,0.0,0.05860061186326642,1637.35,0.0,-0.38244955940601794,r_trailing_stop,10.0,2022-09-08 15:30:00,2330.5923816818745,1577.8946094654502,2330.5923816818745,1577.8946094654502,0.035595975222699874,,,2022-09-08 10:30:00
2022-09-08 15:30:00,ETHUSD,exit,long,0.05860061186326642,0.0,1629.85,0.0,2.887808740087867,,,,,,,,,,,2022-09-08 15:30:00
2022-09-09 04:30:00,ETHUSD,entry,long,0.0,0.059125879860363294,1696.9,0.0,1.3580686550472327,r_trailing_stop,3.0,2022-09-09 06:00:00,2413.185205431841,1638.6791835654526,2413.185205431841,1638.6791835654526,0.1711523054792588,,,2022-09-09 04:30:00
2022-09-09 06:00:00,ETHUSD,exit,long,0.059125879860363294,0.0,1710.65,0.0,-0.5937274393438526,,,,,,,,,,,2022-09-09 06:00:00
2022-09-09 09:30:00,ETHUSD,entry,long,0.0,0.061001528245499176,1695.35,0.0,1.4519049021934824,r_trailing_stop,3.0,2022-09-09 11:00:00,2383.2400204388427,1635.0267983648926,2383.2400204388427,1635.0267983648926,0.22188058668204796,,,2022-09-09 09:30:00
2022-09-09 11:00:00,ETHUSD,exit,long,0.061001528245499176,0.0,1703.25,0.0,0.48240040886308944,,,,,,,,,,,2022-09-09 11:00:00
2022-09-09 12:30:00,ETHUSD,entry,long,0.0,0.06262169837521189,1728.85,1.0,-0.7729651409849466,r_trailing_stop,1.0,2022-09-09 13:00:00,2391.6213043355383,1654.660295653157,2391.6213043355383,1654.660295653157,0.3316612118828443,,,2022-09-09 12:30:00
2022-09-09 13:00:00,ETHUSD,exit,long,0.06262169837521189,0.0,1714.75,1.0,0.5933572864150445,,,,,,,,,,,2022-09-09 13:00:00
2022-09-09 13:30:00,ETHUSD,entry,long,0.0,0.05985055524458732,1722.25,0.0,0.23457760701090216,r_trailing_stop,2.0,2022-09-09 14:30:00,2430.871425596159,1657.3522859523073,2430.871425596159,1657.3522859523073,0.06805886700390776,,,2022-09-09 13:30:00
2022-09-09 14:30:00,ETHUSD,exit,long,0.05985055524458732,0.0,1726.85,0.0,0.9825263889912743,,,,,,,,,,,2022-09-09 14:30:00
2022-09-09 15:30:00,ETHUSD,entry,long,0.0,0.0608415183529448,1719.85,1.0,1.0422997248515637,max_holding_close,23.0,2022-09-10 03:00:00,2442.6268882118165,1674.3398489430547,2442.6268882118165,1674.3398489430547,0.08578763909999895,,,2022-09-09 15:30:00
2022-09-10 03:00:00,ETHUSD,exit,long,0.0608415183529448,0.0,1737.9499999999998,0.0,-1.5867728857233456,,,,,,,,,,,2022-09-10 03:00:00
2022-09-14 08:00:00,ETHUSD,entry,long,0.0,0.0505399150932375,1587.05,0.0,0.6861797405720885,max_holding_close,23.0,2022-09-14 19:30:00,2409.1653481888584,1548.0647721448913,2409.1653481888584,1548.0647721448913,-0.211529267100037,,,2022-09-14 08:00:00
2022-09-14 19:30:00,ETHUSD,exit,long,0.0505399150932375,0.0,1600.05,1.0,2.331784685557029,,,,,,,,,,,2022-09-14 19:30:00
2022-09-14 20:00:00,ETHUSD,entry,long,0.0,0.05014747200640548,1598.15,0.0,0.5129206800129968,r_trailing_stop,5.0,2022-09-14 22:30:00,2398.0220191935077,1536.4282384645194,2398.0220191935077,1536.4282384645194,0.24787372080297673,,,2022-09-14 20:00:00
2022-09-14 22:30:00,ETHUSD,exit,long,0.05014747200640548,0.0,1639.35,1.0,-3.49257512273769,,,,,,,,,,,2022-09-14 22:30:00
2022-09-14 23:00:00,ETHUSD,entry,long,0.0,0.051861894791833105,1629.85,1.0,-2.3087447082945047,stop_loss,14.0,2022-09-15 06:00:00,2429.4496285421774,1576.0340297166258,2429.4496285421774,1576.0340297166258,-1.0272274947657125,,,2022-09-14 23:00:00
2022-09-15 06:00:00,ETHUSD,exit,long,0.051861894791833105,0.0,1592.1,0.0,-4.0,,,,,,,,,,,2022-09-15 06:00:00
2022-09-16 09:00:00,ETHUSD,entry,long,0.0,0.04466717218434722,1460.95,0.0,-0.9917261537437005,r_trailing_stop,4.0,2022-09-16 11:00:00,2263.975506818108,1386.5559594545514,2263.975506818108,1386.5559594545514,0.1977439343471202,,,2022-09-16 09:00:00
2022-09-16 11:00:00,ETHUSD,exit,long,0.04466717218434722,0.0,1468.85,0.0,-2.5754666996535227,,,,,,,,,,,2022-09-16 11:00:00
2022-09-16 12:00:00,ETHUSD,entry,long,0.0,0.04776646635515798,1466.65,0.0,-1.1530194469611512,stop_loss,8.0,2022-09-16 16:00:00,2252.5454295916484,1416.7383656326683,2252.5454295916484,1416.7383656326683,-1.0250773948364553,,,2022-09-16 12:00:00
2022-09-16 16:00:00,ETHUSD,exit,long,0.04776646635515798,0.0,1424.25,1.0,0.9916991029922421,,,,,,,,,,,2022-09-16 16:00:00
2022-09-16 16:30:00,ETHUSD,entry,long,0.0,0.042800832209973175,1427.85,1.0,0.3857505401856257,r_trailing_stop,10.0,2022-09-16 21:30:00,2256.3139633479527,1357.7928829321636,2256.3139633479527,1357.7928829321636,0.21012594132961612,,,2022-09-16 16:30:00
2022-09-16 21:30:00,ETHUSD,exit,long,0.042800832209973175,0.0,1439.65,0.0,-0.7544978449763926,,,,,,,,,,,2022-09-16 21:30:00
2022-09-17 00:30:00,ETHUSD,entry,long,0.0,0.046523250363674856,1442.6,1.0,-1.1463762389893557,max_holding_close,23.0,2022-09-17 12:30:00,2227.3354573652146,1386.5171634107828,2227.3354573652146,1386.5171634107828,-0.4089608212290351,,,2022-09-17 00:30:00
2022-09-17 12:30:00,ETHUSD,exit,long,0.046523250363674856,0.0,1424.85,0.0,2.2167164840003486,,,,,,,,,,,2022-09-17 12:30:00
2022-09-27 18:00:00,ETHUSD,entry,short,0.0,-0.05882229521933666,1311.95,-1.0,-2.3618804972760743,r_trailing_stop,18.0,2022-09-28 03:00:00,1358.8320374859497,755.6245314256289,755.6245314256289,1358.8320374859497,0.7971915450632894,,,2022-09-27 18:00:00
2022-09-28 03:00:00,ETHUSD,exit,short,-0.05882229521933666,0.0,1286.4,0.0,3.4025456514699544,,,,,,,,,,,2022-09-28 03:00:00
2022-09-28 06:30:00,ETHUSD,entry,long,0.0,0.057689037414479886,1277.7,0.0,4.0,r_trailing_stop,8.0,2022-09-28 10:30:00,1842.6532459614798,1240.9817403230816,1842.6532459614798,1240.9817403230816,0.1723103674782471,,,2022-09-28 06:30:00
2022-09-28 10:30:00,ETHUSD,exit,long,0.057689037414479886,0.0,1302.85,0.0,2.9793952738278584,,,,,,,,,,,2022-09-28 10:30:00
2022-09-29 01:00:00,ETHUSD,entry,long,0.0,0.05632190304281693,1343.25,0.0,-1.4536275913227186,r_trailing_stop,2.0,2022-09-29 02:00:00,1926.4207560110838,1286.8223395191133,1926.4207560110838,1286.8223395191133,0.1888883897846818,,,2022-09-29 01:00:00
2022-09-29 02:00:00,ETHUSD,exit,long,0.05632190304281693,0.0,1335.75,0.0,-3.2123344607533224,,,,,,,,,,,2022-09-29 02:00:00
2022-10-03 07:30:00,ETHUSD,entry,long,0.0,0.0882742480415505,1292.15,0.0,3.449743984612241,r_trailing_stop,12.0,2022-10-03 13:30:00,1660.2149026200175,1264.4868077903986,1660.2149026200175,1264.4868077903986,0.3630280156425447,,,2022-10-03 07:30:00
2022-10-03 13:30:00,ETHUSD,exit,long,0.0882742480415505,0.0,1298.05,0.0,3.0895641270483494,,,,,,,,,,,2022-10-03 13:30:00
2022-10-03 14:30:00,ETHUSD,entry,long,0.0,0.08889812135623593,1320.25,1.0,0.18907186877237409,r_trailing_stop,2.0,2022-10-03 15:30:00,1688.6490024458617,1288.348079804331,1688.6490024458617,1288.348079804331,0.15547161333987083,,,2022-10-03 14:30:00
2022-10-03 15:30:00,ETHUSD,exit,long,0.08889812135623593,0.0,1319.15,1.0,1.3410948281011932,,,,,,,,,,,2022-10-03 15:30:00
2022-10-03 16:00:00,ETHUSD,entry,long,0.0,0.0884552643207589,1316.4,1.0,1.5429576341416362,r_trailing_stop,3.0,2022-10-03 17:30:00,1692.0438352793456,1289.3724931776524,1692.0438352793456,1289.3724931776524,0.12191910274852691,,,2022-10-03 16:00:00
2022-10-03 17:30:00,ETHUSD,exit,long,0.0884552643207589,0.0,1326.35,0.0,-0.08127012060668264,,,,,,,,,,,2022-10-03 17:30:00
2022-10-03 19:30:00,ETHUSD,entry,long,0.0,0.08802148043789165,1317.25,1.0,4.0,r_trailing_stop,8.0,2022-10-03 23:30:00,1691.4416281135752,1287.368669750914,1691.4416281135752,1287.368669750914,0.16789353376865707,,,2022-10-03 19:30:00
2022-10-03 23:30:00,ETHUSD,exit,long,0.08802148043789165,0.0,1323.35,0.0,3.7092713935882906,,,,,,,,,,,2022-10-03 23:30:00
2022-10-04 19:30:00,ETHUSD,entry,short,0.0,-0.09768082566512165,1354.75,-1.0,-0.21553812156562724,max_holding_close,23.0,2022-10-05 07:00:00,1379.9881361473351,1006.1982981583103,1006.1982981583103,1379.9881361473351,-0.07475819206412633,,,2022-10-04 19:30:00
2022-10-05 07:00:00,ETHUSD,exit,short,-0.09768082566512165,0.0,1352.95,0.0,0.4875581766040057,,,,,,,,,,,2022-10-05 07:00:00
2022-10-06 04:30:00,ETHUSD,entry,short,0.0,-0.09319142588957806,1373.05,0.0,-1.3196858485872462,r_trailing_stop,4.0,2022-10-06 06:30:00,1406.1945635016077,1007.3429562299048,1007.3429562299048,1406.1945635016077,0.24577492315964095,,,2022-10-06 04:30:00
2022-10-06 06:30:00,ETHUSD,exit,short,-0.09319142588957806,0.0,1363.85,0.0,-0.8440469709734241,,,,,,,,,,,2022-10-06 06:30:00
2022-10-06 08:30:00,ETHUSD,entry,long,0.0,0.09296552937464697,1359.8,0.0,0.5686209254683005,r_trailing_stop,8.0,2022-10-06 12:30:00,1725.7904010789468,1330.7907679136842,1725.7904010789468,1330.7907679136842,0.26733263118201034,,,2022-10-06 08:30:00
2022-10-06 12:30:00,ETHUSD,exit,long,0.09296552937464697,0.0,1367.75,-1.0,-1.703877499438245,,,,,,,,,,,2022-10-06 12:30:00
2022-10-06 13:00:00,ETHUSD,entry,short,0.0,-0.09551140768475294,1362.55,0.0,-0.543748928785014,r_trailing_stop,1.0,2022-10-06 13:30:00,1396.4926518707534,1009.8168516155797,1009.8168516155797,1396.4926518707534,0.08671291797382606,,,2022-10-06 13:00:00
2022-10-06 13:30:00,ETHUSD,exit,short,-0.09551140768475294,0.0,1364.75,0.0,-1.3213330510275085,,,,,,,,,,,2022-10-06 13:30:00
2022-10-06 21:30:00,ETHUSD,entry,long,0.0,0.08926647002814399,1351.5,0.0,0.7417624118873497,max_holding_close,23.0,2022-10-07 09:00:00,1737.0419125938788,1326.5966469924897,1737.0419125938788,1326.5966469924897,-0.02219656495891722,,,2022-10-06 21:30:00
2022-10-07 09:00:00,ETHUSD,exit,long,0.08926647002814399,0.0,1357.75,0.0,-3.471157555872631,,,,,,,,,,,2022-10-07 09:00:00
2022-10-11 01:30:00,ETHUSD,entry,short,0.0,-0.11141531619207098,1275.9,0.0,-0.1980666238043262,r_trailing_stop,1.0,2022-10-11 02:00:00,1303.1806824367493,992.9414695406333,992.9414695406333,1303.1806824367493,0.1307963768383798,,,2022-10-11 01:30:00
2022-10-11 02:00:00,ETHUSD,exit,short,-0.11141531619207098,0.0,1276.85,0.0,0.39430264735857096,,,,,,,,,,,2022-10-11 02:00:00
2022-10-11 10:00:00,ETHUSD,entry,short,0.0,-0.12086425256751959,1283.25,0.0,-0.5837791886829229,r_trailing_stop,8.0,2022-10-11 14:00:00,1301.739888205938,1015.6763974257744,1015.6763974257744,1301.739888205938,0.11357224568713242,,,2022-10-11 10:00:00
2022-10-11 14:00:00,ETHUSD,exit,short,-0.12086425256751959,0.0,1279.15,0.0,0.7828588185658473,,,,,,,,,,,2022-10-11 14:00:00
2022-10-12 09:30:00,ETHUSD,entry,short,0.0,-0.11831595951475267,1303.0,-1.0,-0.5542268691644864,r_trailing_stop,5.0,2022-10-12 12:00:00,1325.6867565854454,1028.1905426819344,1028.1905426819344,1325.6867565854454,0.0896847769368051,,,2022-10-12 09:30:00
2022-10-12 12:00:00,ETHUSD,exit,short,-0.11831595951475267,0.0,1299.0,0.0,-0.5613155602499276,,,,,,,,,,,2022-10-12 12:00:00
2022-10-13 10:30:00,ETHUSD,entry,long,0.0,0.11323445019470674,1243.35,0.0,4.0,r_trailing_stop,3.0,2022-10-13 12:00:00,1516.8812653223983,1220.603498774208,1516.8812653223983,1220.603498774208,-0.03438714409352568,,,2022-10-13 10:30:00
2022-10-13 12:00:00,ETHUSD,exit,long,0.11323445019470674,0.0,1253.55,0.0,4.0,,,,,,,,,,,2022-10-13 12:00:00
2022-10-14 10:30:00,ETHUSD,entry,long,0.0,0.08000126244629817,1330.45,0.0,-4.0,r_trailing_stop,5.0,2022-10-14 13:00:00,1749.0309284789487,1299.285525721684,1749.0309284789487,1299.285525721684,0.14367980156007246,,,2022-10-14 10:30:00
2022-10-14 13:00:00,ETHUSD,exit,long,0.08000126244629817,0.0,1335.05,0.0,-4.0,,,,,,,,,,,2022-10-14 13:00:00
2022-10-14 14:00:00,ETHUSD,entry,long,0.0,0.079216788730923,1317.8,0.0,-2.192694723781515,stop_loss,9.0,2022-10-14 18:30:00,1750.3262728564907,1296.8598981714808,1750.3262728564907,1296.8598981714808,-1.0415888140837346,,,2022-10-14 14:00:00
2022-10-14 18:30:00,ETHUSD,exit,long,0.079216788730923,0.0,1300.05,0.0,-0.9790017626214469,,,,,,,,,,,2022-10-14 18:30:00
2022-10-14 21:30:00,ETHUSD,entry,long,0.0,0.07491533187866826,1292.0500000000002,1.0,-0.6658313670036057,max_holding_close,23.0,2022-10-15 09:30:00,1727.6213280166498,1260.7682937586678,1727.6213280166498,1260.7682937586678,-0.4788693011395503,,,2022-10-14 21:30:00
2022-10-15 09:30:00,ETHUSD,exit,long,0.07491533187866826,0.0,1280.15,0.0,-0.6308291694284446,,,,,,,,,,,2022-10-15 09:30:00
2022-10-15 21:30:00,ETHUSD,entry,long,0.0,0.1079203565323747,1275.75,0.0,1.7532250586376092,r_trailing_stop,9.0,2022-10-16 02:00:00,1572.3273402856662,1252.9418127771467,1572.3273402856662,1252.9418127771467,0.21808813800475793,,,2022-10-15 21:30:00
2022-10-16 02:00:00,ETHUSD,exit,long,0.1079203565323747,0.0,1282.45,0.0,0.06925943636909708,,,,,,,,,,,2022-10-16 02:00:00
2022-10-16 22:00:00,ETHUSD,entry,long,0.0,0.12459130538103938,1307.4,1.0,2.475857202294435,r_trailing_stop,1.0,2022-10-16 22:30:00,1552.988576155901,1272.686913907528,1552.988576155901,1272.686913907528,0.6016387662395412,,,2022-10-16 22:00:00
2022-10-16 22:30:00,ETHUSD,exit,long,0.12459130538103938,0.0,1308.35,1.0,2.002820043764533,,,,,,,,,,,2022-10-16 22:30:00
2022-10-16 23:00:00,ETHUSD,entry,long,0.0,0.1175062659359682,1304.2,1.0,2.7323010241033248,r_trailing_stop,17.0,2022-10-17 07:30:00,1586.646858692821,1286.0322513045742,1586.646858692821,1286.0322513045742,0.023634405399422798,,,2022-10-16 23:00:00
2022-10-17 07:30:00,ETHUSD,exit,long,0.1175062659359682,0.0,1312.35,0.0,2.4005906956232868,,,,,,,,,,,2022-10-17 07:30:00
2022-10-21 09:00:00,ETHUSD,entry,short,0.0,-0.11471201152609428,1280.55,-1.0,3.4479990010091415,r_trailing_stop,7.0,2022-10-21 12:30:00,1300.5362450582907,999.6719367713667,999.6719367713667,1300.5362450582907,0.5657228244158446,,,2022-10-21 09:00:00
2022-10-21 12:30:00,ETHUSD,exit,short,-0.11471201152609428,0.0,1269.75,0.0,4.0,,,,,,,,,,,2022-10-21 12:30:00
2022-10-23 23:00:00,ETHUSD,entry,short,0.0,-0.1445097873068904,1359.5,0.0,-2.298439735604102,r_trailing_stop,1.0,2022-10-23 23:30:00,1384.2462979663162,1129.1462754210456,1129.1462754210456,1384.2462979663162,0.11401800689308823,,,2022-10-23 23:00:00
2022-10-23 23:30:00,ETHUSD,exit,short,-0.1445097873068904,0.0,1364.1,0.0,-2.1601357183415413,,,,,,,,,,,2022-10-23 23:30:00
2022-10-24 01:00:00,ETHUSD,entry,short,0.0,-0.13564006669436546,1356.55,-1.0,-2.2392194850467346,r_trailing_stop,1.0,2022-10-24 01:30:00,1380.8648677513004,1109.9891531087458,1109.9891531087458,1380.8648677513004,0.13811005556318354,,,2022-10-24 01:00:00
2022-10-24 01:30:00,ETHUSD,exit,short,-0.13564006669436546,0.0,1355.35,0.0,-1.3045621031549484,,,,,,,,,,,2022-10-24 01:30:00
2022-10-24 05:30:00,ETHUSD,entry,short,0.0,-0.13124559761632956,1342.85,-1.0,-1.5939431666409094,r_trailing_stop,1.0,2022-10-24 06:00:00,1367.2218311998063,1090.1771100024228,1090.1771100024228,1367.2218311998063,0.11382829228329668,,,2022-10-24 05:30:00
2022-10-24 06:00:00,ETHUSD,exit,short,-0.13124559761632956,0.0,1345.95,0.0,-1.43361865335517,,,,,,,,,,,2022-10-24 06:00:00
2022-10-24 07:00:00,ETHUSD,entry,short,0.0,-0.12774247776966538,1338.95,-1.0,1.5446607878445935,r_trailing_stop,2.0,2022-10-24 08:00:00,1359.811703943368,1076.8287007078993,1076.8287007078993,1359.811703943368,0.02357668543240053,,,2022-10-24 07:00:00
2022-10-24 08:00:00,ETHUSD,exit,short,-0.12774247776966538,0.0,1335.95,-1.0,2.408710364306472,,,,,,,,,,,2022-10-24 08:00:00
2022-10-24 08:30:00,ETHUSD,entry,short,0.0,-0.12472545079518815,1337.95,0.0,2.499007101153499,r_trailing_stop,12.0,2022-10-24 14:30:00,1357.3214499363676,1068.1318757954054,1068.1318757954054,1357.3214499363676,0.23328509577290946,,,2022-10-24 08:30:00
2022-10-24 14:30:00,ETHUSD,exit,short,-0.12472545079518815,0.0,1334.55,0.0,1.0868420511957093,,,,,,,,,,,2022-10-24 14:30:00
2022-10-24 15:30:00,ETHUSD,entry,long,0.0,0.10990697771064402,1341.65,1.0,0.9791435680074005,r_trailing_stop,2.0,2022-10-24 16:30:00,1640.2002195024397,1311.9339824398048,1640.2002195024397,1311.9339824398048,0.03483043627120895,,,2022-10-24 15:30:00
2022-10-24 16:30:00,ETHUSD,exit,long,0.10990697771064402,0.0,1335.3,0.0,1.8475593435790343,,,,,,,,,,,2022-10-24 16:30:00
2022-10-24 17:30:00,ETHUSD,entry,long,0.0,0.10952236501973356,1334.6,1.0,2.525782915190728,r_trailing_stop,4.0,2022-10-24 19:30:00,1635.0034640299623,1306.8417228776032,1635.0034640299623,1306.8417228776032,0.596598945576358,,,2022-10-24 17:30:00
2022-10-24 19:30:00,ETHUSD,exit,long,0.10952236501973356,0.0,1344.85,0.0,0.3839564686242132,,,,,,,,,,,2022-10-24 19:30:00
2022-10-24 20:30:00,ETHUSD,entry,long,0.0,0.1102366308513382,1351.25,1.0,-1.1623669646394952,r_trailing_stop,2.0,2022-10-24 21:30:00,1654.810111181438,1324.427191105485,1654.810111181438,1324.427191105485,-0.07421890179542023,,,2022-10-24 20:30:00
2022-10-24 21:30:00,ETHUSD,exit,long,0.1102366308513382,0.0,1348.95,0.0,-0.6946926391906166,,,,,,,,,,,2022-10-24 21:30:00
2022-10-24 22:30:00,ETHUSD,entry,long,0.0,0.1076885036043203,1346.25,0.0,-0.09737103023746085,r_trailing_stop,12.0,2022-10-25 04:30:00,1657.1199573274703,1319.9224034138024,1657.1199573274703,1319.9224034138024,-0.01049520513695318,,,2022-10-24 22:30:00
2022-10-25 04:30:00,ETHUSD,exit,long,0.1076885036043203,0.0,1346.55,0.0,4.0,,,,,,,,,,,2022-10-25 04:30:00
2022-10-25 14:00:00,ETHUSD,entry,long,0.0,0.1183572760214104,1380.9499999999998,1.0,4.0,r_trailing_stop,1.0,2022-10-25 14:30:00,1674.3972574710847,1359.0402194023134,1674.3972574710847,1359.0402194023134,-0.12206963965587996,,,2022-10-25 14:00:00
2022-10-25 14:30:00,ETHUSD,exit,long,0.1183572760214104,0.0,1382.35,1.0,4.0,,,,,,,,,,,2022-10-25 14:30:00
2022-10-25 15:00:00,ETHUSD,entry,long,0.0,0.115385948006884,1391.25,0.0,4.0,r_trailing_stop,1.0,2022-10-25 15:30:00,1681.7948743493298,1358.3404100520538,1681.7948743493298,1358.3404100520538,0.31088115515259124,,,2022-10-25 15:00:00
2022-10-25 15:30:00,ETHUSD,exit,long,0.115385948006884,0.0,1408.75,0.0,4.0,,,,,,,,,,,2022-10-25 15:30:00
2022-10-27 11:30:00,ETHUSD,entry,short,0.0,-0.059565007872348905,1551.15,0.0,-2.856025495138265,r_trailing_stop,3.0,2022-10-27 13:00:00,1606.1266068873927,901.7424139075913,901.7424139075913,1606.1266068873927,-0.36858754616806333,,,2022-10-27 11:30:00
2022-10-27 13:00:00,ETHUSD,exit,short,-0.059565007872348905,0.0,1566.25,0.0,-3.4927409273149412,,,,,,,,,,,2022-10-27 13:00:00
2022-10-28 02:30:00,ETHUSD,entry,long,0.0,0.05497071230298705,1501.8000000000002,0.0,2.231124546109194,r_trailing_stop,23.0,2022-10-28 14:00:00,2206.6218780755994,1461.614249753952,2206.6218780755994,1461.614249753952,0.4069412828469821,,,2022-10-28 02:30:00
2022-10-28 14:00:00,ETHUSD,exit,long,0.05497071230298705,0.0,1535.3,0.0,2.4045214692436807,,,,,,,,,,,2022-10-28 14:00:00
2022-11-04 14:30:00,ETHUSD,entry,long,0.0,0.07016229644529452,1660.35,1.0,-0.9403099094308436,r_trailing_stop,1.0,2022-11-04 15:00:00,2244.7041872376576,1607.8236650209874,2244.7041872376576,1607.8236650209874,0.07762896379358986,,,2022-11-04 14:30:00
2022-11-04 15:00:00,ETHUSD,exit,long,0.07016229644529452,0.0,1645.2,1.0,-0.05866771057448792,,,,,,,,,,,2022-11-04 15:00:00
2022-11-04 15:30:00,ETHUSD,entry,long,0.0,0.06894294010891623,1625.4,1.0,1.7707032163993601,r_trailing_stop,19.0,2022-11-05 01:00:00,2241.848432486644,1597.5221254010685,2241.848432486644,1597.5221254010685,0.23723007980442884,,,2022-11-04 15:30:00
2022-11-05 01:00:00,ETHUSD,exit,long,0.06894294010891623,0.0,1654.75,0.0,-1.8473822688015158,,,,,,,,,,,2022-11-05 01:00:00
2022-11-07 00:00:00,ETHUSD,entry,long,0.0,0.09389397468485489,1576.85,1.0,0.011800706132457279,r_trailing_stop,1.0,2022-11-07 00:30:00,1985.8087425241247,1534.84530059807,1985.8087425241247,1534.84530059807,0.19837583566086764,,,2022-11-07 00:00:00
2022-11-07 00:30:00,ETHUSD,exit,long,0.09389397468485489,0.0,1573.65,1.0,1.2983049270218512,,,,,,,,,,,2022-11-07 00:30:00
2022-11-07 01:00:00,ETHUSD,entry,long,0.0,0.09203052239622135,1575.45,0.0,0.3460143000648661,r_trailing_stop,3.0,2022-11-07 02:30:00,2000.7489647766574,1539.1580828178674,2000.7489647766574,1539.1580828178674,0.39404569598609995,,,2022-11-07 01:00:00
2022-11-07 02:30:00,ETHUSD,exit,long,0.09203052239622135,0.0,1593.05,0.0,-2.3816207101726063,,,,,,,,,,,2022-11-07 02:30:00
2022-11-07 03:30:00,ETHUSD,entry,long,0.0,0.09201258870338172,1587.7,0.0,0.5345884096230094,r_trailing_stop,5.0,2022-11-07 06:00:00,2016.4742008904927,1551.1840639287607,2016.4742008904927,1551.1840639287607,0.030031608538362866,,,2022-11-07 03:30:00
2022-11-07 06:00:00,ETHUSD,exit,long,0.09201258870338172,0.0,1583.6,1.0,1.2109452433056815,,,,,,,,,,,2022-11-07 06:00:00
2022-11-07 06:30:00,ETHUSD,entry,long,0.0,0.09264023478643794,1575.85,1.0,1.51305380016346,stop_loss,2.0,2022-11-07 07:30:00,2010.8886190272867,1549.362910477817,2010.8886190272867,1549.362910477817,-1.0486361232628798,,,2022-11-07 06:30:00
2022-11-07 07:30:00,ETHUSD,exit,long,0.09264023478643794,0.0,1550.15,1.0,4.0,,,,,,,,,,,2022-11-07 07:30:00
2022-11-07 08:00:00,ETHUSD,entry,long,0.0,0.08568269892941097,1561.15,1.0,4.0,r_trailing_stop,3.0,2022-11-07 09:30:00,2002.3791705233975,1513.9176663581281,2002.3791705233975,1513.9176663581281,0.5099023593765795,,,2022-11-07 08:00:00
2022-11-07 09:30:00,ETHUSD,exit,long,0.08568269892941097,0.0,1564.6,1.0,1.195851963695484,,,,,,,,,,,2022-11-07 09:30:00
2022-11-07 10:00:00,ETHUSD,entry,long,0.0,0.08466198727068254,1580.75,1.0,-3.09187843431965,r_trailing_stop,1.0,2022-11-07 10:30:00,2026.6784883573187,1527.6877209314146,2026.6784883573187,1527.6877209314146,0.35812132674919284,,,2022-11-07 10:00:00
2022-11-07 10:30:00,ETHUSD,exit,long,0.08466198727068254,0.0,1578.75,1.0,-2.0007382922879167,,,,,,,,,,,2022-11-07 10:30:00
2022-11-07 11:00:00,ETHUSD,entry,long,0.0,0.0835625818267764,1580.15,0.0,-1.1898989207377804,r_trailing_stop,5.0,2022-11-07 13:30:00,2050.8158053075426,1540.7687355753965,2050.8158053075426,1540.7687355753965,-0.046517169998560266,,,2022-11-07 11:00:00
2022-11-07 13:30:00,ETHUSD,exit,long,0.0835625818267764,0.0,1579.7,0.0,-0.8709832847584393,,,,,,,,,,,2022-11-07 13:30:00
2022-11-10 12:30:00,ETHUSD,entry,long,0.0,0.022044680899813342,1199.35,0.0,3.545287364688213,r_trailing_stop,3.0,2022-11-10 14:00:00,2539.2117864185943,1081.9010570865123,2539.2117864185943,1081.9010570865123,0.9370231404772933,,,2022-11-10 12:30:00
2022-11-10 14:00:00,ETHUSD,exit,long,0.022044680899813342,0.0,1296.0500000000002,-1.0,-1.534611770661564,,,,,,,,,,,2022-11-10 14:00:00
2022-11-10 14:30:00,ETHUSD,entry,short,0.0,-0.022653002847960367,1319.35,-1.0,-2.407952424115471,r_trailing_stop,7.0,2022-11-10 18:00:00,1410.3130876332523,-134.26359541565182,-134.26359541565182,1410.3130876332523,0.2878692800999274,,,2022-11-10 14:30:00
2022-11-10 18:00:00,ETHUSD,exit,short,-0.022653002847960367,0.0,1252.2,0.0,0.03211958548072457,,,,,,,,,,,2022-11-10 18:00:00
2022-11-10 21:00:00,ETHUSD,entry,short,0.0,-0.022851257283089,1329.6,0.0,-1.8859702126356523,r_trailing_stop,5.0,2022-11-10 23:30:00,1449.7762934297323,-125.35366787165403,-125.35366787165403,1449.7762934297323,0.2709506721869705,,,2022-11-10 21:00:00
2022-11-10 23:30:00,ETHUSD,exit,short,-0.022851257283089,0.0,1296.9499999999998,0.0,-0.838576705693716,,,,,,,,,,,2022-11-10 23:30:00
2022-11-11 02:30:00,ETHUSD,entry,short,0.0,-0.022501042421771426,1249.85,0.0,0.3540651671741605,r_trailing_stop,2.0,2022-11-11 03:30:00,1362.2492925971746,-138.94115746468304,-138.94115746468304,1362.2492925971746,0.15849258874774716,,,2022-11-11 02:30:00
2022-11-11 03:30:00,ETHUSD,exit,short,-0.022501042421771426,0.0,1235.85,0.0,0.807723622234668,,,,,,,,,,,2022-11-11 03:30:00
2022-11-11 06:00:00,ETHUSD,entry,short,0.0,-0.02335932681116383,1253.15,-1.0,0.820459839851728,r_trailing_stop,17.0,2022-11-11 14:30:00,1370.8652732018381,-88.6909150229767,-88.6909150229767,1370.8652732018381,0.43057942079728995,,,2022-11-11 06:00:00
2022-11-11 14:30:00,ETHUSD,exit,short,-0.02335932681116383,0.0,1259.6,0.0,0.5020919848361846,,,,,,,,,,,2022-11-11 14:30:00
2022-11-11 21:00:00,ETHUSD,entry,long,0.0,0.02370480640658758,1267.95,1.0,-0.2874666544588517,r_trailing_stop,4.0,2022-11-11 23:00:00,2552.5800633583217,1137.5315949313342,2552.5800633583217,1137.5315949313342,0.24466448855645692,,,2022-11-11 21:00:00
2022-11-11 23:00:00,ETHUSD,exit,long,0.02370480640658758,0.0,1271.4,0.0,-0.6216203085135698,,,,,,,,,,,2022-11-11 23:00:00
2022-11-17 16:00:00,ETHUSD,entry,long,0.0,0.05931503192181173,1208.9499999999998,1.0,0.6911581941942554,r_trailing_stop,1.0,2022-11-17 16:30:00,1695.4682660764083,1152.5325387138873,1695.4682660764083,1152.5325387138873,0.2653235695091842,,,2022-11-17 16:00:00
2022-11-17 16:30:00,ETHUSD,exit,long,0.05931503192181173,0.0,1210.15,0.0,0.7904643861741495,,,,,,,,,,,2022-11-17 16:30:00
2022-11-17 17:30:00,ETHUSD,entry,long,0.0,0.058754579691023254,1210.75,0.0,0.6245268482704681,r_trailing_stop,19.0,2022-11-18 03:00:00,1720.7908116389067,1166.0587350688875,1720.7908116389067,1166.0587350688875,0.4193711857955563,,,2022-11-17 17:30:00
2022-11-18 03:00:00,ETHUSD,exit,long,0.058754579691023254,0.0,1223.65,0.0,-1.2613671393296595,,,,,,,,,,,2022-11-18 03:00:00
2022-11-21 03:00:00,ETHUSD,entry,long,0.0,0.07305427175987805,1114.35,0.0,2.1935353734736647,r_trailing_stop,3.0,2022-11-21 04:30:00,1505.2229036866222,1090.7481677050703,1505.2229036866222,1090.7481677050703,0.2710742935487381,,,2022-11-21 03:00:00
2022-11-21 04:30:00,ETHUSD,exit,long,0.07305427175987805,0.0,1127.45,0.0,-1.4840410906065158,,,,,,,,,,,2022-11-21 04:30:00
2022-11-21 09:30:00,ETHUSD,entry,long,0.0,0.06852190123415665,1119.65,0.0,-3.079648092631977,r_trailing_stop,1.0,2022-11-21 10:00:00,1510.407769438671,1074.3493784449065,1510.407769438671,1074.3493784449065,0.3695909529058958,,,2022-11-21 09:30:00
2022-11-21 10:00:00,ETHUSD,exit,long,0.06852190123415665,0.0,1115.0,0.0,-0.47707973906412615,,,,,,,,,,,2022-11-21 10:00:00
2022-11-22 23:00:00,ETHUSD,entry,short,0.0,-0.0557209793848191,1136.5500000000002,0.0,3.757046002818856,stop_loss,23.0,2022-11-23 10:30:00,1177.5515082487836,626.7311468902044,626.7311468902044,1177.5515082487836,-1.02925351417703,,,2022-11-22 23:00:00
2022-11-23 10:30:00,ETHUSD,exit,short,-0.0557209793848191,0.0,1173.65,0.0,-0.03162782316096427,,,,,,,,,,,2022-11-23 10:30:00
2022-11-28 21:30:00,ETHUSD,entry,long,0.0,0.09709951032536247,1172.3,0.0,4.0,r_trailing_stop,9.0,2022-11-29 02:00:00,1472.8091932635289,1147.1252645389177,1472.8091932635289,1147.1252645389177,0.17700453158910517,,,2022-11-28 21:30:00
2022-11-29 02:00:00,ETHUSD,exit,long,0.09709951032536247,0.0,1183.25,0.0,4.0,,,,,,,,,,,2022-11-29 02:00:00
2022-11-29 04:30:00,ETHUSD,entry,long,0.0,0.0973245470012028,1197.55,0.0,1.8210516146118187,r_trailing_stop,1.0,2022-11-29 05:00:00,1499.5117398078553,1168.5330608153715,1499.5117398078553,1168.5330608153715,0.1365299915618627,,,2022-11-29 04:30:00
2022-11-29 05:00:00,ETHUSD,exit,long,0.0973245470012028,0.0,1206.65,0.0,-0.07786022668331624,,,,,,,,,,,2022-11-29 05:00:00
2022-11-29 19:00:00,ETHUSD,entry,long,0.0,0.09610148752362728,1216.45,0.0,4.0,r_trailing_stop,3.0,2022-11-29 20:30:00,1531.3241389997304,1189.9100688800215,1531.3241389997304,1189.9100688800215,0.06817100417636188,,,2022-11-29 19:00:00
2022-11-29 20:30:00,ETHUSD,exit,long,0.09610148752362728,0.0,1222.35,0.0,4.0,,,,,,,,,,,2022-11-29 20:30:00
2022-11-29 22:30:00,ETHUSD,entry,long,0.0,0.09829163255612094,1222.85,0.0,4.0,r_trailing_stop,2.0,2022-11-29 23:30:00,1528.6704339797607,1193.902365281619,1528.6704339797607,1193.902365281619,-0.06370103511642027,,,2022-11-29 22:30:00
2022-11-29 23:30:00,ETHUSD,exit,long,0.09829163255612094,0.0,1216.05,0.0,4.0,,,,,,,,,,,2022-11-29 23:30:00
2022-12-01 06:00:00,ETHUSD,entry,long,0.0,0.0882532289831811,1283.45,0.0,-1.258595367675792,r_trailing_stop,14.0,2022-12-01 13:00:00,1645.8011547499336,1253.4359076200053,1645.8011547499336,1253.4359076200053,0.09876465220529221,,,2022-12-01 06:00:00
2022-12-01 13:00:00,ETHUSD,exit,long,0.0882532289831811,0.0,1286.75,0.0,-0.8220082284985689,,,,,,,,,,,2022-12-01 13:00:00
2022-12-01 22:30:00,ETHUSD,entry,short,0.0,-0.09445144024259274,1277.55,0.0,0.5002374988107287,r_trailing_stop,7.0,2022-12-02 02:00:00,1305.6742298204451,940.1721272444352,940.1721272444352,1305.6742298204451,0.1701791715057574,,,2022-12-01 22:30:00
2022-12-02 02:00:00,ETHUSD,exit,short,-0.09445144024259274,0.0,1271.9,0.0,0.6313819013876166,,,,,,,,,,,2022-12-02 02:00:00
2022-12-05 14:00:00,ETHUSD,entry,short,0.0,-0.12343568282323208,1283.15,-1.0,-3.170402986486593,r_trailing_stop,3.0,2022-12-05 15:30:00,1306.938382720202,1025.6202159974723,1025.6202159974723,1306.938382720202,0.966711101536702,,,2022-12-05 14:00:00
2022-12-05 15:30:00,ETHUSD,exit,short,-0.12343568282323208,0.0,1266.65,-1.0,-0.8392504977423695,,,,,,,,,,,2022-12-05 15:30:00
2022-12-05 16:00:00,ETHUSD,entry,short,0.0,-0.11308899927138007,1261.55,-1.0,-0.20853619423905867,r_trailing_stop,1.0,2022-12-05 16:30:00,1289.0000567369161,986.5992907885461,986.5992907885461,1289.0000567369161,0.16384199571921207,,,2022-12-05 16:00:00
2022-12-05 16:30:00,ETHUSD,exit,short,-0.11308899927138007,0.0,1259.9,0.0,0.2614315980526912,,,,,,,,,,,2022-12-05 16:30:00
2022-12-05 17:30:00,ETHUSD,entry,short,0.0,-0.10843914152104993,1264.9,0.0,-1.3593284630695939,r_trailing_stop,4.0,2022-12-05 19:30:00,1286.2941718697548,971.8228516280651,971.8228516280651,1286.2941718697548,0.344457405262732,,,2022-12-05 17:30:00
2022-12-05 19:30:00,ETHUSD,exit,short,-0.10843914152104993,0.0,1253.65,0.0,1.1473356408800193,,,,,,,,,,,2022-12-05 19:30:00
2022-12-06 04:30:00,ETHUSD,entry,short,0.0,-0.11729747872133796,1261.4,0.0,-1.1308181189937918,r_trailing_stop,13.0,2022-12-06 11:00:00,1281.890658004582,991.766774942726,991.766774942726,1281.890658004582,0.2990406342434829,,,2022-12-06 04:30:00
2022-12-06 11:00:00,ETHUSD,exit,short,-0.11729747872133796,0.0,1254.95,0.0,2.622053102863437,,,,,,,,,,,2022-12-06 11:00:00
2022-12-08 03:00:00,ETHUSD,entry,short,0.0,-0.11387281272390297,1234.3,0.0,2.8200775475235407,r_trailing_stop,3.0,2022-12-08 04:30:00,1254.6557397767901,962.3032527901232,962.3032527901232,1254.6557397767901,0.11074536838240534,,,2022-12-08 03:00:00
2022-12-08 04:30:00,ETHUSD,exit,short,-0.11387281272390297,0.0,1228.0,0.0,4.0,,,,,,,,,,,2022-12-08 04:30:00
2022-12-08 07:30:00,ETHUSD,entry,short,0.0,-0.11954963087135115,1232.65,0.0,4.0,stop_loss,16.0,2022-12-08 15:30:00,1253.2207244809715,974.8409439878537,974.8409439878537,1253.2207244809715,-1.0627635562074593,,,2022-12-08 07:30:00
2022-12-08 15:30:00,ETHUSD,exit,short,-0.11954963087135115,0.0,1250.15,0.0,4.0,,,,,,,,,,,2022-12-08 15:30:00
2022-12-08 19:00:00,ETHUSD,entry,long,0.0,0.11086235555518845,1281.75,0.0,0.21042069484403664,max_holding_close,23.0,2022-12-09 06:30:00,1577.4698561549187,1263.9784115076066,1577.4698561549187,1263.9784115076066,-0.38763756419801876,,,2022-12-08 19:00:00
2022-12-09 06:30:00,ETHUSD,exit,long,0.11086235555518845,0.0,1279.55,0.0,-1.9830868277005897,,,,,,,,,,,2022-12-09 06:30:00
2022-12-09 14:30:00,ETHUSD,entry,long,0.0,0.11141966324285313,1272.55,0.0,-1.5245731139377787,r_trailing_stop,3.0,2022-12-09 16:00:00,1554.8974596849177,1247.1542032252066,1554.8974596849177,1247.1542032252066,0.1520879350701349,,,2022-12-09 14:30:00
2022-12-09 16:00:00,ETHUSD,exit,long,0.11141966324285313,0.0,1277.45,0.0,-2.3587314237912014,,,,,,,,,,,2022-12-09 16:00:00
2022-12-15 13:30:00,ETHUSD,entry,long,0.0,0.11129161381894263,1275.3,1.0,-1.261398548124303,max_holding_close,23.0,2022-12-16 01:00:00,1563.7365270714276,1253.953077834286,1563.7365270714276,1253.953077834286,-0.3286168378287771,,,2022-12-15 13:30:00
2022-12-16 01:00:00,ETHUSD,exit,long,0.11129161381894263,0.0,1270.7,0.0,-4.0,,,,,,,,,,,2022-12-16 01:00:00
2022-12-16 07:30:00,ETHUSD,entry,long,0.0,0.1325942686362432,1277.65,0.0,-4.0,stop_loss,2.0,2022-12-16 08:30:00,1517.534387151897,1257.5412490278482,1517.534387151897,1257.5412490278482,-1.0696119910340276,,,2022-12-16 07:30:00
2022-12-16 08:30:00,ETHUSD,exit,long,0.1325942686362432,0.0,1245.75,0.0,-4.0,,,,,,,,,,,2022-12-16 08:30:00
2022-12-16 14:30:00,ETHUSD,entry,long,0.0,0.10049457502989122,1215.1,1.0,-4.0,stop_loss,3.0,2022-12-16 16:00:00,1518.1292603950017,1191.5056591684,1518.1292603950017,1191.5056591684,-1.0527596518906928,,,2022-12-16 14:30:00
2022-12-16 16:00:00,ETHUSD,exit,long,0.10049457502989122,0.0,1195.2,0.0,-2.496547320999679,,,,,,,,,,,2022-12-16 16:00:00
2022-12-17 18:00:00,ETHUSD,entry,short,0.0,-0.09631718182436314,1176.85,0.0,1.4332074427217816,max_holding_close,23.0,2022-12-18 05:30:00,1198.786095559597,869.5738055050374,869.5738055050374,1198.786095559597,-0.5898082357977051,,,2022-12-17 18:00:00
2022-12-18 05:30:00,ETHUSD,exit,short,-0.09631718182436314,0.0,1187.5500000000002,0.0,-1.7405018286614609,,,,,,,,,,,2022-12-18 05:30:00
2022-12-26 02:00:00,ETHUSD,entry,long,0.0,0.19309939321818978,1220.4,1.0,-1.0079106654615952,max_holding_close,23.0,2022-12-26 13:30:00,1379.135685776896,1208.4031451378485,1379.135685776896,1208.4031451378485,-0.5244072595352028,,,2022-12-26 02:00:00
2022-12-26 13:30:00,ETHUSD,exit,long,0.19309939321818978,0.0,1215.6999999999998,1.0,2.7350410740399917,,,,,,,,,,,2022-12-26 13:30:00
2022-12-26 14:00:00,ETHUSD,entry,long,0.0,0.22466143844046635,1217.1999999999998,0.0,2.757887715999274,r_trailing_stop,11.0,2022-12-26 19:30:00,1350.9257741202368,1204.8279380703812,1350.9257741202368,1204.8279380703812,0.043759452041564006,,,2022-12-26 14:00:00
2022-12-26 19:30:00,ETHUSD,exit,long,0.22466143844046635,0.0,1217.1,0.0,1.8973127315536757,,,,,,,,,,,2022-12-26 19:30:00
2022-12-29 08:30:00,ETHUSD,entry,long,0.0,0.15703303854040573,1191.85,0.0,1.1754991314932572,r_trailing_stop,2.0,2022-12-29 09:30:00,1382.638384490041,1177.5589292407967,1382.638384490041,1177.5589292407967,0.23682415525714254,,,2022-12-29 08:30:00
2022-12-29 09:30:00,ETHUSD,exit,long,0.15703303854040573,0.0,1199.15,0.0,-1.0816481018094162,,,,,,,,,,,2022-12-29 09:30:00
2022-12-29 11:00:00,ETHUSD,entry,long,0.0,0.15585884560661234,1200.05,0.0,0.3651275943025846,r_trailing_stop,6.0,2022-12-29 14:00:00,1392.2497764836996,1184.404017881304,1392.2497764836996,1184.404017881304,-0.02986428513979702,,,2022-12-29 11:00:00
2022-12-29 14:00:00,ETHUSD,exit,long,0.15585884560661234,0.0,1201.5,0.0,-1.2245637024134168,,,,,,,,,,,2022-12-29 14:00:00
2022-12-29 15:00:00,ETHUSD,entry,long,0.0,0.15735614227067338,1202.85,1.0,-1.2391134284848604,r_trailing_stop,1.0,2022-12-29 15:30:00,1392.9680776763707,1186.7225537858903,1392.9680776763707,1186.7225537858903,-0.023701605289594734,,,2022-12-29 15:00:00
2022-12-29 15:30:00,ETHUSD,exit,long,0.15735614227067338,0.0,1201.15,1.0,-0.9538891541318945,,,,,,,,,,,2022-12-29 15:30:00
2022-12-29 16:00:00,ETHUSD,entry,long,0.0,0.1569539610876923,1199.6,0.0,-0.8020041383400948,max_holding_close,23.0,2022-12-30 03:30:00,1392.4140630023553,1185.7948749598115,1392.4140630023553,1185.7948749598115,-0.3176161571522844,,,2022-12-29 16:00:00
2022-12-30 03:30:00,ETHUSD,exit,long,0.1569539610876923,0.0,1197.5,0.0,-0.6647236839812194,,,,,,,,,,,2022-12-30 03:30:00
2022-12-30 06:00:00,ETHUSD,entry,long,0.0,0.16143312269063367,1194.6,0.0,0.23101623231980944,r_trailing_stop,19.0,2022-12-30 15:30:00,1377.9246577829822,1178.3680273773616,1377.9246577829822,1178.3680273773616,-0.04416240759370684,,,2022-12-30 06:00:00
2022-12-30 15:30:00,ETHUSD,exit,long,0.16143312269063367,0.0,1195.0,1.0,-0.32032109135577785,,,,,,,,,,,2022-12-30 15:30:00
2022-12-30 16:00:00,ETHUSD,entry,long,0.0,0.15311348194616098,1192.35,1.0,0.3720736989574323,r_trailing_stop,11.0,2022-12-30 21:30:00,1389.9422258466016,1179.2426219322717,1389.9422258466016,1179.2426219322717,0.1950513602218562,,,2022-12-30 16:00:00
2022-12-30 21:30:00,ETHUSD,exit,long,0.15311348194616098,0.0,1198.5,0.0,-0.7274242569280411,,,,,,,,,,,2022-12-30 21:30:00
2023-01-04 01:30:00,ETHUSD,entry,long,0.0,0.21026420723719735,1223.75,1.0,4.0,r_trailing_stop,2.0,2023-01-04 02:30:00,1371.3214254513382,1213.9422859638928,1371.3214254513382,1213.9422859638928,0.039726484846487484,,,2023-01-04 01:30:00
2023-01-04 02:30:00,ETHUSD,exit,long,0.21026420723719735,0.0,1231.5,1.0,4.0,,,,,,,,,,,2023-01-04 02:30:00
2023-01-04 03:00:00,ETHUSD,entry,long,0.0,0.20091184716250435,1247.45,1.0,0.7323004121411986,r_trailing_stop,1.0,2023-01-04 03:30:00,1384.851291224733,1219.3398967020212,1384.851291224733,1219.3398967020212,1.191410842550436,,,2023-01-04 03:00:00
2023-01-04 03:30:00,ETHUSD,exit,long,0.20091184716250435,0.0,1250.75,1.0,1.3854662828774253,,,,,,,,,,,2023-01-04 03:30:00
2023-01-04 04:00:00,ETHUSD,entry,long,0.0,0.17682366680321374,1250.1,1.0,1.104730130091881,r_trailing_stop,1.0,2023-01-04 04:30:00,1427.6428432988002,1236.652572536096,1427.6428432988002,1236.652572536096,-0.138777173801329,,,2023-01-04 04:00:00
2023-01-04 04:30:00,ETHUSD,exit,long,0.17682366680321374,0.0,1250.35,0.0,1.065108916830385,,,,,,,,,,,2023-01-04 04:30:00
2023-01-04 07:00:00,ETHUSD,entry,short,0.0,-0.17735977201972405,1249.8,-1.0,0.945696394664848,r_trailing_stop,17.0,2023-01-04 15:30:00,1264.6012810938992,1074.2339863262605,1074.2339863262605,1264.6012810938992,-0.05411033188539062,,,2023-01-04 07:00:00
2023-01-04 15:30:00,ETHUSD,exit,short,-0.17735977201972405,0.0,1255.65,0.0,-0.7903021898698546,,,,,,,,,,,2023-01-04 15:30:00
2023-01-05 07:30:00,ETHUSD,entry,long,0.0,0.17565275210901465,1250.9,0.0,0.8060050247944608,r_trailing_stop,7.0,2023-01-05 11:00:00,1426.1943408243824,1234.2844527340494,1426.1943408243824,1234.2844527340494,0.06768665027297759,,,2023-01-05 07:30:00
2023-01-05 11:00:00,ETHUSD,exit,long,0.17565275210901465,0.0,1251.0500000000002,0.0,-0.3343375948156875,,,,,,,,,,,2023-01-05 11:00:00
2023-01-05 12:00:00,ETHUSD,entry,long,0.0,0.18095169163945418,1252.05,1.0,-0.01435888264566018,max_holding_close,23.0,2023-01-05 23:30:00,1428.673358000582,1241.3761313599534,1428.673358000582,1241.3761313599534,-0.3869153326495622,,,2023-01-05 12:00:00
2023-01-05 23:30:00,ETHUSD,exit,long,0.18095169163945418,0.0,1251.2,0.0,-2.3212201792828093,,,,,,,,,,,2023-01-05 23:30:00
2023-01-06 01:00:00,ETHUSD,entry,long,0.0,0.18629554010719776,1254.65,0.0,-4.0,stop_loss,20.0,2023-01-06 11:00:00,1423.8688746812754,1241.922490025498,1423.8688746812754,1241.922490025498,-1.097805158556279,,,2023-01-06 01:00:00
2023-01-06 11:00:00,ETHUSD,exit,long,0.18629554010719776,0.0,1242.8,-1.0,4.0,,,,,,,,,,,2023-01-06 11:00:00
2023-01-06 11:30:00,ETHUSD,entry,short,0.0,-0.1957308607711809,1243.45,-1.0,4.0,r_trailing_stop,5.0,2023-01-06 14:00:00,1255.4485595945735,1084.0180050678318,1084.0180050678318,1255.4485595945735,-0.7012517784934678,,,2023-01-06 11:30:00
2023-01-06 14:00:00,ETHUSD,exit,short,-0.1957308607711809,0.0,1250.65,-1.0,4.0,,,,,,,,,,,2023-01-06 14:00:00
2023-01-06 14:30:00,ETHUSD,entry,short,0.0,-0.17974655233443376,1248.3,-1.0,4.0,r_trailing_stop,1.0,2023-01-06 15:00:00,1264.5151486774905,1076.6606415313668,1076.6606415313668,1264.5151486774905,0.06373413756148893,,,2023-01-06 14:30:00
2023-01-06 15:00:00,ETHUSD,exit,short,-0.17974655233443376,0.0,1250.25,-1.0,4.0,,,,,,,,,,,2023-01-06 15:00:00
2023-01-06 15:30:00,ETHUSD,entry,short,0.0,-0.1756695492779947,1262.65,0.0,0.9647533920005525,stop_loss,1.0,2023-01-06 16:00:00,1264.4335425250233,1072.2807184372098,1072.2807184372098,1264.4335425250233,-1.0922265133709472,,,2023-01-06 15:30:00
2023-01-06 16:00:00,ETHUSD,exit,short,-0.1756695492779947,0.0,1260.4,0.0,1.2034455915923292,,,,,,,,,,,2023-01-06 16:00:00
2023-01-07 01:00:00,ETHUSD,entry,short,0.0,-0.1621446267088928,1269.05,0.0,-1.1695168246960104,r_trailing_stop,11.0,2023-01-07 06:30:00,1286.1711946092546,1074.6100673843175,1074.6100673843175,1286.1711946092546,0.3290750117301357,,,2023-01-07 01:00:00
2023-01-07 06:30:00,ETHUSD,exit,short,-0.1621446267088928,0.0,1264.55,0.0,-0.1907063440312794,,,,,,,,,,,2023-01-07 06:30:00
2023-01-09 08:30:00,ETHUSD,entry,short,0.0,-0.17505797727954328,1310.15,0.0,2.7796906595752606,stop_loss,3.0,2023-01-09 10:00:00,1324.258472848218,1122.3190893972758,1122.3190893972758,1324.258472848218,-1.0919054380717603,,,2023-01-09 08:30:00
2023-01-09 10:00:00,ETHUSD,exit,short,-0.17505797727954328,0.0,1323.15,0.0,-1.4356734437218716e-13,,,,,,,,,,,2023-01-09 10:00:00
2023-01-10 10:30:00,ETHUSD,entry,short,0.0,-0.13749800941703666,1333.6,0.0,0.22874334726098525,r_trailing_stop,4.0,2023-01-10 12:30:00,1352.7444625911767,1090.9192176102893,1090.9192176102893,1352.7444625911767,0.22046321806831926,,,2023-01-10 10:30:00
2023-01-10 12:30:00,ETHUSD,exit,short,-0.13749800941703666,0.0,1325.6,0.0,2.6245009869615465,,,,,,,,,,,2023-01-10 12:30:00
2023-01-10 15:00:00,ETHUSD,entry,short,0.0,-0.13613445000566096,1335.45,0.0,-0.8389152202850971,max_holding_close,23.0,2023-01-11 02:30:00,1351.7718277033418,1087.552153708227,1087.552153708227,1351.7718277033418,0.010279571384421779,,,2023-01-10 15:00:00
2023-01-11 02:30:00,ETHUSD,exit,short,-0.13613445000566096,0.0,1330.6,0.0,0.42162644818367023,,,,,,,,,,,2023-01-11 02:30:00
2023-01-11 19:30:00,ETHUSD,entry,short,0.0,-0.14617899810772483,1342.8,0.0,4.0,stop_loss,7.0,2023-01-11 23:00:00,1359.1446325033903,1111.492093707621,1111.492093707621,1359.1446325033903,-1.0767439740065554,,,2023-01-11 19:30:00
2023-01-11 23:00:00,ETHUSD,exit,short,-0.14617899810772483,0.0,1368.4,0.0,4.0,,,,,,,,,,,2023-01-11 23:00:00
2023-01-13 11:00:00,ETHUSD,entry,long,0.0,0.10278910969928776,1412.25,0.0,4.0,r_trailing_stop,9.0,2023-01-13 15:30:00,1761.1403905492275,1389.0367687560617,1761.1403905492275,1389.0367687560617,0.1040169989181625,,,2023-01-13 11:00:00
2023-01-13 15:30:00,ETHUSD,exit,long,0.10278910969928776,0.0,1422.15,0.0,4.0,,,,,,,,,,,2023-01-13 15:30:00
2023-01-14 23:00:00,ETHUSD,entry,short,0.0,-0.0738491649839704,1552.75,0.0,-1.7646191148618056,r_trailing_stop,4.0,2023-01-15 01:00:00,1593.3126618990677,1026.141726261657,1026.141726261657,1593.3126618990677,0.5110634277728695,,,2023-01-14 23:00:00
2023-01-15 01:00:00,ETHUSD,exit,short,-0.0738491649839704,0.0,1522.45,1.0,1.1599489322340812,,,,,,,,,,,2023-01-15 01:00:00
2023-01-15 01:30:00,ETHUSD,entry,long,0.0,0.07149653008633518,1528.9,0.0,0.283626501441866,r_trailing_stop,22.0,2023-01-15 12:30:00,2054.8684933246113,1479.910520534031,2054.8684933246113,1479.910520534031,0.1855241035832228,,,2023-01-15 01:30:00
2023-01-15 12:30:00,ETHUSD,exit,long,0.07149653008633518,0.0,1532.05,0.0,2.9633809909015243,,,,,,,,,,,2023-01-15 12:30:00
2023-01-15 14:00:00,ETHUSD,entry,short,0.0,-0.09008083334570775,1532.35,0.0,4.0,stop_loss,6.0,2023-01-15 17:00:00,1565.758344352711,1106.6456955911126,1106.6456955911126,1565.758344352711,-1.0472924375064965,,,2023-01-15 14:00:00
2023-01-15 17:00:00,ETHUSD,exit,short,-0.09008083334570775,0.0,1558.15,-1.0,1.5434087795283393,,,,,,,,,,,2023-01-15 17:00:00
2023-01-15 17:30:00,ETHUSD,entry,short,0.0,-0.08650584183735538,1551.85,0.0,2.722881959640272,r_trailing_stop,1.0,2023-01-15 18:00:00,1594.2764686616138,1107.919141729828,1107.919141729828,1594.2764686616138,0.1350073343486581,,,2023-01-15 17:30:00
2023-01-15 18:00:00,ETHUSD,exit,short,-0.08650584183735538,0.0,1543.45,0.0,3.1768795801096426,,,,,,,,,,,2023-01-15 18:00:00
2023-01-15 19:00:00,ETHUSD,entry,short,0.0,-0.08318276323816791,1551.25,-1.0,1.7420995454295347,max_holding_close,23.0,2023-01-16 06:30:00,1585.2704514429904,1082.7943569626193,1082.7943569626193,1585.2704514429904,-0.6710142282463769,,,2023-01-15 19:00:00
2023-01-16 06:30:00,ETHUSD,exit,short,-0.08318276323816791,0.0,1571.4,0.0,0.13379998931437984,,,,,,,,,,,2023-01-16 06:30:00
2023-01-20 22:30:00,ETHUSD,entry,long,0.0,0.08798235996584088,1651.45,1.0,-1.057578840629475,r_trailing_stop,3.0,2023-01-21 00:00:00,2121.34807043178,1614.3981543654575,2121.34807043178,1614.3981543654575,0.10708740660010958,,,2023-01-20 22:30:00
2023-01-21 00:00:00,ETHUSD,exit,long,0.08798235996584088,0.0,1661.4,0.0,-0.8417014746509582,,,,,,,,,,,2023-01-21 00:00:00
2023-01-21 15:30:00,ETHUSD,entry,short,0.0,-0.08570357153746554,1647.75,0.0,-2.4797524568468634,r_trailing_stop,1.0,2023-01-21 16:00:00,1701.3988498069345,1177.6143774133175,1177.6143774133175,1701.3988498069345,0.292651961735016,,,2023-01-21 15:30:00
2023-01-21 16:00:00,ETHUSD,exit,short,-0.08570357153746554,0.0,1656.1999999999998,0.0,-3.180789768367862,,,,,,,,,,,2023-01-21 16:00:00
2023-01-21 23:00:00,ETHUSD,entry,long,0.0,0.08053406956471519,1628.45,1.0,-0.6537290418225654,r_trailing_stop,1.0,2023-01-21 23:30:00,2133.5727387241554,1587.7161809020677,2133.5727387241554,1587.7161809020677,-0.033624266278360695,,,2023-01-21 23:00:00
2023-01-21 23:30:00,ETHUSD,exit,long,0.08053406956471519,0.0,1626.5500000000002,1.0,-0.19409906321529544,,,,,,,,,,,2023-01-21 23:30:00
2023-01-22 00:00:00,ETHUSD,entry,long,0.0,0.07892795533691192,1634.6,1.0,-1.2595036132515838,max_holding_close,23.0,2023-01-22 11:30:00,2141.6850168476813,1585.2851986521855,2141.6850168476813,1585.2851986521855,-0.08875027612365455,,,2023-01-22 00:00:00
2023-01-22 11:30:00,ETHUSD,exit,long,0.07892795533691192,0.0,1624.55,0.0,0.36966607328722545,,,,,,,,,,,2023-01-22 11:30:00
2023-01-22 15:30:00,ETHUSD,entry,short,0.0,-0.09202738310097831,1635.6999999999998,-1.0,-0.5440971961945603,r_trailing_stop,10.0,2023-01-22 20:30:00,1668.6937833711504,1189.5277078606186,1189.5277078606186,1668.6937833711504,0.1827119958497016,,,2023-01-22 15:30:00
2023-01-22 20:30:00,ETHUSD,exit,short,-0.09202738310097831,0.0,1613.95,1.0,1.9206806887349692,,,,,,,,,,,2023-01-22 20:30:00
2023-01-22 21:00:00,ETHUSD,entry,long,0.0,0.08610785091451845,1618.1,0.0,1.7147830748872497,r_trailing_stop,2.0,2023-01-22 22:00:00,2082.5983864590526,1576.5121290832758,2082.5983864590526,1576.5121290832758,0.2526006683551662,,,2023-01-22 21:00:00
2023-01-22 22:00:00,ETHUSD,exit,long,0.08610785091451845,0.0,1623.8000000000002,0.0,1.4734733202189958,,,,,,,,,,,2023-01-22 22:00:00
2023-01-25 16:00:00,ETHUSD,entry,short,0.0,-0.08721630515046765,1551.5500000000002,-1.0,4.0,stop_loss,8.0,2023-01-25 20:00:00,1580.0199824754147,1101.850219057314,1101.850219057314,1580.0199824754147,-1.0457885602039956,,,2023-01-25 16:00:00
2023-01-25 20:00:00,ETHUSD,exit,short,-0.08721630515046765,0.0,1578.5,1.0,3.061545417095608,,,,,,,,,,,2023-01-25 20:00:00
2023-01-25 20:30:00,ETHUSD,entry,long,0.0,0.08932808661150843,1580.9,1.0,3.1298393816461076,r_trailing_stop,3.0,2023-01-25 22:00:00,2020.4623291013763,1543.30501367189,2020.4623291013763,1543.30501367189,1.1168405499542047,,,2023-01-25 20:30:00
2023-01-25 22:00:00,ETHUSD,exit,long,0.08932808661150843,0.0,1617.0,0.0,-0.9397075589544557,,,,,,,,,,,2023-01-25 22:00:00
2023-01-26 13:30:00,ETHUSD,entry,short,0.0,-0.08382548334395457,1618.25,-1.0,-4.0,r_trailing_stop,1.0,2023-01-26 14:00:00,1650.1537001328543,1131.0287483393215,1131.0287483393215,1650.1537001328543,-0.2130428273923259,,,2023-01-26 13:30:00
2023-01-26 14:00:00,ETHUSD,exit,short,-0.08382548334395457,0.0,1618.4,0.0,-4.0,,,,,,,,,,,2023-01-26 14:00:00
2023-01-31 06:00:00,ETHUSD,entry,long,0.0,0.08986529552035144,1565.35,0.0,2.9989439714047994,r_trailing_stop,4.0,2023-01-31 08:00:00,1997.0505486220122,1527.6279561102392,1997.0505486220122,1527.6279561102392,0.358427384883971,,,2023-01-31 06:00:00
2023-01-31 08:00:00,ETHUSD,exit,long,0.08986529552035144,0.0,1573.6,0.0,1.7918639245309111,,,,,,,,,,,2023-01-31 08:00:00
2023-01-31 11:00:00,ETHUSD,entry,long,0.0,0.09514904321647066,1568.25,0.0,1.8040566457963876,r_trailing_stop,5.0,2023-01-31 13:30:00,1979.0381659709383,1534.306946722325,1979.0381659709383,1534.306946722325,0.13521477388432107,,,2023-01-31 11:00:00
2023-01-31 13:30:00,ETHUSD,exit,long,0.09514904321647066,0.0,1587.35,1.0,0.1866532948698935,,,,,,,,,,,2023-01-31 13:30:00
2023-01-31 14:00:00,ETHUSD,entry,long,0.0,0.09876137111903947,1582.5500000000002,0.0,0.11223530349156254,r_trailing_stop,4.0,2023-01-31 16:00:00,1989.1018335546369,1555.1558533156292,1989.1018335546369,1555.1558533156292,-0.006740418469576597,,,2023-01-31 14:00:00
2023-01-31 16:00:00,ETHUSD,exit,long,0.09876137111903947,0.0,1589.6,0.0,-0.7222081135006788,,,,,,,,,,,2023-01-31 16:00:00
2023-01-31 17:00:00,ETHUSD,entry,long,0.0,0.0991138278481008,1593.15,0.0,-0.9849532855819282,max_holding_close,23.0,2023-02-01 04:30:00,1995.6872995023616,1561.5410160398112,1995.6872995023616,1561.5410160398112,-0.3832019386948215,,,2023-01-31 17:00:00
2023-02-01 04:30:00,ETHUSD,exit,long,0.0991138278481008,0.0,1583.05,0.0,-0.9228619051847265,,,,,,,,,,,2023-02-01 04:30:00
2023-02-01 06:30:00,ETHUSD,entry,long,0.0,0.09979320218865469,1575.1,1.0,0.6897474092366744,r_trailing_stop,14.0,2023-02-01 13:30:00,1974.6930778267792,1547.4525537738575,1974.6930778267792,1547.4525537738575,0.08802886844379051,,,2023-02-01 06:30:00
2023-02-01 13:30:00,ETHUSD,exit,long,0.09979320218865469,0.0,1581.5,0.0,4.0,,,,,,,,,,,2023-02-01 13:30:00
2023-02-01 19:30:00,ETHUSD,entry,long,0.0,0.09850342675275282,1617.9,0.0,4.0,r_trailing_stop,1.0,2023-02-01 20:00:00,1975.359185598325,1543.511265152134,1975.359185598325,1543.511265152134,1.2800045139244238,,,2023-02-01 19:30:00
2023-02-01 20:00:00,ETHUSD,exit,long,0.09850342675275282,0.0,1634.95,0.0,3.728032949868121,,,,,,,,,,,2023-02-01 20:00:00
2023-02-02 14:30:00,ETHUSD,entry,short,0.0,-0.09682005129450409,1656.65,0.0,-1.8757438057102649,r_trailing_stop,1.0,2023-02-02 15:00:00,1718.786182768643,1249.1727153919637,1249.1727153919637,1718.786182768643,0.7296517749248358,,,2023-02-02 14:30:00
2023-02-02 15:00:00,ETHUSD,exit,short,-0.09682005129450409,0.0,1664.1999999999998,0.0,-2.9321992757177138,,,,,,,,,,,2023-02-02 15:00:00
2023-02-02 16:00:00,ETHUSD,entry,short,0.0,-0.08739557921103187,1680.85,-1.0,-3.9264939061436492,r_trailing_stop,8.0,2023-02-02 20:00:00,1716.604688547179,1198.141393160261,1198.141393160261,1716.604688547179,0.030930858833562485,,,2023-02-02 16:00:00
2023-02-02 20:00:00,ETHUSD,exit,short,-0.08739557921103187,0.0,1674.3,0.0,-3.4254843940589614,,,,,,,,,,,2023-02-02 20:00:00
2023-02-03 13:30:00,ETHUSD,entry,short,0.0,-0.08895339345178743,1637.0,-1.0,2.152491170905426,r_trailing_stop,1.0,2023-02-03 14:00:00,1685.104235618189,1184.8720547726377,1184.8720547726377,1685.104235618189,0.25286036383383975,,,2023-02-03 13:30:00
2023-02-03 14:00:00,ETHUSD,exit,short,-0.08895339345178743,0.0,1633.85,-1.0,1.9395349313742425,,,,,,,,,,,2023-02-03 14:00:00
2023-02-03 14:30:00,ETHUSD,entry,short,0.0,-0.08541534159515787,1661.9499999999998,0.0,-0.42432375437939135,stop_loss,1.0,2023-02-03 15:00:00,1672.0554227259013,1155.6072159262376,1155.6072159262376,1672.0554227259013,-1.0448430543374578,,,2023-02-03 14:30:00
2023-02-03 15:00:00,ETHUSD,exit,short,-0.08541534159515787,0.0,1666.55,0.0,-1.0502451545644378,,,,,,,,,,,2023-02-03 15:00:00
2023-02-04 06:30:00,ETHUSD,entry,short,0.0,-0.09375945615521218,1653.9,0.0,2.873736667693377,stop_loss,13.0,2023-02-04 13:00:00,1688.0051106368192,1212.0611170397606,1212.0611170397606,1688.0051106368192,-1.0492237144814864,,,2023-02-04 06:30:00
2023-02-04 13:00:00,ETHUSD,exit,short,-0.09375945615521218,0.0,1689.25,0.0,-2.7298638570328766,,,,,,,,,,,2023-02-04 13:00:00
2023-02-08 23:30:00,ETHUSD,entry,short,0.0,-0.10166108365149511,1650.35,0.0,-2.127705574185615,r_trailing_stop,8.0,2023-02-09 03:30:00,1680.9822728184054,1243.1465897699354,1243.1465897699354,1680.9822728184054,0.9147993625399884,,,2023-02-08 23:30:00
2023-02-09 03:30:00,ETHUSD,exit,short,-0.10166108365149511,0.0,1619.35,0.0,1.5195407882825178,,,,,,,,,,,2023-02-09 03:30:00
2023-02-09 07:00:00,ETHUSD,entry,short,0.0,-0.0988300389275964,1629.85,0.0,-4.0,r_trailing_stop,12.0,2023-02-09 13:00:00,1667.6279997202569,1221.0750034967905,1221.0750034967905,1667.6279997202569,-0.11083733995422083,,,2023-02-09 07:00:00
2023-02-09 13:00:00,ETHUSD,exit,short,-0.0988300389275964,0.0,1634.75,0.0,-4.0,,,,,,,,,,,2023-02-09 13:00:00
2023-02-09 16:30:00,ETHUSD,entry,short,0.0,-0.1053861258292933,1622.15,0.0,-4.0,r_trailing_stop,1.0,2023-02-09 17:00:00,1656.5522585341705,1240.0467683228662,1240.0467683228662,1656.5522585341705,0.05811616669859215,,,2023-02-09 16:30:00
2023-02-09 17:00:00,ETHUSD,exit,short,-0.1053861258292933,0.0,1627.1999999999998,0.0,-4.0,,,,,,,,,,,2023-02-09 17:00:00
2023-02-10 12:30:00,ETHUSD,entry,short,0.0,-0.08770617020770859,1534.3000000000002,0.0,-2.086610504272877,r_trailing_stop,7.0,2023-02-10 16:00:00,1574.0433120521716,1100.2835993478539,1100.2835993478539,1574.0433120521716,0.42270454489865866,,,2023-02-10 12:30:00
2023-02-10 16:00:00,ETHUSD,exit,short,-0.08770617020770859,0.0,1522.15,0.0,-0.32279408067672627,,,,,,,,,,,2023-02-10 16:00:00
2023-02-10 20:00:00,ETHUSD,entry,short,0.0,-0.08468462959311635,1530.55,0.0,-1.1413720416456061,r_trailing_stop,4.0,2023-02-10 22:00:00,1570.7915235769005,1081.5309552887456,1081.5309552887456,1570.7915235769005,0.7598665779479744,,,2023-02-10 20:00:00
2023-02-10 22:00:00,ETHUSD,exit,short,-0.08468462959311635,0.0,1507.2,0.0,1.1468715205914763,,,,,,,,,,,2023-02-10 22:00:00
2023-02-11 08:00:00,ETHUSD,entry,short,0.0,-0.09417736282606337,1520.3,0.0,0.3638179534913865,r_trailing_stop,22.0,2023-02-11 19:00:00,1553.0965085104108,1117.0936436198651,1117.0936436198651,1553.0965085104108,0.13014286044713164,,,2023-02-11 08:00:00
2023-02-11 19:00:00,ETHUSD,exit,short,-0.09417736282606337,0.0,1517.05,0.0,2.2354364457354587,,,,,,,,,,,2023-02-11 19:00:00
2023-02-15 12:00:00,ETHUSD,entry,long,0.0,0.1088633569182924,1586.65,1.0,4.0,r_trailing_stop,1.0,2023-02-15 12:30:00,1933.1874612046872,1543.267003103625,1933.1874612046872,1543.267003103625,0.4448722044357095,,,2023-02-15 12:00:00
2023-02-15 12:30:00,ETHUSD,exit,long,0.1088633569182924,0.0,1584.8,1.0,4.0,,,,,,,,,,,2023-02-15 12:30:00
2023-02-15 13:00:00,ETHUSD,entry,long,0.0,0.10596388782417056,1583.4,0.0,4.0,r_trailing_stop,12.0,2023-02-15 19:00:00,1958.7009658247232,1554.8879227340221,1958.7009658247232,1554.8879227340221,0.15535364462100376,,,2023-02-15 13:00:00
2023-02-15 19:00:00,ETHUSD,exit,long,0.10596388782417056,0.0,1619.25,0.0,4.0,,,,,,,,,,,2023-02-15 19:00:00
2023-02-16 07:00:00,ETHUSD,entry,long,0.0,0.09374256101825058,1679.8000000000002,1.0,3.4553273127826065,r_trailing_stop,14.0,2023-02-16 14:00:00,2134.495659158472,1649.1483472673222,2134.495659158472,1649.1483472673222,-0.36074433340894685,,,2023-02-16 07:00:00
2023-02-16 14:00:00,ETHUSD,exit,long,0.09374256101825058,0.0,1671.6,0.0,-1.1529967458206836,,,,,,,,,,,2023-02-16 14:00:00
2023-02-16 15:00:00,ETHUSD,entry,short,0.0,-0.09475639271866479,1685.75,0.0,-2.2119216481580843,stop_loss,1.0,2023-02-16 15:30:00,1714.4892975888217,1236.0587801397314,1236.0587801397314,1714.4892975888217,-1.0497471061772992,,,2023-02-16 15:00:00
2023-02-16 15:30:00,ETHUSD,exit,short,-0.09475639271866479,0.0,1724.1,0.0,-4.0,,,,,,,,,,,2023-02-16 15:30:00
2023-02-17 14:30:00,ETHUSD,entry,short,0.0,-0.0870833944509998,1657.6,0.0,3.8130325120383413,r_trailing_stop,1.0,2023-02-17 15:00:00,1703.2903559369038,1187.0455507887064,1187.0455507887064,1703.2903559369038,0.150409099473087,,,2023-02-17 14:30:00
2023-02-17 15:00:00,ETHUSD,exit,short,-0.0870833944509998,0.0,1666.6,0.0,2.935852120354406,,,,,,,,,,,2023-02-17 15:00:00
2023-02-18 12:30:00,ETHUSD,entry,short,0.0,-0.0951483434004518,1698.9,0.0,0.01134198722469331,r_trailing_stop,15.0,2023-02-18 20:00:00,1732.1090548899024,1250.711813876219,1250.711813876219,1732.1090548899024,0.17860056918679276,,,2023-02-18 12:30:00
2023-02-18 20:00:00,ETHUSD,exit,short,-0.0951483434004518,0.0,1684.85,0.0,1.0637400013361178,,,,,,,,,,,2023-02-18 20:00:00
2023-02-23 11:30:00,ETHUSD,entry,long,0.0,0.09499846621098906,1637.5,0.0,1.5017869190093522,r_trailing_stop,4.0,2023-02-23 13:30:00,2071.7122316010295,1605.5710214719174,2071.7122316010295,1605.5710214719174,0.6220252065241934,,,2023-02-23 11:30:00
2023-02-23 13:30:00,ETHUSD,exit,long,0.09499846621098906,0.0,1655.9,0.0,-0.21699061933907657,,,,,,,,,,,2023-02-23 13:30:00
2023-02-24 00:30:00,ETHUSD,entry,long,0.0,0.08700715583090136,1651.75,0.0,-0.6586829233655287,r_trailing_stop,2.0,2023-02-24 01:30:00,2126.931067870744,1614.2215145703406,2126.931067870744,1614.2215145703406,0.09387393835394274,,,2023-02-24 00:30:00
2023-02-24 01:30:00,ETHUSD,exit,long,0.08700715583090136,0.0,1653.85,0.0,-1.956096046400393,,,,,,,,,,,2023-02-24 01:30:00
2023-02-24 03:00:00,ETHUSD,entry,long,0.0,0.08886770500249329,1650.3000000000002,0.0,-3.228393430234952,max_holding_close,23.0,2023-02-24 14:30:00,2112.699606545409,1611.7420314763672,2112.699606545409,1611.7420314763672,-0.3673413835984813,,,2023-02-24 03:00:00
2023-02-24 14:30:00,ETHUSD,exit,long,0.08886770500249329,0.0,1636.9499999999998,0.0,-4.0,,,,,,,,,,,2023-02-24 14:30:00
2023-02-24 15:30:00,ETHUSD,entry,long,0.0,0.09724113140544323,1603.05,1.0,-0.5065551260736294,stop_loss,1.0,2023-02-24 16:00:00,2037.3075338481926,1587.3173972921447,2037.3075338481926,1587.3173972921447,-1.0510515939878577,,,2023-02-24 15:30:00
2023-02-24 16:00:00,ETHUSD,exit,long,0.09724113140544323,0.0,1588.3,0.0,1.2816089887720699,,,,,,,,,,,2023-02-24 16:00:00
2023-02-24 18:30:00,ETHUSD,entry,long,0.0,0.08871049638847421,1596.75,0.0,0.45824191278954,r_trailing_stop,4.0,2023-02-24 20:30:00,2045.7135750484188,1559.9689139961265,2045.7135750484188,1559.9689139961265,0.5356773416434659,,,2023-02-24 18:30:00
2023-02-24 20:30:00,ETHUSD,exit,long,0.08871049638847421,0.0,1611.75,1.0,-0.8494749580943963,,,,,,,,,,,2023-02-24 20:30:00
2023-02-24 21:00:00,ETHUSD,entry,long,0.0,0.08665450876829252,1606.2,0.0,-0.4921762007020613,max_holding_close,23.0,2023-02-25 08:30:00,2076.6786903499624,1574.5017047720028,2076.6786903499624,1574.5017047720028,-0.25652479344854523,,,2023-02-24 21:00:00
2023-02-25 08:30:00,ETHUSD,exit,long,0.08665450876829252,0.0,1603.85,0.0,-4.0,,,,,,,,,,,2023-02-25 08:30:00
2023-03-03 13:30:00,ETHUSD,entry,long,0.0,0.10377041238748375,1573.45,0.0,-0.25384209094649657,r_trailing_stop,2.0,2023-03-03 14:30:00,1948.1147444249132,1539.6428204460071,1948.1147444249132,1539.6428204460071,0.08928806451305515,,,2023-03-03 13:30:00
2023-03-03 14:30:00,ETHUSD,exit,long,0.10377041238748375,0.0,1571.75,0.0,0.02618210385660855,,,,,,,,,,,2023-03-03 14:30:00
2023-03-03 19:00:00,ETHUSD,entry,long,0.0,0.10352917110274665,1560.05,0.0,1.3550408298851189,r_trailing_stop,2.0,2023-03-03 20:00:00,1936.4571255680175,1529.6674299545589,1936.4571255680175,1529.6674299545589,0.11269398332656935,,,2023-03-03 19:00:00
2023-03-03 20:00:00,ETHUSD,exit,long,0.10352917110274665,0.0,1563.85,0.0,0.7229653639448732,,,,,,,,,,,2023-03-03 20:00:00
2023-03-03 21:30:00,ETHUSD,entry,long,0.0,0.1033130497282329,1559.5500000000002,0.0,1.2865226481375374,r_trailing_stop,8.0,2023-03-04 01:30:00,1935.6925788174385,1528.3785936946051,1935.6925788174385,1528.3785936946051,0.38988976453167024,,,2023-03-03 21:30:00
2023-03-04 01:30:00,ETHUSD,exit,long,0.1033130497282329,0.0,1571.5,0.0,-0.4204515811234675,,,,,,,,,,,2023-03-04 01:30:00
2023-03-06 02:00:00,ETHUSD,entry,long,0.0,0.1504118899350601,1557.95,1.0,2.457207587055504,r_trailing_stop,17.0,2023-03-06 10:30:00,1821.6787435578417,1541.279700515373,1821.6787435578417,1541.279700515373,0.07527064550681492,,,2023-03-06 02:00:00
2023-03-06 10:30:00,ETHUSD,exit,long,0.1504118899350601,0.0,1567.85,0.0,0.33981287000719257,,,,,,,,,,,2023-03-06 10:30:00
2023-03-08 15:30:00,ETHUSD,entry,short,0.0,-0.1442098577975888,1560.25,0.0,-3.4366825878014744,r_trailing_stop,6.0,2023-03-08 18:30:00,1579.4553191340992,1287.7835108237573,1287.7835108237573,1579.4553191340992,0.16030400427423527,,,2023-03-08 15:30:00
2023-03-08 18:30:00,ETHUSD,exit,short,-0.1442098577975888,0.0,1553.25,0.0,-2.2054001596491952,,,,,,,,,,,2023-03-08 18:30:00
2023-03-09 07:00:00,ETHUSD,entry,short,0.0,-0.14007894629042034,1539.3000000000002,0.0,-4.0,r_trailing_stop,4.0,2023-03-09 09:00:00,1562.8497371597214,1265.8532855034805,1265.8532855034805,1562.8497371597214,0.3014630334830768,,,2023-03-09 07:00:00
2023-03-09 09:00:00,ETHUSD,exit,short,-0.14007894629042034,0.0,1531.75,0.0,-4.0,,,,,,,,,,,2023-03-09 09:00:00
2023-03-09 12:30:00,ETHUSD,entry,short,0.0,-0.14441140408898204,1531.75,0.0,-4.0,r_trailing_stop,9.0,2023-03-09 17:00:00,1552.7609287304806,1266.4133908689955,1266.4133908689955,1552.7609287304806,0.1669833765888028,,,2023-03-09 12:30:00
2023-03-09 17:00:00,ETHUSD,exit,short,-0.14441140408898204,0.0,1529.4,0.0,-4.0,,,,,,,,,,,2023-03-09 17:00:00
2023-03-12 06:00:00,ETHUSD,entry,long,0.0,0.055855833578259885,1479.1,0.0,4.0,r_trailing_stop,23.0,2023-03-12 17:30:00,2130.7665934081188,1419.2446725273503,2130.7665934081188,1419.2446725273503,0.8149926119383344,,,2023-03-12 06:00:00
2023-03-12 17:30:00,ETHUSD,exit,long,0.055855833578259885,0.0,1526.4,0.0,4.0,,,,,,,,,,,2023-03-12 17:30:00
2023-03-13 13:30:00,ETHUSD,entry,long,0.0,0.05207905658561721,1603.4,1.0,4.0,r_trailing_stop,2.0,2023-03-13 14:30:00,2363.1789383113382,1535.3816849350928,2363.1789383113382,1535.3816849350928,0.7209584205174212,,,2023-03-13 13:30:00
2023-03-13 14:30:00,ETHUSD,exit,long,0.05207905658561721,0.0,1652.7,0.0,1.3807515230044214,,,,,,,,,,,2023-03-13 14:30:00
2023-03-13 22:30:00,ETHUSD,entry,long,0.0,0.05163102999724376,1685.8,0.0,0.05877721627027272,max_holding_close,23.0,2023-03-14 10:00:00,2504.150581893325,1621.843953448534,2504.150581893325,1621.843953448534,-0.16404847853759355,,,2023-03-13 22:30:00
2023-03-14 10:00:00,ETHUSD,exit,long,0.05163102999724376,0.0,1678.25,0.0,1.8842580581949069,,,,,,,,,,,2023-03-14 10:00:00
2023-03-14 14:30:00,ETHUSD,entry,short,0.0,-0.05566148188866561,1766.4499999999998,-1.0,-3.349581616159432,r_trailing_stop,9.0,2023-03-14 19:00:00,1810.083093108982,962.511336137727,962.511336137727,1810.083093108982,0.11017296435253969,,,2023-03-14 14:30:00
2023-03-14 19:00:00,ETHUSD,exit,short,-0.05566148188866561,0.0,1700.55,0.0,0.31494750102363117,,,,,,,,,,,2023-03-14 19:00:00
2023-03-15 13:00:00,ETHUSD,entry,long,0.0,0.052019643154400226,1691.1,1.0,-2.636278318966059,r_trailing_stop,1.0,2023-03-15 13:30:00,2491.6069896457716,1618.1494408283381,2491.6069896457716,1618.1494408283381,0.09865459559731246,,,2023-03-15 13:00:00
2023-03-15 13:30:00,ETHUSD,exit,long,0.052019643154400226,0.0,1671.95,1.0,-1.2848014261862484,,,,,,,,,,,2023-03-15 13:30:00
2023-03-15 14:00:00,ETHUSD,entry,long,0.0,0.05078306661398588,1665.75,1.0,-0.47863719995482423,max_holding_close,23.0,2023-03-16 01:30:00,2495.258245203085,1606.247340383753,2495.258245203085,1606.247340383753,-0.3501104607521649,,,2023-03-15 14:00:00
2023-03-16 01:30:00,ETHUSD,exit,long,0.05078306661398588,0.0,1650.8000000000002,0.0,0.6118757612896663,,,,,,,,,,,2023-03-16 01:30:00
2023-03-23 16:30:00,ETHUSD,entry,long,0.0,0.07450281690443798,1831.8,0.0,-2.030924218997662,max_holding_close,23.0,2023-03-24 04:00:00,2444.4714085615237,1781.166287315078,2444.4714085615237,1781.166287315078,-0.36170307572652916,,,2023-03-23 16:30:00
2023-03-24 04:00:00,ETHUSD,exit,long,0.07450281690443798,0.0,1814.45,0.0,-4.0,,,,,,,,,,,2023-03-24 04:00:00
2023-03-29 11:00:00,ETHUSD,entry,short,0.0,-0.09816551137512666,1810.05,0.0,-1.423241724720748,r_trailing_stop,3.0,2023-03-29 12:30:00,1848.1009436130523,1349.9382048368454,1349.9382048368454,1848.1009436130523,0.016212051547332577,,,2023-03-29 11:00:00
2023-03-29 12:30:00,ETHUSD,exit,short,-0.09816551137512666,0.0,1811.2,0.0,-2.8019067169444427,,,,,,,,,,,2023-03-29 12:30:00
2023-03-31 15:30:00,ETHUSD,entry,long,0.0,0.10095042424415644,1830.35,0.0,-0.41793033347151953,r_trailing_stop,22.0,2023-04-01 02:30:00,2281.0717475406823,1792.0782601967453,2281.0717475406823,1792.0782601967453,0.007738032505410099,,,2023-03-31 15:30:00
2023-04-01 02:30:00,ETHUSD,exit,long,0.10095042424415644,0.0,1829.9,0.0,-1.4696215073237908,,,,,,,,,,,2023-04-01 02:30:00
2023-04-04 23:30:00,ETHUSD,entry,short,0.0,-0.1017512264728999,1871.5,-1.0,4.0,stop_loss,2.0,2023-04-05 00:30:00,1901.0972241098061,1406.3596986274235,1406.3596986274235,1901.0972241098061,-1.0534193938982723,,,2023-04-04 23:30:00
2023-04-05 00:30:00,ETHUSD,exit,short,-0.1017512264728999,0.0,1913.85,0.0,0.8558257293588694,,,,,,,,,,,2023-04-05 00:30:00
2023-04-06 06:00:00,ETHUSD,entry,long,0.0,0.10704317279676058,1889.3,0.0,-1.1530936801176916,max_holding_close,23.0,2023-04-06 17:30:00,2329.190291736089,1852.920776661113,2329.190291736089,1852.920776661113,-0.4105138557298225,,,2023-04-06 06:00:00
2023-04-06 17:30:00,ETHUSD,exit,long,0.10704317279676058,0.0,1875.7,0.0,-0.47648326071832414,,,,,,,,,,,2023-04-06 17:30:00
2023-04-11 06:30:00,ETHUSD,entry,short,0.0,-0.1274040177986103,1921.65,0.0,-1.834178639291865,r_trailing_stop,6.0,2023-04-11 09:30:00,1952.0701631268487,1544.7729609143921,1544.7729609143921,1952.0701631268487,0.08321587868006845,,,2023-04-11 06:30:00
2023-04-11 09:30:00,ETHUSD,exit,short,-0.1274040177986103,0.0,1918.65,0.0,-2.772125595992765,,,,,,,,,,,2023-04-11 09:30:00
2023-04-14 12:30:00,ETHUSD,entry,long,0.0,0.09997189350861609,2092.45,0.0,-0.40179289774245514,stop_loss,5.0,2023-04-14 15:00:00,2646.9613270555155,2075.0890938355587,2646.9613270555155,2075.0890938355587,-1.0524852440920178,,,2023-04-14 12:30:00
2023-04-14 15:00:00,ETHUSD,exit,long,0.09997189350861609,0.0,2068.3500000000004,0.0,2.0723961449744555,,,,,,,,,,,2023-04-14 15:00:00
2023-04-15 17:30:00,ETHUSD,entry,long,0.0,0.10574769820347205,2092.05,0.0,0.5491067048667969,max_holding_close,23.0,2023-04-16 05:00:00,2596.588348133862,2060.380932149291,2596.588348133862,2060.380932149291,-0.08447088971500791,,,2023-04-15 17:30:00
2023-04-16 05:00:00,ETHUSD,exit,long,0.10574769820347205,0.0,2098.95,0.0,0.5173937338402996,,,,,,,,,,,2023-04-16 05:00:00
2023-04-27 20:30:00,ETHUSD,entry,long,0.0,0.06620146942177856,1919.95,0.0,-0.7054361189238373,max_holding_close,23.0,2023-04-28 08:00:00,2640.4443571119104,1858.7464514310473,2640.4443571119104,1858.7464514310473,-0.05893390965385212,,,2023-04-27 20:30:00
2023-04-28 08:00:00,ETHUSD,exit,long,0.06620146942177856,0.0,1915.25,0.0,-1.8220846542770763,,,,,,,,,,,2023-04-28 08:00:00
2023-04-28 09:00:00,ETHUSD,entry,long,0.0,0.08144702167497161,1908.3,0.0,-0.9664409936334655,max_holding_close,23.0,2023-04-28 20:30:00,2496.205323006772,1863.0495741594584,2496.205323006772,1863.0495741594584,-0.32527311269768605,,,2023-04-28 09:00:00
2023-04-28 20:30:00,ETHUSD,exit,long,0.08144702167497161,0.0,1896.7,0.0,0.42874426223720413,,,,,,,,,,,2023-04-28 20:30:00
2023-05-01 15:30:00,ETHUSD,entry,long,0.0,0.11600617897639798,1834.1,1.0,-0.45000511343284044,r_trailing_stop,3.0,2023-05-01 17:00:00,2224.010892778449,1798.155128577724,2224.010892778449,1798.155128577724,0.15646278271857167,,,2023-05-01 15:30:00
2023-05-01 17:00:00,ETHUSD,exit,long,0.11600617897639798,0.0,1833.45,0.0,-0.7131561376454982,,,,,,,,,,,2023-05-01 17:00:00
2023-05-01 19:30:00,ETHUSD,entry,long,0.0,0.10904945464701477,1812.6,1.0,2.7510727719909167,r_trailing_stop,7.0,2023-05-01 23:00:00,2240.6837954532352,1789.3692963637411,2240.6837954532352,1789.3692963637411,0.04295631990355109,,,2023-05-01 19:30:00
2023-05-01 23:00:00,ETHUSD,exit,long,0.10904945464701477,0.0,1830.75,0.0,0.3109468245272415,,,,,,,,,,,2023-05-01 23:00:00
2023-05-02 00:30:00,ETHUSD,entry,long,0.0,0.10723085763568414,1833.15,0.0,-0.11779206630267718,max_holding_close,23.0,2023-05-02 12:00:00,2262.3836860983633,1800.431305112131,2262.3836860983633,1800.431305112131,-0.21264348403245603,,,2023-05-02 00:30:00
2023-05-02 12:00:00,ETHUSD,exit,long,0.10723085763568414,0.0,1829.3,0.0,4.0,,,,,,,,,,,2023-05-02 12:00:00
2023-05-02 13:00:00,ETHUSD,entry,long,0.0,0.1268293477608647,1830.25,0.0,4.0,r_trailing_stop,3.0,2023-05-02 14:30:00,2193.4144371645525,1803.3568450268358,2193.4144371645525,1803.3568450268358,0.613110277011566,,,2023-05-02 13:00:00
2023-05-02 14:30:00,ETHUSD,exit,long,0.1268293477608647,0.0,1852.3,0.0,1.2489322520233679,,,,,,,,,,,2023-05-02 14:30:00
2023-05-03 16:30:00,ETHUSD,entry,short,0.0,-0.13273188579173303,1865.45,-1.0,4.0,stop_loss,3.0,2023-05-03 18:00:00,1889.955052316841,1511.2118460394909,1511.2118460394909,1889.955052316841,-1.0696842400406599,,,2023-05-03 16:30:00
2023-05-03 18:00:00,ETHUSD,exit,short,-0.13273188579173303,0.0,1882.4,-1.0,2.2067388336092257,,,,,,,,,,,2023-05-03 18:00:00
2023-05-03 18:30:00,ETHUSD,entry,short,0.0,-0.12217544424979666,1886.15,-1.0,1.8595898897122451,r_trailing_stop,1.0,2023-05-03 19:00:00,1913.2655212622137,1497.2559842223302,1497.2559842223302,1913.2655212622137,-0.1809663530448899,,,2023-05-03 18:30:00
2023-05-03 19:00:00,ETHUSD,exit,short,-0.12217544424979666,0.0,1879.8,-1.0,2.386034095278548,,,,,,,,,,,2023-05-03 19:00:00
2023-05-03 19:30:00,ETHUSD,entry,short,0.0,-0.11269515159987926,1868.55,-1.0,3.620950310473745,r_trailing_stop,1.0,2023-05-03 20:00:00,1913.0081342820079,1462.6733214749024,1462.6733214749024,1913.0081342820079,0.15757079765818022,,,2023-05-03 19:30:00
2023-05-03 20:00:00,ETHUSD,exit,short,-0.11269515159987926,0.0,1873.05,0.0,3.551075115158455,,,,,,,,,,,2023-05-03 20:00:00
2023-05-04 11:00:00,ETHUSD,entry,short,0.0,-0.12352056881899517,1909.3,0.0,-4.0,r_trailing_stop,3.0,2023-05-04 12:30:00,1943.0600258205086,1525.0996772436424,1525.0996772436424,1943.0600258205086,0.11538727113522726,,,2023-05-04 11:00:00
2023-05-04 12:30:00,ETHUSD,exit,short,-0.12352056881899517,0.0,1899.1,-1.0,-2.4506753827144303,,,,,,,,,,,2023-05-04 12:30:00
2023-05-04 13:00:00,ETHUSD,entry,short,0.0,-0.12312374032991107,1892.95,0.0,-1.5247389399486289,r_trailing_stop,1.0,2023-05-04 13:30:00,1930.0502648621798,1513.571689222753,1513.571689222753,1930.0502648621798,0.14119295310622018,,,2023-05-04 13:00:00
2023-05-04 13:30:00,ETHUSD,exit,short,-0.12312374032991107,0.0,1886.85,0.0,1.6731011320870641,,,,,,,,,,,2023-05-04 13:30:00
2023-05-05 23:30:00,ETHUSD,entry,short,0.0,-0.11290229657900545,1995.8,0.0,-4.0,r_trailing_stop,4.0,2023-05-06 01:30:00,2032.5283768889494,1554.9202888881323,1554.9202888881323,2032.5283768889494,0.14502035199411611,,,2023-05-05 23:30:00
2023-05-06 01:30:00,ETHUSD,exit,short,-0.11290229657900545,0.0,1985.45,0.0,-4.0,,,,,,,,,,,2023-05-06 01:30:00
2023-05-08 00:00:00,ETHUSD,entry,long,0.0,0.10200169207727469,1884.35,0.0,-2.231527588635661,r_trailing_stop,1.0,2023-05-08 00:30:00,2332.4967949817888,1836.6182564014568,2332.4967949817888,1836.6182564014568,0.1780855307347923,,,2023-05-08 00:00:00
2023-05-08 00:30:00,ETHUSD,exit,long,0.10200169207727469,0.0,1884.1,0.0,-2.9098733750974057,,,,,,,,,,,2023-05-08 00:30:00
2023-05-09 08:00:00,ETHUSD,entry,short,0.0,-0.09929067073936443,1843.4,0.0,0.950068867741603,r_trailing_stop,4.0,2023-05-09 10:00:00,1886.856269621849,1383.8966297268867,1383.8966297268867,1886.856269621849,0.089944915770733,,,2023-05-09 08:00:00
2023-05-09 10:00:00,ETHUSD,exit,short,-0.09929067073936443,0.0,1845.55,0.0,-0.23062473523618343,,,,,,,,,,,2023-05-09 10:00:00
2023-05-09 12:00:00,ETHUSD,entry,short,0.0,-0.10521372379558153,1849.5,0.0,0.7620377353343761,r_trailing_stop,5.0,2023-05-09 14:30:00,1883.0265962906183,1408.8175463672728,1408.8175463672728,1883.0265962906183,0.14715343217679913,,,2023-05-09 12:00:00
2023-05-09 14:30:00,ETHUSD,exit,short,-0.10521372379558153,0.0,1844.4,0.0,0.1084185054230806,,,,,,,,,,,2023-05-09 14:30:00
2023-05-09 20:30:00,ETHUSD,entry,short,0.0,-0.10605813877340248,1849.45,0.0,-1.21510483836348,r_trailing_stop,5.0,2023-05-09 23:00:00,1886.975183892902,1415.4852013387251,1415.4852013387251,1886.975183892902,0.08129794745020888,,,2023-05-09 20:30:00
2023-05-09 23:00:00,ETHUSD,exit,short,-0.10605813877340248,0.0,1846.4,0.0,0.0733315026343022,,,,,,,,,,,2023-05-09 23:00:00
2023-05-12 13:00:00,ETHUSD,entry,long,0.0,0.09659231623975911,1773.6,0.0,4.0,r_trailing_stop,3.0,2023-05-12 14:30:00,2232.0133144915103,1736.386934840679,2232.0133144915103,1736.386934840679,0.031003812813248037,,,2023-05-12 13:00:00
2023-05-12 14:30:00,ETHUSD,exit,long,0.09659231623975911,0.0,1767.45,1.0,4.0,,,,,,,,,,,2023-05-12 14:30:00
2023-05-12 15:00:00,ETHUSD,entry,long,0.0,0.0961447797844693,1762.85,1.0,4.0,r_trailing_stop,3.0,2023-05-12 16:30:00,2226.967332714796,1730.6346133828165,2226.967332714796,1730.6346133828165,0.09515544113063379,,,2023-05-12 15:00:00
2023-05-12 16:30:00,ETHUSD,exit,long,0.0961447797844693,0.0,1770.25,0.0,3.5148871246484745,,,,,,,,,,,2023-05-12 16:30:00
2023-05-12 19:30:00,ETHUSD,entry,long,0.0,0.0945517209556916,1791.1,0.0,1.2983847944430742,r_trailing_stop,1.0,2023-05-12 20:00:00,2220.7386917782947,1719.1989046577364,2220.7386917782947,1719.1989046577364,0.8280154566583321,,,2023-05-12 19:30:00
2023-05-12 20:00:00,ETHUSD,exit,long,0.0945517209556916,0.0,1785.6999999999998,0.0,1.7384575846010242,,,,,,,,,,,2023-05-12 20:00:00
2023-05-13 20:00:00,ETHUSD,entry,long,0.0,0.1119434218260423,1797.95,0.0,0.8047606813138427,r_trailing_stop,2.0,2023-05-13 21:00:00,2194.404155818,1761.7516675345598,2194.404155818,1761.7516675345598,0.1719389584601856,,,2023-05-13 20:00:00
2023-05-13 21:00:00,ETHUSD,exit,long,0.1119434218260423,0.0,1802.35,0.0,0.08188591906472156,,,,,,,,,,,2023-05-13 21:00:00
2023-05-23 04:30:00,ETHUSD,entry,long,0.0,0.16293077388571953,1857.65,0.0,-1.370337862008722,max_holding_close,23.0,2023-05-23 16:00:00,2148.5115682471546,1839.8350745402277,2148.5115682471546,1839.8350745402277,-0.4638473463934828,,,2023-05-23 04:30:00
2023-05-23 16:00:00,ETHUSD,exit,long,0.16293077388571953,0.0,1854.05,0.0,-4.0,,,,,,,,,,,2023-05-23 16:00:00
2023-05-23 17:00:00,ETHUSD,entry,short,0.0,-0.16679349914377392,1848.45,-1.0,-3.5921060805040157,r_trailing_stop,5.0,2023-05-23 19:30:00,1872.0313201293347,1572.5834983833133,1572.5834983833133,1872.0313201293347,-0.11461637473225722,,,2023-05-23 17:00:00
2023-05-23 19:30:00,ETHUSD,exit,short,-0.16679349914377392,0.0,1851.65,0.0,-4.0,,,,,,,,,,,2023-05-23 19:30:00
2023-05-23 21:00:00,ETHUSD,entry,short,0.0,-0.16834201085847555,1853.35,0.0,-4.0,r_trailing_stop,3.0,2023-05-23 22:30:00,1876.4819335683715,1579.0508303953568,1579.0508303953568,1876.4819335683715,0.02509210089456795,,,2023-05-23 21:00:00
2023-05-23 22:30:00,ETHUSD,exit,short,-0.16834201085847555,0.0,1854.55,0.0,-4.0,,,,,,,,,,,2023-05-23 22:30:00
2023-05-24 01:00:00,ETHUSD,entry,short,0.0,-0.17345370382411185,1849.05,0.0,-4.0,r_trailing_stop,5.0,2023-05-24 03:30:00,1870.8761516960803,1582.9731037989957,1582.9731037989957,1870.8761516960803,0.6732566055337112,,,2023-05-24 01:00:00
2023-05-24 03:30:00,ETHUSD,exit,short,-0.17345370382411185,0.0,1821.85,0.0,-4.0,,,,,,,,,,,2023-05-24 03:30:00
2023-05-26 14:30:00,ETHUSD,entry,short,0.0,-0.16187150116514448,1830.35,-1.0,0.6285360524094489,r_trailing_stop,7.0,2023-05-26 18:00:00,1856.1537715015002,1550.327856231248,1550.327856231248,1856.1537715015002,0.2424841578626045,,,2023-05-26 14:30:00
2023-05-26 18:00:00,ETHUSD,exit,short,-0.16187150116514448,0.0,1829.55,0.0,0.23980836448458157,,,,,,,,,,,2023-05-26 18:00:00
2023-05-28 22:30:00,ETHUSD,entry,long,0.0,0.1624566298393532,1907.35,1.0,-0.8827729405532413,r_trailing_stop,2.0,2023-05-28 23:30:00,2198.847496560216,1882.1402002751827,2198.847496560216,1882.1402002751827,0.10865906912681536,,,2023-05-28 22:30:00
2023-05-28 23:30:00,ETHUSD,exit,long,0.1624566298393532,0.0,1909.0,1.0,-0.886785822947402,,,,,,,,,,,2023-05-28 23:30:00
2023-05-29 00:00:00,ETHUSD,entry,long,0.0,0.15970510575347324,1920.45,0.0,-3.0225276512650123,r_trailing_stop,1.0,2023-05-29 00:30:00,2207.8898509542455,1885.1428119236602,2207.8898509542455,1885.1428119236602,0.3909074321144939,,,2023-05-29 00:00:00
2023-05-29 00:30:00,ETHUSD,exit,long,0.15970510575347324,0.0,1915.15,0.0,-2.6164506849861575,,,,,,,,,,,2023-05-29 00:30:00
2023-05-29 02:30:00,ETHUSD,entry,long,0.0,0.15279535071691627,1910.55,0.0,-2.524808369872257,max_holding_close,23.0,2023-05-29 14:00:00,2224.6622012596576,1886.8250238992273,2224.6622012596576,1886.8250238992273,-0.5577404926899805,,,2023-05-29 02:30:00
2023-05-29 14:00:00,ETHUSD,exit,long,0.15279535071691627,0.0,1899.9,0.0,-0.26266564685305893,,,,,,,,,,,2023-05-29 14:00:00
2023-05-30 05:30:00,ETHUSD,entry,long,0.0,0.15633814957994768,1898.65,0.0,0.7317443641718051,r_trailing_stop,4.0,2023-05-30 07:30:00,2200.116881563514,1872.5346494749188,2200.116881563514,1872.5346494749188,0.14252256510472433,,,2023-05-30 05:30:00
2023-05-30 07:30:00,ETHUSD,exit,long,0.15633814957994768,0.0,1898.75,0.0,1.5774386016859947,,,,,,,,,,,2023-05-30 07:30:00
2023-05-30 15:00:00,ETHUSD,entry,long,0.0,0.15454896281563224,1899.55,0.0,-0.32246508098157606,r_trailing_stop,1.0,2023-05-30 15:30:00,2203.8606811459176,1872.4511455083266,2203.8606811459176,1872.4511455083266,0.02680980492280173,,,2023-05-30 15:00:00
2023-05-30 15:30:00,ETHUSD,exit,long,0.15454896281563224,0.0,1900.85,0.0,-0.4194190606208914,,,,,,,,,,,2023-05-30 15:30:00
2023-06-06 10:00:00,ETHUSD,entry,long,0.0,0.15482700180400966,1819.85,0.0,4.0,r_trailing_stop,9.0,2023-06-06 14:30:00,2111.205005396437,1794.219599568285,2111.205005396437,1794.219599568285,0.5277343985694081,,,2023-06-06 10:00:00
2023-06-06 14:30:00,ETHUSD,exit,long,0.15482700180400966,0.0,1838.85,0.0,4.0,,,,,,,,,,,2023-06-06 14:30:00
2023-06-11 05:00:00,ETHUSD,entry,long,0.0,0.10868474654777165,1756.05,0.0,0.17561051552015852,max_holding_close,23.0,2023-06-11 16:30:00,2158.444498363137,1722.5084401309489,2158.444498363137,1722.5084401309489,-0.11435000399404534,,,2023-06-11 05:00:00
2023-06-11 16:30:00,ETHUSD,exit,long,0.10868474654777165,0.0,1752.95,0.0,-1.7456777909980594,,,,,,,,,,,2023-06-11 16:30:00
2023-06-11 18:30:00,ETHUSD,entry,short,0.0,-0.12447134187098284,1757.85,0.0,-2.398100538550091,r_trailing_stop,9.0,2023-06-11 23:00:00,1785.536218451336,1404.3472693582996,1404.3472693582996,1785.536218451336,0.0391282919808862,,,2023-06-11 18:30:00
2023-06-11 23:00:00,ETHUSD,exit,short,-0.12447134187098284,0.0,1749.7,0.0,-0.49507218849944284,,,,,,,,,,,2023-06-11 23:00:00
2023-06-12 02:30:00,ETHUSD,entry,long,0.0,0.11095612345545058,1731.9,0.0,0.7462378086105063,r_trailing_stop,3.0,2023-06-12 04:00:00,2117.404356069816,1696.9016515144147,2117.404356069816,1696.9016515144147,0.17952448600260928,,,2023-06-12 02:30:00
2023-06-12 04:00:00,ETHUSD,exit,long,0.11095612345545058,0.0,1738.35,0.0,-0.1293055869292068,,,,,,,,,,,2023-06-12 04:00:00
2023-06-12 17:30:00,ETHUSD,entry,long,0.0,0.11444071334384082,1736.1,0.0,1.604654328745499,r_trailing_stop,1.0,2023-06-12 18:00:00,2105.4271122774107,1697.751831017807,2105.4271122774107,1697.751831017807,0.21145826767727469,,,2023-06-12 17:30:00
2023-06-12 18:00:00,ETHUSD,exit,long,0.11444071334384082,0.0,1733.85,0.0,2.3212136738114113,,,,,,,,,,,2023-06-12 18:00:00
2023-06-12 20:30:00,ETHUSD,entry,short,0.0,-0.11229411315003099,1738.9,0.0,1.7704820089531148,r_trailing_stop,9.0,2023-06-13 01:00:00,1768.2419603800404,1350.5254952494988,1350.5254952494988,1768.2419603800404,0.08971102560751328,,,2023-06-12 20:30:00
2023-06-13 01:00:00,ETHUSD,exit,short,-0.11229411315003099,0.0,1743.5,-1.0,-0.07209231149775462,,,,,,,,,,,2023-06-13 01:00:00
2023-06-13 01:30:00,ETHUSD,entry,short,0.0,-0.1142663151724687,1739.85,-1.0,-0.14351021677671177,r_trailing_stop,23.0,2023-06-13 13:00:00,1774.1181802242993,1362.122747196257,1362.122747196257,1774.1181802242993,0.007183259237233854,,,2023-06-13 01:30:00
2023-06-13 13:00:00,ETHUSD,exit,short,-0.1142663151724687,0.0,1742.95,0.0,-0.10477567125066477,,,,,,,,,,,2023-06-13 13:00:00
2023-06-16 17:00:00,ETHUSD,entry,short,0.0,-0.1200080006688087,1696.3,-1.0,3.967971946620297,stop_loss,2.0,2023-06-16 18:00:00,1712.4714617460968,1333.5067281737925,1333.5067281737925,1712.4714617460968,-1.0630042003511246,,,2023-06-16 17:00:00
2023-06-16 18:00:00,ETHUSD,exit,short,-0.1200080006688087,0.0,1717.2,0.0,4.0,,,,,,,,,,,2023-06-16 18:00:00
2023-06-16 20:30:00,ETHUSD,entry,short,0.0,-0.1129764471643406,1726.25,0.0,2.2757799894387407,r_trailing_stop,3.0,2023-06-16 22:00:00,1752.7386557017453,1341.1418037281837,1341.1418037281837,1752.7386557017453,0.07316380912832161,,,2023-06-16 20:30:00
2023-06-16 22:00:00,ETHUSD,exit,short,-0.1129764471643406,0.0,1717.1999999999998,0.0,3.72089323669963,,,,,,,,,,,2023-06-16 22:00:00
2023-06-17 06:00:00,ETHUSD,entry,long,0.0,0.12152845581457679,1755.3,1.0,-4.0,stop_loss,18.0,2023-06-17 15:00:00,2119.643696576357,1729.0685042738914,2119.643696576357,1729.0685042738914,-1.0638024393026528,,,2023-06-17 06:00:00
2023-06-17 15:00:00,ETHUSD,exit,long,0.12152845581457679,0.0,1732.5,0.0,-0.7773654387838936,,,,,,,,,,,2023-06-17 15:00:00
2023-06-21 10:30:00,ETHUSD,entry,short,0.0,-0.12455815004536909,1812.45,0.0,4.0,r_trailing_stop,1.0,2023-06-21 11:00:00,1846.1243253948167,1452.2709325647913,1452.2709325647913,1846.1243253948167,0.07867230068834587,,,2023-06-21 10:30:00
2023-06-21 11:00:00,ETHUSD,exit,short,-0.12455815004536909,0.0,1818.05,0.0,4.0,,,,,,,,,,,2023-06-21 11:00:00
2023-06-22 23:00:00,ETHUSD,entry,long,0.0,0.09636998313568548,1875.35,0.0,0.24831082964088627,r_trailing_stop,3.0,2023-06-23 00:30:00,2356.117092295736,1831.974632616341,2356.117092295736,1831.974632616341,0.08582275006382059,,,2023-06-22 23:00:00
2023-06-23 00:30:00,ETHUSD,exit,long,0.09636998313568548,0.0,1876.95,0.0,-0.3167647855997081,,,,,,,,,,,2023-06-23 00:30:00
2023-06-23 02:30:00,ETHUSD,entry,long,0.0,0.10007710996542594,1879.15,0.0,0.6012928930830623,r_trailing_stop,8.0,2023-06-23 06:30:00,2340.0768359984736,1834.931853120122,2340.0768359984736,1834.931853120122,0.20328409832848787,,,2023-06-23 02:30:00
2023-06-23 06:30:00,ETHUSD,exit,long,0.10007710996542594,0.0,1880.4,0.0,3.4062323847725646,,,,,,,,,,,2023-06-23 06:30:00
2023-06-23 14:00:00,ETHUSD,entry,long,0.0,0.11552643216478332,1876.65,0.0,1.9371809792586323,r_trailing_stop,2.0,2023-06-23 15:00:00,2278.075218170136,1840.3779825463891,2278.075218170136,1840.3779825463891,0.26465655473018557,,,2023-06-23 14:00:00
2023-06-23 15:00:00,ETHUSD,exit,long,0.11552643216478332,0.0,1889.15,0.0,0.7014277410839834,,,,,,,,,,,2023-06-23 15:00:00
2023-06-23 21:00:00,ETHUSD,entry,short,0.0,-0.09538091889189047,1904.5,0.0,-1.66628109662518,r_trailing_stop,2.0,2023-06-23 22:00:00,1947.0380819383076,1407.1989757711533,1407.1989757711533,1947.0380819383076,0.5088415476239023,,,2023-06-23 21:00:00
2023-06-23 22:00:00,ETHUSD,exit,short,-0.09538091889189047,0.0,1886.25,0.0,0.6881820147621192,,,,,,,,,,,2023-06-23 22:00:00
2023-06-27 07:30:00,ETHUSD,entry,long,0.0,0.11794929179904826,1875.5,0.0,2.435533252284823,r_trailing_stop,6.0,2023-06-27 10:30:00,2270.1138292969204,1841.3388936562462,2270.1138292969204,1841.3388936562462,0.07503658638984435,,,2023-06-27 07:30:00
2023-06-27 10:30:00,ETHUSD,exit,long,0.11794929179904826,0.0,1882.7,0.0,0.478273656458104,,,,,,,,,,,2023-06-27 10:30:00
2023-06-27 15:00:00,ETHUSD,entry,long,0.0,0.11738431792605283,1873.15,0.0,-0.8985502112395807,r_trailing_stop,4.0,2023-06-27 17:00:00,2286.4590776059777,1852.8832737915218,2286.4590776059777,1852.8832737915218,0.5949007907506528,,,2023-06-27 15:00:00
2023-06-27 17:00:00,ETHUSD,exit,long,0.11738431792605283,0.0,1897.65,0.0,-3.4200720629988774,,,,,,,,,,,2023-06-27 17:00:00
2023-06-28 14:00:00,ETHUSD,entry,long,0.0,0.11893954236257213,1858.55,1.0,-2.9263242269174086,r_trailing_stop,2.0,2023-06-28 15:00:00,2247.4453727648593,1825.8723701788113,2247.4453727648593,1825.8723701788113,-0.03522377478848953,,,2023-06-28 14:00:00
2023-06-28 15:00:00,ETHUSD,exit,long,0.11893954236257213,0.0,1860.0,1.0,-2.9010693546923996,,,,,,,,,,,2023-06-28 15:00:00
2023-06-28 15:30:00,ETHUSD,entry,long,0.0,0.11833309297343489,1860.0,0.0,-2.8855322601064954,stop_loss,8.0,2023-06-28 19:30:00,2252.8979812586217,1828.5141614993104,2252.8979812586217,1828.5141614993104,-1.0621248738110531,,,2023-06-28 15:30:00
2023-06-28 19:30:00,ETHUSD,exit,long,0.11833309297343489,0.0,1832.45,0.0,1.7565554831900505,,,,,,,,,,,2023-06-28 19:30:00
2023-06-28 23:30:00,ETHUSD,entry,long,0.0,0.11499735720941191,1827.65,0.0,4.0,r_trailing_stop,4.0,2023-06-29 01:30:00,2230.209152309038,1800.089267815277,2230.209152309038,1800.089267815277,0.1504595774000599,,,2023-06-28 23:30:00
2023-06-29 01:30:00,ETHUSD,exit,long,0.11499735720941191,0.0,1835.65,0.0,2.7512040493844174,,,,,,,,,,,2023-06-29 01:30:00
2023-06-30 05:00:00,ETHUSD,entry,short,0.0,-0.11840603738097415,1892.7,0.0,3.8128547288347643,r_trailing_stop,2.0,2023-06-30 06:00:00,1918.8733747322112,1488.5828158473596,1488.5828158473596,1918.8733747322112,0.09627628156044288,,,2023-06-30 05:00:00
2023-06-30 06:00:00,ETHUSD,exit,short,-0.11840603738097415,0.0,1877.3,0.0,4.0,,,,,,,,,,,2023-06-30 06:00:00
2023-07-03 01:30:00,ETHUSD,entry,short,0.0,-0.12395222189873509,1945.1,-1.0,2.418542586564337,stop_loss,12.0,2023-07-03 07:30:00,1973.0806203028187,1550.117246214766,1550.117246214766,1973.0806203028187,-1.0650749164968358,,,2023-07-03 01:30:00
2023-07-03 07:30:00,ETHUSD,exit,short,-0.12395222189873509,0.0,1967.75,-1.0,0.05818697988052018,,,,,,,,,,,2023-07-03 07:30:00
2023-07-03 08:00:00,ETHUSD,entry,short,0.0,-0.1272193592431922,1962.55,-1.0,-0.006352847001895079,r_trailing_stop,2.0,2023-07-03 09:00:00,1998.7863293716682,1581.145882854145,1581.145882854145,1998.7863293716682,0.07974162105753456,,,2023-07-03 08:00:00
2023-07-03 09:00:00,ETHUSD,exit,short,-0.1272193592431922,0.0,1961.95,0.0,-0.8631671464632632,,,,,,,,,,,2023-07-03 09:00:00
2023-07-03 12:30:00,ETHUSD,entry,short,0.0,-0.13054753896714136,1966.4,-1.0,-1.9332437862622602,r_trailing_stop,18.0,2023-07-03 21:30:00,1990.3827377369162,1584.9407782885478,1584.9407782885478,1990.3827377369162,0.10460693019464819,,,2023-07-03 12:30:00
2023-07-03 21:30:00,ETHUSD,exit,short,-0.13054753896714136,0.0,1957.45,0.0,-0.32054486242349645,,,,,,,,,,,2023-07-03 21:30:00
2023-07-07 08:30:00,ETHUSD,entry,long,0.0,0.12063263821066647,1856.15,0.0,1.2528297544650453,r_trailing_stop,3.0,2023-07-07 10:00:00,2242.751527686836,1826.949877785053,2242.751527686836,1826.949877785053,0.047057037302810856,,,2023-07-07 08:30:00
2023-07-07 10:00:00,ETHUSD,exit,long,0.12063263821066647,0.0,1860.8,0.0,1.0835513814733697,,,,,,,,,,,2023-07-07 10:00:00
2023-07-07 12:30:00,ETHUSD,entry,long,0.0,0.12835780894809273,1862.95,1.0,1.1045725049567297,r_trailing_stop,1.0,2023-07-07 13:00:00,2218.385574651882,1827.8191540278494,2218.385574651882,1827.8191540278494,0.14864454721233467,,,2023-07-07 12:30:00
2023-07-07 13:00:00,ETHUSD,exit,long,0.12835780894809273,0.0,1867.3,1.0,0.5384768500064554,,,,,,,,,,,2023-07-07 13:00:00
2023-07-07 13:30:00,ETHUSD,entry,long,0.0,0.12413553310302236,1873.7,0.0,-0.7142520744641535,r_trailing_stop,2.0,2023-07-07 14:30:00,2243.4208061023614,1837.264335511811,2243.4208061023614,1837.264335511811,0.08273982118551106,,,2023-07-07 13:30:00
2023-07-07 14:30:00,ETHUSD,exit,long,0.12413553310302236,0.0,1875.25,0.0,-0.8278044222271137,,,,,,,,,,,2023-07-07 14:30:00
2023-07-07 19:00:00,ETHUSD,entry,long,0.0,0.12845205322375836,1861.65,0.0,-0.38139636002238103,r_trailing_stop,5.0,2023-07-07 21:30:00,2222.4806272281335,1831.4335498217495,2222.4806272281335,1831.4335498217495,0.19767251398316085,,,2023-07-07 19:00:00
2023-07-07 21:30:00,ETHUSD,exit,long,0.12845205322375836,0.0,1868.6,0.0,-0.7111642664558085,,,,,,,,,,,2023-07-07 21:30:00
2023-07-12 06:30:00,ETHUSD,entry,short,0.0,-0.19136880020517388,1889.75,-1.0,-0.41124168994504096,r_trailing_stop,13.0,2023-07-12 13:00:00,1908.5398948833347,1642.051313958317,1642.051313958317,1908.5398948833347,-0.024480373520523468,,,2023-07-12 06:30:00
2023-07-12 13:00:00,ETHUSD,exit,short,-0.19136880020517388,0.0,1886.05,-1.0,-3.1538162885642405,,,,,,,,,,,2023-07-12 13:00:00
2023-07-12 13:30:00,ETHUSD,entry,short,0.0,-0.19004010987455044,1887.35,-1.0,-2.8806860856493564,r_trailing_stop,1.0,2023-07-12 14:00:00,1905.797915276885,1637.8510590389371,1637.8510590389371,1905.797915276885,-0.1728265891982669,,,2023-07-12 13:30:00
2023-07-12 14:00:00,ETHUSD,exit,short,-0.19004010987455044,0.0,1892.55,-1.0,-3.6944444544755353,,,,,,,,,,,2023-07-12 14:00:00
2023-07-12 14:30:00,ETHUSD,entry,short,0.0,-0.18399791555977904,1893.75,-1.0,-4.0,r_trailing_stop,3.0,2023-07-12 16:00:00,1913.171972179599,1635.450347755011,1635.450347755011,1913.171972179599,0.32040396409293426,,,2023-07-12 14:30:00
2023-07-12 16:00:00,ETHUSD,exit,short,-0.18399791555977904,0.0,1881.25,0.0,-2.518786524284254,,,,,,,,,,,2023-07-12 16:00:00
2023-07-13 00:30:00,ETHUSD,entry,short,0.0,-0.17108439396506855,1871.45,0.0,1.7274756815310994,r_trailing_stop,8.0,2023-07-13 04:30:00,1895.654394159792,1599.9450730026,1599.9450730026,1895.654394159792,0.19833313440644476,,,2023-07-13 00:30:00
2023-07-13 04:30:00,ETHUSD,exit,short,-0.17108439396506855,0.0,1866.15,0.0,4.0,,,,,,,,,,,2023-07-13 04:30:00
2023-07-13 09:30:00,ETHUSD,entry,short,0.0,-0.1916462523256528,1882.7,-1.0,4.0,stop_loss,11.0,2023-07-13 15:00:00,1896.6386950798333,1632.191311502084,1632.191311502084,1896.6386950798333,-1.1006142824709677,,,2023-07-13 09:30:00
2023-07-13 15:00:00,ETHUSD,exit,short,-0.1916462523256528,0.0,1901.25,0.0,4.0,,,,,,,,,,,2023-07-13 15:00:00
2023-07-23 19:30:00,ETHUSD,entry,long,0.0,0.22274199590379795,1888.95,1.0,-3.1348461424287715,stop_loss,4.0,2023-07-23 21:30:00,2107.467574463412,1877.786594042927,2107.467574463412,1877.786594042927,-1.116939547849494,,,2023-07-23 19:30:00
2023-07-23 21:30:00,ETHUSD,exit,long,0.22274199590379795,0.0,1880.05,1.0,-4.0,,,,,,,,,,,2023-07-23 21:30:00
2023-07-23 22:00:00,ETHUSD,entry,long,0.0,0.20506295437665448,1883.5,1.0,-4.0,r_trailing_stop,4.0,2023-07-24 00:00:00,2109.254002950573,1861.7136797639541,2109.254002950573,1861.7136797639541,0.31270764234319715,,,2023-07-23 22:00:00
2023-07-24 00:00:00,ETHUSD,exit,long,0.20506295437665448,0.0,1888.5,0.0,-4.0,,,,,,,,,,,2023-07-24 00:00:00
2023-07-24 02:30:00,ETHUSD,entry,long,0.0,0.20341752069522623,1875.15,0.0,-4.0,stop_loss,14.0,2023-07-24 09:30:00,2105.2127974808213,1856.3669762015343,2105.2127974808213,1856.3669762015343,-1.1067941983649938,,,2023-07-24 02:30:00
2023-07-24 09:30:00,ETHUSD,exit,long,0.20341752069522623,0.0,1842.55,0.0,1.3373581012493139,,,,,,,,,,,2023-07-24 09:30:00
2023-07-24 14:30:00,ETHUSD,entry,long,0.0,0.17544825413564707,1843.1,0.0,1.8393412386007242,r_trailing_stop,20.0,2023-07-25 00:30:00,2110.5257597974964,1826.2419392162003,2110.5257597974964,1826.2419392162003,0.034571372038755696,,,2023-07-24 14:30:00
2023-07-25 00:30:00,ETHUSD,exit,long,0.17544825413564707,0.0,1849.65,0.0,0.8811120681252131,,,,,,,,,,,2023-07-25 00:30:00
2023-07-25 01:30:00,ETHUSD,entry,long,0.0,0.19155204435085751,1848.6,0.0,3.2398173911950203,r_trailing_stop,3.0,2023-07-25 03:00:00,2087.096266882238,1826.874298649421,2087.096266882238,1826.874298649421,0.24961698734015786,,,2023-07-25 01:30:00
2023-07-25 03:00:00,ETHUSD,exit,long,0.19155204435085751,0.0,1851.5,0.0,1.0482213501529836,,,,,,,,,,,2023-07-25 03:00:00
2023-07-25 10:00:00,ETHUSD,entry,long,0.0,0.21051420832232967,1856.55,0.0,0.9723836673301269,r_trailing_stop,8.0,2023-07-25 14:00:00,2077.0839301342144,1838.9612855892628,2077.0839301342144,1838.9612855892628,0.3231851181019167,,,2023-07-25 10:00:00
2023-07-25 14:00:00,ETHUSD,exit,long,0.21051420832232967,0.0,1863.25,1.0,-1.6412457072249678,,,,,,,,,,,2023-07-25 14:00:00
2023-07-25 14:30:00,ETHUSD,entry,long,0.0,0.21384972548357292,1853.9,1.0,1.2307519555460844,max_holding_close,23.0,2023-07-26 02:00:00,2081.128196387272,1845.873744289018,2081.128196387272,1845.873744289018,-0.5254407574330369,,,2023-07-25 14:30:00
2023-07-26 02:00:00,ETHUSD,exit,long,0.21384972548357292,0.0,1856.1,0.0,0.7958085626728281,,,,,,,,,,,2023-07-26 02:00:00
2023-07-26 03:00:00,ETHUSD,entry,long,0.0,0.219507125628641,1859.9,1.0,-0.23186872062041272,r_trailing_stop,1.0,2023-07-26 03:30:00,2071.225585265714,1842.507953178743,2071.225585265714,1842.507953178743,-0.09753381733821283,,,2023-07-26 03:00:00
2023-07-26 03:30:00,ETHUSD,exit,long,0.219507125628641,0.0,1858.45,0.0,0.4689769154215966,,,,,,,,,,,2023-07-26 03:30:00
2023-07-26 06:00:00,ETHUSD,entry,long,0.0,0.22182704321048102,1857.85,0.0,1.602323980938462,r_trailing_stop,21.0,2023-07-26 16:30:00,2068.788248030003,1842.4869401575997,2068.788248030003,1842.4869401575997,-0.15523493469957936,,,2023-07-26 06:00:00
2023-07-26 16:30:00,ETHUSD,exit,long,0.22182704321048102,0.0,1859.0,0.0,4.0,,,,,,,,,,,2023-07-26 16:30:00
2023-07-26 19:30:00,ETHUSD,entry,short,0.0,-0.20315171334114793,1873.25,-1.0,-0.33557546329806215,max_holding_close,23.0,2023-07-27 07:00:00,1889.3187469475904,1640.6656631551218,1640.6656631551218,1889.3187469475904,-0.3835464497178556,,,2023-07-26 19:30:00
2023-07-27 07:00:00,ETHUSD,exit,short,-0.20315171334114793,0.0,1876.0,0.0,-3.4833878170531984,,,,,,,,,,,2023-07-27 07:00:00
2023-07-27 08:00:00,ETHUSD,entry,short,0.0,-0.19984247435436198,1873.3,0.0,-2.7036437222452006,r_trailing_stop,15.0,2023-07-27 15:30:00,1890.38125326382,1637.5093342022506,1637.5093342022506,1890.38125326382,0.05257349767952752,,,2023-07-27 08:00:00
2023-07-27 15:30:00,ETHUSD,exit,short,-0.19984247435436198,0.0,1868.5,0.0,-1.276837960113777,,,,,,,,,,,2023-07-27 15:30:00
2023-08-02 10:00:00,ETHUSD,entry,short,0.0,-0.1894908958968357,1855.35,0.0,-2.347308454645572,r_trailing_stop,9.0,2023-08-02 14:30:00,1873.265056054294,1609.1367993213237,1609.1367993213237,1873.265056054294,0.3862967192264549,,,2023-08-02 10:00:00
2023-08-02 14:30:00,ETHUSD,exit,short,-0.1894908958968357,0.0,1840.9,0.0,-0.04213913068334132,,,,,,,,,,,2023-08-02 14:30:00
2023-08-02 15:30:00,ETHUSD,entry,short,0.0,-0.19053230010658356,1841.4,-1.0,-0.3729038019405376,r_trailing_stop,3.0,2023-08-02 17:00:00,1858.152239032136,1597.5720120982965,1597.5720120982965,1858.152239032136,0.4724429888583032,,,2023-08-02 15:30:00
2023-08-02 17:00:00,ETHUSD,exit,short,-0.19053230010658356,0.0,1833.15,0.0,0.28849754242739634,,,,,,,,,,,2023-08-02 17:00:00
2023-08-03 07:00:00,ETHUSD,entry,long,0.0,0.19326659004941724,1832.2,1.0,2.048301405851925,r_trailing_stop,15.0,2023-08-03 14:30:00,2070.7853303164243,1814.625173574686,2070.7853303164243,1814.625173574686,0.05136911285258228,,,2023-08-03 07:00:00
2023-08-03 14:30:00,ETHUSD,exit,long,0.19326659004941724,0.0,1845.65,1.0,-2.6364177956713952,,,,,,,,,,,2023-08-03 14:30:00
2023-08-03 15:00:00,ETHUSD,entry,long,0.0,0.20359432741592226,1839.5,1.0,-1.2049203851871702,r_trailing_stop,5.0,2023-08-03 17:30:00,2072.3394186206165,1827.5688465103508,2072.3394186206165,1827.5688465103508,0.21851974295302645,,,2023-08-03 15:00:00
2023-08-03 17:30:00,ETHUSD,exit,long,0.20359432741592226,0.0,1846.0,-1.0,-2.0976285604465787,,,,,,,,,,,2023-08-03 17:30:00
2023-08-03 18:00:00,ETHUSD,entry,short,0.0,-0.1898148213490841,1842.7,0.0,-1.6756508760631614,r_trailing_stop,1.0,2023-08-03 18:30:00,1865.4000090865418,1602.8248864182272,1602.8248864182272,1865.4000090865418,0.06230087063756943,,,2023-08-03 18:00:00
2023-08-03 18:30:00,ETHUSD,exit,short,-0.1898148213490841,0.0,1845.25,0.0,-2.8538291118710606,,,,,,,,,,,2023-08-03 18:30:00
2023-08-03 21:00:00,ETHUSD,entry,short,0.0,-0.1850373599952299,1843.3,0.0,-1.2433044843007595,r_trailing_stop,2.0,2023-08-03 22:00:00,1862.6170589122921,1593.7367635963485,1593.7367635963485,1862.6170589122921,0.0735633210933502,,,2023-08-03 21:00:00
2023-08-03 22:00:00,ETHUSD,exit,short,-0.1850373599952299,0.0,1831.4,0.0,0.8322172444629777,,,,,,,,,,,2023-08-03 22:00:00
2023-08-04 00:30:00,ETHUSD,entry,short,0.0,-0.18207994519330722,1837.55,0.0,0.08934355960939637,max_holding_close,23.0,2023-08-04 12:00:00,1853.2856607181952,1581.4542410225608,1581.4542410225608,1853.2856607181952,-0.20485086423176144,,,2023-08-04 00:30:00
2023-08-04 12:00:00,ETHUSD,exit,short,-0.18207994519330722,0.0,1835.35,0.0,-1.3199305047235272,,,,,,,,,,,2023-08-04 12:00:00
2023-08-09 17:00:00,ETHUSD,entry,long,0.0,0.20258190342594787,1847.0,1.0,0.5024170685115016,r_trailing_stop,4.0,2023-08-09 19:00:00,2075.8873973131645,1829.6070082149467,2075.8873973131645,1829.6070082149467,0.09480728874142333,,,2023-08-09 17:00:00
2023-08-09 19:00:00,ETHUSD,exit,long,0.20258190342594787,0.0,1850.4,0.0,0.3751545368863491,,,,,,,,,,,2023-08-09 19:00:00
2023-08-09 20:00:00,ETHUSD,entry,long,0.0,0.2021996141088668,1850.6,1.0,-0.06581003039053739,r_trailing_stop,2.0,2023-08-09 21:00:00,2075.475806766562,1828.829935458675,2075.475806766562,1828.829935458675,0.03157682559060917,,,2023-08-09 20:00:00
2023-08-09 21:00:00,ETHUSD,exit,long,0.2021996141088668,0.0,1851.9,1.0,-0.5533543313694028,,,,,,,,,,,2023-08-09 21:00:00
2023-08-09 21:30:00,ETHUSD,entry,long,0.0,0.20495138134465354,1852.3,0.0,-0.37902128413138697,r_trailing_stop,4.0,2023-08-09 23:30:00,2077.682839609403,1833.7293728312477,2077.682839609403,1833.7293728312477,0.08558970113278873,,,2023-08-09 21:30:00
2023-08-09 23:30:00,ETHUSD,exit,long,0.20495138134465354,0.0,1854.3,0.0,-1.1431885819315584,,,,,,,,,,,2023-08-09 23:30:00
2023-08-10 06:00:00,ETHUSD,entry,long,0.0,0.2395239296544929,1850.45,1.0,-0.6347770169273923,r_trailing_stop,14.0,2023-08-10 13:00:00,2045.300101859495,1836.5359918512404,2045.300101859495,1836.5359918512404,0.1005819438943363,,,2023-08-10 06:00:00
2023-08-10 13:00:00,ETHUSD,exit,long,0.2395239296544929,0.0,1855.1,0.0,-0.8682810431700275,,,,,,,,,,,2023-08-10 13:00:00
2023-08-10 14:00:00,ETHUSD,entry,long,0.0,0.24207693878050235,1857.3,1.0,-2.093288743273179,stop_loss,1.0,2023-08-10 14:30:00,2054.6252179019616,1846.913982567843,2054.6252179019616,1846.913982567843,-1.1270903928597638,,,2023-08-10 14:00:00
2023-08-10 14:30:00,ETHUSD,exit,long,0.24207693878050235,0.0,1851.3,1.0,-1.8309055886921617,,,,,,,,,,,2023-08-10 14:30:00
2023-08-10 15:00:00,ETHUSD,entry,long,0.0,0.22447387501408525,1852.75,0.0,-1.6567586429254193,max_holding_close,23.0,2023-08-11 02:30:00,2057.537691093655,1834.8549847125075,2057.537691093655,1834.8549847125075,-0.5785940378749878,,,2023-08-10 15:00:00
2023-08-11 02:30:00,ETHUSD,exit,long,0.22447387501408525,0.0,1843.75,0.0,2.2085966902721363,,,,,,,,,,,2023-08-11 02:30:00
2023-08-16 07:00:00,ETHUSD,entry,short,0.0,-0.3199515559113083,1824.4,0.0,-1.949132093302634,r_trailing_stop,5.0,2023-08-16 09:30:00,1834.8482880614931,1680.9713992313366,1680.9713992313366,1834.8482880614931,-0.007840605862652237,,,2023-08-16 07:00:00
2023-08-16 09:30:00,ETHUSD,exit,short,-0.3199515559113083,0.0,1822.2,-1.0,-4.0,,,,,,,,,,,2023-08-16 09:30:00
2023-08-16 10:00:00,ETHUSD,entry,short,0.0,-0.3129652694804511,1823.3,0.0,-3.9717948679554107,r_trailing_stop,5.0,2023-08-16 12:30:00,1833.8950621056138,1676.686723679828,1676.686723679828,1833.8950621056138,-0.005921422617639925,,,2023-08-16 10:00:00
2023-08-16 12:30:00,ETHUSD,exit,short,-0.3129652694804511,0.0,1822.65,0.0,-4.0,,,,,,,,,,,2023-08-16 12:30:00
2023-08-19 16:00:00,ETHUSD,entry,short,0.0,-0.11322910067517221,1681.6999999999998,-1.0,-1.973361689650344,r_trailing_stop,3.0,2023-08-19 17:30:00,1712.778223397769,1311.447207527887,1311.447207527887,1712.778223397769,0.09980011627235005,,,2023-08-19 16:00:00
2023-08-19 17:30:00,ETHUSD,exit,short,-0.11322910067517221,0.0,1679.4,0.0,-1.8878948917149263,,,,,,,,,,,2023-08-19 17:30:00
2023-08-23 08:00:00,ETHUSD,entry,long,0.0,0.11455736447027098,1644.3,0.0,4.0,r_trailing_stop,13.0,2023-08-23 14:30:00,2003.4422474789435,1615.8386202016848,2003.4422474789435,1615.8386202016848,0.06872614670074183,,,2023-08-23 08:00:00
2023-08-23 14:30:00,ETHUSD,exit,long,0.11455736447027098,0.0,1651.6999999999998,0.0,3.1251415351331104,,,,,,,,,,,2023-08-23 14:30:00
2023-08-24 10:00:00,ETHUSD,entry,long,0.0,0.1319951604888978,1669.3,0.0,-2.457577663113119,r_trailing_stop,3.0,2023-08-24 11:30:00,1982.255512260273,1641.347559019178,1982.255512260273,1641.347559019178,0.06507590663322659,,,2023-08-24 10:00:00
2023-08-24 11:30:00,ETHUSD,exit,long,0.1319951604888978,0.0,1667.05,0.0,-1.0854728089438188,,,,,,,,,,,2023-08-24 11:30:00
2023-08-30 14:30:00,ETHUSD,entry,long,0.0,0.1403100976735592,1702.8,1.0,-0.4754247514743786,max_holding_close,23.0,2023-08-31 02:00:00,2018.0400804718024,1688.4347935622557,2018.0400804718024,1688.4347935622557,-0.6163573729500015,,,2023-08-30 14:30:00
2023-08-31 02:00:00,ETHUSD,exit,long,0.1403100976735592,0.0,1699.6,0.0,0.41634994894559685,,,,,,,,,,,2023-08-31 02:00:00
2023-08-31 12:00:00,ETHUSD,entry,long,0.0,0.17465528379971462,1710.0,1.0,-4.0,stop_loss,7.0,2023-08-31 15:30:00,1959.1117882716471,1694.1750569382684,1959.1117882716471,1694.1750569382684,-1.0916940239948503,,,2023-08-31 12:00:00
2023-08-31 15:30:00,ETHUSD,exit,long,0.17465528379971462,0.0,1688.9,0.0,-4.0,,,,,,,,,,,2023-08-31 15:30:00
2023-09-01 12:30:00,ETHUSD,entry,long,0.0,0.1592164052495031,1646.3,0.0,-3.2055583392960822,stop_loss,4.0,2023-09-01 14:30:00,1906.6516024836806,1627.1998718013056,1906.6516024836806,1627.1998718013056,-1.083588612755989,,,2023-09-01 12:30:00
2023-09-01 14:30:00,ETHUSD,exit,long,0.1592164052495031,0.0,1630.25,1.0,-0.2777030413963693,,,,,,,,,,,2023-09-01 14:30:00
2023-09-01 15:00:00,ETHUSD,entry,long,0.0,0.14604045096274543,1636.05,1.0,-1.0362299812109033,r_trailing_stop,1.0,2023-09-01 15:30:00,1909.3836356044749,1607.9733091516423,1909.3836356044749,1607.9733091516423,0.1831075204008683,,,2023-09-01 15:00:00
2023-09-01 15:30:00,ETHUSD,exit,long,0.14604045096274543,0.0,1634.2,1.0,-0.46645490978452353,,,,,,,,,,,2023-09-01 15:30:00
2023-09-01 16:00:00,ETHUSD,entry,long,0.0,0.1411630747977392,1634.3,1.0,-0.4561559225425541,stop_loss,2.0,2023-09-01 17:00:00,1923.6759002117906,1611.0959279830568,1923.6759002117906,1611.0959279830568,-1.0741106142688133,,,2023-09-01 16:00:00
2023-09-01 17:00:00,ETHUSD,exit,long,0.1411630747977392,0.0,1603.7,1.0,4.0,,,,,,,,,,,2023-09-01 17:00:00
2023-09-01 17:30:00,ETHUSD,entry,long,0.0,0.12746964436440392,1605.2,0.0,4.0,r_trailing_stop,1.0,2023-09-01 18:00:00,1918.3454762969168,1578.6363618962469,1918.3454762969168,1578.6363618962469,-0.013272723070601804,,,2023-09-01 17:30:00
2023-09-01 18:00:00,ETHUSD,exit,long,0.12746964436440392,0.0,1605.8000000000002,1.0,3.9462473367111515,,,,,,,,,,,2023-09-01 18:00:00
2023-09-01 18:30:00,ETHUSD,entry,long,0.0,0.12699166419777616,1617.65,0.0,1.853074029158379,r_trailing_stop,1.0,2023-09-01 19:00:00,1921.6837386734783,1580.3133009061216,1921.6837386734783,1580.3133009061216,0.41184181301549494,,,2023-09-01 18:30:00
2023-09-01 19:00:00,ETHUSD,exit,long,0.12699166419777616,0.0,1617.1,0.0,2.097004639793982,,,,,,,,,,,2023-09-01 19:00:00
2023-09-07 13:00:00,ETHUSD,entry,long,0.0,0.1881008014250047,1626.9,0.0,4.0,r_trailing_stop,2.0,2023-09-07 14:00:00,1841.371142345853,1608.0683086123317,1841.371142345853,1608.0683086123317,-0.124792038673871,,,2023-09-07 13:00:00
2023-09-07 14:00:00,ETHUSD,exit,long,0.1881008014250047,0.0,1626.1999999999998,0.0,4.0,,,,,,,,,,,2023-09-07 14:00:00
2023-09-07 15:00:00,ETHUSD,entry,long,0.0,0.18202395292413642,1628.9,0.0,3.71730851968597,r_trailing_stop,4.0,2023-09-07 17:00:00,1855.4639176592232,1613.4748865872623,1855.4639176592232,1613.4748865872623,0.01322334729727425,,,2023-09-07 15:00:00
2023-09-07 17:00:00,ETHUSD,exit,long,0.18202395292413642,0.0,1634.3,0.0,3.632800327162397,,,,,,,,,,,2023-09-07 17:00:00
2023-09-08 05:30:00,ETHUSD,entry,short,0.0,-0.17311617517958672,1645.35,0.0,-3.2711520446712226,r_trailing_stop,3.0,2023-09-08 07:00:00,1669.8210082207806,1412.362397240242,1412.362397240242,1669.8210082207806,0.20360269951381565,,,2023-09-08 05:30:00
2023-09-08 07:00:00,ETHUSD,exit,short,-0.17311617517958672,0.0,1647.9,0.0,-3.4599812793564233,,,,,,,,,,,2023-09-08 07:00:00
2023-09-10 16:00:00,ETHUSD,entry,long,0.0,0.27731789621878206,1615.0500000000002,1.0,-1.8189409257405234,stop_loss,1.0,2023-09-10 16:30:00,1765.2241709855734,1607.5720663211541,1765.2241709855734,1607.5720663211541,-1.1455918955148607,,,2023-09-10 16:00:00
2023-09-10 16:30:00,ETHUSD,exit,long,0.27731789621878206,0.0,1613.1999999999998,1.0,-0.5742215880618268,,,,,,,,,,,2023-09-10 16:30:00
2023-09-10 17:00:00,ETHUSD,entry,long,0.0,0.24377217214181054,1607.8000000000002,1.0,0.8671309795004019,r_trailing_stop,6.0,2023-09-10 20:00:00,1778.5862335358747,1599.9151013171302,1778.5862335358747,1599.9151013171302,0.09869304868125159,,,2023-09-10 17:00:00
2023-09-10 20:00:00,ETHUSD,exit,long,0.24377217214181054,0.0,1621.1999999999998,-1.0,-4.0,,,,,,,,,,,2023-09-10 20:00:00
2023-09-10 20:30:00,ETHUSD,entry,short,0.0,-0.20961528474562077,1618.6999999999998,-1.0,-3.1500305399784185,r_trailing_stop,1.0,2023-09-10 21:00:00,1636.6178605805617,1427.801742742979,1427.801742742979,1636.6178605805617,0.030013871336314935,,,2023-09-10 20:30:00
2023-09-10 21:00:00,ETHUSD,exit,short,-0.20961528474562077,0.0,1624.3000000000002,-1.0,-4.0,,,,,,,,,,,2023-09-10 21:00:00
2023-09-10 21:30:00,ETHUSD,entry,short,0.0,-0.20412192050391076,1623.1,0.0,-4.0,r_trailing_stop,5.0,2023-09-11 00:00:00,1640.1645083094481,1425.3186461318983,1425.3186461318983,1640.1645083094481,0.2673763218442474,,,2023-09-10 21:30:00
2023-09-11 00:00:00,ETHUSD,exit,short,-0.20412192050391076,0.0,1614.8000000000002,0.0,-4.0,,,,,,,,,,,2023-09-11 00:00:00
2023-09-11 01:00:00,ETHUSD,entry,short,0.0,-0.19379359863510512,1609.1,0.0,-3.972532868987882,r_trailing_stop,15.0,2023-09-11 08:30:00,1626.059939764114,1401.8257529485736,1401.8257529485736,1626.059939764114,0.07127657135545115,,,2023-09-11 01:00:00
2023-09-11 08:30:00,ETHUSD,exit,short,-0.19379359863510512,0.0,1606.5,0.0,-4.0,,,,,,,,,,,2023-09-11 08:30:00
2023-09-11 09:30:00,ETHUSD,entry,short,0.0,-0.18288246661145377,1593.3,0.0,-4.0,r_trailing_stop,2.0,2023-09-11 10:30:00,1608.803527298011,1373.855908774864,1373.855908774864,1608.803527298011,0.3378068077424823,,,2023-09-11 09:30:00
2023-09-11 10:30:00,ETHUSD,exit,short,-0.18288246661145377,0.0,1589.2,0.0,-4.0,,,,,,,,,,,2023-09-11 10:30:00
2023-09-13 05:30:00,ETHUSD,entry,long,0.0,0.11759171473407205,1584.3000000000002,0.0,2.023275067928592,r_trailing_stop,5.0,2023-09-13 08:00:00,1921.4253495055718,1557.5999720395544,1921.4253495055718,1557.5999720395544,-0.07472264974848197,,,2023-09-13 05:30:00
2023-09-13 08:00:00,ETHUSD,exit,long,0.11759171473407205,0.0,1592.9,0.0,1.250547223371931,,,,,,,,,,,2023-09-13 08:00:00
2023-09-14 01:30:00,ETHUSD,entry,long,0.0,0.11658187736524579,1620.7,0.0,0.7172607719112724,max_holding_close,23.0,2023-09-14 13:00:00,1970.9779346753378,1595.107765225973,1970.9779346753378,1595.107765225973,0.15429445713917755,,,2023-09-14 01:30:00
2023-09-14 13:00:00,ETHUSD,exit,long,0.11658187736524579,0.0,1628.95,0.0,-0.3978871642119675,,,,,,,,,,,2023-09-14 13:00:00
2023-09-20 16:00:00,ETHUSD,entry,short,0.0,-0.15619513521364858,1627.4,-1.0,-1.0564952875390545,r_trailing_stop,7.0,2023-09-20 19:30:00,1650.2130057238508,1368.562428451865,1368.562428451865,1650.2130057238508,0.5339203107855895,,,2023-09-20 16:00:00
2023-09-20 19:30:00,ETHUSD,exit,short,-0.15619513521364858,0.0,1616.15,0.0,0.29698196737291954,,,,,,,,,,,2023-09-20 19:30:00
2023-09-21 09:00:00,ETHUSD,entry,long,0.0,0.15805715242949125,1610.7,0.0,-4.0,stop_loss,3.0,2023-09-21 10:30:00,1872.646098032687,1596.440312157385,1872.646098032687,1596.440312157385,-1.0829800050254916,,,2023-09-21 09:00:00
2023-09-21 10:30:00,ETHUSD,exit,long,0.15805715242949125,0.0,1591.85,0.0,-1.084724436425808,,,,,,,,,,,2023-09-21 10:30:00
2023-09-22 01:00:00,ETHUSD,entry,long,0.0,0.1430572821707301,1592.7,0.0,0.6744231410271803,r_trailing_stop,15.0,2023-09-22 08:30:00,1868.91800367306,1568.6585597061553,1868.91800367306,1568.6585597061553,0.20140579660389216,,,2023-09-22 01:00:00
2023-09-22 08:30:00,ETHUSD,exit,long,0.1430572821707301,0.0,1596.1999999999998,0.0,-0.9014547170048781,,,,,,,,,,,2023-09-22 08:30:00
2023-09-27 10:30:00,ETHUSD,entry,long,0.0,0.19363285668480715,1615.6,1.0,-4.0,r_trailing_stop,1.0,2023-09-27 11:00:00,1822.948610897176,1597.824111128226,1822.948610897176,1597.824111128226,-0.026698726731951925,,,2023-09-27 10:30:00
2023-09-27 11:00:00,ETHUSD,exit,long,0.19363285668480715,0.0,1621.9,1.0,-4.0,,,,,,,,,,,2023-09-27 11:00:00
2023-09-27 11:30:00,ETHUSD,entry,long,0.0,0.18926310371644178,1628.75,1.0,-4.0,r_trailing_stop,1.0,2023-09-27 12:00:00,1836.195403376408,1604.8103677298875,1836.195403376408,1604.8103677298875,0.2944609557814448,,,2023-09-27 11:30:00
2023-09-27 12:00:00,ETHUSD,exit,long,0.18926310371644178,0.0,1625.8000000000002,1.0,-4.0,,,,,,,,,,,2023-09-27 12:00:00
2023-09-27 12:30:00,ETHUSD,entry,long,0.0,0.18225694529432324,1622.75,1.0,-4.0,stop_loss,3.0,2023-09-27 14:00:00,1848.752475622343,1607.9098019502126,1848.752475622343,1607.9098019502126,-1.0956848962795198,,,2023-09-27 12:30:00
2023-09-27 14:00:00,ETHUSD,exit,long,0.18225694529432324,0.0,1606.8,0.0,-0.17433953892220908,,,,,,,,,,,2023-09-27 14:00:00
2023-09-29 07:00:00,ETHUSD,entry,short,0.0,-0.1446311237098856,1662.3000000000002,-1.0,0.4706458594390723,stop_loss,1.0,2023-09-29 07:30:00,1682.0425030718557,1372.318711601803,1372.318711601803,1682.0425030718557,-1.07593133994769,,,2023-09-29 07:00:00
2023-09-29 07:30:00,ETHUSD,exit,short,-0.1446311237098856,0.0,1686.6,0.0,-3.4757953344482653,,,,,,,,,,,2023-09-29 07:30:00
2023-09-29 13:00:00,ETHUSD,entry,short,0.0,-0.13855053219938887,1673.0,0.0,-0.6939613247516618,r_trailing_stop,3.0,2023-09-29 14:30:00,1697.6065293678082,1371.493382902397,1371.493382902397,1697.6065293678082,0.32259921867687746,,,2023-09-29 13:00:00
2023-09-29 14:30:00,ETHUSD,exit,short,-0.13855053219938887,0.0,1673.1999999999998,0.0,-0.3879929386834145,,,,,,,,,,,2023-09-29 14:30:00
2023-10-04 10:00:00,ETHUSD,entry,long,0.0,0.13642457455061022,1647.8000000000002,0.0,-0.6807771795092701,max_holding_close,23.0,2023-10-04 21:30:00,1954.2580814784392,1627.3873534817249,1954.2580814784392,1627.3873534817249,-0.38963853013255373,,,2023-10-04 10:00:00
2023-10-04 21:30:00,ETHUSD,exit,long,0.13642457455061022,0.0,1643.9,0.0,-0.8584120991466612,,,,,,,,,,,2023-10-04 21:30:00
2023-10-05 16:00:00,ETHUSD,entry,long,0.0,0.13812663404730716,1618.3,1.0,0.7463493133541438,r_trailing_stop,22.0,2023-10-06 03:00:00,1911.142462623422,1594.8186029901262,1911.142462623422,1594.8186029901262,0.10335800451637349,,,2023-10-05 16:00:00
2023-10-06 03:00:00,ETHUSD,exit,long,0.13812663404730716,0.0,1622.6,0.0,3.548712065203629,,,,,,,,,,,2023-10-06 03:00:00
2023-10-09 11:00:00,ETHUSD,entry,long,0.0,0.1828616614387844,1594.05,1.0,-3.5658116854532524,stop_loss,10.0,2023-10-09 16:00:00,1813.799882737198,1578.1980093810243,1813.799882737198,1578.1980093810243,-1.0960023722553518,,,2023-10-09 11:00:00
2023-10-09 16:00:00,ETHUSD,exit,long,0.1828616614387844,0.0,1569.1,0.0,2.9781883352380087,,,,,,,,,,,2023-10-09 16:00:00
2023-10-10 01:00:00,ETHUSD,entry,long,0.0,0.14593509382797565,1578.35,0.0,-0.15871916607791933,r_trailing_stop,4.0,2023-10-10 03:00:00,1848.032828930067,1556.1273736855946,1848.032828930067,1556.1273736855946,0.38804814000555493,,,2023-10-10 01:00:00
2023-10-10 03:00:00,ETHUSD,exit,long,0.14593509382797565,0.0,1585.25,0.0,-3.0822472596844714,,,,,,,,,,,2023-10-10 03:00:00
2023-10-10 07:30:00,ETHUSD,entry,long,0.0,0.1596360232300988,1590.05,0.0,-4.0,stop_loss,10.0,2023-10-10 12:30:00,1841.837633157312,1572.498989347415,1841.837633157312,1572.498989347415,-1.0838089121958019,,,2023-10-10 07:30:00
2023-10-10 12:30:00,ETHUSD,exit,long,0.1596360232300988,0.0,1574.5,1.0,-0.06018977500180592,,,,,,,,,,,2023-10-10 12:30:00
2023-10-10 13:00:00,ETHUSD,entry,long,0.0,0.15794800393023228,1577.5,1.0,-0.980984834736273,r_trailing_stop,3.0,2023-10-10 14:30:00,1823.653845699667,1554.5136923440266,1823.653845699667,1554.5136923440266,0.3359111233415221,,,2023-10-10 13:00:00
2023-10-10 14:30:00,ETHUSD,exit,long,0.15794800393023228,0.0,1571.9,0.0,-2.252009448761328,,,,,,,,,,,2023-10-10 14:30:00
2023-10-11 13:00:00,ETHUSD,entry,long,0.0,0.1377250337084186,1570.4,1.0,-1.9104273800818585,stop_loss,10.0,2023-10-11 18:00:00,1858.0600862413644,1549.7631931006908,1858.0600862413644,1549.7631931006908,-1.0723056426969122,,,2023-10-11 13:00:00
2023-10-11 18:00:00,ETHUSD,exit,long,0.1377250337084186,0.0,1553.05,0.0,2.032748495023736,,,,,,,,,,,2023-10-11 18:00:00
2023-10-12 09:30:00,ETHUSD,entry,long,0.0,0.14971032299402848,1541.15,1.0,-0.7234755775974084,stop_loss,13.0,2023-10-12 16:00:00,1813.1510466826612,1532.9439162653869,1813.1510466826612,1532.9439162653869,-1.078597919571865,,,2023-10-12 09:30:00
2023-10-12 16:00:00,ETHUSD,exit,long,0.14971032299402848,0.0,1536.05,0.0,0.6865356693063092,,,,,,,,,,,2023-10-12 16:00:00
2023-10-16 11:00:00,ETHUSD,entry,long,0.0,0.17938104239931885,1584.6999999999998,0.0,3.8232598447517168,r_trailing_stop,5.0,2023-10-16 13:30:00,1806.7530082875164,1568.0697593369987,1806.7530082875164,1568.0697593369987,1.9442609844848087,,,2023-10-16 11:00:00
2023-10-16 13:30:00,ETHUSD,exit,long,0.17938104239931885,0.0,1579.8000000000002,0.0,2.3309933768310125,,,,,,,,,,,2023-10-16 13:30:00
2023-10-17 08:00:00,ETHUSD,entry,short,0.0,-0.13241451540512028,1587.6999999999998,-1.0,-3.795495631887482,r_trailing_stop,6.0,2023-10-17 11:00:00,1614.9798428783656,1290.5769640204262,1290.5769640204262,1614.9798428783656,0.09278056919826261,,,2023-10-17 08:00:00
2023-10-17 11:00:00,ETHUSD,exit,short,-0.13241451540512028,0.0,1585.6999999999998,0.0,-3.536022914431944,,,,,,,,,,,2023-10-17 11:00:00
2023-10-17 13:00:00,ETHUSD,entry,short,0.0,-0.13817004767112048,1574.4,0.0,-1.3458261301264107,r_trailing_stop,2.0,2023-10-17 14:00:00,1597.797994595021,1290.0250675622374,1290.0250675622374,1597.797994595021,0.05027854512477579,,,2023-10-17 13:00:00
2023-10-17 14:00:00,ETHUSD,exit,short,-0.13817004767112048,0.0,1573.5,0.0,-0.6083126419802665,,,,,,,,,,,2023-10-17 14:00:00
2023-10-17 19:00:00,ETHUSD,entry,short,0.0,-0.12809307758264601,1559.1,-1.0,2.532309399273735,stop_loss,19.0,2023-10-18 04:30:00,1578.7206324078609,1251.0670949017397,1251.0670949017397,1578.7206324078609,-1.0672488657308892,,,2023-10-17 19:00:00
2023-10-18 04:30:00,ETHUSD,exit,short,-0.12809307758264601,0.0,1573.8000000000002,0.0,-0.4045657544151025,,,,,,,,,,,2023-10-18 04:30:00
2023-10-18 05:30:00,ETHUSD,entry,short,0.0,-0.13859820214012744,1573.4,-1.0,-0.6342058477097314,r_trailing_stop,4.0,2023-10-18 07:30:00,1598.0318966000343,1291.151292499574,1291.151292499574,1598.0318966000343,-0.033172111120671324,,,2023-10-18 05:30:00
2023-10-18 07:30:00,ETHUSD,exit,short,-0.13859820214012744,0.0,1573.1,-1.0,-1.7279223672069337,,,,,,,,,,,2023-10-18 07:30:00
2023-10-18 08:00:00,ETHUSD,entry,short,0.0,-0.14011312797257403,1575.8000000000002,0.0,-1.8630837097005295,r_trailing_stop,18.0,2023-10-18 17:00:00,1595.4532850384712,1292.3339370191097,1292.3339370191097,1595.4532850384712,-0.011207714130417306,,,2023-10-18 08:00:00
2023-10-18 17:00:00,ETHUSD,exit,short,-0.14011312797257403,0.0,1573.35,0.0,-3.451490809885261,,,,,,,,,,,2023-10-18 17:00:00
2023-10-20 09:00:00,ETHUSD,entry,long,0.0,0.1317479884428987,1612.45,1.0,-0.8499093098671419,r_trailing_stop,3.0,2023-10-20 10:30:00,1918.2439500852024,1587.824483993184,1918.2439500852024,1587.824483993184,0.24134669922197766,,,2023-10-20 09:00:00
2023-10-20 10:30:00,ETHUSD,exit,long,0.1317479884428987,0.0,1617.0,1.0,-1.241709502770223,,,,,,,,,,,2023-10-20 10:30:00
2023-10-20 11:00:00,ETHUSD,entry,long,0.0,0.12471081956916105,1618.5,1.0,-1.697198574948154,max_holding_close,23.0,2023-10-20 22:30:00,1941.2099256556946,1591.1172059475443,1941.2099256556946,1591.1172059475443,-0.37781900709122174,,,2023-10-20 11:00:00
2023-10-20 22:30:00,ETHUSD,exit,long,0.12471081956916105,0.0,1608.95,0.0,-0.5757357673438027,,,,,,,,,,,2023-10-20 22:30:00
2023-10-21 02:00:00,ETHUSD,entry,short,0.0,-0.13382774558513083,1598.45,-1.0,2.620919550740725,r_trailing_stop,2.0,2023-10-21 03:00:00,1623.8098401158118,1301.0269985523541,1301.0269985523541,1623.8098401158118,0.09122163730370299,,,2023-10-21 02:00:00
2023-10-21 03:00:00,ETHUSD,exit,short,-0.13382774558513083,0.0,1595.85,0.0,4.0,,,,,,,,,,,2023-10-21 03:00:00
2023-10-21 20:30:00,ETHUSD,entry,short,0.0,-0.13289134776367995,1630.4,0.0,-0.20489392115231025,r_trailing_stop,13.0,2023-10-22 03:00:00,1655.4448635662907,1324.0892054213678,1324.0892054213678,1655.4448635662907,0.08432050341315386,,,2023-10-21 20:30:00
2023-10-22 03:00:00,ETHUSD,exit,short,-0.13289134776367995,0.0,1627.45,0.0,-0.041888517223896055,,,,,,,,,,,2023-10-22 03:00:00
2023-10-22 23:30:00,ETHUSD,entry,short,0.0,-0.13241117611862555,1663.8000000000002,0.0,2.138408483935769,stop_loss,4.0,2023-10-23 01:30:00,1686.393048014492,1347.6368998188527,1347.6368998188527,1686.393048014492,-1.0695158674622784,,,2023-10-22 23:30:00
2023-10-23 01:30:00,ETHUSD,exit,short,-0.13241117611862555,0.0,1676.85,0.0,-0.9264677707918983,,,,,,,,,,,2023-10-23 01:30:00
2023-10-25 05:30:00,ETHUSD,entry,long,0.0,0.06930312660007534,1783.3000000000002,0.0,0.6605876777252779,r_trailing_stop,19.0,2023-10-25 15:00:00,2430.4751869094093,1734.6039850472473,2430.4751869094093,1734.6039850472473,0.3042227578787063,,,2023-10-25 05:30:00
2023-10-25 15:00:00,ETHUSD,exit,long,0.06930312660007534,0.0,1801.4,0.0,0.31654052081654055,,,,,,,,,,,2023-10-25 15:00:00
2023-10-25 16:30:00,ETHUSD,entry,long,0.0,0.07282672208616116,1783.9,1.0,2.041708097192569,r_trailing_stop,23.0,2023-10-26 04:00:00,2407.4946343388874,1743.030429252889,2407.4946343388874,1743.030429252889,0.35180151355757416,,,2023-10-25 16:30:00
2023-10-26 04:00:00,ETHUSD,exit,long,0.07282672208616116,0.0,1810.25,0.0,-3.2283938382690622,,,,,,,,,,,2023-10-26 04:00:00
2023-10-26 07:00:00,ETHUSD,entry,short,0.0,-0.08374069176616254,1847.35,0.0,-4.0,stop_loss,1.0,2023-10-26 07:30:00,1857.170635684859,1272.3420539392623,1272.3420539392623,1857.170635684859,-1.0439638631772354,,,2023-10-26 07:00:00
2023-10-26 07:30:00,ETHUSD,exit,short,-0.08374069176616254,0.0,1850.15,0.0,-4.0,,,,,,,,,,,2023-10-26 07:30:00
2023-10-26 12:00:00,ETHUSD,entry,long,0.0,0.07311520497335625,1815.75,0.0,-1.0947550594758488,r_trailing_stop,3.0,2023-10-26 13:30:00,2432.375326028466,1763.0179739177227,2432.375326028466,1763.0179739177227,0.055398502583211925,,,2023-10-26 12:00:00
2023-10-26 13:30:00,ETHUSD,exit,long,0.07311520497335625,0.0,1807.4,0.0,-2.390023966844833,,,,,,,,,,,2023-10-26 13:30:00
2023-10-26 15:00:00,ETHUSD,entry,long,0.0,0.06985913974003288,1771.9499999999998,1.0,1.3350960441242823,r_trailing_stop,17.0,2023-10-26 23:30:00,2430.371056607831,1738.6083154713733,2430.371056607831,1738.6083154713733,0.2618107895594938,,,2023-10-26 15:00:00
2023-10-26 23:30:00,ETHUSD,exit,long,0.06985913974003288,0.0,1804.15,0.0,-1.9496091331538177,,,,,,,,,,,2023-10-26 23:30:00
2023-11-02 13:00:00,ETHUSD,entry,short,0.0,-0.10147816886719636,1829.7,-1.0,-4.0,r_trailing_stop,2.0,2023-11-02 14:00:00,1872.7969479840249,1384.1381501996889,1384.1381501996889,1872.7969479840249,0.26719296898369543,,,2023-11-02 13:00:00
2023-11-02 14:00:00,ETHUSD,exit,short,-0.10147816886719636,0.0,1819.35,0.0,-2.437072901909657,,,,,,,,,,,2023-11-02 14:00:00
2023-11-05 09:30:00,ETHUSD,entry,short,0.0,-0.12531491764806937,1890.55,-1.0,-2.764319767408791,r_trailing_stop,9.0,2023-11-05 14:00:00,1915.592187512666,1509.3476560916752,1509.3476560916752,1915.592187512666,0.4144007475279537,,,2023-11-05 09:30:00
2023-11-05 14:00:00,ETHUSD,exit,short,-0.12531491764806937,0.0,1878.75,0.0,0.6733187146551821,,,,,,,,,,,2023-11-05 14:00:00
2023-11-05 16:00:00,ETHUSD,entry,short,0.0,-0.11678022202713086,1880.75,0.0,0.12488872700069192,stop_loss,3.0,2023-11-05 17:30:00,1908.0778717823327,1474.3516027208418,1474.3516027208418,1908.0778717823327,-1.0613096165642437,,,2023-11-05 16:00:00
2023-11-05 17:30:00,ETHUSD,exit,short,-0.11678022202713086,0.0,1901.85,-1.0,-3.088290811922814,,,,,,,,,,,2023-11-05 17:30:00
2023-11-05 18:00:00,ETHUSD,entry,short,0.0,-0.1127344696914417,1897.4,-1.0,-2.366869370631965,r_trailing_stop,4.0,2023-11-05 20:00:00,1935.183249558974,1479.7843805128243,1479.7843805128243,1935.183249558974,0.20116455902389765,,,2023-11-05 18:00:00
2023-11-05 20:00:00,ETHUSD,exit,short,-0.1127344696914417,0.0,1894.45,0.0,-1.8752692868949075,,,,,,,,,,,2023-11-05 20:00:00
2023-11-05 21:00:00,ETHUSD,entry,short,0.0,-0.11286343079272093,1877.55,-1.0,1.0137874202699253,r_trailing_stop,2.0,2023-11-05 22:00:00,1921.1001616111025,1469.5229798612186,1469.5229798612186,1921.1001616111025,0.47736592981661724,,,2023-11-05 21:00:00
2023-11-05 22:00:00,ETHUSD,exit,short,-0.11286343079272093,0.0,1877.4,-1.0,1.9487062454070034,,,,,,,,,,,2023-11-05 22:00:00
2023-11-05 22:30:00,ETHUSD,entry,short,0.0,-0.10760297861342573,1886.9,-1.0,1.0952539413594506,max_holding_close,23.0,2023-11-06 10:00:00,1912.3968034936115,1441.289956329856,1441.289956329856,1912.3968034936115,-0.5407766073318042,,,2023-11-05 22:30:00
2023-11-06 10:00:00,ETHUSD,exit,short,-0.10760297861342573,0.0,1894.4,-1.0,0.36876828324226285,,,,,,,,,,,2023-11-06 10:00:00
2023-11-06 10:30:00,ETHUSD,entry,short,0.0,-0.11267654925794517,1896.55,0.0,0.8790353337984104,r_trailing_stop,22.0,2023-11-06 21:30:00,1928.0763403960505,1474.1207450493705,1474.1207450493705,1928.0763403960505,0.030060586079084635,,,2023-11-06 10:30:00
2023-11-06 21:30:00,ETHUSD,exit,short,-0.11267654925794517,0.0,1892.9,0.0,-1.8887688301729126,,,,,,,,,,,2023-11-06 21:30:00
2023-11-07 02:30:00,ETHUSD,entry,short,0.0,-0.10760236397304124,1881.4,0.0,-0.3994264929720844,r_trailing_stop,2.0,2023-11-07 03:30:00,1923.499600608647,1449.6549923919142,1449.6549923919142,1923.499600608647,-0.07500997032289036,,,2023-11-07 02:30:00
2023-11-07 03:30:00,ETHUSD,exit,short,-0.10760236397304124,0.0,1890.9,0.0,-3.097319120738535,,,,,,,,,,,2023-11-07 03:30:00
2023-11-07 05:00:00,ETHUSD,entry,short,0.0,-0.10916538995140057,1892.9,0.0,-3.162083365039039,r_trailing_stop,11.0,2023-11-07 10:30:00,1928.9033066220582,1460.4086672242731,1460.4086672242731,1928.9033066220582,0.3605157899290144,,,2023-11-07 05:00:00
2023-11-07 10:30:00,ETHUSD,exit,short,-0.10916538995140057,0.0,1870.0,0.0,1.3373137854744468,,,,,,,,,,,2023-11-07 10:30:00
2023-11-11 01:30:00,ETHUSD,entry,long,0.0,0.0745543869628155,2049.55,1.0,1.0025367119440154,max_holding_close,23.0,2023-11-11 13:00:00,2747.7664040736854,2002.5486876741052,2747.7664040736854,2002.5486876741052,-0.06269121791107915,,,2023-11-11 01:30:00
2023-11-11 13:00:00,ETHUSD,exit,long,0.0745543869628155,0.0,2056.45,0.0,-1.7712026845136624,,,,,,,,,,,2023-11-11 13:00:00
2023-11-11 18:00:00,ETHUSD,entry,long,0.0,0.08644883546594204,2075.9,0.0,-1.7862642980881713,stop_loss,13.0,2023-11-12 00:30:00,2670.682679608837,2023.6733856312935,2670.682679608837,2023.6733856312935,-1.0453856386196196,,,2023-11-11 18:00:00
2023-11-12 00:30:00,ETHUSD,exit,long,0.08644883546594204,0.0,2034.25,0.0,0.9366672280432473,,,,,,,,,,,2023-11-12 00:30:00
2023-11-15 13:30:00,ETHUSD,entry,long,0.0,0.09205812270474525,2013.9,0.0,4.0,r_trailing_stop,2.0,2023-11-15 14:30:00,2556.295849462878,1966.6743320429696,2556.295849462878,1966.6743320429696,0.03409524272107286,,,2023-11-15 13:30:00
2023-11-15 14:30:00,ETHUSD,exit,long,0.09205812270474525,0.0,2009.95,0.0,4.0,,,,,,,,,,,2023-11-15 14:30:00
2023-11-18 07:30:00,ETHUSD,entry,long,0.0,0.0874554583820841,1936.55,0.0,2.583749306129432,r_trailing_stop,8.0,2023-11-18 11:30:00,2486.017047822615,1889.1366361741907,2486.017047822615,1889.1366361741907,0.09825144307113294,,,2023-11-18 07:30:00
2023-11-18 11:30:00,ETHUSD,exit,long,0.0874554583820841,0.0,1935.6,0.0,2.7456707680857555,,,,,,,,,,,2023-11-18 11:30:00
2023-11-27 20:30:00,ETHUSD,entry,long,0.0,0.10420706905378291,1996.1,0.0,1.0524181322310073,r_trailing_stop,3.0,2023-11-27 22:00:00,2467.476823839778,1951.8558540928177,2467.476823839778,1951.8558540928177,0.5926578232361359,,,2023-11-27 20:30:00
2023-11-27 22:00:00,ETHUSD,exit,long,0.10420706905378291,0.0,2017.1,0.0,-0.21002307140809534,,,,,,,,,,,2023-11-27 22:00:00
2023-11-28 00:30:00,ETHUSD,entry,long,0.0,0.1090362990315472,2033.3,0.0,-1.1360358661327274,max_holding_close,23.0,2023-11-28 12:00:00,2498.3301410289946,1995.0715887176802,2498.3301410289946,1995.0715887176802,-0.2584328883288356,,,2023-11-28 00:30:00
2023-11-28 12:00:00,ETHUSD,exit,long,0.1090362990315472,0.0,2024.85,0.0,2.262897587131168,,,,,,,,,,,2023-11-28 12:00:00
2023-11-29 09:00:00,ETHUSD,entry,short,0.0,-0.12289924520117,2066.6,0.0,-4.0,r_trailing_stop,4.0,2023-11-29 11:00:00,2105.769491061289,1650.5563617338894,1650.5563617338894,2105.769491061289,0.5770907881182478,,,2023-11-29 09:00:00
2023-11-29 11:00:00,ETHUSD,exit,short,-0.12289924520117,0.0,2054.25,0.0,-3.010294123808133,,,,,,,,,,,2023-11-29 11:00:00
2023-12-01 15:30:00,ETHUSD,entry,short,0.0,-0.129901381144987,2080.55,-1.0,1.6947524323526697,stop_loss,2.0,2023-12-01 16:30:00,2105.7288368102163,1674.6895398722963,1674.6895398722963,2105.7288368102163,-1.0681982251011182,,,2023-12-01 15:30:00
2023-12-01 16:30:00,ETHUSD,exit,short,-0.129901381144987,0.0,2105.65,-1.0,-1.1813498866809249,,,,,,,,,,,2023-12-01 16:30:00
2023-12-01 17:00:00,ETHUSD,entry,short,0.0,-0.12500047427782063,2096.8,-1.0,-0.11735634132105068,r_trailing_stop,2.0,2023-12-01 18:00:00,2139.2894721746447,1684.4815978169445,1684.4815978169445,2139.2894721746447,0.24752895969312472,,,2023-12-01 17:00:00
2023-12-01 18:00:00,ETHUSD,exit,short,-0.12500047427782063,0.0,2091.8,-1.0,1.0466866508750867,,,,,,,,,,,2023-12-01 18:00:00
2023-12-01 18:30:00,ETHUSD,entry,short,0.0,-0.12300331581661135,2091.5,0.0,1.3717933093548482,r_trailing_stop,3.0,2023-12-01 20:00:00,2125.7104652645066,1666.5691841936668,1666.5691841936668,2125.7104652645066,-0.042524704932786594,,,2023-12-01 18:30:00
2023-12-01 20:00:00,ETHUSD,exit,short,-0.12300331581661135,0.0,2091.0,0.0,1.2090533197475193,,,,,,,,,,,2023-12-01 20:00:00
2023-12-01 23:00:00,ETHUSD,entry,short,0.0,-0.12888941540057486,2086.3,0.0,1.6196992117315785,max_holding_close,23.0,2023-12-02 10:30:00,2118.825816020509,1681.7522997436345,1681.7522997436345,2118.825816020509,-0.5587742557142065,,,2023-12-01 23:00:00
2023-12-02 10:30:00,ETHUSD,exit,short,-0.12888941540057486,0.0,2102.35,0.0,4.0,,,,,,,,,,,2023-12-02 10:30:00
2023-12-03 02:30:00,ETHUSD,entry,short,0.0,-0.13230179133985,2166.35,0.0,-1.7119895155260794,r_trailing_stop,3.0,2023-12-03 04:00:00,2202.0424509264994,1759.344363418757,1759.344363418757,2202.0424509264994,0.13790635869628298,,,2023-12-03 02:30:00
2023-12-03 04:00:00,ETHUSD,exit,short,-0.13230179133985,0.0,2160.35,0.0,0.26077338338729783,,,,,,,,,,,2023-12-03 04:00:00
2023-12-03 23:30:00,ETHUSD,entry,short,0.0,-0.13596571168730903,2193.65,-1.0,4.0,stop_loss,3.0,2023-12-04 01:00:00,2219.5250237299592,1785.1622033755061,1785.1622033755061,2219.5250237299592,-1.071381998635837,,,2023-12-03 23:30:00
2023-12-04 01:00:00,ETHUSD,exit,short,-0.13596571168730903,0.0,2218.3,0.0,3.3841905554356138,,,,,,,,,,,2023-12-04 01:00:00
2023-12-05 16:00:00,ETHUSD,entry,short,0.0,-0.09904794473603787,2228.65,-1.0,4.0,stop_loss,2.0,2023-12-05 17:00:00,2273.549419340585,1666.0572582426948,1666.0572582426948,2273.549419340585,-1.05200017098642,,,2023-12-05 16:00:00
2023-12-05 17:00:00,ETHUSD,exit,short,-0.09904794473603787,0.0,2270.4,0.0,0.25330060622780426,,,,,,,,,,,2023-12-05 17:00:00
2023-12-06 10:30:00,ETHUSD,entry,short,0.0,-0.08757375613734605,2276.3,-1.0,-3.1749332715674234,r_trailing_stop,1.0,2023-12-06 11:00:00,2338.8722661413253,1633.8716732334346,1633.8716732334346,2338.8722661413253,0.13635848163232223,,,2023-12-06 10:30:00
2023-12-06 11:00:00,ETHUSD,exit,short,-0.08757375613734605,0.0,2256.25,0.0,-2.0149118640714523,,,,,,,,,,,2023-12-06 11:00:00
2023-12-08 10:30:00,ETHUSD,entry,short,0.0,-0.09595491429630532,2358.5,0.0,0.5088349806938695,r_trailing_stop,7.0,2023-12-08 14:00:00,2406.9439134158197,1743.5010823022576,1743.5010823022576,2406.9439134158197,0.1685063308043004,,,2023-12-08 10:30:00
2023-12-08 14:00:00,ETHUSD,exit,short,-0.09595491429630532,0.0,2348.7,0.0,0.4334830891865593,,,,,,,,,,,2023-12-08 14:00:00
2023-12-08 15:30:00,ETHUSD,entry,short,0.0,-0.09670058461183212,2346.1,0.0,1.2038808879404888,r_trailing_stop,1.0,2023-12-08 16:00:00,2409.678039860912,1750.4995017386045,1750.4995017386045,2409.678039860912,0.15805413188612394,,,2023-12-08 15:30:00
2023-12-08 16:00:00,ETHUSD,exit,short,-0.09670058461183212,0.0,2356.25,-1.0,0.3486792608565735,,,,,,,,,,,2023-12-08 16:00:00
2023-12-08 16:30:00,ETHUSD,entry,short,0.0,-0.09553203174490195,2355.65,0.0,0.9749866048073715,r_trailing_stop,3.0,2023-12-08 18:00:00,2405.5279574811457,1739.6005314856766,1739.6005314856766,2405.5279574811457,0.058303447919960324,,,2023-12-08 16:30:00
2023-12-08 18:00:00,ETHUSD,exit,short,-0.09553203174490195,0.0,2353.9,0.0,1.9375897323216753,,,,,,,,,,,2023-12-08 18:00:00
2023-12-13 17:30:00,ETHUSD,entry,short,0.0,-0.08855035949864157,2212.75,0.0,3.956714586121166,stop_loss,5.0,2023-12-13 20:00:00,2259.915099442005,1586.0612569749355,1586.0612569749355,2259.915099442005,-1.0464889387367868,,,2023-12-13 17:30:00
2023-12-13 20:00:00,ETHUSD,exit,short,-0.08855035949864157,0.0,2248.3500000000004,0.0,2.7790225030822593,,,,,,,,,,,2023-12-13 20:00:00
2023-12-18 13:00:00,ETHUSD,entry,long,0.0,0.10070421967727135,2140.3500000000004,1.0,4.0,r_trailing_stop,2.0,2023-12-18 14:00:00,2654.3449598176403,2084.2184032145888,2654.3449598176403,2084.2184032145888,0.5680320041631651,,,2023-12-18 13:00:00
2023-12-18 14:00:00,ETHUSD,exit,long,0.10070421967727135,0.0,2162.95,1.0,4.0,,,,,,,,,,,2023-12-18 14:00:00
2023-12-18 14:30:00,ETHUSD,entry,long,0.0,0.09942279468376829,2167.05,0.0,4.0,r_trailing_stop,11.0,2023-12-18 20:00:00,2706.7642131513917,2119.3908629478888,2706.7642131513917,2119.3908629478888,0.10549938770367992,,,2023-12-18 14:30:00
2023-12-18 20:00:00,ETHUSD,exit,long,0.09942279468376829,0.0,2171.1,0.0,4.0,,,,,,,,,,,2023-12-18 20:00:00
2023-12-27 17:00:00,ETHUSD,entry,short,0.0,-0.10038386183560219,2354.4,0.0,2.544771345969293,r_trailing_stop,1.0,2023-12-27 17:30:00,2414.2099708701485,1777.5503641231453,1777.5503641231453,2414.2099708701485,0.14248791329849592,,,2023-12-27 17:00:00
2023-12-27 17:30:00,ETHUSD,exit,short,-0.10038386183560219,0.0,2347.1,-1.0,3.6498327672562363,,,,,,,,,,,2023-12-27 17:30:00
2023-12-27 18:00:00,ETHUSD,entry,short,0.0,-0.09756859694789474,2344.0,-1.0,2.8619226541456557,stop_loss,12.0,2023-12-28 00:00:00,2395.1607666486875,1745.6654168914074,1745.6654168914074,2395.1607666486875,-1.0512235133976446,,,2023-12-27 18:00:00
2023-12-28 00:00:00,ETHUSD,exit,short,-0.09756859694789474,0.0,2398.85,0.0,-0.2891365461865698,,,,,,,,,,,2023-12-28 00:00:00
2023-12-29 10:00:00,ETHUSD,entry,short,0.0,-0.07802197289879323,2367.15,0.0,-4.0,r_trailing_stop,7.0,2023-12-29 13:30:00,2429.675201170519,1609.8849853685124,1609.8849853685124,2429.675201170519,0.09504772032999838,,,2023-12-29 10:00:00
2023-12-29 13:30:00,ETHUSD,exit,short,-0.07802197289879323,0.0,2364.9,0.0,-3.9613649987468325,,,,,,,,,,,2023-12-29 13:30:00
2024-01-06 07:00:00,ETHUSD,entry,long,0.0,0.0884677632550848,2232.05,0.0,0.8903136718764467,r_trailing_stop,3.0,2024-01-06 08:30:00,2848.309101273073,2170.545271898154,2848.309101273073,2170.545271898154,0.20002774970649506,,,2024-01-06 07:00:00
2024-01-06 08:30:00,ETHUSD,exit,long,0.0884677632550848,0.0,2239.3,0.0,0.3173999981549433,,,,,,,,,,,2024-01-06 08:30:00
2024-01-09 02:00:00,ETHUSD,entry,short,0.0,-0.08650116566998574,2314.2,0.0,-3.4693755423979487,r_trailing_stop,15.0,2024-01-09 09:30:00,2364.2281817384064,1642.94772826992,1642.94772826992,2364.2281817384064,0.2563306761101857,,,2024-01-09 02:00:00
2024-01-09 09:30:00,ETHUSD,exit,short,-0.08650116566998574,0.0,2292.4,-1.0,2.0648729304930358,,,,,,,,,,,2024-01-09 09:30:00
2024-01-09 10:00:00,ETHUSD,entry,short,0.0,-0.0931794245420549,2299.8,-1.0,4.0,r_trailing_stop,6.0,2024-01-09 13:00:00,2341.552922453452,1677.3134693318516,1677.3134693318516,2341.552922453452,0.4876342969810193,,,2024-01-09 10:00:00
2024-01-09 13:00:00,ETHUSD,exit,short,-0.0931794245420549,0.0,2274.3,0.0,4.0,,,,,,,,,,,2024-01-09 13:00:00
2024-01-12 00:30:00,ETHUSD,entry,long,0.0,0.05262097447092669,2599.95,0.0,2.045563164559589,r_trailing_stop,22.0,2024-01-12 11:30:00,3845.8695734038947,2508.1064341276883,3845.8695734038947,2508.1064341276883,0.4145411187910574,,,2024-01-12 00:30:00
2024-01-12 11:30:00,ETHUSD,exit,long,0.05262097447092669,0.0,2647.3500000000004,0.0,-4.0,,,,,,,,,,,2024-01-12 11:30:00
2024-01-18 19:00:00,ETHUSD,entry,short,0.0,-0.09749752692632065,2468.4,-1.0,-0.19215358968627075,r_trailing_stop,2.0,2024-01-18 20:00:00,2510.666921111941,1829.363486100733,1829.363486100733,2510.666921111941,0.4204098354432705,,,2024-01-18 19:00:00
2024-01-18 20:00:00,ETHUSD,exit,short,-0.09749752692632065,0.0,2431.0,0.0,2.0956383766833215,,,,,,,,,,,2024-01-18 20:00:00
2024-01-19 04:00:00,ETHUSD,entry,short,0.0,-0.0941849298228117,2459.85,0.0,-1.4809231521462636,max_holding_close,23.0,2024-01-19 15:30:00,2508.9697049543265,1804.6786880709233,1804.6786880709233,2508.9697049543265,-0.12228629633970509,,,2024-01-19 04:00:00
2024-01-19 15:30:00,ETHUSD,exit,short,-0.0941849298228117,0.0,2460.6,0.0,1.6078382957117852,,,,,,,,,,,2024-01-19 15:30:00
2024-01-19 16:30:00,ETHUSD,entry,long,0.0,0.09892215478830176,2426.0,1.0,4.0,r_trailing_stop,3.0,2024-01-19 18:00:00,3057.398129100353,2391.2561496719723,3057.398129100353,2391.2561496719723,0.39861372392406835,,,2024-01-19 16:30:00
2024-01-19 18:00:00,ETHUSD,exit,long,0.09892215478830176,0.0,2481.7,0.0,-0.11989151818446857,,,,,,,,,,,2024-01-19 18:00:00
2024-01-24 11:00:00,ETHUSD,entry,short,0.0,-0.07593878371557383,2245.05,-1.0,-0.788429610093826,r_trailing_stop,2.0,2024-01-24 12:00:00,2315.0057447232307,1513.0281909596174,1513.0281909596174,2315.0057447232307,0.12382753019269944,,,2024-01-24 11:00:00
2024-01-24 12:00:00,ETHUSD,exit,short,-0.07593878371557383,0.0,2241.1,0.0,-0.6381286454738049,,,,,,,,,,,2024-01-24 12:00:00
2024-01-24 14:00:00,ETHUSD,entry,short,0.0,-0.07735668616490259,2226.8500000000004,0.0,-0.7115381026894637,r_trailing_stop,9.0,2024-01-24 18:30:00,2285.141660409328,1507.6542448834052,1507.6542448834052,2285.141660409328,0.13041944695839894,,,2024-01-24 14:00:00
2024-01-24 18:30:00,ETHUSD,exit,short,-0.07735668616490259,0.0,2216.5,0.0,0.4924075394509916,,,,,,,,,,,2024-01-24 18:30:00
2024-01-24 20:00:00,ETHUSD,entry,short,0.0,-0.07657921988948117,2217.75,-1.0,0.4367659165903351,r_trailing_stop,2.0,2024-01-24 21:00:00,2269.8215469860475,1489.9056626744105,1489.9056626744105,2269.8215469860475,0.10827846345217468,,,2024-01-24 20:00:00
2024-01-24 21:00:00,ETHUSD,exit,short,-0.07657921988948117,0.0,2213.75,-1.0,0.7720913280949732,,,,,,,,,,,2024-01-24 21:00:00
2024-01-24 21:30:00,ETHUSD,entry,short,0.0,-0.07562908018912944,2215.95,0.0,0.4420004020841943,max_holding_close,23.0,2024-01-25 09:00:00,2272.240973775275,1481.9378278090617,1481.9378278090617,2272.240973775275,-0.233586565411316,,,2024-01-24 21:30:00
2024-01-25 09:00:00,ETHUSD,exit,short,-0.07562908018912944,0.0,2225.05,0.0,0.03244832378172633,,,,,,,,,,,2024-01-25 09:00:00
2024-01-25 21:00:00,ETHUSD,entry,short,0.0,-0.08690985725953954,2225.45,0.0,-1.0126049929233862,r_trailing_stop,22.0,2024-01-26 08:00:00,2272.570783534739,1582.4402058157602,1582.4402058157602,2272.570783534739,0.3330869806879358,,,2024-01-25 21:00:00
2024-01-26 08:00:00,ETHUSD,exit,short,-0.08690985725953954,0.0,2213.45,0.0,3.9939571254060993,,,,,,,,,,,2024-01-26 08:00:00
2024-02-08 10:30:00,ETHUSD,entry,long,0.0,0.13435525740035645,2422.95,0.0,0.1682108487035738,r_trailing_stop,8.0,2024-02-08 14:30:00,2874.272064176994,2387.2762348658407,2874.272064176994,2387.2762348658407,0.15954759583855832,,,2024-02-08 10:30:00
2024-02-08 14:30:00,ETHUSD,exit,long,0.13435525740035645,0.0,2437.65,1.0,2.1756079305137277,,,,,,,,,,,2024-02-08 14:30:00
2024-02-08 15:00:00,ETHUSD,entry,long,0.0,0.13358616600367612,2456.15,0.0,-1.0507774567361778,r_trailing_stop,1.0,2024-02-08 15:30:00,2894.25981958583,2401.4992144331336,2894.25981958583,2401.4992144331336,0.43533583601619497,,,2024-02-08 15:00:00
2024-02-08 15:30:00,ETHUSD,exit,long,0.13358616600367612,0.0,2453.8500000000004,0.0,-0.5503387563243934,,,,,,,,,,,2024-02-08 15:30:00
2024-02-09 02:30:00,ETHUSD,entry,long,0.0,0.12992106776752646,2457.5,0.0,3.796387575849804,r_trailing_stop,1.0,2024-02-09 03:00:00,2904.2095565004975,2398.0572354799606,2904.2095565004975,2398.0572354799606,0.41220566477756976,,,2024-02-09 02:30:00
2024-02-09 03:00:00,ETHUSD,exit,long,0.12992106776752646,0.0,2446.05,0.0,4.0,,,,,,,,,,,2024-02-09 03:00:00
2024-02-09 09:30:00,ETHUSD,entry,short,0.0,-0.1266593472832882,2466.65,0.0,3.8232037570130846,r_trailing_stop,2.0,2024-02-09 10:30:00,2513.319362870883,1985.88296411396,1985.88296411396,2513.319362870883,0.1207613998533106,,,2024-02-09 09:30:00
2024-02-09 10:30:00,ETHUSD,exit,short,-0.1266593472832882,0.0,2474.55,-1.0,2.273584235511646,,,,,,,,,,,2024-02-09 10:30:00
2024-02-09 11:00:00,ETHUSD,entry,short,0.0,-0.1272872853525864,2473.05,-1.0,2.024164377064289,stop_loss,2.0,2024-02-09 12:00:00,2513.482123900205,1988.5734512474387,1988.5734512474387,2513.482123900205,-1.0668258248101077,,,2024-02-09 11:00:00
2024-02-09 12:00:00,ETHUSD,exit,short,-0.1272872853525864,0.0,2511.05,-1.0,-1.4237862011951823,,,,,,,,,,,2024-02-09 12:00:00
2024-02-09 12:30:00,ETHUSD,entry,short,0.0,-0.11957185033933608,2514.15,0.0,-2.5750355017994018,r_trailing_stop,4.0,2024-02-09 14:30:00,2553.152360804379,1986.1204899452628,1986.1204899452628,2553.152360804379,0.42529258255735064,,,2024-02-09 12:30:00
2024-02-09 14:30:00,ETHUSD,exit,short,-0.11957185033933608,0.0,2494.3500000000004,0.0,1.1748950278176151,,,,,,,,,,,2024-02-09 14:30:00
2024-02-13 12:30:00,ETHUSD,entry,short,0.0,-0.10654028096684441,2674.8500000000004,0.0,-3.4891961704989733,r_trailing_stop,3.0,2024-02-13 14:00:00,2728.2211270459925,2049.5609119250903,2049.5609119250903,2728.2211270459925,0.6253719450379035,,,2024-02-13 12:30:00
2024-02-13 14:00:00,ETHUSD,exit,short,-0.10654028096684441,0.0,2623.05,0.0,0.24565421483603542,,,,,,,,,,,2024-02-13 14:00:00
2024-02-14 09:30:00,ETHUSD,entry,long,0.0,0.0938252939189824,2746.2,1.0,2.268039641766124,r_trailing_stop,1.0,2024-02-14 10:00:00,3455.8960436202588,2670.6323165103795,3455.8960436202588,2670.6323165103795,0.15582419866795771,,,2024-02-14 09:30:00
2024-02-14 10:00:00,ETHUSD,exit,long,0.0938252939189824,0.0,2744.45,1.0,1.8131663651674068,,,,,,,,,,,2024-02-14 10:00:00
2024-02-14 10:30:00,ETHUSD,entry,long,0.0,0.09301204388452092,2753.2,1.0,1.3833140677654852,r_trailing_stop,1.0,2024-02-14 11:00:00,3481.982968104445,2685.3393625516446,3481.982968104445,2685.3393625516446,0.09391246052103014,,,2024-02-14 10:30:00
2024-02-14 11:00:00,ETHUSD,exit,long,0.09301204388452092,0.0,2747.1,1.0,2.2196980006109985,,,,,,,,,,,2024-02-14 11:00:00
2024-02-14 11:30:00,ETHUSD,entry,long,0.0,0.09281175773798801,2755.95,0.0,1.368394500097551,r_trailing_stop,5.0,2024-02-14 14:00:00,3486.938577543944,2687.8049137964845,3486.938577543944,2687.8049137964845,0.21903836222216094,,,2024-02-14 11:30:00
2024-02-14 14:00:00,ETHUSD,exit,long,0.09281175773798801,0.0,2758.15,0.0,2.179061204654071,,,,,,,,,,,2024-02-14 14:00:00
2024-02-15 01:00:00,ETHUSD,entry,short,0.0,-0.09048972307026405,2790.95,0.0,0.36207006045499973,r_trailing_stop,2.0,2024-02-15 02:00:00,2881.7653636531904,2040.5079543351194,2040.5079543351194,2881.7653636531904,0.5680674297998579,,,2024-02-15 01:00:00
2024-02-15 02:00:00,ETHUSD,exit,short,-0.09048972307026405,0.0,2791.1000000000004,0.0,2.5223903903152403,,,,,,,,,,,2024-02-15 02:00:00
2024-02-15 05:00:00,ETHUSD,entry,short,0.0,-0.08947034353207192,2784.95,0.0,2.8280804125065124,r_trailing_stop,2.0,2024-02-15 06:00:00,2859.5235109105706,2015.4561136178672,2015.4561136178672,2859.5235109105706,0.3600749489612188,,,2024-02-15 05:00:00
2024-02-15 06:00:00,ETHUSD,exit,short,-0.08947034353207192,0.0,2773.75,0.0,3.4002861395122315,,,,,,,,,,,2024-02-15 06:00:00
2024-02-15 08:00:00,ETHUSD,entry,short,0.0,-0.08865091427343841,2782.4,0.0,2.7595935629764665,stop_loss,13.0,2024-02-15 14:30:00,2835.8156265979633,1991.179667525459,1991.179667525459,2835.8156265979633,-1.046541729993555,,,2024-02-15 08:00:00
2024-02-15 14:30:00,ETHUSD,exit,short,-0.08865091427343841,0.0,2853.3500000000004,-1.0,-0.28631536300637905,,,,,,,,,,,2024-02-15 14:30:00
2024-02-15 15:00:00,ETHUSD,entry,short,0.0,-0.0887997738617457,2844.25,0.0,0.2220359477897264,r_trailing_stop,1.0,2024-02-15 15:30:00,2917.512551038526,2049.968112018425,2049.968112018425,2917.512551038526,0.09420863943559751,,,2024-02-15 15:00:00
2024-02-15 15:30:00,ETHUSD,exit,short,-0.0887997738617457,0.0,2826.4,0.0,1.2732449209550856,,,,,,,,,,,2024-02-15 15:30:00
2024-02-19 17:00:00,ETHUSD,entry,short,0.0,-0.10074320425032131,2940.95,-1.0,-0.6439622578305899,stop_loss,9.0,2024-02-19 21:30:00,2955.1754682747646,2178.581646565441,2178.581646565441,2955.1754682747646,-1.0528901822314187,,,2024-02-19 17:00:00
2024-02-19 21:30:00,ETHUSD,exit,short,-0.10074320425032131,0.0,2968.05,0.0,-4.0,,,,,,,,,,,2024-02-19 21:30:00
2024-02-19 23:00:00,ETHUSD,entry,short,0.0,-0.09548871196996914,2953.65,0.0,-1.1528739071631995,r_trailing_stop,2.0,2024-02-20 00:00:00,3023.9876993027515,2186.478758715605,2186.478758715605,3023.9876993027515,0.23517881326963958,,,2024-02-19 23:00:00
2024-02-20 00:00:00,ETHUSD,exit,short,-0.09548871196996914,0.0,2950.7,0.0,-0.20659279471707823,,,,,,,,,,,2024-02-20 00:00:00
2024-02-20 01:00:00,ETHUSD,entry,short,0.0,-0.09342608789471463,2915.45,-1.0,3.2578146113344633,r_trailing_stop,1.0,2024-02-20 01:30:00,2997.983627440501,2149.7296569937375,2149.7296569937375,2997.983627440501,0.2620904310449723,,,2024-02-20 01:00:00
2024-02-20 01:30:00,ETHUSD,exit,short,-0.09342608789471463,0.0,2921.8500000000004,-1.0,4.0,,,,,,,,,,,2024-02-20 01:30:00
2024-02-20 02:00:00,ETHUSD,entry,short,0.0,-0.0901877897527916,2921.65,0.0,2.9425710231984428,r_trailing_stop,5.0,2024-02-20 04:30:00,2986.5425846283324,2111.842692145845,2111.842692145845,2986.5425846283324,0.020560416097634693,,,2024-02-20 02:00:00
2024-02-20 04:30:00,ETHUSD,exit,short,-0.0901877897527916,0.0,2924.3500000000004,0.0,-1.7171015021849418,,,,,,,,,,,2024-02-20 04:30:00
2024-02-20 08:00:00,ETHUSD,entry,short,0.0,-0.09696788038113748,2911.4,-1.0,3.684782968175829,r_trailing_stop,1.0,2024-02-20 08:30:00,2981.6039725219835,2168.175343475212,2168.175343475212,2981.6039725219835,0.11120129922326072,,,2024-02-20 08:00:00
2024-02-20 08:30:00,ETHUSD,exit,short,-0.09696788038113748,0.0,2916.3500000000004,0.0,4.0,,,,,,,,,,,2024-02-20 08:30:00
2024-02-20 10:00:00,ETHUSD,entry,short,0.0,-0.09310685965405173,2915.05,-1.0,4.0,stop_loss,6.0,2024-02-20 13:00:00,2962.600458006561,2121.54427491799,2121.54427491799,2962.600458006561,-1.048881101318377,,,2024-02-20 10:00:00
2024-02-20 13:00:00,ETHUSD,exit,short,-0.09310685965405173,0.0,2968.25,0.0,1.6431087501494408,,,,,,,,,,,2024-02-20 13:00:00
2024-02-26 06:00:00,ETHUSD,entry,short,0.0,-0.1091465366053588,3104.05,0.0,2.8740823278084964,r_trailing_stop,4.0,2024-02-26 08:00:00,3163.9326356407255,2395.3420544909313,2395.3420544909313,3163.9326356407255,0.18742925384999534,,,2024-02-26 06:00:00
2024-02-26 08:00:00,ETHUSD,exit,short,-0.1091465366053588,0.0,3102.25,-1.0,4.0,,,,,,,,,,,2024-02-26 08:00:00
2024-02-26 08:30:00,ETHUSD,entry,short,0.0,-0.10917395878007302,3092.45,0.0,4.0,r_trailing_stop,2.0,2024-02-26 09:30:00,3158.87765440885,2391.704319889378,2391.704319889378,3158.87765440885,0.6816915677448371,,,2024-02-26 08:30:00
2024-02-26 09:30:00,ETHUSD,exit,short,-0.10917395878007302,0.0,3041.3500000000004,0.0,4.0,,,,,,,,,,,2024-02-26 09:30:00
2024-02-26 10:30:00,ETHUSD,entry,short,0.0,-0.1013615567592224,3056.25,-1.0,4.0,r_trailing_stop,2.0,2024-02-26 11:30:00,3124.099939759262,2308.0257530092263,2308.0257530092263,3124.099939759262,-0.054869078665904375,,,2024-02-26 10:30:00
2024-02-26 11:30:00,ETHUSD,exit,short,-0.1013615567592224,0.0,3057.15,0.0,4.0,,,,,,,,,,,2024-02-26 11:30:00
2024-02-26 13:30:00,ETHUSD,entry,short,0.0,-0.10032561565358747,3060.95,-1.0,4.0,stop_loss,4.0,2024-02-26 15:30:00,3134.209529383015,2307.2058827123137,2307.2058827123137,3134.209529383015,-1.0526709482181336,,,2024-02-26 13:30:00
2024-02-26 15:30:00,ETHUSD,exit,short,-0.10032561565358747,0.0,3146.25,0.0,4.0,,,,,,,,,,,2024-02-26 15:30:00
2024-02-26 19:00:00,ETHUSD,entry,short,0.0,-0.09488125318611244,3164.9,0.0,3.446687420235727,stop_loss,13.0,2024-02-27 01:30:00,3202.9715971472674,2310.3300356591585,2310.3300356591585,3202.9715971472674,-1.0498126579227092,,,2024-02-26 19:00:00
2024-02-27 01:30:00,ETHUSD,exit,short,-0.09488125318611244,0.0,3222.55,-1.0,2.6530061027825145,,,,,,,,,,,2024-02-27 01:30:00
2024-02-27 02:00:00,ETHUSD,entry,short,0.0,-0.09212763861357638,3233.65,-1.0,1.3921540712859684,r_trailing_stop,6.0,2024-02-27 05:00:00,3292.9170597988177,2348.361752514774,2348.361752514774,3292.9170597988177,0.10813520707822633,,,2024-02-27 02:00:00
2024-02-27 05:00:00,ETHUSD,exit,short,-0.09212763861357638,0.0,3219.55,0.0,1.054851290900327,,,,,,,,,,,2024-02-27 05:00:00
2024-02-27 07:30:00,ETHUSD,entry,short,0.0,-0.08635911493920714,3217.8500000000004,0.0,1.796467393951045,r_trailing_stop,18.0,2024-02-27 16:30:00,3298.613803636003,2290.6524545499587,2290.6524545499587,3298.613803636003,-0.3319566683319737,,,2024-02-27 07:30:00
2024-02-27 16:30:00,ETHUSD,exit,short,-0.08635911493920714,0.0,3237.55,0.0,1.4643635938060122,,,,,,,,,,,2024-02-27 16:30:00
2024-02-28 04:30:00,ETHUSD,entry,short,0.0,-0.08808282038457478,3267.95,0.0,4.0,stop_loss,10.0,2024-02-28 09:30:00,3340.4642918730156,2339.246351587307,2339.246351587307,3340.4642918730156,-1.0462434807019017,,,2024-02-28 04:30:00
2024-02-28 09:30:00,ETHUSD,exit,short,-0.08808282038457478,0.0,3360.05,0.0,-1.8485960638862986,,,,,,,,,,,2024-02-28 09:30:00
2024-03-04 23:30:00,ETHUSD,entry,long,0.0,0.075302764935203,3630.3,1.0,4.0,r_trailing_stop,5.0,2024-03-05 02:00:00,4828.208667370677,3528.527306610346,4828.208667370677,3528.527306610346,0.20144819176819584,,,2024-03-04 23:30:00
2024-03-05 02:00:00,ETHUSD,exit,long,0.075302764935203,0.0,3626.7,1.0,4.0,,,,,,,,,,,2024-03-05 02:00:00
2024-03-05 02:30:00,ETHUSD,entry,long,0.0,0.07410018393548229,3626.8,0.0,4.0,r_trailing_stop,4.0,2024-03-05 04:30:00,4849.611268168129,3528.3270985465497,4849.611268168129,3528.3270985465497,0.8724834834963365,,,2024-03-05 02:30:00
2024-03-05 04:30:00,ETHUSD,exit,long,0.07410018393548229,0.0,3696.8,1.0,-0.3609207869514008,,,,,,,,,,,2024-03-05 04:30:00
2024-03-05 05:00:00,ETHUSD,entry,long,0.0,0.07022378940459321,3702.8,1.0,-2.168161238598676,r_trailing_stop,2.0,2024-03-05 06:00:00,5012.742622928507,3591.4165901657193,5012.742622928507,3591.4165901657193,0.13599925213799932,,,2024-03-05 05:00:00
2024-03-05 06:00:00,ETHUSD,exit,long,0.07022378940459321,0.0,3718.5,0.0,-2.5283853451743044,,,,,,,,,,,2024-03-05 06:00:00
2024-03-05 10:30:00,ETHUSD,entry,long,0.0,0.06896137780198072,3711.2,0.0,-4.0,r_trailing_stop,4.0,2024-03-05 12:30:00,5059.656426828867,3605.7534858536906,5059.656426828867,3605.7534858536906,0.3713085072447396,,,2024-03-05 10:30:00
2024-03-05 12:30:00,ETHUSD,exit,long,0.06896137780198072,0.0,3759.4,0.0,-4.0,,,,,,,,,,,2024-03-05 12:30:00
2024-03-05 15:00:00,ETHUSD,entry,long,0.0,0.06981270572961383,3785.95,0.0,-4.0,stop_loss,2.0,2024-03-05 16:00:00,5170.494236629783,3698.0824610696177,5170.494236629783,3698.0824610696177,-1.0366516705080473,,,2024-03-05 15:00:00
2024-03-05 16:00:00,ETHUSD,exit,long,0.06981270572961383,0.0,3728.3,0.0,-4.0,,,,,,,,,,,2024-03-05 16:00:00
2024-03-12 01:00:00,ETHUSD,entry,short,0.0,-0.08340316913483671,4063.45,0.0,-1.3242056238288578,r_trailing_stop,6.0,2024-03-12 04:00:00,4155.361649955157,2841.6543755605353,2841.6543755605353,4155.361649955157,0.20267247635200555,,,2024-03-12 01:00:00
2024-03-12 04:00:00,ETHUSD,exit,short,-0.08340316913483671,0.0,4042.05,0.0,-4.0,,,,,,,,,,,2024-03-12 04:00:00
2024-03-12 07:00:00,ETHUSD,entry,short,0.0,-0.087049704280073,4029.85,0.0,-2.184468131959573,r_trailing_stop,3.0,2024-03-12 08:30:00,4123.358011327218,2873.1498584097717,2873.1498584097717,4123.358011327218,0.5171304096937233,,,2024-03-12 07:00:00
2024-03-12 08:30:00,ETHUSD,exit,short,-0.087049704280073,0.0,3986.05,0.0,-1.5058063077569726,,,,,,,,,,,2024-03-12 08:30:00
2024-03-12 16:30:00,ETHUSD,entry,long,0.0,0.07025669318284056,3921.95,0.0,4.0,r_trailing_stop,4.0,2024-03-12 18:30:00,5319.765910409763,3811.906727167219,5319.765910409763,3811.906727167219,0.16500743090940356,,,2024-03-12 16:30:00
2024-03-12 18:30:00,ETHUSD,exit,long,0.07025669318284056,0.0,3969.35,0.0,2.6204596906069866,,,,,,,,,,,2024-03-12 18:30:00
2024-03-13 23:30:00,ETHUSD,entry,long,0.0,0.0757511145463636,4006.25,0.0,-1.9377049005190632,max_holding_close,23.0,2024-03-14 11:00:00,5315.789998267544,3891.2268001385964,5315.789998267544,3891.2268001385964,-0.42214970317909584,,,2024-03-13 23:30:00
2024-03-14 11:00:00,ETHUSD,exit,long,0.0757511145463636,0.0,3956.4,1.0,-3.0742452550627677,,,,,,,,,,,2024-03-14 11:00:00
2024-03-14 11:30:00,ETHUSD,entry,long,0.0,0.08179518421329879,3955.45,0.0,-3.113755507265045,stop_loss,4.0,2024-03-14 13:30:00,5166.553844397794,3860.343692448176,5166.553844397794,3860.343692448176,-1.0429424717119817,,,2024-03-14 11:30:00
2024-03-14 13:30:00,ETHUSD,exit,long,0.08179518421329879,0.0,3878.15,1.0,-0.017473162147204062,,,,,,,,,,,2024-03-14 13:30:00
2024-03-14 14:00:00,ETHUSD,entry,long,0.0,0.07529282727192534,3911.25,0.0,-3.2252932382674313,r_trailing_stop,1.0,2024-03-14 14:30:00,5165.705856644269,3775.037531468459,5165.705856644269,3775.037531468459,0.28227697010383035,,,2024-03-14 14:00:00
2024-03-14 14:30:00,ETHUSD,exit,long,0.07529282727192534,0.0,3886.6,0.0,-4.0,,,,,,,,,,,2024-03-14 14:30:00
2024-03-16 18:30:00,ETHUSD,entry,long,0.0,0.0540111798837746,3593.95,1.0,-4.0,r_trailing_stop,3.0,2024-03-16 20:00:00,5266.394823306427,3466.742414135486,5266.394823306427,3466.742414135486,-0.035857318013830915,,,2024-03-16 18:30:00
2024-03-16 20:00:00,ETHUSD,exit,long,0.0540111798837746,0.0,3608.25,0.0,-2.8632112462068156,,,,,,,,,,,2024-03-16 20:00:00
2024-03-16 21:30:00,ETHUSD,entry,long,0.0,0.051076665004928135,3554.85,0.0,-0.06880437802000458,max_holding_close,23.0,2024-03-17 09:00:00,5288.999067836255,3411.9060745730994,5288.999067836255,3411.9060745730994,0.0512176456334638,,,2024-03-16 21:30:00
2024-03-17 09:00:00,ETHUSD,exit,long,0.051076665004928135,0.0,3561.8,0.0,2.1287264904087295,,,,,,,,,,,2024-03-17 09:00:00
2024-03-17 13:00:00,ETHUSD,entry,long,0.0,0.05044787359477817,3558.95,0.0,0.7886693837497505,r_trailing_stop,1.0,2024-03-17 13:30:00,5291.9679125797,3398.1685669936237,5291.9679125797,3398.1685669936237,0.1182239669539611,,,2024-03-17 13:00:00
2024-03-17 13:30:00,ETHUSD,exit,long,0.05044787359477817,0.0,3572.65,0.0,0.8105531281057832,,,,,,,,,,,2024-03-17 13:30:00
2024-03-21 01:00:00,ETHUSD,entry,long,0.0,0.03715842535254141,3530.2,0.0,0.5345092764739574,r_trailing_stop,16.0,2024-03-21 09:00:00,5883.219751397148,3327.702419888228,5883.219751397148,3327.702419888228,0.2223709342428362,,,2024-03-21 01:00:00
2024-03-21 09:00:00,ETHUSD,exit,long,0.03715842535254141,0.0,3560.45,0.0,-2.040947088259157,,,,,,,,,,,2024-03-21 09:00:00
2024-03-21 17:30:00,ETHUSD,entry,long,0.0,0.04271643099482482,3472.35,0.0,1.4614451071573233,max_holding_close,23.0,2024-03-22 05:00:00,5530.87503841361,3325.595996926911,5530.87503841361,3325.595996926911,0.13214614942947955,,,2024-03-21 17:30:00
2024-03-22 05:00:00,ETHUSD,exit,long,0.04271643099482482,0.0,3514.2,0.0,-4.0,,,,,,,,,,,2024-03-22 05:00:00
2024-04-01 13:30:00,ETHUSD,entry,long,0.0,0.10952437590010852,3555.45,0.0,-3.9559242447138527,stop_loss,2.0,2024-04-01 14:30:00,4376.964815358119,3498.4768147713507,4376.964815358119,3498.4768147713507,-1.057500297347557,,,2024-04-01 13:30:00
2024-04-01 14:30:00,ETHUSD,exit,long,0.10952437590010852,0.0,3508.4,1.0,-4.0,,,,,,,,,,,2024-04-01 14:30:00
2024-04-01 15:00:00,ETHUSD,entry,long,0.0,0.10301472294273115,3489.05,1.0,-4.0,stop_loss,1.0,2024-04-01 15:30:00,4360.142364336737,3440.5306108530613,4360.142364336737,3440.5306108530613,-1.0540827295449338,,,2024-04-01 15:00:00
2024-04-01 15:30:00,ETHUSD,exit,long,0.10301472294273115,0.0,3444.45,1.0,-4.0,,,,,,,,,,,2024-04-01 15:30:00
2024-04-01 16:00:00,ETHUSD,entry,long,0.0,0.09266809010539775,3463.35,1.0,-4.0,r_trailing_stop,1.0,2024-04-01 16:30:00,4373.630330549181,3370.0615735560655,4373.630330549181,3370.0615735560655,0.08462571039219771,,,2024-04-01 16:00:00
2024-04-01 16:30:00,ETHUSD,exit,long,0.09266809010539775,0.0,3449.35,0.0,-4.0,,,,,,,,,,,2024-04-01 16:30:00
2024-04-01 18:30:00,ETHUSD,entry,long,0.0,0.0908242740135288,3446.05,0.0,-4.0,r_trailing_stop,2.0,2024-04-01 19:30:00,4385.098069306836,3362.8801544554535,4385.098069306836,3362.8801544554535,0.3398251605277349,,,2024-04-01 18:30:00
2024-04-01 19:30:00,ETHUSD,exit,long,0.0908242740135288,0.0,3487.55,0.0,-4.0,,,,,,,,,,,2024-04-01 19:30:00
2024-04-03 09:00:00,ETHUSD,entry,short,0.0,-0.0697025707152976,3332.05,-1.0,-1.412023558204152,r_trailing_stop,4.0,2024-04-03 11:00:00,3440.7220700592734,2145.0991242590826,2145.0991242590826,3440.7220700592734,0.21973072464703114,,,2024-04-03 09:00:00
2024-04-03 11:00:00,ETHUSD,exit,short,-0.0697025707152976,0.0,3307.05,0.0,0.4011562128435174,,,,,,,,,,,2024-04-03 11:00:00
2024-04-03 14:30:00,ETHUSD,entry,short,0.0,-0.06915457296669678,3358.25,0.0,-3.3734975333293318,r_trailing_stop,3.0,2024-04-03 16:00:00,3454.138301061932,2143.44623672585,2143.44623672585,3454.138301061932,0.24900113850565056,,,2024-04-03 14:30:00
2024-04-03 16:00:00,ETHUSD,exit,short,-0.06915457296669678,0.0,3354.8,-1.0,-3.6110544887724867,,,,,,,,,,,2024-04-03 16:00:00
2024-04-03 16:30:00,ETHUSD,entry,short,0.0,-0.06902772251589273,3349.9,0.0,-2.547994299920618,r_trailing_stop,3.0,2024-04-03 18:00:00,3452.1044238958507,2139.8447013018654,2139.8447013018654,3452.1044238958507,0.2682733352541672,,,2024-04-03 16:30:00
2024-04-03 18:00:00,ETHUSD,exit,short,-0.06902772251589273,0.0,3290.35,0.0,0.514531128294105,,,,,,,,,,,2024-04-03 18:00:00
2024-04-04 13:30:00,ETHUSD,entry,short,0.0,-0.08075336669835909,3366.85,0.0,-3.20916551421717,r_trailing_stop,14.0,2024-04-04 20:30:00,3448.8525619450957,2323.5929756863043,2323.5929756863043,3448.8525619450957,0.6192518117679375,,,2024-04-04 13:30:00
2024-04-04 20:30:00,ETHUSD,exit,short,-0.08075336669835909,0.0,3325.95,0.0,-1.7669640569164906,,,,,,,,,,,2024-04-04 20:30:00
2024-04-08 08:30:00,ETHUSD,entry,long,0.0,0.10130029759636032,3595.75,1.0,4.0,r_trailing_stop,1.0,2024-04-08 09:00:00,4439.7603501405565,3490.6451719887555,4439.7603501405565,3490.6451719887555,0.44891657362353804,,,2024-04-08 08:30:00
2024-04-08 09:00:00,ETHUSD,exit,long,0.10130029759636032,0.0,3616.55,0.0,4.0,,,,,,,,,,,2024-04-08 09:00:00
2024-04-08 10:00:00,ETHUSD,entry,long,0.0,0.09705734566770223,3629.05,0.0,3.427364198526338,r_trailing_stop,3.0,2024-04-08 11:30:00,4550.237675715936,3543.690985942725,4550.237675715936,3543.690985942725,0.10368224088187468,,,2024-04-08 10:00:00
2024-04-08 11:30:00,ETHUSD,exit,long,0.09705734566770223,0.0,3631.9,0.0,3.339082778588307,,,,,,,,,,,2024-04-08 11:30:00
2024-04-08 23:00:00,ETHUSD,entry,short,0.0,-0.09304403349454735,3709.05,-1.0,-3.6210615027733457,r_trailing_stop,2.0,2024-04-09 00:00:00,3801.034709609952,2721.2411298756024,2721.2411298756024,3801.034709609952,0.2112187576330571,,,2024-04-08 23:00:00
2024-04-09 00:00:00,ETHUSD,exit,short,-0.09304403349454735,0.0,3690.05,0.0,-3.0969534067033884,,,,,,,,,,,2024-04-09 00:00:00
2024-04-09 02:30:00,ETHUSD,entry,short,0.0,-0.08795670244596449,3706.4,-1.0,-4.0,r_trailing_stop,4.0,2024-04-09 04:30:00,3800.700666729361,2659.9416658829896,2659.9416658829896,3800.700666729361,0.24553640584223338,,,2024-04-09 02:30:00
2024-04-09 04:30:00,ETHUSD,exit,short,-0.08795670244596449,0.0,3696.15,0.0,-4.0,,,,,,,,,,,2024-04-09 04:30:00
2024-04-09 06:30:00,ETHUSD,entry,short,0.0,-0.08857469863337789,3642.95,0.0,-4.0,r_trailing_stop,1.0,2024-04-09 07:00:00,3762.8380614165217,2641.149232293479,2641.149232293479,3762.8380614165217,0.39760540728455357,,,2024-04-09 06:30:00
2024-04-09 07:00:00,ETHUSD,exit,short,-0.08857469863337789,0.0,3644.05,0.0,-4.0,,,,,,,,,,,2024-04-09 07:00:00
2024-04-09 08:00:00,ETHUSD,entry,short,0.0,-0.08524301561640121,3608.85,0.0,-4.0,r_trailing_stop,1.0,2024-04-09 08:30:00,3727.60333535336,2573.9833080830053,2573.9833080830053,3727.60333535336,0.34376355678252113,,,2024-04-09 08:00:00
2024-04-09 08:30:00,ETHUSD,exit,short,-0.08524301561640121,0.0,3629.15,0.0,-4.0,,,,,,,,,,,2024-04-09 08:30:00
2024-04-09 12:30:00,ETHUSD,entry,long,0.0,0.0825589132204065,3630.25,0.0,-4.0,stop_loss,4.0,2024-04-09 14:30:00,4726.283719283296,3539.8673024573363,4726.283719283296,3539.8673024573363,-1.0433434294407133,,,2024-04-09 12:30:00
2024-04-09 14:30:00,ETHUSD,exit,long,0.0825589132204065,0.0,3522.55,0.0,-1.8621486841799741,,,,,,,,,,,2024-04-09 14:30:00
2024-04-13 11:30:00,ETHUSD,entry,short,0.0,-0.06539810675074395,3268.9,0.0,-4.0,r_trailing_stop,10.0,2024-04-13 16:30:00,3377.320026628301,2024.3496671462433,2024.3496671462433,3377.320026628301,0.2420578582559445,,,2024-04-13 11:30:00
2024-04-13 16:30:00,ETHUSD,exit,short,-0.06539810675074395,0.0,3246.6,0.0,-4.0,,,,,,,,,,,2024-04-13 16:30:00
2024-04-14 22:30:00,ETHUSD,entry,short,0.0,-0.040523376325865154,3158.35,0.0,2.721719541931043,r_trailing_stop,5.0,2024-04-15 01:00:00,3311.2897377071904,1208.8032786601225,1208.8032786601225,3311.2897377071904,0.17925646210814677,,,2024-04-14 22:30:00
2024-04-15 01:00:00,ETHUSD,exit,short,-0.040523376325865154,0.0,3126.45,0.0,2.751316752366867,,,,,,,,,,,2024-04-15 01:00:00
2024-04-15 14:00:00,ETHUSD,entry,short,0.0,-0.050310332141150944,3186.05,0.0,-3.9579552878045345,r_trailing_stop,2.0,2024-04-15 15:00:00,3321.75174552761,1607.2281809048727,1607.2281809048727,3321.75174552761,0.3816408386510035,,,2024-04-15 14:00:00
2024-04-15 15:00:00,ETHUSD,exit,short,-0.050310332141150944,0.0,3149.25,0.0,-2.074054090767353,,,,,,,,,,,2024-04-15 15:00:00
2024-04-16 04:30:00,ETHUSD,entry,long,0.0,0.043514014922330695,3028.1000000000004,1.0,0.8428594557382123,r_trailing_stop,7.0,2024-04-16 08:00:00,4779.399624861125,2895.93403001111,4779.399624861125,2895.93403001111,0.5011094966803291,,,2024-04-16 04:30:00
2024-04-16 08:00:00,ETHUSD,exit,long,0.043514014922330695,0.0,3089.65,0.0,-0.6508179029783954,,,,,,,,,,,2024-04-16 08:00:00
2024-04-27 12:30:00,ETHUSD,entry,long,0.0,0.09618811106790265,3137.3,0.0,4.0,r_trailing_stop,3.0,2024-04-27 14:00:00,3946.2818977588786,3067.0734481792897,3946.2818977588786,3067.0734481792897,0.13235740443469082,,,2024-04-27 12:30:00
2024-04-27 14:00:00,ETHUSD,exit,long,0.09618811106790265,0.0,3156.95,0.0,4.0,,,,,,,,,,,2024-04-27 14:00:00
2024-04-27 18:00:00,ETHUSD,entry,long,0.0,0.09131975800398791,3241.15,1.0,3.703731466830372,r_trailing_stop,1.0,2024-04-27 18:30:00,4149.602450993611,3186.401803920511,4149.602450993611,3186.401803920511,-0.27920309965239254,,,2024-04-27 18:00:00
2024-04-27 18:30:00,ETHUSD,exit,long,0.09131975800398791,0.0,3256.4,1.0,3.5078794275331155,,,,,,,,,,,2024-04-27 18:30:00
2024-04-27 19:00:00,ETHUSD,entry,long,0.0,0.08739907204473304,3237.05,1.0,4.0,r_trailing_stop,16.0,2024-04-28 03:00:00,4187.745816247724,3181.784334700182,4187.745816247724,3181.784334700182,0.6794663215618272,,,2024-04-27 19:00:00
2024-04-28 03:00:00,ETHUSD,exit,long,0.08739907204473304,0.0,3316.55,0.0,0.22428045754763493,,,,,,,,,,,2024-04-28 03:00:00
2024-05-02 08:30:00,ETHUSD,entry,short,0.0,-0.05756203500377353,2941.85,0.0,1.7864324165440209,max_holding_close,23.0,2024-05-02 20:00:00,3044.0649407958613,1664.163240051735,1664.163240051735,3044.0649407958613,-0.48465461227373174,,,2024-05-02 08:30:00
2024-05-02 20:00:00,ETHUSD,exit,short,-0.05756203500377353,0.0,2988.3,0.0,-0.3933507171034096,,,,,,,,,,,2024-05-02 20:00:00
2024-05-09 15:30:00,ETHUSD,entry,long,0.0,0.08718767990335269,3006.25,1.0,1.2519995731669284,r_trailing_stop,15.0,2024-05-09 23:00:00,3879.128323858883,2945.545734091289,3879.128323858883,2945.545734091289,0.46837927518628997,,,2024-05-09 15:30:00
2024-05-09 23:00:00,ETHUSD,exit,long,0.08718767990335269,0.0,3033.55,0.0,-0.24267499491717193,,,,,,,,,,,2024-05-09 23:00:00
2024-05-16 06:30:00,ETHUSD,entry,short,0.0,-0.10871003302785287,3015.65,0.0,-4.0,r_trailing_stop,6.0,2024-05-16 09:30:00,3073.6766136148944,2324.0673298138195,2324.0673298138195,3073.6766136148944,0.1384983704791884,,,2024-05-16 06:30:00
2024-05-16 09:30:00,ETHUSD,exit,short,-0.10871003302785287,0.0,3009.75,0.0,-4.0,,,,,,,,,,,2024-05-16 09:30:00
2024-05-16 15:00:00,ETHUSD,entry,long,0.0,0.10163716104399458,2956.25,0.0,-0.2850404038299329,r_trailing_stop,2.0,2024-05-16 16:00:00,3665.964134126203,2884.3528692699037,3665.964134126203,2884.3528692699037,0.16190339892740407,,,2024-05-16 15:00:00
2024-05-16 16:00:00,ETHUSD,exit,long,0.10163716104399458,0.0,2953.35,0.0,-0.013736722442862124,,,,,,,,,,,2024-05-16 16:00:00
2024-05-16 17:00:00,ETHUSD,entry,long,0.0,0.10089868632903776,2927.15,1.0,1.079265404267555,max_holding_close,23.0,2024-05-17 04:30:00,3677.000735161733,2888.4379411870614,3677.000735161733,2888.4379411870614,-0.06837958772847483,,,2024-05-16 17:00:00
2024-05-17 04:30:00,ETHUSD,exit,long,0.10089868632903776,0.0,2945.95,0.0,4.0,,,,,,,,,,,2024-05-17 04:30:00
2024-05-17 07:30:00,ETHUSD,entry,long,0.0,0.10606573428866814,3024.8,1.0,4.0,r_trailing_stop,2.0,2024-05-17 08:30:00,3743.005836046953,2971.933533116244,3743.005836046953,2971.933533116244,0.27696911876912295,,,2024-05-17 07:30:00
2024-05-17 08:30:00,ETHUSD,exit,long,0.10606573428866814,0.0,3028.25,1.0,4.0,,,,,,,,,,,2024-05-17 08:30:00
2024-05-17 09:00:00,ETHUSD,entry,long,0.0,0.10059274276504317,3030.25,0.0,4.0,r_trailing_stop,8.0,2024-05-17 13:00:00,3780.7266563182698,2967.9438674945386,3780.7266563182698,2967.9438674945386,0.7473396098623627,,,2024-05-17 09:00:00
2024-05-17 13:00:00,ETHUSD,exit,long,0.10059274276504317,0.0,3072.0,0.0,1.2911322132209766,,,,,,,,,,,2024-05-17 13:00:00
2024-05-18 02:00:00,ETHUSD,entry,short,0.0,-0.10771087582674684,3103.65,0.0,0.7538158876457182,r_trailing_stop,2.0,2024-05-18 03:00:00,3166.168405428249,2386.9699321468825,2386.9699321468825,3166.168405428249,0.08092501467223462,,,2024-05-18 02:00:00
2024-05-18 03:00:00,ETHUSD,exit,short,-0.10771087582674684,0.0,3113.1,-1.0,-0.2739885022304456,,,,,,,,,,,2024-05-18 03:00:00
2024-05-18 03:30:00,ETHUSD,entry,short,0.0,-0.1066192011745628,3114.9,0.0,-0.237978842254244,r_trailing_stop,6.0,2024-05-18 06:30:00,3171.394735014066,2383.0658123241737,2383.0658123241737,3171.394735014066,0.17692988271725774,,,2024-05-18 03:30:00
2024-05-18 06:30:00,ETHUSD,exit,short,-0.1066192011745628,0.0,3100.15,0.0,0.9312292750286816,,,,,,,,,,,2024-05-18 06:30:00
2024-05-22 09:00:00,ETHUSD,entry,short,0.0,-0.06422064869718862,3745.75,0.0,-0.2143756982419116,r_trailing_stop,2.0,2024-05-22 10:00:00,3884.675192953553,2300.785088080587,2300.785088080587,3884.675192953553,0.16260994919911403,,,2024-05-22 09:00:00
2024-05-22 10:00:00,ETHUSD,exit,short,-0.06422064869718862,0.0,3738.25,0.0,0.6722529178590818,,,,,,,,,,,2024-05-22 10:00:00
2024-05-22 12:00:00,ETHUSD,entry,long,0.0,0.06370627218611925,3712.45,1.0,1.0797902967231119,r_trailing_stop,1.0,2024-05-22 12:30:00,5138.817915134784,3574.6885667892175,5138.817915134784,3574.6885667892175,0.1134306943300027,,,2024-05-22 12:00:00
2024-05-22 12:30:00,ETHUSD,exit,long,0.06370627218611925,0.0,3667.05,1.0,3.1280267094195517,,,,,,,,,,,2024-05-22 12:30:00
2024-05-22 13:00:00,ETHUSD,entry,long,0.0,0.06157074482274257,3688.85,1.0,2.033104915022627,r_trailing_stop,1.0,2024-05-22 13:30:00,5155.7267427438865,3547.7398605804888,5155.7267427438865,3547.7398605804888,0.14994717363338464,,,2024-05-22 13:00:00
2024-05-22 13:30:00,ETHUSD,exit,long,0.06157074482274257,0.0,3694.6,1.0,2.170733711067183,,,,,,,,,,,2024-05-22 13:30:00
2024-05-22 14:00:00,ETHUSD,entry,long,0.0,0.06178730848234139,3707.8,0.0,2.0133993187676533,r_trailing_stop,1.0,2024-05-22 14:30:00,5191.101590309292,3576.1218727752566,5191.101590309292,3576.1218727752566,0.062021053677963706,,,2024-05-22 14:00:00
2024-05-22 14:30:00,ETHUSD,exit,long,0.06178730848234139,0.0,3744.45,0.0,0.717235237154366,,,,,,,,,,,2024-05-22 14:30:00
2024-05-22 22:00:00,ETHUSD,entry,short,0.0,-0.06036233892057206,3757.75,0.0,2.345345563238006,r_trailing_stop,4.0,2024-05-23 00:00:00,3897.9600664576515,2210.3241692793554,2210.3241692793554,3897.9600664576515,0.15525814700555793,,,2024-05-22 22:00:00
2024-05-23 00:00:00,ETHUSD,exit,short,-0.06036233892057206,0.0,3743.95,0.0,4.0,,,,,,,,,,,2024-05-23 00:00:00
2024-05-23 10:00:00,ETHUSD,entry,long,0.0,0.0685554744908165,3830.55,0.0,-0.8954449853311017,r_trailing_stop,2.0,2024-05-23 11:00:00,5196.588189831981,3696.858944813441,5196.588189831981,3696.858944813441,0.14449095359697411,,,2024-05-23 10:00:00
2024-05-23 11:00:00,ETHUSD,exit,long,0.0685554744908165,0.0,3874.35,-1.0,-3.6428896463971525,,,,,,,,,,,2024-05-23 11:00:00
2024-05-23 11:30:00,ETHUSD,entry,short,0.0,-0.06778976558988657,3917.65,-1.0,-4.0,r_trailing_stop,3.0,2024-05-23 13:00:00,3988.448964343313,2445.412945708586,2445.412945708586,3988.448964343313,0.04490104113791705,,,2024-05-23 11:30:00
2024-05-23 13:00:00,ETHUSD,exit,short,-0.06778976558988657,0.0,3849.45,0.0,-1.2859123997407778,,,,,,,,,,,2024-05-23 13:00:00
2024-05-27 03:30:00,ETHUSD,entry,long,0.0,0.09456466140793608,3919.25,0.0,1.9950170854323481,max_holding_close,23.0,2024-05-27 15:00:00,4973.017607719451,3850.0145913824435,4973.017607719451,3850.0145913824435,-0.08871579911242443,,,2024-05-27 03:30:00
2024-05-27 15:00:00,ETHUSD,exit,long,0.09456466140793608,0.0,3929.95,0.0,-3.886942802810077,,,,,,,,,,,2024-05-27 15:00:00
2024-05-28 03:30:00,ETHUSD,entry,long,0.0,0.08314674949681798,3848.4,0.0,0.45556118503560045,r_trailing_stop,11.0,2024-05-28 09:00:00,5001.933926693723,3753.1472858645025,5001.933926693723,3753.1472858645025,0.1843463247025527,,,2024-05-28 03:30:00
2024-05-28 09:00:00,ETHUSD,exit,long,0.08314674949681798,0.0,3870.9,0.0,-1.4111887375588266,,,,,,,,,,,2024-05-28 09:00:00
2024-05-28 10:00:00,ETHUSD,entry,short,0.0,-0.08726986681643198,3911.45,-1.0,-2.3851228356279366,r_trailing_stop,8.0,2024-05-28 14:00:00,3968.9707269712353,2768.540912859561,2768.540912859561,3968.9707269712353,0.14407214293400156,,,2024-05-28 10:00:00
2024-05-28 14:00:00,ETHUSD,exit,short,-0.08726986681643198,0.0,3867.35,0.0,-0.38355911058347825,,,,,,,,,,,2024-05-28 14:00:00
2024-05-30 12:30:00,ETHUSD,entry,long,0.0,0.08944068173851852,3764.05,1.0,-0.5444921557402252,r_trailing_stop,2.0,2024-05-30 13:30:00,4801.6994062028825,3668.8340475037694,4801.6994062028825,3668.8340475037694,0.1599199984454169,,,2024-05-30 12:30:00
2024-05-30 13:30:00,ETHUSD,exit,long,0.08944068173851852,0.0,3787.9,1.0,-1.8480348628232417,,,,,,,,,,,2024-05-30 13:30:00
2024-05-30 14:00:00,ETHUSD,entry,long,0.0,0.08883466351241573,3782.05,1.0,-1.1023296380463554,r_trailing_stop,8.0,2024-05-30 18:00:00,4854.153455437067,3702.8157235650347,4854.153455437067,3702.8157235650347,0.2253931885634148,,,2024-05-30 14:00:00
2024-05-30 18:00:00,ETHUSD,exit,long,0.08883466351241573,0.0,3807.2,1.0,-2.673038542266533,,,,,,,,,,,2024-05-30 18:00:00
2024-05-30 18:30:00,ETHUSD,entry,long,0.0,0.08942699773938488,3815.45,0.0,-3.583521729005994,stop_loss,3.0,2024-05-30 20:00:00,4871.403872499149,3721.955690200068,4871.403872499149,3721.955690200068,-1.046949173813177,,,2024-05-30 18:30:00
2024-05-30 20:00:00,ETHUSD,exit,long,0.08942699773938488,0.0,3745.05,0.0,-0.5105037957953803,,,,,,,,,,,2024-05-30 20:00:00
2024-06-06 20:00:00,ETHUSD,entry,long,0.0,0.14153071747426346,3790.55,0.0,1.6557211376077217,r_trailing_stop,8.0,2024-06-07 00:00:00,4459.9954646955475,3736.886362824356,4459.9954646955475,3736.886362824356,0.2534173390357701,,,2024-06-06 20:00:00
2024-06-07 00:00:00,ETHUSD,exit,long,0.14153071747426346,0.0,3809.55,0.0,1.9856245233521004,,,,,,,,,,,2024-06-07 00:00:00
2024-06-08 10:30:00,ETHUSD,entry,long,0.0,0.13164033367937075,3694.55,1.0,-1.3062261327996436,max_holding_close,23.0,2024-06-08 22:00:00,4384.645020456076,3628.866398363514,4384.645020456076,3628.866398363514,-0.3191844036049697,,,2024-06-08 10:30:00
2024-06-08 22:00:00,ETHUSD,exit,long,0.13164033367937075,0.0,3670.85,0.0,1.5701307136961333,,,,,,,,,,,2024-06-08 22:00:00
2024-06-10 16:00:00,ETHUSD,entry,short,0.0,-0.18700379052385582,3687.75,0.0,-4.0,r_trailing_stop,1.0,2024-06-10 16:30:00,3741.946523574507,3207.393455318664,3207.393455318664,3741.946523574507,0.24151364100293626,,,2024-06-10 16:00:00
2024-06-10 16:30:00,ETHUSD,exit,short,-0.18700379052385582,0.0,3698.1,-1.0,-4.0,,,,,,,,,,,2024-06-10 16:30:00
2024-06-10 17:00:00,ETHUSD,entry,short,0.0,-0.18037189802068998,3690.85,-1.0,-4.0,r_trailing_stop,1.0,2024-06-10 17:30:00,3739.1558333984576,3185.57708251928,3185.57708251928,3739.1558333984576,0.04612228486270641,,,2024-06-10 17:00:00
2024-06-10 17:30:00,ETHUSD,exit,short,-0.18037189802068998,0.0,3695.9,-1.0,-4.0,,,,,,,,,,,2024-06-10 17:30:00
2024-06-10 18:00:00,ETHUSD,entry,short,0.0,-0.17954415486313363,3684.6,0.0,-4.0,r_trailing_stop,1.0,2024-06-10 18:30:00,3737.0192600387613,3181.234249515482,3181.234249515482,3737.0192600387613,0.06857374440104666,,,2024-06-10 18:00:00
2024-06-10 18:30:00,ETHUSD,exit,short,-0.17954415486313363,0.0,3687.5,-1.0,-4.0,,,,,,,,,,,2024-06-10 18:30:00
2024-06-10 19:00:00,ETHUSD,entry,short,0.0,-0.17596815161154458,3682.25,0.0,-4.0,r_trailing_stop,1.0,2024-06-10 19:30:00,3729.663834591396,3163.827067607548,3163.827067607548,3729.663834591396,0.04361000413870123,,,2024-06-10 19:00:00
2024-06-10 19:30:00,ETHUSD,exit,short,-0.17596815161154458,0.0,3668.15,0.0,-4.0,,,,,,,,,,,2024-06-10 19:30:00
2024-06-17 09:00:00,ETHUSD,entry,long,0.0,0.1168111190889588,3546.05,0.0,-1.7392023829624184,stop_loss,14.0,2024-06-17 16:00:00,4302.368035329134,3483.2225571736694,4302.368035329134,3483.2225571736694,-1.0613258375217034,,,2024-06-17 09:00:00
2024-06-17 16:00:00,ETHUSD,exit,long,0.1168111190889588,0.0,3507.35,0.0,-2.924151971174687,,,,,,,,,,,2024-06-17 16:00:00
2024-06-17 17:00:00,ETHUSD,entry,long,0.0,0.0959476003713368,3522.25,1.0,-3.439052429065926,r_trailing_stop,3.0,2024-06-17 18:30:00,4443.659161864641,3451.6692670508287,4443.659161864641,3451.6692670508287,0.4558826668641368,,,2024-06-17 17:00:00
2024-06-17 18:30:00,ETHUSD,exit,long,0.0959476003713368,0.0,3560.75,1.0,-4.0,,,,,,,,,,,2024-06-17 18:30:00
2024-06-17 19:00:00,ETHUSD,entry,long,0.0,0.0932678006264517,3558.2,0.0,-4.0,stop_loss,11.0,2024-06-18 00:30:00,4515.255872252584,3484.4435302197935,4515.255872252584,3484.4435302197935,-1.048965595328887,,,2024-06-17 19:00:00
2024-06-18 00:30:00,ETHUSD,exit,long,0.0932678006264517,0.0,3472.95,0.0,-3.2239464129738415,,,,,,,,,,,2024-06-18 00:30:00
2024-06-19 11:00:00,ETHUSD,entry,short,0.0,-0.08088961276802258,3544.65,-1.0,0.8853340862512241,r_trailing_stop,2.0,2024-06-19 12:00:00,3648.174899073504,2459.838761581201,2459.838761581201,3648.174899073504,0.219958701501402,,,2024-06-19 11:00:00
2024-06-19 12:00:00,ETHUSD,exit,short,-0.08088961276802258,0.0,3537.55,0.0,0.7196005712223409,,,,,,,,,,,2024-06-19 12:00:00
2024-06-19 14:30:00,ETHUSD,entry,short,0.0,-0.08166548694791144,3520.1000000000004,0.0,1.4597026113097868,max_holding_close,23.0,2024-06-20 02:00:00,3603.900224077981,2440.872199025238,2440.872199025238,3603.900224077981,-0.4201223837472378,,,2024-06-19 14:30:00
2024-06-20 02:00:00,ETHUSD,exit,short,-0.08166548694791144,0.0,3550.25,0.0,-1.4831196434306637,,,,,,,,,,,2024-06-20 02:00:00
2024-06-20 07:30:00,ETHUSD,entry,long,0.0,0.09334305910940438,3607.85,0.0,-3.7478412050698964,stop_loss,12.0,2024-06-20 13:30:00,4573.693960863166,3530.2044831309468,4573.693960863166,3530.2044831309468,-1.0490051060324375,,,2024-06-20 07:30:00
2024-06-20 13:30:00,ETHUSD,exit,long,0.09334305910940438,0.0,3531.5,0.0,-0.21489739654933426,,,,,,,,,,,2024-06-20 13:30:00
2024-06-24 06:30:00,ETHUSD,entry,short,0.0,-0.12242419236758162,3373.35,0.0,-4.0,r_trailing_stop,2.0,2024-06-24 07:30:00,3431.863933446444,2687.1508319194427,2687.1508319194427,3431.863933446444,0.044494017134995435,,,2024-06-24 06:30:00
2024-06-24 07:30:00,ETHUSD,exit,short,-0.12242419236758162,0.0,3368.95,-1.0,-4.0,,,,,,,,,,,2024-06-24 07:30:00
2024-06-24 08:00:00,ETHUSD,entry,short,0.0,-0.12094975188074776,3376.05,-1.0,-4.0,r_trailing_stop,4.0,2024-06-24 10:00:00,3424.0483366666363,2672.120791667048,2672.120791667048,3424.0483366666363,1.0343797669367547,,,2024-06-24 08:00:00
2024-06-24 10:00:00,ETHUSD,exit,short,-0.12094975188074776,0.0,3315.95,1.0,1.619929667363947,,,,,,,,,,,2024-06-24 10:00:00
2024-06-24 10:30:00,ETHUSD,entry,long,0.0,0.09748831189088634,3317.55,0.0,0.8638256448650903,r_trailing_stop,4.0,2024-06-24 12:30:00,4166.169883400807,3247.8244093279354,4166.169883400807,3247.8244093279354,0.12958214421765085,,,2024-06-24 10:30:00
2024-06-24 12:30:00,ETHUSD,exit,long,0.09748831189088634,0.0,3316.35,0.0,1.6863965920967825,,,,,,,,,,,2024-06-24 12:30:00
2024-06-24 16:00:00,ETHUSD,entry,long,0.0,0.08968583899308535,3280.65,0.0,4.0,r_trailing_stop,4.0,2024-06-24 18:00:00,4193.919021871686,3206.562478250265,4193.919021871686,3206.562478250265,0.1395496423152672,,,2024-06-24 16:00:00
2024-06-24 18:00:00,ETHUSD,exit,long,0.08968583899308535,0.0,3306.7,0.0,3.0605786305468548,,,,,,,,,,,2024-06-24 18:00:00
2024-06-25 16:30:00,ETHUSD,entry,short,0.0,-0.08834914035940417,3383.25,-1.0,0.19151849811462693,r_trailing_stop,1.0,2024-06-25 17:00:00,3478.0411282931454,2438.660896335682,2438.660896335682,3478.0411282931454,0.0870770121975795,,,2024-06-25 16:30:00
2024-06-25 17:00:00,ETHUSD,exit,short,-0.08834914035940417,0.0,3402.25,-1.0,-1.143708073077893,,,,,,,,,,,2024-06-25 17:00:00
2024-06-25 17:30:00,ETHUSD,entry,short,0.0,-0.08763920856641731,3388.75,0.0,-0.02585940117009505,max_holding_close,23.0,2024-06-26 05:00:00,3479.6876248861663,2431.5796889229214,2431.5796889229214,3479.6876248861663,0.23735717736109413,,,2024-06-25 17:30:00
2024-06-26 05:00:00,ETHUSD,exit,short,-0.08763920856641731,0.0,3380.05,0.0,-1.815821800677097,,,,,,,,,,,2024-06-26 05:00:00
2024-06-26 08:00:00,ETHUSD,entry,short,0.0,-0.10127429967404282,3387.65,-1.0,-0.43825915781451147,r_trailing_stop,1.0,2024-06-26 08:30:00,3468.9289389993064,2562.01326250867,2562.01326250867,3468.9289389993064,0.13443263358564922,,,2024-06-26 08:00:00
2024-06-26 08:30:00,ETHUSD,exit,short,-0.10127429967404282,0.0,3384.05,0.0,0.3532518261236722,,,,,,,,,,,2024-06-26 08:30:00
2024-07-01 09:00:00,ETHUSD,entry,short,0.0,-0.14924978376860276,3476.95,-1.0,-1.5383517572374599,r_trailing_stop,3.0,2024-07-01 10:30:00,3527.4946236920077,2897.792203849903,2897.792203849903,3527.4946236920077,0.047473038058751325,,,2024-07-01 09:00:00
2024-07-01 10:30:00,ETHUSD,exit,short,-0.14924978376860276,0.0,3467.5,-1.0,-2.2428202721015533,,,,,,,,,,,2024-07-01 10:30:00
2024-07-01 11:00:00,ETHUSD,entry,short,0.0,-0.1495572964459205,3461.0,0.0,-2.118919983267799,r_trailing_stop,2.0,2024-07-01 12:00:00,3513.8195196744055,2887.8310040699316,2887.8310040699316,3513.8195196744055,0.06389766145540152,,,2024-07-01 11:00:00
2024-07-01 12:00:00,ETHUSD,exit,short,-0.1495572964459205,0.0,3468.1000000000004,-1.0,-2.155399392231435,,,,,,,,,,,2024-07-01 12:00:00
2024-07-01 12:30:00,ETHUSD,entry,short,0.0,-0.1510129440350558,3469.65,0.0,-2.398509512849922,r_trailing_stop,3.0,2024-07-01 14:00:00,3513.9804998278155,2893.91875215231,2893.91875215231,3513.9804998278155,0.12210943754205653,,,2024-07-01 12:30:00
2024-07-01 14:00:00,ETHUSD,exit,short,-0.1510129440350558,0.0,3459.2,0.0,-1.0491853356535974,,,,,,,,,,,2024-07-01 14:00:00
2024-07-06 07:30:00,ETHUSD,entry,short,0.0,-0.059472992658359716,3004.65,0.0,2.150342232968539,max_holding_close,23.0,2024-07-06 19:00:00,3111.1707345034924,1744.690818706341,1744.690818706341,3111.1707345034924,-0.45307364864476235,,,2024-07-06 07:30:00
2024-07-06 19:00:00,ETHUSD,exit,short,-0.059472992658359716,0.0,3052.65,0.0,-2.208004764299074,,,,,,,,,,,2024-07-06 19:00:00
2024-07-06 21:30:00,ETHUSD,entry,short,0.0,-0.07562200667507066,3057.65,0.0,-2.1476793404994377,r_trailing_stop,8.0,2024-07-07 01:30:00,3146.4716386612504,2052.004516734369,2052.004516734369,3146.4716386612504,0.14551587194745746,,,2024-07-06 21:30:00
2024-07-07 01:30:00,ETHUSD,exit,short,-0.07562200667507066,0.0,3053.45,0.0,-4.0,,,,,,,,,,,2024-07-07 01:30:00
2024-07-07 02:30:00,ETHUSD,entry,short,0.0,-0.08046482260996675,3067.35,0.0,-4.0,r_trailing_stop,2.0,2024-07-07 03:30:00,3139.0814050202257,2111.3074372471774,2111.3074372471774,3139.0814050202257,0.10531511655487556,,,2024-07-07 02:30:00
2024-07-07 03:30:00,ETHUSD,exit,short,-0.08046482260996675,0.0,3051.05,0.0,-4.0,,,,,,,,,,,2024-07-07 03:30:00
2024-07-11 03:30:00,ETHUSD,entry,long,0.0,0.0774844872169287,3076.65,0.0,2.1106289316875797,r_trailing_stop,4.0,2024-07-11 05:30:00,4061.975757944305,2991.829939364456,4061.975757944305,2991.829939364456,0.1692455291413683,,,2024-07-11 03:30:00
2024-07-11 05:30:00,ETHUSD,exit,long,0.0774844872169287,0.0,3098.25,0.0,1.7241413191704855,,,,,,,,,,,2024-07-11 05:30:00
2024-07-15 03:30:00,ETHUSD,entry,long,0.0,0.10411295849926488,3330.55,0.0,2.34307763903621,r_trailing_stop,3.0,2024-07-15 05:00:00,4121.1794369265435,3259.3616450458762,4121.1794369265435,3259.3616450458762,0.07566933523738843,,,2024-07-15 03:30:00
2024-07-15 05:00:00,ETHUSD,exit,long,0.10411295849926488,0.0,3332.9,0.0,3.512399452148999,,,,,,,,,,,2024-07-15 05:00:00
2024-07-15 09:00:00,ETHUSD,entry,long,0.0,0.10495864319380904,3353.45,1.0,4.0,r_trailing_stop,12.0,2024-07-15 15:00:00,4152.514632589929,3289.7948293928057,4152.514632589929,3289.7948293928057,0.15867807743327977,,,2024-07-15 09:00:00
2024-07-15 15:00:00,ETHUSD,exit,long,0.10495864319380904,0.0,3374.45,0.0,4.0,,,,,,,,,,,2024-07-15 15:00:00
2024-07-15 16:30:00,ETHUSD,entry,short,0.0,-0.10331985945505395,3391.8,0.0,4.0,stop_loss,8.0,2024-07-15 20:30:00,3445.9885326853955,2562.5683414325586,2562.5683414325586,3445.9885326853955,-1.0542429262139033,,,2024-07-15 16:30:00
2024-07-15 20:30:00,ETHUSD,exit,short,-0.10331985945505395,0.0,3434.45,-1.0,-3.2267830529280705,,,,,,,,,,,2024-07-15 20:30:00
2024-07-15 21:00:00,ETHUSD,entry,short,0.0,-0.09344203155967186,3422.35,0.0,-1.9400776103969017,r_trailing_stop,18.0,2024-07-16 06:00:00,3508.2150968503206,2515.761289370991,2515.761289370991,3508.2150968503206,0.20599258722099834,,,2024-07-15 21:00:00
2024-07-16 06:00:00,ETHUSD,exit,short,-0.09344203155967186,0.0,3434.45,0.0,1.2388499383538798,,,,,,,,,,,2024-07-16 06:00:00
2024-07-24 23:30:00,ETHUSD,entry,short,0.0,-0.07929315413694828,3335.85,0.0,-4.0,r_trailing_stop,4.0,2024-07-25 01:30:00,3411.3778002298436,2278.3524971269535,2278.3524971269535,3411.3778002298436,1.2523404308483872,,,2024-07-24 23:30:00
2024-07-25 01:30:00,ETHUSD,exit,short,-0.07929315413694828,0.0,3215.05,0.0,-2.605294069492785,,,,,,,,,,,2024-07-25 01:30:00
2024-07-26 20:00:00,ETHUSD,entry,short,0.0,-0.08150702988778323,3264.25,0.0,0.5374001432517932,r_trailing_stop,2.0,2024-07-26 21:00:00,3355.002578287013,2270.242771412339,2270.242771412339,3355.002578287013,0.11596016881928504,,,2024-07-26 20:00:00
2024-07-26 21:00:00,ETHUSD,exit,short,-0.08150702988778323,0.0,3267.55,0.0,0.5906821038973358,,,,,,,,,,,2024-07-26 21:00:00
2024-07-27 20:30:00,ETHUSD,entry,long,0.0,0.08786783856319053,3242.45,1.0,-0.7514738928324926,r_trailing_stop,1.0,2024-07-27 21:00:00,4148.9295870753,3156.4316330339757,4148.9295870753,3156.4316330339757,0.1157336982734129,,,2024-07-27 20:30:00
2024-07-27 21:00:00,ETHUSD,exit,long,0.08786783856319053,0.0,3287.35,0.0,-2.8529235126823353,,,,,,,,,,,2024-07-27 21:00:00
2024-08-03 12:30:00,ETHUSD,entry,short,0.0,-0.07281648397360561,3009.05,0.0,-4.0,r_trailing_stop,8.0,2024-08-03 16:30:00,3094.8312673073265,1977.9591586584227,1977.9591586584227,3094.8312673073265,0.8556292838721185,,,2024-08-03 12:30:00
2024-08-03 16:30:00,ETHUSD,exit,short,-0.07281648397360561,0.0,2935.05,0.0,-1.5786788242113763,,,,,,,,,,,2024-08-03 16:30:00
2024-08-03 19:30:00,ETHUSD,entry,long,0.0,0.06589144137451913,2892.9,0.0,-0.020250396537060806,r_trailing_stop,1.0,2024-08-03 20:00:00,3978.017140618665,2796.316628750507,3978.017140618665,2796.316628750507,0.07165218716554823,,,2024-08-03 19:30:00
2024-08-03 20:00:00,ETHUSD,exit,long,0.06589144137451913,0.0,2914.55,0.0,-0.7721246685875343,,,,,,,,,,,2024-08-03 20:00:00
2024-08-04 17:30:00,ETHUSD,entry,short,0.0,-0.06517646333276275,2699.0,0.0,-4.0,r_trailing_stop,1.0,2024-08-04 18:00:00,2821.038908266649,1687.188646666892,1687.188646666892,2821.038908266649,0.4182230514115201,,,2024-08-04 17:30:00
2024-08-04 18:00:00,ETHUSD,exit,short,-0.06517646333276275,0.0,2695.85,0.0,-4.0,,,,,,,,,,,2024-08-04 18:00:00
2024-08-06 08:30:00,ETHUSD,entry,short,0.0,-0.028535067293575685,2461.55,-1.0,0.6303337540677547,r_trailing_stop,9.0,2024-08-06 13:00:00,2660.6697835206987,308.0277059912682,308.0277059912682,2660.6697835206987,0.1983329648525464,,,2024-08-06 08:30:00
2024-08-06 13:00:00,ETHUSD,exit,short,-0.028535067293575685,0.0,2457.45,-1.0,-0.24335317130564268,,,,,,,,,,,2024-08-06 13:00:00
2024-08-06 13:30:00,ETHUSD,entry,short,0.0,-0.03020344645115311,2453.25,-1.0,1.1647593474847093,max_holding_close,23.0,2024-08-07 01:00:00,2620.3363952636723,423.39505920410164,423.39505920410164,2620.3363952636723,0.04589950507320668,,,2024-08-06 13:30:00
2024-08-07 01:00:00,ETHUSD,exit,short,-0.03020344645115311,0.0,2447.55,0.0,0.4844182340720873,,,,,,,,,,,2024-08-07 01:00:00
2024-08-07 02:00:00,ETHUSD,entry,short,0.0,-0.03290497620189808,2521.05,-1.0,-2.914533423053307,r_trailing_stop,22.0,2024-08-07 13:00:00,2652.960442715697,600.8194660537876,600.8194660537876,2652.960442715697,0.18435577187557078,,,2024-08-07 02:00:00
2024-08-07 13:00:00,ETHUSD,exit,short,-0.03290497620189808,0.0,2465.75,0.0,-2.5934505736702693,,,,,,,,,,,2024-08-07 13:00:00
2024-08-07 16:00:00,ETHUSD,entry,long,0.0,0.035304563038137705,2395.45,0.0,1.1033431612231719,r_trailing_stop,22.0,2024-08-08 03:00:00,4121.617231905274,2276.256621447578,4121.617231905274,2276.256621447578,0.2387126491049521,,,2024-08-07 16:00:00
2024-08-08 03:00:00,ETHUSD,exit,long,0.035304563038137705,0.0,2451.45,0.0,1.0977004948471687,,,,,,,,,,,2024-08-08 03:00:00
2024-08-15 21:30:00,ETHUSD,entry,long,0.0,0.06011869769283538,2572.45,1.0,2.508692267951471,r_trailing_stop,1.0,2024-08-15 22:00:00,3609.0571599287914,2464.249427205697,3609.0571599287914,2464.249427205697,0.12881802470615167,,,2024-08-15 21:30:00
2024-08-15 22:00:00,ETHUSD,exit,long,0.06011869769283538,0.0,2576.95,0.0,1.8434260235000632,,,,,,,,,,,2024-08-15 22:00:00
2024-08-16 02:30:00,ETHUSD,entry,long,0.0,0.06293886521959223,2594.35,0.0,-0.5937027494999763,r_trailing_stop,1.0,2024-08-16 03:00:00,3602.8478915862743,2496.6601686730983,3602.8478915862743,2496.6601686730983,0.15978151026167864,,,2024-08-16 02:30:00
2024-08-16 03:00:00,ETHUSD,exit,long,0.06293886521959223,0.0,2583.25,0.0,-0.8430661497457238,,,,,,,,,,,2024-08-16 03:00:00
2024-08-21 09:30:00,ETHUSD,entry,long,0.0,0.0991466008731431,2581.25,0.0,4.0,r_trailing_stop,3.0,2024-08-21 11:00:00,3223.9780061356723,2522.811759509146,3223.9780061356723,2522.811759509146,0.10789214723993751,,,2024-08-21 09:30:00
2024-08-21 11:00:00,ETHUSD,exit,long,0.0991466008731431,0.0,2580.65,1.0,3.775989534777142,,,,,,,,,,,2024-08-21 11:00:00
2024-08-21 11:30:00,ETHUSD,entry,long,0.0,0.10118907125206726,2578.05,0.0,4.0,r_trailing_stop,5.0,2024-08-21 14:00:00,3218.35591140599,2529.741527087521,3218.35591140599,2529.741527087521,0.19828863246307749,,,2024-08-21 11:30:00
2024-08-21 14:00:00,ETHUSD,exit,long,0.10118907125206726,0.0,2601.25,0.0,0.937440169316591,,,,,,,,,,,2024-08-21 14:00:00
2024-08-23 16:00:00,ETHUSD,entry,long,0.0,0.10127293374289882,2668.05,1.0,4.0,r_trailing_stop,3.0,2024-08-23 17:30:00,3330.4815102614466,2618.3494791790845,3330.4815102614466,2618.3494791790845,0.08616682696708193,,,2024-08-23 16:00:00
2024-08-23 17:30:00,ETHUSD,exit,long,0.10127293374289882,0.0,2727.2,0.0,2.1573724300101897,,,,,,,,,,,2024-08-23 17:30:00
2024-08-24 21:30:00,ETHUSD,entry,long,0.0,0.09337283275548262,2741.25,0.0,0.9740529086593079,max_holding_close,23.0,2024-08-25 09:00:00,3514.94654721804,2713.212276222557,3514.94654721804,2713.212276222557,-0.4405157890549939,,,2024-08-24 21:30:00
2024-08-25 09:00:00,ETHUSD,exit,long,0.09337283275548262,0.0,2749.35,0.0,2.9630373544927027,,,,,,,,,,,2024-08-25 09:00:00
2024-08-29 11:30:00,ETHUSD,entry,short,0.0,-0.06958437150657873,2555.55,-1.0,-1.5013212736127004,r_trailing_stop,15.0,2024-08-29 19:00:00,2628.178844572045,1636.8894428494386,1636.8894428494386,2628.178844572045,0.4319489525520229,,,2024-08-29 11:30:00
2024-08-29 19:00:00,ETHUSD,exit,short,-0.06958437150657873,0.0,2532.2,0.0,0.008058728243681755,,,,,,,,,,,2024-08-29 19:00:00
2024-08-30 08:00:00,ETHUSD,entry,long,0.0,0.07832531891139562,2523.75,0.0,-0.9902305439208006,r_trailing_stop,10.0,2024-08-30 13:00:00,3320.9736992931457,2453.168104056548,3320.9736992931457,2453.168104056548,0.06388544456766582,,,2024-08-30 08:00:00
2024-08-30 13:00:00,ETHUSD,exit,long,0.07832531891139562,0.0,2525.65,0.0,0.17374532066783452,,,,,,,,,,,2024-08-30 13:00:00
2024-09-02 06:00:00,ETHUSD,entry,long,0.0,0.08373794887684231,2448.15,0.0,4.0,r_trailing_stop,6.0,2024-09-02 09:00:00,3186.967373938067,2395.6326100849546,3186.967373938067,2395.6326100849546,0.19828650707315815,,,2024-09-02 06:00:00
2024-09-02 09:00:00,ETHUSD,exit,long,0.08373794887684231,0.0,2468.75,0.0,4.0,,,,,,,,,,,2024-09-02 09:00:00
2024-09-03 16:00:00,ETHUSD,entry,short,0.0,-0.09489369695136819,2440.05,0.0,-4.0,r_trailing_stop,16.0,2024-09-04 00:00:00,2495.4592167028222,1800.0847912147174,1800.0847912147174,2495.4592167028222,0.31516403352936284,,,2024-09-03 16:00:00
2024-09-04 00:00:00,ETHUSD,exit,short,-0.09489369695136819,0.0,2441.85,0.0,-2.746307379741658,,,,,,,,,,,2024-09-04 00:00:00
2024-09-05 04:30:00,ETHUSD,entry,short,0.0,-0.07944951951820409,2414.05,0.0,-2.574510469454542,r_trailing_stop,4.0,2024-09-05 06:30:00,2475.331991247833,1654.7751094020905,1654.7751094020905,2475.331991247833,0.31036697075423036,,,2024-09-05 04:30:00
2024-09-05 06:30:00,ETHUSD,exit,short,-0.07944951951820409,0.0,2398.95,0.0,-0.6329447663741306,,,,,,,,,,,2024-09-05 06:30:00
2024-09-05 17:30:00,ETHUSD,entry,long,0.0,0.0761193708277583,2393.25,1.0,-0.5747061741734528,r_trailing_stop,3.0,2024-09-05 19:00:00,3159.8736143485644,2316.152110852115,3159.8736143485644,2316.152110852115,0.10945710668585307,,,2024-09-05 17:30:00
2024-09-05 19:00:00,ETHUSD,exit,long,0.0761193708277583,0.0,2375.45,1.0,-2.465019056418814,,,,,,,,,,,2024-09-05 19:00:00
2024-09-05 19:30:00,ETHUSD,entry,long,0.0,0.0760458373448777,2363.6000000000004,0.0,-1.2024781030602223,r_trailing_stop,13.0,2024-09-06 02:00:00,3156.509906203207,2313.0732075037436,3156.509906203207,2313.0732075037436,0.21537073147291055,,,2024-09-05 19:30:00
2024-09-06 02:00:00,ETHUSD,exit,long,0.0760458373448777,0.0,2405.25,0.0,-4.0,,,,,,,,,,,2024-09-06 02:00:00
2024-09-16 02:00:00,ETHUSD,entry,long,0.0,0.09729562091615795,2278.05,0.0,0.6984561407775468,r_trailing_stop,7.0,2024-09-16 05:30:00,2862.638207484316,2230.6349434012545,2862.638207484316,2230.6349434012545,0.13262138190315764,,,2024-09-16 02:00:00
2024-09-16 05:30:00,ETHUSD,exit,long,0.09729562091615795,0.0,2293.15,0.0,1.0792789940507512,,,,,,,,,,,2024-09-16 05:30:00
2024-09-16 06:30:00,ETHUSD,entry,long,0.0,0.09767781331756042,2291.45,0.0,-0.14632748413974686,r_trailing_stop,4.0,2024-09-16 08:30:00,2883.0810682214333,2248.5475145422856,2883.0810682214333,2248.5475145422856,0.6779238478377415,,,2024-09-16 06:30:00
2024-09-16 08:30:00,ETHUSD,exit,long,0.09767781331756042,0.0,2315.85,1.0,-3.4409298557766244,,,,,,,,,,,2024-09-16 08:30:00
2024-09-16 09:00:00,ETHUSD,entry,long,0.0,0.09577737199875584,2304.85,0.0,-1.8568395226735486,max_holding_close,23.0,2024-09-16 20:30:00,2920.211667634314,2267.393066589255,2920.211667634314,2267.393066589255,-0.9084847694299436,,,2024-09-16 09:00:00
2024-09-16 20:30:00,ETHUSD,exit,long,0.09577737199875584,0.0,2274.25,0.0,2.647523373239111,,,,,,,,,,,2024-09-16 20:30:00
