lag,autocorrelation,asset
1,0.940943483625089,ETHUSD
2,0.8989228852325005,ETHUSD
4,0.8270069451805341,ETHUSD
8,0.7049400328448291,ETHUSD
16,0.5155134009872072,ETHUSD
