{
  "prediction_distribution": {
    "rows": 43800,
    "mean": 0.001373204595888435,
    "std": 0.08393631051596392,
    "min": -0.4400598406791687,
    "max": 0.502687931060791,
    "median": 0.0014436792698688805,
    "q01": -0.23166379526257516,
    "q05": -0.1360064089298248,
    "q25": -0.04327706154435873,
    "q75": 0.04671349469572306,
    "q95": 0.13866897672414774,
    "q99": 0.22190082505345413,
    "skew": -0.10259531316275763,
    "kurtosis": 1.8510770129347782,
    "positive_rate": 0.5088584474885844,
    "negative_rate": 0.4911415525114155,
    "zero_rate": 0.0
  },
  "expected_net_return_distribution": {
    "rows": 0,
    "mean": null,
    "std": null,
    "min": null,
    "max": null,
    "median": null,
    "q01": null,
    "q05": null,
    "q25": null,
    "q75": null,
    "q95": null,
    "q99": null,
    "skew": null,
    "kurtosis": null,
    "positive_rate": null,
    "negative_rate": null,
    "zero_rate": null
  },
  "prediction_vs_realized": {
    "evaluation_rows": 43800,
    "correlation": 0.0507970083841704,
    "spearman_rank_correlation": 0.03952688390008407,
    "calibration_slope": 0.1144046056762624,
    "calibration_intercept": 0.0011095608758855805,
    "directional_accuracy": 0.5158447488584474,
    "mean_prediction": 0.001373204595888435,
    "mean_realized": 0.0012666618061910283
  },
  "quantile_monotonicity": {
    "monotonicity": 0.9151515151515152,
    "monotonic_increasing_steps": 7,
    "quantile_count": 10
  },
  "residuals": {
    "ETHUSD": {
      "rows": 43800,
      "distribution": {
        "rows": 43800,
        "mean": -0.00010654278969740694,
        "std": 0.20290305244214388,
        "min": -1.353644080468083,
        "max": 2.405700709633041,
        "median": -0.0023711539291193934,
        "q01": -0.5510642583158558,
        "q05": -0.3084596115808649,
        "q25": -0.10080485670084616,
        "q75": 0.10062774273417258,
        "q95": 0.30826477921032874,
        "q99": 0.5575635086375599,
        "skew": 0.5076209508450237,
        "kurtosis": 7.901636031626479,
        "positive_rate": 0.49356164383561646,
        "negative_rate": 0.5064383561643836,
        "zero_rate": 0.0
      },
      "autocorrelation": [
        {
          "lag": 1,
          "autocorrelation": 0.9827712729130271
        },
        {
          "lag": 2,
          "autocorrelation": 0.9564659073831607
        },
        {
          "lag": 4,
          "autocorrelation": 0.8766205824239196
        },
        {
          "lag": 8,
          "autocorrelation": 0.6487716995734908
        }
      ],
      "residual_vs_forecast_abs_correlation": 0.011180596387034884,
      "residual_vs_volatility_correlation": null
    }
  },
  "turnover_cost": {
    "rows": 73965,
    "total_turnover": 646.0,
    "avg_turnover": 0.008733860609747854,
    "rebalance_frequency": 0.008625701345230852,
    "churn_frequency": 0.008625701345230852,
    "total_cost": 0.0646,
    "gross_pnl": 1.6660736760968793,
    "net_pnl": 1.6014736760968789,
    "cost_to_abs_gross_pnl": 0.0025778835162829183,
    "turnover_vs_net_pnl_correlation": 0.0003475012397316245
  },
  "residual_diagnostics": {
    "ETHUSD": {
      "rows": 43800,
      "distribution": {
        "rows": 43800,
        "mean": -0.00010654278969740694,
        "std": 0.20290305244214388,
        "min": -1.353644080468083,
        "max": 2.405700709633041,
        "median": -0.0023711539291193934,
        "q01": -0.5510642583158558,
        "q05": -0.3084596115808649,
        "q25": -0.10080485670084616,
        "q75": 0.10062774273417258,
        "q95": 0.30826477921032874,
        "q99": 0.5575635086375599,
        "skew": 0.5076209508450237,
        "kurtosis": 7.901636031626479,
        "positive_rate": 0.49356164383561646,
        "negative_rate": 0.5064383561643836,
        "zero_rate": 0.0
      },
      "autocorrelation": [
        {
          "lag": 1,
          "autocorrelation": 0.9827712729130271
        },
        {
          "lag": 2,
          "autocorrelation": 0.9564659073831607
        },
        {
          "lag": 4,
          "autocorrelation": 0.8766205824239196
        },
        {
          "lag": 8,
          "autocorrelation": 0.6487716995734908
        }
      ],
      "residual_vs_forecast_abs_correlation": 0.011180596387034884,
      "residual_vs_volatility_correlation": null
    }
  }
}