{
  "could_have_been_profitable": {
    "loser_was_positive_rate": 0.984251968503937,
    "avg_mfe_r_of_losers": 1.569100696061873,
    "median_mfe_r_of_losers": 1.0975430325086823,
    "avg_mfe_r_before_loss": 1.569100696061873,
    "median_mfe_r_before_loss": 1.0975430325086823,
    "loser_reached_0_5r_rate": 0.7559055118110236,
    "loser_reached_1r_rate": 0.5301837270341208,
    "loser_reached_1_5r_rate": 0.4015748031496063,
    "loser_reached_2r_rate": 0.2992125984251969
  },
  "capture_giveback": {
    "avg_capture_ratio": -8.339924175457925,
    "median_capture_ratio": 0.07557655816794721,
    "avg_giveback_r": 3.7464012694837026,
    "median_giveback_r": 2.6594687918449247,
    "avg_giveback_r_winners": 2.190833549365976,
    "avg_giveback_r_losers": 5.399957507404121,
    "median_giveback_r_winners": 1.6291866349485353,
    "median_giveback_r_losers": 4.661668938708096
  },
  "mae_before_win": {
    "winner_had_negative_mae_rate": 0.9950617283950617,
    "winner_had_mae_below_minus_0_25r_rate": 0.8790123456790123,
    "winner_had_mae_below_minus_0_5r_rate": 0.7679012345679013,
    "winner_had_mae_below_minus_1r_rate": 0.5481481481481482,
    "avg_mae_r_of_winners": -1.393757026385263,
    "median_mae_r_of_winners": -1.1051441863287879,
    "p90_abs_mae_r_of_winners": 2.8292266813343576,
    "avg_mae_r": -3.3668990592343047,
    "median_mae_r": -2.315634104760929,
    "q10_mae_r": -7.5526484255763116,
    "q25_mae_r": -4.391803683017666,
    "q75_mae_r": -1.0231366215933055,
    "q90_mae_r": -0.4206492351438662
  },
  "conditional_probabilities": {
    "prob_final_win": 0.5152671755725191,
    "prob_final_loss": 0.4847328244274809,
    "prob_final_win_given_mae_gt_minus_0_5r": 0.9791666666666666,
    "prob_final_win_given_mae_gt_minus_1r": 0.9481865284974094,
    "prob_mfe_ge_0_5r": 0.8816793893129771,
    "prob_final_loss_given_mfe_ge_0_5r": 0.4155844155844156,
    "prob_mfe_ge_1r": 0.7582697201017812,
    "prob_final_loss_given_mfe_ge_1r": 0.3389261744966443,
    "prob_mfe_ge_1_5r": 0.6666666666666666,
    "prob_final_loss_given_mfe_ge_1_5r": 0.2919847328244275,
    "prob_mfe_ge_2r": 0.5814249363867684,
    "prob_final_loss_given_mfe_ge_2r": 0.24945295404814005,
    "prob_stop_loss_given_mfe_ge_0_5r": 0.0,
    "prob_stop_loss_given_mfe_ge_1r": 0.0
  },
  "exit_reason_quality": {
    "position_exit": {
      "trade_count": 732,
      "avg_r": -0.01202306876499648,
      "median_r": 0.24552170256292805,
      "win_rate": 0.5286885245901639,
      "avg_mfe_r": 3.6174064552731906,
      "avg_mae_r": -3.244289038843543,
      "avg_giveback_r": 3.629429524038187,
      "avg_bars_held": 32.673497267759565,
      "profit_factor": 0.9930225427159026,
      "stop_after_positive_rate": 0.9918032786885246,
      "stop_after_0_5r_rate": 0.8825136612021858,
      "stop_after_1r_rate": 0.7595628415300546
    },
    "reversal": {
      "trade_count": 54,
      "avg_r": -2.1332737156042807,
      "median_r": -2.815931618108305,
      "win_rate": 0.3333333333333333,
      "avg_mfe_r": 3.198744547696409,
      "avg_mae_r": -5.028946002309077,
      "avg_giveback_r": 5.33201826330069,
      "avg_bars_held": 27.62962962962963,
      "profit_factor": 0.4188584419072995,
      "stop_after_positive_rate": 1.0,
      "stop_after_0_5r_rate": 0.8703703703703703,
      "stop_after_1r_rate": 0.7407407407407407
    }
  },
  "timing": {
    "avg_time_to_mfe": 15.155216284987278,
    "median_time_to_mfe": 13.0,
    "avg_time_to_mae": 15.858778625954198,
    "median_time_to_mae": 14.0,
    "prob_mfe_ge_0_5r_within_1_bar": 0.039440203562340966,
    "prob_mfe_ge_0_5r_within_2_bars": 0.07124681933842239,
    "prob_mfe_ge_1r_within_4_bars": 0.09033078880407125,
    "avg_r_by_bars_held_bucket": {
      "1": null,
      "2": null,
      "3-4": null,
      "5-8": null,
      "9-16": null,
      "17+": -0.15775784602876405
    },
    "win_rate_by_bars_held_bucket": {
      "1": null,
      "2": null,
      "3-4": null,
      "5-8": null,
      "9-16": null,
      "17+": 0.5152671755725191
    }
  },
  "warnings": [],
  "trade_ledger_construction": {
    "ledger_source": "position_transitions",
    "trade_count": 786,
    "position_transition_count": 1572,
    "fallback_price_risk_distance_count": 0,
    "end_of_data_exit_count": 0,
    "skipped_missing_price_count": 0,
    "warnings": []
  },
  "path_construction": {
    "trade_count": 786,
    "path_trade_count": 786,
    "skipped_trade_paths_missing_risk": 0,
    "skipped_trade_paths_missing_asset_frame": 0,
    "skipped_trade_paths_missing_timestamps": 0,
    "truncated": false,
    "warnings": []
  },
  "counterfactual": {
    "counterfactual.baseline.trade_count": 786,
    "counterfactual.baseline.avg_r": -0.15775784602876405,
    "counterfactual.baseline.median_r": 0.14352305592164621,
    "counterfactual.baseline.win_rate": 0.5152671755725191,
    "counterfactual.baseline.profit_factor": 0.9150442811629015,
    "counterfactual.breakeven_after_0_5r.trade_count": 786,
    "counterfactual.breakeven_after_0_5r.avg_r": -0.2607312477971967,
    "counterfactual.breakeven_after_0_5r.median_r": 0.0,
    "counterfactual.breakeven_after_0_5r.win_rate": 0.011450381679389313,
    "counterfactual.breakeven_after_0_5r.profit_factor": 0.17652377975335243,
    "counterfactual.breakeven_after_1_0r.trade_count": 786,
    "counterfactual.breakeven_after_1_0r.avg_r": -0.44111480089477667,
    "counterfactual.breakeven_after_1_0r.median_r": 0.0,
    "counterfactual.breakeven_after_1_0r.win_rate": 0.11577608142493638,
    "counterfactual.breakeven_after_1_0r.profit_factor": 0.4804910005944576,
    "counterfactual.exit_at_first_0_5r.trade_count": 786,
    "counterfactual.exit_at_first_0_5r.avg_r": 0.14775391029868973,
    "counterfactual.exit_at_first_0_5r.median_r": 0.5,
    "counterfactual.exit_at_first_0_5r.win_rate": 0.9287531806615776,
    "counterfactual.exit_at_first_0_5r.profit_factor": 1.466656116623454,
    "counterfactual.exit_at_first_1_0r.trade_count": 786,
    "counterfactual.exit_at_first_1_0r.avg_r": -0.05850224156254904,
    "counterfactual.exit_at_first_1_0r.median_r": 1.0,
    "counterfactual.exit_at_first_1_0r.win_rate": 0.8002544529262087,
    "counterfactual.exit_at_first_1_0r.profit_factor": 0.9311008360737573,
    "counterfactual.partial_50pct_at_1r.trade_count": 786,
    "counterfactual.partial_50pct_at_1r.avg_r": -0.10813004379565655,
    "counterfactual.partial_50pct_at_1r.median_r": 0.5369603670930772,
    "counterfactual.partial_50pct_at_1r.win_rate": 0.5928753180661578,
    "counterfactual.partial_50pct_at_1r.profit_factor": 0.912148263752464,
    "counterfactual.time_exit_after_4_bars_if_mfe_lt_0_3r.trade_count": 786,
    "counterfactual.time_exit_after_4_bars_if_mfe_lt_0_3r.avg_r": -0.13502283439988208,
    "counterfactual.time_exit_after_4_bars_if_mfe_lt_0_3r.median_r": -0.12433569461224211,
    "counterfactual.time_exit_after_4_bars_if_mfe_lt_0_3r.win_rate": 0.4847328244274809,
    "counterfactual.time_exit_after_4_bars_if_mfe_lt_0_3r.profit_factor": 0.9205844144272436,
    "counterfactual.trail_0_5r_after_1_0r.trade_count": 786,
    "counterfactual.trail_0_5r_after_1_0r.avg_r": 0.05865943226671478,
    "counterfactual.trail_0_5r_after_1_0r.median_r": 0.7346296223622745,
    "counterfactual.trail_0_5r_after_1_0r.win_rate": 0.8002544529262087,
    "counterfactual.trail_0_5r_after_1_0r.profit_factor": 1.0690842903043904,
    "counterfactual.best_policy_by_avg_r": "exit_at_first_0_5r",
    "counterfactual.best_policy_by_profit_factor": "exit_at_first_0_5r"
  }
}