trade_id,policy,counterfactual_r
0,baseline,0.5067801173250318
0,breakeven_after_0_5r,0.5067801173250318
0,breakeven_after_1_0r,0.5067801173250318
0,exit_at_first_0_5r,0.5
0,exit_at_first_1_0r,1.0
0,trail_0_5r_after_1_0r,0.6734646950226253
0,time_exit_after_4_bars_if_mfe_lt_0_3r,0.5067801173250318
0,partial_50pct_at_1r,0.753390058662516
1,baseline,0.12095899199356129
1,breakeven_after_0_5r,0.12095899199356129
1,breakeven_after_1_0r,0.12095899199356129
1,exit_at_first_0_5r,0.12095899199356129
1,exit_at_first_1_0r,0.12095899199356129
1,trail_0_5r_after_1_0r,0.12095899199356129
1,time_exit_after_4_bars_if_mfe_lt_0_3r,0.12095899199356129
1,partial_50pct_at_1r,0.12095899199356129
2,baseline,-1.0152608285410294
2,breakeven_after_0_5r,-1.0152608285410294
2,breakeven_after_1_0r,-1.0152608285410294
2,exit_at_first_0_5r,-1.0152608285410294
2,exit_at_first_1_0r,-1.0152608285410294
2,trail_0_5r_after_1_0r,-1.0152608285410294
2,time_exit_after_4_bars_if_mfe_lt_0_3r,-1.0152608285410294
2,partial_50pct_at_1r,-1.0152608285410294
3,baseline,0.6400412332312331
3,breakeven_after_0_5r,0.6400412332312331
3,breakeven_after_1_0r,0.6400412332312331
3,exit_at_first_0_5r,0.5
3,exit_at_first_1_0r,0.6400412332312331
3,trail_0_5r_after_1_0r,0.6400412332312331
3,time_exit_after_4_bars_if_mfe_lt_0_3r,0.6400412332312331
3,partial_50pct_at_1r,0.6400412332312331
4,baseline,0.14982663945762917
4,breakeven_after_0_5r,0.14982663945762917
4,breakeven_after_1_0r,0.14982663945762917
4,exit_at_first_0_5r,0.14982663945762917
4,exit_at_first_1_0r,0.14982663945762917
4,trail_0_5r_after_1_0r,0.14982663945762917
4,time_exit_after_4_bars_if_mfe_lt_0_3r,0.14982663945762917
4,partial_50pct_at_1r,0.14982663945762917
5,baseline,0.7325045411302621
5,breakeven_after_0_5r,0.7325045411302621
5,breakeven_after_1_0r,0.7325045411302621
5,exit_at_first_0_5r,0.5
5,exit_at_first_1_0r,0.7325045411302621
5,trail_0_5r_after_1_0r,0.7325045411302621
5,time_exit_after_4_bars_if_mfe_lt_0_3r,-0.17327791333823594
5,partial_50pct_at_1r,0.7325045411302621
6,baseline,0.4735860794815037
6,breakeven_after_0_5r,0.0
6,breakeven_after_1_0r,0.4735860794815037
6,exit_at_first_0_5r,0.5
6,exit_at_first_1_0r,0.4735860794815037
6,trail_0_5r_after_1_0r,0.4735860794815037
6,time_exit_after_4_bars_if_mfe_lt_0_3r,0.4735860794815037
6,partial_50pct_at_1r,0.4735860794815037
7,baseline,0.2512167180563521
7,breakeven_after_0_5r,0.0
7,breakeven_after_1_0r,0.2512167180563521
7,exit_at_first_0_5r,0.5
7,exit_at_first_1_0r,0.2512167180563521
7,trail_0_5r_after_1_0r,0.2512167180563521
7,time_exit_after_4_bars_if_mfe_lt_0_3r,0.2512167180563521
7,partial_50pct_at_1r,0.2512167180563521
8,baseline,-1.0198291096131056
8,breakeven_after_0_5r,-1.0198291096131056
8,breakeven_after_1_0r,-1.0198291096131056
8,exit_at_first_0_5r,-1.0198291096131056
8,exit_at_first_1_0r,-1.0198291096131056
8,trail_0_5r_after_1_0r,-1.0198291096131056
8,time_exit_after_4_bars_if_mfe_lt_0_3r,-1.0198291096131056
8,partial_50pct_at_1r,-1.0198291096131056
9,baseline,0.46055347252324064
9,breakeven_after_0_5r,0.0
9,breakeven_after_1_0r,0.46055347252324064
9,exit_at_first_0_5r,0.5
9,exit_at_first_1_0r,0.46055347252324064
9,trail_0_5r_after_1_0r,0.46055347252324064
9,time_exit_after_4_bars_if_mfe_lt_0_3r,0.46055347252324064
9,partial_50pct_at_1r,0.46055347252324064
10,baseline,0.44993439820015635
10,breakeven_after_0_5r,0.0
10,breakeven_after_1_0r,0.44993439820015635
10,exit_at_first_0_5r,0.5
10,exit_at_first_1_0r,0.44993439820015635
10,trail_0_5r_after_1_0r,0.44993439820015635
10,time_exit_after_4_bars_if_mfe_lt_0_3r,0.44993439820015635
10,partial_50pct_at_1r,0.44993439820015635
11,baseline,0.5371554936051662
11,breakeven_after_0_5r,0.0
11,breakeven_after_1_0r,0.5371554936051662
11,exit_at_first_0_5r,0.5
11,exit_at_first_1_0r,0.5371554936051662
11,trail_0_5r_after_1_0r,0.5371554936051662
11,time_exit_after_4_bars_if_mfe_lt_0_3r,0.5371554936051662
11,partial_50pct_at_1r,0.5371554936051662
12,baseline,-1.0184638640127566
12,breakeven_after_0_5r,-1.0184638640127566
12,breakeven_after_1_0r,-1.0184638640127566
12,exit_at_first_0_5r,-1.0184638640127566
12,exit_at_first_1_0r,-1.0184638640127566
12,trail_0_5r_after_1_0r,-1.0184638640127566
12,time_exit_after_4_bars_if_mfe_lt_0_3r,-1.1922339193107663
12,partial_50pct_at_1r,-1.0184638640127566
13,baseline,0.2716108619268352
13,breakeven_after_0_5r,0.2716108619268352
13,breakeven_after_1_0r,0.2716108619268352
13,exit_at_first_0_5r,0.5
13,exit_at_first_1_0r,0.2716108619268352
13,trail_0_5r_after_1_0r,0.2716108619268352
13,time_exit_after_4_bars_if_mfe_lt_0_3r,0.2716108619268352
13,partial_50pct_at_1r,0.2716108619268352
14,baseline,-1.0169060559961178
14,breakeven_after_0_5r,-1.0169060559961178
14,breakeven_after_1_0r,-1.0169060559961178
14,exit_at_first_0_5r,-1.0169060559961178
14,exit_at_first_1_0r,-1.0169060559961178
14,trail_0_5r_after_1_0r,-1.0169060559961178
14,time_exit_after_4_bars_if_mfe_lt_0_3r,-0.6719437942001795
14,partial_50pct_at_1r,-1.0169060559961178
15,baseline,-1.0172229016371144
15,breakeven_after_0_5r,-1.0172229016371144
15,breakeven_after_1_0r,-1.0172229016371144
15,exit_at_first_0_5r,-1.0172229016371144
15,exit_at_first_1_0r,-1.0172229016371144
15,trail_0_5r_after_1_0r,-1.0172229016371144
15,time_exit_after_4_bars_if_mfe_lt_0_3r,-0.9582512213509422
15,partial_50pct_at_1r,-1.0172229016371144
16,baseline,0.2854419365412346
16,breakeven_after_0_5r,0.2854419365412346
16,breakeven_after_1_0r,0.2854419365412346
16,exit_at_first_0_5r,0.5
16,exit_at_first_1_0r,0.2854419365412346
16,trail_0_5r_after_1_0r,0.2854419365412346
16,time_exit_after_4_bars_if_mfe_lt_0_3r,0.2854419365412346
16,partial_50pct_at_1r,0.2854419365412346
17,baseline,-1.0149326083853127
17,breakeven_after_0_5r,-1.0149326083853127
17,breakeven_after_1_0r,-1.0149326083853127
17,exit_at_first_0_5r,-1.0149326083853127
17,exit_at_first_1_0r,-1.0149326083853127
17,trail_0_5r_after_1_0r,-1.0149326083853127
17,time_exit_after_4_bars_if_mfe_lt_0_3r,-0.5232456205559641
17,partial_50pct_at_1r,-1.0149326083853127
18,baseline,-0.3753100853696075
18,breakeven_after_0_5r,-0.3753100853696075
18,breakeven_after_1_0r,-0.3753100853696075
18,exit_at_first_0_5r,-0.3753100853696075
18,exit_at_first_1_0r,-0.3753100853696075
18,trail_0_5r_after_1_0r,-0.3753100853696075
18,time_exit_after_4_bars_if_mfe_lt_0_3r,-0.24799967675941295
18,partial_50pct_at_1r,-0.3753100853696075
19,baseline,0.29736419337486164
19,breakeven_after_0_5r,0.0
19,breakeven_after_1_0r,0.29736419337486164
19,exit_at_first_0_5r,0.5
19,exit_at_first_1_0r,0.29736419337486164
19,trail_0_5r_after_1_0r,0.29736419337486164
19,time_exit_after_4_bars_if_mfe_lt_0_3r,-0.05779002519236541
19,partial_50pct_at_1r,0.29736419337486164
20,baseline,0.1849150060956199
20,breakeven_after_0_5r,0.1849150060956199
20,breakeven_after_1_0r,0.1849150060956199
20,exit_at_first_0_5r,0.5
20,exit_at_first_1_0r,0.1849150060956199
20,trail_0_5r_after_1_0r,0.1849150060956199
20,time_exit_after_4_bars_if_mfe_lt_0_3r,0.1849150060956199
20,partial_50pct_at_1r,0.1849150060956199
21,baseline,1.174671357882384
21,breakeven_after_0_5r,0.0
21,breakeven_after_1_0r,1.174671357882384
21,exit_at_first_0_5r,0.5
21,exit_at_first_1_0r,1.0
21,trail_0_5r_after_1_0r,0.9407096795285441
21,time_exit_after_4_bars_if_mfe_lt_0_3r,1.174671357882384
21,partial_50pct_at_1r,1.087335678941192
22,baseline,0.22996458524538094
22,breakeven_after_0_5r,0.0
22,breakeven_after_1_0r,0.22996458524538094
22,exit_at_first_0_5r,0.5
22,exit_at_first_1_0r,0.22996458524538094
22,trail_0_5r_after_1_0r,0.22996458524538094
22,time_exit_after_4_bars_if_mfe_lt_0_3r,0.22996458524538094
22,partial_50pct_at_1r,0.22996458524538094
23,baseline,0.6620194956562816
23,breakeven_after_0_5r,0.6620194956562816
23,breakeven_after_1_0r,0.6620194956562816
23,exit_at_first_0_5r,0.5
23,exit_at_first_1_0r,1.0
23,trail_0_5r_after_1_0r,0.7103684141768469
23,time_exit_after_4_bars_if_mfe_lt_0_3r,0.6620194956562816
23,partial_50pct_at_1r,0.8310097478281409
24,baseline,0.16303017743145395
24,breakeven_after_0_5r,0.16303017743145395
24,breakeven_after_1_0r,0.16303017743145395
24,exit_at_first_0_5r,0.16303017743145395
24,exit_at_first_1_0r,0.16303017743145395
24,trail_0_5r_after_1_0r,0.16303017743145395
24,time_exit_after_4_bars_if_mfe_lt_0_3r,-0.06660131528607362
24,partial_50pct_at_1r,0.16303017743145395
25,baseline,0.17121421035345366
25,breakeven_after_0_5r,0.17121421035345366
25,breakeven_after_1_0r,0.17121421035345366
25,exit_at_first_0_5r,0.17121421035345366
25,exit_at_first_1_0r,0.17121421035345366
25,trail_0_5r_after_1_0r,0.17121421035345366
25,time_exit_after_4_bars_if_mfe_lt_0_3r,0.17121421035345366
25,partial_50pct_at_1r,0.17121421035345366
26,baseline,-1.013252116717017
26,breakeven_after_0_5r,-1.013252116717017
26,breakeven_after_1_0r,-1.013252116717017
26,exit_at_first_0_5r,-1.013252116717017
26,exit_at_first_1_0r,-1.013252116717017
26,trail_0_5r_after_1_0r,-1.013252116717017
26,time_exit_after_4_bars_if_mfe_lt_0_3r,-0.6779676403914329
26,partial_50pct_at_1r,-1.013252116717017
27,baseline,0.4077401579613201
27,breakeven_after_0_5r,0.4077401579613201
27,breakeven_after_1_0r,0.4077401579613201
27,exit_at_first_0_5r,0.5
27,exit_at_first_1_0r,0.4077401579613201
27,trail_0_5r_after_1_0r,0.4077401579613201
27,time_exit_after_4_bars_if_mfe_lt_0_3r,0.2406162273155132
27,partial_50pct_at_1r,0.4077401579613201
28,baseline,0.16984995046553944
28,breakeven_after_0_5r,0.16984995046553944
28,breakeven_after_1_0r,0.16984995046553944
28,exit_at_first_0_5r,0.5
28,exit_at_first_1_0r,0.16984995046553944
28,trail_0_5r_after_1_0r,0.16984995046553944
28,time_exit_after_4_bars_if_mfe_lt_0_3r,0.16984995046553944
28,partial_50pct_at_1r,0.16984995046553944
29,baseline,-0.19109394787876405
29,breakeven_after_0_5r,-0.19109394787876405
29,breakeven_after_1_0r,-0.19109394787876405
29,exit_at_first_0_5r,-0.19109394787876405
29,exit_at_first_1_0r,-0.19109394787876405
29,trail_0_5r_after_1_0r,-0.19109394787876405
29,time_exit_after_4_bars_if_mfe_lt_0_3r,-0.19109394787876405
29,partial_50pct_at_1r,-0.19109394787876405
30,baseline,0.7863319031000076
30,breakeven_after_0_5r,0.0
30,breakeven_after_1_0r,0.7863319031000076
30,exit_at_first_0_5r,0.5
30,exit_at_first_1_0r,1.0
30,trail_0_5r_after_1_0r,0.5500295699225226
30,time_exit_after_4_bars_if_mfe_lt_0_3r,0.7863319031000076
30,partial_50pct_at_1r,0.8931659515500038
31,baseline,0.7359916389761009
31,breakeven_after_0_5r,0.0
31,breakeven_after_1_0r,0.0
31,exit_at_first_0_5r,0.5
31,exit_at_first_1_0r,1.0
31,trail_0_5r_after_1_0r,0.5007718944611159
31,time_exit_after_4_bars_if_mfe_lt_0_3r,0.7359916389761009
31,partial_50pct_at_1r,0.8679958194880504
32,baseline,0.13204802957188197
32,breakeven_after_0_5r,0.13204802957188197
32,breakeven_after_1_0r,0.13204802957188197
32,exit_at_first_0_5r,0.5
32,exit_at_first_1_0r,0.13204802957188197
32,trail_0_5r_after_1_0r,0.13204802957188197
32,time_exit_after_4_bars_if_mfe_lt_0_3r,0.13204802957188197
32,partial_50pct_at_1r,0.13204802957188197
33,baseline,-1.0138937010105828
33,breakeven_after_0_5r,-1.0138937010105828
33,breakeven_after_1_0r,-1.0138937010105828
33,exit_at_first_0_5r,-1.0138937010105828
33,exit_at_first_1_0r,-1.0138937010105828
33,trail_0_5r_after_1_0r,-1.0138937010105828
33,time_exit_after_4_bars_if_mfe_lt_0_3r,-0.14722289888362433
33,partial_50pct_at_1r,-1.0138937010105828
34,baseline,1.0973585561627812
34,breakeven_after_0_5r,0.0
34,breakeven_after_1_0r,1.0973585561627812
34,exit_at_first_0_5r,0.5
34,exit_at_first_1_0r,1.0
34,trail_0_5r_after_1_0r,0.8618114950049467
34,time_exit_after_4_bars_if_mfe_lt_0_3r,1.0973585561627812
34,partial_50pct_at_1r,1.0486792780813907
35,baseline,0.31408905883057786
35,breakeven_after_0_5r,0.31408905883057786
35,breakeven_after_1_0r,0.31408905883057786
35,exit_at_first_0_5r,0.5
35,exit_at_first_1_0r,0.31408905883057786
35,trail_0_5r_after_1_0r,0.31408905883057786
35,time_exit_after_4_bars_if_mfe_lt_0_3r,-0.5335604762629568
35,partial_50pct_at_1r,0.31408905883057786
36,baseline,0.484537913486398
36,breakeven_after_0_5r,0.0
36,breakeven_after_1_0r,0.484537913486398
36,exit_at_first_0_5r,0.5
36,exit_at_first_1_0r,0.484537913486398
36,trail_0_5r_after_1_0r,0.484537913486398
36,time_exit_after_4_bars_if_mfe_lt_0_3r,-0.19226872702445097
36,partial_50pct_at_1r,0.484537913486398
37,baseline,1.5695897345628997
37,breakeven_after_0_5r,0.0
37,breakeven_after_1_0r,0.0
37,exit_at_first_0_5r,0.5
37,exit_at_first_1_0r,1.0
37,trail_0_5r_after_1_0r,1.3349022589613684
37,time_exit_after_4_bars_if_mfe_lt_0_3r,1.5695897345628997
37,partial_50pct_at_1r,1.28479486728145
38,baseline,0.1778465467309247
38,breakeven_after_0_5r,0.1778465467309247
38,breakeven_after_1_0r,0.1778465467309247
38,exit_at_first_0_5r,0.5
38,exit_at_first_1_0r,0.1778465467309247
38,trail_0_5r_after_1_0r,0.1778465467309247
38,time_exit_after_4_bars_if_mfe_lt_0_3r,0.1778465467309247
38,partial_50pct_at_1r,0.1778465467309247
39,baseline,-1.018830890893382
39,breakeven_after_0_5r,-1.018830890893382
39,breakeven_after_1_0r,-1.018830890893382
39,exit_at_first_0_5r,-1.018830890893382
39,exit_at_first_1_0r,-1.018830890893382
39,trail_0_5r_after_1_0r,-1.018830890893382
39,time_exit_after_4_bars_if_mfe_lt_0_3r,-1.018830890893382
39,partial_50pct_at_1r,-1.018830890893382
40,baseline,-1.0185159968480748
40,breakeven_after_0_5r,-1.0185159968480748
40,breakeven_after_1_0r,-1.0185159968480748
40,exit_at_first_0_5r,-1.0185159968480748
40,exit_at_first_1_0r,-1.0185159968480748
40,trail_0_5r_after_1_0r,-1.0185159968480748
40,time_exit_after_4_bars_if_mfe_lt_0_3r,-1.0185159968480748
40,partial_50pct_at_1r,-1.0185159968480748
41,baseline,-1.018463908463026
41,breakeven_after_0_5r,-1.018463908463026
41,breakeven_after_1_0r,-1.018463908463026
41,exit_at_first_0_5r,-1.018463908463026
41,exit_at_first_1_0r,-1.018463908463026
41,trail_0_5r_after_1_0r,-1.018463908463026
41,time_exit_after_4_bars_if_mfe_lt_0_3r,-0.40626292230414285
41,partial_50pct_at_1r,-1.018463908463026
42,baseline,0.1137865239158328
42,breakeven_after_0_5r,0.1137865239158328
42,breakeven_after_1_0r,0.1137865239158328
42,exit_at_first_0_5r,0.5
42,exit_at_first_1_0r,0.1137865239158328
42,trail_0_5r_after_1_0r,0.1137865239158328
42,time_exit_after_4_bars_if_mfe_lt_0_3r,0.1137865239158328
42,partial_50pct_at_1r,0.1137865239158328
43,baseline,0.14672110073916636
43,breakeven_after_0_5r,0.14672110073916636
43,breakeven_after_1_0r,0.14672110073916636
43,exit_at_first_0_5r,0.5
43,exit_at_first_1_0r,0.14672110073916636
43,trail_0_5r_after_1_0r,0.14672110073916636
43,time_exit_after_4_bars_if_mfe_lt_0_3r,0.14672110073916636
43,partial_50pct_at_1r,0.14672110073916636
44,baseline,0.5433830818197248
44,breakeven_after_0_5r,0.5433830818197248
44,breakeven_after_1_0r,0.5433830818197248
44,exit_at_first_0_5r,0.5
44,exit_at_first_1_0r,0.5433830818197248
44,trail_0_5r_after_1_0r,0.5433830818197248
44,time_exit_after_4_bars_if_mfe_lt_0_3r,0.5433830818197248
44,partial_50pct_at_1r,0.5433830818197248
45,baseline,-1.0199323515248946
45,breakeven_after_0_5r,-1.0199323515248946
45,breakeven_after_1_0r,-1.0199323515248946
45,exit_at_first_0_5r,-1.0199323515248946
45,exit_at_first_1_0r,-1.0199323515248946
45,trail_0_5r_after_1_0r,-1.0199323515248946
45,time_exit_after_4_bars_if_mfe_lt_0_3r,-1.0199323515248946
45,partial_50pct_at_1r,-1.0199323515248946
46,baseline,0.19841613085979462
46,breakeven_after_0_5r,0.19841613085979462
46,breakeven_after_1_0r,0.19841613085979462
46,exit_at_first_0_5r,0.19841613085979462
46,exit_at_first_1_0r,0.19841613085979462
46,trail_0_5r_after_1_0r,0.19841613085979462
46,time_exit_after_4_bars_if_mfe_lt_0_3r,-0.058997933652585204
46,partial_50pct_at_1r,0.19841613085979462
47,baseline,0.3848313807763015
47,breakeven_after_0_5r,0.0
47,breakeven_after_1_0r,0.3848313807763015
47,exit_at_first_0_5r,0.5
47,exit_at_first_1_0r,0.3848313807763015
47,trail_0_5r_after_1_0r,0.3848313807763015
47,time_exit_after_4_bars_if_mfe_lt_0_3r,0.3848313807763015
47,partial_50pct_at_1r,0.3848313807763015
48,baseline,0.5410586090439954
48,breakeven_after_0_5r,0.0
48,breakeven_after_1_0r,0.5410586090439954
48,exit_at_first_0_5r,0.5
48,exit_at_first_1_0r,1.0
48,trail_0_5r_after_1_0r,0.7576580150047665
48,time_exit_after_4_bars_if_mfe_lt_0_3r,0.5410586090439954
48,partial_50pct_at_1r,0.7705293045219976
49,baseline,0.643047960224588
49,breakeven_after_0_5r,0.643047960224588
49,breakeven_after_1_0r,0.643047960224588
49,exit_at_first_0_5r,0.5
49,exit_at_first_1_0r,1.0
49,trail_0_5r_after_1_0r,0.5656208455358298
49,time_exit_after_4_bars_if_mfe_lt_0_3r,0.643047960224588
49,partial_50pct_at_1r,0.821523980112294
50,baseline,0.3424685604510906
50,breakeven_after_0_5r,0.0
50,breakeven_after_1_0r,0.3424685604510906
50,exit_at_first_0_5r,0.5
50,exit_at_first_1_0r,0.3424685604510906
50,trail_0_5r_after_1_0r,0.3424685604510906
50,time_exit_after_4_bars_if_mfe_lt_0_3r,0.3424685604510906
50,partial_50pct_at_1r,0.3424685604510906
51,baseline,-0.30135270456082347
51,breakeven_after_0_5r,-0.30135270456082347
51,breakeven_after_1_0r,-0.30135270456082347
51,exit_at_first_0_5r,-0.30135270456082347
51,exit_at_first_1_0r,-0.30135270456082347
51,trail_0_5r_after_1_0r,-0.30135270456082347
51,time_exit_after_4_bars_if_mfe_lt_0_3r,-0.30135270456082347
51,partial_50pct_at_1r,-0.30135270456082347
52,baseline,0.1380444081145378
52,breakeven_after_0_5r,0.1380444081145378
52,breakeven_after_1_0r,0.1380444081145378
52,exit_at_first_0_5r,0.1380444081145378
52,exit_at_first_1_0r,0.1380444081145378
52,trail_0_5r_after_1_0r,0.1380444081145378
52,time_exit_after_4_bars_if_mfe_lt_0_3r,0.1380444081145378
52,partial_50pct_at_1r,0.1380444081145378
53,baseline,-1.0191125161100487
53,breakeven_after_0_5r,-1.0191125161100487
53,breakeven_after_1_0r,-1.0191125161100487
53,exit_at_first_0_5r,-1.0191125161100487
53,exit_at_first_1_0r,-1.0191125161100487
53,trail_0_5r_after_1_0r,-1.0191125161100487
53,time_exit_after_4_bars_if_mfe_lt_0_3r,-0.8060916494224533
53,partial_50pct_at_1r,-1.0191125161100487
54,baseline,0.5217549575508628
54,breakeven_after_0_5r,0.0
54,breakeven_after_1_0r,0.5217549575508628
54,exit_at_first_0_5r,0.5
54,exit_at_first_1_0r,1.0
54,trail_0_5r_after_1_0r,0.5217549575508628
54,time_exit_after_4_bars_if_mfe_lt_0_3r,0.5217549575508628
54,partial_50pct_at_1r,0.7608774787754313
55,baseline,-0.3574983552778365
55,breakeven_after_0_5r,0.0
55,breakeven_after_1_0r,-0.3574983552778365
55,exit_at_first_0_5r,0.5
55,exit_at_first_1_0r,-0.3574983552778365
55,trail_0_5r_after_1_0r,-0.3574983552778365
55,time_exit_after_4_bars_if_mfe_lt_0_3r,-0.3574983552778365
55,partial_50pct_at_1r,-0.3574983552778365
56,baseline,0.3043782403137764
56,breakeven_after_0_5r,0.0
56,breakeven_after_1_0r,0.3043782403137764
56,exit_at_first_0_5r,0.5
56,exit_at_first_1_0r,0.3043782403137764
56,trail_0_5r_after_1_0r,0.3043782403137764
56,time_exit_after_4_bars_if_mfe_lt_0_3r,0.3043782403137764
56,partial_50pct_at_1r,0.3043782403137764
57,baseline,0.21936008044033073
57,breakeven_after_0_5r,0.21936008044033073
57,breakeven_after_1_0r,0.21936008044033073
57,exit_at_first_0_5r,0.21936008044033073
57,exit_at_first_1_0r,0.21936008044033073
57,trail_0_5r_after_1_0r,0.21936008044033073
57,time_exit_after_4_bars_if_mfe_lt_0_3r,0.21936008044033073
57,partial_50pct_at_1r,0.21936008044033073
58,baseline,-1.013401161813124
58,breakeven_after_0_5r,-1.013401161813124
58,breakeven_after_1_0r,-1.013401161813124
58,exit_at_first_0_5r,-1.013401161813124
58,exit_at_first_1_0r,-1.013401161813124
58,trail_0_5r_after_1_0r,-1.013401161813124
58,time_exit_after_4_bars_if_mfe_lt_0_3r,-1.013401161813124
58,partial_50pct_at_1r,-1.013401161813124
59,baseline,0.197034739774749
59,breakeven_after_0_5r,0.197034739774749
59,breakeven_after_1_0r,0.197034739774749
59,exit_at_first_0_5r,0.197034739774749
59,exit_at_first_1_0r,0.197034739774749
59,trail_0_5r_after_1_0r,0.197034739774749
59,time_exit_after_4_bars_if_mfe_lt_0_3r,0.197034739774749
59,partial_50pct_at_1r,0.197034739774749
60,baseline,-1.015269239071319
60,breakeven_after_0_5r,-1.015269239071319
60,breakeven_after_1_0r,-1.015269239071319
60,exit_at_first_0_5r,-1.015269239071319
60,exit_at_first_1_0r,-1.015269239071319
60,trail_0_5r_after_1_0r,-1.015269239071319
60,time_exit_after_4_bars_if_mfe_lt_0_3r,-1.015269239071319
60,partial_50pct_at_1r,-1.015269239071319
61,baseline,-0.09325057365908088
61,breakeven_after_0_5r,-0.09325057365908088
61,breakeven_after_1_0r,-0.09325057365908088
61,exit_at_first_0_5r,-0.09325057365908088
61,exit_at_first_1_0r,-0.09325057365908088
61,trail_0_5r_after_1_0r,-0.09325057365908088
61,time_exit_after_4_bars_if_mfe_lt_0_3r,-0.09325057365908088
61,partial_50pct_at_1r,-0.09325057365908088
62,baseline,0.2396802928541464
62,breakeven_after_0_5r,0.0
62,breakeven_after_1_0r,0.2396802928541464
62,exit_at_first_0_5r,0.5
62,exit_at_first_1_0r,0.2396802928541464
62,trail_0_5r_after_1_0r,0.2396802928541464
62,time_exit_after_4_bars_if_mfe_lt_0_3r,0.2396802928541464
62,partial_50pct_at_1r,0.2396802928541464
63,baseline,-1.0150098737273836
63,breakeven_after_0_5r,-1.0150098737273836
63,breakeven_after_1_0r,-1.0150098737273836
63,exit_at_first_0_5r,-1.0150098737273836
63,exit_at_first_1_0r,-1.0150098737273836
63,trail_0_5r_after_1_0r,-1.0150098737273836
63,time_exit_after_4_bars_if_mfe_lt_0_3r,-1.0150098737273836
63,partial_50pct_at_1r,-1.0150098737273836
64,baseline,0.25977294499218245
64,breakeven_after_0_5r,0.25977294499218245
64,breakeven_after_1_0r,0.25977294499218245
64,exit_at_first_0_5r,0.5
64,exit_at_first_1_0r,0.25977294499218245
64,trail_0_5r_after_1_0r,0.25977294499218245
64,time_exit_after_4_bars_if_mfe_lt_0_3r,0.003763692860897507
64,partial_50pct_at_1r,0.25977294499218245
65,baseline,0.11947590985712435
65,breakeven_after_0_5r,0.11947590985712435
65,breakeven_after_1_0r,0.11947590985712435
65,exit_at_first_0_5r,0.11947590985712435
65,exit_at_first_1_0r,0.11947590985712435
65,trail_0_5r_after_1_0r,0.11947590985712435
65,time_exit_after_4_bars_if_mfe_lt_0_3r,0.11947590985712435
65,partial_50pct_at_1r,0.11947590985712435
66,baseline,-1.0163754619516772
66,breakeven_after_0_5r,-1.0163754619516772
66,breakeven_after_1_0r,-1.0163754619516772
66,exit_at_first_0_5r,-1.0163754619516772
66,exit_at_first_1_0r,-1.0163754619516772
66,trail_0_5r_after_1_0r,-1.0163754619516772
66,time_exit_after_4_bars_if_mfe_lt_0_3r,-1.0163754619516772
66,partial_50pct_at_1r,-1.0163754619516772
67,baseline,0.06336538228343469
67,breakeven_after_0_5r,0.06336538228343469
67,breakeven_after_1_0r,0.06336538228343469
67,exit_at_first_0_5r,0.06336538228343469
67,exit_at_first_1_0r,0.06336538228343469
67,trail_0_5r_after_1_0r,0.06336538228343469
67,time_exit_after_4_bars_if_mfe_lt_0_3r,0.06336538228343469
67,partial_50pct_at_1r,0.06336538228343469
68,baseline,1.0953544532289232
68,breakeven_after_0_5r,0.0
68,breakeven_after_1_0r,0.0
68,exit_at_first_0_5r,0.5
68,exit_at_first_1_0r,1.0
68,trail_0_5r_after_1_0r,0.8603361016525859
68,time_exit_after_4_bars_if_mfe_lt_0_3r,1.0953544532289232
68,partial_50pct_at_1r,1.0476772266144616
69,baseline,-1.014504219040965
69,breakeven_after_0_5r,-1.014504219040965
69,breakeven_after_1_0r,-1.014504219040965
69,exit_at_first_0_5r,-1.014504219040965
69,exit_at_first_1_0r,-1.014504219040965
69,trail_0_5r_after_1_0r,-1.014504219040965
69,time_exit_after_4_bars_if_mfe_lt_0_3r,-1.014504219040965
69,partial_50pct_at_1r,-1.014504219040965
70,baseline,-1.014223229562024
70,breakeven_after_0_5r,-1.014223229562024
70,breakeven_after_1_0r,-1.014223229562024
70,exit_at_first_0_5r,-1.014223229562024
70,exit_at_first_1_0r,-1.014223229562024
70,trail_0_5r_after_1_0r,-1.014223229562024
70,time_exit_after_4_bars_if_mfe_lt_0_3r,-1.014223229562024
70,partial_50pct_at_1r,-1.014223229562024
71,baseline,-1.013636673997824
71,breakeven_after_0_5r,-1.013636673997824
71,breakeven_after_1_0r,-1.013636673997824
71,exit_at_first_0_5r,-1.013636673997824
71,exit_at_first_1_0r,-1.013636673997824
71,trail_0_5r_after_1_0r,-1.013636673997824
71,time_exit_after_4_bars_if_mfe_lt_0_3r,-1.013636673997824
71,partial_50pct_at_1r,-1.013636673997824
72,baseline,0.3279784320641688
72,breakeven_after_0_5r,0.3279784320641688
72,breakeven_after_1_0r,0.3279784320641688
72,exit_at_first_0_5r,0.5
72,exit_at_first_1_0r,1.0
72,trail_0_5r_after_1_0r,0.6263075513414862
72,time_exit_after_4_bars_if_mfe_lt_0_3r,0.3279784320641688
72,partial_50pct_at_1r,0.6639892160320844
73,baseline,0.3556108262175288
73,breakeven_after_0_5r,0.3556108262175288
73,breakeven_after_1_0r,0.3556108262175288
73,exit_at_first_0_5r,0.5
73,exit_at_first_1_0r,0.3556108262175288
73,trail_0_5r_after_1_0r,0.3556108262175288
73,time_exit_after_4_bars_if_mfe_lt_0_3r,0.3556108262175288
73,partial_50pct_at_1r,0.3556108262175288
74,baseline,0.6306473671047287
74,breakeven_after_0_5r,0.6306473671047287
74,breakeven_after_1_0r,0.6306473671047287
74,exit_at_first_0_5r,0.5
74,exit_at_first_1_0r,0.6306473671047287
74,trail_0_5r_after_1_0r,0.6306473671047287
74,time_exit_after_4_bars_if_mfe_lt_0_3r,0.6306473671047287
74,partial_50pct_at_1r,0.6306473671047287
75,baseline,0.1972957172048245
75,breakeven_after_0_5r,0.1972957172048245
75,breakeven_after_1_0r,0.1972957172048245
75,exit_at_first_0_5r,0.1972957172048245
75,exit_at_first_1_0r,0.1972957172048245
75,trail_0_5r_after_1_0r,0.1972957172048245
75,time_exit_after_4_bars_if_mfe_lt_0_3r,-0.01980575305248755
75,partial_50pct_at_1r,0.1972957172048245
76,baseline,0.1663825859898233
76,breakeven_after_0_5r,0.1663825859898233
76,breakeven_after_1_0r,0.1663825859898233
76,exit_at_first_0_5r,0.1663825859898233
76,exit_at_first_1_0r,0.1663825859898233
76,trail_0_5r_after_1_0r,0.1663825859898233
76,time_exit_after_4_bars_if_mfe_lt_0_3r,0.1663825859898233
76,partial_50pct_at_1r,0.1663825859898233
77,baseline,0.2966482820430428
77,breakeven_after_0_5r,0.2966482820430428
77,breakeven_after_1_0r,0.2966482820430428
77,exit_at_first_0_5r,0.2966482820430428
77,exit_at_first_1_0r,0.2966482820430428
77,trail_0_5r_after_1_0r,0.2966482820430428
77,time_exit_after_4_bars_if_mfe_lt_0_3r,-0.6072706347424259
77,partial_50pct_at_1r,0.2966482820430428
78,baseline,0.2166888562936255
78,breakeven_after_0_5r,0.2166888562936255
78,breakeven_after_1_0r,0.2166888562936255
78,exit_at_first_0_5r,0.2166888562936255
78,exit_at_first_1_0r,0.2166888562936255
78,trail_0_5r_after_1_0r,0.2166888562936255
78,time_exit_after_4_bars_if_mfe_lt_0_3r,0.2166888562936255
78,partial_50pct_at_1r,0.2166888562936255
79,baseline,-1.0101373509302407
79,breakeven_after_0_5r,-1.0101373509302407
79,breakeven_after_1_0r,-1.0101373509302407
79,exit_at_first_0_5r,-1.0101373509302407
79,exit_at_first_1_0r,-1.0101373509302407
79,trail_0_5r_after_1_0r,-1.0101373509302407
79,time_exit_after_4_bars_if_mfe_lt_0_3r,-1.0101373509302407
79,partial_50pct_at_1r,-1.0101373509302407
80,baseline,0.2054237080158083
80,breakeven_after_0_5r,0.2054237080158083
80,breakeven_after_1_0r,0.2054237080158083
80,exit_at_first_0_5r,0.5
80,exit_at_first_1_0r,0.2054237080158083
80,trail_0_5r_after_1_0r,0.2054237080158083
80,time_exit_after_4_bars_if_mfe_lt_0_3r,0.2054237080158083
80,partial_50pct_at_1r,0.2054237080158083
81,baseline,0.17268150130762405
81,breakeven_after_0_5r,0.17268150130762405
81,breakeven_after_1_0r,0.17268150130762405
81,exit_at_first_0_5r,0.17268150130762405
81,exit_at_first_1_0r,0.17268150130762405
81,trail_0_5r_after_1_0r,0.17268150130762405
81,time_exit_after_4_bars_if_mfe_lt_0_3r,0.17268150130762405
81,partial_50pct_at_1r,0.17268150130762405
82,baseline,0.6750274780824409
82,breakeven_after_0_5r,0.0
82,breakeven_after_1_0r,0.6750274780824409
82,exit_at_first_0_5r,0.5
82,exit_at_first_1_0r,0.6750274780824409
82,trail_0_5r_after_1_0r,0.6750274780824409
82,time_exit_after_4_bars_if_mfe_lt_0_3r,0.6750274780824409
82,partial_50pct_at_1r,0.6750274780824409
83,baseline,0.300506220292872
83,breakeven_after_0_5r,0.0
83,breakeven_after_1_0r,0.300506220292872
83,exit_at_first_0_5r,0.5
83,exit_at_first_1_0r,0.300506220292872
83,trail_0_5r_after_1_0r,0.300506220292872
83,time_exit_after_4_bars_if_mfe_lt_0_3r,-0.2761682235056303
83,partial_50pct_at_1r,0.300506220292872
84,baseline,-1.0106647624131082
84,breakeven_after_0_5r,-1.0106647624131082
84,breakeven_after_1_0r,-1.0106647624131082
84,exit_at_first_0_5r,-1.0106647624131082
84,exit_at_first_1_0r,-1.0106647624131082
84,trail_0_5r_after_1_0r,-1.0106647624131082
84,time_exit_after_4_bars_if_mfe_lt_0_3r,-1.0106647624131082
84,partial_50pct_at_1r,-1.0106647624131082
85,baseline,0.2452065432494161
85,breakeven_after_0_5r,0.2452065432494161
85,breakeven_after_1_0r,0.2452065432494161
85,exit_at_first_0_5r,0.2452065432494161
85,exit_at_first_1_0r,0.2452065432494161
85,trail_0_5r_after_1_0r,0.2452065432494161
85,time_exit_after_4_bars_if_mfe_lt_0_3r,-0.09908179020684818
85,partial_50pct_at_1r,0.2452065432494161
86,baseline,0.3438202606890531
86,breakeven_after_0_5r,0.0
86,breakeven_after_1_0r,0.3438202606890531
86,exit_at_first_0_5r,0.5
86,exit_at_first_1_0r,0.3438202606890531
86,trail_0_5r_after_1_0r,0.3438202606890531
86,time_exit_after_4_bars_if_mfe_lt_0_3r,0.3438202606890531
86,partial_50pct_at_1r,0.3438202606890531
87,baseline,0.20818522211662072
87,breakeven_after_0_5r,0.20818522211662072
87,breakeven_after_1_0r,0.20818522211662072
87,exit_at_first_0_5r,0.20818522211662072
87,exit_at_first_1_0r,0.20818522211662072
87,trail_0_5r_after_1_0r,0.20818522211662072
87,time_exit_after_4_bars_if_mfe_lt_0_3r,0.20818522211662072
87,partial_50pct_at_1r,0.20818522211662072
88,baseline,-0.05377866461896143
88,breakeven_after_0_5r,-0.05377866461896143
88,breakeven_after_1_0r,-0.05377866461896143
88,exit_at_first_0_5r,-0.05377866461896143
88,exit_at_first_1_0r,-0.05377866461896143
88,trail_0_5r_after_1_0r,-0.05377866461896143
88,time_exit_after_4_bars_if_mfe_lt_0_3r,-0.05377866461896143
88,partial_50pct_at_1r,-0.05377866461896143
89,baseline,-1.0154546805081208
89,breakeven_after_0_5r,-1.0154546805081208
89,breakeven_after_1_0r,-1.0154546805081208
89,exit_at_first_0_5r,-1.0154546805081208
89,exit_at_first_1_0r,-1.0154546805081208
89,trail_0_5r_after_1_0r,-1.0154546805081208
89,time_exit_after_4_bars_if_mfe_lt_0_3r,-1.0154546805081208
89,partial_50pct_at_1r,-1.0154546805081208
90,baseline,0.14719069104748478
90,breakeven_after_0_5r,0.14719069104748478
90,breakeven_after_1_0r,0.14719069104748478
90,exit_at_first_0_5r,0.14719069104748478
90,exit_at_first_1_0r,0.14719069104748478
90,trail_0_5r_after_1_0r,0.14719069104748478
90,time_exit_after_4_bars_if_mfe_lt_0_3r,0.14719069104748478
90,partial_50pct_at_1r,0.14719069104748478
91,baseline,0.6781943444263413
91,breakeven_after_0_5r,0.0
91,breakeven_after_1_0r,0.0
91,exit_at_first_0_5r,0.5
91,exit_at_first_1_0r,1.0
91,trail_0_5r_after_1_0r,0.6154953499926332
91,time_exit_after_4_bars_if_mfe_lt_0_3r,0.6781943444263413
91,partial_50pct_at_1r,0.8390971722131706
92,baseline,0.5796175434421671
92,breakeven_after_0_5r,0.0
92,breakeven_after_1_0r,0.5796175434421671
92,exit_at_first_0_5r,0.5
92,exit_at_first_1_0r,0.5796175434421671
92,trail_0_5r_after_1_0r,0.5796175434421671
92,time_exit_after_4_bars_if_mfe_lt_0_3r,0.5796175434421671
92,partial_50pct_at_1r,0.5796175434421671
93,baseline,0.31892494554428963
93,breakeven_after_0_5r,0.0
93,breakeven_after_1_0r,0.31892494554428963
93,exit_at_first_0_5r,0.5
93,exit_at_first_1_0r,0.31892494554428963
93,trail_0_5r_after_1_0r,0.31892494554428963
93,time_exit_after_4_bars_if_mfe_lt_0_3r,0.31892494554428963
93,partial_50pct_at_1r,0.31892494554428963
94,baseline,0.19325297217087037
94,breakeven_after_0_5r,0.19325297217087037
94,breakeven_after_1_0r,0.19325297217087037
94,exit_at_first_0_5r,0.19325297217087037
94,exit_at_first_1_0r,0.19325297217087037
94,trail_0_5r_after_1_0r,0.19325297217087037
94,time_exit_after_4_bars_if_mfe_lt_0_3r,0.19325297217087037
94,partial_50pct_at_1r,0.19325297217087037
95,baseline,0.18643631834154192
95,breakeven_after_0_5r,0.18643631834154192
95,breakeven_after_1_0r,0.18643631834154192
95,exit_at_first_0_5r,0.18643631834154192
95,exit_at_first_1_0r,0.18643631834154192
95,trail_0_5r_after_1_0r,0.18643631834154192
95,time_exit_after_4_bars_if_mfe_lt_0_3r,0.18643631834154192
95,partial_50pct_at_1r,0.18643631834154192
96,baseline,-1.014180428377
96,breakeven_after_0_5r,-1.014180428377
96,breakeven_after_1_0r,-1.014180428377
96,exit_at_first_0_5r,-1.014180428377
96,exit_at_first_1_0r,-1.014180428377
96,trail_0_5r_after_1_0r,-1.014180428377
96,time_exit_after_4_bars_if_mfe_lt_0_3r,-0.2862212538572566
96,partial_50pct_at_1r,-1.014180428377
97,baseline,0.2524516401428103
97,breakeven_after_0_5r,0.2524516401428103
97,breakeven_after_1_0r,0.2524516401428103
97,exit_at_first_0_5r,0.5
97,exit_at_first_1_0r,0.2524516401428103
97,trail_0_5r_after_1_0r,0.2524516401428103
97,time_exit_after_4_bars_if_mfe_lt_0_3r,0.2524516401428103
97,partial_50pct_at_1r,0.2524516401428103
98,baseline,0.24156835691147927
98,breakeven_after_0_5r,0.0
98,breakeven_after_1_0r,0.24156835691147927
98,exit_at_first_0_5r,0.5
98,exit_at_first_1_0r,0.24156835691147927
98,trail_0_5r_after_1_0r,0.24156835691147927
98,time_exit_after_4_bars_if_mfe_lt_0_3r,0.24156835691147927
98,partial_50pct_at_1r,0.24156835691147927
99,baseline,0.02657498538409355
99,breakeven_after_0_5r,0.02657498538409355
99,breakeven_after_1_0r,0.02657498538409355
99,exit_at_first_0_5r,0.02657498538409355
99,exit_at_first_1_0r,0.02657498538409355
99,trail_0_5r_after_1_0r,0.02657498538409355
99,time_exit_after_4_bars_if_mfe_lt_0_3r,0.02657498538409355
99,partial_50pct_at_1r,0.02657498538409355
100,baseline,-1.0126907056641576
100,breakeven_after_0_5r,-1.0126907056641576
100,breakeven_after_1_0r,-1.0126907056641576
100,exit_at_first_0_5r,-1.0126907056641576
100,exit_at_first_1_0r,-1.0126907056641576
100,trail_0_5r_after_1_0r,-1.0126907056641576
100,time_exit_after_4_bars_if_mfe_lt_0_3r,-1.0126907056641576
100,partial_50pct_at_1r,-1.0126907056641576
101,baseline,0.4101020504813284
101,breakeven_after_0_5r,0.0
101,breakeven_after_1_0r,0.4101020504813284
101,exit_at_first_0_5r,0.5
101,exit_at_first_1_0r,0.4101020504813284
101,trail_0_5r_after_1_0r,0.4101020504813284
101,time_exit_after_4_bars_if_mfe_lt_0_3r,0.4101020504813284
101,partial_50pct_at_1r,0.4101020504813284
102,baseline,0.3991412705025824
102,breakeven_after_0_5r,0.0
102,breakeven_after_1_0r,0.3991412705025824
102,exit_at_first_0_5r,0.5
102,exit_at_first_1_0r,0.3991412705025824
102,trail_0_5r_after_1_0r,0.3991412705025824
102,time_exit_after_4_bars_if_mfe_lt_0_3r,0.3991412705025824
102,partial_50pct_at_1r,0.3991412705025824
103,baseline,0.9552858377098844
103,breakeven_after_0_5r,0.9552858377098844
103,breakeven_after_1_0r,0.9552858377098844
103,exit_at_first_0_5r,0.5
103,exit_at_first_1_0r,1.0
103,trail_0_5r_after_1_0r,0.7169374763172001
103,time_exit_after_4_bars_if_mfe_lt_0_3r,0.9552858377098844
103,partial_50pct_at_1r,0.9776429188549423
104,baseline,0.20183286907437697
104,breakeven_after_0_5r,0.0
104,breakeven_after_1_0r,0.20183286907437697
104,exit_at_first_0_5r,0.5
104,exit_at_first_1_0r,0.20183286907437697
104,trail_0_5r_after_1_0r,0.20183286907437697
104,time_exit_after_4_bars_if_mfe_lt_0_3r,-0.44083610423570074
104,partial_50pct_at_1r,0.20183286907437697
105,baseline,0.40452520685703713
105,breakeven_after_0_5r,0.0
105,breakeven_after_1_0r,0.40452520685703713
105,exit_at_first_0_5r,0.5
105,exit_at_first_1_0r,0.40452520685703713
105,trail_0_5r_after_1_0r,0.40452520685703713
105,time_exit_after_4_bars_if_mfe_lt_0_3r,0.40452520685703713
105,partial_50pct_at_1r,0.40452520685703713
106,baseline,1.3660818765294995
106,breakeven_after_0_5r,0.0
106,breakeven_after_1_0r,1.3660818765294995
106,exit_at_first_0_5r,0.5
106,exit_at_first_1_0r,1.0
106,trail_0_5r_after_1_0r,1.1281610071516903
106,time_exit_after_4_bars_if_mfe_lt_0_3r,1.3660818765294995
106,partial_50pct_at_1r,1.1830409382647498
107,baseline,0.10160894705418225
107,breakeven_after_0_5r,0.10160894705418225
107,breakeven_after_1_0r,0.10160894705418225
107,exit_at_first_0_5r,0.10160894705418225
107,exit_at_first_1_0r,0.10160894705418225
107,trail_0_5r_after_1_0r,0.10160894705418225
107,time_exit_after_4_bars_if_mfe_lt_0_3r,0.10160894705418225
107,partial_50pct_at_1r,0.10160894705418225
108,baseline,0.37493750273007626
108,breakeven_after_0_5r,0.37493750273007626
108,breakeven_after_1_0r,0.37493750273007626
108,exit_at_first_0_5r,0.5
108,exit_at_first_1_0r,0.37493750273007626
108,trail_0_5r_after_1_0r,0.37493750273007626
108,time_exit_after_4_bars_if_mfe_lt_0_3r,0.37493750273007626
108,partial_50pct_at_1r,0.37493750273007626
109,baseline,0.18574594624779836
109,breakeven_after_0_5r,0.18574594624779836
109,breakeven_after_1_0r,0.18574594624779836
109,exit_at_first_0_5r,0.18574594624779836
109,exit_at_first_1_0r,0.18574594624779836
109,trail_0_5r_after_1_0r,0.18574594624779836
109,time_exit_after_4_bars_if_mfe_lt_0_3r,0.18574594624779836
109,partial_50pct_at_1r,0.18574594624779836
110,baseline,-1.0137543178190707
110,breakeven_after_0_5r,-1.0137543178190707
110,breakeven_after_1_0r,-1.0137543178190707
110,exit_at_first_0_5r,-1.0137543178190707
110,exit_at_first_1_0r,-1.0137543178190707
110,trail_0_5r_after_1_0r,-1.0137543178190707
110,time_exit_after_4_bars_if_mfe_lt_0_3r,-1.0137543178190707
110,partial_50pct_at_1r,-1.0137543178190707
111,baseline,0.11540536640631892
111,breakeven_after_0_5r,0.11540536640631892
111,breakeven_after_1_0r,0.11540536640631892
111,exit_at_first_0_5r,0.11540536640631892
111,exit_at_first_1_0r,0.11540536640631892
111,trail_0_5r_after_1_0r,0.11540536640631892
111,time_exit_after_4_bars_if_mfe_lt_0_3r,0.11540536640631892
111,partial_50pct_at_1r,0.11540536640631892
112,baseline,0.5356568493207917
112,breakeven_after_0_5r,0.5356568493207917
112,breakeven_after_1_0r,0.5356568493207917
112,exit_at_first_0_5r,0.5
112,exit_at_first_1_0r,0.5356568493207917
112,trail_0_5r_after_1_0r,0.5356568493207917
112,time_exit_after_4_bars_if_mfe_lt_0_3r,0.5356568493207917
112,partial_50pct_at_1r,0.5356568493207917
113,baseline,0.2272453438703831
113,breakeven_after_0_5r,0.0
113,breakeven_after_1_0r,0.2272453438703831
113,exit_at_first_0_5r,0.5
113,exit_at_first_1_0r,0.2272453438703831
113,trail_0_5r_after_1_0r,0.2272453438703831
113,time_exit_after_4_bars_if_mfe_lt_0_3r,0.2272453438703831
113,partial_50pct_at_1r,0.2272453438703831
114,baseline,-1.0113737716656772
114,breakeven_after_0_5r,0.0
114,breakeven_after_1_0r,-1.0113737716656772
114,exit_at_first_0_5r,0.5
114,exit_at_first_1_0r,-1.0113737716656772
114,trail_0_5r_after_1_0r,-1.0113737716656772
114,time_exit_after_4_bars_if_mfe_lt_0_3r,-1.0113737716656772
114,partial_50pct_at_1r,-1.0113737716656772
115,baseline,0.10185973412676279
115,breakeven_after_0_5r,0.0
115,breakeven_after_1_0r,0.10185973412676279
115,exit_at_first_0_5r,0.5
115,exit_at_first_1_0r,0.10185973412676279
115,trail_0_5r_after_1_0r,0.10185973412676279
115,time_exit_after_4_bars_if_mfe_lt_0_3r,0.10185973412676279
115,partial_50pct_at_1r,0.10185973412676279
116,baseline,-1.0107941143254946
116,breakeven_after_0_5r,-1.0107941143254946
116,breakeven_after_1_0r,-1.0107941143254946
116,exit_at_first_0_5r,-1.0107941143254946
116,exit_at_first_1_0r,-1.0107941143254946
116,trail_0_5r_after_1_0r,-1.0107941143254946
116,time_exit_after_4_bars_if_mfe_lt_0_3r,-1.0107941143254946
116,partial_50pct_at_1r,-1.0107941143254946
117,baseline,1.0076913576477249
117,breakeven_after_0_5r,1.0076913576477249
117,breakeven_after_1_0r,1.0076913576477249
117,exit_at_first_0_5r,0.5
117,exit_at_first_1_0r,1.0
117,trail_0_5r_after_1_0r,0.7617454276739046
117,time_exit_after_4_bars_if_mfe_lt_0_3r,-0.3346111788821222
117,partial_50pct_at_1r,1.0038456788238626
118,baseline,0.25377890796743635
118,breakeven_after_0_5r,0.0
118,breakeven_after_1_0r,0.25377890796743635
118,exit_at_first_0_5r,0.5
118,exit_at_first_1_0r,0.25377890796743635
118,trail_0_5r_after_1_0r,0.25377890796743635
118,time_exit_after_4_bars_if_mfe_lt_0_3r,0.25377890796743635
118,partial_50pct_at_1r,0.25377890796743635
119,baseline,0.20583250299119316
119,breakeven_after_0_5r,0.20583250299119316
119,breakeven_after_1_0r,0.20583250299119316
119,exit_at_first_0_5r,0.20583250299119316
119,exit_at_first_1_0r,0.20583250299119316
119,trail_0_5r_after_1_0r,0.20583250299119316
119,time_exit_after_4_bars_if_mfe_lt_0_3r,0.20583250299119316
119,partial_50pct_at_1r,0.20583250299119316
120,baseline,1.3945851388119062
120,breakeven_after_0_5r,0.0
120,breakeven_after_1_0r,0.0
120,exit_at_first_0_5r,0.5
120,exit_at_first_1_0r,1.0
120,trail_0_5r_after_1_0r,1.4773768751490215
120,time_exit_after_4_bars_if_mfe_lt_0_3r,1.3945851388119062
120,partial_50pct_at_1r,1.197292569405953
121,baseline,1.0717656508165982
121,breakeven_after_0_5r,0.0
121,breakeven_after_1_0r,0.0
121,exit_at_first_0_5r,0.5
121,exit_at_first_1_0r,1.0
121,trail_0_5r_after_1_0r,0.8267214065390458
121,time_exit_after_4_bars_if_mfe_lt_0_3r,1.0717656508165982
121,partial_50pct_at_1r,1.035882825408299
122,baseline,0.19888980950514096
122,breakeven_after_0_5r,0.19888980950514096
122,breakeven_after_1_0r,0.19888980950514096
122,exit_at_first_0_5r,0.19888980950514096
122,exit_at_first_1_0r,0.19888980950514096
122,trail_0_5r_after_1_0r,0.19888980950514096
122,time_exit_after_4_bars_if_mfe_lt_0_3r,0.19888980950514096
122,partial_50pct_at_1r,0.19888980950514096
123,baseline,-1.004948878440793
123,breakeven_after_0_5r,-1.004948878440793
123,breakeven_after_1_0r,-1.004948878440793
123,exit_at_first_0_5r,-1.004948878440793
123,exit_at_first_1_0r,-1.004948878440793
123,trail_0_5r_after_1_0r,-1.004948878440793
123,time_exit_after_4_bars_if_mfe_lt_0_3r,-1.004948878440793
123,partial_50pct_at_1r,-1.004948878440793
124,baseline,0.5130668202274521
124,breakeven_after_0_5r,0.5130668202274521
124,breakeven_after_1_0r,0.5130668202274521
124,exit_at_first_0_5r,0.5
124,exit_at_first_1_0r,0.5130668202274521
124,trail_0_5r_after_1_0r,0.5130668202274521
124,time_exit_after_4_bars_if_mfe_lt_0_3r,0.5130668202274521
124,partial_50pct_at_1r,0.5130668202274521
125,baseline,0.23598930473275367
125,breakeven_after_0_5r,0.23598930473275367
125,breakeven_after_1_0r,0.23598930473275367
125,exit_at_first_0_5r,0.23598930473275367
125,exit_at_first_1_0r,0.23598930473275367
125,trail_0_5r_after_1_0r,0.23598930473275367
125,time_exit_after_4_bars_if_mfe_lt_0_3r,0.23598930473275367
125,partial_50pct_at_1r,0.23598930473275367
126,baseline,0.28247329220162615
126,breakeven_after_0_5r,0.28247329220162615
126,breakeven_after_1_0r,0.28247329220162615
126,exit_at_first_0_5r,0.5
126,exit_at_first_1_0r,0.28247329220162615
126,trail_0_5r_after_1_0r,0.28247329220162615
126,time_exit_after_4_bars_if_mfe_lt_0_3r,0.28247329220162615
126,partial_50pct_at_1r,0.28247329220162615
127,baseline,0.1333926383318397
127,breakeven_after_0_5r,0.1333926383318397
127,breakeven_after_1_0r,0.1333926383318397
127,exit_at_first_0_5r,0.1333926383318397
127,exit_at_first_1_0r,0.1333926383318397
127,trail_0_5r_after_1_0r,0.1333926383318397
127,time_exit_after_4_bars_if_mfe_lt_0_3r,0.1333926383318397
127,partial_50pct_at_1r,0.1333926383318397
128,baseline,0.7267633135272009
128,breakeven_after_0_5r,0.0
128,breakeven_after_1_0r,0.7267633135272009
128,exit_at_first_0_5r,0.5
128,exit_at_first_1_0r,1.0
128,trail_0_5r_after_1_0r,0.843081845126356
128,time_exit_after_4_bars_if_mfe_lt_0_3r,-0.2559390159011951
128,partial_50pct_at_1r,0.8633816567636005
129,baseline,1.0812431328340895
129,breakeven_after_0_5r,1.0812431328340895
129,breakeven_after_1_0r,1.0812431328340895
129,exit_at_first_0_5r,0.5
129,exit_at_first_1_0r,1.0
129,trail_0_5r_after_1_0r,0.9570083954860604
129,time_exit_after_4_bars_if_mfe_lt_0_3r,1.0812431328340895
129,partial_50pct_at_1r,1.0406215664170446
130,baseline,-1.005319895883333
130,breakeven_after_0_5r,-1.005319895883333
130,breakeven_after_1_0r,-1.005319895883333
130,exit_at_first_0_5r,-1.005319895883333
130,exit_at_first_1_0r,-1.005319895883333
130,trail_0_5r_after_1_0r,-1.005319895883333
130,time_exit_after_4_bars_if_mfe_lt_0_3r,-1.2695841990159435
130,partial_50pct_at_1r,-1.005319895883333
131,baseline,0.9079784830168095
131,breakeven_after_0_5r,0.0
131,breakeven_after_1_0r,0.9079784830168095
131,exit_at_first_0_5r,0.5
131,exit_at_first_1_0r,1.0
131,trail_0_5r_after_1_0r,0.9079784830168095
131,time_exit_after_4_bars_if_mfe_lt_0_3r,-0.17387173749174895
131,partial_50pct_at_1r,0.9539892415084048
132,baseline,-1.0054288400380322
132,breakeven_after_0_5r,-1.0054288400380322
132,breakeven_after_1_0r,-1.0054288400380322
132,exit_at_first_0_5r,-1.0054288400380322
132,exit_at_first_1_0r,-1.0054288400380322
132,trail_0_5r_after_1_0r,-1.0054288400380322
132,time_exit_after_4_bars_if_mfe_lt_0_3r,-0.7003110750649728
132,partial_50pct_at_1r,-1.0054288400380322
133,baseline,0.3540913438998826
133,breakeven_after_0_5r,0.0
133,breakeven_after_1_0r,0.3540913438998826
133,exit_at_first_0_5r,0.5
133,exit_at_first_1_0r,0.3540913438998826
133,trail_0_5r_after_1_0r,0.3540913438998826
133,time_exit_after_4_bars_if_mfe_lt_0_3r,-0.12232899825028633
133,partial_50pct_at_1r,0.3540913438998826
134,baseline,0.14133350883399204
134,breakeven_after_0_5r,0.14133350883399204
134,breakeven_after_1_0r,0.14133350883399204
134,exit_at_first_0_5r,0.5
134,exit_at_first_1_0r,0.14133350883399204
134,trail_0_5r_after_1_0r,0.14133350883399204
134,time_exit_after_4_bars_if_mfe_lt_0_3r,0.14133350883399204
134,partial_50pct_at_1r,0.14133350883399204
135,baseline,-1.007587026767305
135,breakeven_after_0_5r,-1.007587026767305
135,breakeven_after_1_0r,-1.007587026767305
135,exit_at_first_0_5r,-1.007587026767305
135,exit_at_first_1_0r,-1.007587026767305
135,trail_0_5r_after_1_0r,-1.007587026767305
135,time_exit_after_4_bars_if_mfe_lt_0_3r,-1.007587026767305
135,partial_50pct_at_1r,-1.007587026767305
136,baseline,0.15426802189092445
136,breakeven_after_0_5r,0.15426802189092445
136,breakeven_after_1_0r,0.15426802189092445
136,exit_at_first_0_5r,0.15426802189092445
136,exit_at_first_1_0r,0.15426802189092445
136,trail_0_5r_after_1_0r,0.15426802189092445
136,time_exit_after_4_bars_if_mfe_lt_0_3r,0.15426802189092445
136,partial_50pct_at_1r,0.15426802189092445
137,baseline,0.12084843697697603
137,breakeven_after_0_5r,0.12084843697697603
137,breakeven_after_1_0r,0.12084843697697603
137,exit_at_first_0_5r,0.12084843697697603
137,exit_at_first_1_0r,0.12084843697697603
137,trail_0_5r_after_1_0r,0.12084843697697603
137,time_exit_after_4_bars_if_mfe_lt_0_3r,-0.46439296338093594
137,partial_50pct_at_1r,0.12084843697697603
138,baseline,0.21985352146087
138,breakeven_after_0_5r,0.21985352146087
138,breakeven_after_1_0r,0.21985352146087
138,exit_at_first_0_5r,0.21985352146087
138,exit_at_first_1_0r,0.21985352146087
138,trail_0_5r_after_1_0r,0.21985352146087
138,time_exit_after_4_bars_if_mfe_lt_0_3r,0.21985352146087
138,partial_50pct_at_1r,0.21985352146087
139,baseline,0.529833484324351
139,breakeven_after_0_5r,0.0
139,breakeven_after_1_0r,0.529833484324351
139,exit_at_first_0_5r,0.5
139,exit_at_first_1_0r,0.529833484324351
139,trail_0_5r_after_1_0r,0.529833484324351
139,time_exit_after_4_bars_if_mfe_lt_0_3r,0.529833484324351
139,partial_50pct_at_1r,0.529833484324351
140,baseline,-1.0113358203247975
140,breakeven_after_0_5r,-1.0113358203247975
140,breakeven_after_1_0r,-1.0113358203247975
140,exit_at_first_0_5r,-1.0113358203247975
140,exit_at_first_1_0r,-1.0113358203247975
140,trail_0_5r_after_1_0r,-1.0113358203247975
140,time_exit_after_4_bars_if_mfe_lt_0_3r,-1.0113358203247975
140,partial_50pct_at_1r,-1.0113358203247975
141,baseline,-1.0111669609774792
141,breakeven_after_0_5r,-1.0111669609774792
141,breakeven_after_1_0r,-1.0111669609774792
141,exit_at_first_0_5r,-1.0111669609774792
141,exit_at_first_1_0r,-1.0111669609774792
141,trail_0_5r_after_1_0r,-1.0111669609774792
141,time_exit_after_4_bars_if_mfe_lt_0_3r,-1.0111669609774792
141,partial_50pct_at_1r,-1.0111669609774792
142,baseline,0.6875636909504548
142,breakeven_after_0_5r,0.0
142,breakeven_after_1_0r,0.6875636909504548
142,exit_at_first_0_5r,0.5
142,exit_at_first_1_0r,1.0
142,trail_0_5r_after_1_0r,0.5406165419409454
142,time_exit_after_4_bars_if_mfe_lt_0_3r,0.6875636909504548
142,partial_50pct_at_1r,0.8437818454752274
143,baseline,-1.0101092039978052
143,breakeven_after_0_5r,-1.0101092039978052
143,breakeven_after_1_0r,-1.0101092039978052
143,exit_at_first_0_5r,-1.0101092039978052
143,exit_at_first_1_0r,-1.0101092039978052
143,trail_0_5r_after_1_0r,-1.0101092039978052
143,time_exit_after_4_bars_if_mfe_lt_0_3r,-0.9181818423394654
143,partial_50pct_at_1r,-1.0101092039978052
144,baseline,0.6881390490353544
144,breakeven_after_0_5r,0.6881390490353544
144,breakeven_after_1_0r,0.6881390490353544
144,exit_at_first_0_5r,0.5
144,exit_at_first_1_0r,1.0
144,trail_0_5r_after_1_0r,0.6881390490353544
144,time_exit_after_4_bars_if_mfe_lt_0_3r,-0.38796103390893505
144,partial_50pct_at_1r,0.8440695245176772
145,baseline,0.4358906095740656
145,breakeven_after_0_5r,0.4358906095740656
145,breakeven_after_1_0r,0.4358906095740656
145,exit_at_first_0_5r,0.5
145,exit_at_first_1_0r,0.4358906095740656
145,trail_0_5r_after_1_0r,0.4358906095740656
145,time_exit_after_4_bars_if_mfe_lt_0_3r,0.4358906095740656
145,partial_50pct_at_1r,0.4358906095740656
146,baseline,0.266059586407659
146,breakeven_after_0_5r,0.0
146,breakeven_after_1_0r,0.266059586407659
146,exit_at_first_0_5r,0.5
146,exit_at_first_1_0r,0.266059586407659
146,trail_0_5r_after_1_0r,0.266059586407659
146,time_exit_after_4_bars_if_mfe_lt_0_3r,-0.25773008872804853
146,partial_50pct_at_1r,0.266059586407659
147,baseline,0.45735088247299027
147,breakeven_after_0_5r,0.0
147,breakeven_after_1_0r,0.45735088247299027
147,exit_at_first_0_5r,0.5
147,exit_at_first_1_0r,0.45735088247299027
147,trail_0_5r_after_1_0r,0.45735088247299027
147,time_exit_after_4_bars_if_mfe_lt_0_3r,0.45735088247299027
147,partial_50pct_at_1r,0.45735088247299027
148,baseline,0.8729855936248473
148,breakeven_after_0_5r,0.8729855936248473
148,breakeven_after_1_0r,0.8729855936248473
148,exit_at_first_0_5r,0.5
148,exit_at_first_1_0r,1.0
148,trail_0_5r_after_1_0r,1.1487689399252727
148,time_exit_after_4_bars_if_mfe_lt_0_3r,0.8729855936248473
148,partial_50pct_at_1r,0.9364927968124237
149,baseline,-1.0113091024143261
149,breakeven_after_0_5r,-1.0113091024143261
149,breakeven_after_1_0r,-1.0113091024143261
149,exit_at_first_0_5r,-1.0113091024143261
149,exit_at_first_1_0r,-1.0113091024143261
149,trail_0_5r_after_1_0r,-1.0113091024143261
149,time_exit_after_4_bars_if_mfe_lt_0_3r,-0.8838423192631948
149,partial_50pct_at_1r,-1.0113091024143261
150,baseline,-1.0112946463967725
150,breakeven_after_0_5r,-1.0112946463967725
150,breakeven_after_1_0r,-1.0112946463967725
150,exit_at_first_0_5r,-1.0112946463967725
150,exit_at_first_1_0r,-1.0112946463967725
150,trail_0_5r_after_1_0r,-1.0112946463967725
150,time_exit_after_4_bars_if_mfe_lt_0_3r,-1.0112946463967725
150,partial_50pct_at_1r,-1.0112946463967725
151,baseline,0.5110281639551734
151,breakeven_after_0_5r,0.5110281639551734
151,breakeven_after_1_0r,0.5110281639551734
151,exit_at_first_0_5r,0.5
151,exit_at_first_1_0r,0.5110281639551734
151,trail_0_5r_after_1_0r,0.5110281639551734
151,time_exit_after_4_bars_if_mfe_lt_0_3r,0.5110281639551734
151,partial_50pct_at_1r,0.5110281639551734
152,baseline,-1.0111970352631932
152,breakeven_after_0_5r,-1.0111970352631932
152,breakeven_after_1_0r,-1.0111970352631932
152,exit_at_first_0_5r,-1.0111970352631932
152,exit_at_first_1_0r,-1.0111970352631932
152,trail_0_5r_after_1_0r,-1.0111970352631932
152,time_exit_after_4_bars_if_mfe_lt_0_3r,-0.1732381681533138
152,partial_50pct_at_1r,-1.0111970352631932
153,baseline,0.2627026235412355
153,breakeven_after_0_5r,0.2627026235412355
153,breakeven_after_1_0r,0.2627026235412355
153,exit_at_first_0_5r,0.5
153,exit_at_first_1_0r,0.2627026235412355
153,trail_0_5r_after_1_0r,0.2627026235412355
153,time_exit_after_4_bars_if_mfe_lt_0_3r,0.2627026235412355
153,partial_50pct_at_1r,0.2627026235412355
154,baseline,-1.012729179722449
154,breakeven_after_0_5r,-1.012729179722449
154,breakeven_after_1_0r,-1.012729179722449
154,exit_at_first_0_5r,-1.012729179722449
154,exit_at_first_1_0r,-1.012729179722449
154,trail_0_5r_after_1_0r,-1.012729179722449
154,time_exit_after_4_bars_if_mfe_lt_0_3r,-1.012729179722449
154,partial_50pct_at_1r,-1.012729179722449
155,baseline,-1.0123693755085375
155,breakeven_after_0_5r,-1.0123693755085375
155,breakeven_after_1_0r,-1.0123693755085375
155,exit_at_first_0_5r,-1.0123693755085375
155,exit_at_first_1_0r,-1.0123693755085375
155,trail_0_5r_after_1_0r,-1.0123693755085375
155,time_exit_after_4_bars_if_mfe_lt_0_3r,-0.03402386331600438
155,partial_50pct_at_1r,-1.0123693755085375
156,baseline,0.41706659015502556
156,breakeven_after_0_5r,0.0
156,breakeven_after_1_0r,0.41706659015502556
156,exit_at_first_0_5r,0.5
156,exit_at_first_1_0r,0.41706659015502556
156,trail_0_5r_after_1_0r,0.41706659015502556
156,time_exit_after_4_bars_if_mfe_lt_0_3r,-0.2709697085348785
156,partial_50pct_at_1r,0.41706659015502556
157,baseline,-1.0128030196636206
157,breakeven_after_0_5r,-1.0128030196636206
157,breakeven_after_1_0r,-1.0128030196636206
157,exit_at_first_0_5r,-1.0128030196636206
157,exit_at_first_1_0r,-1.0128030196636206
157,trail_0_5r_after_1_0r,-1.0128030196636206
157,time_exit_after_4_bars_if_mfe_lt_0_3r,-0.023962230326826706
157,partial_50pct_at_1r,-1.0128030196636206
158,baseline,2.4870338911127168
158,breakeven_after_0_5r,0.0
158,breakeven_after_1_0r,0.0
158,exit_at_first_0_5r,0.5
158,exit_at_first_1_0r,1.0
158,trail_0_5r_after_1_0r,4.992264149442936
158,time_exit_after_4_bars_if_mfe_lt_0_3r,2.4870338911127168
158,partial_50pct_at_1r,1.7435169455563584
159,baseline,1.0732131574191528
159,breakeven_after_0_5r,1.0732131574191528
159,breakeven_after_1_0r,1.0732131574191528
159,exit_at_first_0_5r,0.5
159,exit_at_first_1_0r,1.0
159,trail_0_5r_after_1_0r,0.5995337635831111
159,time_exit_after_4_bars_if_mfe_lt_0_3r,1.0732131574191528
159,partial_50pct_at_1r,1.0366065787095764
160,baseline,0.30784996938368164
160,breakeven_after_0_5r,0.0
160,breakeven_after_1_0r,0.30784996938368164
160,exit_at_first_0_5r,0.5
160,exit_at_first_1_0r,0.30784996938368164
160,trail_0_5r_after_1_0r,0.30784996938368164
160,time_exit_after_4_bars_if_mfe_lt_0_3r,0.30784996938368164
160,partial_50pct_at_1r,0.30784996938368164
161,baseline,0.3548116806774489
161,breakeven_after_0_5r,0.0
161,breakeven_after_1_0r,0.3548116806774489
161,exit_at_first_0_5r,0.5
161,exit_at_first_1_0r,0.3548116806774489
161,trail_0_5r_after_1_0r,0.3548116806774489
161,time_exit_after_4_bars_if_mfe_lt_0_3r,0.3548116806774489
161,partial_50pct_at_1r,0.3548116806774489
162,baseline,0.7481162789687256
162,breakeven_after_0_5r,0.0
162,breakeven_after_1_0r,0.0
162,exit_at_first_0_5r,0.5
162,exit_at_first_1_0r,1.0
162,trail_0_5r_after_1_0r,0.5079297931123234
162,time_exit_after_4_bars_if_mfe_lt_0_3r,0.7481162789687256
162,partial_50pct_at_1r,0.8740581394843627
163,baseline,0.12175158995994967
163,breakeven_after_0_5r,0.12175158995994967
163,breakeven_after_1_0r,0.12175158995994967
163,exit_at_first_0_5r,0.12175158995994967
163,exit_at_first_1_0r,0.12175158995994967
163,trail_0_5r_after_1_0r,0.12175158995994967
163,time_exit_after_4_bars_if_mfe_lt_0_3r,0.12175158995994967
163,partial_50pct_at_1r,0.12175158995994967
164,baseline,0.15256083211383586
164,breakeven_after_0_5r,0.0
164,breakeven_after_1_0r,0.15256083211383586
164,exit_at_first_0_5r,0.5
164,exit_at_first_1_0r,0.15256083211383586
164,trail_0_5r_after_1_0r,0.15256083211383586
164,time_exit_after_4_bars_if_mfe_lt_0_3r,0.15256083211383586
164,partial_50pct_at_1r,0.15256083211383586
165,baseline,-0.015548216231164208
165,breakeven_after_0_5r,-0.015548216231164208
165,breakeven_after_1_0r,-0.015548216231164208
165,exit_at_first_0_5r,-0.015548216231164208
165,exit_at_first_1_0r,-0.015548216231164208
165,trail_0_5r_after_1_0r,-0.015548216231164208
165,time_exit_after_4_bars_if_mfe_lt_0_3r,-0.015548216231164208
165,partial_50pct_at_1r,-0.015548216231164208
166,baseline,0.3144301176558719
166,breakeven_after_0_5r,0.0
166,breakeven_after_1_0r,0.3144301176558719
166,exit_at_first_0_5r,0.5
166,exit_at_first_1_0r,1.0
166,trail_0_5r_after_1_0r,0.7103582158072037
166,time_exit_after_4_bars_if_mfe_lt_0_3r,0.3144301176558719
166,partial_50pct_at_1r,0.657215058827936
167,baseline,0.612096901849714
167,breakeven_after_0_5r,0.612096901849714
167,breakeven_after_1_0r,0.612096901849714
167,exit_at_first_0_5r,0.5
167,exit_at_first_1_0r,1.0
167,trail_0_5r_after_1_0r,0.9748417460663932
167,time_exit_after_4_bars_if_mfe_lt_0_3r,0.612096901849714
167,partial_50pct_at_1r,0.806048450924857
168,baseline,2.489838515400291
168,breakeven_after_0_5r,0.0
168,breakeven_after_1_0r,2.489838515400291
168,exit_at_first_0_5r,0.5
168,exit_at_first_1_0r,1.0
168,trail_0_5r_after_1_0r,0.7980966949373405
168,time_exit_after_4_bars_if_mfe_lt_0_3r,2.489838515400291
168,partial_50pct_at_1r,1.7449192577001456
169,baseline,0.3072021398533421
169,breakeven_after_0_5r,0.0
169,breakeven_after_1_0r,0.3072021398533421
169,exit_at_first_0_5r,0.5
169,exit_at_first_1_0r,0.3072021398533421
169,trail_0_5r_after_1_0r,0.3072021398533421
169,time_exit_after_4_bars_if_mfe_lt_0_3r,0.3072021398533421
169,partial_50pct_at_1r,0.3072021398533421
170,baseline,0.18646896420664433
170,breakeven_after_0_5r,0.0
170,breakeven_after_1_0r,0.0
170,exit_at_first_0_5r,0.5
170,exit_at_first_1_0r,1.0
170,trail_0_5r_after_1_0r,0.5408938042596754
170,time_exit_after_4_bars_if_mfe_lt_0_3r,0.18646896420664433
170,partial_50pct_at_1r,0.5932344821033222
171,baseline,0.37542417659459004
171,breakeven_after_0_5r,0.0
171,breakeven_after_1_0r,0.37542417659459004
171,exit_at_first_0_5r,0.5
171,exit_at_first_1_0r,0.37542417659459004
171,trail_0_5r_after_1_0r,0.37542417659459004
171,time_exit_after_4_bars_if_mfe_lt_0_3r,0.37542417659459004
171,partial_50pct_at_1r,0.37542417659459004
172,baseline,1.3461969314523023
172,breakeven_after_0_5r,0.0
172,breakeven_after_1_0r,0.0
172,exit_at_first_0_5r,0.5
172,exit_at_first_1_0r,1.0
172,trail_0_5r_after_1_0r,1.1047874688349693
172,time_exit_after_4_bars_if_mfe_lt_0_3r,1.3461969314523023
172,partial_50pct_at_1r,1.1730984657261512
173,baseline,-0.09067666668652724
173,breakeven_after_0_5r,-0.09067666668652724
173,breakeven_after_1_0r,-0.09067666668652724
173,exit_at_first_0_5r,-0.09067666668652724
173,exit_at_first_1_0r,-0.09067666668652724
173,trail_0_5r_after_1_0r,-0.09067666668652724
173,time_exit_after_4_bars_if_mfe_lt_0_3r,-0.09067666668652724
173,partial_50pct_at_1r,-0.09067666668652724
174,baseline,-1.0084061117575527
174,breakeven_after_0_5r,-1.0084061117575527
174,breakeven_after_1_0r,-1.0084061117575527
174,exit_at_first_0_5r,-1.0084061117575527
174,exit_at_first_1_0r,-1.0084061117575527
174,trail_0_5r_after_1_0r,-1.0084061117575527
174,time_exit_after_4_bars_if_mfe_lt_0_3r,-0.919340702821757
174,partial_50pct_at_1r,-1.0084061117575527
175,baseline,-1.0085005953747543
175,breakeven_after_0_5r,-1.0085005953747543
175,breakeven_after_1_0r,-1.0085005953747543
175,exit_at_first_0_5r,-1.0085005953747543
175,exit_at_first_1_0r,-1.0085005953747543
175,trail_0_5r_after_1_0r,-1.0085005953747543
175,time_exit_after_4_bars_if_mfe_lt_0_3r,-0.9184038491520725
175,partial_50pct_at_1r,-1.0085005953747543
176,baseline,0.45449474896243874
176,breakeven_after_0_5r,0.45449474896243874
176,breakeven_after_1_0r,0.45449474896243874
176,exit_at_first_0_5r,0.5
176,exit_at_first_1_0r,0.45449474896243874
176,trail_0_5r_after_1_0r,0.45449474896243874
176,time_exit_after_4_bars_if_mfe_lt_0_3r,0.45449474896243874
176,partial_50pct_at_1r,0.45449474896243874
177,baseline,-1.009251996348288
177,breakeven_after_0_5r,-1.009251996348288
177,breakeven_after_1_0r,-1.009251996348288
177,exit_at_first_0_5r,-1.009251996348288
177,exit_at_first_1_0r,-1.009251996348288
177,trail_0_5r_after_1_0r,-1.009251996348288
177,time_exit_after_4_bars_if_mfe_lt_0_3r,-1.009251996348288
177,partial_50pct_at_1r,-1.009251996348288
178,baseline,0.919362910572623
178,breakeven_after_0_5r,0.0
178,breakeven_after_1_0r,0.919362910572623
178,exit_at_first_0_5r,0.5
178,exit_at_first_1_0r,1.0
178,trail_0_5r_after_1_0r,1.631016753576474
178,time_exit_after_4_bars_if_mfe_lt_0_3r,0.919362910572623
178,partial_50pct_at_1r,0.9596814552863115
179,baseline,0.31488460412972696
179,breakeven_after_0_5r,0.31488460412972696
179,breakeven_after_1_0r,0.31488460412972696
179,exit_at_first_0_5r,0.5
179,exit_at_first_1_0r,0.31488460412972696
179,trail_0_5r_after_1_0r,0.31488460412972696
179,time_exit_after_4_bars_if_mfe_lt_0_3r,-0.5641870429927739
179,partial_50pct_at_1r,0.31488460412972696
180,baseline,0.4230026490549776
180,breakeven_after_0_5r,0.0
180,breakeven_after_1_0r,0.4230026490549776
180,exit_at_first_0_5r,0.5
180,exit_at_first_1_0r,0.4230026490549776
180,trail_0_5r_after_1_0r,0.4230026490549776
180,time_exit_after_4_bars_if_mfe_lt_0_3r,0.4230026490549776
180,partial_50pct_at_1r,0.4230026490549776
181,baseline,0.4391817081314565
181,breakeven_after_0_5r,0.0
181,breakeven_after_1_0r,0.4391817081314565
181,exit_at_first_0_5r,0.5
181,exit_at_first_1_0r,0.4391817081314565
181,trail_0_5r_after_1_0r,0.4391817081314565
181,time_exit_after_4_bars_if_mfe_lt_0_3r,0.4391817081314565
181,partial_50pct_at_1r,0.4391817081314565
182,baseline,0.6177534279744842
182,breakeven_after_0_5r,0.0
182,breakeven_after_1_0r,0.0
182,exit_at_first_0_5r,0.5
182,exit_at_first_1_0r,1.0
182,trail_0_5r_after_1_0r,0.5645881812973568
182,time_exit_after_4_bars_if_mfe_lt_0_3r,-0.7019713843258867
182,partial_50pct_at_1r,0.8088767139872421
183,baseline,0.0747899773804822
183,breakeven_after_0_5r,0.0747899773804822
183,breakeven_after_1_0r,0.0747899773804822
183,exit_at_first_0_5r,0.0747899773804822
183,exit_at_first_1_0r,0.0747899773804822
183,trail_0_5r_after_1_0r,0.0747899773804822
183,time_exit_after_4_bars_if_mfe_lt_0_3r,0.0747899773804822
183,partial_50pct_at_1r,0.0747899773804822
184,baseline,0.19697787476817705
184,breakeven_after_0_5r,0.19697787476817705
184,breakeven_after_1_0r,0.19697787476817705
184,exit_at_first_0_5r,0.19697787476817705
184,exit_at_first_1_0r,0.19697787476817705
184,trail_0_5r_after_1_0r,0.19697787476817705
184,time_exit_after_4_bars_if_mfe_lt_0_3r,0.19697787476817705
184,partial_50pct_at_1r,0.19697787476817705
185,baseline,0.8326321853690477
185,breakeven_after_0_5r,0.0
185,breakeven_after_1_0r,0.8326321853690477
185,exit_at_first_0_5r,0.5
185,exit_at_first_1_0r,1.0
185,trail_0_5r_after_1_0r,0.6411064624706511
185,time_exit_after_4_bars_if_mfe_lt_0_3r,-0.12542333962501062
185,partial_50pct_at_1r,0.9163160926845239
186,baseline,-1.008289233047685
186,breakeven_after_0_5r,-1.008289233047685
186,breakeven_after_1_0r,-1.008289233047685
186,exit_at_first_0_5r,-1.008289233047685
186,exit_at_first_1_0r,-1.008289233047685
186,trail_0_5r_after_1_0r,-1.008289233047685
186,time_exit_after_4_bars_if_mfe_lt_0_3r,-1.008289233047685
186,partial_50pct_at_1r,-1.008289233047685
187,baseline,0.304013036985486
187,breakeven_after_0_5r,0.304013036985486
187,breakeven_after_1_0r,0.304013036985486
187,exit_at_first_0_5r,0.5
187,exit_at_first_1_0r,0.304013036985486
187,trail_0_5r_after_1_0r,0.304013036985486
187,time_exit_after_4_bars_if_mfe_lt_0_3r,0.304013036985486
187,partial_50pct_at_1r,0.304013036985486
188,baseline,0.6914438368998747
188,breakeven_after_0_5r,0.0
188,breakeven_after_1_0r,0.6914438368998747
188,exit_at_first_0_5r,0.5
188,exit_at_first_1_0r,1.0
188,trail_0_5r_after_1_0r,0.6914438368998747
188,time_exit_after_4_bars_if_mfe_lt_0_3r,0.6914438368998747
188,partial_50pct_at_1r,0.8457219184499374
189,baseline,0.6481696449729148
189,breakeven_after_0_5r,0.6481696449729148
189,breakeven_after_1_0r,0.6481696449729148
189,exit_at_first_0_5r,0.5
189,exit_at_first_1_0r,0.6481696449729148
189,trail_0_5r_after_1_0r,0.6481696449729148
189,time_exit_after_4_bars_if_mfe_lt_0_3r,0.6481696449729148
189,partial_50pct_at_1r,0.6481696449729148
190,baseline,-1.0104613454264648
190,breakeven_after_0_5r,0.0
190,breakeven_after_1_0r,-1.0104613454264648
190,exit_at_first_0_5r,0.5
190,exit_at_first_1_0r,-1.0104613454264648
190,trail_0_5r_after_1_0r,-1.0104613454264648
190,time_exit_after_4_bars_if_mfe_lt_0_3r,-1.0104613454264648
190,partial_50pct_at_1r,-1.0104613454264648
191,baseline,-0.21915239532238728
191,breakeven_after_0_5r,-0.21915239532238728
191,breakeven_after_1_0r,-0.21915239532238728
191,exit_at_first_0_5r,-0.21915239532238728
191,exit_at_first_1_0r,-0.21915239532238728
191,trail_0_5r_after_1_0r,-0.21915239532238728
191,time_exit_after_4_bars_if_mfe_lt_0_3r,-0.21915239532238728
191,partial_50pct_at_1r,-0.21915239532238728
192,baseline,1.0217338975554535
192,breakeven_after_0_5r,0.0
192,breakeven_after_1_0r,0.0
192,exit_at_first_0_5r,0.5
192,exit_at_first_1_0r,1.0
192,trail_0_5r_after_1_0r,0.7814160044608494
192,time_exit_after_4_bars_if_mfe_lt_0_3r,1.0217338975554535
192,partial_50pct_at_1r,1.0108669487777266
193,baseline,0.21075787100938528
193,breakeven_after_0_5r,0.21075787100938528
193,breakeven_after_1_0r,0.21075787100938528
193,exit_at_first_0_5r,0.21075787100938528
193,exit_at_first_1_0r,0.21075787100938528
193,trail_0_5r_after_1_0r,0.21075787100938528
193,time_exit_after_4_bars_if_mfe_lt_0_3r,0.21075787100938528
193,partial_50pct_at_1r,0.21075787100938528
194,baseline,-1.011254094860453
194,breakeven_after_0_5r,-1.011254094860453
194,breakeven_after_1_0r,-1.011254094860453
194,exit_at_first_0_5r,-1.011254094860453
194,exit_at_first_1_0r,-1.011254094860453
194,trail_0_5r_after_1_0r,-1.011254094860453
194,time_exit_after_4_bars_if_mfe_lt_0_3r,-0.6586373498063816
194,partial_50pct_at_1r,-1.011254094860453
195,baseline,0.19470262193919294
195,breakeven_after_0_5r,0.19470262193919294
195,breakeven_after_1_0r,0.19470262193919294
195,exit_at_first_0_5r,0.19470262193919294
195,exit_at_first_1_0r,0.19470262193919294
195,trail_0_5r_after_1_0r,0.19470262193919294
195,time_exit_after_4_bars_if_mfe_lt_0_3r,0.19470262193919294
195,partial_50pct_at_1r,0.19470262193919294
196,baseline,-1.012500421426031
196,breakeven_after_0_5r,-1.012500421426031
196,breakeven_after_1_0r,-1.012500421426031
196,exit_at_first_0_5r,-1.012500421426031
196,exit_at_first_1_0r,-1.012500421426031
196,trail_0_5r_after_1_0r,-1.012500421426031
196,time_exit_after_4_bars_if_mfe_lt_0_3r,-1.012500421426031
196,partial_50pct_at_1r,-1.012500421426031
197,baseline,0.3324299373915481
197,breakeven_after_0_5r,0.3324299373915481
197,breakeven_after_1_0r,0.3324299373915481
197,exit_at_first_0_5r,0.5
197,exit_at_first_1_0r,0.3324299373915481
197,trail_0_5r_after_1_0r,0.3324299373915481
197,time_exit_after_4_bars_if_mfe_lt_0_3r,0.3324299373915481
197,partial_50pct_at_1r,0.3324299373915481
198,baseline,0.42975584455023114
198,breakeven_after_0_5r,0.0
198,breakeven_after_1_0r,0.42975584455023114
198,exit_at_first_0_5r,0.5
198,exit_at_first_1_0r,0.42975584455023114
198,trail_0_5r_after_1_0r,0.42975584455023114
198,time_exit_after_4_bars_if_mfe_lt_0_3r,0.42975584455023114
198,partial_50pct_at_1r,0.42975584455023114
199,baseline,0.28534413636651523
199,breakeven_after_0_5r,0.0
199,breakeven_after_1_0r,0.28534413636651523
199,exit_at_first_0_5r,0.5
199,exit_at_first_1_0r,0.28534413636651523
199,trail_0_5r_after_1_0r,0.28534413636651523
199,time_exit_after_4_bars_if_mfe_lt_0_3r,0.28534413636651523
199,partial_50pct_at_1r,0.28534413636651523
200,baseline,0.6786301975593493
200,breakeven_after_0_5r,0.0
200,breakeven_after_1_0r,0.6786301975593493
200,exit_at_first_0_5r,0.5
200,exit_at_first_1_0r,1.0
200,trail_0_5r_after_1_0r,0.6737087967061159
200,time_exit_after_4_bars_if_mfe_lt_0_3r,0.6786301975593493
200,partial_50pct_at_1r,0.8393150987796747
201,baseline,0.21775565929249624
201,breakeven_after_0_5r,0.21775565929249624
201,breakeven_after_1_0r,0.21775565929249624
201,exit_at_first_0_5r,0.21775565929249624
201,exit_at_first_1_0r,0.21775565929249624
201,trail_0_5r_after_1_0r,0.21775565929249624
201,time_exit_after_4_bars_if_mfe_lt_0_3r,0.21775565929249624
201,partial_50pct_at_1r,0.21775565929249624
202,baseline,0.45245944005004324
202,breakeven_after_0_5r,0.0
202,breakeven_after_1_0r,0.45245944005004324
202,exit_at_first_0_5r,0.5
202,exit_at_first_1_0r,1.0
202,trail_0_5r_after_1_0r,0.6016886823530647
202,time_exit_after_4_bars_if_mfe_lt_0_3r,0.45245944005004324
202,partial_50pct_at_1r,0.7262297200250216
203,baseline,0.46806401225222033
203,breakeven_after_0_5r,0.0
203,breakeven_after_1_0r,0.46806401225222033
203,exit_at_first_0_5r,0.5
203,exit_at_first_1_0r,0.46806401225222033
203,trail_0_5r_after_1_0r,0.46806401225222033
203,time_exit_after_4_bars_if_mfe_lt_0_3r,0.46806401225222033
203,partial_50pct_at_1r,0.46806401225222033
204,baseline,-1.0134348953340175
204,breakeven_after_0_5r,-1.0134348953340175
204,breakeven_after_1_0r,-1.0134348953340175
204,exit_at_first_0_5r,-1.0134348953340175
204,exit_at_first_1_0r,-1.0134348953340175
204,trail_0_5r_after_1_0r,-1.0134348953340175
204,time_exit_after_4_bars_if_mfe_lt_0_3r,-0.3414544948221636
204,partial_50pct_at_1r,-1.0134348953340175
205,baseline,0.2305879608915412
205,breakeven_after_0_5r,0.2305879608915412
205,breakeven_after_1_0r,0.2305879608915412
205,exit_at_first_0_5r,0.5
205,exit_at_first_1_0r,0.2305879608915412
205,trail_0_5r_after_1_0r,0.2305879608915412
205,time_exit_after_4_bars_if_mfe_lt_0_3r,0.2305879608915412
205,partial_50pct_at_1r,0.2305879608915412
206,baseline,-1.012755670112278
206,breakeven_after_0_5r,-1.012755670112278
206,breakeven_after_1_0r,-1.012755670112278
206,exit_at_first_0_5r,-1.012755670112278
206,exit_at_first_1_0r,-1.012755670112278
206,trail_0_5r_after_1_0r,-1.012755670112278
206,time_exit_after_4_bars_if_mfe_lt_0_3r,-0.4254941389817107
206,partial_50pct_at_1r,-1.012755670112278
207,baseline,-1.0137013969023443
207,breakeven_after_0_5r,-1.0137013969023443
207,breakeven_after_1_0r,-1.0137013969023443
207,exit_at_first_0_5r,-1.0137013969023443
207,exit_at_first_1_0r,-1.0137013969023443
207,trail_0_5r_after_1_0r,-1.0137013969023443
207,time_exit_after_4_bars_if_mfe_lt_0_3r,-1.0137013969023443
207,partial_50pct_at_1r,-1.0137013969023443
208,baseline,0.18299113839214315
208,breakeven_after_0_5r,0.0
208,breakeven_after_1_0r,0.18299113839214315
208,exit_at_first_0_5r,0.5
208,exit_at_first_1_0r,0.18299113839214315
208,trail_0_5r_after_1_0r,0.18299113839214315
208,time_exit_after_4_bars_if_mfe_lt_0_3r,0.18299113839214315
208,partial_50pct_at_1r,0.18299113839214315
209,baseline,0.20842377595574646
209,breakeven_after_0_5r,0.20842377595574646
209,breakeven_after_1_0r,0.20842377595574646
209,exit_at_first_0_5r,0.5
209,exit_at_first_1_0r,0.20842377595574646
209,trail_0_5r_after_1_0r,0.20842377595574646
209,time_exit_after_4_bars_if_mfe_lt_0_3r,0.20842377595574646
209,partial_50pct_at_1r,0.20842377595574646
210,baseline,0.12977758206768014
210,breakeven_after_0_5r,0.0
210,breakeven_after_1_0r,0.12977758206768014
210,exit_at_first_0_5r,0.5
210,exit_at_first_1_0r,0.12977758206768014
210,trail_0_5r_after_1_0r,0.12977758206768014
210,time_exit_after_4_bars_if_mfe_lt_0_3r,-0.4254400353882658
210,partial_50pct_at_1r,0.12977758206768014
211,baseline,-1.0110721423910523
211,breakeven_after_0_5r,-1.0110721423910523
211,breakeven_after_1_0r,-1.0110721423910523
211,exit_at_first_0_5r,-1.0110721423910523
211,exit_at_first_1_0r,-1.0110721423910523
211,trail_0_5r_after_1_0r,-1.0110721423910523
211,time_exit_after_4_bars_if_mfe_lt_0_3r,-0.336028600638917
211,partial_50pct_at_1r,-1.0110721423910523
212,baseline,1.055618769899954
212,breakeven_after_0_5r,0.0
212,breakeven_after_1_0r,1.055618769899954
212,exit_at_first_0_5r,0.5
212,exit_at_first_1_0r,1.0
212,trail_0_5r_after_1_0r,1.5582867411915808
212,time_exit_after_4_bars_if_mfe_lt_0_3r,1.055618769899954
212,partial_50pct_at_1r,1.027809384949977
213,baseline,0.2366269341214425
213,breakeven_after_0_5r,0.0
213,breakeven_after_1_0r,0.2366269341214425
213,exit_at_first_0_5r,0.5
213,exit_at_first_1_0r,0.2366269341214425
213,trail_0_5r_after_1_0r,0.2366269341214425
213,time_exit_after_4_bars_if_mfe_lt_0_3r,0.2366269341214425
213,partial_50pct_at_1r,0.2366269341214425
214,baseline,0.3013008717561813
214,breakeven_after_0_5r,0.0
214,breakeven_after_1_0r,0.3013008717561813
214,exit_at_first_0_5r,0.5
214,exit_at_first_1_0r,0.3013008717561813
214,trail_0_5r_after_1_0r,0.3013008717561813
214,time_exit_after_4_bars_if_mfe_lt_0_3r,0.3013008717561813
214,partial_50pct_at_1r,0.3013008717561813
215,baseline,0.31662807954187705
215,breakeven_after_0_5r,0.31662807954187705
215,breakeven_after_1_0r,0.31662807954187705
215,exit_at_first_0_5r,0.5
215,exit_at_first_1_0r,1.0
215,trail_0_5r_after_1_0r,0.5118721353888447
215,time_exit_after_4_bars_if_mfe_lt_0_3r,0.31662807954187705
215,partial_50pct_at_1r,0.6583140397709385
216,baseline,1.105693407265542
216,breakeven_after_0_5r,0.0
216,breakeven_after_1_0r,1.105693407265542
216,exit_at_first_0_5r,0.5
216,exit_at_first_1_0r,1.0
216,trail_0_5r_after_1_0r,0.8662318345398909
216,time_exit_after_4_bars_if_mfe_lt_0_3r,1.105693407265542
216,partial_50pct_at_1r,1.0528467036327709
217,baseline,-1.0106540397251111
217,breakeven_after_0_5r,-1.0106540397251111
217,breakeven_after_1_0r,-1.0106540397251111
217,exit_at_first_0_5r,-1.0106540397251111
217,exit_at_first_1_0r,-1.0106540397251111
217,trail_0_5r_after_1_0r,-1.0106540397251111
217,time_exit_after_4_bars_if_mfe_lt_0_3r,-1.0106540397251111
217,partial_50pct_at_1r,-1.0106540397251111
218,baseline,0.1781677635156887
218,breakeven_after_0_5r,0.1781677635156887
218,breakeven_after_1_0r,0.1781677635156887
218,exit_at_first_0_5r,0.1781677635156887
218,exit_at_first_1_0r,0.1781677635156887
218,trail_0_5r_after_1_0r,0.1781677635156887
218,time_exit_after_4_bars_if_mfe_lt_0_3r,0.1781677635156887
218,partial_50pct_at_1r,0.1781677635156887
219,baseline,-1.0101567151604045
219,breakeven_after_0_5r,-1.0101567151604045
219,breakeven_after_1_0r,-1.0101567151604045
219,exit_at_first_0_5r,-1.0101567151604045
219,exit_at_first_1_0r,-1.0101567151604045
219,trail_0_5r_after_1_0r,-1.0101567151604045
219,time_exit_after_4_bars_if_mfe_lt_0_3r,-0.22988516573328235
219,partial_50pct_at_1r,-1.0101567151604045
220,baseline,1.0086650315433836
220,breakeven_after_0_5r,1.0086650315433836
220,breakeven_after_1_0r,1.0086650315433836
220,exit_at_first_0_5r,0.5
220,exit_at_first_1_0r,1.0
220,trail_0_5r_after_1_0r,1.0015874125893858
220,time_exit_after_4_bars_if_mfe_lt_0_3r,1.0086650315433836
220,partial_50pct_at_1r,1.0043325157716918
221,baseline,0.10610891968255562
221,breakeven_after_0_5r,0.0
221,breakeven_after_1_0r,0.10610891968255562
221,exit_at_first_0_5r,0.5
221,exit_at_first_1_0r,0.10610891968255562
221,trail_0_5r_after_1_0r,0.10610891968255562
221,time_exit_after_4_bars_if_mfe_lt_0_3r,0.10610891968255562
221,partial_50pct_at_1r,0.10610891968255562
222,baseline,0.7802923169030342
222,breakeven_after_0_5r,0.7802923169030342
222,breakeven_after_1_0r,0.7802923169030342
222,exit_at_first_0_5r,0.5
222,exit_at_first_1_0r,1.0
222,trail_0_5r_after_1_0r,0.8108676051163708
222,time_exit_after_4_bars_if_mfe_lt_0_3r,0.7802923169030342
222,partial_50pct_at_1r,0.8901461584515171
223,baseline,0.2914314496577405
223,breakeven_after_0_5r,0.0
223,breakeven_after_1_0r,0.2914314496577405
223,exit_at_first_0_5r,0.5
223,exit_at_first_1_0r,0.2914314496577405
223,trail_0_5r_after_1_0r,0.2914314496577405
223,time_exit_after_4_bars_if_mfe_lt_0_3r,0.2914314496577405
223,partial_50pct_at_1r,0.2914314496577405
224,baseline,0.26698166722376576
224,breakeven_after_0_5r,0.0
224,breakeven_after_1_0r,0.26698166722376576
224,exit_at_first_0_5r,0.5
224,exit_at_first_1_0r,0.26698166722376576
224,trail_0_5r_after_1_0r,0.26698166722376576
224,time_exit_after_4_bars_if_mfe_lt_0_3r,-0.5394095116004204
224,partial_50pct_at_1r,0.26698166722376576
225,baseline,0.24062781050813217
225,breakeven_after_0_5r,0.0
225,breakeven_after_1_0r,0.24062781050813217
225,exit_at_first_0_5r,0.5
225,exit_at_first_1_0r,0.24062781050813217
225,trail_0_5r_after_1_0r,0.24062781050813217
225,time_exit_after_4_bars_if_mfe_lt_0_3r,0.24062781050813217
225,partial_50pct_at_1r,0.24062781050813217
226,baseline,0.9602263644943303
226,breakeven_after_0_5r,0.9602263644943303
226,breakeven_after_1_0r,0.9602263644943303
226,exit_at_first_0_5r,0.5
226,exit_at_first_1_0r,1.0
226,trail_0_5r_after_1_0r,0.9602263644943303
226,time_exit_after_4_bars_if_mfe_lt_0_3r,0.9602263644943303
226,partial_50pct_at_1r,0.9801131822471651
227,baseline,0.29579688299057866
227,breakeven_after_0_5r,0.0
227,breakeven_after_1_0r,0.29579688299057866
227,exit_at_first_0_5r,0.5
227,exit_at_first_1_0r,0.29579688299057866
227,trail_0_5r_after_1_0r,0.29579688299057866
227,time_exit_after_4_bars_if_mfe_lt_0_3r,0.29579688299057866
227,partial_50pct_at_1r,0.29579688299057866
228,baseline,-1.0160123056568495
228,breakeven_after_0_5r,-1.0160123056568495
228,breakeven_after_1_0r,-1.0160123056568495
228,exit_at_first_0_5r,-1.0160123056568495
228,exit_at_first_1_0r,-1.0160123056568495
228,trail_0_5r_after_1_0r,-1.0160123056568495
228,time_exit_after_4_bars_if_mfe_lt_0_3r,-1.0160123056568495
228,partial_50pct_at_1r,-1.0160123056568495
229,baseline,0.535960269518865
229,breakeven_after_0_5r,0.0
229,breakeven_after_1_0r,0.535960269518865
229,exit_at_first_0_5r,0.5
229,exit_at_first_1_0r,0.535960269518865
229,trail_0_5r_after_1_0r,0.535960269518865
229,time_exit_after_4_bars_if_mfe_lt_0_3r,0.535960269518865
229,partial_50pct_at_1r,0.535960269518865
230,baseline,0.31132818817924646
230,breakeven_after_0_5r,0.31132818817924646
230,breakeven_after_1_0r,0.31132818817924646
230,exit_at_first_0_5r,0.5
230,exit_at_first_1_0r,0.31132818817924646
230,trail_0_5r_after_1_0r,0.31132818817924646
230,time_exit_after_4_bars_if_mfe_lt_0_3r,0.31132818817924646
230,partial_50pct_at_1r,0.31132818817924646
231,baseline,0.42330533779045004
231,breakeven_after_0_5r,0.0
231,breakeven_after_1_0r,0.42330533779045004
231,exit_at_first_0_5r,0.5
231,exit_at_first_1_0r,1.0
231,trail_0_5r_after_1_0r,0.6301955350566539
231,time_exit_after_4_bars_if_mfe_lt_0_3r,0.42330533779045004
231,partial_50pct_at_1r,0.711652668895225
232,baseline,-0.07276379279269188
232,breakeven_after_0_5r,-0.07276379279269188
232,breakeven_after_1_0r,-0.07276379279269188
232,exit_at_first_0_5r,-0.07276379279269188
232,exit_at_first_1_0r,-0.07276379279269188
232,trail_0_5r_after_1_0r,-0.07276379279269188
232,time_exit_after_4_bars_if_mfe_lt_0_3r,-0.6786497875314769
232,partial_50pct_at_1r,-0.07276379279269188
233,baseline,0.43779700222749107
233,breakeven_after_0_5r,0.0
233,breakeven_after_1_0r,0.43779700222749107
233,exit_at_first_0_5r,0.5
233,exit_at_first_1_0r,0.43779700222749107
233,trail_0_5r_after_1_0r,0.43779700222749107
233,time_exit_after_4_bars_if_mfe_lt_0_3r,0.43779700222749107
233,partial_50pct_at_1r,0.43779700222749107
234,baseline,0.5930022608389129
234,breakeven_after_0_5r,0.0
234,breakeven_after_1_0r,0.5930022608389129
234,exit_at_first_0_5r,0.5
234,exit_at_first_1_0r,0.5930022608389129
234,trail_0_5r_after_1_0r,0.5930022608389129
234,time_exit_after_4_bars_if_mfe_lt_0_3r,0.5930022608389129
234,partial_50pct_at_1r,0.5930022608389129
235,baseline,0.1537493299368073
235,breakeven_after_0_5r,0.1537493299368073
235,breakeven_after_1_0r,0.1537493299368073
235,exit_at_first_0_5r,0.1537493299368073
235,exit_at_first_1_0r,0.1537493299368073
235,trail_0_5r_after_1_0r,0.1537493299368073
235,time_exit_after_4_bars_if_mfe_lt_0_3r,0.1537493299368073
235,partial_50pct_at_1r,0.1537493299368073
236,baseline,0.16836028292542876
236,breakeven_after_0_5r,0.16836028292542876
236,breakeven_after_1_0r,0.16836028292542876
236,exit_at_first_0_5r,0.16836028292542876
236,exit_at_first_1_0r,0.16836028292542876
236,trail_0_5r_after_1_0r,0.16836028292542876
236,time_exit_after_4_bars_if_mfe_lt_0_3r,0.16836028292542876
236,partial_50pct_at_1r,0.16836028292542876
237,baseline,-1.011581242633923
237,breakeven_after_0_5r,-1.011581242633923
237,breakeven_after_1_0r,-1.011581242633923
237,exit_at_first_0_5r,-1.011581242633923
237,exit_at_first_1_0r,-1.011581242633923
237,trail_0_5r_after_1_0r,-1.011581242633923
237,time_exit_after_4_bars_if_mfe_lt_0_3r,-1.011581242633923
237,partial_50pct_at_1r,-1.011581242633923
238,baseline,0.05864777757144494
238,breakeven_after_0_5r,0.0
238,breakeven_after_1_0r,0.05864777757144494
238,exit_at_first_0_5r,0.5
238,exit_at_first_1_0r,0.05864777757144494
238,trail_0_5r_after_1_0r,0.05864777757144494
238,time_exit_after_4_bars_if_mfe_lt_0_3r,0.05864777757144494
238,partial_50pct_at_1r,0.05864777757144494
239,baseline,0.38645752379901643
239,breakeven_after_0_5r,0.38645752379901643
239,breakeven_after_1_0r,0.38645752379901643
239,exit_at_first_0_5r,0.5
239,exit_at_first_1_0r,0.38645752379901643
239,trail_0_5r_after_1_0r,0.38645752379901643
239,time_exit_after_4_bars_if_mfe_lt_0_3r,-0.08430359127910776
239,partial_50pct_at_1r,0.38645752379901643
240,baseline,0.13715730093002496
240,breakeven_after_0_5r,0.13715730093002496
240,breakeven_after_1_0r,0.13715730093002496
240,exit_at_first_0_5r,0.5
240,exit_at_first_1_0r,0.13715730093002496
240,trail_0_5r_after_1_0r,0.13715730093002496
240,time_exit_after_4_bars_if_mfe_lt_0_3r,0.13715730093002496
240,partial_50pct_at_1r,0.13715730093002496
241,baseline,0.0528476255255386
241,breakeven_after_0_5r,0.0528476255255386
241,breakeven_after_1_0r,0.0528476255255386
241,exit_at_first_0_5r,0.0528476255255386
241,exit_at_first_1_0r,0.0528476255255386
241,trail_0_5r_after_1_0r,0.0528476255255386
241,time_exit_after_4_bars_if_mfe_lt_0_3r,0.0528476255255386
241,partial_50pct_at_1r,0.0528476255255386
242,baseline,-1.0117733196727128
242,breakeven_after_0_5r,-1.0117733196727128
242,breakeven_after_1_0r,-1.0117733196727128
242,exit_at_first_0_5r,-1.0117733196727128
242,exit_at_first_1_0r,-1.0117733196727128
242,trail_0_5r_after_1_0r,-1.0117733196727128
242,time_exit_after_4_bars_if_mfe_lt_0_3r,-1.0117733196727128
242,partial_50pct_at_1r,-1.0117733196727128
243,baseline,0.7495965257618866
243,breakeven_after_0_5r,0.0
243,breakeven_after_1_0r,0.0
243,exit_at_first_0_5r,0.5
243,exit_at_first_1_0r,1.0
243,trail_0_5r_after_1_0r,0.6433030027141837
243,time_exit_after_4_bars_if_mfe_lt_0_3r,0.7495965257618866
243,partial_50pct_at_1r,0.8747982628809433
244,baseline,0.01926152829585534
244,breakeven_after_0_5r,0.0
244,breakeven_after_1_0r,0.01926152829585534
244,exit_at_first_0_5r,0.5
244,exit_at_first_1_0r,0.01926152829585534
244,trail_0_5r_after_1_0r,0.01926152829585534
244,time_exit_after_4_bars_if_mfe_lt_0_3r,0.01926152829585534
244,partial_50pct_at_1r,0.01926152829585534
245,baseline,-0.2283760520349732
245,breakeven_after_0_5r,-0.2283760520349732
245,breakeven_after_1_0r,-0.2283760520349732
245,exit_at_first_0_5r,-0.2283760520349732
245,exit_at_first_1_0r,-0.2283760520349732
245,trail_0_5r_after_1_0r,-0.2283760520349732
245,time_exit_after_4_bars_if_mfe_lt_0_3r,-0.2283760520349732
245,partial_50pct_at_1r,-0.2283760520349732
246,baseline,0.3925616088398264
246,breakeven_after_0_5r,0.3925616088398264
246,breakeven_after_1_0r,0.3925616088398264
246,exit_at_first_0_5r,0.5
246,exit_at_first_1_0r,0.3925616088398264
246,trail_0_5r_after_1_0r,0.3925616088398264
246,time_exit_after_4_bars_if_mfe_lt_0_3r,0.3925616088398264
246,partial_50pct_at_1r,0.3925616088398264
247,baseline,-1.0101079830186475
247,breakeven_after_0_5r,-1.0101079830186475
247,breakeven_after_1_0r,-1.0101079830186475
247,exit_at_first_0_5r,-1.0101079830186475
247,exit_at_first_1_0r,-1.0101079830186475
247,trail_0_5r_after_1_0r,-1.0101079830186475
247,time_exit_after_4_bars_if_mfe_lt_0_3r,-0.47032833476971403
247,partial_50pct_at_1r,-1.0101079830186475
248,baseline,0.365976496383552
248,breakeven_after_0_5r,0.0
248,breakeven_after_1_0r,0.365976496383552
248,exit_at_first_0_5r,0.5
248,exit_at_first_1_0r,0.365976496383552
248,trail_0_5r_after_1_0r,0.365976496383552
248,time_exit_after_4_bars_if_mfe_lt_0_3r,0.365976496383552
248,partial_50pct_at_1r,0.365976496383552
249,baseline,0.5450305672547735
249,breakeven_after_0_5r,0.0
249,breakeven_after_1_0r,0.5450305672547735
249,exit_at_first_0_5r,0.5
249,exit_at_first_1_0r,0.5450305672547735
249,trail_0_5r_after_1_0r,0.5450305672547735
249,time_exit_after_4_bars_if_mfe_lt_0_3r,0.5450305672547735
249,partial_50pct_at_1r,0.5450305672547735
250,baseline,0.43761753565312644
250,breakeven_after_0_5r,0.0
250,breakeven_after_1_0r,0.43761753565312644
250,exit_at_first_0_5r,0.5
250,exit_at_first_1_0r,0.43761753565312644
250,trail_0_5r_after_1_0r,0.43761753565312644
250,time_exit_after_4_bars_if_mfe_lt_0_3r,0.43761753565312644
250,partial_50pct_at_1r,0.43761753565312644
251,baseline,-1.0102191285650874
251,breakeven_after_0_5r,-1.0102191285650874
251,breakeven_after_1_0r,-1.0102191285650874
251,exit_at_first_0_5r,-1.0102191285650874
251,exit_at_first_1_0r,-1.0102191285650874
251,trail_0_5r_after_1_0r,-1.0102191285650874
251,time_exit_after_4_bars_if_mfe_lt_0_3r,-0.80957262560031
251,partial_50pct_at_1r,-1.0102191285650874
252,baseline,0.43345496505093556
252,breakeven_after_0_5r,0.43345496505093556
252,breakeven_after_1_0r,0.43345496505093556
252,exit_at_first_0_5r,0.5
252,exit_at_first_1_0r,0.43345496505093556
252,trail_0_5r_after_1_0r,0.43345496505093556
252,time_exit_after_4_bars_if_mfe_lt_0_3r,0.43345496505093556
252,partial_50pct_at_1r,0.43345496505093556
253,baseline,-1.0095532932710316
253,breakeven_after_0_5r,-1.0095532932710316
253,breakeven_after_1_0r,-1.0095532932710316
253,exit_at_first_0_5r,-1.0095532932710316
253,exit_at_first_1_0r,-1.0095532932710316
253,trail_0_5r_after_1_0r,-1.0095532932710316
253,time_exit_after_4_bars_if_mfe_lt_0_3r,-1.0095532932710316
253,partial_50pct_at_1r,-1.0095532932710316
254,baseline,0.2344715287329309
254,breakeven_after_0_5r,0.0
254,breakeven_after_1_0r,0.2344715287329309
254,exit_at_first_0_5r,0.5
254,exit_at_first_1_0r,0.2344715287329309
254,trail_0_5r_after_1_0r,0.2344715287329309
254,time_exit_after_4_bars_if_mfe_lt_0_3r,0.2344715287329309
254,partial_50pct_at_1r,0.2344715287329309
255,baseline,-1.008926788750872
255,breakeven_after_0_5r,-1.008926788750872
255,breakeven_after_1_0r,-1.008926788750872
255,exit_at_first_0_5r,-1.008926788750872
255,exit_at_first_1_0r,-1.008926788750872
255,trail_0_5r_after_1_0r,-1.008926788750872
255,time_exit_after_4_bars_if_mfe_lt_0_3r,-1.008926788750872
255,partial_50pct_at_1r,-1.008926788750872
256,baseline,0.1501289297423307
256,breakeven_after_0_5r,0.1501289297423307
256,breakeven_after_1_0r,0.1501289297423307
256,exit_at_first_0_5r,0.1501289297423307
256,exit_at_first_1_0r,0.1501289297423307
256,trail_0_5r_after_1_0r,0.1501289297423307
256,time_exit_after_4_bars_if_mfe_lt_0_3r,0.1501289297423307
256,partial_50pct_at_1r,0.1501289297423307
257,baseline,-1.0093046500727403
257,breakeven_after_0_5r,-1.0093046500727403
257,breakeven_after_1_0r,-1.0093046500727403
257,exit_at_first_0_5r,-1.0093046500727403
257,exit_at_first_1_0r,-1.0093046500727403
257,trail_0_5r_after_1_0r,-1.0093046500727403
257,time_exit_after_4_bars_if_mfe_lt_0_3r,-0.29542649319837766
257,partial_50pct_at_1r,-1.0093046500727403
258,baseline,0.08894715244911874
258,breakeven_after_0_5r,0.08894715244911874
258,breakeven_after_1_0r,0.08894715244911874
258,exit_at_first_0_5r,0.08894715244911874
258,exit_at_first_1_0r,0.08894715244911874
258,trail_0_5r_after_1_0r,0.08894715244911874
258,time_exit_after_4_bars_if_mfe_lt_0_3r,0.08894715244911874
258,partial_50pct_at_1r,0.08894715244911874
259,baseline,-0.06475257765092683
259,breakeven_after_0_5r,0.0
259,breakeven_after_1_0r,-0.06475257765092683
259,exit_at_first_0_5r,0.5
259,exit_at_first_1_0r,-0.06475257765092683
259,trail_0_5r_after_1_0r,-0.06475257765092683
259,time_exit_after_4_bars_if_mfe_lt_0_3r,-0.06475257765092683
259,partial_50pct_at_1r,-0.06475257765092683
260,baseline,1.6187997256833366
260,breakeven_after_0_5r,1.6187997256833366
260,breakeven_after_1_0r,1.6187997256833366
260,exit_at_first_0_5r,0.5
260,exit_at_first_1_0r,1.0
260,trail_0_5r_after_1_0r,1.1803516385954973
260,time_exit_after_4_bars_if_mfe_lt_0_3r,1.6187997256833366
260,partial_50pct_at_1r,1.3093998628416683
261,baseline,-1.011537807482896
261,breakeven_after_0_5r,0.0
261,breakeven_after_1_0r,-1.011537807482896
261,exit_at_first_0_5r,0.5
261,exit_at_first_1_0r,-1.011537807482896
261,trail_0_5r_after_1_0r,-1.011537807482896
261,time_exit_after_4_bars_if_mfe_lt_0_3r,-0.12564995897517875
261,partial_50pct_at_1r,-1.011537807482896
262,baseline,0.425650397155758
262,breakeven_after_0_5r,0.0
262,breakeven_after_1_0r,0.425650397155758
262,exit_at_first_0_5r,0.5
262,exit_at_first_1_0r,0.425650397155758
262,trail_0_5r_after_1_0r,0.425650397155758
262,time_exit_after_4_bars_if_mfe_lt_0_3r,0.425650397155758
262,partial_50pct_at_1r,0.425650397155758
263,baseline,0.2544183359591439
263,breakeven_after_0_5r,0.0
263,breakeven_after_1_0r,0.2544183359591439
263,exit_at_first_0_5r,0.5
263,exit_at_first_1_0r,0.2544183359591439
263,trail_0_5r_after_1_0r,0.2544183359591439
263,time_exit_after_4_bars_if_mfe_lt_0_3r,-0.44310080859094386
263,partial_50pct_at_1r,0.2544183359591439
264,baseline,0.3865066298325421
264,breakeven_after_0_5r,0.3865066298325421
264,breakeven_after_1_0r,0.3865066298325421
264,exit_at_first_0_5r,0.5
264,exit_at_first_1_0r,0.3865066298325421
264,trail_0_5r_after_1_0r,0.3865066298325421
264,time_exit_after_4_bars_if_mfe_lt_0_3r,0.3865066298325421
264,partial_50pct_at_1r,0.3865066298325421
265,baseline,0.3190251801696989
265,breakeven_after_0_5r,0.3190251801696989
265,breakeven_after_1_0r,0.3190251801696989
265,exit_at_first_0_5r,0.5
265,exit_at_first_1_0r,0.3190251801696989
265,trail_0_5r_after_1_0r,0.3190251801696989
265,time_exit_after_4_bars_if_mfe_lt_0_3r,0.3190251801696989
265,partial_50pct_at_1r,0.3190251801696989
266,baseline,0.0799592966191805
266,breakeven_after_0_5r,0.0
266,breakeven_after_1_0r,0.0799592966191805
266,exit_at_first_0_5r,0.5
266,exit_at_first_1_0r,0.0799592966191805
266,trail_0_5r_after_1_0r,0.0799592966191805
266,time_exit_after_4_bars_if_mfe_lt_0_3r,0.12139466933858703
266,partial_50pct_at_1r,0.0799592966191805
267,baseline,-1.0195361651330244
267,breakeven_after_0_5r,-1.0195361651330244
267,breakeven_after_1_0r,-1.0195361651330244
267,exit_at_first_0_5r,-1.0195361651330244
267,exit_at_first_1_0r,-1.0195361651330244
267,trail_0_5r_after_1_0r,-1.0195361651330244
267,time_exit_after_4_bars_if_mfe_lt_0_3r,-1.0195361651330244
267,partial_50pct_at_1r,-1.0195361651330244
268,baseline,0.16499152559361616
268,breakeven_after_0_5r,0.16499152559361616
268,breakeven_after_1_0r,0.16499152559361616
268,exit_at_first_0_5r,0.16499152559361616
268,exit_at_first_1_0r,0.16499152559361616
268,trail_0_5r_after_1_0r,0.16499152559361616
268,time_exit_after_4_bars_if_mfe_lt_0_3r,0.16499152559361616
268,partial_50pct_at_1r,0.16499152559361616
269,baseline,0.18868977888286861
269,breakeven_after_0_5r,0.18868977888286861
269,breakeven_after_1_0r,0.18868977888286861
269,exit_at_first_0_5r,0.18868977888286861
269,exit_at_first_1_0r,0.18868977888286861
269,trail_0_5r_after_1_0r,0.18868977888286861
269,time_exit_after_4_bars_if_mfe_lt_0_3r,0.18868977888286861
269,partial_50pct_at_1r,0.18868977888286861
270,baseline,0.14876541693448678
270,breakeven_after_0_5r,0.14876541693448678
270,breakeven_after_1_0r,0.14876541693448678
270,exit_at_first_0_5r,0.5
270,exit_at_first_1_0r,0.14876541693448678
270,trail_0_5r_after_1_0r,0.14876541693448678
270,time_exit_after_4_bars_if_mfe_lt_0_3r,0.14876541693448678
270,partial_50pct_at_1r,0.14876541693448678
271,baseline,-1.0190323823096317
271,breakeven_after_0_5r,-1.0190323823096317
271,breakeven_after_1_0r,-1.0190323823096317
271,exit_at_first_0_5r,-1.0190323823096317
271,exit_at_first_1_0r,-1.0190323823096317
271,trail_0_5r_after_1_0r,-1.0190323823096317
271,time_exit_after_4_bars_if_mfe_lt_0_3r,-1.0190323823096317
271,partial_50pct_at_1r,-1.0190323823096317
272,baseline,0.3441434684227745
272,breakeven_after_0_5r,0.3441434684227745
272,breakeven_after_1_0r,0.3441434684227745
272,exit_at_first_0_5r,0.5
272,exit_at_first_1_0r,0.3441434684227745
272,trail_0_5r_after_1_0r,0.3441434684227745
272,time_exit_after_4_bars_if_mfe_lt_0_3r,0.023696748627543795
272,partial_50pct_at_1r,0.3441434684227745
273,baseline,0.5203724683998514
273,breakeven_after_0_5r,0.0
273,breakeven_after_1_0r,0.5203724683998514
273,exit_at_first_0_5r,0.5
273,exit_at_first_1_0r,0.5203724683998514
273,trail_0_5r_after_1_0r,0.5203724683998514
273,time_exit_after_4_bars_if_mfe_lt_0_3r,0.5203724683998514
273,partial_50pct_at_1r,0.5203724683998514
274,baseline,0.3267050526397078
274,breakeven_after_0_5r,0.0
274,breakeven_after_1_0r,0.3267050526397078
274,exit_at_first_0_5r,0.5
274,exit_at_first_1_0r,0.3267050526397078
274,trail_0_5r_after_1_0r,0.3267050526397078
274,time_exit_after_4_bars_if_mfe_lt_0_3r,0.3267050526397078
274,partial_50pct_at_1r,0.3267050526397078
275,baseline,0.03148336960608795
275,breakeven_after_0_5r,0.03148336960608795
275,breakeven_after_1_0r,0.03148336960608795
275,exit_at_first_0_5r,0.03148336960608795
275,exit_at_first_1_0r,0.03148336960608795
275,trail_0_5r_after_1_0r,0.03148336960608795
275,time_exit_after_4_bars_if_mfe_lt_0_3r,-0.31246553620757844
275,partial_50pct_at_1r,0.03148336960608795
276,baseline,-1.027192300449414
276,breakeven_after_0_5r,-1.027192300449414
276,breakeven_after_1_0r,-1.027192300449414
276,exit_at_first_0_5r,-1.027192300449414
276,exit_at_first_1_0r,-1.027192300449414
276,trail_0_5r_after_1_0r,-1.027192300449414
276,time_exit_after_4_bars_if_mfe_lt_0_3r,-0.9208382144995493
276,partial_50pct_at_1r,-1.027192300449414
277,baseline,0.35629577244002
277,breakeven_after_0_5r,0.0
277,breakeven_after_1_0r,0.35629577244002
277,exit_at_first_0_5r,0.5
277,exit_at_first_1_0r,0.35629577244002
277,trail_0_5r_after_1_0r,0.35629577244002
277,time_exit_after_4_bars_if_mfe_lt_0_3r,0.35629577244002
277,partial_50pct_at_1r,0.35629577244002
278,baseline,-0.02617586312212016
278,breakeven_after_0_5r,-0.02617586312212016
278,breakeven_after_1_0r,-0.02617586312212016
278,exit_at_first_0_5r,-0.02617586312212016
278,exit_at_first_1_0r,-0.02617586312212016
278,trail_0_5r_after_1_0r,-0.02617586312212016
278,time_exit_after_4_bars_if_mfe_lt_0_3r,-0.012858198416022027
278,partial_50pct_at_1r,-0.02617586312212016
279,baseline,-1.024172850513504
279,breakeven_after_0_5r,-1.024172850513504
279,breakeven_after_1_0r,-1.024172850513504
279,exit_at_first_0_5r,-1.024172850513504
279,exit_at_first_1_0r,-1.024172850513504
279,trail_0_5r_after_1_0r,-1.024172850513504
279,time_exit_after_4_bars_if_mfe_lt_0_3r,-1.0759849121625304
279,partial_50pct_at_1r,-1.024172850513504
280,baseline,0.19371853480343892
280,breakeven_after_0_5r,0.19371853480343892
280,breakeven_after_1_0r,0.19371853480343892
280,exit_at_first_0_5r,0.19371853480343892
280,exit_at_first_1_0r,0.19371853480343892
280,trail_0_5r_after_1_0r,0.19371853480343892
280,time_exit_after_4_bars_if_mfe_lt_0_3r,0.19371853480343892
280,partial_50pct_at_1r,0.19371853480343892
281,baseline,0.2219526411430935
281,breakeven_after_0_5r,0.2219526411430935
281,breakeven_after_1_0r,0.2219526411430935
281,exit_at_first_0_5r,0.5
281,exit_at_first_1_0r,0.2219526411430935
281,trail_0_5r_after_1_0r,0.2219526411430935
281,time_exit_after_4_bars_if_mfe_lt_0_3r,0.2219526411430935
281,partial_50pct_at_1r,0.2219526411430935
282,baseline,-1.0226468900389414
282,breakeven_after_0_5r,-1.0226468900389414
282,breakeven_after_1_0r,-1.0226468900389414
282,exit_at_first_0_5r,-1.0226468900389414
282,exit_at_first_1_0r,-1.0226468900389414
282,trail_0_5r_after_1_0r,-1.0226468900389414
282,time_exit_after_4_bars_if_mfe_lt_0_3r,-1.0226468900389414
282,partial_50pct_at_1r,-1.0226468900389414
283,baseline,0.3553606761994983
283,breakeven_after_0_5r,0.0
283,breakeven_after_1_0r,0.3553606761994983
283,exit_at_first_0_5r,0.5
283,exit_at_first_1_0r,0.3553606761994983
283,trail_0_5r_after_1_0r,0.3553606761994983
283,time_exit_after_4_bars_if_mfe_lt_0_3r,0.3553606761994983
283,partial_50pct_at_1r,0.3553606761994983
284,baseline,-1.0158433577461934
284,breakeven_after_0_5r,-1.0158433577461934
284,breakeven_after_1_0r,-1.0158433577461934
284,exit_at_first_0_5r,-1.0158433577461934
284,exit_at_first_1_0r,-1.0158433577461934
284,trail_0_5r_after_1_0r,-1.0158433577461934
284,time_exit_after_4_bars_if_mfe_lt_0_3r,-1.0158433577461934
284,partial_50pct_at_1r,-1.0158433577461934
285,baseline,-1.0152590274123854
285,breakeven_after_0_5r,-1.0152590274123854
285,breakeven_after_1_0r,-1.0152590274123854
285,exit_at_first_0_5r,-1.0152590274123854
285,exit_at_first_1_0r,-1.0152590274123854
285,trail_0_5r_after_1_0r,-1.0152590274123854
285,time_exit_after_4_bars_if_mfe_lt_0_3r,-1.0152590274123854
285,partial_50pct_at_1r,-1.0152590274123854
286,baseline,-1.0149830663757338
286,breakeven_after_0_5r,-1.0149830663757338
286,breakeven_after_1_0r,-1.0149830663757338
286,exit_at_first_0_5r,-1.0149830663757338
286,exit_at_first_1_0r,-1.0149830663757338
286,trail_0_5r_after_1_0r,-1.0149830663757338
286,time_exit_after_4_bars_if_mfe_lt_0_3r,0.06940085556367398
286,partial_50pct_at_1r,-1.0149830663757338
287,baseline,0.349840050133483
287,breakeven_after_0_5r,0.0
287,breakeven_after_1_0r,0.349840050133483
287,exit_at_first_0_5r,0.5
287,exit_at_first_1_0r,0.349840050133483
287,trail_0_5r_after_1_0r,0.349840050133483
287,time_exit_after_4_bars_if_mfe_lt_0_3r,0.349840050133483
287,partial_50pct_at_1r,0.349840050133483
288,baseline,-1.021584071306487
288,breakeven_after_0_5r,-1.021584071306487
288,breakeven_after_1_0r,-1.021584071306487
288,exit_at_first_0_5r,-1.021584071306487
288,exit_at_first_1_0r,-1.021584071306487
288,trail_0_5r_after_1_0r,-1.021584071306487
288,time_exit_after_4_bars_if_mfe_lt_0_3r,-1.021584071306487
288,partial_50pct_at_1r,-1.021584071306487
289,baseline,0.18982219839479023
289,breakeven_after_0_5r,0.18982219839479023
289,breakeven_after_1_0r,0.18982219839479023
289,exit_at_first_0_5r,0.5
289,exit_at_first_1_0r,0.18982219839479023
289,trail_0_5r_after_1_0r,0.18982219839479023
289,time_exit_after_4_bars_if_mfe_lt_0_3r,0.18982219839479023
289,partial_50pct_at_1r,0.18982219839479023
290,baseline,1.3091801420529658
290,breakeven_after_0_5r,0.0
290,breakeven_after_1_0r,0.0
290,exit_at_first_0_5r,0.5
290,exit_at_first_1_0r,1.0
290,trail_0_5r_after_1_0r,1.1808676631482946
290,time_exit_after_4_bars_if_mfe_lt_0_3r,1.3091801420529658
290,partial_50pct_at_1r,1.154590071026483
291,baseline,0.12445168257003297
291,breakeven_after_0_5r,0.12445168257003297
291,breakeven_after_1_0r,0.12445168257003297
291,exit_at_first_0_5r,0.12445168257003297
291,exit_at_first_1_0r,0.12445168257003297
291,trail_0_5r_after_1_0r,0.12445168257003297
291,time_exit_after_4_bars_if_mfe_lt_0_3r,0.12445168257003297
291,partial_50pct_at_1r,0.12445168257003297
292,baseline,0.5453269010659159
292,breakeven_after_0_5r,0.5453269010659159
292,breakeven_after_1_0r,0.5453269010659159
292,exit_at_first_0_5r,0.5
292,exit_at_first_1_0r,0.5453269010659159
292,trail_0_5r_after_1_0r,0.5453269010659159
292,time_exit_after_4_bars_if_mfe_lt_0_3r,-0.19540832509630898
292,partial_50pct_at_1r,0.5453269010659159
293,baseline,0.008362749003772117
293,breakeven_after_0_5r,0.0
293,breakeven_after_1_0r,0.008362749003772117
293,exit_at_first_0_5r,0.5
293,exit_at_first_1_0r,0.008362749003772117
293,trail_0_5r_after_1_0r,0.008362749003772117
293,time_exit_after_4_bars_if_mfe_lt_0_3r,0.008362749003772117
293,partial_50pct_at_1r,0.008362749003772117
294,baseline,-1.0295059727963165
294,breakeven_after_0_5r,-1.0295059727963165
294,breakeven_after_1_0r,-1.0295059727963165
294,exit_at_first_0_5r,-1.0295059727963165
294,exit_at_first_1_0r,-1.0295059727963165
294,trail_0_5r_after_1_0r,-1.0295059727963165
294,time_exit_after_4_bars_if_mfe_lt_0_3r,-1.0295059727963165
294,partial_50pct_at_1r,-1.0295059727963165
295,baseline,0.35086933299703327
295,breakeven_after_0_5r,0.0
295,breakeven_after_1_0r,0.35086933299703327
295,exit_at_first_0_5r,0.5
295,exit_at_first_1_0r,0.35086933299703327
295,trail_0_5r_after_1_0r,0.35086933299703327
295,time_exit_after_4_bars_if_mfe_lt_0_3r,0.35086933299703327
295,partial_50pct_at_1r,0.35086933299703327
296,baseline,0.3005827813223363
296,breakeven_after_0_5r,0.0
296,breakeven_after_1_0r,0.3005827813223363
296,exit_at_first_0_5r,0.5
296,exit_at_first_1_0r,1.0
296,trail_0_5r_after_1_0r,0.5438551096694109
296,time_exit_after_4_bars_if_mfe_lt_0_3r,0.3005827813223363
296,partial_50pct_at_1r,0.6502913906611681
297,baseline,0.6755397527139424
297,breakeven_after_0_5r,0.6755397527139424
297,breakeven_after_1_0r,0.6755397527139424
297,exit_at_first_0_5r,0.5
297,exit_at_first_1_0r,1.0
297,trail_0_5r_after_1_0r,0.6735827287985012
297,time_exit_after_4_bars_if_mfe_lt_0_3r,0.6755397527139424
297,partial_50pct_at_1r,0.8377698763569712
298,baseline,0.3392153425404735
298,breakeven_after_0_5r,0.0
298,breakeven_after_1_0r,0.3392153425404735
298,exit_at_first_0_5r,0.5
298,exit_at_first_1_0r,0.3392153425404735
298,trail_0_5r_after_1_0r,0.3392153425404735
298,time_exit_after_4_bars_if_mfe_lt_0_3r,0.3392153425404735
298,partial_50pct_at_1r,0.3392153425404735
299,baseline,0.15573447696901666
299,breakeven_after_0_5r,0.0
299,breakeven_after_1_0r,0.15573447696901666
299,exit_at_first_0_5r,0.5
299,exit_at_first_1_0r,0.15573447696901666
299,trail_0_5r_after_1_0r,0.15573447696901666
299,time_exit_after_4_bars_if_mfe_lt_0_3r,0.15573447696901666
299,partial_50pct_at_1r,0.15573447696901666
300,baseline,-1.0249450901590376
300,breakeven_after_0_5r,-1.0249450901590376
300,breakeven_after_1_0r,-1.0249450901590376
300,exit_at_first_0_5r,-1.0249450901590376
300,exit_at_first_1_0r,-1.0249450901590376
300,trail_0_5r_after_1_0r,-1.0249450901590376
300,time_exit_after_4_bars_if_mfe_lt_0_3r,-1.0249450901590376
300,partial_50pct_at_1r,-1.0249450901590376
301,baseline,-0.2959269770579869
301,breakeven_after_0_5r,0.0
301,breakeven_after_1_0r,0.0
301,exit_at_first_0_5r,0.5
301,exit_at_first_1_0r,1.0
301,trail_0_5r_after_1_0r,1.4982762914474232
301,time_exit_after_4_bars_if_mfe_lt_0_3r,-0.16807931423391168
301,partial_50pct_at_1r,0.35203651147100656
302,baseline,0.21327671976033255
302,breakeven_after_0_5r,0.21327671976033255
302,breakeven_after_1_0r,0.21327671976033255
302,exit_at_first_0_5r,0.5
302,exit_at_first_1_0r,0.21327671976033255
302,trail_0_5r_after_1_0r,0.21327671976033255
302,time_exit_after_4_bars_if_mfe_lt_0_3r,0.21327671976033255
302,partial_50pct_at_1r,0.21327671976033255
303,baseline,0.6756561636279592
303,breakeven_after_0_5r,0.6756561636279592
303,breakeven_after_1_0r,0.6756561636279592
303,exit_at_first_0_5r,0.5
303,exit_at_first_1_0r,1.0
303,trail_0_5r_after_1_0r,0.6788068005776136
303,time_exit_after_4_bars_if_mfe_lt_0_3r,0.6756561636279592
303,partial_50pct_at_1r,0.8378280818139796
304,baseline,-0.054736667367203035
304,breakeven_after_0_5r,0.0
304,breakeven_after_1_0r,-0.054736667367203035
304,exit_at_first_0_5r,0.5
304,exit_at_first_1_0r,-0.054736667367203035
304,trail_0_5r_after_1_0r,-0.054736667367203035
304,time_exit_after_4_bars_if_mfe_lt_0_3r,-0.054736667367203035
304,partial_50pct_at_1r,-0.054736667367203035
305,baseline,0.07054481778976589
305,breakeven_after_0_5r,0.07054481778976589
305,breakeven_after_1_0r,0.07054481778976589
305,exit_at_first_0_5r,0.5
305,exit_at_first_1_0r,0.07054481778976589
305,trail_0_5r_after_1_0r,0.07054481778976589
305,time_exit_after_4_bars_if_mfe_lt_0_3r,-0.17215427373730208
305,partial_50pct_at_1r,0.07054481778976589
306,baseline,-0.14353559469356109
306,breakeven_after_0_5r,0.0
306,breakeven_after_1_0r,-0.14353559469356109
306,exit_at_first_0_5r,0.5
306,exit_at_first_1_0r,-0.14353559469356109
306,trail_0_5r_after_1_0r,-0.14353559469356109
306,time_exit_after_4_bars_if_mfe_lt_0_3r,-0.14353559469356109
306,partial_50pct_at_1r,-0.14353559469356109
307,baseline,-1.0109941424605975
307,breakeven_after_0_5r,-1.0109941424605975
307,breakeven_after_1_0r,-1.0109941424605975
307,exit_at_first_0_5r,-1.0109941424605975
307,exit_at_first_1_0r,-1.0109941424605975
307,trail_0_5r_after_1_0r,-1.0109941424605975
307,time_exit_after_4_bars_if_mfe_lt_0_3r,-0.31711084694826225
307,partial_50pct_at_1r,-1.0109941424605975
308,baseline,0.17978576673105556
308,breakeven_after_0_5r,0.17978576673105556
308,breakeven_after_1_0r,0.17978576673105556
308,exit_at_first_0_5r,0.5
308,exit_at_first_1_0r,0.17978576673105556
308,trail_0_5r_after_1_0r,0.17978576673105556
308,time_exit_after_4_bars_if_mfe_lt_0_3r,0.17978576673105556
308,partial_50pct_at_1r,0.17978576673105556
309,baseline,0.3668280184527893
309,breakeven_after_0_5r,0.0
309,breakeven_after_1_0r,0.3668280184527893
309,exit_at_first_0_5r,0.5
309,exit_at_first_1_0r,1.0
309,trail_0_5r_after_1_0r,0.9719761834940885
309,time_exit_after_4_bars_if_mfe_lt_0_3r,0.3668280184527893
309,partial_50pct_at_1r,0.6834140092263946
310,baseline,0.21489587956568004
310,breakeven_after_0_5r,0.0
310,breakeven_after_1_0r,0.21489587956568004
310,exit_at_first_0_5r,0.5
310,exit_at_first_1_0r,0.21489587956568004
310,trail_0_5r_after_1_0r,0.21489587956568004
310,time_exit_after_4_bars_if_mfe_lt_0_3r,0.21489587956568004
310,partial_50pct_at_1r,0.21489587956568004
311,baseline,-1.0137885880217832
311,breakeven_after_0_5r,-1.0137885880217832
311,breakeven_after_1_0r,-1.0137885880217832
311,exit_at_first_0_5r,-1.0137885880217832
311,exit_at_first_1_0r,-1.0137885880217832
311,trail_0_5r_after_1_0r,-1.0137885880217832
311,time_exit_after_4_bars_if_mfe_lt_0_3r,-1.0137885880217832
311,partial_50pct_at_1r,-1.0137885880217832
312,baseline,0.5038737629698313
312,breakeven_after_0_5r,0.5038737629698313
312,breakeven_after_1_0r,0.5038737629698313
312,exit_at_first_0_5r,0.5
312,exit_at_first_1_0r,0.5038737629698313
312,trail_0_5r_after_1_0r,0.5038737629698313
312,time_exit_after_4_bars_if_mfe_lt_0_3r,0.5038737629698313
312,partial_50pct_at_1r,0.5038737629698313
313,baseline,0.07025507624677603
313,breakeven_after_0_5r,0.07025507624677603
313,breakeven_after_1_0r,0.07025507624677603
313,exit_at_first_0_5r,0.07025507624677603
313,exit_at_first_1_0r,0.07025507624677603
313,trail_0_5r_after_1_0r,0.07025507624677603
313,time_exit_after_4_bars_if_mfe_lt_0_3r,0.07025507624677603
313,partial_50pct_at_1r,0.07025507624677603
314,baseline,-0.7135569513785903
314,breakeven_after_0_5r,-0.7135569513785903
314,breakeven_after_1_0r,-0.7135569513785903
314,exit_at_first_0_5r,-0.7135569513785903
314,exit_at_first_1_0r,-0.7135569513785903
314,trail_0_5r_after_1_0r,-0.7135569513785903
314,time_exit_after_4_bars_if_mfe_lt_0_3r,-0.5697997720719233
314,partial_50pct_at_1r,-0.7135569513785903
315,baseline,0.4765615498038619
315,breakeven_after_0_5r,0.0
315,breakeven_after_1_0r,0.4765615498038619
315,exit_at_first_0_5r,0.5
315,exit_at_first_1_0r,0.4765615498038619
315,trail_0_5r_after_1_0r,0.4765615498038619
315,time_exit_after_4_bars_if_mfe_lt_0_3r,0.4765615498038619
315,partial_50pct_at_1r,0.4765615498038619
316,baseline,0.866317336008988
316,breakeven_after_0_5r,0.0
316,breakeven_after_1_0r,0.866317336008988
316,exit_at_first_0_5r,0.5
316,exit_at_first_1_0r,1.0
316,trail_0_5r_after_1_0r,0.6347711154458278
316,time_exit_after_4_bars_if_mfe_lt_0_3r,0.866317336008988
316,partial_50pct_at_1r,0.933158668004494
317,baseline,0.06863994626781289
317,breakeven_after_0_5r,0.06863994626781289
317,breakeven_after_1_0r,0.06863994626781289
317,exit_at_first_0_5r,0.5
317,exit_at_first_1_0r,0.06863994626781289
317,trail_0_5r_after_1_0r,0.06863994626781289
317,time_exit_after_4_bars_if_mfe_lt_0_3r,0.06863994626781289
317,partial_50pct_at_1r,0.06863994626781289
318,baseline,-1.0183411219112697
318,breakeven_after_0_5r,-1.0183411219112697
318,breakeven_after_1_0r,-1.0183411219112697
318,exit_at_first_0_5r,-1.0183411219112697
318,exit_at_first_1_0r,-1.0183411219112697
318,trail_0_5r_after_1_0r,-1.0183411219112697
318,time_exit_after_4_bars_if_mfe_lt_0_3r,-1.0183411219112697
318,partial_50pct_at_1r,-1.0183411219112697
319,baseline,1.0926350128431583
319,breakeven_after_0_5r,0.0
319,breakeven_after_1_0r,1.0926350128431583
319,exit_at_first_0_5r,0.5
319,exit_at_first_1_0r,1.0
319,trail_0_5r_after_1_0r,0.9067638783004335
319,time_exit_after_4_bars_if_mfe_lt_0_3r,1.0926350128431583
319,partial_50pct_at_1r,1.046317506421579
320,baseline,0.7882053426784659
320,breakeven_after_0_5r,0.0
320,breakeven_after_1_0r,0.0
320,exit_at_first_0_5r,0.5
320,exit_at_first_1_0r,1.0
320,trail_0_5r_after_1_0r,0.5551297426122888
320,time_exit_after_4_bars_if_mfe_lt_0_3r,0.7882053426784659
320,partial_50pct_at_1r,0.8941026713392329
321,baseline,-0.02200614544436061
321,breakeven_after_0_5r,0.0
321,breakeven_after_1_0r,-0.02200614544436061
321,exit_at_first_0_5r,0.5
321,exit_at_first_1_0r,-0.02200614544436061
321,trail_0_5r_after_1_0r,-0.02200614544436061
321,time_exit_after_4_bars_if_mfe_lt_0_3r,-0.02200614544436061
321,partial_50pct_at_1r,-0.02200614544436061
322,baseline,0.07803744782152894
322,breakeven_after_0_5r,0.07803744782152894
322,breakeven_after_1_0r,0.07803744782152894
322,exit_at_first_0_5r,0.5
322,exit_at_first_1_0r,1.0
322,trail_0_5r_after_1_0r,1.714009637792746
322,time_exit_after_4_bars_if_mfe_lt_0_3r,0.07803744782152894
322,partial_50pct_at_1r,0.5390187239107644
323,baseline,0.5323179291910349
323,breakeven_after_0_5r,0.0
323,breakeven_after_1_0r,0.5323179291910349
323,exit_at_first_0_5r,0.5
323,exit_at_first_1_0r,0.5323179291910349
323,trail_0_5r_after_1_0r,0.5323179291910349
323,time_exit_after_4_bars_if_mfe_lt_0_3r,0.5323179291910349
323,partial_50pct_at_1r,0.5323179291910349
324,baseline,-1.0042336995667418
324,breakeven_after_0_5r,-1.0042336995667418
324,breakeven_after_1_0r,-1.0042336995667418
324,exit_at_first_0_5r,-1.0042336995667418
324,exit_at_first_1_0r,-1.0042336995667418
324,trail_0_5r_after_1_0r,-1.0042336995667418
324,time_exit_after_4_bars_if_mfe_lt_0_3r,-1.3682995166197778
324,partial_50pct_at_1r,-1.0042336995667418
325,baseline,0.336111063554
325,breakeven_after_0_5r,0.0
325,breakeven_after_1_0r,0.336111063554
325,exit_at_first_0_5r,0.5
325,exit_at_first_1_0r,0.336111063554
325,trail_0_5r_after_1_0r,0.336111063554
325,time_exit_after_4_bars_if_mfe_lt_0_3r,0.336111063554
325,partial_50pct_at_1r,0.336111063554
326,baseline,0.8810142693840692
326,breakeven_after_0_5r,0.0
326,breakeven_after_1_0r,0.0
326,exit_at_first_0_5r,0.5
326,exit_at_first_1_0r,1.0
326,trail_0_5r_after_1_0r,0.6358247208120857
326,time_exit_after_4_bars_if_mfe_lt_0_3r,-0.1433654981481051
326,partial_50pct_at_1r,0.9405071346920346
327,baseline,0.6575597209587014
327,breakeven_after_0_5r,0.6575597209587014
327,breakeven_after_1_0r,0.6575597209587014
327,exit_at_first_0_5r,0.5
327,exit_at_first_1_0r,0.6575597209587014
327,trail_0_5r_after_1_0r,0.6575597209587014
327,time_exit_after_4_bars_if_mfe_lt_0_3r,0.6575597209587014
327,partial_50pct_at_1r,0.6575597209587014
328,baseline,0.5094780625585132
328,breakeven_after_0_5r,0.0
328,breakeven_after_1_0r,0.5094780625585132
328,exit_at_first_0_5r,0.5
328,exit_at_first_1_0r,0.5094780625585132
328,trail_0_5r_after_1_0r,0.5094780625585132
328,time_exit_after_4_bars_if_mfe_lt_0_3r,0.5094780625585132
328,partial_50pct_at_1r,0.5094780625585132
329,baseline,0.5810649161519084
329,breakeven_after_0_5r,0.0
329,breakeven_after_1_0r,0.5810649161519084
329,exit_at_first_0_5r,0.5
329,exit_at_first_1_0r,1.0
329,trail_0_5r_after_1_0r,0.5810649161519084
329,time_exit_after_4_bars_if_mfe_lt_0_3r,0.5810649161519084
329,partial_50pct_at_1r,0.7905324580759542
330,baseline,0.18115523600541397
330,breakeven_after_0_5r,0.18115523600541397
330,breakeven_after_1_0r,0.18115523600541397
330,exit_at_first_0_5r,0.18115523600541397
330,exit_at_first_1_0r,0.18115523600541397
330,trail_0_5r_after_1_0r,0.18115523600541397
330,time_exit_after_4_bars_if_mfe_lt_0_3r,0.18115523600541397
330,partial_50pct_at_1r,0.18115523600541397
331,baseline,-1.0142702450002175
331,breakeven_after_0_5r,-1.0142702450002175
331,breakeven_after_1_0r,-1.0142702450002175
331,exit_at_first_0_5r,-1.0142702450002175
331,exit_at_first_1_0r,-1.0142702450002175
331,trail_0_5r_after_1_0r,-1.0142702450002175
331,time_exit_after_4_bars_if_mfe_lt_0_3r,-1.0142702450002175
331,partial_50pct_at_1r,-1.0142702450002175
332,baseline,0.7974255218608245
332,breakeven_after_0_5r,0.0
332,breakeven_after_1_0r,0.0
332,exit_at_first_0_5r,0.5
332,exit_at_first_1_0r,1.0
332,trail_0_5r_after_1_0r,0.5835704799148282
332,time_exit_after_4_bars_if_mfe_lt_0_3r,0.7974255218608245
332,partial_50pct_at_1r,0.8987127609304122
333,baseline,0.5269736575557658
333,breakeven_after_0_5r,0.0
333,breakeven_after_1_0r,0.5269736575557658
333,exit_at_first_0_5r,0.5
333,exit_at_first_1_0r,0.5269736575557658
333,trail_0_5r_after_1_0r,0.5269736575557658
333,time_exit_after_4_bars_if_mfe_lt_0_3r,0.5269736575557658
333,partial_50pct_at_1r,0.5269736575557658
334,baseline,0.21686729562538554
334,breakeven_after_0_5r,0.21686729562538554
334,breakeven_after_1_0r,0.21686729562538554
334,exit_at_first_0_5r,0.21686729562538554
334,exit_at_first_1_0r,0.21686729562538554
334,trail_0_5r_after_1_0r,0.21686729562538554
334,time_exit_after_4_bars_if_mfe_lt_0_3r,0.21686729562538554
334,partial_50pct_at_1r,0.21686729562538554
335,baseline,0.45485508083779735
335,breakeven_after_0_5r,0.0
335,breakeven_after_1_0r,0.45485508083779735
335,exit_at_first_0_5r,0.5
335,exit_at_first_1_0r,0.45485508083779735
335,trail_0_5r_after_1_0r,0.45485508083779735
335,time_exit_after_4_bars_if_mfe_lt_0_3r,0.45485508083779735
335,partial_50pct_at_1r,0.45485508083779735
336,baseline,-1.0194199020650725
336,breakeven_after_0_5r,-1.0194199020650725
336,breakeven_after_1_0r,-1.0194199020650725
336,exit_at_first_0_5r,-1.0194199020650725
336,exit_at_first_1_0r,-1.0194199020650725
336,trail_0_5r_after_1_0r,-1.0194199020650725
336,time_exit_after_4_bars_if_mfe_lt_0_3r,-0.31917448431388407
336,partial_50pct_at_1r,-1.0194199020650725
337,baseline,0.35578584807474783
337,breakeven_after_0_5r,0.0
337,breakeven_after_1_0r,0.35578584807474783
337,exit_at_first_0_5r,0.5
337,exit_at_first_1_0r,1.0
337,trail_0_5r_after_1_0r,1.2212589092874502
337,time_exit_after_4_bars_if_mfe_lt_0_3r,0.35578584807474783
337,partial_50pct_at_1r,0.6778929240373739
338,baseline,0.6201454161243563
338,breakeven_after_0_5r,0.6201454161243563
338,breakeven_after_1_0r,0.6201454161243563
338,exit_at_first_0_5r,0.5
338,exit_at_first_1_0r,0.6201454161243563
338,trail_0_5r_after_1_0r,0.6201454161243563
338,time_exit_after_4_bars_if_mfe_lt_0_3r,0.6201454161243563
338,partial_50pct_at_1r,0.6201454161243563
339,baseline,0.27254454904628833
339,breakeven_after_0_5r,0.27254454904628833
339,breakeven_after_1_0r,0.27254454904628833
339,exit_at_first_0_5r,0.5
339,exit_at_first_1_0r,0.27254454904628833
339,trail_0_5r_after_1_0r,0.27254454904628833
339,time_exit_after_4_bars_if_mfe_lt_0_3r,-0.19611828662928504
339,partial_50pct_at_1r,0.27254454904628833
340,baseline,0.10248525693701951
340,breakeven_after_0_5r,0.0
340,breakeven_after_1_0r,0.10248525693701951
340,exit_at_first_0_5r,0.5
340,exit_at_first_1_0r,0.10248525693701951
340,trail_0_5r_after_1_0r,0.10248525693701951
340,time_exit_after_4_bars_if_mfe_lt_0_3r,-0.15059046168903403
340,partial_50pct_at_1r,0.10248525693701951
341,baseline,0.06649076459548138
341,breakeven_after_0_5r,0.06649076459548138
341,breakeven_after_1_0r,0.06649076459548138
341,exit_at_first_0_5r,0.5
341,exit_at_first_1_0r,1.0
341,trail_0_5r_after_1_0r,1.8130393873259125
341,time_exit_after_4_bars_if_mfe_lt_0_3r,0.06649076459548138
341,partial_50pct_at_1r,0.5332453822977407
342,baseline,0.2101259795754829
342,breakeven_after_0_5r,0.0
342,breakeven_after_1_0r,0.2101259795754829
342,exit_at_first_0_5r,0.5
342,exit_at_first_1_0r,0.2101259795754829
342,trail_0_5r_after_1_0r,0.2101259795754829
342,time_exit_after_4_bars_if_mfe_lt_0_3r,0.2101259795754829
342,partial_50pct_at_1r,0.2101259795754829
343,baseline,0.7810880808183565
343,breakeven_after_0_5r,0.0
343,breakeven_after_1_0r,0.0
343,exit_at_first_0_5r,0.5
343,exit_at_first_1_0r,1.0
343,trail_0_5r_after_1_0r,0.6590882110326002
343,time_exit_after_4_bars_if_mfe_lt_0_3r,0.7810880808183565
343,partial_50pct_at_1r,0.8905440404091782
344,baseline,0.6194804450207835
344,breakeven_after_0_5r,0.6194804450207835
344,breakeven_after_1_0r,0.6194804450207835
344,exit_at_first_0_5r,0.5
344,exit_at_first_1_0r,1.0
344,trail_0_5r_after_1_0r,0.5122677782936653
344,time_exit_after_4_bars_if_mfe_lt_0_3r,0.6194804450207835
344,partial_50pct_at_1r,0.8097402225103918
345,baseline,1.749733869007841
345,breakeven_after_0_5r,0.0
345,breakeven_after_1_0r,0.0
345,exit_at_first_0_5r,0.5
345,exit_at_first_1_0r,1.0
345,trail_0_5r_after_1_0r,1.7023363947755183
345,time_exit_after_4_bars_if_mfe_lt_0_3r,1.749733869007841
345,partial_50pct_at_1r,1.3748669345039204
346,baseline,-1.0227627554602146
346,breakeven_after_0_5r,-1.0227627554602146
346,breakeven_after_1_0r,-1.0227627554602146
346,exit_at_first_0_5r,-1.0227627554602146
346,exit_at_first_1_0r,-1.0227627554602146
346,trail_0_5r_after_1_0r,-1.0227627554602146
346,time_exit_after_4_bars_if_mfe_lt_0_3r,-1.0227627554602146
346,partial_50pct_at_1r,-1.0227627554602146
347,baseline,0.3182826275801282
347,breakeven_after_0_5r,0.3182826275801282
347,breakeven_after_1_0r,0.3182826275801282
347,exit_at_first_0_5r,0.5
347,exit_at_first_1_0r,0.3182826275801282
347,trail_0_5r_after_1_0r,0.3182826275801282
347,time_exit_after_4_bars_if_mfe_lt_0_3r,0.3182826275801282
347,partial_50pct_at_1r,0.3182826275801282
348,baseline,-1.0221724711110378
348,breakeven_after_0_5r,-1.0221724711110378
348,breakeven_after_1_0r,-1.0221724711110378
348,exit_at_first_0_5r,-1.0221724711110378
348,exit_at_first_1_0r,-1.0221724711110378
348,trail_0_5r_after_1_0r,-1.0221724711110378
348,time_exit_after_4_bars_if_mfe_lt_0_3r,-1.0221724711110378
348,partial_50pct_at_1r,-1.0221724711110378
349,baseline,0.8987544860130235
349,breakeven_after_0_5r,0.8987544860130235
349,breakeven_after_1_0r,0.8987544860130235
349,exit_at_first_0_5r,0.5
349,exit_at_first_1_0r,1.0
349,trail_0_5r_after_1_0r,0.6709968990480994
349,time_exit_after_4_bars_if_mfe_lt_0_3r,0.8987544860130235
349,partial_50pct_at_1r,0.9493772430065117
350,baseline,0.22747563420914463
350,breakeven_after_0_5r,0.22747563420914463
350,breakeven_after_1_0r,0.22747563420914463
350,exit_at_first_0_5r,0.5
350,exit_at_first_1_0r,0.22747563420914463
350,trail_0_5r_after_1_0r,0.22747563420914463
350,time_exit_after_4_bars_if_mfe_lt_0_3r,0.22747563420914463
350,partial_50pct_at_1r,0.22747563420914463
351,baseline,0.17515712913922896
351,breakeven_after_0_5r,0.17515712913922896
351,breakeven_after_1_0r,0.17515712913922896
351,exit_at_first_0_5r,0.5
351,exit_at_first_1_0r,0.17515712913922896
351,trail_0_5r_after_1_0r,0.17515712913922896
351,time_exit_after_4_bars_if_mfe_lt_0_3r,0.17515712913922896
351,partial_50pct_at_1r,0.17515712913922896
352,baseline,-1.0251814443647076
352,breakeven_after_0_5r,-1.0251814443647076
352,breakeven_after_1_0r,-1.0251814443647076
352,exit_at_first_0_5r,-1.0251814443647076
352,exit_at_first_1_0r,-1.0251814443647076
352,trail_0_5r_after_1_0r,-1.0251814443647076
352,time_exit_after_4_bars_if_mfe_lt_0_3r,-1.0251814443647076
352,partial_50pct_at_1r,-1.0251814443647076
353,baseline,0.2236968254336049
353,breakeven_after_0_5r,0.0
353,breakeven_after_1_0r,0.0
353,exit_at_first_0_5r,0.5
353,exit_at_first_1_0r,1.0
353,trail_0_5r_after_1_0r,0.5020111450625664
353,time_exit_after_4_bars_if_mfe_lt_0_3r,0.2236968254336049
353,partial_50pct_at_1r,0.6118484127168025
354,baseline,-1.0219217463542252
354,breakeven_after_0_5r,-1.0219217463542252
354,breakeven_after_1_0r,-1.0219217463542252
354,exit_at_first_0_5r,-1.0219217463542252
354,exit_at_first_1_0r,-1.0219217463542252
354,trail_0_5r_after_1_0r,-1.0219217463542252
354,time_exit_after_4_bars_if_mfe_lt_0_3r,-1.0219217463542252
354,partial_50pct_at_1r,-1.0219217463542252
355,baseline,-1.0222583227637885
355,breakeven_after_0_5r,-1.0222583227637885
355,breakeven_after_1_0r,-1.0222583227637885
355,exit_at_first_0_5r,-1.0222583227637885
355,exit_at_first_1_0r,-1.0222583227637885
355,trail_0_5r_after_1_0r,-1.0222583227637885
355,time_exit_after_4_bars_if_mfe_lt_0_3r,-1.0222583227637885
355,partial_50pct_at_1r,-1.0222583227637885
356,baseline,0.24039613243157462
356,breakeven_after_0_5r,0.24039613243157462
356,breakeven_after_1_0r,0.24039613243157462
356,exit_at_first_0_5r,0.5
356,exit_at_first_1_0r,0.24039613243157462
356,trail_0_5r_after_1_0r,0.24039613243157462
356,time_exit_after_4_bars_if_mfe_lt_0_3r,0.24039613243157462
356,partial_50pct_at_1r,0.24039613243157462
357,baseline,0.5204964635733584
357,breakeven_after_0_5r,0.5204964635733584
357,breakeven_after_1_0r,0.5204964635733584
357,exit_at_first_0_5r,0.5
357,exit_at_first_1_0r,0.5204964635733584
357,trail_0_5r_after_1_0r,0.5204964635733584
357,time_exit_after_4_bars_if_mfe_lt_0_3r,0.5204964635733584
357,partial_50pct_at_1r,0.5204964635733584
358,baseline,-1.0265188537272338
358,breakeven_after_0_5r,-1.0265188537272338
358,breakeven_after_1_0r,-1.0265188537272338
358,exit_at_first_0_5r,-1.0265188537272338
358,exit_at_first_1_0r,-1.0265188537272338
358,trail_0_5r_after_1_0r,-1.0265188537272338
358,time_exit_after_4_bars_if_mfe_lt_0_3r,-1.0265188537272338
358,partial_50pct_at_1r,-1.0265188537272338
359,baseline,-1.0231673154427434
359,breakeven_after_0_5r,-1.0231673154427434
359,breakeven_after_1_0r,-1.0231673154427434
359,exit_at_first_0_5r,-1.0231673154427434
359,exit_at_first_1_0r,-1.0231673154427434
359,trail_0_5r_after_1_0r,-1.0231673154427434
359,time_exit_after_4_bars_if_mfe_lt_0_3r,-1.0231673154427434
359,partial_50pct_at_1r,-1.0231673154427434
360,baseline,-1.0200989150059783
360,breakeven_after_0_5r,-1.0200989150059783
360,breakeven_after_1_0r,-1.0200989150059783
360,exit_at_first_0_5r,-1.0200989150059783
360,exit_at_first_1_0r,-1.0200989150059783
360,trail_0_5r_after_1_0r,-1.0200989150059783
360,time_exit_after_4_bars_if_mfe_lt_0_3r,-1.0200989150059783
360,partial_50pct_at_1r,-1.0200989150059783
361,baseline,0.17913920145922638
361,breakeven_after_0_5r,0.17913920145922638
361,breakeven_after_1_0r,0.17913920145922638
361,exit_at_first_0_5r,0.17913920145922638
361,exit_at_first_1_0r,0.17913920145922638
361,trail_0_5r_after_1_0r,0.17913920145922638
361,time_exit_after_4_bars_if_mfe_lt_0_3r,0.17913920145922638
361,partial_50pct_at_1r,0.17913920145922638
362,baseline,0.7959741189114
362,breakeven_after_0_5r,0.7959741189114
362,breakeven_after_1_0r,0.7959741189114
362,exit_at_first_0_5r,0.5
362,exit_at_first_1_0r,1.0
362,trail_0_5r_after_1_0r,0.7959741189114
362,time_exit_after_4_bars_if_mfe_lt_0_3r,0.7959741189114
362,partial_50pct_at_1r,0.8979870594557
363,baseline,-0.1335051298053389
363,breakeven_after_0_5r,-0.1335051298053389
363,breakeven_after_1_0r,-0.1335051298053389
363,exit_at_first_0_5r,-0.1335051298053389
363,exit_at_first_1_0r,-0.1335051298053389
363,trail_0_5r_after_1_0r,-0.1335051298053389
363,time_exit_after_4_bars_if_mfe_lt_0_3r,-0.1335051298053389
363,partial_50pct_at_1r,-0.1335051298053389
364,baseline,-0.21645399397792175
364,breakeven_after_0_5r,-0.21645399397792175
364,breakeven_after_1_0r,-0.21645399397792175
364,exit_at_first_0_5r,-0.21645399397792175
364,exit_at_first_1_0r,-0.21645399397792175
364,trail_0_5r_after_1_0r,-0.21645399397792175
364,time_exit_after_4_bars_if_mfe_lt_0_3r,-0.18520575662347583
364,partial_50pct_at_1r,-0.21645399397792175
365,baseline,0.2784811267575244
365,breakeven_after_0_5r,0.0
365,breakeven_after_1_0r,0.2784811267575244
365,exit_at_first_0_5r,0.5
365,exit_at_first_1_0r,0.2784811267575244
365,trail_0_5r_after_1_0r,0.2784811267575244
365,time_exit_after_4_bars_if_mfe_lt_0_3r,0.21252881520713754
365,partial_50pct_at_1r,0.2784811267575244
366,baseline,0.6071263932736298
366,breakeven_after_0_5r,0.0
366,breakeven_after_1_0r,0.0
366,exit_at_first_0_5r,0.5
366,exit_at_first_1_0r,1.0
366,trail_0_5r_after_1_0r,0.5137534242390536
366,time_exit_after_4_bars_if_mfe_lt_0_3r,0.6071263932736298
366,partial_50pct_at_1r,0.8035631966368149
367,baseline,0.07275144848602644
367,breakeven_after_0_5r,0.0
367,breakeven_after_1_0r,0.07275144848602644
367,exit_at_first_0_5r,0.5
367,exit_at_first_1_0r,0.07275144848602644
367,trail_0_5r_after_1_0r,0.07275144848602644
367,time_exit_after_4_bars_if_mfe_lt_0_3r,0.07275144848602644
367,partial_50pct_at_1r,0.07275144848602644
368,baseline,0.0863495103508829
368,breakeven_after_0_5r,0.0
368,breakeven_after_1_0r,0.0863495103508829
368,exit_at_first_0_5r,0.5
368,exit_at_first_1_0r,0.0863495103508829
368,trail_0_5r_after_1_0r,0.0863495103508829
368,time_exit_after_4_bars_if_mfe_lt_0_3r,0.0863495103508829
368,partial_50pct_at_1r,0.0863495103508829
369,baseline,-1.0313907922175558
369,breakeven_after_0_5r,-1.0313907922175558
369,breakeven_after_1_0r,-1.0313907922175558
369,exit_at_first_0_5r,-1.0313907922175558
369,exit_at_first_1_0r,-1.0313907922175558
369,trail_0_5r_after_1_0r,-1.0313907922175558
369,time_exit_after_4_bars_if_mfe_lt_0_3r,-0.5553695234557359
369,partial_50pct_at_1r,-1.0313907922175558
370,baseline,0.16403282130488755
370,breakeven_after_0_5r,0.0
370,breakeven_after_1_0r,0.16403282130488755
370,exit_at_first_0_5r,0.5
370,exit_at_first_1_0r,0.16403282130488755
370,trail_0_5r_after_1_0r,0.16403282130488755
370,time_exit_after_4_bars_if_mfe_lt_0_3r,0.16403282130488755
370,partial_50pct_at_1r,0.16403282130488755
371,baseline,0.1642009137629506
371,breakeven_after_0_5r,0.0
371,breakeven_after_1_0r,0.1642009137629506
371,exit_at_first_0_5r,0.5
371,exit_at_first_1_0r,0.1642009137629506
371,trail_0_5r_after_1_0r,0.1642009137629506
371,time_exit_after_4_bars_if_mfe_lt_0_3r,0.1642009137629506
371,partial_50pct_at_1r,0.1642009137629506
372,baseline,-1.0322866245381268
372,breakeven_after_0_5r,-1.0322866245381268
372,breakeven_after_1_0r,-1.0322866245381268
372,exit_at_first_0_5r,-1.0322866245381268
372,exit_at_first_1_0r,-1.0322866245381268
372,trail_0_5r_after_1_0r,-1.0322866245381268
372,time_exit_after_4_bars_if_mfe_lt_0_3r,-1.0322866245381268
372,partial_50pct_at_1r,-1.0322866245381268
373,baseline,0.5490348819162068
373,breakeven_after_0_5r,0.5490348819162068
373,breakeven_after_1_0r,0.5490348819162068
373,exit_at_first_0_5r,0.5
373,exit_at_first_1_0r,0.5490348819162068
373,trail_0_5r_after_1_0r,0.5490348819162068
373,time_exit_after_4_bars_if_mfe_lt_0_3r,0.5490348819162068
373,partial_50pct_at_1r,0.5490348819162068
374,baseline,-1.0329564905482445
374,breakeven_after_0_5r,-1.0329564905482445
374,breakeven_after_1_0r,-1.0329564905482445
374,exit_at_first_0_5r,-1.0329564905482445
374,exit_at_first_1_0r,-1.0329564905482445
374,trail_0_5r_after_1_0r,-1.0329564905482445
374,time_exit_after_4_bars_if_mfe_lt_0_3r,-1.0329564905482445
374,partial_50pct_at_1r,-1.0329564905482445
375,baseline,0.5912652726593484
375,breakeven_after_0_5r,0.0
375,breakeven_after_1_0r,0.0
375,exit_at_first_0_5r,0.5
375,exit_at_first_1_0r,1.0
375,trail_0_5r_after_1_0r,0.7730713820069726
375,time_exit_after_4_bars_if_mfe_lt_0_3r,0.5912652726593484
375,partial_50pct_at_1r,0.7956326363296742
376,baseline,0.13581561451360558
376,breakeven_after_0_5r,0.13581561451360558
376,breakeven_after_1_0r,0.13581561451360558
376,exit_at_first_0_5r,0.13581561451360558
376,exit_at_first_1_0r,0.13581561451360558
376,trail_0_5r_after_1_0r,0.13581561451360558
376,time_exit_after_4_bars_if_mfe_lt_0_3r,0.07688671311689212
376,partial_50pct_at_1r,0.13581561451360558
377,baseline,-1.0325784108092273
377,breakeven_after_0_5r,-1.0325784108092273
377,breakeven_after_1_0r,-1.0325784108092273
377,exit_at_first_0_5r,-1.0325784108092273
377,exit_at_first_1_0r,-1.0325784108092273
377,trail_0_5r_after_1_0r,-1.0325784108092273
377,time_exit_after_4_bars_if_mfe_lt_0_3r,-0.10859470269744916
377,partial_50pct_at_1r,-1.0325784108092273
378,baseline,-0.3508612398049276
378,breakeven_after_0_5r,0.0
378,breakeven_after_1_0r,-0.3508612398049276
378,exit_at_first_0_5r,0.5
378,exit_at_first_1_0r,-0.3508612398049276
378,trail_0_5r_after_1_0r,-0.3508612398049276
378,time_exit_after_4_bars_if_mfe_lt_0_3r,-0.3508612398049276
378,partial_50pct_at_1r,-0.3508612398049276
379,baseline,0.6663781217632554
379,breakeven_after_0_5r,0.0
379,breakeven_after_1_0r,0.6663781217632554
379,exit_at_first_0_5r,0.5
379,exit_at_first_1_0r,1.0
379,trail_0_5r_after_1_0r,4.034565559016775
379,time_exit_after_4_bars_if_mfe_lt_0_3r,0.6663781217632554
379,partial_50pct_at_1r,0.8331890608816277
380,baseline,0.4379985850226778
380,breakeven_after_0_5r,0.0
380,breakeven_after_1_0r,0.4379985850226778
380,exit_at_first_0_5r,0.5
380,exit_at_first_1_0r,0.4379985850226778
380,trail_0_5r_after_1_0r,0.4379985850226778
380,time_exit_after_4_bars_if_mfe_lt_0_3r,0.4379985850226778
380,partial_50pct_at_1r,0.4379985850226778
381,baseline,-4.195009944361397e-06
381,breakeven_after_0_5r,-4.195009944361397e-06
381,breakeven_after_1_0r,-4.195009944361397e-06
381,exit_at_first_0_5r,-4.195009944361397e-06
381,exit_at_first_1_0r,-4.195009944361397e-06
381,trail_0_5r_after_1_0r,-4.195009944361397e-06
381,time_exit_after_4_bars_if_mfe_lt_0_3r,-4.195009944361397e-06
381,partial_50pct_at_1r,-4.195009944361397e-06
382,baseline,0.05671825096417099
382,breakeven_after_0_5r,0.05671825096417099
382,breakeven_after_1_0r,0.05671825096417099
382,exit_at_first_0_5r,0.05671825096417099
382,exit_at_first_1_0r,0.05671825096417099
382,trail_0_5r_after_1_0r,0.05671825096417099
382,time_exit_after_4_bars_if_mfe_lt_0_3r,0.05671825096417099
382,partial_50pct_at_1r,0.05671825096417099
383,baseline,-1.0353080823898797
383,breakeven_after_0_5r,-1.0353080823898797
383,breakeven_after_1_0r,-1.0353080823898797
383,exit_at_first_0_5r,-1.0353080823898797
383,exit_at_first_1_0r,-1.0353080823898797
383,trail_0_5r_after_1_0r,-1.0353080823898797
383,time_exit_after_4_bars_if_mfe_lt_0_3r,-1.0353080823898797
383,partial_50pct_at_1r,-1.0353080823898797
384,baseline,0.2237877166317327
384,breakeven_after_0_5r,0.0
384,breakeven_after_1_0r,0.0
384,exit_at_first_0_5r,0.5
384,exit_at_first_1_0r,1.0
384,trail_0_5r_after_1_0r,0.5542060022661528
384,time_exit_after_4_bars_if_mfe_lt_0_3r,-0.0722058905661753
384,partial_50pct_at_1r,0.6118938583158664
385,baseline,0.1299180058218088
385,breakeven_after_0_5r,0.1299180058218088
385,breakeven_after_1_0r,0.1299180058218088
385,exit_at_first_0_5r,0.1299180058218088
385,exit_at_first_1_0r,0.1299180058218088
385,trail_0_5r_after_1_0r,0.1299180058218088
385,time_exit_after_4_bars_if_mfe_lt_0_3r,0.1299180058218088
385,partial_50pct_at_1r,0.1299180058218088
386,baseline,0.42145195820099923
386,breakeven_after_0_5r,0.42145195820099923
386,breakeven_after_1_0r,0.42145195820099923
386,exit_at_first_0_5r,0.5
386,exit_at_first_1_0r,0.42145195820099923
386,trail_0_5r_after_1_0r,0.42145195820099923
386,time_exit_after_4_bars_if_mfe_lt_0_3r,0.05000397600121951
386,partial_50pct_at_1r,0.42145195820099923
387,baseline,-1.0359560789676652
387,breakeven_after_0_5r,-1.0359560789676652
387,breakeven_after_1_0r,-1.0359560789676652
387,exit_at_first_0_5r,-1.0359560789676652
387,exit_at_first_1_0r,-1.0359560789676652
387,trail_0_5r_after_1_0r,-1.0359560789676652
387,time_exit_after_4_bars_if_mfe_lt_0_3r,-0.5384366110087897
387,partial_50pct_at_1r,-1.0359560789676652
388,baseline,0.24304460354793336
388,breakeven_after_0_5r,0.0
388,breakeven_after_1_0r,0.24304460354793336
388,exit_at_first_0_5r,0.5
388,exit_at_first_1_0r,0.24304460354793336
388,trail_0_5r_after_1_0r,0.24304460354793336
388,time_exit_after_4_bars_if_mfe_lt_0_3r,0.24304460354793336
388,partial_50pct_at_1r,0.24304460354793336
389,baseline,0.4724293286740203
389,breakeven_after_0_5r,0.4724293286740203
389,breakeven_after_1_0r,0.4724293286740203
389,exit_at_first_0_5r,0.5
389,exit_at_first_1_0r,0.4724293286740203
389,trail_0_5r_after_1_0r,0.4724293286740203
389,time_exit_after_4_bars_if_mfe_lt_0_3r,0.19263771485816925
389,partial_50pct_at_1r,0.4724293286740203
390,baseline,0.8363587005267982
390,breakeven_after_0_5r,0.0
390,breakeven_after_1_0r,0.8363587005267982
390,exit_at_first_0_5r,0.5
390,exit_at_first_1_0r,1.0
390,trail_0_5r_after_1_0r,1.0841467129562243
390,time_exit_after_4_bars_if_mfe_lt_0_3r,0.8363587005267982
390,partial_50pct_at_1r,0.918179350263399
391,baseline,0.30243757408730443
391,breakeven_after_0_5r,0.0
391,breakeven_after_1_0r,0.0
391,exit_at_first_0_5r,0.5
391,exit_at_first_1_0r,1.0
391,trail_0_5r_after_1_0r,0.5965895880664287
391,time_exit_after_4_bars_if_mfe_lt_0_3r,0.30243757408730443
391,partial_50pct_at_1r,0.6512187870436522
392,baseline,0.24404137571337534
392,breakeven_after_0_5r,0.0
392,breakeven_after_1_0r,0.24404137571337534
392,exit_at_first_0_5r,0.5
392,exit_at_first_1_0r,0.24404137571337534
392,trail_0_5r_after_1_0r,0.24404137571337534
392,time_exit_after_4_bars_if_mfe_lt_0_3r,0.24404137571337534
392,partial_50pct_at_1r,0.24404137571337534
393,baseline,-1.035133909855599
393,breakeven_after_0_5r,-1.035133909855599
393,breakeven_after_1_0r,-1.035133909855599
393,exit_at_first_0_5r,-1.035133909855599
393,exit_at_first_1_0r,-1.035133909855599
393,trail_0_5r_after_1_0r,-1.035133909855599
393,time_exit_after_4_bars_if_mfe_lt_0_3r,-1.035133909855599
393,partial_50pct_at_1r,-1.035133909855599
394,baseline,0.7959729561628301
394,breakeven_after_0_5r,0.7959729561628301
394,breakeven_after_1_0r,0.7959729561628301
394,exit_at_first_0_5r,0.5
394,exit_at_first_1_0r,1.0
394,trail_0_5r_after_1_0r,0.7959729561628301
394,time_exit_after_4_bars_if_mfe_lt_0_3r,0.7959729561628301
394,partial_50pct_at_1r,0.8979864780814151
395,baseline,-1.0350115954559085
395,breakeven_after_0_5r,-1.0350115954559085
395,breakeven_after_1_0r,-1.0350115954559085
395,exit_at_first_0_5r,-1.0350115954559085
395,exit_at_first_1_0r,-1.0350115954559085
395,trail_0_5r_after_1_0r,-1.0350115954559085
395,time_exit_after_4_bars_if_mfe_lt_0_3r,-1.0350115954559085
395,partial_50pct_at_1r,-1.0350115954559085
396,baseline,0.5577997441411197
396,breakeven_after_0_5r,0.5577997441411197
396,breakeven_after_1_0r,0.5577997441411197
396,exit_at_first_0_5r,0.5
396,exit_at_first_1_0r,0.5577997441411197
396,trail_0_5r_after_1_0r,0.5577997441411197
396,time_exit_after_4_bars_if_mfe_lt_0_3r,0.5577997441411197
396,partial_50pct_at_1r,0.5577997441411197
397,baseline,0.15708021249800783
397,breakeven_after_0_5r,0.15708021249800783
397,breakeven_after_1_0r,0.15708021249800783
397,exit_at_first_0_5r,0.15708021249800783
397,exit_at_first_1_0r,0.15708021249800783
397,trail_0_5r_after_1_0r,0.15708021249800783
397,time_exit_after_4_bars_if_mfe_lt_0_3r,0.15708021249800783
397,partial_50pct_at_1r,0.15708021249800783
398,baseline,-1.0271660645136642
398,breakeven_after_0_5r,-1.0271660645136642
398,breakeven_after_1_0r,-1.0271660645136642
398,exit_at_first_0_5r,-1.0271660645136642
398,exit_at_first_1_0r,-1.0271660645136642
398,trail_0_5r_after_1_0r,-1.0271660645136642
398,time_exit_after_4_bars_if_mfe_lt_0_3r,-1.0271660645136642
398,partial_50pct_at_1r,-1.0271660645136642
399,baseline,0.6691728538584293
399,breakeven_after_0_5r,0.0
399,breakeven_after_1_0r,0.6691728538584293
399,exit_at_first_0_5r,0.5
399,exit_at_first_1_0r,1.0
399,trail_0_5r_after_1_0r,0.6691728538584293
399,time_exit_after_4_bars_if_mfe_lt_0_3r,0.6691728538584293
399,partial_50pct_at_1r,0.8345864269292147
400,baseline,-1.0292357996215449
400,breakeven_after_0_5r,-1.0292357996215449
400,breakeven_after_1_0r,-1.0292357996215449
400,exit_at_first_0_5r,-1.0292357996215449
400,exit_at_first_1_0r,-1.0292357996215449
400,trail_0_5r_after_1_0r,-1.0292357996215449
400,time_exit_after_4_bars_if_mfe_lt_0_3r,-0.18534031681320207
400,partial_50pct_at_1r,-1.0292357996215449
401,baseline,-1.028467565028997
401,breakeven_after_0_5r,-1.028467565028997
401,breakeven_after_1_0r,-1.028467565028997
401,exit_at_first_0_5r,-1.028467565028997
401,exit_at_first_1_0r,-1.028467565028997
401,trail_0_5r_after_1_0r,-1.028467565028997
401,time_exit_after_4_bars_if_mfe_lt_0_3r,-1.028467565028997
401,partial_50pct_at_1r,-1.028467565028997
402,baseline,-1.020557821939869
402,breakeven_after_0_5r,-1.020557821939869
402,breakeven_after_1_0r,-1.020557821939869
402,exit_at_first_0_5r,-1.020557821939869
402,exit_at_first_1_0r,-1.020557821939869
402,trail_0_5r_after_1_0r,-1.020557821939869
402,time_exit_after_4_bars_if_mfe_lt_0_3r,-1.020557821939869
402,partial_50pct_at_1r,-1.020557821939869
403,baseline,0.20915941506313718
403,breakeven_after_0_5r,0.20915941506313718
403,breakeven_after_1_0r,0.20915941506313718
403,exit_at_first_0_5r,0.5
403,exit_at_first_1_0r,1.0
403,trail_0_5r_after_1_0r,0.8171387985719072
403,time_exit_after_4_bars_if_mfe_lt_0_3r,0.20915941506313718
403,partial_50pct_at_1r,0.6045797075315686
404,baseline,-1.0208371104631424
404,breakeven_after_0_5r,-1.0208371104631424
404,breakeven_after_1_0r,-1.0208371104631424
404,exit_at_first_0_5r,-1.0208371104631424
404,exit_at_first_1_0r,-1.0208371104631424
404,trail_0_5r_after_1_0r,-1.0208371104631424
404,time_exit_after_4_bars_if_mfe_lt_0_3r,-1.0208371104631424
404,partial_50pct_at_1r,-1.0208371104631424
405,baseline,0.5525479297115928
405,breakeven_after_0_5r,0.0
405,breakeven_after_1_0r,0.5525479297115928
405,exit_at_first_0_5r,0.5
405,exit_at_first_1_0r,0.5525479297115928
405,trail_0_5r_after_1_0r,0.5525479297115928
405,time_exit_after_4_bars_if_mfe_lt_0_3r,0.5525479297115928
405,partial_50pct_at_1r,0.5525479297115928
406,baseline,0.09607053368050933
406,breakeven_after_0_5r,0.0
406,breakeven_after_1_0r,0.09607053368050933
406,exit_at_first_0_5r,0.5
406,exit_at_first_1_0r,0.09607053368050933
406,trail_0_5r_after_1_0r,0.09607053368050933
406,time_exit_after_4_bars_if_mfe_lt_0_3r,0.09607053368050933
406,partial_50pct_at_1r,0.09607053368050933
407,baseline,-1.0180161666691414
407,breakeven_after_0_5r,-1.0180161666691414
407,breakeven_after_1_0r,-1.0180161666691414
407,exit_at_first_0_5r,-1.0180161666691414
407,exit_at_first_1_0r,-1.0180161666691414
407,trail_0_5r_after_1_0r,-1.0180161666691414
407,time_exit_after_4_bars_if_mfe_lt_0_3r,-1.0180161666691414
407,partial_50pct_at_1r,-1.0180161666691414
408,baseline,0.34225159609696115
408,breakeven_after_0_5r,0.0
408,breakeven_after_1_0r,0.34225159609696115
408,exit_at_first_0_5r,0.5
408,exit_at_first_1_0r,0.34225159609696115
408,trail_0_5r_after_1_0r,0.34225159609696115
408,time_exit_after_4_bars_if_mfe_lt_0_3r,0.34225159609696115
408,partial_50pct_at_1r,0.34225159609696115
409,baseline,0.3435446342590682
409,breakeven_after_0_5r,0.0
409,breakeven_after_1_0r,0.3435446342590682
409,exit_at_first_0_5r,0.5
409,exit_at_first_1_0r,1.0
409,trail_0_5r_after_1_0r,0.85455962832118
409,time_exit_after_4_bars_if_mfe_lt_0_3r,0.3435446342590682
409,partial_50pct_at_1r,0.6717723171295341
410,baseline,-1.0166365526476335
410,breakeven_after_0_5r,-1.0166365526476335
410,breakeven_after_1_0r,-1.0166365526476335
410,exit_at_first_0_5r,-1.0166365526476335
410,exit_at_first_1_0r,-1.0166365526476335
410,trail_0_5r_after_1_0r,-1.0166365526476335
410,time_exit_after_4_bars_if_mfe_lt_0_3r,-0.09672101923626399
410,partial_50pct_at_1r,-1.0166365526476335
411,baseline,1.3450093111519668
411,breakeven_after_0_5r,1.3450093111519668
411,breakeven_after_1_0r,1.3450093111519668
411,exit_at_first_0_5r,0.5
411,exit_at_first_1_0r,1.0
411,trail_0_5r_after_1_0r,1.6793632043680398
411,time_exit_after_4_bars_if_mfe_lt_0_3r,-0.12093278701923746
411,partial_50pct_at_1r,1.1725046555759833
412,baseline,0.4051909206359276
412,breakeven_after_0_5r,0.4051909206359276
412,breakeven_after_1_0r,0.4051909206359276
412,exit_at_first_0_5r,0.5
412,exit_at_first_1_0r,0.4051909206359276
412,trail_0_5r_after_1_0r,0.4051909206359276
412,time_exit_after_4_bars_if_mfe_lt_0_3r,0.4051909206359276
412,partial_50pct_at_1r,0.4051909206359276
413,baseline,0.2250481802238576
413,breakeven_after_0_5r,0.2250481802238576
413,breakeven_after_1_0r,0.2250481802238576
413,exit_at_first_0_5r,0.5
413,exit_at_first_1_0r,0.2250481802238576
413,trail_0_5r_after_1_0r,0.2250481802238576
413,time_exit_after_4_bars_if_mfe_lt_0_3r,0.2250481802238576
413,partial_50pct_at_1r,0.2250481802238576
414,baseline,0.39921770687425495
414,breakeven_after_0_5r,0.39921770687425495
414,breakeven_after_1_0r,0.39921770687425495
414,exit_at_first_0_5r,0.5
414,exit_at_first_1_0r,0.39921770687425495
414,trail_0_5r_after_1_0r,0.39921770687425495
414,time_exit_after_4_bars_if_mfe_lt_0_3r,0.39921770687425495
414,partial_50pct_at_1r,0.39921770687425495
415,baseline,0.3488211338343095
415,breakeven_after_0_5r,0.3488211338343095
415,breakeven_after_1_0r,0.3488211338343095
415,exit_at_first_0_5r,0.5
415,exit_at_first_1_0r,0.3488211338343095
415,trail_0_5r_after_1_0r,0.3488211338343095
415,time_exit_after_4_bars_if_mfe_lt_0_3r,0.3488211338343095
415,partial_50pct_at_1r,0.3488211338343095
416,baseline,0.0012054265732865108
416,breakeven_after_0_5r,0.0
416,breakeven_after_1_0r,0.0012054265732865108
416,exit_at_first_0_5r,0.5
416,exit_at_first_1_0r,0.0012054265732865108
416,trail_0_5r_after_1_0r,0.0012054265732865108
416,time_exit_after_4_bars_if_mfe_lt_0_3r,0.0012054265732865108
416,partial_50pct_at_1r,0.0012054265732865108
417,baseline,0.2024851016991894
417,breakeven_after_0_5r,0.2024851016991894
417,breakeven_after_1_0r,0.2024851016991894
417,exit_at_first_0_5r,0.2024851016991894
417,exit_at_first_1_0r,0.2024851016991894
417,trail_0_5r_after_1_0r,0.2024851016991894
417,time_exit_after_4_bars_if_mfe_lt_0_3r,0.2024851016991894
417,partial_50pct_at_1r,0.2024851016991894
418,baseline,0.35304426675630896
418,breakeven_after_0_5r,0.35304426675630896
418,breakeven_after_1_0r,0.35304426675630896
418,exit_at_first_0_5r,0.5
418,exit_at_first_1_0r,0.35304426675630896
418,trail_0_5r_after_1_0r,0.35304426675630896
418,time_exit_after_4_bars_if_mfe_lt_0_3r,0.35304426675630896
418,partial_50pct_at_1r,0.35304426675630896
419,baseline,-1.0183500990400196
419,breakeven_after_0_5r,-1.0183500990400196
419,breakeven_after_1_0r,-1.0183500990400196
419,exit_at_first_0_5r,-1.0183500990400196
419,exit_at_first_1_0r,-1.0183500990400196
419,trail_0_5r_after_1_0r,-1.0183500990400196
419,time_exit_after_4_bars_if_mfe_lt_0_3r,-1.0183500990400196
419,partial_50pct_at_1r,-1.0183500990400196
420,baseline,0.5783930099876732
420,breakeven_after_0_5r,0.5783930099876732
420,breakeven_after_1_0r,0.5783930099876732
420,exit_at_first_0_5r,0.5
420,exit_at_first_1_0r,0.5783930099876732
420,trail_0_5r_after_1_0r,0.5783930099876732
420,time_exit_after_4_bars_if_mfe_lt_0_3r,0.5783930099876732
420,partial_50pct_at_1r,0.5783930099876732
421,baseline,1.2336767121306662
421,breakeven_after_0_5r,0.0
421,breakeven_after_1_0r,0.0
421,exit_at_first_0_5r,0.5
421,exit_at_first_1_0r,1.0
421,trail_0_5r_after_1_0r,0.8217886596065329
421,time_exit_after_4_bars_if_mfe_lt_0_3r,1.2336767121306662
421,partial_50pct_at_1r,1.1168383560653332
422,baseline,-0.260035862688694
422,breakeven_after_0_5r,0.0
422,breakeven_after_1_0r,-0.260035862688694
422,exit_at_first_0_5r,0.5
422,exit_at_first_1_0r,-0.260035862688694
422,trail_0_5r_after_1_0r,-0.260035862688694
422,time_exit_after_4_bars_if_mfe_lt_0_3r,-0.260035862688694
422,partial_50pct_at_1r,-0.260035862688694
423,baseline,-1.0174432610300934
423,breakeven_after_0_5r,-1.0174432610300934
423,breakeven_after_1_0r,-1.0174432610300934
423,exit_at_first_0_5r,-1.0174432610300934
423,exit_at_first_1_0r,-1.0174432610300934
423,trail_0_5r_after_1_0r,-1.0174432610300934
423,time_exit_after_4_bars_if_mfe_lt_0_3r,-0.4291362936317123
423,partial_50pct_at_1r,-1.0174432610300934
424,baseline,0.31352733979210723
424,breakeven_after_0_5r,0.0
424,breakeven_after_1_0r,0.0
424,exit_at_first_0_5r,0.5
424,exit_at_first_1_0r,1.0
424,trail_0_5r_after_1_0r,1.9222197697262704
424,time_exit_after_4_bars_if_mfe_lt_0_3r,0.31352733979210723
424,partial_50pct_at_1r,0.6567636698960536
425,baseline,0.5662381809909782
425,breakeven_after_0_5r,0.0
425,breakeven_after_1_0r,0.5662381809909782
425,exit_at_first_0_5r,0.5
425,exit_at_first_1_0r,1.0
425,trail_0_5r_after_1_0r,0.638178900517876
425,time_exit_after_4_bars_if_mfe_lt_0_3r,-0.4612883649676033
425,partial_50pct_at_1r,0.7831190904954891
426,baseline,0.7932402709602409
426,breakeven_after_0_5r,0.7932402709602409
426,breakeven_after_1_0r,0.7932402709602409
426,exit_at_first_0_5r,0.5
426,exit_at_first_1_0r,1.0
426,trail_0_5r_after_1_0r,0.5611973261331746
426,time_exit_after_4_bars_if_mfe_lt_0_3r,0.7932402709602409
426,partial_50pct_at_1r,0.8966201354801204
427,baseline,0.07046632851203034
427,breakeven_after_0_5r,0.0
427,breakeven_after_1_0r,0.07046632851203034
427,exit_at_first_0_5r,0.5
427,exit_at_first_1_0r,0.07046632851203034
427,trail_0_5r_after_1_0r,0.07046632851203034
427,time_exit_after_4_bars_if_mfe_lt_0_3r,0.07046632851203034
427,partial_50pct_at_1r,0.07046632851203034
428,baseline,1.0709577185466166
428,breakeven_after_0_5r,0.0
428,breakeven_after_1_0r,0.0
428,exit_at_first_0_5r,0.5
428,exit_at_first_1_0r,1.0
428,trail_0_5r_after_1_0r,1.2009032802347397
428,time_exit_after_4_bars_if_mfe_lt_0_3r,1.0709577185466166
428,partial_50pct_at_1r,1.0354788592733084
429,baseline,0.35378181839156025
429,breakeven_after_0_5r,0.0
429,breakeven_after_1_0r,0.35378181839156025
429,exit_at_first_0_5r,0.5
429,exit_at_first_1_0r,0.35378181839156025
429,trail_0_5r_after_1_0r,0.35378181839156025
429,time_exit_after_4_bars_if_mfe_lt_0_3r,0.35378181839156025
429,partial_50pct_at_1r,0.35378181839156025
430,baseline,0.2608819587479375
430,breakeven_after_0_5r,0.0
430,breakeven_after_1_0r,0.2608819587479375
430,exit_at_first_0_5r,0.5
430,exit_at_first_1_0r,0.2608819587479375
430,trail_0_5r_after_1_0r,0.2608819587479375
430,time_exit_after_4_bars_if_mfe_lt_0_3r,-0.5592868338734659
430,partial_50pct_at_1r,0.2608819587479375
431,baseline,-1.0197006853505506
431,breakeven_after_0_5r,0.0
431,breakeven_after_1_0r,0.0
431,exit_at_first_0_5r,0.5
431,exit_at_first_1_0r,1.0
431,trail_0_5r_after_1_0r,2.710505213426752
431,time_exit_after_4_bars_if_mfe_lt_0_3r,-1.0197006853505506
431,partial_50pct_at_1r,-0.009850342675275292
432,baseline,1.54160059345
432,breakeven_after_0_5r,0.0
432,breakeven_after_1_0r,0.0
432,exit_at_first_0_5r,0.5
432,exit_at_first_1_0r,1.0
432,trail_0_5r_after_1_0r,1.3915556339603286
432,time_exit_after_4_bars_if_mfe_lt_0_3r,1.54160059345
432,partial_50pct_at_1r,1.270800296725
433,baseline,0.581331112101699
433,breakeven_after_0_5r,0.0
433,breakeven_after_1_0r,0.0
433,exit_at_first_0_5r,0.5
433,exit_at_first_1_0r,1.0
433,trail_0_5r_after_1_0r,0.5902937093693188
433,time_exit_after_4_bars_if_mfe_lt_0_3r,0.581331112101699
433,partial_50pct_at_1r,0.7906655560508495
434,baseline,0.18840751631356384
434,breakeven_after_0_5r,0.18840751631356384
434,breakeven_after_1_0r,0.18840751631356384
434,exit_at_first_0_5r,0.5
434,exit_at_first_1_0r,0.18840751631356384
434,trail_0_5r_after_1_0r,0.18840751631356384
434,time_exit_after_4_bars_if_mfe_lt_0_3r,0.18840751631356384
434,partial_50pct_at_1r,0.18840751631356384
435,baseline,-1.0187518912310425
435,breakeven_after_0_5r,-1.0187518912310425
435,breakeven_after_1_0r,-1.0187518912310425
435,exit_at_first_0_5r,-1.0187518912310425
435,exit_at_first_1_0r,-1.0187518912310425
435,trail_0_5r_after_1_0r,-1.0187518912310425
435,time_exit_after_4_bars_if_mfe_lt_0_3r,0.028364681940769076
435,partial_50pct_at_1r,-1.0187518912310425
436,baseline,0.6001722977512641
436,breakeven_after_0_5r,0.0
436,breakeven_after_1_0r,0.6001722977512641
436,exit_at_first_0_5r,0.5
436,exit_at_first_1_0r,1.0
436,trail_0_5r_after_1_0r,0.828767089760513
436,time_exit_after_4_bars_if_mfe_lt_0_3r,0.6001722977512641
436,partial_50pct_at_1r,0.8000861488756321
437,baseline,0.885467443848629
437,breakeven_after_0_5r,0.0
437,breakeven_after_1_0r,0.0
437,exit_at_first_0_5r,0.5
437,exit_at_first_1_0r,1.0
437,trail_0_5r_after_1_0r,0.9095030644067505
437,time_exit_after_4_bars_if_mfe_lt_0_3r,0.885467443848629
437,partial_50pct_at_1r,0.9427337219243145
438,baseline,1.9160106461837472
438,breakeven_after_0_5r,0.0
438,breakeven_after_1_0r,0.0
438,exit_at_first_0_5r,0.5
438,exit_at_first_1_0r,1.0
438,trail_0_5r_after_1_0r,0.5051716135509319
438,time_exit_after_4_bars_if_mfe_lt_0_3r,-0.1634174709146978
438,partial_50pct_at_1r,1.4580053230918737
439,baseline,-0.1376691468199847
439,breakeven_after_0_5r,0.0
439,breakeven_after_1_0r,-0.1376691468199847
439,exit_at_first_0_5r,0.5
439,exit_at_first_1_0r,-0.1376691468199847
439,trail_0_5r_after_1_0r,-0.1376691468199847
439,time_exit_after_4_bars_if_mfe_lt_0_3r,0.2025515465464408
439,partial_50pct_at_1r,-0.1376691468199847
440,baseline,0.2058105403520836
440,breakeven_after_0_5r,0.0
440,breakeven_after_1_0r,0.2058105403520836
440,exit_at_first_0_5r,0.5
440,exit_at_first_1_0r,0.2058105403520836
440,trail_0_5r_after_1_0r,0.2058105403520836
440,time_exit_after_4_bars_if_mfe_lt_0_3r,0.2058105403520836
440,partial_50pct_at_1r,0.2058105403520836
441,baseline,0.19844197727055105
441,breakeven_after_0_5r,0.0
441,breakeven_after_1_0r,0.19844197727055105
441,exit_at_first_0_5r,0.5
441,exit_at_first_1_0r,0.19844197727055105
441,trail_0_5r_after_1_0r,0.19844197727055105
441,time_exit_after_4_bars_if_mfe_lt_0_3r,0.19844197727055105
441,partial_50pct_at_1r,0.19844197727055105
442,baseline,2.4793337551492782
442,breakeven_after_0_5r,2.4793337551492782
442,breakeven_after_1_0r,2.4793337551492782
442,exit_at_first_0_5r,0.5
442,exit_at_first_1_0r,1.0
442,trail_0_5r_after_1_0r,2.4833662200331506
442,time_exit_after_4_bars_if_mfe_lt_0_3r,2.4793337551492782
442,partial_50pct_at_1r,1.7396668775746391
443,baseline,0.9199593344738695
443,breakeven_after_0_5r,0.0
443,breakeven_after_1_0r,0.0
443,exit_at_first_0_5r,0.5
443,exit_at_first_1_0r,1.0
443,trail_0_5r_after_1_0r,1.3607534080260215
443,time_exit_after_4_bars_if_mfe_lt_0_3r,0.9199593344738695
443,partial_50pct_at_1r,0.9599796672369347
444,baseline,1.5917150910500977
444,breakeven_after_0_5r,1.5917150910500977
444,breakeven_after_1_0r,1.5917150910500977
444,exit_at_first_0_5r,0.5
444,exit_at_first_1_0r,1.0
444,trail_0_5r_after_1_0r,1.7736350977396738
444,time_exit_after_4_bars_if_mfe_lt_0_3r,1.5917150910500977
444,partial_50pct_at_1r,1.295857545525049
445,baseline,0.34033647929641714
445,breakeven_after_0_5r,0.34033647929641714
445,breakeven_after_1_0r,0.34033647929641714
445,exit_at_first_0_5r,0.5
445,exit_at_first_1_0r,0.34033647929641714
445,trail_0_5r_after_1_0r,0.34033647929641714
445,time_exit_after_4_bars_if_mfe_lt_0_3r,0.1733933560711301
445,partial_50pct_at_1r,0.34033647929641714
446,baseline,-1.0212611912733585
446,breakeven_after_0_5r,-1.0212611912733585
446,breakeven_after_1_0r,-1.0212611912733585
446,exit_at_first_0_5r,-1.0212611912733585
446,exit_at_first_1_0r,-1.0212611912733585
446,trail_0_5r_after_1_0r,-1.0212611912733585
446,time_exit_after_4_bars_if_mfe_lt_0_3r,-1.0212611912733585
446,partial_50pct_at_1r,-1.0212611912733585
447,baseline,0.16252089218182247
447,breakeven_after_0_5r,0.16252089218182247
447,breakeven_after_1_0r,0.16252089218182247
447,exit_at_first_0_5r,0.5
447,exit_at_first_1_0r,0.16252089218182247
447,trail_0_5r_after_1_0r,0.16252089218182247
447,time_exit_after_4_bars_if_mfe_lt_0_3r,0.16252089218182247
447,partial_50pct_at_1r,0.16252089218182247
448,baseline,0.15405634225106643
448,breakeven_after_0_5r,0.15405634225106643
448,breakeven_after_1_0r,0.15405634225106643
448,exit_at_first_0_5r,0.15405634225106643
448,exit_at_first_1_0r,0.15405634225106643
448,trail_0_5r_after_1_0r,0.15405634225106643
448,time_exit_after_4_bars_if_mfe_lt_0_3r,-0.0417226994028176
448,partial_50pct_at_1r,0.15405634225106643
449,baseline,-1.018951278543733
449,breakeven_after_0_5r,-1.018951278543733
449,breakeven_after_1_0r,-1.018951278543733
449,exit_at_first_0_5r,-1.018951278543733
449,exit_at_first_1_0r,-1.018951278543733
449,trail_0_5r_after_1_0r,-1.018951278543733
449,time_exit_after_4_bars_if_mfe_lt_0_3r,-1.018951278543733
449,partial_50pct_at_1r,-1.018951278543733
450,baseline,0.3748390842295238
450,breakeven_after_0_5r,0.0
450,breakeven_after_1_0r,0.3748390842295238
450,exit_at_first_0_5r,0.5
450,exit_at_first_1_0r,0.3748390842295238
450,trail_0_5r_after_1_0r,0.3748390842295238
450,time_exit_after_4_bars_if_mfe_lt_0_3r,0.3748390842295238
450,partial_50pct_at_1r,0.3748390842295238
451,baseline,0.11557849788011794
451,breakeven_after_0_5r,0.11557849788011794
451,breakeven_after_1_0r,0.11557849788011794
451,exit_at_first_0_5r,0.11557849788011794
451,exit_at_first_1_0r,0.11557849788011794
451,trail_0_5r_after_1_0r,0.11557849788011794
451,time_exit_after_4_bars_if_mfe_lt_0_3r,0.11557849788011794
451,partial_50pct_at_1r,0.11557849788011794
452,baseline,1.3247991093277274
452,breakeven_after_0_5r,0.0
452,breakeven_after_1_0r,1.3247991093277274
452,exit_at_first_0_5r,0.5
452,exit_at_first_1_0r,1.0
452,trail_0_5r_after_1_0r,1.2898009913539192
452,time_exit_after_4_bars_if_mfe_lt_0_3r,1.3247991093277274
452,partial_50pct_at_1r,1.1623995546638637
453,baseline,0.2617039591641516
453,breakeven_after_0_5r,0.0
453,breakeven_after_1_0r,0.2617039591641516
453,exit_at_first_0_5r,0.5
453,exit_at_first_1_0r,0.2617039591641516
453,trail_0_5r_after_1_0r,0.2617039591641516
453,time_exit_after_4_bars_if_mfe_lt_0_3r,0.2617039591641516
453,partial_50pct_at_1r,0.2617039591641516
454,baseline,0.14722407182118344
454,breakeven_after_0_5r,0.14722407182118344
454,breakeven_after_1_0r,0.14722407182118344
454,exit_at_first_0_5r,0.14722407182118344
454,exit_at_first_1_0r,0.14722407182118344
454,trail_0_5r_after_1_0r,0.14722407182118344
454,time_exit_after_4_bars_if_mfe_lt_0_3r,-0.14013162689539646
454,partial_50pct_at_1r,0.14722407182118344
455,baseline,-1.0194482262810995
455,breakeven_after_0_5r,-1.0194482262810995
455,breakeven_after_1_0r,-1.0194482262810995
455,exit_at_first_0_5r,-1.0194482262810995
455,exit_at_first_1_0r,-1.0194482262810995
455,trail_0_5r_after_1_0r,-1.0194482262810995
455,time_exit_after_4_bars_if_mfe_lt_0_3r,-1.0194482262810995
455,partial_50pct_at_1r,-1.0194482262810995
456,baseline,-1.018667430418861
456,breakeven_after_0_5r,-1.018667430418861
456,breakeven_after_1_0r,-1.018667430418861
456,exit_at_first_0_5r,-1.018667430418861
456,exit_at_first_1_0r,-1.018667430418861
456,trail_0_5r_after_1_0r,-1.018667430418861
456,time_exit_after_4_bars_if_mfe_lt_0_3r,-1.018667430418861
456,partial_50pct_at_1r,-1.018667430418861
457,baseline,0.2748312767935542
457,breakeven_after_0_5r,0.0
457,breakeven_after_1_0r,0.2748312767935542
457,exit_at_first_0_5r,0.5
457,exit_at_first_1_0r,0.2748312767935542
457,trail_0_5r_after_1_0r,0.2748312767935542
457,time_exit_after_4_bars_if_mfe_lt_0_3r,0.2748312767935542
457,partial_50pct_at_1r,0.2748312767935542
458,baseline,1.146758605217135
458,breakeven_after_0_5r,0.0
458,breakeven_after_1_0r,1.146758605217135
458,exit_at_first_0_5r,0.5
458,exit_at_first_1_0r,1.0
458,trail_0_5r_after_1_0r,1.0007884974396541
458,time_exit_after_4_bars_if_mfe_lt_0_3r,1.146758605217135
458,partial_50pct_at_1r,1.0733793026085676
459,baseline,-0.4393932544440418
459,breakeven_after_0_5r,-0.4393932544440418
459,breakeven_after_1_0r,-0.4393932544440418
459,exit_at_first_0_5r,-0.4393932544440418
459,exit_at_first_1_0r,-0.4393932544440418
459,trail_0_5r_after_1_0r,-0.4393932544440418
459,time_exit_after_4_bars_if_mfe_lt_0_3r,-0.09946692388244341
459,partial_50pct_at_1r,-0.4393932544440418
460,baseline,0.2667809795554714
460,breakeven_after_0_5r,0.2667809795554714
460,breakeven_after_1_0r,0.2667809795554714
460,exit_at_first_0_5r,0.5
460,exit_at_first_1_0r,0.2667809795554714
460,trail_0_5r_after_1_0r,0.2667809795554714
460,time_exit_after_4_bars_if_mfe_lt_0_3r,0.2667809795554714
460,partial_50pct_at_1r,0.2667809795554714
461,baseline,0.31338776209047337
461,breakeven_after_0_5r,0.0
461,breakeven_after_1_0r,0.31338776209047337
461,exit_at_first_0_5r,0.5
461,exit_at_first_1_0r,0.31338776209047337
461,trail_0_5r_after_1_0r,0.31338776209047337
461,time_exit_after_4_bars_if_mfe_lt_0_3r,0.31338776209047337
461,partial_50pct_at_1r,0.31338776209047337
462,baseline,0.8675956213323384
462,breakeven_after_0_5r,0.8675956213323384
462,breakeven_after_1_0r,0.8675956213323384
462,exit_at_first_0_5r,0.5
462,exit_at_first_1_0r,1.0
462,trail_0_5r_after_1_0r,0.8675956213323384
462,time_exit_after_4_bars_if_mfe_lt_0_3r,0.8675956213323384
462,partial_50pct_at_1r,0.9337978106661692
463,baseline,0.2783913974584309
463,breakeven_after_0_5r,0.2783913974584309
463,breakeven_after_1_0r,0.2783913974584309
463,exit_at_first_0_5r,0.5
463,exit_at_first_1_0r,0.2783913974584309
463,trail_0_5r_after_1_0r,0.2783913974584309
463,time_exit_after_4_bars_if_mfe_lt_0_3r,-2.1894116222206487e-14
463,partial_50pct_at_1r,0.2783913974584309
464,baseline,-0.2834089124995094
464,breakeven_after_0_5r,-0.2834089124995094
464,breakeven_after_1_0r,-0.2834089124995094
464,exit_at_first_0_5r,-0.2834089124995094
464,exit_at_first_1_0r,-0.2834089124995094
464,trail_0_5r_after_1_0r,-0.2834089124995094
464,time_exit_after_4_bars_if_mfe_lt_0_3r,-0.2834089124995094
464,partial_50pct_at_1r,-0.2834089124995094
465,baseline,0.7219931713130109
465,breakeven_after_0_5r,0.7219931713130109
465,breakeven_after_1_0r,0.7219931713130109
465,exit_at_first_0_5r,0.5
465,exit_at_first_1_0r,1.0
465,trail_0_5r_after_1_0r,0.8681981644357519
465,time_exit_after_4_bars_if_mfe_lt_0_3r,0.7219931713130109
465,partial_50pct_at_1r,0.8609965856565054
466,baseline,0.13748422713584113
466,breakeven_after_0_5r,0.13748422713584113
466,breakeven_after_1_0r,0.13748422713584113
466,exit_at_first_0_5r,0.5
466,exit_at_first_1_0r,1.0
466,trail_0_5r_after_1_0r,1.2466233357298273
466,time_exit_after_4_bars_if_mfe_lt_0_3r,0.13748422713584113
466,partial_50pct_at_1r,0.5687421135679206
467,baseline,-0.28421058157752993
467,breakeven_after_0_5r,-0.28421058157752993
467,breakeven_after_1_0r,-0.28421058157752993
467,exit_at_first_0_5r,-0.28421058157752993
467,exit_at_first_1_0r,-0.28421058157752993
467,trail_0_5r_after_1_0r,-0.28421058157752993
467,time_exit_after_4_bars_if_mfe_lt_0_3r,-0.43301272786924555
467,partial_50pct_at_1r,-0.28421058157752993
468,baseline,-0.051826758002524974
468,breakeven_after_0_5r,0.0
468,breakeven_after_1_0r,-0.051826758002524974
468,exit_at_first_0_5r,0.5
468,exit_at_first_1_0r,-0.051826758002524974
468,trail_0_5r_after_1_0r,-0.051826758002524974
468,time_exit_after_4_bars_if_mfe_lt_0_3r,-0.051826758002524974
468,partial_50pct_at_1r,-0.051826758002524974
469,baseline,-1.0111322963777332
469,breakeven_after_0_5r,-1.0111322963777332
469,breakeven_after_1_0r,-1.0111322963777332
469,exit_at_first_0_5r,-1.0111322963777332
469,exit_at_first_1_0r,-1.0111322963777332
469,trail_0_5r_after_1_0r,-1.0111322963777332
469,time_exit_after_4_bars_if_mfe_lt_0_3r,-1.0111322963777332
469,partial_50pct_at_1r,-1.0111322963777332
470,baseline,0.14895633940159608
470,breakeven_after_0_5r,0.14895633940159608
470,breakeven_after_1_0r,0.14895633940159608
470,exit_at_first_0_5r,0.5
470,exit_at_first_1_0r,0.14895633940159608
470,trail_0_5r_after_1_0r,0.14895633940159608
470,time_exit_after_4_bars_if_mfe_lt_0_3r,0.14895633940159608
470,partial_50pct_at_1r,0.14895633940159608
471,baseline,0.45248914477566476
471,breakeven_after_0_5r,0.0
471,breakeven_after_1_0r,0.45248914477566476
471,exit_at_first_0_5r,0.5
471,exit_at_first_1_0r,1.0
471,trail_0_5r_after_1_0r,1.369758364056604
471,time_exit_after_4_bars_if_mfe_lt_0_3r,0.45248914477566476
471,partial_50pct_at_1r,0.7262445723878324
472,baseline,0.24152588787586515
472,breakeven_after_0_5r,0.0
472,breakeven_after_1_0r,0.24152588787586515
472,exit_at_first_0_5r,0.5
472,exit_at_first_1_0r,0.24152588787586515
472,trail_0_5r_after_1_0r,0.24152588787586515
472,time_exit_after_4_bars_if_mfe_lt_0_3r,0.24152588787586515
472,partial_50pct_at_1r,0.24152588787586515
473,baseline,-1.0101566133227973
473,breakeven_after_0_5r,-1.0101566133227973
473,breakeven_after_1_0r,-1.0101566133227973
473,exit_at_first_0_5r,-1.0101566133227973
473,exit_at_first_1_0r,-1.0101566133227973
473,trail_0_5r_after_1_0r,-1.0101566133227973
473,time_exit_after_4_bars_if_mfe_lt_0_3r,-1.0101566133227973
473,partial_50pct_at_1r,-1.0101566133227973
474,baseline,-1.0098976866291582
474,breakeven_after_0_5r,-1.0098976866291582
474,breakeven_after_1_0r,-1.0098976866291582
474,exit_at_first_0_5r,-1.0098976866291582
474,exit_at_first_1_0r,-1.0098976866291582
474,trail_0_5r_after_1_0r,-1.0098976866291582
474,time_exit_after_4_bars_if_mfe_lt_0_3r,-1.0098976866291582
474,partial_50pct_at_1r,-1.0098976866291582
475,baseline,0.1487973211510986
475,breakeven_after_0_5r,0.1487973211510986
475,breakeven_after_1_0r,0.1487973211510986
475,exit_at_first_0_5r,0.1487973211510986
475,exit_at_first_1_0r,0.1487973211510986
475,trail_0_5r_after_1_0r,0.1487973211510986
475,time_exit_after_4_bars_if_mfe_lt_0_3r,0.05668557970031641
475,partial_50pct_at_1r,0.1487973211510986
476,baseline,0.665090504147478
476,breakeven_after_0_5r,0.665090504147478
476,breakeven_after_1_0r,0.665090504147478
476,exit_at_first_0_5r,0.5
476,exit_at_first_1_0r,0.665090504147478
476,trail_0_5r_after_1_0r,0.665090504147478
476,time_exit_after_4_bars_if_mfe_lt_0_3r,0.665090504147478
476,partial_50pct_at_1r,0.665090504147478
477,baseline,-1.0149005633808876
477,breakeven_after_0_5r,-1.0149005633808876
477,breakeven_after_1_0r,-1.0149005633808876
477,exit_at_first_0_5r,-1.0149005633808876
477,exit_at_first_1_0r,-1.0149005633808876
477,trail_0_5r_after_1_0r,-1.0149005633808876
477,time_exit_after_4_bars_if_mfe_lt_0_3r,-1.050195419403644
477,partial_50pct_at_1r,-1.0149005633808876
478,baseline,0.6157723899573604
478,breakeven_after_0_5r,0.0
478,breakeven_after_1_0r,0.6157723899573604
478,exit_at_first_0_5r,0.5
478,exit_at_first_1_0r,0.6157723899573604
478,trail_0_5r_after_1_0r,0.6157723899573604
478,time_exit_after_4_bars_if_mfe_lt_0_3r,0.6157723899573604
478,partial_50pct_at_1r,0.6157723899573604
479,baseline,-1.0145255365476442
479,breakeven_after_0_5r,-1.0145255365476442
479,breakeven_after_1_0r,-1.0145255365476442
479,exit_at_first_0_5r,-1.0145255365476442
479,exit_at_first_1_0r,-1.0145255365476442
479,trail_0_5r_after_1_0r,-1.0145255365476442
479,time_exit_after_4_bars_if_mfe_lt_0_3r,-0.04789691101662593
479,partial_50pct_at_1r,-1.0145255365476442
480,baseline,0.11586478776352283
480,breakeven_after_0_5r,0.0
480,breakeven_after_1_0r,0.11586478776352283
480,exit_at_first_0_5r,0.5
480,exit_at_first_1_0r,0.11586478776352283
480,trail_0_5r_after_1_0r,0.11586478776352283
480,time_exit_after_4_bars_if_mfe_lt_0_3r,0.11586478776352283
480,partial_50pct_at_1r,0.11586478776352283
481,baseline,0.10128392561835314
481,breakeven_after_0_5r,0.0
481,breakeven_after_1_0r,0.10128392561835314
481,exit_at_first_0_5r,0.5
481,exit_at_first_1_0r,0.10128392561835314
481,trail_0_5r_after_1_0r,0.10128392561835314
481,time_exit_after_4_bars_if_mfe_lt_0_3r,0.10128392561835314
481,partial_50pct_at_1r,0.10128392561835314
482,baseline,-1.0203502452945798
482,breakeven_after_0_5r,-1.0203502452945798
482,breakeven_after_1_0r,-1.0203502452945798
482,exit_at_first_0_5r,-1.0203502452945798
482,exit_at_first_1_0r,-1.0203502452945798
482,trail_0_5r_after_1_0r,-1.0203502452945798
482,time_exit_after_4_bars_if_mfe_lt_0_3r,-1.0203502452945798
482,partial_50pct_at_1r,-1.0203502452945798
483,baseline,-1.0218068457058718
483,breakeven_after_0_5r,-1.0218068457058718
483,breakeven_after_1_0r,-1.0218068457058718
483,exit_at_first_0_5r,-1.0218068457058718
483,exit_at_first_1_0r,-1.0218068457058718
483,trail_0_5r_after_1_0r,-1.0218068457058718
483,time_exit_after_4_bars_if_mfe_lt_0_3r,-1.0218068457058718
483,partial_50pct_at_1r,-1.0218068457058718
484,baseline,0.200256193521789
484,breakeven_after_0_5r,0.0
484,breakeven_after_1_0r,0.200256193521789
484,exit_at_first_0_5r,0.5
484,exit_at_first_1_0r,0.200256193521789
484,trail_0_5r_after_1_0r,0.200256193521789
484,time_exit_after_4_bars_if_mfe_lt_0_3r,0.200256193521789
484,partial_50pct_at_1r,0.200256193521789
485,baseline,0.2840491834750809
485,breakeven_after_0_5r,0.0
485,breakeven_after_1_0r,0.2840491834750809
485,exit_at_first_0_5r,0.5
485,exit_at_first_1_0r,0.2840491834750809
485,trail_0_5r_after_1_0r,0.2840491834750809
485,time_exit_after_4_bars_if_mfe_lt_0_3r,-0.09863363292146658
485,partial_50pct_at_1r,0.2840491834750809
486,baseline,0.2747251724889557
486,breakeven_after_0_5r,0.2747251724889557
486,breakeven_after_1_0r,0.2747251724889557
486,exit_at_first_0_5r,0.5
486,exit_at_first_1_0r,0.2747251724889557
486,trail_0_5r_after_1_0r,0.2747251724889557
486,time_exit_after_4_bars_if_mfe_lt_0_3r,0.2747251724889557
486,partial_50pct_at_1r,0.2747251724889557
487,baseline,0.18940301747506888
487,breakeven_after_0_5r,0.0
487,breakeven_after_1_0r,0.18940301747506888
487,exit_at_first_0_5r,0.5
487,exit_at_first_1_0r,0.18940301747506888
487,trail_0_5r_after_1_0r,0.18940301747506888
487,time_exit_after_4_bars_if_mfe_lt_0_3r,0.18940301747506888
487,partial_50pct_at_1r,0.18940301747506888
488,baseline,0.11934512388512772
488,breakeven_after_0_5r,0.11934512388512772
488,breakeven_after_1_0r,0.11934512388512772
488,exit_at_first_0_5r,0.11934512388512772
488,exit_at_first_1_0r,0.11934512388512772
488,trail_0_5r_after_1_0r,0.11934512388512772
488,time_exit_after_4_bars_if_mfe_lt_0_3r,0.11934512388512772
488,partial_50pct_at_1r,0.11934512388512772
489,baseline,0.30406081271410496
489,breakeven_after_0_5r,0.0
489,breakeven_after_1_0r,0.30406081271410496
489,exit_at_first_0_5r,0.5
489,exit_at_first_1_0r,0.30406081271410496
489,trail_0_5r_after_1_0r,0.30406081271410496
489,time_exit_after_4_bars_if_mfe_lt_0_3r,0.30406081271410496
489,partial_50pct_at_1r,0.30406081271410496
490,baseline,-1.0174036551276786
490,breakeven_after_0_5r,-1.0174036551276786
490,breakeven_after_1_0r,-1.0174036551276786
490,exit_at_first_0_5r,-1.0174036551276786
490,exit_at_first_1_0r,-1.0174036551276786
490,trail_0_5r_after_1_0r,-1.0174036551276786
490,time_exit_after_4_bars_if_mfe_lt_0_3r,-1.0174036551276786
490,partial_50pct_at_1r,-1.0174036551276786
491,baseline,-0.03198885697507053
491,breakeven_after_0_5r,0.0
491,breakeven_after_1_0r,-0.03198885697507053
491,exit_at_first_0_5r,0.5
491,exit_at_first_1_0r,-0.03198885697507053
491,trail_0_5r_after_1_0r,-0.03198885697507053
491,time_exit_after_4_bars_if_mfe_lt_0_3r,-0.03198885697507053
491,partial_50pct_at_1r,-0.03198885697507053
492,baseline,0.12573435428569324
492,breakeven_after_0_5r,0.12573435428569324
492,breakeven_after_1_0r,0.12573435428569324
492,exit_at_first_0_5r,0.12573435428569324
492,exit_at_first_1_0r,0.12573435428569324
492,trail_0_5r_after_1_0r,0.12573435428569324
492,time_exit_after_4_bars_if_mfe_lt_0_3r,0.12573435428569324
492,partial_50pct_at_1r,0.12573435428569324
493,baseline,2.4801588372426497
493,breakeven_after_0_5r,2.4801588372426497
493,breakeven_after_1_0r,2.4801588372426497
493,exit_at_first_0_5r,0.5
493,exit_at_first_1_0r,1.0
493,trail_0_5r_after_1_0r,1.65476555747348
493,time_exit_after_4_bars_if_mfe_lt_0_3r,2.4801588372426497
493,partial_50pct_at_1r,1.7400794186213249
494,baseline,-0.06159657029919247
494,breakeven_after_0_5r,-0.06159657029919247
494,breakeven_after_1_0r,-0.06159657029919247
494,exit_at_first_0_5r,-0.06159657029919247
494,exit_at_first_1_0r,-0.06159657029919247
494,trail_0_5r_after_1_0r,-0.06159657029919247
494,time_exit_after_4_bars_if_mfe_lt_0_3r,-0.06159657029919247
494,partial_50pct_at_1r,-0.06159657029919247
495,baseline,-1.0162894043349944
495,breakeven_after_0_5r,-1.0162894043349944
495,breakeven_after_1_0r,-1.0162894043349944
495,exit_at_first_0_5r,-1.0162894043349944
495,exit_at_first_1_0r,-1.0162894043349944
495,trail_0_5r_after_1_0r,-1.0162894043349944
495,time_exit_after_4_bars_if_mfe_lt_0_3r,0.13859149215616023
495,partial_50pct_at_1r,-1.0162894043349944
496,baseline,-0.12795997973283962
496,breakeven_after_0_5r,-0.12795997973283962
496,breakeven_after_1_0r,-0.12795997973283962
496,exit_at_first_0_5r,-0.12795997973283962
496,exit_at_first_1_0r,-0.12795997973283962
496,trail_0_5r_after_1_0r,-0.12795997973283962
496,time_exit_after_4_bars_if_mfe_lt_0_3r,-0.10047554866958862
496,partial_50pct_at_1r,-0.12795997973283962
497,baseline,0.13014774425204723
497,breakeven_after_0_5r,0.13014774425204723
497,breakeven_after_1_0r,0.13014774425204723
497,exit_at_first_0_5r,0.13014774425204723
497,exit_at_first_1_0r,0.13014774425204723
497,trail_0_5r_after_1_0r,0.13014774425204723
497,time_exit_after_4_bars_if_mfe_lt_0_3r,0.13014774425204723
497,partial_50pct_at_1r,0.13014774425204723
498,baseline,0.1786046762570647
498,breakeven_after_0_5r,0.0
498,breakeven_after_1_0r,0.1786046762570647
498,exit_at_first_0_5r,0.5
498,exit_at_first_1_0r,0.1786046762570647
498,trail_0_5r_after_1_0r,0.1786046762570647
498,time_exit_after_4_bars_if_mfe_lt_0_3r,0.1786046762570647
498,partial_50pct_at_1r,0.1786046762570647
499,baseline,-0.3341407390745806
499,breakeven_after_0_5r,-0.3341407390745806
499,breakeven_after_1_0r,-0.3341407390745806
499,exit_at_first_0_5r,-0.3341407390745806
499,exit_at_first_1_0r,-0.3341407390745806
499,trail_0_5r_after_1_0r,-0.3341407390745806
499,time_exit_after_4_bars_if_mfe_lt_0_3r,-0.330228842363191
499,partial_50pct_at_1r,-0.3341407390745806
500,baseline,1.3340254996198666
500,breakeven_after_0_5r,0.0
500,breakeven_after_1_0r,0.0
500,exit_at_first_0_5r,0.5
500,exit_at_first_1_0r,1.0
500,trail_0_5r_after_1_0r,1.1093777243499001
500,time_exit_after_4_bars_if_mfe_lt_0_3r,1.3340254996198666
500,partial_50pct_at_1r,1.1670127498099334
501,baseline,0.32298306680857025
501,breakeven_after_0_5r,0.0
501,breakeven_after_1_0r,0.32298306680857025
501,exit_at_first_0_5r,0.5
501,exit_at_first_1_0r,1.0
501,trail_0_5r_after_1_0r,0.5355748105816338
501,time_exit_after_4_bars_if_mfe_lt_0_3r,0.32298306680857025
501,partial_50pct_at_1r,0.6614915334042851
502,baseline,0.6831198267551847
502,breakeven_after_0_5r,0.6831198267551847
502,breakeven_after_1_0r,0.6831198267551847
502,exit_at_first_0_5r,0.5
502,exit_at_first_1_0r,1.0
502,trail_0_5r_after_1_0r,0.7786783671189725
502,time_exit_after_4_bars_if_mfe_lt_0_3r,0.6831198267551847
502,partial_50pct_at_1r,0.8415599133775924
503,baseline,-1.0263560735471986
503,breakeven_after_0_5r,-1.0263560735471986
503,breakeven_after_1_0r,-1.0263560735471986
503,exit_at_first_0_5r,-1.0263560735471986
503,exit_at_first_1_0r,-1.0263560735471986
503,trail_0_5r_after_1_0r,-1.0263560735471986
503,time_exit_after_4_bars_if_mfe_lt_0_3r,-1.0263560735471986
503,partial_50pct_at_1r,-1.0263560735471986
504,baseline,-1.0250674567537845
504,breakeven_after_0_5r,-1.0250674567537845
504,breakeven_after_1_0r,-1.0250674567537845
504,exit_at_first_0_5r,-1.0250674567537845
504,exit_at_first_1_0r,-1.0250674567537845
504,trail_0_5r_after_1_0r,-1.0250674567537845
504,time_exit_after_4_bars_if_mfe_lt_0_3r,-1.0250674567537845
504,partial_50pct_at_1r,-1.0250674567537845
505,baseline,-0.2580835784774526
505,breakeven_after_0_5r,0.0
505,breakeven_after_1_0r,-0.2580835784774526
505,exit_at_first_0_5r,0.5
505,exit_at_first_1_0r,-0.2580835784774526
505,trail_0_5r_after_1_0r,-0.2580835784774526
505,time_exit_after_4_bars_if_mfe_lt_0_3r,-0.2580835784774526
505,partial_50pct_at_1r,-0.2580835784774526
506,baseline,0.41093247417625783
506,breakeven_after_0_5r,0.0
506,breakeven_after_1_0r,0.41093247417625783
506,exit_at_first_0_5r,0.5
506,exit_at_first_1_0r,0.41093247417625783
506,trail_0_5r_after_1_0r,0.41093247417625783
506,time_exit_after_4_bars_if_mfe_lt_0_3r,0.41093247417625783
506,partial_50pct_at_1r,0.41093247417625783
507,baseline,0.3357670257666004
507,breakeven_after_0_5r,0.3357670257666004
507,breakeven_after_1_0r,0.3357670257666004
507,exit_at_first_0_5r,0.5
507,exit_at_first_1_0r,1.0
507,trail_0_5r_after_1_0r,0.6627897279127173
507,time_exit_after_4_bars_if_mfe_lt_0_3r,0.3357670257666004
507,partial_50pct_at_1r,0.6678835128833002
508,baseline,-0.08266613673072419
508,breakeven_after_0_5r,-0.08266613673072419
508,breakeven_after_1_0r,-0.08266613673072419
508,exit_at_first_0_5r,-0.08266613673072419
508,exit_at_first_1_0r,-0.08266613673072419
508,trail_0_5r_after_1_0r,-0.08266613673072419
508,time_exit_after_4_bars_if_mfe_lt_0_3r,-0.08266613673072419
508,partial_50pct_at_1r,-0.08266613673072419
509,baseline,-1.0225804593158012
509,breakeven_after_0_5r,-1.0225804593158012
509,breakeven_after_1_0r,-1.0225804593158012
509,exit_at_first_0_5r,-1.0225804593158012
509,exit_at_first_1_0r,-1.0225804593158012
509,trail_0_5r_after_1_0r,-1.0225804593158012
509,time_exit_after_4_bars_if_mfe_lt_0_3r,-1.0225804593158012
509,partial_50pct_at_1r,-1.0225804593158012
510,baseline,0.8082695444850184
510,breakeven_after_0_5r,0.0
510,breakeven_after_1_0r,0.0
510,exit_at_first_0_5r,0.5
510,exit_at_first_1_0r,1.0
510,trail_0_5r_after_1_0r,0.5803869620165325
510,time_exit_after_4_bars_if_mfe_lt_0_3r,0.8082695444850184
510,partial_50pct_at_1r,0.9041347722425093
511,baseline,0.1441110944302913
511,breakeven_after_0_5r,0.0
511,breakeven_after_1_0r,0.1441110944302913
511,exit_at_first_0_5r,0.5
511,exit_at_first_1_0r,0.1441110944302913
511,trail_0_5r_after_1_0r,0.1441110944302913
511,time_exit_after_4_bars_if_mfe_lt_0_3r,0.1441110944302913
511,partial_50pct_at_1r,0.1441110944302913
512,baseline,0.2720339450780665
512,breakeven_after_0_5r,0.0
512,breakeven_after_1_0r,0.2720339450780665
512,exit_at_first_0_5r,0.5
512,exit_at_first_1_0r,0.2720339450780665
512,trail_0_5r_after_1_0r,0.2720339450780665
512,time_exit_after_4_bars_if_mfe_lt_0_3r,0.2720339450780665
512,partial_50pct_at_1r,0.2720339450780665
513,baseline,1.736399876129002
513,breakeven_after_0_5r,0.0
513,breakeven_after_1_0r,0.0
513,exit_at_first_0_5r,0.5
513,exit_at_first_1_0r,1.0
513,trail_0_5r_after_1_0r,1.5053244544649536
513,time_exit_after_4_bars_if_mfe_lt_0_3r,1.736399876129002
513,partial_50pct_at_1r,1.368199938064501
514,baseline,0.43902982547250713
514,breakeven_after_0_5r,0.43902982547250713
514,breakeven_after_1_0r,0.43902982547250713
514,exit_at_first_0_5r,0.5
514,exit_at_first_1_0r,0.43902982547250713
514,trail_0_5r_after_1_0r,0.43902982547250713
514,time_exit_after_4_bars_if_mfe_lt_0_3r,0.43902982547250713
514,partial_50pct_at_1r,0.43902982547250713
515,baseline,-1.032586154777144
515,breakeven_after_0_5r,-1.032586154777144
515,breakeven_after_1_0r,-1.032586154777144
515,exit_at_first_0_5r,-1.032586154777144
515,exit_at_first_1_0r,-1.032586154777144
515,trail_0_5r_after_1_0r,-1.032586154777144
515,time_exit_after_4_bars_if_mfe_lt_0_3r,-0.5554358802675414
515,partial_50pct_at_1r,-1.032586154777144
516,baseline,0.48611226608309993
516,breakeven_after_0_5r,0.48611226608309993
516,breakeven_after_1_0r,0.48611226608309993
516,exit_at_first_0_5r,0.5
516,exit_at_first_1_0r,0.48611226608309993
516,trail_0_5r_after_1_0r,0.48611226608309993
516,time_exit_after_4_bars_if_mfe_lt_0_3r,0.48611226608309993
516,partial_50pct_at_1r,0.48611226608309993
517,baseline,-0.22290945735812087
517,breakeven_after_0_5r,0.0
517,breakeven_after_1_0r,-0.22290945735812087
517,exit_at_first_0_5r,0.5
517,exit_at_first_1_0r,-0.22290945735812087
517,trail_0_5r_after_1_0r,-0.22290945735812087
517,time_exit_after_4_bars_if_mfe_lt_0_3r,-0.22290945735812087
517,partial_50pct_at_1r,-0.22290945735812087
518,baseline,0.17930943362524612
518,breakeven_after_0_5r,0.17930943362524612
518,breakeven_after_1_0r,0.17930943362524612
518,exit_at_first_0_5r,0.5
518,exit_at_first_1_0r,0.17930943362524612
518,trail_0_5r_after_1_0r,0.17930943362524612
518,time_exit_after_4_bars_if_mfe_lt_0_3r,0.17930943362524612
518,partial_50pct_at_1r,0.17930943362524612
519,baseline,0.1096641714629452
519,breakeven_after_0_5r,0.1096641714629452
519,breakeven_after_1_0r,0.1096641714629452
519,exit_at_first_0_5r,0.1096641714629452
519,exit_at_first_1_0r,0.1096641714629452
519,trail_0_5r_after_1_0r,0.1096641714629452
519,time_exit_after_4_bars_if_mfe_lt_0_3r,0.1096641714629452
519,partial_50pct_at_1r,0.1096641714629452
520,baseline,-1.033815916213993
520,breakeven_after_0_5r,-1.033815916213993
520,breakeven_after_1_0r,-1.033815916213993
520,exit_at_first_0_5r,-1.033815916213993
520,exit_at_first_1_0r,-1.033815916213993
520,trail_0_5r_after_1_0r,-1.033815916213993
520,time_exit_after_4_bars_if_mfe_lt_0_3r,-1.033815916213993
520,partial_50pct_at_1r,-1.033815916213993
521,baseline,-1.0319056099032202
521,breakeven_after_0_5r,-1.0319056099032202
521,breakeven_after_1_0r,-1.0319056099032202
521,exit_at_first_0_5r,-1.0319056099032202
521,exit_at_first_1_0r,-1.0319056099032202
521,trail_0_5r_after_1_0r,-1.0319056099032202
521,time_exit_after_4_bars_if_mfe_lt_0_3r,-0.6576019304459458
521,partial_50pct_at_1r,-1.0319056099032202
522,baseline,0.6225590917155817
522,breakeven_after_0_5r,0.6225590917155817
522,breakeven_after_1_0r,0.6225590917155817
522,exit_at_first_0_5r,0.5
522,exit_at_first_1_0r,0.6225590917155817
522,trail_0_5r_after_1_0r,0.6225590917155817
522,time_exit_after_4_bars_if_mfe_lt_0_3r,0.6225590917155817
522,partial_50pct_at_1r,0.6225590917155817
523,baseline,0.355406273617081
523,breakeven_after_0_5r,0.355406273617081
523,breakeven_after_1_0r,0.355406273617081
523,exit_at_first_0_5r,0.5
523,exit_at_first_1_0r,0.355406273617081
523,trail_0_5r_after_1_0r,0.355406273617081
523,time_exit_after_4_bars_if_mfe_lt_0_3r,0.355406273617081
523,partial_50pct_at_1r,0.355406273617081
524,baseline,0.9175642041194402
524,breakeven_after_0_5r,0.0
524,breakeven_after_1_0r,0.0
524,exit_at_first_0_5r,0.5
524,exit_at_first_1_0r,1.0
524,trail_0_5r_after_1_0r,1.0351031615600836
524,time_exit_after_4_bars_if_mfe_lt_0_3r,0.9175642041194402
524,partial_50pct_at_1r,0.95878210205972
525,baseline,-1.0305542417756
525,breakeven_after_0_5r,-1.0305542417756
525,breakeven_after_1_0r,-1.0305542417756
525,exit_at_first_0_5r,-1.0305542417756
525,exit_at_first_1_0r,-1.0305542417756
525,trail_0_5r_after_1_0r,-1.0305542417756
525,time_exit_after_4_bars_if_mfe_lt_0_3r,-1.0305542417756
525,partial_50pct_at_1r,-1.0305542417756
526,baseline,-1.0307939824300172
526,breakeven_after_0_5r,-1.0307939824300172
526,breakeven_after_1_0r,-1.0307939824300172
526,exit_at_first_0_5r,-1.0307939824300172
526,exit_at_first_1_0r,-1.0307939824300172
526,trail_0_5r_after_1_0r,-1.0307939824300172
526,time_exit_after_4_bars_if_mfe_lt_0_3r,-0.0889321869122932
526,partial_50pct_at_1r,-1.0307939824300172
527,baseline,-0.11971204553031276
527,breakeven_after_0_5r,-0.11971204553031276
527,breakeven_after_1_0r,-0.11971204553031276
527,exit_at_first_0_5r,-0.11971204553031276
527,exit_at_first_1_0r,-0.11971204553031276
527,trail_0_5r_after_1_0r,-0.11971204553031276
527,time_exit_after_4_bars_if_mfe_lt_0_3r,-0.11971204553031276
527,partial_50pct_at_1r,-0.11971204553031276
528,baseline,0.18498622823889085
528,breakeven_after_0_5r,0.0
528,breakeven_after_1_0r,0.18498622823889085
528,exit_at_first_0_5r,0.5
528,exit_at_first_1_0r,0.18498622823889085
528,trail_0_5r_after_1_0r,0.18498622823889085
528,time_exit_after_4_bars_if_mfe_lt_0_3r,0.18498622823889085
528,partial_50pct_at_1r,0.18498622823889085
529,baseline,0.08828299185221966
529,breakeven_after_0_5r,0.08828299185221966
529,breakeven_after_1_0r,0.08828299185221966
529,exit_at_first_0_5r,0.08828299185221966
529,exit_at_first_1_0r,0.08828299185221966
529,trail_0_5r_after_1_0r,0.08828299185221966
529,time_exit_after_4_bars_if_mfe_lt_0_3r,0.08828299185221966
529,partial_50pct_at_1r,0.08828299185221966
530,baseline,1.9076105260225953
530,breakeven_after_0_5r,0.0
530,breakeven_after_1_0r,1.9076105260225953
530,exit_at_first_0_5r,0.5
530,exit_at_first_1_0r,1.0
530,trail_0_5r_after_1_0r,1.8547391336319556
530,time_exit_after_4_bars_if_mfe_lt_0_3r,1.9076105260225953
530,partial_50pct_at_1r,1.4538052630112976
531,baseline,0.1570688694630668
531,breakeven_after_0_5r,0.0
531,breakeven_after_1_0r,0.1570688694630668
531,exit_at_first_0_5r,0.5
531,exit_at_first_1_0r,0.1570688694630668
531,trail_0_5r_after_1_0r,0.1570688694630668
531,time_exit_after_4_bars_if_mfe_lt_0_3r,0.1570688694630668
531,partial_50pct_at_1r,0.1570688694630668
532,baseline,0.2979268976575905
532,breakeven_after_0_5r,0.0
532,breakeven_after_1_0r,0.2979268976575905
532,exit_at_first_0_5r,0.5
532,exit_at_first_1_0r,0.2979268976575905
532,trail_0_5r_after_1_0r,0.2979268976575905
532,time_exit_after_4_bars_if_mfe_lt_0_3r,0.2979268976575905
532,partial_50pct_at_1r,0.2979268976575905
533,baseline,-0.0612453380945135
533,breakeven_after_0_5r,0.0
533,breakeven_after_1_0r,-0.0612453380945135
533,exit_at_first_0_5r,0.5
533,exit_at_first_1_0r,-0.0612453380945135
533,trail_0_5r_after_1_0r,-0.0612453380945135
533,time_exit_after_4_bars_if_mfe_lt_0_3r,-0.0612453380945135
533,partial_50pct_at_1r,-0.0612453380945135
534,baseline,0.18579628349147076
534,breakeven_after_0_5r,0.0
534,breakeven_after_1_0r,0.18579628349147076
534,exit_at_first_0_5r,0.5
534,exit_at_first_1_0r,0.18579628349147076
534,trail_0_5r_after_1_0r,0.18579628349147076
534,time_exit_after_4_bars_if_mfe_lt_0_3r,0.18579628349147076
534,partial_50pct_at_1r,0.18579628349147076
535,baseline,-1.0246704037452887
535,breakeven_after_0_5r,-1.0246704037452887
535,breakeven_after_1_0r,-1.0246704037452887
535,exit_at_first_0_5r,-1.0246704037452887
535,exit_at_first_1_0r,-1.0246704037452887
535,trail_0_5r_after_1_0r,-1.0246704037452887
535,time_exit_after_4_bars_if_mfe_lt_0_3r,-1.0246704037452887
535,partial_50pct_at_1r,-1.0246704037452887
536,baseline,-1.0238357297590381
536,breakeven_after_0_5r,-1.0238357297590381
536,breakeven_after_1_0r,-1.0238357297590381
536,exit_at_first_0_5r,-1.0238357297590381
536,exit_at_first_1_0r,-1.0238357297590381
536,trail_0_5r_after_1_0r,-1.0238357297590381
536,time_exit_after_4_bars_if_mfe_lt_0_3r,-0.33287278997716757
536,partial_50pct_at_1r,-1.0238357297590381
537,baseline,0.2029471163241688
537,breakeven_after_0_5r,0.2029471163241688
537,breakeven_after_1_0r,0.2029471163241688
537,exit_at_first_0_5r,0.5
537,exit_at_first_1_0r,0.2029471163241688
537,trail_0_5r_after_1_0r,0.2029471163241688
537,time_exit_after_4_bars_if_mfe_lt_0_3r,0.2029471163241688
537,partial_50pct_at_1r,0.2029471163241688
538,baseline,0.27487204739255294
538,breakeven_after_0_5r,0.0
538,breakeven_after_1_0r,0.27487204739255294
538,exit_at_first_0_5r,0.5
538,exit_at_first_1_0r,0.27487204739255294
538,trail_0_5r_after_1_0r,0.27487204739255294
538,time_exit_after_4_bars_if_mfe_lt_0_3r,-0.37166358752816225
538,partial_50pct_at_1r,0.27487204739255294
539,baseline,0.11381584340684583
539,breakeven_after_0_5r,0.11381584340684583
539,breakeven_after_1_0r,0.11381584340684583
539,exit_at_first_0_5r,0.11381584340684583
539,exit_at_first_1_0r,0.11381584340684583
539,trail_0_5r_after_1_0r,0.11381584340684583
539,time_exit_after_4_bars_if_mfe_lt_0_3r,0.11381584340684583
539,partial_50pct_at_1r,0.11381584340684583
540,baseline,0.20955484761744325
540,breakeven_after_0_5r,0.20955484761744325
540,breakeven_after_1_0r,0.20955484761744325
540,exit_at_first_0_5r,0.20955484761744325
540,exit_at_first_1_0r,0.20955484761744325
540,trail_0_5r_after_1_0r,0.20955484761744325
540,time_exit_after_4_bars_if_mfe_lt_0_3r,0.20955484761744325
540,partial_50pct_at_1r,0.20955484761744325
541,baseline,0.516207198647834
541,breakeven_after_0_5r,0.0
541,breakeven_after_1_0r,0.516207198647834
541,exit_at_first_0_5r,0.5
541,exit_at_first_1_0r,0.516207198647834
541,trail_0_5r_after_1_0r,0.516207198647834
541,time_exit_after_4_bars_if_mfe_lt_0_3r,0.516207198647834
541,partial_50pct_at_1r,0.516207198647834
542,baseline,-1.0240016001337617
542,breakeven_after_0_5r,-1.0240016001337617
542,breakeven_after_1_0r,-1.0240016001337617
542,exit_at_first_0_5r,-1.0240016001337617
542,exit_at_first_1_0r,-1.0240016001337617
542,trail_0_5r_after_1_0r,-1.0240016001337617
542,time_exit_after_4_bars_if_mfe_lt_0_3r,-1.0240016001337617
542,partial_50pct_at_1r,-1.0240016001337617
543,baseline,0.3008964008950681
543,breakeven_after_0_5r,0.3008964008950681
543,breakeven_after_1_0r,0.3008964008950681
543,exit_at_first_0_5r,0.5
543,exit_at_first_1_0r,0.3008964008950681
543,trail_0_5r_after_1_0r,0.3008964008950681
543,time_exit_after_4_bars_if_mfe_lt_0_3r,0.3008964008950681
543,partial_50pct_at_1r,0.3008964008950681
544,baseline,0.26321902891525545
544,breakeven_after_0_5r,0.0
544,breakeven_after_1_0r,0.26321902891525545
544,exit_at_first_0_5r,0.5
544,exit_at_first_1_0r,0.26321902891525545
544,trail_0_5r_after_1_0r,0.26321902891525545
544,time_exit_after_4_bars_if_mfe_lt_0_3r,0.26321902891525545
544,partial_50pct_at_1r,0.26321902891525545
545,baseline,1.0193496177177372
545,breakeven_after_0_5r,0.0
545,breakeven_after_1_0r,0.0
545,exit_at_first_0_5r,0.5
545,exit_at_first_1_0r,1.0
545,trail_0_5r_after_1_0r,0.7883745084406026
545,time_exit_after_4_bars_if_mfe_lt_0_3r,1.0193496177177372
545,partial_50pct_at_1r,1.0096748088588687
546,baseline,0.2535599857929738
546,breakeven_after_0_5r,0.2535599857929738
546,breakeven_after_1_0r,0.2535599857929738
546,exit_at_first_0_5r,0.5
546,exit_at_first_1_0r,0.2535599857929738
546,trail_0_5r_after_1_0r,0.2535599857929738
546,time_exit_after_4_bars_if_mfe_lt_0_3r,0.2535599857929738
546,partial_50pct_at_1r,0.2535599857929738
547,baseline,0.4916337401275878
547,breakeven_after_0_5r,0.4916337401275878
547,breakeven_after_1_0r,0.4916337401275878
547,exit_at_first_0_5r,0.5
547,exit_at_first_1_0r,0.4916337401275878
547,trail_0_5r_after_1_0r,0.4916337401275878
547,time_exit_after_4_bars_if_mfe_lt_0_3r,0.4916337401275878
547,partial_50pct_at_1r,0.4916337401275878
548,baseline,0.5482926694735829
548,breakeven_after_0_5r,0.0
548,breakeven_after_1_0r,0.5482926694735829
548,exit_at_first_0_5r,0.5
548,exit_at_first_1_0r,1.0
548,trail_0_5r_after_1_0r,1.5166973570221232
548,time_exit_after_4_bars_if_mfe_lt_0_3r,0.5482926694735829
548,partial_50pct_at_1r,0.7741463347367914
549,baseline,1.0987568763059112
549,breakeven_after_0_5r,1.0987568763059112
549,breakeven_after_1_0r,1.0987568763059112
549,exit_at_first_0_5r,0.5
549,exit_at_first_1_0r,1.0
549,trail_0_5r_after_1_0r,0.9929448252132398
549,time_exit_after_4_bars_if_mfe_lt_0_3r,1.0987568763059112
549,partial_50pct_at_1r,1.0493784381529556
550,baseline,0.11368292278856808
550,breakeven_after_0_5r,0.11368292278856808
550,breakeven_after_1_0r,0.11368292278856808
550,exit_at_first_0_5r,0.11368292278856808
550,exit_at_first_1_0r,0.11368292278856808
550,trail_0_5r_after_1_0r,0.11368292278856808
550,time_exit_after_4_bars_if_mfe_lt_0_3r,0.11368292278856808
550,partial_50pct_at_1r,0.11368292278856808
551,baseline,-1.0234768635852105
551,breakeven_after_0_5r,-1.0234768635852105
551,breakeven_after_1_0r,-1.0234768635852105
551,exit_at_first_0_5r,-1.0234768635852105
551,exit_at_first_1_0r,-1.0234768635852105
551,trail_0_5r_after_1_0r,-1.0234768635852105
551,time_exit_after_4_bars_if_mfe_lt_0_3r,-1.0234768635852105
551,partial_50pct_at_1r,-1.0234768635852105
552,baseline,1.3374455430126297
552,breakeven_after_0_5r,0.0
552,breakeven_after_1_0r,0.0
552,exit_at_first_0_5r,0.5
552,exit_at_first_1_0r,1.0
552,trail_0_5r_after_1_0r,1.1101547649810408
552,time_exit_after_4_bars_if_mfe_lt_0_3r,1.3374455430126297
552,partial_50pct_at_1r,1.1687227715063149
553,baseline,-0.06556587016918847
553,breakeven_after_0_5r,0.0
553,breakeven_after_1_0r,-0.06556587016918847
553,exit_at_first_0_5r,0.5
553,exit_at_first_1_0r,-0.06556587016918847
553,trail_0_5r_after_1_0r,-0.06556587016918847
553,time_exit_after_4_bars_if_mfe_lt_0_3r,-0.06556587016918847
553,partial_50pct_at_1r,-0.06556587016918847
554,baseline,-1.0238146575426168
554,breakeven_after_0_5r,-1.0238146575426168
554,breakeven_after_1_0r,-1.0238146575426168
554,exit_at_first_0_5r,-1.0238146575426168
554,exit_at_first_1_0r,-1.0238146575426168
554,trail_0_5r_after_1_0r,-1.0238146575426168
554,time_exit_after_4_bars_if_mfe_lt_0_3r,-1.0238146575426168
554,partial_50pct_at_1r,-1.0238146575426168
555,baseline,0.33951430709375763
555,breakeven_after_0_5r,0.0
555,breakeven_after_1_0r,0.33951430709375763
555,exit_at_first_0_5r,0.5
555,exit_at_first_1_0r,0.33951430709375763
555,trail_0_5r_after_1_0r,0.33951430709375763
555,time_exit_after_4_bars_if_mfe_lt_0_3r,-0.19581413260912653
555,partial_50pct_at_1r,0.33951430709375763
556,baseline,-1.0248248393164638
556,breakeven_after_0_5r,-1.0248248393164638
556,breakeven_after_1_0r,-1.0248248393164638
556,exit_at_first_0_5r,-1.0248248393164638
556,exit_at_first_1_0r,-1.0248248393164638
556,trail_0_5r_after_1_0r,-1.0248248393164638
556,time_exit_after_4_bars_if_mfe_lt_0_3r,-0.14676793673460986
556,partial_50pct_at_1r,-1.0248248393164638
557,baseline,-1.0261183643175305
557,breakeven_after_0_5r,-1.0261183643175305
557,breakeven_after_1_0r,-1.0261183643175305
557,exit_at_first_0_5r,-1.0261183643175305
557,exit_at_first_1_0r,-1.0261183643175305
557,trail_0_5r_after_1_0r,-1.0261183643175305
557,time_exit_after_4_bars_if_mfe_lt_0_3r,-1.0261183643175305
557,partial_50pct_at_1r,-1.0261183643175305
558,baseline,0.17613707460182296
558,breakeven_after_0_5r,0.17613707460182296
558,breakeven_after_1_0r,0.17613707460182296
558,exit_at_first_0_5r,0.17613707460182296
558,exit_at_first_1_0r,0.17613707460182296
558,trail_0_5r_after_1_0r,0.17613707460182296
558,time_exit_after_4_bars_if_mfe_lt_0_3r,0.17613707460182296
558,partial_50pct_at_1r,0.17613707460182296
559,baseline,-1.0261095077934284
559,breakeven_after_0_5r,-1.0261095077934284
559,breakeven_after_1_0r,-1.0261095077934284
559,exit_at_first_0_5r,-1.0261095077934284
559,exit_at_first_1_0r,-1.0261095077934284
559,trail_0_5r_after_1_0r,-1.0261095077934284
559,time_exit_after_4_bars_if_mfe_lt_0_3r,-0.006659399544332341
559,partial_50pct_at_1r,-1.0261095077934284
560,baseline,0.34482035308190784
560,breakeven_after_0_5r,0.0
560,breakeven_after_1_0r,0.34482035308190784
560,exit_at_first_0_5r,0.5
560,exit_at_first_1_0r,0.34482035308190784
560,trail_0_5r_after_1_0r,0.34482035308190784
560,time_exit_after_4_bars_if_mfe_lt_0_3r,0.34482035308190784
560,partial_50pct_at_1r,0.34482035308190784
561,baseline,0.10307665313871749
561,breakeven_after_0_5r,0.10307665313871749
561,breakeven_after_1_0r,0.10307665313871749
561,exit_at_first_0_5r,0.10307665313871749
561,exit_at_first_1_0r,0.10307665313871749
561,trail_0_5r_after_1_0r,0.10307665313871749
561,time_exit_after_4_bars_if_mfe_lt_0_3r,-0.5611996011298505
561,partial_50pct_at_1r,0.10307665313871749
562,baseline,0.19665181708468818
562,breakeven_after_0_5r,0.19665181708468818
562,breakeven_after_1_0r,0.19665181708468818
562,exit_at_first_0_5r,0.5
562,exit_at_first_1_0r,0.19665181708468818
562,trail_0_5r_after_1_0r,0.19665181708468818
562,time_exit_after_4_bars_if_mfe_lt_0_3r,0.19665181708468818
562,partial_50pct_at_1r,0.19665181708468818
563,baseline,0.4063932320305481
563,breakeven_after_0_5r,0.0
563,breakeven_after_1_0r,0.0
563,exit_at_first_0_5r,0.5
563,exit_at_first_1_0r,1.0
563,trail_0_5r_after_1_0r,0.6544771290874669
563,time_exit_after_4_bars_if_mfe_lt_0_3r,0.4063932320305481
563,partial_50pct_at_1r,0.7031966160152741
564,baseline,0.197165174865959
564,breakeven_after_0_5r,0.0
564,breakeven_after_1_0r,0.197165174865959
564,exit_at_first_0_5r,0.5
564,exit_at_first_1_0r,0.197165174865959
564,trail_0_5r_after_1_0r,0.197165174865959
564,time_exit_after_4_bars_if_mfe_lt_0_3r,0.197165174865959
564,partial_50pct_at_1r,0.197165174865959
565,baseline,0.5045292732065164
565,breakeven_after_0_5r,0.5045292732065164
565,breakeven_after_1_0r,0.5045292732065164
565,exit_at_first_0_5r,0.5
565,exit_at_first_1_0r,0.5045292732065164
565,trail_0_5r_after_1_0r,0.5045292732065164
565,time_exit_after_4_bars_if_mfe_lt_0_3r,0.5045292732065164
565,partial_50pct_at_1r,0.5045292732065164
566,baseline,-1.0382737600410348
566,breakeven_after_0_5r,0.0
566,breakeven_after_1_0r,-1.0382737600410348
566,exit_at_first_0_5r,0.5
566,exit_at_first_1_0r,-1.0382737600410348
566,trail_0_5r_after_1_0r,-1.0382737600410348
566,time_exit_after_4_bars_if_mfe_lt_0_3r,-0.08612001279882632
566,partial_50pct_at_1r,-1.0382737600410348
567,baseline,-0.18411908500316598
567,breakeven_after_0_5r,0.0
567,breakeven_after_1_0r,-0.18411908500316598
567,exit_at_first_0_5r,0.5
567,exit_at_first_1_0r,-0.18411908500316598
567,trail_0_5r_after_1_0r,-0.18411908500316598
567,time_exit_after_4_bars_if_mfe_lt_0_3r,-0.18411908500316598
567,partial_50pct_at_1r,-0.18411908500316598
568,baseline,0.7972061564116808
568,breakeven_after_0_5r,0.0
568,breakeven_after_1_0r,0.0
568,exit_at_first_0_5r,0.5
568,exit_at_first_1_0r,1.0
568,trail_0_5r_after_1_0r,0.583999132670147
568,time_exit_after_4_bars_if_mfe_lt_0_3r,0.7972061564116808
568,partial_50pct_at_1r,0.8986030782058404
569,baseline,0.15403801070038045
569,breakeven_after_0_5r,0.15403801070038045
569,breakeven_after_1_0r,0.15403801070038045
569,exit_at_first_0_5r,0.15403801070038045
569,exit_at_first_1_0r,0.15403801070038045
569,trail_0_5r_after_1_0r,0.15403801070038045
569,time_exit_after_4_bars_if_mfe_lt_0_3r,0.15403801070038045
569,partial_50pct_at_1r,0.15403801070038045
570,baseline,0.4400038743778062
570,breakeven_after_0_5r,0.4400038743778062
570,breakeven_after_1_0r,0.4400038743778062
570,exit_at_first_0_5r,0.5
570,exit_at_first_1_0r,0.4400038743778062
570,trail_0_5r_after_1_0r,0.4400038743778062
570,time_exit_after_4_bars_if_mfe_lt_0_3r,0.4400038743778062
570,partial_50pct_at_1r,0.4400038743778062
571,baseline,-1.0383292504651305
571,breakeven_after_0_5r,-1.0383292504651305
571,breakeven_after_1_0r,-1.0383292504651305
571,exit_at_first_0_5r,-1.0383292504651305
571,exit_at_first_1_0r,-1.0383292504651305
571,trail_0_5r_after_1_0r,-1.0383292504651305
571,time_exit_after_4_bars_if_mfe_lt_0_3r,-0.7198029242139826
571,partial_50pct_at_1r,-1.0383292504651305
572,baseline,-1.0384092364588078
572,breakeven_after_0_5r,-1.0384092364588078
572,breakeven_after_1_0r,-1.0384092364588078
572,exit_at_first_0_5r,-1.0384092364588078
572,exit_at_first_1_0r,-1.0384092364588078
572,trail_0_5r_after_1_0r,-1.0384092364588078
572,time_exit_after_4_bars_if_mfe_lt_0_3r,-1.0384092364588078
572,partial_50pct_at_1r,-1.0384092364588078
573,baseline,0.471281662509633
573,breakeven_after_0_5r,0.471281662509633
573,breakeven_after_1_0r,0.471281662509633
573,exit_at_first_0_5r,0.5
573,exit_at_first_1_0r,1.0
573,trail_0_5r_after_1_0r,0.5058226085776234
573,time_exit_after_4_bars_if_mfe_lt_0_3r,0.471281662509633
573,partial_50pct_at_1r,0.7356408312548165
574,baseline,0.6024003818045418
574,breakeven_after_0_5r,0.0
574,breakeven_after_1_0r,0.6024003818045418
574,exit_at_first_0_5r,0.5
574,exit_at_first_1_0r,0.6024003818045418
574,trail_0_5r_after_1_0r,0.6024003818045418
574,time_exit_after_4_bars_if_mfe_lt_0_3r,0.6024003818045418
574,partial_50pct_at_1r,0.6024003818045418
575,baseline,0.5269641642272399
575,breakeven_after_0_5r,0.5269641642272399
575,breakeven_after_1_0r,0.5269641642272399
575,exit_at_first_0_5r,0.5
575,exit_at_first_1_0r,0.5269641642272399
575,trail_0_5r_after_1_0r,0.5269641642272399
575,time_exit_after_4_bars_if_mfe_lt_0_3r,0.5269641642272399
575,partial_50pct_at_1r,0.5269641642272399
576,baseline,-1.0445483991807596
576,breakeven_after_0_5r,-1.0445483991807596
576,breakeven_after_1_0r,-1.0445483991807596
576,exit_at_first_0_5r,-1.0445483991807596
576,exit_at_first_1_0r,-1.0445483991807596
576,trail_0_5r_after_1_0r,-1.0445483991807596
576,time_exit_after_4_bars_if_mfe_lt_0_3r,-1.0445483991807596
576,partial_50pct_at_1r,-1.0445483991807596
577,baseline,0.1784469575335867
577,breakeven_after_0_5r,0.1784469575335867
577,breakeven_after_1_0r,0.1784469575335867
577,exit_at_first_0_5r,0.1784469575335867
577,exit_at_first_1_0r,0.1784469575335867
577,trail_0_5r_after_1_0r,0.1784469575335867
577,time_exit_after_4_bars_if_mfe_lt_0_3r,0.1784469575335867
577,partial_50pct_at_1r,0.1784469575335867
578,baseline,-1.0424321785962756
578,breakeven_after_0_5r,-1.0424321785962756
578,breakeven_after_1_0r,-1.0424321785962756
578,exit_at_first_0_5r,-1.0424321785962756
578,exit_at_first_1_0r,-1.0424321785962756
578,trail_0_5r_after_1_0r,-1.0424321785962756
578,time_exit_after_4_bars_if_mfe_lt_0_3r,-1.0424321785962756
578,partial_50pct_at_1r,-1.0424321785962756
579,baseline,0.15412830114210097
579,breakeven_after_0_5r,0.15412830114210097
579,breakeven_after_1_0r,0.15412830114210097
579,exit_at_first_0_5r,0.5
579,exit_at_first_1_0r,0.15412830114210097
579,trail_0_5r_after_1_0r,0.15412830114210097
579,time_exit_after_4_bars_if_mfe_lt_0_3r,0.15412830114210097
579,partial_50pct_at_1r,0.15412830114210097
580,baseline,0.2577720956827328
580,breakeven_after_0_5r,0.0
580,breakeven_after_1_0r,0.2577720956827328
580,exit_at_first_0_5r,0.5
580,exit_at_first_1_0r,0.2577720956827328
580,trail_0_5r_after_1_0r,0.2577720956827328
580,time_exit_after_4_bars_if_mfe_lt_0_3r,0.2577720956827328
580,partial_50pct_at_1r,0.2577720956827328
581,baseline,-1.0416944693005992
581,breakeven_after_0_5r,-1.0416944693005992
581,breakeven_after_1_0r,-1.0416944693005992
581,exit_at_first_0_5r,-1.0416944693005992
581,exit_at_first_1_0r,-1.0416944693005992
581,trail_0_5r_after_1_0r,-1.0416944693005992
581,time_exit_after_4_bars_if_mfe_lt_0_3r,-1.0416944693005992
581,partial_50pct_at_1r,-1.0416944693005992
582,baseline,0.7634355259387384
582,breakeven_after_0_5r,0.0
582,breakeven_after_1_0r,0.0
582,exit_at_first_0_5r,0.5
582,exit_at_first_1_0r,1.0
582,trail_0_5r_after_1_0r,0.5494152841256219
582,time_exit_after_4_bars_if_mfe_lt_0_3r,0.7634355259387384
582,partial_50pct_at_1r,0.8817177629693692
583,baseline,-1.0351398026298027
583,breakeven_after_0_5r,-1.0351398026298027
583,breakeven_after_1_0r,-1.0351398026298027
583,exit_at_first_0_5r,-1.0351398026298027
583,exit_at_first_1_0r,-1.0351398026298027
583,trail_0_5r_after_1_0r,-1.0351398026298027
583,time_exit_after_4_bars_if_mfe_lt_0_3r,-1.0351398026298027
583,partial_50pct_at_1r,-1.0351398026298027
584,baseline,0.6620532123785445
584,breakeven_after_0_5r,0.6620532123785445
584,breakeven_after_1_0r,0.6620532123785445
584,exit_at_first_0_5r,0.5
584,exit_at_first_1_0r,1.0
584,trail_0_5r_after_1_0r,0.5220120991555111
584,time_exit_after_4_bars_if_mfe_lt_0_3r,0.6620532123785445
584,partial_50pct_at_1r,0.8310266061892723
585,baseline,0.8253073132778136
585,breakeven_after_0_5r,0.0
585,breakeven_after_1_0r,0.0
585,exit_at_first_0_5r,0.5
585,exit_at_first_1_0r,1.0
585,trail_0_5r_after_1_0r,0.7585951267790045
585,time_exit_after_4_bars_if_mfe_lt_0_3r,-0.2721286760603065
585,partial_50pct_at_1r,0.9126536566389067
586,baseline,-1.0427699450967145
586,breakeven_after_0_5r,-1.0427699450967145
586,breakeven_after_1_0r,-1.0427699450967145
586,exit_at_first_0_5r,-1.0427699450967145
586,exit_at_first_1_0r,-1.0427699450967145
586,trail_0_5r_after_1_0r,-1.0427699450967145
586,time_exit_after_4_bars_if_mfe_lt_0_3r,-1.0427699450967145
586,partial_50pct_at_1r,-1.0427699450967145
587,baseline,0.2550220404604253
587,breakeven_after_0_5r,0.0
587,breakeven_after_1_0r,0.2550220404604253
587,exit_at_first_0_5r,0.5
587,exit_at_first_1_0r,0.2550220404604253
587,trail_0_5r_after_1_0r,0.2550220404604253
587,time_exit_after_4_bars_if_mfe_lt_0_3r,0.2550220404604253
587,partial_50pct_at_1r,0.2550220404604253
588,baseline,0.09752778751123743
588,breakeven_after_0_5r,0.0
588,breakeven_after_1_0r,0.09752778751123743
588,exit_at_first_0_5r,0.5
588,exit_at_first_1_0r,0.09752778751123743
588,trail_0_5r_after_1_0r,0.09752778751123743
588,time_exit_after_4_bars_if_mfe_lt_0_3r,0.09752778751123743
588,partial_50pct_at_1r,0.09752778751123743
589,baseline,0.266276282586552
589,breakeven_after_0_5r,0.0
589,breakeven_after_1_0r,0.266276282586552
589,exit_at_first_0_5r,0.5
589,exit_at_first_1_0r,0.266276282586552
589,trail_0_5r_after_1_0r,0.266276282586552
589,time_exit_after_4_bars_if_mfe_lt_0_3r,0.266276282586552
589,partial_50pct_at_1r,0.266276282586552
590,baseline,0.3250909889341546
590,breakeven_after_0_5r,0.3250909889341546
590,breakeven_after_1_0r,0.3250909889341546
590,exit_at_first_0_5r,0.5
590,exit_at_first_1_0r,1.0
590,trail_0_5r_after_1_0r,0.620531815825693
590,time_exit_after_4_bars_if_mfe_lt_0_3r,-0.3217937522371168
590,partial_50pct_at_1r,0.6625454944670773
591,baseline,-1.0443654086420961
591,breakeven_after_0_5r,-1.0443654086420961
591,breakeven_after_1_0r,-1.0443654086420961
591,exit_at_first_0_5r,-1.0443654086420961
591,exit_at_first_1_0r,-1.0443654086420961
591,trail_0_5r_after_1_0r,-1.0443654086420961
591,time_exit_after_4_bars_if_mfe_lt_0_3r,-0.602515298218593
591,partial_50pct_at_1r,-1.0443654086420961
592,baseline,-1.0406303426682295
592,breakeven_after_0_5r,-1.0406303426682295
592,breakeven_after_1_0r,-1.0406303426682295
592,exit_at_first_0_5r,-1.0406303426682295
592,exit_at_first_1_0r,-1.0406303426682295
592,trail_0_5r_after_1_0r,-1.0406303426682295
592,time_exit_after_4_bars_if_mfe_lt_0_3r,-1.0406303426682295
592,partial_50pct_at_1r,-1.0406303426682295
593,baseline,0.5951664863424313
593,breakeven_after_0_5r,0.0
593,breakeven_after_1_0r,0.5951664863424313
593,exit_at_first_0_5r,0.5
593,exit_at_first_1_0r,1.0
593,trail_0_5r_after_1_0r,0.5572056770853118
593,time_exit_after_4_bars_if_mfe_lt_0_3r,0.5951664863424313
593,partial_50pct_at_1r,0.7975832431712157
594,baseline,-1.0374508441589185
594,breakeven_after_0_5r,-1.0374508441589185
594,breakeven_after_1_0r,-1.0374508441589185
594,exit_at_first_0_5r,-1.0374508441589185
594,exit_at_first_1_0r,-1.0374508441589185
594,trail_0_5r_after_1_0r,-1.0374508441589185
594,time_exit_after_4_bars_if_mfe_lt_0_3r,-0.7510196021173536
594,partial_50pct_at_1r,-1.0374508441589185
595,baseline,-1.0398874718579902
595,breakeven_after_0_5r,-1.0398874718579902
595,breakeven_after_1_0r,-1.0398874718579902
595,exit_at_first_0_5r,-1.0398874718579902
595,exit_at_first_1_0r,-1.0398874718579902
595,trail_0_5r_after_1_0r,-1.0398874718579902
595,time_exit_after_4_bars_if_mfe_lt_0_3r,-1.0398874718579902
595,partial_50pct_at_1r,-1.0398874718579902
596,baseline,0.09078996900699358
596,breakeven_after_0_5r,0.09078996900699358
596,breakeven_after_1_0r,0.09078996900699358
596,exit_at_first_0_5r,0.09078996900699358
596,exit_at_first_1_0r,0.09078996900699358
596,trail_0_5r_after_1_0r,0.09078996900699358
596,time_exit_after_4_bars_if_mfe_lt_0_3r,-0.20026533654770198
596,partial_50pct_at_1r,0.09078996900699358
597,baseline,0.8078363812894374
597,breakeven_after_0_5r,0.0
597,breakeven_after_1_0r,0.0
597,exit_at_first_0_5r,0.5
597,exit_at_first_1_0r,1.0
597,trail_0_5r_after_1_0r,0.5994700163775954
597,time_exit_after_4_bars_if_mfe_lt_0_3r,0.8078363812894374
597,partial_50pct_at_1r,0.9039181906447187
598,baseline,1.2567505441122095
598,breakeven_after_0_5r,0.0
598,breakeven_after_1_0r,1.2567505441122095
598,exit_at_first_0_5r,0.5
598,exit_at_first_1_0r,1.0
598,trail_0_5r_after_1_0r,1.420289709495733
598,time_exit_after_4_bars_if_mfe_lt_0_3r,1.2567505441122095
598,partial_50pct_at_1r,1.1283752720561049
599,baseline,0.30440839818264587
599,breakeven_after_0_5r,0.0
599,breakeven_after_1_0r,0.30440839818264587
599,exit_at_first_0_5r,0.5
599,exit_at_first_1_0r,1.0
599,trail_0_5r_after_1_0r,0.8003927996625679
599,time_exit_after_4_bars_if_mfe_lt_0_3r,0.30440839818264587
599,partial_50pct_at_1r,0.652204199091323
600,baseline,0.08774184392188218
600,breakeven_after_0_5r,0.08774184392188218
600,breakeven_after_1_0r,0.08774184392188218
600,exit_at_first_0_5r,0.08774184392188218
600,exit_at_first_1_0r,0.08774184392188218
600,trail_0_5r_after_1_0r,0.08774184392188218
600,time_exit_after_4_bars_if_mfe_lt_0_3r,0.08774184392188218
600,partial_50pct_at_1r,0.08774184392188218
601,baseline,-0.42325281531482284
601,breakeven_after_0_5r,-0.42325281531482284
601,breakeven_after_1_0r,-0.42325281531482284
601,exit_at_first_0_5r,-0.42325281531482284
601,exit_at_first_1_0r,-0.42325281531482284
601,trail_0_5r_after_1_0r,-0.42325281531482284
601,time_exit_after_4_bars_if_mfe_lt_0_3r,-0.42325281531482284
601,partial_50pct_at_1r,-0.42325281531482284
602,baseline,0.3051571351069375
602,breakeven_after_0_5r,0.3051571351069375
602,breakeven_after_1_0r,0.3051571351069375
602,exit_at_first_0_5r,0.5
602,exit_at_first_1_0r,0.3051571351069375
602,trail_0_5r_after_1_0r,0.3051571351069375
602,time_exit_after_4_bars_if_mfe_lt_0_3r,-0.01092892781542728
602,partial_50pct_at_1r,0.3051571351069375
603,baseline,0.40475922799499153
603,breakeven_after_0_5r,0.0
603,breakeven_after_1_0r,0.40475922799499153
603,exit_at_first_0_5r,0.5
603,exit_at_first_1_0r,0.40475922799499153
603,trail_0_5r_after_1_0r,0.40475922799499153
603,time_exit_after_4_bars_if_mfe_lt_0_3r,-0.21986537819257496
603,partial_50pct_at_1r,0.40475922799499153
604,baseline,-1.0484153877561004
604,breakeven_after_0_5r,-1.0484153877561004
604,breakeven_after_1_0r,-1.0484153877561004
604,exit_at_first_0_5r,-1.0484153877561004
604,exit_at_first_1_0r,-1.0484153877561004
604,trail_0_5r_after_1_0r,-1.0484153877561004
604,time_exit_after_4_bars_if_mfe_lt_0_3r,-1.0484153877561004
604,partial_50pct_at_1r,-1.0484153877561004
605,baseline,0.03391691309462525
605,breakeven_after_0_5r,0.03391691309462525
605,breakeven_after_1_0r,0.03391691309462525
605,exit_at_first_0_5r,0.03391691309462525
605,exit_at_first_1_0r,0.03391691309462525
605,trail_0_5r_after_1_0r,0.03391691309462525
605,time_exit_after_4_bars_if_mfe_lt_0_3r,0.03391691309462525
605,partial_50pct_at_1r,0.03391691309462525
606,baseline,-0.6109770979790987
606,breakeven_after_0_5r,-0.6109770979790987
606,breakeven_after_1_0r,-0.6109770979790987
606,exit_at_first_0_5r,-0.6109770979790987
606,exit_at_first_1_0r,-0.6109770979790987
606,trail_0_5r_after_1_0r,-0.6109770979790987
606,time_exit_after_4_bars_if_mfe_lt_0_3r,-0.23732843188624228
606,partial_50pct_at_1r,-0.6109770979790987
607,baseline,0.07606005486427452
607,breakeven_after_0_5r,0.07606005486427452
607,breakeven_after_1_0r,0.07606005486427452
607,exit_at_first_0_5r,0.07606005486427452
607,exit_at_first_1_0r,0.07606005486427452
607,trail_0_5r_after_1_0r,0.07606005486427452
607,time_exit_after_4_bars_if_mfe_lt_0_3r,0.07606005486427452
607,partial_50pct_at_1r,0.07606005486427452
608,baseline,-0.09474772743762369
608,breakeven_after_0_5r,-0.09474772743762369
608,breakeven_after_1_0r,-0.09474772743762369
608,exit_at_first_0_5r,-0.09474772743762369
608,exit_at_first_1_0r,-0.09474772743762369
608,trail_0_5r_after_1_0r,-0.09474772743762369
608,time_exit_after_4_bars_if_mfe_lt_0_3r,-0.09474772743762369
608,partial_50pct_at_1r,-0.09474772743762369
609,baseline,0.25627761079930755
609,breakeven_after_0_5r,0.0
609,breakeven_after_1_0r,0.25627761079930755
609,exit_at_first_0_5r,0.5
609,exit_at_first_1_0r,0.25627761079930755
609,trail_0_5r_after_1_0r,0.25627761079930755
609,time_exit_after_4_bars_if_mfe_lt_0_3r,0.25627761079930755
609,partial_50pct_at_1r,0.25627761079930755
610,baseline,0.2541776338231036
610,breakeven_after_0_5r,0.0
610,breakeven_after_1_0r,0.2541776338231036
610,exit_at_first_0_5r,0.5
610,exit_at_first_1_0r,0.2541776338231036
610,trail_0_5r_after_1_0r,0.2541776338231036
610,time_exit_after_4_bars_if_mfe_lt_0_3r,0.2541776338231036
610,partial_50pct_at_1r,0.2541776338231036
611,baseline,0.29584496811859645
611,breakeven_after_0_5r,0.0
611,breakeven_after_1_0r,0.29584496811859645
611,exit_at_first_0_5r,0.5
611,exit_at_first_1_0r,0.29584496811859645
611,trail_0_5r_after_1_0r,0.29584496811859645
611,time_exit_after_4_bars_if_mfe_lt_0_3r,0.29584496811859645
611,partial_50pct_at_1r,0.29584496811859645
612,baseline,0.2423476996820163
612,breakeven_after_0_5r,0.2423476996820163
612,breakeven_after_1_0r,0.2423476996820163
612,exit_at_first_0_5r,0.5
612,exit_at_first_1_0r,0.2423476996820163
612,trail_0_5r_after_1_0r,0.2423476996820163
612,time_exit_after_4_bars_if_mfe_lt_0_3r,0.2423476996820163
612,partial_50pct_at_1r,0.2423476996820163
613,baseline,0.032444730813009096
613,breakeven_after_0_5r,0.032444730813009096
613,breakeven_after_1_0r,0.032444730813009096
613,exit_at_first_0_5r,0.032444730813009096
613,exit_at_first_1_0r,0.032444730813009096
613,trail_0_5r_after_1_0r,0.032444730813009096
613,time_exit_after_4_bars_if_mfe_lt_0_3r,0.032444730813009096
613,partial_50pct_at_1r,0.032444730813009096
614,baseline,0.04391865000989552
614,breakeven_after_0_5r,0.04391865000989552
614,breakeven_after_1_0r,0.04391865000989552
614,exit_at_first_0_5r,0.04391865000989552
614,exit_at_first_1_0r,0.04391865000989552
614,trail_0_5r_after_1_0r,0.04391865000989552
614,time_exit_after_4_bars_if_mfe_lt_0_3r,0.07064788469660147
614,partial_50pct_at_1r,0.04391865000989552
615,baseline,0.09611581915138498
615,breakeven_after_0_5r,0.0
615,breakeven_after_1_0r,0.0
615,exit_at_first_0_5r,0.5
615,exit_at_first_1_0r,1.0
615,trail_0_5r_after_1_0r,0.6968272448294177
615,time_exit_after_4_bars_if_mfe_lt_0_3r,0.09611581915138498
615,partial_50pct_at_1r,0.5480579095756924
616,baseline,-1.034240493793933
616,breakeven_after_0_5r,-1.034240493793933
616,breakeven_after_1_0r,-1.034240493793933
616,exit_at_first_0_5r,-1.034240493793933
616,exit_at_first_1_0r,-1.034240493793933
616,trail_0_5r_after_1_0r,-1.034240493793933
616,time_exit_after_4_bars_if_mfe_lt_0_3r,-1.034240493793933
616,partial_50pct_at_1r,-1.034240493793933
617,baseline,-1.0338753506638159
617,breakeven_after_0_5r,-1.0338753506638159
617,breakeven_after_1_0r,-1.0338753506638159
617,exit_at_first_0_5r,-1.0338753506638159
617,exit_at_first_1_0r,-1.0338753506638159
617,trail_0_5r_after_1_0r,-1.0338753506638159
617,time_exit_after_4_bars_if_mfe_lt_0_3r,-1.0338753506638159
617,partial_50pct_at_1r,-1.0338753506638159
618,baseline,-1.0310815139063152
618,breakeven_after_0_5r,-1.0310815139063152
618,breakeven_after_1_0r,-1.0310815139063152
618,exit_at_first_0_5r,-1.0310815139063152
618,exit_at_first_1_0r,-1.0310815139063152
618,trail_0_5r_after_1_0r,-1.0310815139063152
618,time_exit_after_4_bars_if_mfe_lt_0_3r,-1.0310815139063152
618,partial_50pct_at_1r,-1.0310815139063152
619,baseline,-1.0302570835823956
619,breakeven_after_0_5r,-1.0302570835823956
619,breakeven_after_1_0r,-1.0302570835823956
619,exit_at_first_0_5r,-1.0302570835823956
619,exit_at_first_1_0r,-1.0302570835823956
619,trail_0_5r_after_1_0r,-1.0302570835823956
619,time_exit_after_4_bars_if_mfe_lt_0_3r,-1.0302570835823956
619,partial_50pct_at_1r,-1.0302570835823956
620,baseline,0.16090110947511646
620,breakeven_after_0_5r,0.0
620,breakeven_after_1_0r,0.16090110947511646
620,exit_at_first_0_5r,0.5
620,exit_at_first_1_0r,0.16090110947511646
620,trail_0_5r_after_1_0r,0.16090110947511646
620,time_exit_after_4_bars_if_mfe_lt_0_3r,0.03272571277598896
620,partial_50pct_at_1r,0.16090110947511646
621,baseline,-1.0313193509851852
621,breakeven_after_0_5r,-1.0313193509851852
621,breakeven_after_1_0r,-1.0313193509851852
621,exit_at_first_0_5r,-1.0313193509851852
621,exit_at_first_1_0r,-1.0313193509851852
621,trail_0_5r_after_1_0r,-1.0313193509851852
621,time_exit_after_4_bars_if_mfe_lt_0_3r,-1.0313193509851852
621,partial_50pct_at_1r,-1.0313193509851852
622,baseline,-1.0306124729065078
622,breakeven_after_0_5r,-1.0306124729065078
622,breakeven_after_1_0r,-1.0306124729065078
622,exit_at_first_0_5r,-1.0306124729065078
622,exit_at_first_1_0r,-1.0306124729065078
622,trail_0_5r_after_1_0r,-1.0306124729065078
622,time_exit_after_4_bars_if_mfe_lt_0_3r,-1.0306124729065078
622,partial_50pct_at_1r,-1.0306124729065078
623,baseline,0.4903494241200703
623,breakeven_after_0_5r,0.0
623,breakeven_after_1_0r,0.4903494241200703
623,exit_at_first_0_5r,0.5
623,exit_at_first_1_0r,0.4903494241200703
623,trail_0_5r_after_1_0r,0.4903494241200703
623,time_exit_after_4_bars_if_mfe_lt_0_3r,0.4903494241200703
623,partial_50pct_at_1r,0.4903494241200703
624,baseline,-1.0282326149595478
624,breakeven_after_0_5r,-1.0282326149595478
624,breakeven_after_1_0r,-1.0282326149595478
624,exit_at_first_0_5r,-1.0282326149595478
624,exit_at_first_1_0r,-1.0282326149595478
624,trail_0_5r_after_1_0r,-1.0282326149595478
624,time_exit_after_4_bars_if_mfe_lt_0_3r,-1.0282326149595478
624,partial_50pct_at_1r,-1.0282326149595478
625,baseline,0.08180375156853971
625,breakeven_after_0_5r,0.0
625,breakeven_after_1_0r,0.08180375156853971
625,exit_at_first_0_5r,0.5
625,exit_at_first_1_0r,0.08180375156853971
625,trail_0_5r_after_1_0r,0.08180375156853971
625,time_exit_after_4_bars_if_mfe_lt_0_3r,0.08180375156853971
625,partial_50pct_at_1r,0.08180375156853971
626,baseline,0.9316265405990997
626,breakeven_after_0_5r,0.0
626,breakeven_after_1_0r,0.0
626,exit_at_first_0_5r,0.5
626,exit_at_first_1_0r,1.0
626,trail_0_5r_after_1_0r,1.1016325361266612
626,time_exit_after_4_bars_if_mfe_lt_0_3r,0.9316265405990997
626,partial_50pct_at_1r,0.9658132702995499
627,baseline,-0.08969839613648803
627,breakeven_after_0_5r,0.0
627,breakeven_after_1_0r,-0.08969839613648803
627,exit_at_first_0_5r,0.5
627,exit_at_first_1_0r,-0.08969839613648803
627,trail_0_5r_after_1_0r,-0.08969839613648803
627,time_exit_after_4_bars_if_mfe_lt_0_3r,-0.08969839613648803
627,partial_50pct_at_1r,-0.08969839613648803
628,baseline,2.4657185358135476
628,breakeven_after_0_5r,2.4657185358135476
628,breakeven_after_1_0r,2.4657185358135476
628,exit_at_first_0_5r,0.5
628,exit_at_first_1_0r,1.0
628,trail_0_5r_after_1_0r,0.6563274962611518
628,time_exit_after_4_bars_if_mfe_lt_0_3r,0.12500837797418435
628,partial_50pct_at_1r,1.7328592679067738
629,baseline,0.12512392990642116
629,breakeven_after_0_5r,0.12512392990642116
629,breakeven_after_1_0r,0.12512392990642116
629,exit_at_first_0_5r,0.12512392990642116
629,exit_at_first_1_0r,0.12512392990642116
629,trail_0_5r_after_1_0r,0.12512392990642116
629,time_exit_after_4_bars_if_mfe_lt_0_3r,0.12512392990642116
629,partial_50pct_at_1r,0.12512392990642116
630,baseline,-0.32031896041851876
630,breakeven_after_0_5r,-0.32031896041851876
630,breakeven_after_1_0r,-0.32031896041851876
630,exit_at_first_0_5r,-0.32031896041851876
630,exit_at_first_1_0r,-0.32031896041851876
630,trail_0_5r_after_1_0r,-0.32031896041851876
630,time_exit_after_4_bars_if_mfe_lt_0_3r,-0.2791255084242538
630,partial_50pct_at_1r,-0.32031896041851876
631,baseline,-1.0554635792437563
631,breakeven_after_0_5r,-1.0554635792437563
631,breakeven_after_1_0r,-1.0554635792437563
631,exit_at_first_0_5r,-1.0554635792437563
631,exit_at_first_1_0r,-1.0554635792437563
631,trail_0_5r_after_1_0r,-1.0554635792437563
631,time_exit_after_4_bars_if_mfe_lt_0_3r,-1.0554635792437563
631,partial_50pct_at_1r,-1.0554635792437563
632,baseline,-1.0539023942069308
632,breakeven_after_0_5r,-1.0539023942069308
632,breakeven_after_1_0r,-1.0539023942069308
632,exit_at_first_0_5r,-1.0539023942069308
632,exit_at_first_1_0r,-1.0539023942069308
632,trail_0_5r_after_1_0r,-1.0539023942069308
632,time_exit_after_4_bars_if_mfe_lt_0_3r,-1.0539023942069308
632,partial_50pct_at_1r,-1.0539023942069308
633,baseline,-1.048754434428389
633,breakeven_after_0_5r,-1.048754434428389
633,breakeven_after_1_0r,-1.048754434428389
633,exit_at_first_0_5r,-1.048754434428389
633,exit_at_first_1_0r,-1.048754434428389
633,trail_0_5r_after_1_0r,-1.048754434428389
633,time_exit_after_4_bars_if_mfe_lt_0_3r,-1.048754434428389
633,partial_50pct_at_1r,-1.048754434428389
634,baseline,0.23820073470640746
634,breakeven_after_0_5r,0.0
634,breakeven_after_1_0r,0.23820073470640746
634,exit_at_first_0_5r,0.5
634,exit_at_first_1_0r,0.23820073470640746
634,trail_0_5r_after_1_0r,0.23820073470640746
634,time_exit_after_4_bars_if_mfe_lt_0_3r,0.23820073470640746
634,partial_50pct_at_1r,0.23820073470640746
635,baseline,0.10369783143224157
635,breakeven_after_0_5r,0.10369783143224157
635,breakeven_after_1_0r,0.10369783143224157
635,exit_at_first_0_5r,0.10369783143224157
635,exit_at_first_1_0r,0.10369783143224157
635,trail_0_5r_after_1_0r,0.10369783143224157
635,time_exit_after_4_bars_if_mfe_lt_0_3r,0.10369783143224157
635,partial_50pct_at_1r,0.10369783143224157
636,baseline,0.12064246722568181
636,breakeven_after_0_5r,0.12064246722568181
636,breakeven_after_1_0r,0.12064246722568181
636,exit_at_first_0_5r,0.12064246722568181
636,exit_at_first_1_0r,0.12064246722568181
636,trail_0_5r_after_1_0r,0.12064246722568181
636,time_exit_after_4_bars_if_mfe_lt_0_3r,0.12064246722568181
636,partial_50pct_at_1r,0.12064246722568181
637,baseline,-1.0409024637469988
637,breakeven_after_0_5r,-1.0409024637469988
637,breakeven_after_1_0r,-1.0409024637469988
637,exit_at_first_0_5r,-1.0409024637469988
637,exit_at_first_1_0r,-1.0409024637469988
637,trail_0_5r_after_1_0r,-1.0409024637469988
637,time_exit_after_4_bars_if_mfe_lt_0_3r,-1.0409024637469988
637,partial_50pct_at_1r,-1.0409024637469988
638,baseline,0.1049520450257689
638,breakeven_after_0_5r,0.0
638,breakeven_after_1_0r,0.0
638,exit_at_first_0_5r,0.5
638,exit_at_first_1_0r,1.0
638,trail_0_5r_after_1_0r,0.8320950929138018
638,time_exit_after_4_bars_if_mfe_lt_0_3r,0.1049520450257689
638,partial_50pct_at_1r,0.5524760225128844
639,baseline,0.3849282444006639
639,breakeven_after_0_5r,0.3849282444006639
639,breakeven_after_1_0r,0.3849282444006639
639,exit_at_first_0_5r,0.5
639,exit_at_first_1_0r,0.3849282444006639
639,trail_0_5r_after_1_0r,0.3849282444006639
639,time_exit_after_4_bars_if_mfe_lt_0_3r,0.3849282444006639
639,partial_50pct_at_1r,0.3849282444006639
640,baseline,0.4560497804230579
640,breakeven_after_0_5r,0.0
640,breakeven_after_1_0r,0.0
640,exit_at_first_0_5r,0.5
640,exit_at_first_1_0r,1.0
640,trail_0_5r_after_1_0r,0.5037297549619757
640,time_exit_after_4_bars_if_mfe_lt_0_3r,0.4560497804230579
640,partial_50pct_at_1r,0.7280248902115289
641,baseline,-1.0229645097828488
641,breakeven_after_0_5r,-1.0229645097828488
641,breakeven_after_1_0r,-1.0229645097828488
641,exit_at_first_0_5r,-1.0229645097828488
641,exit_at_first_1_0r,-1.0229645097828488
641,trail_0_5r_after_1_0r,-1.0229645097828488
641,time_exit_after_4_bars_if_mfe_lt_0_3r,-1.0229645097828488
641,partial_50pct_at_1r,-1.0229645097828488
642,baseline,-1.0243609404313467
642,breakeven_after_0_5r,-1.0243609404313467
642,breakeven_after_1_0r,-1.0243609404313467
642,exit_at_first_0_5r,-1.0243609404313467
642,exit_at_first_1_0r,-1.0243609404313467
642,trail_0_5r_after_1_0r,-1.0243609404313467
642,time_exit_after_4_bars_if_mfe_lt_0_3r,-1.0243609404313467
642,partial_50pct_at_1r,-1.0243609404313467
643,baseline,1.001003956209195
643,breakeven_after_0_5r,0.0
643,breakeven_after_1_0r,0.0
643,exit_at_first_0_5r,0.5
643,exit_at_first_1_0r,1.0
643,trail_0_5r_after_1_0r,1.2517977808448195
643,time_exit_after_4_bars_if_mfe_lt_0_3r,1.001003956209195
643,partial_50pct_at_1r,1.0005019781045976
644,baseline,-1.0312390270427298
644,breakeven_after_0_5r,-1.0312390270427298
644,breakeven_after_1_0r,-1.0312390270427298
644,exit_at_first_0_5r,-1.0312390270427298
644,exit_at_first_1_0r,-1.0312390270427298
644,trail_0_5r_after_1_0r,-1.0312390270427298
644,time_exit_after_4_bars_if_mfe_lt_0_3r,-1.0312390270427298
644,partial_50pct_at_1r,-1.0312390270427298
645,baseline,-1.031023626357989
645,breakeven_after_0_5r,-1.031023626357989
645,breakeven_after_1_0r,-1.031023626357989
645,exit_at_first_0_5r,-1.031023626357989
645,exit_at_first_1_0r,-1.031023626357989
645,trail_0_5r_after_1_0r,-1.031023626357989
645,time_exit_after_4_bars_if_mfe_lt_0_3r,-1.031023626357989
645,partial_50pct_at_1r,-1.031023626357989
646,baseline,0.5554814618014927
646,breakeven_after_0_5r,0.0
646,breakeven_after_1_0r,0.5554814618014927
646,exit_at_first_0_5r,0.5
646,exit_at_first_1_0r,1.0
646,trail_0_5r_after_1_0r,0.5987605660020117
646,time_exit_after_4_bars_if_mfe_lt_0_3r,0.5554814618014927
646,partial_50pct_at_1r,0.7777407309007464
647,baseline,0.37449623538618837
647,breakeven_after_0_5r,0.37449623538618837
647,breakeven_after_1_0r,0.37449623538618837
647,exit_at_first_0_5r,0.5
647,exit_at_first_1_0r,0.37449623538618837
647,trail_0_5r_after_1_0r,0.37449623538618837
647,time_exit_after_4_bars_if_mfe_lt_0_3r,0.09970902894963603
647,partial_50pct_at_1r,0.37449623538618837
648,baseline,0.1111904747181822
648,breakeven_after_0_5r,0.0
648,breakeven_after_1_0r,0.1111904747181822
648,exit_at_first_0_5r,0.5
648,exit_at_first_1_0r,1.0
648,trail_0_5r_after_1_0r,0.5314292768592901
648,time_exit_after_4_bars_if_mfe_lt_0_3r,0.1111904747181822
648,partial_50pct_at_1r,0.5555952373590911
649,baseline,-1.0364513890588647
649,breakeven_after_0_5r,-1.0364513890588647
649,breakeven_after_1_0r,-1.0364513890588647
649,exit_at_first_0_5r,-1.0364513890588647
649,exit_at_first_1_0r,-1.0364513890588647
649,trail_0_5r_after_1_0r,-1.0364513890588647
649,time_exit_after_4_bars_if_mfe_lt_0_3r,-1.0364513890588647
649,partial_50pct_at_1r,-1.0364513890588647
650,baseline,-1.0337790840206649
650,breakeven_after_0_5r,-1.0337790840206649
650,breakeven_after_1_0r,-1.0337790840206649
650,exit_at_first_0_5r,-1.0337790840206649
650,exit_at_first_1_0r,-1.0337790840206649
650,trail_0_5r_after_1_0r,-1.0337790840206649
650,time_exit_after_4_bars_if_mfe_lt_0_3r,-1.0337790840206649
650,partial_50pct_at_1r,-1.0337790840206649
651,baseline,-1.028926224741977
651,breakeven_after_0_5r,-1.028926224741977
651,breakeven_after_1_0r,-1.028926224741977
651,exit_at_first_0_5r,-1.028926224741977
651,exit_at_first_1_0r,-1.028926224741977
651,trail_0_5r_after_1_0r,-1.028926224741977
651,time_exit_after_4_bars_if_mfe_lt_0_3r,-1.028926224741977
651,partial_50pct_at_1r,-1.028926224741977
652,baseline,0.7629663897232354
652,breakeven_after_0_5r,0.0
652,breakeven_after_1_0r,0.0
652,exit_at_first_0_5r,0.5
652,exit_at_first_1_0r,1.0
652,trail_0_5r_after_1_0r,0.8743696163673147
652,time_exit_after_4_bars_if_mfe_lt_0_3r,0.7629663897232354
652,partial_50pct_at_1r,0.8814831948616177
653,baseline,-1.027284914910122
653,breakeven_after_0_5r,-1.027284914910122
653,breakeven_after_1_0r,-1.027284914910122
653,exit_at_first_0_5r,-1.027284914910122
653,exit_at_first_1_0r,-1.027284914910122
653,trail_0_5r_after_1_0r,-1.027284914910122
653,time_exit_after_4_bars_if_mfe_lt_0_3r,-0.24780438583908465
653,partial_50pct_at_1r,-1.027284914910122
654,baseline,0.19603517856637442
654,breakeven_after_0_5r,0.0
654,breakeven_after_1_0r,0.19603517856637442
654,exit_at_first_0_5r,0.5
654,exit_at_first_1_0r,0.19603517856637442
654,trail_0_5r_after_1_0r,0.19603517856637442
654,time_exit_after_4_bars_if_mfe_lt_0_3r,0.025873311088289552
654,partial_50pct_at_1r,0.19603517856637442
655,baseline,0.4444869921782954
655,breakeven_after_0_5r,0.0
655,breakeven_after_1_0r,0.4444869921782954
655,exit_at_first_0_5r,0.5
655,exit_at_first_1_0r,0.4444869921782954
655,trail_0_5r_after_1_0r,0.4444869921782954
655,time_exit_after_4_bars_if_mfe_lt_0_3r,0.4444869921782954
655,partial_50pct_at_1r,0.4444869921782954
656,baseline,0.11618991758271106
656,breakeven_after_0_5r,0.11618991758271106
656,breakeven_after_1_0r,0.11618991758271106
656,exit_at_first_0_5r,0.11618991758271106
656,exit_at_first_1_0r,0.11618991758271106
656,trail_0_5r_after_1_0r,0.11618991758271106
656,time_exit_after_4_bars_if_mfe_lt_0_3r,0.11618991758271106
656,partial_50pct_at_1r,0.11618991758271106
657,baseline,0.1312568434794036
657,breakeven_after_0_5r,0.1312568434794036
657,breakeven_after_1_0r,0.1312568434794036
657,exit_at_first_0_5r,0.1312568434794036
657,exit_at_first_1_0r,0.1312568434794036
657,trail_0_5r_after_1_0r,0.1312568434794036
657,time_exit_after_4_bars_if_mfe_lt_0_3r,0.1312568434794036
657,partial_50pct_at_1r,0.1312568434794036
658,baseline,-1.0291196029235463
658,breakeven_after_0_5r,-1.0291196029235463
658,breakeven_after_1_0r,-1.0291196029235463
658,exit_at_first_0_5r,-1.0291196029235463
658,exit_at_first_1_0r,-1.0291196029235463
658,trail_0_5r_after_1_0r,-1.0291196029235463
658,time_exit_after_4_bars_if_mfe_lt_0_3r,-1.0291196029235463
658,partial_50pct_at_1r,-1.0291196029235463
659,baseline,0.324739563347775
659,breakeven_after_0_5r,0.324739563347775
659,breakeven_after_1_0r,0.324739563347775
659,exit_at_first_0_5r,0.5
659,exit_at_first_1_0r,0.324739563347775
659,trail_0_5r_after_1_0r,0.324739563347775
659,time_exit_after_4_bars_if_mfe_lt_0_3r,-0.08905854433493203
659,partial_50pct_at_1r,0.324739563347775
660,baseline,-1.036572332287757
660,breakeven_after_0_5r,-1.036572332287757
660,breakeven_after_1_0r,-1.036572332287757
660,exit_at_first_0_5r,-1.036572332287757
660,exit_at_first_1_0r,-1.036572332287757
660,trail_0_5r_after_1_0r,-1.036572332287757
660,time_exit_after_4_bars_if_mfe_lt_0_3r,-1.036572332287757
660,partial_50pct_at_1r,-1.036572332287757
661,baseline,0.09672940609796248
661,breakeven_after_0_5r,0.0
661,breakeven_after_1_0r,0.09672940609796248
661,exit_at_first_0_5r,0.5
661,exit_at_first_1_0r,0.09672940609796248
661,trail_0_5r_after_1_0r,0.09672940609796248
661,time_exit_after_4_bars_if_mfe_lt_0_3r,0.09672940609796248
661,partial_50pct_at_1r,0.09672940609796248
662,baseline,1.807387416356059
662,breakeven_after_0_5r,0.0
662,breakeven_after_1_0r,0.0
662,exit_at_first_0_5r,0.5
662,exit_at_first_1_0r,1.0
662,trail_0_5r_after_1_0r,1.8626382740507514
662,time_exit_after_4_bars_if_mfe_lt_0_3r,1.807387416356059
662,partial_50pct_at_1r,1.4036937081780296
663,baseline,0.9001411097648891
663,breakeven_after_0_5r,0.9001411097648891
663,breakeven_after_1_0r,0.9001411097648891
663,exit_at_first_0_5r,0.5
663,exit_at_first_1_0r,1.0
663,trail_0_5r_after_1_0r,0.6793202004796002
663,time_exit_after_4_bars_if_mfe_lt_0_3r,0.9001411097648891
663,partial_50pct_at_1r,0.9500705548824446
664,baseline,-1.0319272046460197
664,breakeven_after_0_5r,-1.0319272046460197
664,breakeven_after_1_0r,-1.0319272046460197
664,exit_at_first_0_5r,-1.0319272046460197
664,exit_at_first_1_0r,-1.0319272046460197
664,trail_0_5r_after_1_0r,-1.0319272046460197
664,time_exit_after_4_bars_if_mfe_lt_0_3r,-0.30574892200809695
664,partial_50pct_at_1r,-1.0319272046460197
665,baseline,-0.5631789223029035
665,breakeven_after_0_5r,-0.5631789223029035
665,breakeven_after_1_0r,-0.5631789223029035
665,exit_at_first_0_5r,-0.5631789223029035
665,exit_at_first_1_0r,-0.5631789223029035
665,trail_0_5r_after_1_0r,-0.5631789223029035
665,time_exit_after_4_bars_if_mfe_lt_0_3r,-0.5631789223029035
665,partial_50pct_at_1r,-0.5631789223029035
666,baseline,0.5039729052219304
666,breakeven_after_0_5r,0.0
666,breakeven_after_1_0r,0.0
666,exit_at_first_0_5r,0.5
666,exit_at_first_1_0r,1.0
666,trail_0_5r_after_1_0r,0.5560936714975886
666,time_exit_after_4_bars_if_mfe_lt_0_3r,0.5039729052219304
666,partial_50pct_at_1r,0.7519864526109652
667,baseline,-1.028331761690272
667,breakeven_after_0_5r,-1.028331761690272
667,breakeven_after_1_0r,-1.028331761690272
667,exit_at_first_0_5r,-1.028331761690272
667,exit_at_first_1_0r,-1.028331761690272
667,trail_0_5r_after_1_0r,-1.028331761690272
667,time_exit_after_4_bars_if_mfe_lt_0_3r,-1.028331761690272
667,partial_50pct_at_1r,-1.028331761690272
668,baseline,-1.0275450067416836
668,breakeven_after_0_5r,-1.0275450067416836
668,breakeven_after_1_0r,-1.0275450067416836
668,exit_at_first_0_5r,-1.0275450067416836
668,exit_at_first_1_0r,-1.0275450067416836
668,trail_0_5r_after_1_0r,-1.0275450067416836
668,time_exit_after_4_bars_if_mfe_lt_0_3r,-1.0275450067416836
668,partial_50pct_at_1r,-1.0275450067416836
669,baseline,-1.0299420645987891
669,breakeven_after_0_5r,-1.0299420645987891
669,breakeven_after_1_0r,-1.0299420645987891
669,exit_at_first_0_5r,-1.0299420645987891
669,exit_at_first_1_0r,-1.0299420645987891
669,trail_0_5r_after_1_0r,-1.0299420645987891
669,time_exit_after_4_bars_if_mfe_lt_0_3r,-1.0299420645987891
669,partial_50pct_at_1r,-1.0299420645987891
670,baseline,0.406745463338988
670,breakeven_after_0_5r,0.406745463338988
670,breakeven_after_1_0r,0.406745463338988
670,exit_at_first_0_5r,0.5
670,exit_at_first_1_0r,0.406745463338988
670,trail_0_5r_after_1_0r,0.406745463338988
670,time_exit_after_4_bars_if_mfe_lt_0_3r,0.406745463338988
670,partial_50pct_at_1r,0.406745463338988
671,baseline,-1.028260900407697
671,breakeven_after_0_5r,-1.028260900407697
671,breakeven_after_1_0r,-1.028260900407697
671,exit_at_first_0_5r,-1.028260900407697
671,exit_at_first_1_0r,-1.028260900407697
671,trail_0_5r_after_1_0r,-1.028260900407697
671,time_exit_after_4_bars_if_mfe_lt_0_3r,-0.6694305907266653
671,partial_50pct_at_1r,-1.028260900407697
672,baseline,-1.0271569915970127
672,breakeven_after_0_5r,-1.0271569915970127
672,breakeven_after_1_0r,-1.0271569915970127
672,exit_at_first_0_5r,-1.0271569915970127
672,exit_at_first_1_0r,-1.0271569915970127
672,trail_0_5r_after_1_0r,-1.0271569915970127
672,time_exit_after_4_bars_if_mfe_lt_0_3r,-1.0271569915970127
672,partial_50pct_at_1r,-1.0271569915970127
673,baseline,2.464123791520136
673,breakeven_after_0_5r,0.0
673,breakeven_after_1_0r,0.0
673,exit_at_first_0_5r,0.5
673,exit_at_first_1_0r,1.0
673,trail_0_5r_after_1_0r,3.826864178952512
673,time_exit_after_4_bars_if_mfe_lt_0_3r,2.464123791520136
673,partial_50pct_at_1r,1.732061895760068
674,baseline,-1.0320247856280316
674,breakeven_after_0_5r,0.0
674,breakeven_after_1_0r,0.0
674,exit_at_first_0_5r,0.5
674,exit_at_first_1_0r,1.0
674,trail_0_5r_after_1_0r,1.08724002158388
674,time_exit_after_4_bars_if_mfe_lt_0_3r,-1.0320247856280316
674,partial_50pct_at_1r,-0.016012392814015786
675,baseline,0.11084633443014354
675,breakeven_after_0_5r,0.11084633443014354
675,breakeven_after_1_0r,0.11084633443014354
675,exit_at_first_0_5r,0.11084633443014354
675,exit_at_first_1_0r,0.11084633443014354
675,trail_0_5r_after_1_0r,0.11084633443014354
675,time_exit_after_4_bars_if_mfe_lt_0_3r,0.11084633443014354
675,partial_50pct_at_1r,0.11084633443014354
676,baseline,0.776948734272938
676,breakeven_after_0_5r,0.776948734272938
676,breakeven_after_1_0r,0.776948734272938
676,exit_at_first_0_5r,0.5
676,exit_at_first_1_0r,1.0
676,trail_0_5r_after_1_0r,0.5542739246381891
676,time_exit_after_4_bars_if_mfe_lt_0_3r,0.776948734272938
676,partial_50pct_at_1r,0.888474367136469
677,baseline,-1.0256186155165292
677,breakeven_after_0_5r,-1.0256186155165292
677,breakeven_after_1_0r,-1.0256186155165292
677,exit_at_first_0_5r,-1.0256186155165292
677,exit_at_first_1_0r,-1.0256186155165292
677,trail_0_5r_after_1_0r,-1.0256186155165292
677,time_exit_after_4_bars_if_mfe_lt_0_3r,-0.91880588957283
677,partial_50pct_at_1r,-1.0256186155165292
678,baseline,-1.0278407345913163
678,breakeven_after_0_5r,-1.0278407345913163
678,breakeven_after_1_0r,-1.0278407345913163
678,exit_at_first_0_5r,-1.0278407345913163
678,exit_at_first_1_0r,-1.0278407345913163
678,trail_0_5r_after_1_0r,-1.0278407345913163
678,time_exit_after_4_bars_if_mfe_lt_0_3r,-1.0278407345913163
678,partial_50pct_at_1r,-1.0278407345913163
679,baseline,-0.07165459630150303
679,breakeven_after_0_5r,0.0
679,breakeven_after_1_0r,-0.07165459630150303
679,exit_at_first_0_5r,0.5
679,exit_at_first_1_0r,-0.07165459630150303
679,trail_0_5r_after_1_0r,-0.07165459630150303
679,time_exit_after_4_bars_if_mfe_lt_0_3r,-0.07165459630150303
679,partial_50pct_at_1r,-0.07165459630150303
680,baseline,-1.0280226255945148
680,breakeven_after_0_5r,-1.0280226255945148
680,breakeven_after_1_0r,-1.0280226255945148
680,exit_at_first_0_5r,-1.0280226255945148
680,exit_at_first_1_0r,-1.0280226255945148
680,trail_0_5r_after_1_0r,-1.0280226255945148
680,time_exit_after_4_bars_if_mfe_lt_0_3r,-1.0280226255945148
680,partial_50pct_at_1r,-1.0280226255945148
681,baseline,-1.027416275012036
681,breakeven_after_0_5r,-1.027416275012036
681,breakeven_after_1_0r,-1.027416275012036
681,exit_at_first_0_5r,-1.027416275012036
681,exit_at_first_1_0r,-1.027416275012036
681,trail_0_5r_after_1_0r,-1.027416275012036
681,time_exit_after_4_bars_if_mfe_lt_0_3r,-1.027416275012036
681,partial_50pct_at_1r,-1.027416275012036
682,baseline,0.4736399928435543
682,breakeven_after_0_5r,0.4736399928435543
682,breakeven_after_1_0r,0.4736399928435543
682,exit_at_first_0_5r,0.5
682,exit_at_first_1_0r,0.4736399928435543
682,trail_0_5r_after_1_0r,0.4736399928435543
682,time_exit_after_4_bars_if_mfe_lt_0_3r,0.4736399928435543
682,partial_50pct_at_1r,0.4736399928435543
683,baseline,0.5946791886204192
683,breakeven_after_0_5r,0.0
683,breakeven_after_1_0r,0.5946791886204192
683,exit_at_first_0_5r,0.5
683,exit_at_first_1_0r,1.0
683,trail_0_5r_after_1_0r,0.9095719162934954
683,time_exit_after_4_bars_if_mfe_lt_0_3r,0.5946791886204192
683,partial_50pct_at_1r,0.7973395943102096
684,baseline,-1.0249421639138185
684,breakeven_after_0_5r,-1.0249421639138185
684,breakeven_after_1_0r,-1.0249421639138185
684,exit_at_first_0_5r,-1.0249421639138185
684,exit_at_first_1_0r,-1.0249421639138185
684,trail_0_5r_after_1_0r,-1.0249421639138185
684,time_exit_after_4_bars_if_mfe_lt_0_3r,-1.0249421639138185
684,partial_50pct_at_1r,-1.0249421639138185
685,baseline,0.3320322114441235
685,breakeven_after_0_5r,0.3320322114441235
685,breakeven_after_1_0r,0.3320322114441235
685,exit_at_first_0_5r,0.5
685,exit_at_first_1_0r,0.3320322114441235
685,trail_0_5r_after_1_0r,0.3320322114441235
685,time_exit_after_4_bars_if_mfe_lt_0_3r,-0.3530268336220872
685,partial_50pct_at_1r,0.3320322114441235
686,baseline,-1.0267333207767724
686,breakeven_after_0_5r,-1.0267333207767724
686,breakeven_after_1_0r,-1.0267333207767724
686,exit_at_first_0_5r,-1.0267333207767724
686,exit_at_first_1_0r,-1.0267333207767724
686,trail_0_5r_after_1_0r,-1.0267333207767724
686,time_exit_after_4_bars_if_mfe_lt_0_3r,-0.30154140492663184
686,partial_50pct_at_1r,-1.0267333207767724
687,baseline,0.9590169103275176
687,breakeven_after_0_5r,0.9590169103275176
687,breakeven_after_1_0r,0.9590169103275176
687,exit_at_first_0_5r,0.5
687,exit_at_first_1_0r,1.0
687,trail_0_5r_after_1_0r,0.9590066991280937
687,time_exit_after_4_bars_if_mfe_lt_0_3r,0.9590169103275176
687,partial_50pct_at_1r,0.9795084551637587
688,baseline,0.4646524359031264
688,breakeven_after_0_5r,0.4646524359031264
688,breakeven_after_1_0r,0.4646524359031264
688,exit_at_first_0_5r,0.5
688,exit_at_first_1_0r,0.4646524359031264
688,trail_0_5r_after_1_0r,0.4646524359031264
688,time_exit_after_4_bars_if_mfe_lt_0_3r,0.4646524359031264
688,partial_50pct_at_1r,0.4646524359031264
689,baseline,0.09090014047243095
689,breakeven_after_0_5r,0.09090014047243095
689,breakeven_after_1_0r,0.09090014047243095
689,exit_at_first_0_5r,0.09090014047243095
689,exit_at_first_1_0r,0.09090014047243095
689,trail_0_5r_after_1_0r,0.09090014047243095
689,time_exit_after_4_bars_if_mfe_lt_0_3r,-0.6460247223868459
689,partial_50pct_at_1r,0.09090014047243095
690,baseline,-1.0139718279480066
690,breakeven_after_0_5r,-1.0139718279480066
690,breakeven_after_1_0r,-1.0139718279480066
690,exit_at_first_0_5r,-1.0139718279480066
690,exit_at_first_1_0r,-1.0139718279480066
690,trail_0_5r_after_1_0r,-1.0139718279480066
690,time_exit_after_4_bars_if_mfe_lt_0_3r,-1.0139718279480066
690,partial_50pct_at_1r,-1.0139718279480066
691,baseline,0.24174656803261144
691,breakeven_after_0_5r,0.0
691,breakeven_after_1_0r,0.24174656803261144
691,exit_at_first_0_5r,0.5
691,exit_at_first_1_0r,0.24174656803261144
691,trail_0_5r_after_1_0r,0.24174656803261144
691,time_exit_after_4_bars_if_mfe_lt_0_3r,0.24174656803261144
691,partial_50pct_at_1r,0.24174656803261144
692,baseline,0.48313733640728224
692,breakeven_after_0_5r,0.48313733640728224
692,breakeven_after_1_0r,0.48313733640728224
692,exit_at_first_0_5r,0.5
692,exit_at_first_1_0r,0.48313733640728224
692,trail_0_5r_after_1_0r,0.48313733640728224
692,time_exit_after_4_bars_if_mfe_lt_0_3r,0.48313733640728224
692,partial_50pct_at_1r,0.48313733640728224
693,baseline,-1.0250254381349562
693,breakeven_after_0_5r,-1.0250254381349562
693,breakeven_after_1_0r,-1.0250254381349562
693,exit_at_first_0_5r,-1.0250254381349562
693,exit_at_first_1_0r,-1.0250254381349562
693,trail_0_5r_after_1_0r,-1.0250254381349562
693,time_exit_after_4_bars_if_mfe_lt_0_3r,-0.705035599283808
693,partial_50pct_at_1r,-1.0250254381349562
694,baseline,1.0585720863496098
694,breakeven_after_0_5r,0.0
694,breakeven_after_1_0r,0.0
694,exit_at_first_0_5r,0.5
694,exit_at_first_1_0r,1.0
694,trail_0_5r_after_1_0r,0.875870619826018
694,time_exit_after_4_bars_if_mfe_lt_0_3r,1.0585720863496098
694,partial_50pct_at_1r,1.029286043174805
695,baseline,-1.0231974939818382
695,breakeven_after_0_5r,-1.0231974939818382
695,breakeven_after_1_0r,-1.0231974939818382
695,exit_at_first_0_5r,-1.0231974939818382
695,exit_at_first_1_0r,-1.0231974939818382
695,trail_0_5r_after_1_0r,-1.0231974939818382
695,time_exit_after_4_bars_if_mfe_lt_0_3r,-1.0231974939818382
695,partial_50pct_at_1r,-1.0231974939818382
696,baseline,0.12895872207728762
696,breakeven_after_0_5r,0.12895872207728762
696,breakeven_after_1_0r,0.12895872207728762
696,exit_at_first_0_5r,0.5
696,exit_at_first_1_0r,0.12895872207728762
696,trail_0_5r_after_1_0r,0.12895872207728762
696,time_exit_after_4_bars_if_mfe_lt_0_3r,0.12895872207728762
696,partial_50pct_at_1r,0.12895872207728762
697,baseline,0.44903470739219925
697,breakeven_after_0_5r,0.0
697,breakeven_after_1_0r,0.0
697,exit_at_first_0_5r,0.5
697,exit_at_first_1_0r,1.0
697,trail_0_5r_after_1_0r,0.6382270154783412
697,time_exit_after_4_bars_if_mfe_lt_0_3r,0.44903470739219925
697,partial_50pct_at_1r,0.7245173536960996
698,baseline,-1.0215205957226852
698,breakeven_after_0_5r,-1.0215205957226852
698,breakeven_after_1_0r,-1.0215205957226852
698,exit_at_first_0_5r,-1.0215205957226852
698,exit_at_first_1_0r,-1.0215205957226852
698,trail_0_5r_after_1_0r,-1.0215205957226852
698,time_exit_after_4_bars_if_mfe_lt_0_3r,-1.0215205957226852
698,partial_50pct_at_1r,-1.0215205957226852
699,baseline,0.012083560261799296
699,breakeven_after_0_5r,0.012083560261799296
699,breakeven_after_1_0r,0.012083560261799296
699,exit_at_first_0_5r,0.012083560261799296
699,exit_at_first_1_0r,0.012083560261799296
699,trail_0_5r_after_1_0r,0.012083560261799296
699,time_exit_after_4_bars_if_mfe_lt_0_3r,0.012083560261799296
699,partial_50pct_at_1r,0.012083560261799296
700,baseline,0.3796160962008235
700,breakeven_after_0_5r,0.3796160962008235
700,breakeven_after_1_0r,0.3796160962008235
700,exit_at_first_0_5r,0.5
700,exit_at_first_1_0r,0.3796160962008235
700,trail_0_5r_after_1_0r,0.3796160962008235
700,time_exit_after_4_bars_if_mfe_lt_0_3r,0.3796160962008235
700,partial_50pct_at_1r,0.3796160962008235
701,baseline,-1.022535309851589
701,breakeven_after_0_5r,-1.022535309851589
701,breakeven_after_1_0r,-1.022535309851589
701,exit_at_first_0_5r,-1.022535309851589
701,exit_at_first_1_0r,-1.022535309851589
701,trail_0_5r_after_1_0r,-1.022535309851589
701,time_exit_after_4_bars_if_mfe_lt_0_3r,-0.7553602235878046
701,partial_50pct_at_1r,-1.022535309851589
702,baseline,-0.08993542939755426
702,breakeven_after_0_5r,-0.08993542939755426
702,breakeven_after_1_0r,-0.08993542939755426
702,exit_at_first_0_5r,-0.08993542939755426
702,exit_at_first_1_0r,-0.08993542939755426
702,trail_0_5r_after_1_0r,-0.08993542939755426
702,time_exit_after_4_bars_if_mfe_lt_0_3r,-0.08993542939755426
702,partial_50pct_at_1r,-0.08993542939755426
703,baseline,0.7615233830230923
703,breakeven_after_0_5r,0.0
703,breakeven_after_1_0r,0.7615233830230923
703,exit_at_first_0_5r,0.5
703,exit_at_first_1_0r,1.0
703,trail_0_5r_after_1_0r,0.5335160517588042
703,time_exit_after_4_bars_if_mfe_lt_0_3r,0.7615233830230923
703,partial_50pct_at_1r,0.8807616915115462
704,baseline,0.21178936759367287
704,breakeven_after_0_5r,0.21178936759367287
704,breakeven_after_1_0r,0.21178936759367287
704,exit_at_first_0_5r,0.21178936759367287
704,exit_at_first_1_0r,0.21178936759367287
704,trail_0_5r_after_1_0r,0.21178936759367287
704,time_exit_after_4_bars_if_mfe_lt_0_3r,0.21178936759367287
704,partial_50pct_at_1r,0.21178936759367287
705,baseline,0.33517266071294827
705,breakeven_after_0_5r,0.33517266071294827
705,breakeven_after_1_0r,0.33517266071294827
705,exit_at_first_0_5r,0.5
705,exit_at_first_1_0r,0.33517266071294827
705,trail_0_5r_after_1_0r,0.33517266071294827
705,time_exit_after_4_bars_if_mfe_lt_0_3r,-0.583941192935047
705,partial_50pct_at_1r,0.33517266071294827
706,baseline,0.5089650223473096
706,breakeven_after_0_5r,0.5089650223473096
706,breakeven_after_1_0r,0.5089650223473096
706,exit_at_first_0_5r,0.5
706,exit_at_first_1_0r,1.0
706,trail_0_5r_after_1_0r,0.5239215457284145
706,time_exit_after_4_bars_if_mfe_lt_0_3r,-0.3488707759684132
706,partial_50pct_at_1r,0.7544825111736548
707,baseline,-0.05073101131009207
707,breakeven_after_0_5r,-0.05073101131009207
707,breakeven_after_1_0r,-0.05073101131009207
707,exit_at_first_0_5r,-0.05073101131009207
707,exit_at_first_1_0r,-0.05073101131009207
707,trail_0_5r_after_1_0r,-0.05073101131009207
707,time_exit_after_4_bars_if_mfe_lt_0_3r,-0.05073101131009207
707,partial_50pct_at_1r,-0.05073101131009207
708,baseline,-0.06201120690376513
708,breakeven_after_0_5r,-0.06201120690376513
708,breakeven_after_1_0r,-0.06201120690376513
708,exit_at_first_0_5r,-0.06201120690376513
708,exit_at_first_1_0r,-0.06201120690376513
708,trail_0_5r_after_1_0r,-0.06201120690376513
708,time_exit_after_4_bars_if_mfe_lt_0_3r,-0.35868712473909864
708,partial_50pct_at_1r,-0.06201120690376513
709,baseline,0.18146295136227675
709,breakeven_after_0_5r,0.18146295136227675
709,breakeven_after_1_0r,0.18146295136227675
709,exit_at_first_0_5r,0.18146295136227675
709,exit_at_first_1_0r,0.18146295136227675
709,trail_0_5r_after_1_0r,0.18146295136227675
709,time_exit_after_4_bars_if_mfe_lt_0_3r,0.18146295136227675
709,partial_50pct_at_1r,0.18146295136227675
710,baseline,-1.0172897670931884
710,breakeven_after_0_5r,-1.0172897670931884
710,breakeven_after_1_0r,-1.0172897670931884
710,exit_at_first_0_5r,-1.0172897670931884
710,exit_at_first_1_0r,-1.0172897670931884
710,trail_0_5r_after_1_0r,-1.0172897670931884
710,time_exit_after_4_bars_if_mfe_lt_0_3r,-1.0172897670931884
710,partial_50pct_at_1r,-1.0172897670931884
711,baseline,-0.245733128952199
711,breakeven_after_0_5r,-0.245733128952199
711,breakeven_after_1_0r,-0.245733128952199
711,exit_at_first_0_5r,-0.245733128952199
711,exit_at_first_1_0r,-0.245733128952199
711,trail_0_5r_after_1_0r,-0.245733128952199
711,time_exit_after_4_bars_if_mfe_lt_0_3r,-0.245733128952199
711,partial_50pct_at_1r,-0.245733128952199
712,baseline,0.205450452593543
712,breakeven_after_0_5r,0.205450452593543
712,breakeven_after_1_0r,0.205450452593543
712,exit_at_first_0_5r,0.205450452593543
712,exit_at_first_1_0r,0.205450452593543
712,trail_0_5r_after_1_0r,0.205450452593543
712,time_exit_after_4_bars_if_mfe_lt_0_3r,0.205450452593543
712,partial_50pct_at_1r,0.205450452593543
713,baseline,1.4000468329251148
713,breakeven_after_0_5r,1.4000468329251148
713,breakeven_after_1_0r,1.4000468329251148
713,exit_at_first_0_5r,0.5
713,exit_at_first_1_0r,1.0
713,trail_0_5r_after_1_0r,1.1679793400523237
713,time_exit_after_4_bars_if_mfe_lt_0_3r,1.4000468329251148
713,partial_50pct_at_1r,1.2000234164625574
714,baseline,0.14643988974117916
714,breakeven_after_0_5r,0.0
714,breakeven_after_1_0r,0.14643988974117916
714,exit_at_first_0_5r,0.5
714,exit_at_first_1_0r,0.14643988974117916
714,trail_0_5r_after_1_0r,0.14643988974117916
714,time_exit_after_4_bars_if_mfe_lt_0_3r,0.14643988974117916
714,partial_50pct_at_1r,0.14643988974117916
715,baseline,0.3805378768827959
715,breakeven_after_0_5r,0.0
715,breakeven_after_1_0r,0.0
715,exit_at_first_0_5r,0.5
715,exit_at_first_1_0r,1.0
715,trail_0_5r_after_1_0r,0.6282124290992535
715,time_exit_after_4_bars_if_mfe_lt_0_3r,0.3805378768827959
715,partial_50pct_at_1r,0.6902689384413979
716,baseline,-1.017514698373392
716,breakeven_after_0_5r,-1.017514698373392
716,breakeven_after_1_0r,-1.017514698373392
716,exit_at_first_0_5r,-1.017514698373392
716,exit_at_first_1_0r,-1.017514698373392
716,trail_0_5r_after_1_0r,-1.017514698373392
716,time_exit_after_4_bars_if_mfe_lt_0_3r,-1.0451755808852963
716,partial_50pct_at_1r,-1.017514698373392
717,baseline,0.03524767666068912
717,breakeven_after_0_5r,0.03524767666068912
717,breakeven_after_1_0r,0.03524767666068912
717,exit_at_first_0_5r,0.03524767666068912
717,exit_at_first_1_0r,0.03524767666068912
717,trail_0_5r_after_1_0r,0.03524767666068912
717,time_exit_after_4_bars_if_mfe_lt_0_3r,0.03524767666068912
717,partial_50pct_at_1r,0.03524767666068912
718,baseline,0.27084002576703736
718,breakeven_after_0_5r,0.27084002576703736
718,breakeven_after_1_0r,0.27084002576703736
718,exit_at_first_0_5r,0.5
718,exit_at_first_1_0r,0.27084002576703736
718,trail_0_5r_after_1_0r,0.27084002576703736
718,time_exit_after_4_bars_if_mfe_lt_0_3r,0.27084002576703736
718,partial_50pct_at_1r,0.27084002576703736
719,baseline,0.2304325458609432
719,breakeven_after_0_5r,0.2304325458609432
719,breakeven_after_1_0r,0.2304325458609432
719,exit_at_first_0_5r,0.2304325458609432
719,exit_at_first_1_0r,0.2304325458609432
719,trail_0_5r_after_1_0r,0.2304325458609432
719,time_exit_after_4_bars_if_mfe_lt_0_3r,0.2304325458609432
719,partial_50pct_at_1r,0.2304325458609432
720,baseline,0.03184309521696506
720,breakeven_after_0_5r,0.03184309521696506
720,breakeven_after_1_0r,0.03184309521696506
720,exit_at_first_0_5r,0.03184309521696506
720,exit_at_first_1_0r,0.03184309521696506
720,trail_0_5r_after_1_0r,0.03184309521696506
720,time_exit_after_4_bars_if_mfe_lt_0_3r,0.03184309521696506
720,partial_50pct_at_1r,0.03184309521696506
721,baseline,-1.0218186282414754
721,breakeven_after_0_5r,-1.0218186282414754
721,breakeven_after_1_0r,-1.0218186282414754
721,exit_at_first_0_5r,-1.0218186282414754
721,exit_at_first_1_0r,-1.0218186282414754
721,trail_0_5r_after_1_0r,-1.0218186282414754
721,time_exit_after_4_bars_if_mfe_lt_0_3r,-1.0218186282414754
721,partial_50pct_at_1r,-1.0218186282414754
722,baseline,0.6407637037952323
722,breakeven_after_0_5r,0.0
722,breakeven_after_1_0r,0.6407637037952323
722,exit_at_first_0_5r,0.5
722,exit_at_first_1_0r,0.6407637037952323
722,trail_0_5r_after_1_0r,0.6407637037952323
722,time_exit_after_4_bars_if_mfe_lt_0_3r,0.6407637037952323
722,partial_50pct_at_1r,0.6407637037952323
723,baseline,0.5102120816192053
723,breakeven_after_0_5r,0.5102120816192053
723,breakeven_after_1_0r,0.5102120816192053
723,exit_at_first_0_5r,0.5
723,exit_at_first_1_0r,0.5102120816192053
723,trail_0_5r_after_1_0r,0.5102120816192053
723,time_exit_after_4_bars_if_mfe_lt_0_3r,0.5102120816192053
723,partial_50pct_at_1r,0.5102120816192053
724,baseline,0.9816931963838121
724,breakeven_after_0_5r,0.0
724,breakeven_after_1_0r,0.9816931963838121
724,exit_at_first_0_5r,0.5
724,exit_at_first_1_0r,1.0
724,trail_0_5r_after_1_0r,0.7562060597440061
724,time_exit_after_4_bars_if_mfe_lt_0_3r,0.9816931963838121
724,partial_50pct_at_1r,0.9908465981919061
725,baseline,-1.0259802762289973
725,breakeven_after_0_5r,-1.0259802762289973
725,breakeven_after_1_0r,-1.0259802762289973
725,exit_at_first_0_5r,-1.0259802762289973
725,exit_at_first_1_0r,-1.0259802762289973
725,trail_0_5r_after_1_0r,-1.0259802762289973
725,time_exit_after_4_bars_if_mfe_lt_0_3r,-1.0259802762289973
725,partial_50pct_at_1r,-1.0259802762289973
726,baseline,0.30624870823655054
726,breakeven_after_0_5r,0.30624870823655054
726,breakeven_after_1_0r,0.30624870823655054
726,exit_at_first_0_5r,0.5
726,exit_at_first_1_0r,0.30624870823655054
726,trail_0_5r_after_1_0r,0.30624870823655054
726,time_exit_after_4_bars_if_mfe_lt_0_3r,0.30624870823655054
726,partial_50pct_at_1r,0.30624870823655054
727,baseline,0.2252335443485728
727,breakeven_after_0_5r,0.0
727,breakeven_after_1_0r,0.2252335443485728
727,exit_at_first_0_5r,0.5
727,exit_at_first_1_0r,0.2252335443485728
727,trail_0_5r_after_1_0r,0.2252335443485728
727,time_exit_after_4_bars_if_mfe_lt_0_3r,0.2252335443485728
727,partial_50pct_at_1r,0.2252335443485728
728,baseline,0.178059032399682
728,breakeven_after_0_5r,0.178059032399682
728,breakeven_after_1_0r,0.178059032399682
728,exit_at_first_0_5r,0.178059032399682
728,exit_at_first_1_0r,0.178059032399682
728,trail_0_5r_after_1_0r,0.178059032399682
728,time_exit_after_4_bars_if_mfe_lt_0_3r,-0.07641904651428233
728,partial_50pct_at_1r,0.178059032399682
729,baseline,-0.034842818877093416
729,breakeven_after_0_5r,0.0
729,breakeven_after_1_0r,-0.034842818877093416
729,exit_at_first_0_5r,0.5
729,exit_at_first_1_0r,-0.034842818877093416
729,trail_0_5r_after_1_0r,-0.034842818877093416
729,time_exit_after_4_bars_if_mfe_lt_0_3r,-0.3192592330486686
729,partial_50pct_at_1r,-0.034842818877093416
730,baseline,0.261757883348404
730,breakeven_after_0_5r,0.0
730,breakeven_after_1_0r,0.261757883348404
730,exit_at_first_0_5r,0.5
730,exit_at_first_1_0r,0.261757883348404
730,trail_0_5r_after_1_0r,0.261757883348404
730,time_exit_after_4_bars_if_mfe_lt_0_3r,-0.08562036808941403
730,partial_50pct_at_1r,0.261757883348404
731,baseline,-1.0269528004612196
731,breakeven_after_0_5r,-1.0269528004612196
731,breakeven_after_1_0r,-1.0269528004612196
731,exit_at_first_0_5r,-1.0269528004612196
731,exit_at_first_1_0r,-1.0269528004612196
731,trail_0_5r_after_1_0r,-1.0269528004612196
731,time_exit_after_4_bars_if_mfe_lt_0_3r,-1.0269528004612196
731,partial_50pct_at_1r,-1.0269528004612196
732,baseline,-1.026822757962579
732,breakeven_after_0_5r,-1.026822757962579
732,breakeven_after_1_0r,-1.026822757962579
732,exit_at_first_0_5r,-1.026822757962579
732,exit_at_first_1_0r,-1.026822757962579
732,trail_0_5r_after_1_0r,-1.026822757962579
732,time_exit_after_4_bars_if_mfe_lt_0_3r,-1.026822757962579
732,partial_50pct_at_1r,-1.026822757962579
733,baseline,-1.0258398281599237
733,breakeven_after_0_5r,-1.0258398281599237
733,breakeven_after_1_0r,-1.0258398281599237
733,exit_at_first_0_5r,-1.0258398281599237
733,exit_at_first_1_0r,-1.0258398281599237
733,trail_0_5r_after_1_0r,-1.0258398281599237
733,time_exit_after_4_bars_if_mfe_lt_0_3r,-1.0258398281599237
733,partial_50pct_at_1r,-1.0258398281599237
734,baseline,-1.0198095889472076
734,breakeven_after_0_5r,-1.0198095889472076
734,breakeven_after_1_0r,-1.0198095889472076
734,exit_at_first_0_5r,-1.0198095889472076
734,exit_at_first_1_0r,-1.0198095889472076
734,trail_0_5r_after_1_0r,-1.0198095889472076
734,time_exit_after_4_bars_if_mfe_lt_0_3r,-1.0198095889472076
734,partial_50pct_at_1r,-1.0198095889472076
735,baseline,0.3471546559813886
735,breakeven_after_0_5r,0.0
735,breakeven_after_1_0r,0.3471546559813886
735,exit_at_first_0_5r,0.5
735,exit_at_first_1_0r,1.0
735,trail_0_5r_after_1_0r,0.8365946205992982
735,time_exit_after_4_bars_if_mfe_lt_0_3r,0.3471546559813886
735,partial_50pct_at_1r,0.6735773279906943
736,baseline,0.22525173266481946
736,breakeven_after_0_5r,0.22525173266481946
736,breakeven_after_1_0r,0.22525173266481946
736,exit_at_first_0_5r,0.22525173266481946
736,exit_at_first_1_0r,0.22525173266481946
736,trail_0_5r_after_1_0r,0.22525173266481946
736,time_exit_after_4_bars_if_mfe_lt_0_3r,0.22525173266481946
736,partial_50pct_at_1r,0.22525173266481946
737,baseline,0.41857433876046035
737,breakeven_after_0_5r,0.0
737,breakeven_after_1_0r,0.41857433876046035
737,exit_at_first_0_5r,0.5
737,exit_at_first_1_0r,0.41857433876046035
737,trail_0_5r_after_1_0r,0.41857433876046035
737,time_exit_after_4_bars_if_mfe_lt_0_3r,-0.21976271829672475
737,partial_50pct_at_1r,0.41857433876046035
738,baseline,0.39830376069230516
738,breakeven_after_0_5r,0.0
738,breakeven_after_1_0r,0.39830376069230516
738,exit_at_first_0_5r,0.5
738,exit_at_first_1_0r,0.39830376069230516
738,trail_0_5r_after_1_0r,0.39830376069230516
738,time_exit_after_4_bars_if_mfe_lt_0_3r,0.39830376069230516
738,partial_50pct_at_1r,0.39830376069230516
739,baseline,0.15052862205780157
739,breakeven_after_0_5r,0.15052862205780157
739,breakeven_after_1_0r,0.15052862205780157
739,exit_at_first_0_5r,0.5
739,exit_at_first_1_0r,0.15052862205780157
739,trail_0_5r_after_1_0r,0.15052862205780157
739,time_exit_after_4_bars_if_mfe_lt_0_3r,0.15052862205780157
739,partial_50pct_at_1r,0.15052862205780157
740,baseline,0.5502904684091563
740,breakeven_after_0_5r,0.0
740,breakeven_after_1_0r,0.5502904684091563
740,exit_at_first_0_5r,0.5
740,exit_at_first_1_0r,1.0
740,trail_0_5r_after_1_0r,0.5656801082801193
740,time_exit_after_4_bars_if_mfe_lt_0_3r,0.5502904684091563
740,partial_50pct_at_1r,0.7751452342045781
741,baseline,0.12083219740099994
741,breakeven_after_0_5r,0.12083219740099994
741,breakeven_after_1_0r,0.12083219740099994
741,exit_at_first_0_5r,0.12083219740099994
741,exit_at_first_1_0r,0.12083219740099994
741,trail_0_5r_after_1_0r,0.12083219740099994
741,time_exit_after_4_bars_if_mfe_lt_0_3r,0.12083219740099994
741,partial_50pct_at_1r,0.12083219740099994
742,baseline,0.12598385813013094
742,breakeven_after_0_5r,0.12598385813013094
742,breakeven_after_1_0r,0.12598385813013094
742,exit_at_first_0_5r,0.12598385813013094
742,exit_at_first_1_0r,0.12598385813013094
742,trail_0_5r_after_1_0r,0.12598385813013094
742,time_exit_after_4_bars_if_mfe_lt_0_3r,0.12598385813013094
742,partial_50pct_at_1r,0.12598385813013094
743,baseline,-1.0193068769236786
743,breakeven_after_0_5r,-1.0193068769236786
743,breakeven_after_1_0r,-1.0193068769236786
743,exit_at_first_0_5r,-1.0193068769236786
743,exit_at_first_1_0r,-1.0193068769236786
743,trail_0_5r_after_1_0r,-1.0193068769236786
743,time_exit_after_4_bars_if_mfe_lt_0_3r,-0.4126892678881353
743,partial_50pct_at_1r,-1.0193068769236786
744,baseline,-1.0196795733087787
744,breakeven_after_0_5r,-1.0196795733087787
744,breakeven_after_1_0r,-1.0196795733087787
744,exit_at_first_0_5r,-1.0196795733087787
744,exit_at_first_1_0r,-1.0196795733087787
744,trail_0_5r_after_1_0r,-1.0196795733087787
744,time_exit_after_4_bars_if_mfe_lt_0_3r,-1.0196795733087787
744,partial_50pct_at_1r,-1.0196795733087787
745,baseline,0.256414117623971
745,breakeven_after_0_5r,0.0
745,breakeven_after_1_0r,0.256414117623971
745,exit_at_first_0_5r,0.5
745,exit_at_first_1_0r,0.256414117623971
745,trail_0_5r_after_1_0r,0.256414117623971
745,time_exit_after_4_bars_if_mfe_lt_0_3r,0.029641729715226554
745,partial_50pct_at_1r,0.256414117623971
746,baseline,0.11058528214377475
746,breakeven_after_0_5r,0.11058528214377475
746,breakeven_after_1_0r,0.11058528214377475
746,exit_at_first_0_5r,0.11058528214377475
746,exit_at_first_1_0r,0.11058528214377475
746,trail_0_5r_after_1_0r,0.11058528214377475
746,time_exit_after_4_bars_if_mfe_lt_0_3r,0.11058528214377475
746,partial_50pct_at_1r,0.11058528214377475
747,baseline,0.4401064708867099
747,breakeven_after_0_5r,0.0
747,breakeven_after_1_0r,0.4401064708867099
747,exit_at_first_0_5r,0.5
747,exit_at_first_1_0r,0.4401064708867099
747,trail_0_5r_after_1_0r,0.4401064708867099
747,time_exit_after_4_bars_if_mfe_lt_0_3r,-0.1294050590309261
747,partial_50pct_at_1r,0.4401064708867099
748,baseline,0.4752530981798122
748,breakeven_after_0_5r,0.4752530981798122
748,breakeven_after_1_0r,0.4752530981798122
748,exit_at_first_0_5r,0.5
748,exit_at_first_1_0r,0.4752530981798122
748,trail_0_5r_after_1_0r,0.4752530981798122
748,time_exit_after_4_bars_if_mfe_lt_0_3r,0.4752530981798122
748,partial_50pct_at_1r,0.4752530981798122
749,baseline,-0.10164078785634124
749,breakeven_after_0_5r,-0.10164078785634124
749,breakeven_after_1_0r,-0.10164078785634124
749,exit_at_first_0_5r,-0.10164078785634124
749,exit_at_first_1_0r,-0.10164078785634124
749,trail_0_5r_after_1_0r,-0.10164078785634124
749,time_exit_after_4_bars_if_mfe_lt_0_3r,-0.10164078785634124
749,partial_50pct_at_1r,-0.10164078785634124
750,baseline,0.23345822061177013
750,breakeven_after_0_5r,0.23345822061177013
750,breakeven_after_1_0r,0.23345822061177013
750,exit_at_first_0_5r,0.5
750,exit_at_first_1_0r,0.23345822061177013
750,trail_0_5r_after_1_0r,0.23345822061177013
750,time_exit_after_4_bars_if_mfe_lt_0_3r,0.23345822061177013
750,partial_50pct_at_1r,0.23345822061177013
751,baseline,0.6310940644542566
751,breakeven_after_0_5r,0.6310940644542566
751,breakeven_after_1_0r,0.6310940644542566
751,exit_at_first_0_5r,0.5
751,exit_at_first_1_0r,0.6310940644542566
751,trail_0_5r_after_1_0r,0.6310940644542566
751,time_exit_after_4_bars_if_mfe_lt_0_3r,0.6310940644542566
751,partial_50pct_at_1r,0.6310940644542566
752,baseline,1.0544711048227853
752,breakeven_after_0_5r,0.0
752,breakeven_after_1_0r,0.0
752,exit_at_first_0_5r,0.5
752,exit_at_first_1_0r,1.0
752,trail_0_5r_after_1_0r,1.8067735480016731
752,time_exit_after_4_bars_if_mfe_lt_0_3r,-0.3007951410609963
752,partial_50pct_at_1r,1.0272355524113927
753,baseline,0.18336670295428192
753,breakeven_after_0_5r,0.18336670295428192
753,breakeven_after_1_0r,0.18336670295428192
753,exit_at_first_0_5r,0.18336670295428192
753,exit_at_first_1_0r,0.18336670295428192
753,trail_0_5r_after_1_0r,0.18336670295428192
753,time_exit_after_4_bars_if_mfe_lt_0_3r,0.18336670295428192
753,partial_50pct_at_1r,0.18336670295428192
754,baseline,0.3659753592138729
754,breakeven_after_0_5r,0.3659753592138729
754,breakeven_after_1_0r,0.3659753592138729
754,exit_at_first_0_5r,0.5
754,exit_at_first_1_0r,0.3659753592138729
754,trail_0_5r_after_1_0r,0.3659753592138729
754,time_exit_after_4_bars_if_mfe_lt_0_3r,0.3659753592138729
754,partial_50pct_at_1r,0.3659753592138729
755,baseline,-1.0117526420140421
755,breakeven_after_0_5r,-1.0117526420140421
755,breakeven_after_1_0r,-1.0117526420140421
755,exit_at_first_0_5r,-1.0117526420140421
755,exit_at_first_1_0r,-1.0117526420140421
755,trail_0_5r_after_1_0r,-1.0117526420140421
755,time_exit_after_4_bars_if_mfe_lt_0_3r,-1.058676607689487
755,partial_50pct_at_1r,-1.0117526420140421
756,baseline,0.9236925687739134
756,breakeven_after_0_5r,0.0
756,breakeven_after_1_0r,0.0
756,exit_at_first_0_5r,0.5
756,exit_at_first_1_0r,1.0
756,trail_0_5r_after_1_0r,0.8276022892576693
756,time_exit_after_4_bars_if_mfe_lt_0_3r,0.9236925687739134
756,partial_50pct_at_1r,0.9618462843869566
757,baseline,0.36587069959040625
757,breakeven_after_0_5r,0.36587069959040625
757,breakeven_after_1_0r,0.36587069959040625
757,exit_at_first_0_5r,0.5
757,exit_at_first_1_0r,0.36587069959040625
757,trail_0_5r_after_1_0r,0.36587069959040625
757,time_exit_after_4_bars_if_mfe_lt_0_3r,0.36587069959040625
757,partial_50pct_at_1r,0.36587069959040625
758,baseline,0.13121326520033413
758,breakeven_after_0_5r,0.13121326520033413
758,breakeven_after_1_0r,0.13121326520033413
758,exit_at_first_0_5r,0.13121326520033413
758,exit_at_first_1_0r,0.13121326520033413
758,trail_0_5r_after_1_0r,0.13121326520033413
758,time_exit_after_4_bars_if_mfe_lt_0_3r,0.13121326520033413
758,partial_50pct_at_1r,0.13121326520033413
759,baseline,-1.0197844309576714
759,breakeven_after_0_5r,-1.0197844309576714
759,breakeven_after_1_0r,-1.0197844309576714
759,exit_at_first_0_5r,-1.0197844309576714
759,exit_at_first_1_0r,-1.0197844309576714
759,trail_0_5r_after_1_0r,-1.0197844309576714
759,time_exit_after_4_bars_if_mfe_lt_0_3r,-1.0197844309576714
759,partial_50pct_at_1r,-1.0197844309576714
760,baseline,0.35082504097149064
760,breakeven_after_0_5r,0.0
760,breakeven_after_1_0r,0.35082504097149064
760,exit_at_first_0_5r,0.5
760,exit_at_first_1_0r,1.0
760,trail_0_5r_after_1_0r,1.2000369831801554
760,time_exit_after_4_bars_if_mfe_lt_0_3r,0.35082504097149064
760,partial_50pct_at_1r,0.6754125204857453
761,baseline,0.3864462213487507
761,breakeven_after_0_5r,0.0
761,breakeven_after_1_0r,0.3864462213487507
761,exit_at_first_0_5r,0.5
761,exit_at_first_1_0r,0.3864462213487507
761,trail_0_5r_after_1_0r,0.3864462213487507
761,time_exit_after_4_bars_if_mfe_lt_0_3r,0.3864462213487507
761,partial_50pct_at_1r,0.3864462213487507
762,baseline,-1.019774249081561
762,breakeven_after_0_5r,-1.019774249081561
762,breakeven_after_1_0r,-1.019774249081561
762,exit_at_first_0_5r,-1.019774249081561
762,exit_at_first_1_0r,-1.019774249081561
762,trail_0_5r_after_1_0r,-1.019774249081561
762,time_exit_after_4_bars_if_mfe_lt_0_3r,-1.019774249081561
762,partial_50pct_at_1r,-1.019774249081561
763,baseline,-1.018663820601382
763,breakeven_after_0_5r,-1.018663820601382
763,breakeven_after_1_0r,-1.018663820601382
763,exit_at_first_0_5r,-1.018663820601382
763,exit_at_first_1_0r,-1.018663820601382
763,trail_0_5r_after_1_0r,-1.018663820601382
763,time_exit_after_4_bars_if_mfe_lt_0_3r,-1.018663820601382
763,partial_50pct_at_1r,-1.018663820601382
764,baseline,0.3122030265436365
764,breakeven_after_0_5r,0.3122030265436365
764,breakeven_after_1_0r,0.3122030265436365
764,exit_at_first_0_5r,0.5
764,exit_at_first_1_0r,0.3122030265436365
764,trail_0_5r_after_1_0r,0.3122030265436365
764,time_exit_after_4_bars_if_mfe_lt_0_3r,0.3122030265436365
764,partial_50pct_at_1r,0.3122030265436365
765,baseline,0.3265920771569651
765,breakeven_after_0_5r,0.0
765,breakeven_after_1_0r,0.3265920771569651
765,exit_at_first_0_5r,0.5
765,exit_at_first_1_0r,0.3265920771569651
765,trail_0_5r_after_1_0r,0.3265920771569651
765,time_exit_after_4_bars_if_mfe_lt_0_3r,0.3265920771569651
765,partial_50pct_at_1r,0.3265920771569651
766,baseline,0.48334389966733243
766,breakeven_after_0_5r,0.0
766,breakeven_after_1_0r,0.48334389966733243
766,exit_at_first_0_5r,0.5
766,exit_at_first_1_0r,0.48334389966733243
766,trail_0_5r_after_1_0r,0.48334389966733243
766,time_exit_after_4_bars_if_mfe_lt_0_3r,0.48334389966733243
766,partial_50pct_at_1r,0.48334389966733243
767,baseline,-0.40288841266187203
767,breakeven_after_0_5r,-0.40288841266187203
767,breakeven_after_1_0r,-0.40288841266187203
767,exit_at_first_0_5r,-0.40288841266187203
767,exit_at_first_1_0r,-0.40288841266187203
767,trail_0_5r_after_1_0r,-0.40288841266187203
767,time_exit_after_4_bars_if_mfe_lt_0_3r,-0.712321598203628
767,partial_50pct_at_1r,-0.40288841266187203
768,baseline,0.1786318449084278
768,breakeven_after_0_5r,0.1786318449084278
768,breakeven_after_1_0r,0.1786318449084278
768,exit_at_first_0_5r,0.1786318449084278
768,exit_at_first_1_0r,0.1786318449084278
768,trail_0_5r_after_1_0r,0.1786318449084278
768,time_exit_after_4_bars_if_mfe_lt_0_3r,0.1786318449084278
768,partial_50pct_at_1r,0.1786318449084278
769,baseline,0.6656269801380827
769,breakeven_after_0_5r,0.0
769,breakeven_after_1_0r,0.6656269801380827
769,exit_at_first_0_5r,0.5
769,exit_at_first_1_0r,1.0
769,trail_0_5r_after_1_0r,1.534661174440203
769,time_exit_after_4_bars_if_mfe_lt_0_3r,0.6656269801380827
769,partial_50pct_at_1r,0.8328134900690414
770,baseline,0.9089320578967139
770,breakeven_after_0_5r,0.9089320578967139
770,breakeven_after_1_0r,0.9089320578967139
770,exit_at_first_0_5r,0.5
770,exit_at_first_1_0r,1.0
770,trail_0_5r_after_1_0r,0.6789966858515231
770,time_exit_after_4_bars_if_mfe_lt_0_3r,-0.1788365759437565
770,partial_50pct_at_1r,0.954466028948357
771,baseline,0.532028636962316
771,breakeven_after_0_5r,0.0
771,breakeven_after_1_0r,0.0
771,exit_at_first_0_5r,0.5
771,exit_at_first_1_0r,1.0
771,trail_0_5r_after_1_0r,0.6978999966652251
771,time_exit_after_4_bars_if_mfe_lt_0_3r,0.532028636962316
771,partial_50pct_at_1r,0.766014318481158
772,baseline,1.6336401953796285
772,breakeven_after_0_5r,1.6336401953796285
772,breakeven_after_1_0r,1.6336401953796285
772,exit_at_first_0_5r,0.5
772,exit_at_first_1_0r,1.0
772,trail_0_5r_after_1_0r,0.5350453707921996
772,time_exit_after_4_bars_if_mfe_lt_0_3r,1.6336401953796285
772,partial_50pct_at_1r,1.3168200976898143
773,baseline,-1.024683680371089
773,breakeven_after_0_5r,-1.024683680371089
773,breakeven_after_1_0r,-1.024683680371089
773,exit_at_first_0_5r,-1.024683680371089
773,exit_at_first_1_0r,-1.024683680371089
773,trail_0_5r_after_1_0r,-1.024683680371089
773,time_exit_after_4_bars_if_mfe_lt_0_3r,-0.393638868341472
773,partial_50pct_at_1r,-1.024683680371089
774,baseline,0.08751943374511334
774,breakeven_after_0_5r,0.08751943374511334
774,breakeven_after_1_0r,0.08751943374511334
774,exit_at_first_0_5r,0.5
774,exit_at_first_1_0r,0.08751943374511334
774,trail_0_5r_after_1_0r,0.08751943374511334
774,time_exit_after_4_bars_if_mfe_lt_0_3r,0.08751943374511334
774,partial_50pct_at_1r,0.08751943374511334
775,baseline,0.0491269459688507
775,breakeven_after_0_5r,0.0491269459688507
775,breakeven_after_1_0r,0.0491269459688507
775,exit_at_first_0_5r,0.0491269459688507
775,exit_at_first_1_0r,0.0491269459688507
775,trail_0_5r_after_1_0r,0.0491269459688507
775,time_exit_after_4_bars_if_mfe_lt_0_3r,0.0491269459688507
775,partial_50pct_at_1r,0.0491269459688507
776,baseline,0.5630029123619598
776,breakeven_after_0_5r,0.0
776,breakeven_after_1_0r,0.0
776,exit_at_first_0_5r,0.5
776,exit_at_first_1_0r,1.0
776,trail_0_5r_after_1_0r,0.5354835132797788
776,time_exit_after_4_bars_if_mfe_lt_0_3r,0.5630029123619598
776,partial_50pct_at_1r,0.7815014561809799
777,baseline,0.38491472631876644
777,breakeven_after_0_5r,0.0
777,breakeven_after_1_0r,0.38491472631876644
777,exit_at_first_0_5r,0.5
777,exit_at_first_1_0r,0.38491472631876644
777,trail_0_5r_after_1_0r,0.38491472631876644
777,time_exit_after_4_bars_if_mfe_lt_0_3r,0.38491472631876644
777,partial_50pct_at_1r,0.38491472631876644
778,baseline,-1.0242353959100723
778,breakeven_after_0_5r,-1.0242353959100723
778,breakeven_after_1_0r,-1.0242353959100723
778,exit_at_first_0_5r,-1.0242353959100723
778,exit_at_first_1_0r,-1.0242353959100723
778,trail_0_5r_after_1_0r,-1.0242353959100723
778,time_exit_after_4_bars_if_mfe_lt_0_3r,-1.0242353959100723
778,partial_50pct_at_1r,-1.0242353959100723
779,baseline,0.3695465537059786
779,breakeven_after_0_5r,0.3695465537059786
779,breakeven_after_1_0r,0.3695465537059786
779,exit_at_first_0_5r,0.5
779,exit_at_first_1_0r,0.3695465537059786
779,trail_0_5r_after_1_0r,0.3695465537059786
779,time_exit_after_4_bars_if_mfe_lt_0_3r,0.3695465537059786
779,partial_50pct_at_1r,0.3695465537059786
780,baseline,0.20737828720493162
780,breakeven_after_0_5r,0.20737828720493162
780,breakeven_after_1_0r,0.20737828720493162
780,exit_at_first_0_5r,0.20737828720493162
780,exit_at_first_1_0r,0.20737828720493162
780,trail_0_5r_after_1_0r,0.20737828720493162
780,time_exit_after_4_bars_if_mfe_lt_0_3r,0.20737828720493162
780,partial_50pct_at_1r,0.20737828720493162
781,baseline,0.0794187541823624
781,breakeven_after_0_5r,0.0794187541823624
781,breakeven_after_1_0r,0.0794187541823624
781,exit_at_first_0_5r,0.0794187541823624
781,exit_at_first_1_0r,0.0794187541823624
781,trail_0_5r_after_1_0r,0.0794187541823624
781,time_exit_after_4_bars_if_mfe_lt_0_3r,0.0794187541823624
781,partial_50pct_at_1r,0.0794187541823624
782,baseline,1.2130511242094402
782,breakeven_after_0_5r,0.0
782,breakeven_after_1_0r,1.2130511242094402
782,exit_at_first_0_5r,0.5
782,exit_at_first_1_0r,1.0
782,trail_0_5r_after_1_0r,0.981175661810864
782,time_exit_after_4_bars_if_mfe_lt_0_3r,1.2130511242094402
782,partial_50pct_at_1r,1.10652556210472
783,baseline,0.7961996899246987
783,breakeven_after_0_5r,0.0
783,breakeven_after_1_0r,0.7961996899246987
783,exit_at_first_0_5r,0.5
783,exit_at_first_1_0r,1.0
783,trail_0_5r_after_1_0r,0.6195788429111608
783,time_exit_after_4_bars_if_mfe_lt_0_3r,0.7961996899246987
783,partial_50pct_at_1r,0.8980998449623494
784,baseline,-1.0177301828546876
784,breakeven_after_0_5r,-1.0177301828546876
784,breakeven_after_1_0r,-1.0177301828546876
784,exit_at_first_0_5r,-1.0177301828546876
784,exit_at_first_1_0r,-1.0177301828546876
784,trail_0_5r_after_1_0r,-1.0177301828546876
784,time_exit_after_4_bars_if_mfe_lt_0_3r,-0.7448179221386932
784,partial_50pct_at_1r,-1.0177301828546876
785,baseline,-1.0183742277995498
785,breakeven_after_0_5r,-1.0183742277995498
785,breakeven_after_1_0r,-1.0183742277995498
785,exit_at_first_0_5r,-1.0183742277995498
785,exit_at_first_1_0r,-1.0183742277995498
785,trail_0_5r_after_1_0r,-1.0183742277995498
785,time_exit_after_4_bars_if_mfe_lt_0_3r,-1.0183742277995498
785,partial_50pct_at_1r,-1.0183742277995498
786,baseline,-1.017931976443675
786,breakeven_after_0_5r,-1.017931976443675
786,breakeven_after_1_0r,-1.017931976443675
786,exit_at_first_0_5r,-1.017931976443675
786,exit_at_first_1_0r,-1.017931976443675
786,trail_0_5r_after_1_0r,-1.017931976443675
786,time_exit_after_4_bars_if_mfe_lt_0_3r,-1.017931976443675
786,partial_50pct_at_1r,-1.017931976443675
787,baseline,-1.0201486408500642
787,breakeven_after_0_5r,-1.0201486408500642
787,breakeven_after_1_0r,-1.0201486408500642
787,exit_at_first_0_5r,-1.0201486408500642
787,exit_at_first_1_0r,-1.0201486408500642
787,trail_0_5r_after_1_0r,-1.0201486408500642
787,time_exit_after_4_bars_if_mfe_lt_0_3r,-1.0201486408500642
787,partial_50pct_at_1r,-1.0201486408500642
788,baseline,-0.09489339047446099
788,breakeven_after_0_5r,0.0
788,breakeven_after_1_0r,-0.09489339047446099
788,exit_at_first_0_5r,0.5
788,exit_at_first_1_0r,-0.09489339047446099
788,trail_0_5r_after_1_0r,-0.09489339047446099
788,time_exit_after_4_bars_if_mfe_lt_0_3r,-0.09489339047446099
788,partial_50pct_at_1r,-0.09489339047446099
789,baseline,-1.019544632070296
789,breakeven_after_0_5r,-1.019544632070296
789,breakeven_after_1_0r,-1.019544632070296
789,exit_at_first_0_5r,-1.019544632070296
789,exit_at_first_1_0r,-1.019544632070296
789,trail_0_5r_after_1_0r,-1.019544632070296
789,time_exit_after_4_bars_if_mfe_lt_0_3r,-1.019544632070296
789,partial_50pct_at_1r,-1.019544632070296
790,baseline,0.9443202664861814
790,breakeven_after_0_5r,0.9443202664861814
790,breakeven_after_1_0r,0.9443202664861814
790,exit_at_first_0_5r,0.5
790,exit_at_first_1_0r,1.0
790,trail_0_5r_after_1_0r,0.7518897639217985
790,time_exit_after_4_bars_if_mfe_lt_0_3r,0.9443202664861814
790,partial_50pct_at_1r,0.9721601332430907
791,baseline,0.6035930368004522
791,breakeven_after_0_5r,0.0
791,breakeven_after_1_0r,0.6035930368004522
791,exit_at_first_0_5r,0.5
791,exit_at_first_1_0r,0.6035930368004522
791,trail_0_5r_after_1_0r,0.6035930368004522
791,time_exit_after_4_bars_if_mfe_lt_0_3r,0.6035930368004522
791,partial_50pct_at_1r,0.6035930368004522
792,baseline,0.19805660365640235
792,breakeven_after_0_5r,0.19805660365640235
792,breakeven_after_1_0r,0.19805660365640235
792,exit_at_first_0_5r,0.5
792,exit_at_first_1_0r,0.19805660365640235
792,trail_0_5r_after_1_0r,0.19805660365640235
792,time_exit_after_4_bars_if_mfe_lt_0_3r,0.19805660365640235
792,partial_50pct_at_1r,0.19805660365640235
793,baseline,0.1464131546648051
793,breakeven_after_0_5r,0.1464131546648051
793,breakeven_after_1_0r,0.1464131546648051
793,exit_at_first_0_5r,0.1464131546648051
793,exit_at_first_1_0r,0.1464131546648051
793,trail_0_5r_after_1_0r,0.1464131546648051
793,time_exit_after_4_bars_if_mfe_lt_0_3r,-0.4177099696598683
793,partial_50pct_at_1r,0.1464131546648051
794,baseline,-1.0186599122165008
794,breakeven_after_0_5r,-1.0186599122165008
794,breakeven_after_1_0r,-1.0186599122165008
794,exit_at_first_0_5r,-1.0186599122165008
794,exit_at_first_1_0r,-1.0186599122165008
794,trail_0_5r_after_1_0r,-1.0186599122165008
794,time_exit_after_4_bars_if_mfe_lt_0_3r,-1.0186599122165008
794,partial_50pct_at_1r,-1.0186599122165008
795,baseline,0.26871109485418293
795,breakeven_after_0_5r,0.0
795,breakeven_after_1_0r,0.26871109485418293
795,exit_at_first_0_5r,0.5
795,exit_at_first_1_0r,0.26871109485418293
795,trail_0_5r_after_1_0r,0.26871109485418293
795,time_exit_after_4_bars_if_mfe_lt_0_3r,0.26871109485418293
795,partial_50pct_at_1r,0.26871109485418293
796,baseline,0.014205523446126512
796,breakeven_after_0_5r,0.014205523446126512
796,breakeven_after_1_0r,0.014205523446126512
796,exit_at_first_0_5r,0.014205523446126512
796,exit_at_first_1_0r,0.014205523446126512
796,trail_0_5r_after_1_0r,0.014205523446126512
796,time_exit_after_4_bars_if_mfe_lt_0_3r,0.014205523446126512
796,partial_50pct_at_1r,0.014205523446126512
797,baseline,-1.0220849441033264
797,breakeven_after_0_5r,-1.0220849441033264
797,breakeven_after_1_0r,-1.0220849441033264
797,exit_at_first_0_5r,-1.0220849441033264
797,exit_at_first_1_0r,-1.0220849441033264
797,trail_0_5r_after_1_0r,-1.0220849441033264
797,time_exit_after_4_bars_if_mfe_lt_0_3r,-1.0220849441033264
797,partial_50pct_at_1r,-1.0220849441033264
798,baseline,-1.0212338513773336
798,breakeven_after_0_5r,-1.0212338513773336
798,breakeven_after_1_0r,-1.0212338513773336
798,exit_at_first_0_5r,-1.0212338513773336
798,exit_at_first_1_0r,-1.0212338513773336
798,trail_0_5r_after_1_0r,-1.0212338513773336
798,time_exit_after_4_bars_if_mfe_lt_0_3r,-0.7436192916958081
798,partial_50pct_at_1r,-1.0212338513773336
799,baseline,0.29929431236781545
799,breakeven_after_0_5r,0.29929431236781545
799,breakeven_after_1_0r,0.29929431236781545
799,exit_at_first_0_5r,0.5
799,exit_at_first_1_0r,0.29929431236781545
799,trail_0_5r_after_1_0r,0.29929431236781545
799,time_exit_after_4_bars_if_mfe_lt_0_3r,0.29929431236781545
799,partial_50pct_at_1r,0.29929431236781545
800,baseline,0.1328217382717733
800,breakeven_after_0_5r,0.1328217382717733
800,breakeven_after_1_0r,0.1328217382717733
800,exit_at_first_0_5r,0.1328217382717733
800,exit_at_first_1_0r,0.1328217382717733
800,trail_0_5r_after_1_0r,0.1328217382717733
800,time_exit_after_4_bars_if_mfe_lt_0_3r,-0.3265177767706159
800,partial_50pct_at_1r,0.1328217382717733
801,baseline,1.4561810004527358
801,breakeven_after_0_5r,1.4561810004527358
801,breakeven_after_1_0r,1.4561810004527358
801,exit_at_first_0_5r,0.5
801,exit_at_first_1_0r,1.0
801,trail_0_5r_after_1_0r,1.2280319066751533
801,time_exit_after_4_bars_if_mfe_lt_0_3r,1.4561810004527358
801,partial_50pct_at_1r,1.2280905002263678
802,baseline,-1.01832498425618
802,breakeven_after_0_5r,-1.01832498425618
802,breakeven_after_1_0r,-1.01832498425618
802,exit_at_first_0_5r,-1.01832498425618
802,exit_at_first_1_0r,-1.01832498425618
802,trail_0_5r_after_1_0r,-1.01832498425618
802,time_exit_after_4_bars_if_mfe_lt_0_3r,-1.01832498425618
802,partial_50pct_at_1r,-1.01832498425618
803,baseline,-1.0172991767623605
803,breakeven_after_0_5r,-1.0172991767623605
803,breakeven_after_1_0r,-1.0172991767623605
803,exit_at_first_0_5r,-1.0172991767623605
803,exit_at_first_1_0r,-1.0172991767623605
803,trail_0_5r_after_1_0r,-1.0172991767623605
803,time_exit_after_4_bars_if_mfe_lt_0_3r,-0.37754233942161153
803,partial_50pct_at_1r,-1.0172991767623605
804,baseline,0.10259623988999765
804,breakeven_after_0_5r,0.10259623988999765
804,breakeven_after_1_0r,0.10259623988999765
804,exit_at_first_0_5r,0.10259623988999765
804,exit_at_first_1_0r,0.10259623988999765
804,trail_0_5r_after_1_0r,0.10259623988999765
804,time_exit_after_4_bars_if_mfe_lt_0_3r,0.10259623988999765
804,partial_50pct_at_1r,0.10259623988999765
805,baseline,0.1315011748686255
805,breakeven_after_0_5r,0.1315011748686255
805,breakeven_after_1_0r,0.1315011748686255
805,exit_at_first_0_5r,0.1315011748686255
805,exit_at_first_1_0r,0.1315011748686255
805,trail_0_5r_after_1_0r,0.1315011748686255
805,time_exit_after_4_bars_if_mfe_lt_0_3r,0.1315011748686255
805,partial_50pct_at_1r,0.1315011748686255
806,baseline,0.6170161917889763
806,breakeven_after_0_5r,0.0
806,breakeven_after_1_0r,0.0
806,exit_at_first_0_5r,0.5
806,exit_at_first_1_0r,1.0
806,trail_0_5r_after_1_0r,0.5316472893216788
806,time_exit_after_4_bars_if_mfe_lt_0_3r,0.6170161917889763
806,partial_50pct_at_1r,0.8085080958944881
807,baseline,0.4669037337313143
807,breakeven_after_0_5r,0.0
807,breakeven_after_1_0r,0.4669037337313143
807,exit_at_first_0_5r,0.5
807,exit_at_first_1_0r,0.4669037337313143
807,trail_0_5r_after_1_0r,0.4669037337313143
807,time_exit_after_4_bars_if_mfe_lt_0_3r,0.4669037337313143
807,partial_50pct_at_1r,0.4669037337313143
808,baseline,1.8079521233378328
808,breakeven_after_0_5r,1.8079521233378328
808,breakeven_after_1_0r,1.8079521233378328
808,exit_at_first_0_5r,0.5
808,exit_at_first_1_0r,1.0
808,trail_0_5r_after_1_0r,0.9733393805494208
808,time_exit_after_4_bars_if_mfe_lt_0_3r,1.8079521233378328
808,partial_50pct_at_1r,1.4039760616689163
809,baseline,0.3316887252699029
809,breakeven_after_0_5r,0.0
809,breakeven_after_1_0r,0.3316887252699029
809,exit_at_first_0_5r,0.5
809,exit_at_first_1_0r,0.3316887252699029
809,trail_0_5r_after_1_0r,0.3316887252699029
809,time_exit_after_4_bars_if_mfe_lt_0_3r,0.3316887252699029
809,partial_50pct_at_1r,0.3316887252699029
810,baseline,0.23482773798879536
810,breakeven_after_0_5r,0.23482773798879536
810,breakeven_after_1_0r,0.23482773798879536
810,exit_at_first_0_5r,0.5
810,exit_at_first_1_0r,0.23482773798879536
810,trail_0_5r_after_1_0r,0.23482773798879536
810,time_exit_after_4_bars_if_mfe_lt_0_3r,0.23482773798879536
810,partial_50pct_at_1r,0.23482773798879536
811,baseline,0.45150963804969513
811,breakeven_after_0_5r,0.0
811,breakeven_after_1_0r,0.0
811,exit_at_first_0_5r,0.5
811,exit_at_first_1_0r,1.0
811,trail_0_5r_after_1_0r,0.5523813606957941
811,time_exit_after_4_bars_if_mfe_lt_0_3r,0.45150963804969513
811,partial_50pct_at_1r,0.7257548190248475
812,baseline,0.18130893019236227
812,breakeven_after_0_5r,0.18130893019236227
812,breakeven_after_1_0r,0.18130893019236227
812,exit_at_first_0_5r,0.5
812,exit_at_first_1_0r,0.18130893019236227
812,trail_0_5r_after_1_0r,0.18130893019236227
812,time_exit_after_4_bars_if_mfe_lt_0_3r,0.18130893019236227
812,partial_50pct_at_1r,0.18130893019236227
813,baseline,0.25220803568103406
813,breakeven_after_0_5r,0.0
813,breakeven_after_1_0r,0.25220803568103406
813,exit_at_first_0_5r,0.5
813,exit_at_first_1_0r,0.25220803568103406
813,trail_0_5r_after_1_0r,0.25220803568103406
813,time_exit_after_4_bars_if_mfe_lt_0_3r,0.25220803568103406
813,partial_50pct_at_1r,0.25220803568103406
814,baseline,1.1082530680255087
814,breakeven_after_0_5r,0.0
814,breakeven_after_1_0r,0.0
814,exit_at_first_0_5r,0.5
814,exit_at_first_1_0r,1.0
814,trail_0_5r_after_1_0r,0.8756909167377371
814,time_exit_after_4_bars_if_mfe_lt_0_3r,1.1082530680255087
814,partial_50pct_at_1r,1.0541265340127544
815,baseline,0.20263160652055104
815,breakeven_after_0_5r,0.20263160652055104
815,breakeven_after_1_0r,0.20263160652055104
815,exit_at_first_0_5r,0.20263160652055104
815,exit_at_first_1_0r,0.20263160652055104
815,trail_0_5r_after_1_0r,0.20263160652055104
815,time_exit_after_4_bars_if_mfe_lt_0_3r,0.20263160652055104
815,partial_50pct_at_1r,0.20263160652055104
816,baseline,-1.0140513386365682
816,breakeven_after_0_5r,-1.0140513386365682
816,breakeven_after_1_0r,-1.0140513386365682
816,exit_at_first_0_5r,-1.0140513386365682
816,exit_at_first_1_0r,-1.0140513386365682
816,trail_0_5r_after_1_0r,-1.0140513386365682
816,time_exit_after_4_bars_if_mfe_lt_0_3r,-1.0140513386365682
816,partial_50pct_at_1r,-1.0140513386365682
817,baseline,0.17814353874063651
817,breakeven_after_0_5r,0.0
817,breakeven_after_1_0r,0.17814353874063651
817,exit_at_first_0_5r,0.5
817,exit_at_first_1_0r,0.17814353874063651
817,trail_0_5r_after_1_0r,0.17814353874063651
817,time_exit_after_4_bars_if_mfe_lt_0_3r,0.17814353874063651
817,partial_50pct_at_1r,0.17814353874063651
818,baseline,-1.0164341769506369
818,breakeven_after_0_5r,-1.0164341769506369
818,breakeven_after_1_0r,-1.0164341769506369
818,exit_at_first_0_5r,-1.0164341769506369
818,exit_at_first_1_0r,-1.0164341769506369
818,trail_0_5r_after_1_0r,-1.0164341769506369
818,time_exit_after_4_bars_if_mfe_lt_0_3r,-0.9182781683222574
818,partial_50pct_at_1r,-1.0164341769506369
819,baseline,-1.015922881269344
819,breakeven_after_0_5r,-1.015922881269344
819,breakeven_after_1_0r,-1.015922881269344
819,exit_at_first_0_5r,-1.015922881269344
819,exit_at_first_1_0r,-1.015922881269344
819,trail_0_5r_after_1_0r,-1.015922881269344
819,time_exit_after_4_bars_if_mfe_lt_0_3r,-1.015922881269344
819,partial_50pct_at_1r,-1.015922881269344
820,baseline,0.6285528433887971
820,breakeven_after_0_5r,0.0
820,breakeven_after_1_0r,0.0
820,exit_at_first_0_5r,0.5
820,exit_at_first_1_0r,1.0
820,trail_0_5r_after_1_0r,0.5115280362211188
820,time_exit_after_4_bars_if_mfe_lt_0_3r,0.6285528433887971
820,partial_50pct_at_1r,0.8142764216943985
821,baseline,-1.0110362943341211
821,breakeven_after_0_5r,-1.0110362943341211
821,breakeven_after_1_0r,-1.0110362943341211
821,exit_at_first_0_5r,-1.0110362943341211
821,exit_at_first_1_0r,-1.0110362943341211
821,trail_0_5r_after_1_0r,-1.0110362943341211
821,time_exit_after_4_bars_if_mfe_lt_0_3r,-0.35781806758158086
821,partial_50pct_at_1r,-1.0110362943341211
822,baseline,0.04300525881761021
822,breakeven_after_0_5r,0.04300525881761021
822,breakeven_after_1_0r,0.04300525881761021
822,exit_at_first_0_5r,0.04300525881761021
822,exit_at_first_1_0r,0.04300525881761021
822,trail_0_5r_after_1_0r,0.04300525881761021
822,time_exit_after_4_bars_if_mfe_lt_0_3r,0.04300525881761021
822,partial_50pct_at_1r,0.04300525881761021
823,baseline,-1.0101804682377877
823,breakeven_after_0_5r,-1.0101804682377877
823,breakeven_after_1_0r,-1.0101804682377877
823,exit_at_first_0_5r,-1.0101804682377877
823,exit_at_first_1_0r,-1.0101804682377877
823,trail_0_5r_after_1_0r,-1.0101804682377877
823,time_exit_after_4_bars_if_mfe_lt_0_3r,-1.0101804682377877
823,partial_50pct_at_1r,-1.0101804682377877
824,baseline,-1.0098631858824425
824,breakeven_after_0_5r,-1.0098631858824425
824,breakeven_after_1_0r,-1.0098631858824425
824,exit_at_first_0_5r,-1.0098631858824425
824,exit_at_first_1_0r,-1.0098631858824425
824,trail_0_5r_after_1_0r,-1.0098631858824425
824,time_exit_after_4_bars_if_mfe_lt_0_3r,-1.0098631858824425
824,partial_50pct_at_1r,-1.0098631858824425
825,baseline,0.2738684131368656
825,breakeven_after_0_5r,0.0
825,breakeven_after_1_0r,0.2738684131368656
825,exit_at_first_0_5r,0.5
825,exit_at_first_1_0r,0.2738684131368656
825,trail_0_5r_after_1_0r,0.2738684131368656
825,time_exit_after_4_bars_if_mfe_lt_0_3r,0.2738684131368656
825,partial_50pct_at_1r,0.2738684131368656
826,baseline,0.26039235415292494
826,breakeven_after_0_5r,0.0
826,breakeven_after_1_0r,0.26039235415292494
826,exit_at_first_0_5r,0.5
826,exit_at_first_1_0r,0.26039235415292494
826,trail_0_5r_after_1_0r,0.26039235415292494
826,time_exit_after_4_bars_if_mfe_lt_0_3r,0.26039235415292494
826,partial_50pct_at_1r,0.26039235415292494
827,baseline,0.5729004495901212
827,breakeven_after_0_5r,0.5729004495901212
827,breakeven_after_1_0r,0.5729004495901212
827,exit_at_first_0_5r,0.5
827,exit_at_first_1_0r,0.5729004495901212
827,trail_0_5r_after_1_0r,0.5729004495901212
827,time_exit_after_4_bars_if_mfe_lt_0_3r,0.06927015932982508
827,partial_50pct_at_1r,0.5729004495901212
828,baseline,0.196409009203569
828,breakeven_after_0_5r,0.196409009203569
828,breakeven_after_1_0r,0.196409009203569
828,exit_at_first_0_5r,0.5
828,exit_at_first_1_0r,0.196409009203569
828,trail_0_5r_after_1_0r,0.196409009203569
828,time_exit_after_4_bars_if_mfe_lt_0_3r,0.196409009203569
828,partial_50pct_at_1r,0.196409009203569
829,baseline,-1.0206029445885463
829,breakeven_after_0_5r,-1.0206029445885463
829,breakeven_after_1_0r,-1.0206029445885463
829,exit_at_first_0_5r,-1.0206029445885463
829,exit_at_first_1_0r,-1.0206029445885463
829,trail_0_5r_after_1_0r,-1.0206029445885463
829,time_exit_after_4_bars_if_mfe_lt_0_3r,-1.0206029445885463
829,partial_50pct_at_1r,-1.0206029445885463
830,baseline,-1.019522669132375
830,breakeven_after_0_5r,-1.019522669132375
830,breakeven_after_1_0r,-1.019522669132375
830,exit_at_first_0_5r,-1.019522669132375
830,exit_at_first_1_0r,-1.019522669132375
830,trail_0_5r_after_1_0r,-1.019522669132375
830,time_exit_after_4_bars_if_mfe_lt_0_3r,-1.019522669132375
830,partial_50pct_at_1r,-1.019522669132375
831,baseline,0.4987086344020652
831,breakeven_after_0_5r,0.4987086344020652
831,breakeven_after_1_0r,0.4987086344020652
831,exit_at_first_0_5r,0.5
831,exit_at_first_1_0r,1.0
831,trail_0_5r_after_1_0r,0.609697852033664
831,time_exit_after_4_bars_if_mfe_lt_0_3r,0.4987086344020652
831,partial_50pct_at_1r,0.7493543172010326
832,baseline,0.5567836640329934
832,breakeven_after_0_5r,0.0
832,breakeven_after_1_0r,0.5567836640329934
832,exit_at_first_0_5r,0.5
832,exit_at_first_1_0r,0.5567836640329934
832,trail_0_5r_after_1_0r,0.5567836640329934
832,time_exit_after_4_bars_if_mfe_lt_0_3r,0.5567836640329934
832,partial_50pct_at_1r,0.5567836640329934
833,baseline,0.9839384002039823
833,breakeven_after_0_5r,0.0
833,breakeven_after_1_0r,0.0
833,exit_at_first_0_5r,0.5
833,exit_at_first_1_0r,1.0
833,trail_0_5r_after_1_0r,0.9166879120175164
833,time_exit_after_4_bars_if_mfe_lt_0_3r,0.9839384002039823
833,partial_50pct_at_1r,0.9919692001019911
834,baseline,0.13889096948076857
834,breakeven_after_0_5r,0.13889096948076857
834,breakeven_after_1_0r,0.13889096948076857
834,exit_at_first_0_5r,0.13889096948076857
834,exit_at_first_1_0r,0.13889096948076857
834,trail_0_5r_after_1_0r,0.13889096948076857
834,time_exit_after_4_bars_if_mfe_lt_0_3r,0.13889096948076857
834,partial_50pct_at_1r,0.13889096948076857
835,baseline,0.6666137769511516
835,breakeven_after_0_5r,0.6666137769511516
835,breakeven_after_1_0r,0.6666137769511516
835,exit_at_first_0_5r,0.5
835,exit_at_first_1_0r,0.6666137769511516
835,trail_0_5r_after_1_0r,0.6666137769511516
835,time_exit_after_4_bars_if_mfe_lt_0_3r,0.6666137769511516
835,partial_50pct_at_1r,0.6666137769511516
836,baseline,0.5015249437364795
836,breakeven_after_0_5r,0.5015249437364795
836,breakeven_after_1_0r,0.5015249437364795
836,exit_at_first_0_5r,0.5
836,exit_at_first_1_0r,0.5015249437364795
836,trail_0_5r_after_1_0r,0.5015249437364795
836,time_exit_after_4_bars_if_mfe_lt_0_3r,0.5015249437364795
836,partial_50pct_at_1r,0.5015249437364795
837,baseline,1.132696936795404
837,breakeven_after_0_5r,1.132696936795404
837,breakeven_after_1_0r,1.132696936795404
837,exit_at_first_0_5r,0.5
837,exit_at_first_1_0r,1.0
837,trail_0_5r_after_1_0r,0.9016512595533468
837,time_exit_after_4_bars_if_mfe_lt_0_3r,1.132696936795404
837,partial_50pct_at_1r,1.066348468397702
838,baseline,0.7599836768389833
838,breakeven_after_0_5r,0.0
838,breakeven_after_1_0r,0.0
838,exit_at_first_0_5r,0.5
838,exit_at_first_1_0r,1.0
838,trail_0_5r_after_1_0r,0.9042752047510567
838,time_exit_after_4_bars_if_mfe_lt_0_3r,0.7599836768389833
838,partial_50pct_at_1r,0.8799918384194916
839,baseline,-1.01564880625479
839,breakeven_after_0_5r,-1.01564880625479
839,breakeven_after_1_0r,-1.01564880625479
839,exit_at_first_0_5r,-1.01564880625479
839,exit_at_first_1_0r,-1.01564880625479
839,trail_0_5r_after_1_0r,-1.01564880625479
839,time_exit_after_4_bars_if_mfe_lt_0_3r,-1.01564880625479
839,partial_50pct_at_1r,-1.01564880625479
840,baseline,0.17107513436255667
840,breakeven_after_0_5r,0.17107513436255667
840,breakeven_after_1_0r,0.17107513436255667
840,exit_at_first_0_5r,0.17107513436255667
840,exit_at_first_1_0r,0.17107513436255667
840,trail_0_5r_after_1_0r,0.17107513436255667
840,time_exit_after_4_bars_if_mfe_lt_0_3r,0.17107513436255667
840,partial_50pct_at_1r,0.17107513436255667
841,baseline,0.39295779409327897
841,breakeven_after_0_5r,0.39295779409327897
841,breakeven_after_1_0r,0.39295779409327897
841,exit_at_first_0_5r,0.5
841,exit_at_first_1_0r,0.39295779409327897
841,trail_0_5r_after_1_0r,0.39295779409327897
841,time_exit_after_4_bars_if_mfe_lt_0_3r,0.39295779409327897
841,partial_50pct_at_1r,0.39295779409327897
842,baseline,0.004086418540887489
842,breakeven_after_0_5r,0.004086418540887489
842,breakeven_after_1_0r,0.004086418540887489
842,exit_at_first_0_5r,0.004086418540887489
842,exit_at_first_1_0r,0.004086418540887489
842,trail_0_5r_after_1_0r,0.004086418540887489
842,time_exit_after_4_bars_if_mfe_lt_0_3r,0.004086418540887489
842,partial_50pct_at_1r,0.004086418540887489
843,baseline,1.0392059060446395
843,breakeven_after_0_5r,1.0392059060446395
843,breakeven_after_1_0r,1.0392059060446395
843,exit_at_first_0_5r,0.5
843,exit_at_first_1_0r,1.0
843,trail_0_5r_after_1_0r,0.8303136552380359
843,time_exit_after_4_bars_if_mfe_lt_0_3r,1.0392059060446395
843,partial_50pct_at_1r,1.0196029530223196
844,baseline,0.23131517668995638
844,breakeven_after_0_5r,0.23131517668995638
844,breakeven_after_1_0r,0.23131517668995638
844,exit_at_first_0_5r,0.23131517668995638
844,exit_at_first_1_0r,0.23131517668995638
844,trail_0_5r_after_1_0r,0.23131517668995638
844,time_exit_after_4_bars_if_mfe_lt_0_3r,0.23131517668995638
844,partial_50pct_at_1r,0.23131517668995638
845,baseline,0.1710334127723874
845,breakeven_after_0_5r,0.1710334127723874
845,breakeven_after_1_0r,0.1710334127723874
845,exit_at_first_0_5r,0.5
845,exit_at_first_1_0r,0.1710334127723874
845,trail_0_5r_after_1_0r,0.1710334127723874
845,time_exit_after_4_bars_if_mfe_lt_0_3r,0.1710334127723874
845,partial_50pct_at_1r,0.1710334127723874
846,baseline,0.18678561013072958
846,breakeven_after_0_5r,0.18678561013072958
846,breakeven_after_1_0r,0.18678561013072958
846,exit_at_first_0_5r,0.5
846,exit_at_first_1_0r,0.18678561013072958
846,trail_0_5r_after_1_0r,0.18678561013072958
846,time_exit_after_4_bars_if_mfe_lt_0_3r,0.18678561013072958
846,partial_50pct_at_1r,0.18678561013072958
847,baseline,-0.48078440500139547
847,breakeven_after_0_5r,0.0
847,breakeven_after_1_0r,-0.48078440500139547
847,exit_at_first_0_5r,0.5
847,exit_at_first_1_0r,-0.48078440500139547
847,trail_0_5r_after_1_0r,-0.48078440500139547
847,time_exit_after_4_bars_if_mfe_lt_0_3r,-0.48078440500139547
847,partial_50pct_at_1r,-0.48078440500139547
848,baseline,-1.0115124070007546
848,breakeven_after_0_5r,-1.0115124070007546
848,breakeven_after_1_0r,-1.0115124070007546
848,exit_at_first_0_5r,-1.0115124070007546
848,exit_at_first_1_0r,-1.0115124070007546
848,trail_0_5r_after_1_0r,-1.0115124070007546
848,time_exit_after_4_bars_if_mfe_lt_0_3r,-0.46177202307699156
848,partial_50pct_at_1r,-1.0115124070007546
849,baseline,0.4126550195240878
849,breakeven_after_0_5r,0.4126550195240878
849,breakeven_after_1_0r,0.4126550195240878
849,exit_at_first_0_5r,0.5
849,exit_at_first_1_0r,0.4126550195240878
849,trail_0_5r_after_1_0r,0.4126550195240878
849,time_exit_after_4_bars_if_mfe_lt_0_3r,0.4126550195240878
849,partial_50pct_at_1r,0.4126550195240878
850,baseline,-1.0121310886552923
850,breakeven_after_0_5r,-1.0121310886552923
850,breakeven_after_1_0r,-1.0121310886552923
850,exit_at_first_0_5r,-1.0121310886552923
850,exit_at_first_1_0r,-1.0121310886552923
850,trail_0_5r_after_1_0r,-1.0121310886552923
850,time_exit_after_4_bars_if_mfe_lt_0_3r,-0.13455202945118613
850,partial_50pct_at_1r,-1.0121310886552923
851,baseline,1.725174164328041
851,breakeven_after_0_5r,0.0
851,breakeven_after_1_0r,1.725174164328041
851,exit_at_first_0_5r,0.5
851,exit_at_first_1_0r,1.0
851,trail_0_5r_after_1_0r,1.4992951024700854
851,time_exit_after_4_bars_if_mfe_lt_0_3r,1.725174164328041
851,partial_50pct_at_1r,1.3625870821640205
852,baseline,0.136902859212324
852,breakeven_after_0_5r,0.136902859212324
852,breakeven_after_1_0r,0.136902859212324
852,exit_at_first_0_5r,0.136902859212324
852,exit_at_first_1_0r,0.136902859212324
852,trail_0_5r_after_1_0r,0.136902859212324
852,time_exit_after_4_bars_if_mfe_lt_0_3r,0.136902859212324
852,partial_50pct_at_1r,0.136902859212324
853,baseline,0.4256189957886256
853,breakeven_after_0_5r,0.0
853,breakeven_after_1_0r,0.4256189957886256
853,exit_at_first_0_5r,0.5
853,exit_at_first_1_0r,0.4256189957886256
853,trail_0_5r_after_1_0r,0.4256189957886256
853,time_exit_after_4_bars_if_mfe_lt_0_3r,0.4256189957886256
853,partial_50pct_at_1r,0.4256189957886256
854,baseline,0.6611680934986143
854,breakeven_after_0_5r,0.0
854,breakeven_after_1_0r,0.6611680934986143
854,exit_at_first_0_5r,0.5
854,exit_at_first_1_0r,0.6611680934986143
854,trail_0_5r_after_1_0r,0.6611680934986143
854,time_exit_after_4_bars_if_mfe_lt_0_3r,0.6611680934986143
854,partial_50pct_at_1r,0.6611680934986143
855,baseline,-1.0204744487707276
855,breakeven_after_0_5r,-1.0204744487707276
855,breakeven_after_1_0r,-1.0204744487707276
855,exit_at_first_0_5r,-1.0204744487707276
855,exit_at_first_1_0r,-1.0204744487707276
855,trail_0_5r_after_1_0r,-1.0204744487707276
855,time_exit_after_4_bars_if_mfe_lt_0_3r,-1.0204744487707276
855,partial_50pct_at_1r,-1.0204744487707276
856,baseline,1.3946053448290028
856,breakeven_after_0_5r,1.3946053448290028
856,breakeven_after_1_0r,1.3946053448290028
856,exit_at_first_0_5r,0.5
856,exit_at_first_1_0r,1.0
856,trail_0_5r_after_1_0r,1.1650351565263184
856,time_exit_after_4_bars_if_mfe_lt_0_3r,1.3946053448290028
856,partial_50pct_at_1r,1.1973026724145015
857,baseline,0.44866395139257875
857,breakeven_after_0_5r,0.0
857,breakeven_after_1_0r,0.44866395139257875
857,exit_at_first_0_5r,0.5
857,exit_at_first_1_0r,0.44866395139257875
857,trail_0_5r_after_1_0r,0.44866395139257875
857,time_exit_after_4_bars_if_mfe_lt_0_3r,0.44866395139257875
857,partial_50pct_at_1r,0.44866395139257875
858,baseline,0.25340427379720404
858,breakeven_after_0_5r,0.0
858,breakeven_after_1_0r,0.25340427379720404
858,exit_at_first_0_5r,0.5
858,exit_at_first_1_0r,0.25340427379720404
858,trail_0_5r_after_1_0r,0.25340427379720404
858,time_exit_after_4_bars_if_mfe_lt_0_3r,0.25340427379720404
858,partial_50pct_at_1r,0.25340427379720404
859,baseline,0.44448608643289383
859,breakeven_after_0_5r,0.44448608643289383
859,breakeven_after_1_0r,0.44448608643289383
859,exit_at_first_0_5r,0.5
859,exit_at_first_1_0r,0.44448608643289383
859,trail_0_5r_after_1_0r,0.44448608643289383
859,time_exit_after_4_bars_if_mfe_lt_0_3r,0.44448608643289383
859,partial_50pct_at_1r,0.44448608643289383
860,baseline,0.28101172001820673
860,breakeven_after_0_5r,0.0
860,breakeven_after_1_0r,0.28101172001820673
860,exit_at_first_0_5r,0.5
860,exit_at_first_1_0r,0.28101172001820673
860,trail_0_5r_after_1_0r,0.28101172001820673
860,time_exit_after_4_bars_if_mfe_lt_0_3r,0.28101172001820673
860,partial_50pct_at_1r,0.28101172001820673
861,baseline,0.3522294803661005
861,breakeven_after_0_5r,0.0
861,breakeven_after_1_0r,0.3522294803661005
861,exit_at_first_0_5r,0.5
861,exit_at_first_1_0r,0.3522294803661005
861,trail_0_5r_after_1_0r,0.3522294803661005
861,time_exit_after_4_bars_if_mfe_lt_0_3r,0.3522294803661005
861,partial_50pct_at_1r,0.3522294803661005
862,baseline,0.17656131956591756
862,breakeven_after_0_5r,0.0
862,breakeven_after_1_0r,0.17656131956591756
862,exit_at_first_0_5r,0.5
862,exit_at_first_1_0r,0.17656131956591756
862,trail_0_5r_after_1_0r,0.17656131956591756
862,time_exit_after_4_bars_if_mfe_lt_0_3r,0.17656131956591756
862,partial_50pct_at_1r,0.17656131956591756
863,baseline,0.36182428209360207
863,breakeven_after_0_5r,0.36182428209360207
863,breakeven_after_1_0r,0.36182428209360207
863,exit_at_first_0_5r,0.5
863,exit_at_first_1_0r,0.36182428209360207
863,trail_0_5r_after_1_0r,0.36182428209360207
863,time_exit_after_4_bars_if_mfe_lt_0_3r,0.36182428209360207
863,partial_50pct_at_1r,0.36182428209360207
864,baseline,-1.0135579531179773
864,breakeven_after_0_5r,-1.0135579531179773
864,breakeven_after_1_0r,-1.0135579531179773
864,exit_at_first_0_5r,-1.0135579531179773
864,exit_at_first_1_0r,-1.0135579531179773
864,trail_0_5r_after_1_0r,-1.0135579531179773
864,time_exit_after_4_bars_if_mfe_lt_0_3r,-1.0135579531179773
864,partial_50pct_at_1r,-1.0135579531179773
865,baseline,1.1371123222590562
865,breakeven_after_0_5r,0.0
865,breakeven_after_1_0r,0.0
865,exit_at_first_0_5r,0.5
865,exit_at_first_1_0r,1.0
865,trail_0_5r_after_1_0r,1.8220928203709348
865,time_exit_after_4_bars_if_mfe_lt_0_3r,1.1371123222590562
865,partial_50pct_at_1r,1.068556161129528
866,baseline,0.3386000754503786
866,breakeven_after_0_5r,0.0
866,breakeven_after_1_0r,0.3386000754503786
866,exit_at_first_0_5r,0.5
866,exit_at_first_1_0r,0.3386000754503786
866,trail_0_5r_after_1_0r,0.3386000754503786
866,time_exit_after_4_bars_if_mfe_lt_0_3r,0.3386000754503786
866,partial_50pct_at_1r,0.3386000754503786
867,baseline,0.18847006484860385
867,breakeven_after_0_5r,0.18847006484860385
867,breakeven_after_1_0r,0.18847006484860385
867,exit_at_first_0_5r,0.5
867,exit_at_first_1_0r,0.18847006484860385
867,trail_0_5r_after_1_0r,0.18847006484860385
867,time_exit_after_4_bars_if_mfe_lt_0_3r,0.18847006484860385
867,partial_50pct_at_1r,0.18847006484860385
868,baseline,0.12153887436546651
868,breakeven_after_0_5r,0.12153887436546651
868,breakeven_after_1_0r,0.12153887436546651
868,exit_at_first_0_5r,0.12153887436546651
868,exit_at_first_1_0r,0.12153887436546651
868,trail_0_5r_after_1_0r,0.12153887436546651
868,time_exit_after_4_bars_if_mfe_lt_0_3r,0.12153887436546651
868,partial_50pct_at_1r,0.12153887436546651
869,baseline,-1.0174539733632864
869,breakeven_after_0_5r,-1.0174539733632864
869,breakeven_after_1_0r,-1.0174539733632864
869,exit_at_first_0_5r,-1.0174539733632864
869,exit_at_first_1_0r,-1.0174539733632864
869,trail_0_5r_after_1_0r,-1.0174539733632864
869,time_exit_after_4_bars_if_mfe_lt_0_3r,-1.0174539733632864
869,partial_50pct_at_1r,-1.0174539733632864
870,baseline,0.13843022520671894
870,breakeven_after_0_5r,0.13843022520671894
870,breakeven_after_1_0r,0.13843022520671894
870,exit_at_first_0_5r,0.13843022520671894
870,exit_at_first_1_0r,0.13843022520671894
870,trail_0_5r_after_1_0r,0.13843022520671894
870,time_exit_after_4_bars_if_mfe_lt_0_3r,0.13843022520671894
870,partial_50pct_at_1r,0.13843022520671894
871,baseline,-0.07810902964868151
871,breakeven_after_0_5r,0.0
871,breakeven_after_1_0r,0.0
871,exit_at_first_0_5r,0.5
871,exit_at_first_1_0r,1.0
871,trail_0_5r_after_1_0r,0.5559726249886856
871,time_exit_after_4_bars_if_mfe_lt_0_3r,-0.07810902964868151
871,partial_50pct_at_1r,0.46094548517565925
872,baseline,0.39586457636857464
872,breakeven_after_0_5r,0.39586457636857464
872,breakeven_after_1_0r,0.39586457636857464
872,exit_at_first_0_5r,0.5
872,exit_at_first_1_0r,0.39586457636857464
872,trail_0_5r_after_1_0r,0.39586457636857464
872,time_exit_after_4_bars_if_mfe_lt_0_3r,0.39586457636857464
872,partial_50pct_at_1r,0.39586457636857464
873,baseline,-1.0177896293665072
873,breakeven_after_0_5r,-1.0177896293665072
873,breakeven_after_1_0r,-1.0177896293665072
873,exit_at_first_0_5r,-1.0177896293665072
873,exit_at_first_1_0r,-1.0177896293665072
873,trail_0_5r_after_1_0r,-1.0177896293665072
873,time_exit_after_4_bars_if_mfe_lt_0_3r,-1.1720736808755585
873,partial_50pct_at_1r,-1.0177896293665072
874,baseline,-0.8064201070849278
874,breakeven_after_0_5r,-0.8064201070849278
874,breakeven_after_1_0r,-0.8064201070849278
874,exit_at_first_0_5r,-0.8064201070849278
874,exit_at_first_1_0r,-0.8064201070849278
874,trail_0_5r_after_1_0r,-0.8064201070849278
874,time_exit_after_4_bars_if_mfe_lt_0_3r,-0.3209447249737936
874,partial_50pct_at_1r,-0.8064201070849278
875,baseline,-0.22671006931174448
875,breakeven_after_0_5r,0.0
875,breakeven_after_1_0r,-0.22671006931174448
875,exit_at_first_0_5r,0.5
875,exit_at_first_1_0r,-0.22671006931174448
875,trail_0_5r_after_1_0r,-0.22671006931174448
875,time_exit_after_4_bars_if_mfe_lt_0_3r,0.060982042406565844
875,partial_50pct_at_1r,-0.22671006931174448
876,baseline,-1.0283061434948526
876,breakeven_after_0_5r,-1.0283061434948526
876,breakeven_after_1_0r,-1.0283061434948526
876,exit_at_first_0_5r,-1.0283061434948526
876,exit_at_first_1_0r,-1.0283061434948526
876,trail_0_5r_after_1_0r,-1.0283061434948526
876,time_exit_after_4_bars_if_mfe_lt_0_3r,-1.0283061434948526
876,partial_50pct_at_1r,-1.0283061434948526
877,baseline,0.12369117875037122
877,breakeven_after_0_5r,0.12369117875037122
877,breakeven_after_1_0r,0.12369117875037122
877,exit_at_first_0_5r,0.12369117875037122
877,exit_at_first_1_0r,0.12369117875037122
877,trail_0_5r_after_1_0r,0.12369117875037122
877,time_exit_after_4_bars_if_mfe_lt_0_3r,0.12369117875037122
877,partial_50pct_at_1r,0.12369117875037122
878,baseline,-1.0268323095703673
878,breakeven_after_0_5r,-1.0268323095703673
878,breakeven_after_1_0r,-1.0268323095703673
878,exit_at_first_0_5r,-1.0268323095703673
878,exit_at_first_1_0r,-1.0268323095703673
878,trail_0_5r_after_1_0r,-1.0268323095703673
878,time_exit_after_4_bars_if_mfe_lt_0_3r,-0.5154405323240007
878,partial_50pct_at_1r,-1.0268323095703673
879,baseline,0.7340212060009117
879,breakeven_after_0_5r,0.0
879,breakeven_after_1_0r,0.7340212060009117
879,exit_at_first_0_5r,0.5
879,exit_at_first_1_0r,1.0
879,trail_0_5r_after_1_0r,0.9714768011254635
879,time_exit_after_4_bars_if_mfe_lt_0_3r,0.7340212060009117
879,partial_50pct_at_1r,0.8670106030004558
880,baseline,-1.021515985802848
880,breakeven_after_0_5r,-1.021515985802848
880,breakeven_after_1_0r,-1.021515985802848
880,exit_at_first_0_5r,-1.021515985802848
880,exit_at_first_1_0r,-1.021515985802848
880,trail_0_5r_after_1_0r,-1.021515985802848
880,time_exit_after_4_bars_if_mfe_lt_0_3r,-0.173288004007502
880,partial_50pct_at_1r,-1.021515985802848
881,baseline,-1.023394319325794
881,breakeven_after_0_5r,-1.023394319325794
881,breakeven_after_1_0r,-1.023394319325794
881,exit_at_first_0_5r,-1.023394319325794
881,exit_at_first_1_0r,-1.023394319325794
881,trail_0_5r_after_1_0r,-1.023394319325794
881,time_exit_after_4_bars_if_mfe_lt_0_3r,-1.023394319325794
881,partial_50pct_at_1r,-1.023394319325794
882,baseline,-1.0203198424133362
882,breakeven_after_0_5r,-1.0203198424133362
882,breakeven_after_1_0r,-1.0203198424133362
882,exit_at_first_0_5r,-1.0203198424133362
882,exit_at_first_1_0r,-1.0203198424133362
882,trail_0_5r_after_1_0r,-1.0203198424133362
882,time_exit_after_4_bars_if_mfe_lt_0_3r,-1.0203198424133362
882,partial_50pct_at_1r,-1.0203198424133362
883,baseline,-1.0180694590076371
883,breakeven_after_0_5r,-1.0180694590076371
883,breakeven_after_1_0r,-1.0180694590076371
883,exit_at_first_0_5r,-1.0180694590076371
883,exit_at_first_1_0r,-1.0180694590076371
883,trail_0_5r_after_1_0r,-1.0180694590076371
883,time_exit_after_4_bars_if_mfe_lt_0_3r,-0.15739501005178483
883,partial_50pct_at_1r,-1.0180694590076371
884,baseline,0.5086735738556233
884,breakeven_after_0_5r,0.5086735738556233
884,breakeven_after_1_0r,0.5086735738556233
884,exit_at_first_0_5r,0.5
884,exit_at_first_1_0r,0.5086735738556233
884,trail_0_5r_after_1_0r,0.5086735738556233
884,time_exit_after_4_bars_if_mfe_lt_0_3r,0.5086735738556233
884,partial_50pct_at_1r,0.5086735738556233
885,baseline,-1.0163330973895823
885,breakeven_after_0_5r,-1.0163330973895823
885,breakeven_after_1_0r,-1.0163330973895823
885,exit_at_first_0_5r,-1.0163330973895823
885,exit_at_first_1_0r,-1.0163330973895823
885,trail_0_5r_after_1_0r,-1.0163330973895823
885,time_exit_after_4_bars_if_mfe_lt_0_3r,-0.672081827060485
885,partial_50pct_at_1r,-1.0163330973895823
886,baseline,0.5466699683400762
886,breakeven_after_0_5r,0.5466699683400762
886,breakeven_after_1_0r,0.5466699683400762
886,exit_at_first_0_5r,0.5
886,exit_at_first_1_0r,0.5466699683400762
886,trail_0_5r_after_1_0r,0.5466699683400762
886,time_exit_after_4_bars_if_mfe_lt_0_3r,0.5466699683400762
886,partial_50pct_at_1r,0.5466699683400762
887,baseline,0.01892925577000075
887,breakeven_after_0_5r,0.01892925577000075
887,breakeven_after_1_0r,0.01892925577000075
887,exit_at_first_0_5r,0.01892925577000075
887,exit_at_first_1_0r,0.01892925577000075
887,trail_0_5r_after_1_0r,0.01892925577000075
887,time_exit_after_4_bars_if_mfe_lt_0_3r,-0.1318376916701386
887,partial_50pct_at_1r,0.01892925577000075
888,baseline,0.24992966561487648
888,breakeven_after_0_5r,0.0
888,breakeven_after_1_0r,0.24992966561487648
888,exit_at_first_0_5r,0.5
888,exit_at_first_1_0r,0.24992966561487648
888,trail_0_5r_after_1_0r,0.24992966561487648
888,time_exit_after_4_bars_if_mfe_lt_0_3r,0.24992966561487648
888,partial_50pct_at_1r,0.24992966561487648
889,baseline,-1.0188404002670226
889,breakeven_after_0_5r,-1.0188404002670226
889,breakeven_after_1_0r,-1.0188404002670226
889,exit_at_first_0_5r,-1.0188404002670226
889,exit_at_first_1_0r,-1.0188404002670226
889,trail_0_5r_after_1_0r,-1.0188404002670226
889,time_exit_after_4_bars_if_mfe_lt_0_3r,-1.0188404002670226
889,partial_50pct_at_1r,-1.0188404002670226
890,baseline,-1.0175122959924303
890,breakeven_after_0_5r,-1.0175122959924303
890,breakeven_after_1_0r,-1.0175122959924303
890,exit_at_first_0_5r,-1.0175122959924303
890,exit_at_first_1_0r,-1.0175122959924303
890,trail_0_5r_after_1_0r,-1.0175122959924303
890,time_exit_after_4_bars_if_mfe_lt_0_3r,-1.0175122959924303
890,partial_50pct_at_1r,-1.0175122959924303
891,baseline,0.1283006185622115
891,breakeven_after_0_5r,0.1283006185622115
891,breakeven_after_1_0r,0.1283006185622115
891,exit_at_first_0_5r,0.1283006185622115
891,exit_at_first_1_0r,0.1283006185622115
891,trail_0_5r_after_1_0r,0.1283006185622115
891,time_exit_after_4_bars_if_mfe_lt_0_3r,0.1283006185622115
891,partial_50pct_at_1r,0.1283006185622115
892,baseline,0.35494842189423487
892,breakeven_after_0_5r,0.0
892,breakeven_after_1_0r,0.35494842189423487
892,exit_at_first_0_5r,0.5
892,exit_at_first_1_0r,0.35494842189423487
892,trail_0_5r_after_1_0r,0.35494842189423487
892,time_exit_after_4_bars_if_mfe_lt_0_3r,0.35494842189423487
892,partial_50pct_at_1r,0.35494842189423487
893,baseline,0.2707364787929946
893,breakeven_after_0_5r,0.2707364787929946
893,breakeven_after_1_0r,0.2707364787929946
893,exit_at_first_0_5r,0.5
893,exit_at_first_1_0r,1.0
893,trail_0_5r_after_1_0r,0.7123044124217646
893,time_exit_after_4_bars_if_mfe_lt_0_3r,0.2707364787929946
893,partial_50pct_at_1r,0.6353682393964973
894,baseline,0.5153992446768975
894,breakeven_after_0_5r,0.0
894,breakeven_after_1_0r,0.5153992446768975
894,exit_at_first_0_5r,0.5
894,exit_at_first_1_0r,0.5153992446768975
894,trail_0_5r_after_1_0r,0.5153992446768975
894,time_exit_after_4_bars_if_mfe_lt_0_3r,0.5153992446768975
894,partial_50pct_at_1r,0.5153992446768975
895,baseline,0.4716124076153901
895,breakeven_after_0_5r,0.4716124076153901
895,breakeven_after_1_0r,0.4716124076153901
895,exit_at_first_0_5r,0.5
895,exit_at_first_1_0r,0.4716124076153901
895,trail_0_5r_after_1_0r,0.4716124076153901
895,time_exit_after_4_bars_if_mfe_lt_0_3r,0.4716124076153901
895,partial_50pct_at_1r,0.4716124076153901
896,baseline,0.221808392320815
896,breakeven_after_0_5r,0.221808392320815
896,breakeven_after_1_0r,0.221808392320815
896,exit_at_first_0_5r,0.5
896,exit_at_first_1_0r,0.221808392320815
896,trail_0_5r_after_1_0r,0.221808392320815
896,time_exit_after_4_bars_if_mfe_lt_0_3r,0.221808392320815
896,partial_50pct_at_1r,0.221808392320815
897,baseline,0.2549190248898355
897,breakeven_after_0_5r,0.0
897,breakeven_after_1_0r,0.2549190248898355
897,exit_at_first_0_5r,0.5
897,exit_at_first_1_0r,0.2549190248898355
897,trail_0_5r_after_1_0r,0.2549190248898355
897,time_exit_after_4_bars_if_mfe_lt_0_3r,0.2549190248898355
897,partial_50pct_at_1r,0.2549190248898355
898,baseline,0.3725798775139105
898,breakeven_after_0_5r,0.0
898,breakeven_after_1_0r,0.3725798775139105
898,exit_at_first_0_5r,0.5
898,exit_at_first_1_0r,0.3725798775139105
898,trail_0_5r_after_1_0r,0.3725798775139105
898,time_exit_after_4_bars_if_mfe_lt_0_3r,0.3725798775139105
898,partial_50pct_at_1r,0.3725798775139105
899,baseline,0.1013866711074324
899,breakeven_after_0_5r,0.1013866711074324
899,breakeven_after_1_0r,0.1013866711074324
899,exit_at_first_0_5r,0.1013866711074324
899,exit_at_first_1_0r,0.1013866711074324
899,trail_0_5r_after_1_0r,0.1013866711074324
899,time_exit_after_4_bars_if_mfe_lt_0_3r,0.1013866711074324
899,partial_50pct_at_1r,0.1013866711074324
900,baseline,-1.0305108160139032
900,breakeven_after_0_5r,-1.0305108160139032
900,breakeven_after_1_0r,-1.0305108160139032
900,exit_at_first_0_5r,-1.0305108160139032
900,exit_at_first_1_0r,-1.0305108160139032
900,trail_0_5r_after_1_0r,-1.0305108160139032
900,time_exit_after_4_bars_if_mfe_lt_0_3r,-1.0305108160139032
900,partial_50pct_at_1r,-1.0305108160139032
901,baseline,-1.0295275602239629
901,breakeven_after_0_5r,-1.0295275602239629
901,breakeven_after_1_0r,-1.0295275602239629
901,exit_at_first_0_5r,-1.0295275602239629
901,exit_at_first_1_0r,-1.0295275602239629
901,trail_0_5r_after_1_0r,-1.0295275602239629
901,time_exit_after_4_bars_if_mfe_lt_0_3r,-1.0295275602239629
901,partial_50pct_at_1r,-1.0295275602239629
902,baseline,0.11960427081690227
902,breakeven_after_0_5r,0.11960427081690227
902,breakeven_after_1_0r,0.11960427081690227
902,exit_at_first_0_5r,0.11960427081690227
902,exit_at_first_1_0r,0.11960427081690227
902,trail_0_5r_after_1_0r,0.11960427081690227
902,time_exit_after_4_bars_if_mfe_lt_0_3r,0.11960427081690227
902,partial_50pct_at_1r,0.11960427081690227
903,baseline,-1.0294663732676281
903,breakeven_after_0_5r,-1.0294663732676281
903,breakeven_after_1_0r,-1.0294663732676281
903,exit_at_first_0_5r,-1.0294663732676281
903,exit_at_first_1_0r,-1.0294663732676281
903,trail_0_5r_after_1_0r,-1.0294663732676281
903,time_exit_after_4_bars_if_mfe_lt_0_3r,-0.4706813719428426
903,partial_50pct_at_1r,-1.0294663732676281
904,baseline,0.16788415927768482
904,breakeven_after_0_5r,0.16788415927768482
904,breakeven_after_1_0r,0.16788415927768482
904,exit_at_first_0_5r,0.16788415927768482
904,exit_at_first_1_0r,0.16788415927768482
904,trail_0_5r_after_1_0r,0.16788415927768482
904,time_exit_after_4_bars_if_mfe_lt_0_3r,0.16788415927768482
904,partial_50pct_at_1r,0.16788415927768482
905,baseline,-0.14896061148154072
905,breakeven_after_0_5r,-0.14896061148154072
905,breakeven_after_1_0r,-0.14896061148154072
905,exit_at_first_0_5r,-0.14896061148154072
905,exit_at_first_1_0r,-0.14896061148154072
905,trail_0_5r_after_1_0r,-0.14896061148154072
905,time_exit_after_4_bars_if_mfe_lt_0_3r,-0.34561892323680515
905,partial_50pct_at_1r,-0.14896061148154072
906,baseline,0.40657100158129716
906,breakeven_after_0_5r,0.0
906,breakeven_after_1_0r,0.40657100158129716
906,exit_at_first_0_5r,0.5
906,exit_at_first_1_0r,1.0
906,trail_0_5r_after_1_0r,0.7628086152220668
906,time_exit_after_4_bars_if_mfe_lt_0_3r,-0.5664643354527512
906,partial_50pct_at_1r,0.7032855007906486
907,baseline,-0.21014890835292224
907,breakeven_after_0_5r,-0.21014890835292224
907,breakeven_after_1_0r,-0.21014890835292224
907,exit_at_first_0_5r,-0.21014890835292224
907,exit_at_first_1_0r,-0.21014890835292224
907,trail_0_5r_after_1_0r,-0.21014890835292224
907,time_exit_after_4_bars_if_mfe_lt_0_3r,-0.21014890835292224
907,partial_50pct_at_1r,-0.21014890835292224
908,baseline,0.047307765663956926
908,breakeven_after_0_5r,0.047307765663956926
908,breakeven_after_1_0r,0.047307765663956926
908,exit_at_first_0_5r,0.047307765663956926
908,exit_at_first_1_0r,0.047307765663956926
908,trail_0_5r_after_1_0r,0.047307765663956926
908,time_exit_after_4_bars_if_mfe_lt_0_3r,0.047307765663956926
908,partial_50pct_at_1r,0.047307765663956926
909,baseline,0.15121584642248587
909,breakeven_after_0_5r,0.0
909,breakeven_after_1_0r,0.15121584642248587
909,exit_at_first_0_5r,0.5
909,exit_at_first_1_0r,0.15121584642248587
909,trail_0_5r_after_1_0r,0.15121584642248587
909,time_exit_after_4_bars_if_mfe_lt_0_3r,0.15121584642248587
909,partial_50pct_at_1r,0.15121584642248587
910,baseline,0.21390526894351752
910,breakeven_after_0_5r,0.21390526894351752
910,breakeven_after_1_0r,0.21390526894351752
910,exit_at_first_0_5r,0.5
910,exit_at_first_1_0r,0.21390526894351752
910,trail_0_5r_after_1_0r,0.21390526894351752
910,time_exit_after_4_bars_if_mfe_lt_0_3r,0.21390526894351752
910,partial_50pct_at_1r,0.21390526894351752
911,baseline,0.16202577762974144
911,breakeven_after_0_5r,0.16202577762974144
911,breakeven_after_1_0r,0.16202577762974144
911,exit_at_first_0_5r,0.16202577762974144
911,exit_at_first_1_0r,0.16202577762974144
911,trail_0_5r_after_1_0r,0.16202577762974144
911,time_exit_after_4_bars_if_mfe_lt_0_3r,0.16202577762974144
911,partial_50pct_at_1r,0.16202577762974144
912,baseline,-1.0168975582980035
912,breakeven_after_0_5r,-1.0168975582980035
912,breakeven_after_1_0r,-1.0168975582980035
912,exit_at_first_0_5r,-1.0168975582980035
912,exit_at_first_1_0r,-1.0168975582980035
912,trail_0_5r_after_1_0r,-1.0168975582980035
912,time_exit_after_4_bars_if_mfe_lt_0_3r,0.009886093579246866
912,partial_50pct_at_1r,-1.0168975582980035
913,baseline,0.586951039068532
913,breakeven_after_0_5r,0.0
913,breakeven_after_1_0r,0.0
913,exit_at_first_0_5r,0.5
913,exit_at_first_1_0r,1.0
913,trail_0_5r_after_1_0r,0.9880255041557673
913,time_exit_after_4_bars_if_mfe_lt_0_3r,0.586951039068532
913,partial_50pct_at_1r,0.793475519534266
914,baseline,0.30120131304318576
914,breakeven_after_0_5r,0.30120131304318576
914,breakeven_after_1_0r,0.30120131304318576
914,exit_at_first_0_5r,0.5
914,exit_at_first_1_0r,0.30120131304318576
914,trail_0_5r_after_1_0r,0.30120131304318576
914,time_exit_after_4_bars_if_mfe_lt_0_3r,0.30120131304318576
914,partial_50pct_at_1r,0.30120131304318576
915,baseline,0.14328336613473552
915,breakeven_after_0_5r,0.14328336613473552
915,breakeven_after_1_0r,0.14328336613473552
915,exit_at_first_0_5r,0.5
915,exit_at_first_1_0r,0.14328336613473552
915,trail_0_5r_after_1_0r,0.14328336613473552
915,time_exit_after_4_bars_if_mfe_lt_0_3r,-0.18474808305162238
915,partial_50pct_at_1r,0.14328336613473552
916,baseline,0.3061550593255377
916,breakeven_after_0_5r,0.0
916,breakeven_after_1_0r,0.3061550593255377
916,exit_at_first_0_5r,0.5
916,exit_at_first_1_0r,1.0
916,trail_0_5r_after_1_0r,1.24378193219727
916,time_exit_after_4_bars_if_mfe_lt_0_3r,0.3061550593255377
916,partial_50pct_at_1r,0.6530775296627689
917,baseline,2.4869647073334478
917,breakeven_after_0_5r,0.0
917,breakeven_after_1_0r,0.0
917,exit_at_first_0_5r,0.5
917,exit_at_first_1_0r,1.0
917,trail_0_5r_after_1_0r,2.040811690544858
917,time_exit_after_4_bars_if_mfe_lt_0_3r,2.4869647073334478
917,partial_50pct_at_1r,1.7434823536667239
918,baseline,0.24074033290321106
918,breakeven_after_0_5r,0.24074033290321106
918,breakeven_after_1_0r,0.24074033290321106
918,exit_at_first_0_5r,0.24074033290321106
918,exit_at_first_1_0r,0.24074033290321106
918,trail_0_5r_after_1_0r,0.24074033290321106
918,time_exit_after_4_bars_if_mfe_lt_0_3r,0.24074033290321106
918,partial_50pct_at_1r,0.24074033290321106
919,baseline,-1.0060064170223182
919,breakeven_after_0_5r,-1.0060064170223182
919,breakeven_after_1_0r,-1.0060064170223182
919,exit_at_first_0_5r,-1.0060064170223182
919,exit_at_first_1_0r,-1.0060064170223182
919,trail_0_5r_after_1_0r,-1.0060064170223182
919,time_exit_after_4_bars_if_mfe_lt_0_3r,-1.0060064170223182
919,partial_50pct_at_1r,-1.0060064170223182
920,baseline,0.011808245469462061
920,breakeven_after_0_5r,0.011808245469462061
920,breakeven_after_1_0r,0.011808245469462061
920,exit_at_first_0_5r,0.011808245469462061
920,exit_at_first_1_0r,0.011808245469462061
920,trail_0_5r_after_1_0r,0.011808245469462061
920,time_exit_after_4_bars_if_mfe_lt_0_3r,0.011808245469462061
920,partial_50pct_at_1r,0.011808245469462061
921,baseline,0.34723007872438705
921,breakeven_after_0_5r,0.34723007872438705
921,breakeven_after_1_0r,0.34723007872438705
921,exit_at_first_0_5r,0.5
921,exit_at_first_1_0r,0.34723007872438705
921,trail_0_5r_after_1_0r,0.34723007872438705
921,time_exit_after_4_bars_if_mfe_lt_0_3r,0.34723007872438705
921,partial_50pct_at_1r,0.34723007872438705
922,baseline,0.5026971167358627
922,breakeven_after_0_5r,0.0
922,breakeven_after_1_0r,0.5026971167358627
922,exit_at_first_0_5r,0.5
922,exit_at_first_1_0r,1.0
922,trail_0_5r_after_1_0r,0.5193659354088735
922,time_exit_after_4_bars_if_mfe_lt_0_3r,0.5026971167358627
922,partial_50pct_at_1r,0.7513485583679314
923,baseline,0.5267607599949746
923,breakeven_after_0_5r,0.5267607599949746
923,breakeven_after_1_0r,0.5267607599949746
923,exit_at_first_0_5r,0.5
923,exit_at_first_1_0r,0.5267607599949746
923,trail_0_5r_after_1_0r,0.5267607599949746
923,time_exit_after_4_bars_if_mfe_lt_0_3r,0.5267607599949746
923,partial_50pct_at_1r,0.5267607599949746
924,baseline,0.18008208878130272
924,breakeven_after_0_5r,0.18008208878130272
924,breakeven_after_1_0r,0.18008208878130272
924,exit_at_first_0_5r,0.5
924,exit_at_first_1_0r,0.18008208878130272
924,trail_0_5r_after_1_0r,0.18008208878130272
924,time_exit_after_4_bars_if_mfe_lt_0_3r,0.18008208878130272
924,partial_50pct_at_1r,0.18008208878130272
925,baseline,-1.0070609126076235
925,breakeven_after_0_5r,-1.0070609126076235
925,breakeven_after_1_0r,-1.0070609126076235
925,exit_at_first_0_5r,-1.0070609126076235
925,exit_at_first_1_0r,-1.0070609126076235
925,trail_0_5r_after_1_0r,-1.0070609126076235
925,time_exit_after_4_bars_if_mfe_lt_0_3r,-0.7900894772205976
925,partial_50pct_at_1r,-1.0070609126076235
926,baseline,0.1920721299553658
926,breakeven_after_0_5r,0.1920721299553658
926,breakeven_after_1_0r,0.1920721299553658
926,exit_at_first_0_5r,0.5
926,exit_at_first_1_0r,0.1920721299553658
926,trail_0_5r_after_1_0r,0.1920721299553658
926,time_exit_after_4_bars_if_mfe_lt_0_3r,0.1920721299553658
926,partial_50pct_at_1r,0.1920721299553658
927,baseline,0.07557123151369029
927,breakeven_after_0_5r,0.07557123151369029
927,breakeven_after_1_0r,0.07557123151369029
927,exit_at_first_0_5r,0.07557123151369029
927,exit_at_first_1_0r,0.07557123151369029
927,trail_0_5r_after_1_0r,0.07557123151369029
927,time_exit_after_4_bars_if_mfe_lt_0_3r,0.07557123151369029
927,partial_50pct_at_1r,0.07557123151369029
928,baseline,0.2423415779127416
928,breakeven_after_0_5r,0.0
928,breakeven_after_1_0r,0.2423415779127416
928,exit_at_first_0_5r,0.5
928,exit_at_first_1_0r,0.2423415779127416
928,trail_0_5r_after_1_0r,0.2423415779127416
928,time_exit_after_4_bars_if_mfe_lt_0_3r,0.2423415779127416
928,partial_50pct_at_1r,0.2423415779127416
929,baseline,-1.019256041740053
929,breakeven_after_0_5r,-1.019256041740053
929,breakeven_after_1_0r,-1.019256041740053
929,exit_at_first_0_5r,-1.019256041740053
929,exit_at_first_1_0r,-1.019256041740053
929,trail_0_5r_after_1_0r,-1.019256041740053
929,time_exit_after_4_bars_if_mfe_lt_0_3r,-1.019256041740053
929,partial_50pct_at_1r,-1.019256041740053
930,baseline,-1.0186745665510966
930,breakeven_after_0_5r,-1.0186745665510966
930,breakeven_after_1_0r,-1.0186745665510966
930,exit_at_first_0_5r,-1.0186745665510966
930,exit_at_first_1_0r,-1.0186745665510966
930,trail_0_5r_after_1_0r,-1.0186745665510966
930,time_exit_after_4_bars_if_mfe_lt_0_3r,-1.0186745665510966
930,partial_50pct_at_1r,-1.0186745665510966
931,baseline,0.043209064631529584
931,breakeven_after_0_5r,0.043209064631529584
931,breakeven_after_1_0r,0.043209064631529584
931,exit_at_first_0_5r,0.043209064631529584
931,exit_at_first_1_0r,0.043209064631529584
931,trail_0_5r_after_1_0r,0.043209064631529584
931,time_exit_after_4_bars_if_mfe_lt_0_3r,0.043209064631529584
931,partial_50pct_at_1r,0.043209064631529584
932,baseline,-0.10289476935255515
932,breakeven_after_0_5r,-0.10289476935255515
932,breakeven_after_1_0r,-0.10289476935255515
932,exit_at_first_0_5r,-0.10289476935255515
932,exit_at_first_1_0r,-0.10289476935255515
932,trail_0_5r_after_1_0r,-0.10289476935255515
932,time_exit_after_4_bars_if_mfe_lt_0_3r,-0.10289476935255515
932,partial_50pct_at_1r,-0.10289476935255515
933,baseline,0.19381757083619144
933,breakeven_after_0_5r,0.19381757083619144
933,breakeven_after_1_0r,0.19381757083619144
933,exit_at_first_0_5r,0.5
933,exit_at_first_1_0r,0.19381757083619144
933,trail_0_5r_after_1_0r,0.19381757083619144
933,time_exit_after_4_bars_if_mfe_lt_0_3r,0.19381757083619144
933,partial_50pct_at_1r,0.19381757083619144
934,baseline,0.043338165563867645
934,breakeven_after_0_5r,0.043338165563867645
934,breakeven_after_1_0r,0.043338165563867645
934,exit_at_first_0_5r,0.043338165563867645
934,exit_at_first_1_0r,0.043338165563867645
934,trail_0_5r_after_1_0r,0.043338165563867645
934,time_exit_after_4_bars_if_mfe_lt_0_3r,0.043338165563867645
934,partial_50pct_at_1r,0.043338165563867645
935,baseline,0.2836156785753007
935,breakeven_after_0_5r,0.0
935,breakeven_after_1_0r,0.2836156785753007
935,exit_at_first_0_5r,0.5
935,exit_at_first_1_0r,0.2836156785753007
935,trail_0_5r_after_1_0r,0.2836156785753007
935,time_exit_after_4_bars_if_mfe_lt_0_3r,0.2836156785753007
935,partial_50pct_at_1r,0.2836156785753007
936,baseline,0.390360581094175
936,breakeven_after_0_5r,0.0
936,breakeven_after_1_0r,0.390360581094175
936,exit_at_first_0_5r,0.5
936,exit_at_first_1_0r,0.390360581094175
936,trail_0_5r_after_1_0r,0.390360581094175
936,time_exit_after_4_bars_if_mfe_lt_0_3r,0.390360581094175
936,partial_50pct_at_1r,0.390360581094175
937,baseline,-1.0194591241832316
937,breakeven_after_0_5r,-1.0194591241832316
937,breakeven_after_1_0r,-1.0194591241832316
937,exit_at_first_0_5r,-1.0194591241832316
937,exit_at_first_1_0r,-1.0194591241832316
937,trail_0_5r_after_1_0r,-1.0194591241832316
937,time_exit_after_4_bars_if_mfe_lt_0_3r,-1.0194591241832316
937,partial_50pct_at_1r,-1.0194591241832316
938,baseline,0.5274306712833876
938,breakeven_after_0_5r,0.5274306712833876
938,breakeven_after_1_0r,0.5274306712833876
938,exit_at_first_0_5r,0.5
938,exit_at_first_1_0r,0.5274306712833876
938,trail_0_5r_after_1_0r,0.5274306712833876
938,time_exit_after_4_bars_if_mfe_lt_0_3r,0.5274306712833876
938,partial_50pct_at_1r,0.5274306712833876
939,baseline,1.4388738369954093
939,breakeven_after_0_5r,1.4388738369954093
939,breakeven_after_1_0r,1.4388738369954093
939,exit_at_first_0_5r,0.5
939,exit_at_first_1_0r,1.0
939,trail_0_5r_after_1_0r,1.2084202934808588
939,time_exit_after_4_bars_if_mfe_lt_0_3r,1.4388738369954093
939,partial_50pct_at_1r,1.2194369184977045
940,baseline,-1.019155474399751
940,breakeven_after_0_5r,-1.019155474399751
940,breakeven_after_1_0r,-1.019155474399751
940,exit_at_first_0_5r,-1.019155474399751
940,exit_at_first_1_0r,-1.019155474399751
940,trail_0_5r_after_1_0r,-1.019155474399751
940,time_exit_after_4_bars_if_mfe_lt_0_3r,-1.019155474399751
940,partial_50pct_at_1r,-1.019155474399751
941,baseline,0.3044136123681143
941,breakeven_after_0_5r,0.3044136123681143
941,breakeven_after_1_0r,0.3044136123681143
941,exit_at_first_0_5r,0.5
941,exit_at_first_1_0r,0.3044136123681143
941,trail_0_5r_after_1_0r,0.3044136123681143
941,time_exit_after_4_bars_if_mfe_lt_0_3r,0.3044136123681143
941,partial_50pct_at_1r,0.3044136123681143
942,baseline,-1.0192410057401908
942,breakeven_after_0_5r,-1.0192410057401908
942,breakeven_after_1_0r,-1.0192410057401908
942,exit_at_first_0_5r,-1.0192410057401908
942,exit_at_first_1_0r,-1.0192410057401908
942,trail_0_5r_after_1_0r,-1.0192410057401908
942,time_exit_after_4_bars_if_mfe_lt_0_3r,-1.0192410057401908
942,partial_50pct_at_1r,-1.0192410057401908
