timestamp,asset,event_type,side,position_before,position_after,price,signal,target,target_hit_type,target_hit_step,target_exit_timestamp,take_profit,stop_loss,upper_barrier,lower_barrier,trade_r,target_entry_price,target_exit_price,target_lookup_timestamp
2022-03-17 11:00:00,ETHUSD,entry,long,0.0,0.42167173902741895,2770.9,0.0,2.2533177078810778,r_trailing_stop,3.0,2022-03-17 12:30:00,2871.5395248966292,2733.4441900413485,2871.5395248966292,2733.4441900413485,0.5067801173250318,,,2022-03-17 11:00:00
2022-03-17 12:30:00,ETHUSD,exit,long,0.42167173902741895,0.0,2807.85,0.0,-1.572275172330738,,,,,,,,,,,2022-03-17 12:30:00
2022-03-17 16:00:00,ETHUSD,entry,long,0.0,0.42033299395440094,2809.2,0.0,-1.40765597295108,r_trailing_stop,5.0,2022-03-17 18:30:00,2902.613562115375,2762.5945751538497,2902.613562115375,2762.5945751538497,0.12095899199356129,,,2022-03-17 16:00:00
2022-03-17 18:30:00,ETHUSD,exit,long,0.42033299395440094,0.0,2815.3,0.0,-0.7537196115344539,,,,,,,,,,,2022-03-17 18:30:00
2022-03-18 01:00:00,ETHUSD,entry,long,0.0,0.44003954915017934,2784.5,1.0,0.682417746149023,r_trailing_stop,11.0,2022-03-18 06:30:00,2871.0931975953745,2738.59272096185,2871.0931975953745,2738.59272096185,0.6400412332312331,,,2022-03-18 01:00:00
2022-03-18 06:30:00,ETHUSD,exit,long,0.44003954915017934,0.0,2800.4,0.0,4.0,,,,,,,,,,,2022-03-18 06:30:00
2022-03-24 06:00:00,ETHUSD,entry,short,0.0,-0.4560867707706364,3057.7,0.0,1.8959260340893567,r_trailing_stop,5.0,2022-03-24 08:30:00,3089.6680239652287,2949.2549400869293,2949.2549400869293,3089.6680239652287,0.14982663945762917,,,2022-03-24 06:00:00
2022-03-24 08:30:00,ETHUSD,exit,short,-0.4560867707706364,0.0,3049.55,-1.0,2.833203596753362,,,,,,,,,,,2022-03-24 08:30:00
2022-03-24 09:00:00,ETHUSD,entry,short,0.0,-0.462856926583615,3061.1,-1.0,2.102521760033083,r_trailing_stop,8.0,2022-03-24 13:00:00,3089.1318703234197,2950.770324191451,2950.770324191451,3089.1318703234197,0.7325045411302621,,,2022-03-24 09:00:00
2022-03-24 13:00:00,ETHUSD,exit,short,-0.462856926583615,0.0,3014.2,0.0,4.0,,,,,,,,,,,2022-03-24 13:00:00
2022-03-25 19:30:00,ETHUSD,entry,long,0.0,0.46247316264133087,3115.95,0.0,0.7818632506803329,r_trailing_stop,2.0,2022-03-25 20:30:00,3192.80311755836,3052.378752976656,3192.80311755836,3052.378752976656,0.4735860794815037,,,2022-03-25 19:30:00
2022-03-25 20:30:00,ETHUSD,exit,long,0.46247316264133087,0.0,3126.9,0.0,0.13628545130399122,,,,,,,,,,,2022-03-25 20:30:00
2022-03-28 14:00:00,ETHUSD,entry,long,0.0,0.6115120759960817,3375.6,1.0,1.40108227087106,r_trailing_stop,2.0,2022-03-28 15:00:00,3463.3190493375064,3347.2323802649976,3463.3190493375064,3347.2323802649976,0.2512167180563521,,,2022-03-28 14:00:00
2022-03-28 15:00:00,ETHUSD,exit,long,0.6115120759960817,0.0,3387.05,1.0,-0.5766573494815069,,,,,,,,,,,2022-03-28 15:00:00
2022-03-28 15:30:00,ETHUSD,entry,long,0.0,0.5948732883931651,3358.2,1.0,0.7897994430212905,stop_loss,1.0,2022-03-28 16:00:00,3472.6097855649887,3353.0360857740043,3472.6097855649887,3353.0360857740043,-1.0198291096131056,,,2022-03-28 15:30:00
2022-03-28 16:00:00,ETHUSD,exit,long,0.5948732883931651,0.0,3345.5,1.0,2.5401008058751797,,,,,,,,,,,2022-03-28 16:00:00
2022-03-28 16:30:00,ETHUSD,entry,long,0.0,0.5677889108240736,3362.3,1.0,1.606892901665661,r_trailing_stop,1.0,2022-03-28 17:00:00,3433.6770342171194,3309.9491863131525,3433.6770342171194,3309.9491863131525,0.46055347252324064,,,2022-03-28 16:30:00
2022-03-28 17:00:00,ETHUSD,exit,long,0.5677889108240736,0.0,3367.25,1.0,1.685293469158152,,,,,,,,,,,2022-03-28 17:00:00
2022-03-28 17:30:00,ETHUSD,entry,long,0.0,0.5627905103493966,3388.8500000000004,1.0,1.0248267775637903,r_trailing_stop,1.0,2022-03-28 18:00:00,3456.945649706572,3331.301740117371,3456.945649706572,3331.301740117371,0.44993439820015635,,,2022-03-28 17:30:00
2022-03-28 18:00:00,ETHUSD,exit,long,0.5627905103493966,0.0,3395.35,1.0,1.3754726927047098,,,,,,,,,,,2022-03-28 18:00:00
2022-03-28 18:30:00,ETHUSD,entry,long,0.0,0.5593067082502904,3417.75,1.0,-0.026979621692374414,r_trailing_stop,1.0,2022-03-28 19:00:00,3486.3582677603235,3358.8766928958707,3486.3582677603235,3358.8766928958707,0.5371554936051662,,,2022-03-28 18:30:00
2022-03-28 19:00:00,ETHUSD,exit,long,0.5593067082502904,0.0,3426.5,1.0,-0.8971934612022658,,,,,,,,,,,2022-03-28 19:00:00
2022-03-28 19:30:00,ETHUSD,entry,long,0.0,0.5539159203826963,3412.2,1.0,-1.253534840140597,stop_loss,4.0,2022-03-28 21:30:00,3519.237999240914,3389.334800303634,3519.237999240914,3389.334800303634,-1.0184638640127566,,,2022-03-28 19:30:00
2022-03-28 21:30:00,ETHUSD,exit,long,0.5539159203826963,0.0,3382.2,0.0,2.4308972389516517,,,,,,,,,,,2022-03-28 21:30:00
2022-03-29 02:00:00,ETHUSD,entry,short,0.0,-0.5036132183510003,3399.0,-1.0,2.43897602931677,r_trailing_stop,3.0,2022-03-29 03:30:00,3431.1470731082372,3289.757317229407,3289.757317229407,3431.1470731082372,0.2716108619268352,,,2022-03-29 02:00:00
2022-03-29 03:30:00,ETHUSD,exit,short,-0.5036132183510003,0.0,3371.9,0.0,1.6219690187838574,,,,,,,,,,,2022-03-29 03:30:00
2022-03-29 04:30:00,ETHUSD,entry,short,0.0,-0.5071816798835375,3391.1,0.0,1.4406996323269912,stop_loss,9.0,2022-03-29 09:00:00,3430.407521243021,3290.031196892448,3290.031196892448,3430.407521243021,-1.0169060559961178,,,2022-03-29 04:30:00
2022-03-29 09:00:00,ETHUSD,exit,short,-0.5071816798835375,0.0,3428.3,-1.0,-1.4418145099241508,,,,,,,,,,,2022-03-29 09:00:00
2022-03-29 09:30:00,ETHUSD,entry,short,0.0,-0.5166870491134329,3428.5,0.0,-2.6100227722902267,stop_loss,4.0,2022-03-29 11:30:00,3468.2121068358424,3328.8697329103948,3328.8697329103948,3468.2121068358424,-1.0172229016371144,,,2022-03-29 09:30:00
2022-03-29 11:30:00,ETHUSD,exit,short,-0.5166870491134329,0.0,3466.55,0.0,-3.1959723915843443,,,,,,,,,,,2022-03-29 11:30:00
2022-03-30 11:30:00,ETHUSD,entry,short,0.0,-0.4826996971387547,3409.5,0.0,-1.0937078500278856,r_trailing_stop,2.0,2022-03-30 12:30:00,3455.6769998953678,3307.1825002615806,3307.1825002615806,3455.6769998953678,0.2854419365412346,,,2022-03-30 11:30:00
2022-03-30 12:30:00,ETHUSD,exit,short,-0.4826996971387547,0.0,3401.4,0.0,-0.045208543009446406,,,,,,,,,,,2022-03-30 12:30:00
2022-04-03 03:30:00,ETHUSD,entry,short,0.0,-0.447978251559383,3457.35,0.0,1.8944754644723703,stop_loss,5.0,2022-04-03 06:00:00,3499.3997898678763,3337.52552533031,3337.52552533031,3499.3997898678763,-1.0149326083853127,,,2022-04-03 03:30:00
2022-04-03 06:00:00,ETHUSD,exit,short,-0.447978251559383,0.0,3502.35,0.0,-0.244030963628325,,,,,,,,,,,2022-04-03 06:00:00
2022-04-03 07:30:00,ETHUSD,entry,short,0.0,-0.47131662205371827,3490.45,0.0,-0.09101941701233472,max_holding_close,23.0,2022-04-03 19:00:00,3528.554896521382,3373.3127586965447,3373.3127586965447,3528.554896521382,-0.3753100853696075,,,2022-04-03 07:30:00
2022-04-03 19:00:00,ETHUSD,exit,short,-0.47131662205371827,0.0,3500.15,0.0,0.0349010433168315,,,,,,,,,,,2022-04-03 19:00:00
2022-04-04 01:30:00,ETHUSD,entry,short,0.0,-0.47426573968755864,3486.75,0.0,-0.22602121248786325,r_trailing_stop,17.0,2022-04-04 10:00:00,3531.97526195501,3377.536845112476,3377.536845112476,3531.97526195501,0.29736419337486164,,,2022-04-04 01:30:00
2022-04-04 10:00:00,ETHUSD,exit,short,-0.47426573968755864,0.0,3474.0,0.0,1.333260634293711,,,,,,,,,,,2022-04-04 10:00:00
2022-04-04 15:30:00,ETHUSD,entry,long,0.0,0.489292292568108,3425.2,1.0,4.0,r_trailing_stop,2.0,2022-04-04 16:30:00,3539.1198985501196,3391.7420405799526,3539.1198985501196,3391.7420405799526,0.1849150060956199,,,2022-04-04 15:30:00
2022-04-04 16:30:00,ETHUSD,exit,long,0.489292292568108,0.0,3451.1,0.0,3.4621878854510033,,,,,,,,,,,2022-04-04 16:30:00
2022-04-04 18:00:00,ETHUSD,entry,long,0.0,0.480931270982816,3433.25,1.0,3.988346243995192,r_trailing_stop,4.0,2022-04-04 20:00:00,3545.538815838704,3395.4044736645187,3545.538815838704,3395.4044736645187,1.174671357882384,,,2022-04-04 18:00:00
2022-04-04 20:00:00,ETHUSD,exit,long,0.480931270982816,0.0,3504.1,0.0,0.8405112603694558,,,,,,,,,,,2022-04-04 20:00:00
2022-04-07 11:30:00,ETHUSD,entry,short,0.0,-0.3841766406658946,3251.3,-1.0,-0.9169067249042477,r_trailing_stop,4.0,2022-04-07 13:30:00,3279.3283653644844,3102.829086588789,3102.829086588789,3279.3283653644844,0.22996458524538094,,,2022-04-07 11:30:00
2022-04-07 13:30:00,ETHUSD,exit,short,-0.3841766406658946,0.0,3229.3,-1.0,0.7749608683083503,,,,,,,,,,,2022-04-07 13:30:00
2022-04-07 14:00:00,ETHUSD,entry,short,0.0,-0.3791789721896812,3208.4,0.0,1.8591025203017788,r_trailing_stop,2.0,2022-04-07 15:00:00,3280.450143787265,3101.5996405318383,3101.5996405318383,3280.450143787265,0.6620194956562816,,,2022-04-07 14:00:00
2022-04-07 15:00:00,ETHUSD,exit,short,-0.3791789721896812,0.0,3167.95,0.0,3.721227759116297,,,,,,,,,,,2022-04-07 15:00:00
2022-04-07 17:00:00,ETHUSD,entry,short,0.0,-0.3677705601149748,3228.55,0.0,1.461328122373294,r_trailing_stop,9.0,2022-04-07 21:30:00,3273.701514710579,3089.7712132235524,3089.7712132235524,3273.701514710579,0.16303017743145395,,,2022-04-07 17:00:00
2022-04-07 21:30:00,ETHUSD,exit,short,-0.3677705601149748,0.0,3219.3,0.0,2.8097961021152065,,,,,,,,,,,2022-04-07 21:30:00
2022-04-07 23:30:00,ETHUSD,entry,short,0.0,-0.3926112674593747,3228.0,0.0,1.2348539371691527,r_trailing_stop,3.0,2022-04-08 01:00:00,3288.803928213194,3115.540179467015,3115.540179467015,3288.803928213194,0.17121421035345366,,,2022-04-07 23:30:00
2022-04-08 01:00:00,ETHUSD,exit,short,-0.3926112674593747,0.0,3234.9,-1.0,-0.6185877761338764,,,,,,,,,,,2022-04-08 01:00:00
2022-04-08 01:30:00,ETHUSD,entry,short,0.0,-0.39756350151050596,3249.1,-1.0,-0.8766070628609994,stop_loss,12.0,2022-04-08 07:30:00,3283.8223891938105,3112.9440270154737,3112.9440270154737,3283.8223891938105,-1.013252116717017,,,2022-04-08 01:30:00
2022-04-08 07:30:00,ETHUSD,exit,short,-0.39756350151050596,0.0,3286.3,-1.0,-2.0744704627194865,,,,,,,,,,,2022-04-08 07:30:00
2022-04-08 08:00:00,ETHUSD,entry,short,0.0,-0.4274189605489793,3293.5,0.0,-2.4987553732579064,r_trailing_stop,8.0,2022-04-08 12:00:00,3332.38155198982,3170.9211200254504,3170.9211200254504,3332.38155198982,0.4077401579613201,,,2022-04-08 08:00:00
2022-04-08 12:00:00,ETHUSD,exit,short,-0.4274189605489793,0.0,3266.0,0.0,-2.231978929665559,,,,,,,,,,,2022-04-08 12:00:00
2022-04-08 13:00:00,ETHUSD,entry,short,0.0,-0.4280117286404244,3219.8,-1.0,-0.1123057837163868,r_trailing_stop,1.0,2022-04-08 13:30:00,3282.4786630139683,3123.6533424650784,3123.6533424650784,3282.4786630139683,0.16984995046553944,,,2022-04-08 13:00:00
2022-04-08 13:30:00,ETHUSD,exit,short,-0.4280117286404244,0.0,3227.7,0.0,-0.6978691790935254,,,,,,,,,,,2022-04-08 13:30:00
2022-04-08 14:30:00,ETHUSD,entry,short,0.0,-0.41809969428680993,3292.95,-1.0,-3.7697501784028775,r_trailing_stop,1.0,2022-04-08 15:00:00,3331.533256180957,3166.5668595476077,3166.5668595476077,3331.533256180957,-0.19109394787876405,,,2022-04-08 14:30:00
2022-04-08 15:00:00,ETHUSD,exit,short,-0.41809969428680993,0.0,3284.95,-1.0,-3.115726105546038,,,,,,,,,,,2022-04-08 15:00:00
2022-04-08 15:30:00,ETHUSD,entry,short,0.0,-0.41104434604117096,3282.2,0.0,-2.7979496111712394,r_trailing_stop,4.0,2022-04-08 17:30:00,3332.951030563563,3165.1224235910922,3165.1224235910922,3332.951030563563,0.7863319031000076,,,2022-04-08 15:30:00
2022-04-08 17:30:00,ETHUSD,exit,short,-0.41104434604117096,0.0,3245.8,0.0,-1.510594421538824,,,,,,,,,,,2022-04-08 17:30:00
2022-04-11 19:00:00,ETHUSD,entry,short,0.0,-0.4431607645412008,2996.1,0.0,1.1280863428563608,r_trailing_stop,1.0,2022-04-11 19:30:00,3078.118261042051,2934.2043473948725,2934.2043473948725,3078.118261042051,0.7359916389761009,,,2022-04-11 19:00:00
2022-04-11 19:30:00,ETHUSD,exit,short,-0.4431607645412008,0.0,3005.25,0.0,0.9720548122715447,,,,,,,,,,,2022-04-11 19:30:00
2022-04-11 20:30:00,ETHUSD,entry,short,0.0,-0.4191784835558786,2992.7,0.0,1.588088694022558,r_trailing_stop,1.0,2022-04-11 21:00:00,3050.95421367744,2900.2644658064005,2900.2644658064005,3050.95421367744,0.13204802957188197,,,2022-04-11 20:30:00
2022-04-11 21:00:00,ETHUSD,exit,short,-0.4191784835558786,0.0,2979.3,0.0,1.9058595209092153,,,,,,,,,,,2022-04-11 21:00:00
2022-04-12 07:30:00,ETHUSD,entry,short,0.0,-0.41681103031748334,3025.8,0.0,-2.439468712493193,stop_loss,10.0,2022-04-12 12:30:00,3063.371498309914,2911.221254225215,2911.221254225215,3063.371498309914,-1.0138937010105828,,,2022-04-12 07:30:00
2022-04-12 12:30:00,ETHUSD,exit,short,-0.41681103031748334,0.0,3080.75,0.0,-2.5247465483767106,,,,,,,,,,,2022-04-12 12:30:00
2022-04-12 13:30:00,ETHUSD,entry,short,0.0,-0.43383221740354844,3051.3500000000004,-1.0,-0.9911985405932636,r_trailing_stop,2.0,2022-04-12 14:30:00,3116.716897685453,2967.9077557863666,2967.9077557863666,3116.716897685453,1.0973585561627812,,,2022-04-12 13:30:00
2022-04-12 14:30:00,ETHUSD,exit,short,-0.43383221740354844,0.0,3028.1,0.0,0.8344851532822729,,,,,,,,,,,2022-04-12 14:30:00
2022-04-12 18:30:00,ETHUSD,entry,long,0.0,0.40929865935800136,3002.2,0.0,2.14639530305728,r_trailing_stop,10.0,2022-04-12 23:30:00,3121.2436304209755,2966.76254783161,3121.2436304209755,2966.76254783161,0.31408905883057786,,,2022-04-12 18:30:00
2022-04-12 23:30:00,ETHUSD,exit,long,0.40929865935800136,0.0,3028.8,0.0,-0.6606180479102984,,,,,,,,,,,2022-04-12 23:30:00
2022-04-13 03:00:00,ETHUSD,entry,short,0.0,-0.41834928304419555,3060.3,-1.0,1.864402304841703,r_trailing_stop,18.0,2022-04-13 12:00:00,3089.888852212205,2936.977869469486,2936.977869469486,3089.888852212205,0.484537913486398,,,2022-04-13 03:00:00
2022-04-13 12:00:00,ETHUSD,exit,short,-0.41834928304419555,0.0,3012.45,0.0,4.0,,,,,,,,,,,2022-04-13 12:00:00
2022-04-13 13:30:00,ETHUSD,entry,long,0.0,0.4595001601576199,3080.8500000000004,0.0,2.848639293372196,r_trailing_stop,1.0,2022-04-13 14:00:00,3113.938485820079,2976.1246056719683,3113.938485820079,2976.1246056719683,1.5695897345628997,,,2022-04-13 13:30:00
2022-04-13 14:00:00,ETHUSD,exit,long,0.4595001601576199,0.0,3074.95,0.0,2.853811117740222,,,,,,,,,,,2022-04-13 14:00:00
2022-04-18 14:00:00,ETHUSD,entry,short,0.0,-0.5810551179057072,2935.4,-1.0,4.0,r_trailing_stop,3.0,2022-04-18 15:30:00,2953.385088229179,2847.7372794270514,2847.7372794270514,2953.385088229179,0.1778465467309247,,,2022-04-18 14:00:00
2022-04-18 15:30:00,ETHUSD,exit,short,-0.5810551179057072,0.0,2914.95,0.0,4.0,,,,,,,,,,,2022-04-18 15:30:00
2022-04-18 16:30:00,ETHUSD,entry,short,0.0,-0.5649267268014592,2927.8,0.0,4.0,stop_loss,1.0,2022-04-18 17:00:00,2946.465077717323,2838.087305706693,2838.087305706693,2946.465077717323,-1.018830890893382,,,2022-04-18 16:30:00
2022-04-18 17:00:00,ETHUSD,exit,short,-0.5649267268014592,0.0,2950.9,0.0,4.0,,,,,,,,,,,2022-04-18 17:00:00
2022-04-19 15:30:00,ETHUSD,entry,long,0.0,0.5554799054422442,3111.45,0.0,-1.1176824362009135,stop_loss,3.0,2022-04-19 17:00:00,3203.840671069361,3085.9037315722553,3203.840671069361,3085.9037315722553,-1.0185159968480748,,,2022-04-19 15:30:00
2022-04-19 17:00:00,ETHUSD,exit,long,0.5554799054422442,0.0,3085.0,0.0,0.34226766174705814,,,,,,,,,,,2022-04-19 17:00:00
2022-04-19 19:30:00,ETHUSD,entry,long,0.0,0.5539172538907771,3111.8,0.0,-1.2762369814853354,stop_loss,9.0,2022-04-20 00:00:00,3197.505010670796,3079.4779957316814,3197.505010670796,3079.4779957316814,-1.018463908463026,,,2022-04-19 19:30:00
2022-04-20 00:00:00,ETHUSD,exit,long,0.5539172538907771,0.0,3068.15,0.0,4.0,,,,,,,,,,,2022-04-20 00:00:00
2022-04-20 04:00:00,ETHUSD,entry,long,0.0,0.5814535740646175,3084.65,0.0,-0.8304536629811466,r_trailing_stop,5.0,2022-04-20 06:30:00,3172.586249615252,3060.8855001538996,3172.586249615252,3060.8855001538996,0.1137865239158328,,,2022-04-20 04:00:00
2022-04-20 06:30:00,ETHUSD,exit,long,0.5814535740646175,0.0,3101.45,0.0,-3.3898681681644867,,,,,,,,,,,2022-04-20 06:30:00
2022-04-20 07:30:00,ETHUSD,entry,long,0.0,0.6017503848476371,3090.4,0.0,-1.3112904189443937,r_trailing_stop,3.0,2022-04-20 09:00:00,3169.177640775824,3061.2689436896703,3169.177640775824,3061.2689436896703,0.14672110073916636,,,2022-04-20 07:30:00
2022-04-20 09:00:00,ETHUSD,exit,long,0.6017503848476371,0.0,3110.15,1.0,-1.488738658679788,,,,,,,,,,,2022-04-20 09:00:00
2022-04-20 09:30:00,ETHUSD,entry,long,0.0,0.6187350207360646,3107.4,1.0,-1.4742129719409183,r_trailing_stop,3.0,2022-04-20 11:00:00,3185.4981889444402,3079.940724422224,3185.4981889444402,3079.940724422224,0.5433830818197248,,,2022-04-20 09:30:00
2022-04-20 11:00:00,ETHUSD,exit,long,0.6187350207360646,0.0,3126.6,0.0,-2.816158976878124,,,,,,,,,,,2022-04-20 11:00:00
2022-04-20 12:00:00,ETHUSD,entry,long,0.0,0.5979705457468354,3148.8,1.0,-4.0,stop_loss,3.0,2022-04-20 13:30:00,3233.8351686744018,3123.045932530239,3233.8351686744018,3123.045932530239,-1.0199323515248946,,,2022-04-20 12:00:00
2022-04-20 13:30:00,ETHUSD,exit,long,0.5979705457468354,0.0,3103.55,0.0,-0.12820170911939338,,,,,,,,,,,2022-04-20 13:30:00
2022-04-20 22:30:00,ETHUSD,entry,long,0.0,0.5334938514624219,3086.3,0.0,2.5235784733648363,r_trailing_stop,8.0,2022-04-21 02:30:00,3176.4174491242275,3054.8030203503095,3176.4174491242275,3054.8030203503095,0.19841613085979462,,,2022-04-20 22:30:00
2022-04-21 02:30:00,ETHUSD,exit,long,0.5334938514624219,0.0,3092.1,0.0,3.444728015224445,,,,,,,,,,,2022-04-21 02:30:00
2022-04-21 05:00:00,ETHUSD,entry,long,0.0,0.570842713271297,3087.5,0.0,0.16709258173397878,r_trailing_stop,6.0,2022-04-21 08:00:00,3165.7051644512453,3052.227934219502,3165.7051644512453,3052.227934219502,0.3848313807763015,,,2022-04-21 05:00:00
2022-04-21 08:00:00,ETHUSD,exit,long,0.570842713271297,0.0,3100.3,1.0,-4.0,,,,,,,,,,,2022-04-21 08:00:00
2022-04-21 08:30:00,ETHUSD,entry,long,0.0,0.5841185585195146,3102.4,0.0,-4.0,r_trailing_stop,4.0,2022-04-21 10:30:00,3179.812262479495,3068.3550950082017,3179.812262479495,3068.3550950082017,0.5410586090439954,,,2022-04-21 08:30:00
2022-04-21 10:30:00,ETHUSD,exit,long,0.5841185585195146,0.0,3129.8,1.0,-4.0,,,,,,,,,,,2022-04-21 10:30:00
2022-04-21 11:00:00,ETHUSD,entry,long,0.0,0.5709113084633582,3142.55,1.0,-4.0,r_trailing_stop,2.0,2022-04-21 12:00:00,3211.929059582576,3096.8083761669695,3211.929059582576,3096.8083761669695,0.643047960224588,,,2022-04-21 11:00:00
2022-04-21 12:00:00,ETHUSD,exit,long,0.5709113084633582,0.0,3151.05,1.0,-4.0,,,,,,,,,,,2022-04-21 12:00:00
2022-04-21 12:30:00,ETHUSD,entry,long,0.0,0.5694656549709272,3163.1,0.0,-4.0,r_trailing_stop,1.0,2022-04-21 13:00:00,3233.9988596984185,3117.8004561206326,3233.9988596984185,3117.8004561206326,0.3424685604510906,,,2022-04-21 12:30:00
2022-04-21 13:00:00,ETHUSD,exit,long,0.5694656549709272,0.0,3165.2,1.0,-4.0,,,,,,,,,,,2022-04-21 13:00:00
2022-04-21 13:30:00,ETHUSD,entry,long,0.0,0.5592882573226517,3155.5,0.0,-4.0,r_trailing_stop,1.0,2022-04-21 14:00:00,3250.1927174464336,3131.3429130214267,3250.1927174464336,3131.3429130214267,-0.30135270456082347,,,2022-04-21 13:30:00
2022-04-21 14:00:00,ETHUSD,exit,long,0.5592882573226517,0.0,3152.8,0.0,-4.0,,,,,,,,,,,2022-04-21 14:00:00
2022-04-25 01:00:00,ETHUSD,entry,long,0.0,0.5719965022047669,2856.05,0.0,0.24532415910943095,r_trailing_stop,2.0,2022-04-25 02:00:00,2931.7165420327337,2826.8333831869068,2931.7165420327337,2826.8333831869068,0.1380444081145378,,,2022-04-25 01:00:00
2022-04-25 02:00:00,ETHUSD,exit,long,0.5719965022047669,0.0,2856.2,0.0,0.9091132332923245,,,,,,,,,,,2022-04-25 02:00:00
2022-04-25 03:30:00,ETHUSD,entry,long,0.0,0.5733754833011407,2876.2,0.0,-0.42360483677808675,stop_loss,5.0,2022-04-25 06:00:00,2950.0585696997823,2844.7665721200874,2950.0585696997823,2844.7665721200874,-1.0191125161100487,,,2022-04-25 03:30:00
2022-04-25 06:00:00,ETHUSD,exit,long,0.5733754833011407,0.0,2847.2,0.0,4.0,,,,,,,,,,,2022-04-25 06:00:00
2022-04-25 11:30:00,ETHUSD,entry,long,0.0,0.5495092117380668,2862.9,1.0,4.0,r_trailing_stop,1.0,2022-04-25 12:00:00,2917.523723151535,2808.990510739386,2917.523723151535,2808.990510739386,0.5217549575508628,,,2022-04-25 11:30:00
2022-04-25 12:00:00,ETHUSD,exit,long,0.5495092117380668,0.0,2868.3,1.0,4.0,,,,,,,,,,,2022-04-25 12:00:00
2022-04-25 12:30:00,ETHUSD,entry,long,0.0,0.5481610657098032,2860.05,0.0,4.0,r_trailing_stop,3.0,2022-04-25 14:00:00,2946.7374240279896,2836.855030388804,2946.7374240279896,2836.855030388804,-0.3574983552778365,,,2022-04-25 12:30:00
2022-04-25 14:00:00,ETHUSD,exit,long,0.5481610657098032,0.0,2869.9,0.0,4.0,,,,,,,,,,,2022-04-25 14:00:00
2022-04-28 01:30:00,ETHUSD,entry,short,0.0,-0.4076577691240407,2877.2,0.0,-0.33697330376296425,r_trailing_stop,1.0,2022-04-28 02:00:00,2937.5077982944435,2788.380504263891,2788.380504263891,2937.5077982944435,0.3043782403137764,,,2022-04-28 01:30:00
2022-04-28 02:00:00,ETHUSD,exit,short,-0.4076577691240407,0.0,2889.7,0.0,-1.2546453800931698,,,,,,,,,,,2022-04-28 02:00:00
2022-04-29 17:00:00,ETHUSD,entry,long,0.0,0.40472108106865273,2829.1,0.0,0.02634920970426855,r_trailing_stop,1.0,2022-04-29 17:30:00,2919.2792577903483,2773.2182968838606,2919.2792577903483,2773.2182968838606,0.21936008044033073,,,2022-04-29 17:00:00
2022-04-29 17:30:00,ETHUSD,exit,long,0.40472108106865273,0.0,2823.05,1.0,0.6550930320843968,,,,,,,,,,,2022-04-29 17:30:00
2022-04-29 18:00:00,ETHUSD,entry,long,0.0,0.4020348543939421,2823.4,0.0,0.19991305731536446,stop_loss,3.0,2022-04-29 19:30:00,2928.430419830978,2780.967832067609,2928.430419830978,2780.967832067609,-1.013401161813124,,,2022-04-29 18:00:00
2022-04-29 19:30:00,ETHUSD,exit,long,0.4020348543939421,0.0,2793.25,0.0,1.7078638679113844,,,,,,,,,,,2022-04-29 19:30:00
2022-04-29 20:30:00,ETHUSD,entry,long,0.0,0.39271029920089473,2806.8,0.0,0.7733084034310392,r_trailing_stop,8.0,2022-04-30 00:30:00,2916.8119296482764,2766.5752281406894,2916.8119296482764,2766.5752281406894,0.197034739774749,,,2022-04-29 20:30:00
2022-04-30 00:30:00,ETHUSD,exit,long,0.39271029920089473,0.0,2826.2,0.0,-0.0495883823418014,,,,,,,,,,,2022-04-30 00:30:00
2022-05-02 16:30:00,ETHUSD,entry,long,0.0,0.4580771721395663,2808.8,0.0,2.1295156274969176,stop_loss,2.0,2022-05-02 17:30:00,2923.392896704888,2793.6228413180447,2923.392896704888,2793.6228413180447,-1.015269239071319,,,2022-05-02 16:30:00
2022-05-02 17:30:00,ETHUSD,exit,long,0.4580771721395663,0.0,2796.8500000000004,0.0,2.492772538716105,,,,,,,,,,,2022-05-02 17:30:00
2022-05-06 08:00:00,ETHUSD,entry,long,0.0,0.44977058865417563,2727.05,1.0,-2.7390101563709894,r_trailing_stop,1.0,2022-05-06 08:30:00,2820.9947482182642,2693.532100712694,2820.9947482182642,2693.532100712694,-0.09325057365908088,,,2022-05-06 08:00:00
2022-05-06 08:30:00,ETHUSD,exit,long,0.44977058865417563,0.0,2718.8500000000004,1.0,-0.7206618985735157,,,,,,,,,,,2022-05-06 08:30:00
2022-05-06 09:00:00,ETHUSD,entry,long,0.0,0.4436312958938951,2726.5,0.0,-1.5559225546497442,r_trailing_stop,2.0,2022-05-06 10:00:00,2810.7276894517245,2682.0289242193103,2810.7276894517245,2682.0289242193103,0.2396802928541464,,,2022-05-06 09:00:00
2022-05-06 10:00:00,ETHUSD,exit,long,0.4436312958938951,0.0,2719.0,1.0,-1.6423087787261001,,,,,,,,,,,2022-05-06 10:00:00
2022-05-07 05:30:00,ETHUSD,entry,long,0.0,0.4021129452580458,2677.7,0.0,0.15701295986727468,r_trailing_stop,7.0,2022-05-07 09:00:00,2770.6361854858696,2631.145525805652,2770.6361854858696,2631.145525805652,0.25977294499218245,,,2022-05-07 05:30:00
2022-05-07 09:00:00,ETHUSD,exit,long,0.4021129452580458,0.0,2687.5,0.0,-1.8662810951979527,,,,,,,,,,,2022-05-07 09:00:00
2022-05-07 15:30:00,ETHUSD,entry,short,0.0,-0.46429355020181157,2692.05,0.0,-4.0,r_trailing_stop,3.0,2022-05-07 17:00:00,2729.82710451819,2607.932238704525,2607.932238704525,2729.82710451819,0.11947590985712435,,,2022-05-07 15:30:00
2022-05-07 17:00:00,ETHUSD,exit,short,-0.46429355020181157,0.0,2687.3,0.0,-4.0,,,,,,,,,,,2022-05-07 17:00:00
2022-05-07 22:00:00,ETHUSD,entry,long,0.0,0.46856768361719986,2622.75,1.0,-3.879105575171609,r_trailing_stop,1.0,2022-05-07 22:30:00,2704.027423420665,2586.599030631734,2704.027423420665,2586.599030631734,0.06336538228343469,,,2022-05-07 22:00:00
2022-05-07 22:30:00,ETHUSD,exit,long,0.46856768361719986,0.0,2603.05,1.0,-2.036111914100753,,,,,,,,,,,2022-05-07 22:30:00
2022-05-07 23:00:00,ETHUSD,entry,long,0.0,0.44916112335686303,2647.15,0.0,-4.0,r_trailing_stop,1.0,2022-05-07 23:30:00,2689.877046820521,2568.179181271791,2689.877046820521,2568.179181271791,1.0953544532289232,,,2022-05-07 23:00:00
2022-05-07 23:30:00,ETHUSD,exit,long,0.44916112335686303,0.0,2635.15,1.0,-3.635480533885243,,,,,,,,,,,2022-05-07 23:30:00
2022-05-08 00:00:00,ETHUSD,entry,long,0.0,0.4351265712291918,2627.3,0.0,-3.537437789798947,stop_loss,3.0,2022-05-08 01:30:00,2726.04253321588,2598.862986713648,2726.04253321588,2598.862986713648,-1.014504219040965,,,2022-05-08 00:00:00
2022-05-08 01:30:00,ETHUSD,exit,long,0.4351265712291918,0.0,2595.1,1.0,-3.9160332275878487,,,,,,,,,,,2022-05-08 01:30:00
2022-05-08 02:30:00,ETHUSD,entry,long,0.0,0.4091002199347149,2549.25,1.0,-1.259375665675503,stop_loss,1.0,2022-05-08 03:00:00,2656.3006950305075,2524.769721987797,2656.3006950305075,2524.769721987797,-1.013636673997824,,,2022-05-08 02:30:00
2022-05-08 03:00:00,ETHUSD,exit,long,0.4091002199347149,0.0,2538.25,0.0,-0.033404213196180095,,,,,,,,,,,2022-05-08 03:00:00
2022-05-08 12:30:00,ETHUSD,entry,short,0.0,-0.4245434117971974,2556.1000000000004,0.0,-1.8099873280303396,r_trailing_stop,2.0,2022-05-08 13:30:00,2599.374564020196,2472.58858994951,2472.58858994951,2599.374564020196,0.3279784320641688,,,2022-05-08 12:30:00
2022-05-08 13:30:00,ETHUSD,exit,short,-0.4245434117971974,0.0,2523.65,0.0,-1.014842651657662,,,,,,,,,,,2022-05-08 13:30:00
2022-05-12 22:00:00,ETHUSD,entry,long,0.0,0.1013084726764605,1902.9,0.0,2.7674565656457277,r_trailing_stop,4.0,2022-05-13 00:00:00,2191.594178157207,1795.8923287371174,2191.594178157207,1795.8923287371174,0.3556108262175288,,,2022-05-12 22:00:00
2022-05-13 00:00:00,ETHUSD,exit,long,0.1013084726764605,0.0,1949.05,0.0,3.0686674560295635,,,,,,,,,,,2022-05-13 00:00:00
2022-05-13 01:00:00,ETHUSD,entry,long,0.0,0.11040963776794142,2008.4,0.0,1.6141392649024209,r_trailing_stop,6.0,2022-05-13 04:00:00,2280.802271693945,1898.879091322422,2280.802271693945,1898.879091322422,0.6306473671047287,,,2022-05-13 01:00:00
2022-05-13 04:00:00,ETHUSD,exit,long,0.11040963776794142,0.0,2079.3,0.0,-0.1578986127357396,,,,,,,,,,,2022-05-13 04:00:00
2022-05-13 11:00:00,ETHUSD,entry,short,0.0,-0.13450782775751602,2088.0,0.0,-1.1331934828085768,r_trailing_stop,12.0,2022-05-13 17:00:00,2187.40720320493,1860.4819919876754,1860.4819919876754,2187.40720320493,0.1972957172048245,,,2022-05-13 11:00:00
2022-05-13 17:00:00,ETHUSD,exit,short,-0.13450782775751602,0.0,2072.6,0.0,-1.039428469762396,,,,,,,,,,,2022-05-13 17:00:00
2022-05-13 19:00:00,ETHUSD,entry,short,0.0,-0.1446833888775053,2070.3,0.0,-0.6774035950750299,r_trailing_stop,5.0,2022-05-13 21:30:00,2158.446286553517,1857.6342836162075,1857.6342836162075,2158.446286553517,0.1663825859898233,,,2022-05-13 19:00:00
2022-05-13 21:30:00,ETHUSD,exit,short,-0.1446833888775053,0.0,2073.4,0.0,-1.2039180821815092,,,,,,,,,,,2022-05-13 21:30:00
2022-05-14 00:00:00,ETHUSD,entry,short,0.0,-0.15256058267716982,2030.5,-1.0,-1.0266808579136757,max_holding_close,23.0,2022-05-14 11:30:00,2084.4775173038242,1808.4062067404388,1808.4062067404388,2084.4775173038242,0.2966482820430428,,,2022-05-14 00:00:00
2022-05-14 11:30:00,ETHUSD,exit,short,-0.15256058267716982,0.0,1981.8,0.0,2.2573979877292785,,,,,,,,,,,2022-05-14 11:30:00
2022-05-18 20:30:00,ETHUSD,entry,long,0.0,0.3020189573246425,1964.3,1.0,-1.7293329277122083,r_trailing_stop,2.0,2022-05-18 21:30:00,2050.2071556419137,1914.3971377432347,2050.2071556419137,1914.3971377432347,0.2166888562936255,,,2022-05-18 20:30:00
2022-05-18 21:30:00,ETHUSD,exit,long,0.3020189573246425,0.0,1960.9,0.0,-1.7327036338684338,,,,,,,,,,,2022-05-18 21:30:00
2022-05-18 22:30:00,ETHUSD,entry,long,0.0,0.3041205279072185,1945.3,0.0,-0.3647745454908497,stop_loss,2.0,2022-05-18 23:30:00,2047.9628211961128,1913.194871521555,2047.9628211961128,1913.194871521555,-1.0101373509302407,,,2022-05-18 22:30:00
2022-05-18 23:30:00,ETHUSD,exit,long,0.3041205279072185,0.0,1912.2,0.0,2.594124811113842,,,,,,,,,,,2022-05-18 23:30:00
2022-05-19 00:30:00,ETHUSD,entry,long,0.0,0.29150797188181155,1929.3,0.0,1.0848473562438736,r_trailing_stop,5.0,2022-05-19 03:00:00,2031.729527820088,1892.5281888719649,2031.729527820088,1892.5281888719649,0.2054237080158083,,,2022-05-19 00:30:00
2022-05-19 03:00:00,ETHUSD,exit,long,0.29150797188181155,0.0,1952.3,1.0,2.82778162311464,,,,,,,,,,,2022-05-19 03:00:00
2022-05-19 03:30:00,ETHUSD,entry,long,0.0,0.2860454889716803,1951.5,0.0,3.415019682271891,r_trailing_stop,7.0,2022-05-19 07:00:00,2054.7823172505946,1911.4470730997623,2054.7823172505946,1911.4470730997623,0.17268150130762405,,,2022-05-19 03:30:00
2022-05-19 07:00:00,ETHUSD,exit,long,0.2860454889716803,0.0,1950.3,0.0,2.0629270006202702,,,,,,,,,,,2022-05-19 07:00:00
2022-05-19 09:00:00,ETHUSD,entry,long,0.0,0.30259662259673986,1921.0,0.0,4.0,r_trailing_stop,6.0,2022-05-19 12:00:00,2026.511577186361,1892.5153691254557,2026.511577186361,1892.5153691254557,0.6750274780824409,,,2022-05-19 09:00:00
2022-05-19 12:00:00,ETHUSD,exit,long,0.30259662259673986,0.0,1958.1,0.0,2.5061240493220014,,,,,,,,,,,2022-05-19 12:00:00
2022-05-19 16:00:00,ETHUSD,entry,long,0.0,0.2963260598549622,2020.5,0.0,0.11346304692135953,r_trailing_stop,20.0,2022-05-20 02:00:00,2123.0927244901654,1979.8829102039338,2123.0927244901654,1979.8829102039338,0.300506220292872,,,2022-05-19 16:00:00
2022-05-20 02:00:00,ETHUSD,exit,long,0.2963260598549622,0.0,2020.5,0.0,-0.5709205309337979,,,,,,,,,,,2022-05-20 02:00:00
2022-05-20 15:30:00,ETHUSD,entry,long,0.0,0.31994287239324654,1958.6,1.0,0.3785902276511241,stop_loss,2.0,2022-05-20 16:30:00,2057.4398866600354,1928.4440453359857,2057.4398866600354,1928.4440453359857,-1.0106647624131082,,,2022-05-20 15:30:00
2022-05-20 16:30:00,ETHUSD,exit,long,0.31994287239324654,0.0,1932.2,0.0,1.637555809168323,,,,,,,,,,,2022-05-20 16:30:00
2022-05-20 20:00:00,ETHUSD,entry,long,0.0,0.31594772799363796,1970.7,0.0,0.4295350650449023,max_holding_close,23.0,2022-05-21 07:30:00,2059.757215091586,1929.0571139633657,2059.757215091586,1929.0571139633657,0.2452065432494161,,,2022-05-20 20:00:00
2022-05-21 07:30:00,ETHUSD,exit,long,0.31594772799363796,0.0,1975.95,0.0,0.1382279466074556,,,,,,,,,,,2022-05-21 07:30:00
2022-05-23 22:30:00,ETHUSD,entry,long,0.0,0.4075427803934657,1976.2,1.0,-0.14343652694535908,r_trailing_stop,5.0,2022-05-24 01:00:00,2040.5377940678968,1939.124882372841,2040.5377940678968,1939.124882372841,0.3438202606890531,,,2022-05-23 22:30:00
2022-05-24 01:00:00,ETHUSD,exit,long,0.4075427803934657,0.0,1975.9,0.0,-1.4613228802848073,,,,,,,,,,,2022-05-24 01:00:00
2022-05-24 09:00:00,ETHUSD,entry,long,0.0,0.460464238970645,1966.8,1.0,0.4238147016735557,r_trailing_stop,1.0,2022-05-24 09:30:00,2024.7779247347266,1935.3488301061095,2024.7779247347266,1935.3488301061095,0.20818522211662072,,,2022-05-24 09:00:00
2022-05-24 09:30:00,ETHUSD,exit,long,0.460464238970645,0.0,1970.6,1.0,0.8564038803859436,,,,,,,,,,,2022-05-24 09:30:00
2022-05-24 10:00:00,ETHUSD,entry,long,0.0,0.45611609034063016,1970.1,0.0,0.8038041605330547,r_trailing_stop,3.0,2022-05-24 11:30:00,2035.5091585147195,1944.7763365941123,2035.5091585147195,1944.7763365941123,-0.05377866461896143,,,2022-05-24 10:00:00
2022-05-24 11:30:00,ETHUSD,exit,long,0.45611609034063016,0.0,1963.8,1.0,1.0742254459843699,,,,,,,,,,,2022-05-24 11:30:00
2022-05-24 12:00:00,ETHUSD,entry,long,0.0,0.4636404152436198,1956.9,1.0,1.3648820578865652,stop_loss,3.0,2022-05-24 13:30:00,2027.4373859384564,1938.4850456246177,2027.4373859384564,1938.4850456246177,-1.0154546805081208,,,2022-05-24 12:00:00
2022-05-24 13:30:00,ETHUSD,exit,long,0.4636404152436198,0.0,1928.8,1.0,4.0,,,,,,,,,,,2022-05-24 13:30:00
2022-05-24 14:00:00,ETHUSD,entry,long,0.0,0.43718856695520086,1926.5,1.0,4.0,r_trailing_stop,2.0,2022-05-24 15:00:00,1995.0808249047027,1902.427670038119,1995.0808249047027,1902.427670038119,0.14719069104748478,,,2022-05-24 14:00:00
2022-05-24 15:00:00,ETHUSD,exit,long,0.43718856695520086,0.0,1938.6,0.0,4.0,,,,,,,,,,,2022-05-24 15:00:00
2022-05-24 17:30:00,ETHUSD,entry,long,0.0,0.4108552936548792,1957.1,1.0,1.9655918484753732,r_trailing_stop,2.0,2022-05-24 18:30:00,2010.620555191487,1911.4717779234052,2010.620555191487,1911.4717779234052,0.6781943444263413,,,2022-05-24 17:30:00
2022-05-24 18:30:00,ETHUSD,exit,long,0.4108552936548792,0.0,1943.0,1.0,2.7120124729580213,,,,,,,,,,,2022-05-24 18:30:00
2022-05-24 19:00:00,ETHUSD,entry,long,0.0,0.3971939762184885,1957.7,0.0,1.3600300498215063,r_trailing_stop,2.0,2022-05-24 20:00:00,2016.2734692491126,1913.5506123003552,2016.2734692491126,1913.5506123003552,0.5796175434421671,,,2022-05-24 19:00:00
2022-05-24 20:00:00,ETHUSD,exit,long,0.3971939762184885,0.0,1957.4,0.0,1.0834849360933736,,,,,,,,,,,2022-05-24 20:00:00
2022-05-25 14:30:00,ETHUSD,entry,short,0.0,-0.42028363597791013,1968.2,0.0,-1.2808865457932062,r_trailing_stop,1.0,2022-05-25 15:00:00,2005.9337901935912,1907.1155245160219,1907.1155245160219,2005.9337901935912,0.31892494554428963,,,2022-05-25 14:30:00
2022-05-25 15:00:00,ETHUSD,exit,short,-0.42028363597791013,0.0,1966.6,0.0,-2.168593711173725,,,,,,,,,,,2022-05-25 15:00:00
2022-05-26 02:00:00,ETHUSD,entry,long,0.0,0.4195601467901858,1947.2,0.0,-4.0,r_trailing_stop,2.0,2022-05-26 03:00:00,2011.7405801477842,1914.5237679408863,2011.7405801477842,1914.5237679408863,0.19325297217087037,,,2022-05-26 02:00:00
2022-05-26 03:00:00,ETHUSD,exit,long,0.4195601467901858,0.0,1935.9,1.0,-4.0,,,,,,,,,,,2022-05-26 03:00:00
2022-05-26 03:30:00,ETHUSD,entry,long,0.0,0.4219876838264071,1946.5,1.0,-4.0,r_trailing_stop,1.0,2022-05-26 04:00:00,2004.6100651106797,1908.275973955728,2004.6100651106797,1908.275973955728,0.18643631834154192,,,2022-05-26 03:30:00
2022-05-26 04:00:00,ETHUSD,exit,long,0.4219876838264071,0.0,1941.0,0.0,-3.818652078986171,,,,,,,,,,,2022-05-26 04:00:00
2022-05-26 05:30:00,ETHUSD,entry,long,0.0,0.42541285130999434,1922.8,1.0,-3.5148074623163854,stop_loss,5.0,2022-05-26 08:00:00,2000.329112486262,1904.9483550054954,2000.329112486262,1904.9483550054954,-1.014180428377,,,2022-05-26 05:30:00
2022-05-26 08:00:00,ETHUSD,exit,long,0.42541285130999434,0.0,1850.7,0.0,-1.312676462710415,,,,,,,,,,,2022-05-26 08:00:00
2022-05-28 06:00:00,ETHUSD,entry,short,0.0,-0.25057739008893826,1764.75,0.0,0.7997675534945039,r_trailing_stop,6.0,2022-05-28 09:00:00,1811.8189463611693,1663.527634097077,1663.527634097077,1811.8189463611693,0.2524516401428103,,,2022-05-28 06:00:00
2022-05-28 09:00:00,ETHUSD,exit,short,-0.25057739008893826,0.0,1758.85,0.0,1.3249725979170428,,,,,,,,,,,2022-05-28 09:00:00
2022-05-28 11:30:00,ETHUSD,entry,short,0.0,-0.2748542650795349,1771.05,0.0,0.992971142081443,r_trailing_stop,12.0,2022-05-28 17:30:00,1820.236425855197,1684.1339353620074,1684.1339353620074,1820.236425855197,0.24156835691147927,,,2022-05-28 11:30:00
2022-05-28 17:30:00,ETHUSD,exit,short,-0.2748542650795349,0.0,1774.65,0.0,0.4443685436153133,,,,,,,,,,,2022-05-28 17:30:00
2022-05-31 06:30:00,ETHUSD,entry,long,0.0,0.38939859137273525,1965.3,0.0,-2.127471334809678,r_trailing_stop,5.0,2022-05-31 09:00:00,2044.7438799069264,1938.5624480372296,2044.7438799069264,1938.5624480372296,0.02657498538409355,,,2022-05-31 06:30:00
2022-05-31 09:00:00,ETHUSD,exit,long,0.38939859137273525,0.0,1966.3,0.0,-1.140637289090823,,,,,,,,,,,2022-05-31 09:00:00
2022-05-31 14:30:00,ETHUSD,entry,short,0.0,-0.380721169924731,1960.4,-1.0,-1.391310156890155,stop_loss,2.0,2022-05-31 15:30:00,1980.4264237560333,1872.883940609917,1872.883940609917,1980.4264237560333,-1.0126907056641576,,,2022-05-31 14:30:00
2022-05-31 15:30:00,ETHUSD,exit,short,-0.380721169924731,0.0,1987.6,-1.0,-3.6713974017528668,,,,,,,,,,,2022-05-31 15:30:00
2022-05-31 16:00:00,ETHUSD,entry,short,0.0,-0.3704197653467069,1973.8,-1.0,-2.8989212312229147,r_trailing_stop,1.0,2022-05-31 16:30:00,2019.6932065067813,1907.0169837330468,1907.0169837330468,2019.6932065067813,0.4101020504813284,,,2022-05-31 16:00:00
2022-05-31 16:30:00,ETHUSD,exit,short,-0.3704197653467069,0.0,1972.4,-1.0,-2.3685375548984218,,,,,,,,,,,2022-05-31 16:30:00
2022-05-31 17:00:00,ETHUSD,entry,short,0.0,-0.3539169215931673,1954.7,-1.0,-1.5047921978336172,r_trailing_stop,1.0,2022-05-31 17:30:00,2005.7366606341675,1888.7083484145812,1888.7083484145812,2005.7366606341675,0.3991412705025824,,,2022-05-31 17:00:00
2022-05-31 17:30:00,ETHUSD,exit,short,-0.3539169215931673,0.0,1966.2,-1.0,-2.014137638737674,,,,,,,,,,,2022-05-31 17:30:00
2022-05-31 18:00:00,ETHUSD,entry,short,0.0,-0.34840447349883175,1960.0,0.0,-1.3311458523763962,r_trailing_stop,2.0,2022-05-31 19:00:00,1999.7554780354724,1881.2613049113193,1881.2613049113193,1999.7554780354724,0.9552858377098844,,,2022-05-31 18:00:00
2022-05-31 19:00:00,ETHUSD,exit,short,-0.34840447349883175,0.0,1935.0,0.0,0.06992167811117572,,,,,,,,,,,2022-05-31 19:00:00
2022-05-31 20:00:00,ETHUSD,entry,short,0.0,-0.33859716138580714,1941.6,0.0,-0.45244805068714616,r_trailing_stop,17.0,2022-06-01 04:30:00,1967.2530928272754,1847.3672679318115,1847.3672679318115,1967.2530928272754,0.20183286907437697,,,2022-05-31 20:00:00
2022-06-01 04:30:00,ETHUSD,exit,short,-0.33859716138580714,0.0,1932.8,0.0,-4.0,,,,,,,,,,,2022-06-01 04:30:00
2022-06-01 14:30:00,ETHUSD,entry,short,0.0,-0.3785630854551341,1908.3,-1.0,-4.0,r_trailing_stop,1.0,2022-06-01 15:00:00,1951.345123792626,1844.7871905184352,1844.7871905184352,1951.345123792626,0.40452520685703713,,,2022-06-01 14:30:00
2022-06-01 15:00:00,ETHUSD,exit,short,-0.3785630854551341,0.0,1901.2,-1.0,-4.0,,,,,,,,,,,2022-06-01 15:00:00
2022-06-01 15:30:00,ETHUSD,entry,short,0.0,-0.362768264402052,1879.1,0.0,-4.0,r_trailing_stop,2.0,2022-06-01 16:30:00,1932.7465214282274,1822.6836964294314,1822.6836964294314,1932.7465214282274,1.3660818765294995,,,2022-06-01 15:30:00
2022-06-01 16:30:00,ETHUSD,exit,short,-0.362768264402052,0.0,1855.6,0.0,-2.5221502958134945,,,,,,,,,,,2022-06-01 16:30:00
2022-06-03 16:30:00,ETHUSD,entry,short,0.0,-0.33947083057881683,1760.3000000000002,0.0,0.4302447012008706,r_trailing_stop,4.0,2022-06-03 18:30:00,1784.5941210031508,1676.1146974921226,1676.1146974921226,1784.5941210031508,0.10160894705418225,,,2022-06-03 16:30:00
2022-06-03 18:30:00,ETHUSD,exit,short,-0.33947083057881683,0.0,1748.3000000000002,0.0,1.3397380494235251,,,,,,,,,,,2022-06-03 18:30:00
2022-06-03 22:00:00,ETHUSD,entry,short,0.0,-0.35853939338624047,1784.15,0.0,-0.9006545955999505,r_trailing_stop,4.0,2022-06-04 00:00:00,1817.311357574165,1712.621606064588,1712.621606064588,1817.311357574165,0.37493750273007626,,,2022-06-03 22:00:00
2022-06-04 00:00:00,ETHUSD,exit,short,-0.35853939338624047,0.0,1776.4,0.0,-1.0003433948285034,,,,,,,,,,,2022-06-04 00:00:00
2022-06-04 01:30:00,ETHUSD,entry,short,0.0,-0.3695444495521093,1758.7,0.0,0.4566655643337772,r_trailing_stop,3.0,2022-06-04 03:00:00,1787.9659817453476,1687.9850456366316,1687.9850456366316,1787.9659817453476,0.18574594624779836,,,2022-06-04 01:30:00
2022-06-04 03:00:00,ETHUSD,exit,short,-0.3695444495521093,0.0,1755.95,0.0,1.7033821266589488,,,,,,,,,,,2022-06-04 03:00:00
2022-06-07 01:00:00,ETHUSD,entry,long,0.0,0.3745716852231988,1760.8000000000002,0.0,-0.4950336888208192,r_trailing_stop,1.0,2022-06-07 01:30:00,1827.672377410997,1729.1510490356015,1827.672377410997,1729.1510490356015,0.11540536640631892,,,2022-06-07 01:00:00
2022-06-07 01:30:00,ETHUSD,exit,long,0.3745716852231988,0.0,1741.1,0.0,1.3068216012603255,,,,,,,,,,,2022-06-07 01:30:00
2022-06-07 06:00:00,ETHUSD,entry,long,0.0,0.3646343137962941,1753.6999999999998,0.0,3.1613645778695694,r_trailing_stop,6.0,2022-06-07 09:00:00,1824.9051173880698,1723.9579530447722,1824.9051173880698,1723.9579530447722,0.5356568493207917,,,2022-06-07 06:00:00
2022-06-07 09:00:00,ETHUSD,exit,long,0.3646343137962941,0.0,1763.6999999999998,0.0,4.0,,,,,,,,,,,2022-06-07 09:00:00
2022-06-07 11:30:00,ETHUSD,entry,long,0.0,0.3953703388059633,1752.3000000000002,0.0,4.0,r_trailing_stop,5.0,2022-06-07 14:00:00,1820.6489982871803,1727.4804006851277,1820.6489982871803,1727.4804006851277,0.2272453438703831,,,2022-06-07 11:30:00
2022-06-07 14:00:00,ETHUSD,exit,long,0.3953703388059633,0.0,1768.6999999999998,0.0,4.0,,,,,,,,,,,2022-06-07 14:00:00
2022-06-11 09:30:00,ETHUSD,entry,long,0.0,0.3263341835393404,1595.25,1.0,-3.866611422711897,r_trailing_stop,1.0,2022-06-11 10:00:00,1665.2288185380864,1562.7784725847653,1665.2288185380864,1562.7784725847653,0.10185973412676279,,,2022-06-11 09:30:00
2022-06-11 10:00:00,ETHUSD,exit,long,0.3263341835393404,0.0,1596.35,0.0,-3.5188302967752785,,,,,,,,,,,2022-06-11 10:00:00
2022-06-11 11:00:00,ETHUSD,entry,long,0.0,0.32382342976483985,1569.15,0.0,-2.348961280387016,stop_loss,3.0,2022-06-11 12:30:00,1658.2626928902696,1555.484922843892,1658.2626928902696,1555.484922843892,-1.0107941143254946,,,2022-06-11 11:00:00
2022-06-11 12:30:00,ETHUSD,exit,long,0.32382342976483985,0.0,1550.85,0.0,-0.9812227210501415,,,,,,,,,,,2022-06-11 12:30:00
2022-06-14 23:30:00,ETHUSD,entry,short,0.0,-0.12130961650918484,1207.25,0.0,-3.0236726586702165,r_trailing_stop,10.0,2022-06-15 04:30:00,1258.7225846976044,1051.0935382559896,1051.0935382559896,1258.7225846976044,1.0076913576477249,,,2022-06-14 23:30:00
2022-06-15 04:30:00,ETHUSD,exit,short,-0.12130961650918484,0.0,1135.45,0.0,-2.0472425513953225,,,,,,,,,,,2022-06-15 04:30:00
2022-06-15 05:30:00,ETHUSD,entry,long,0.0,0.1152211168462085,1121.65,1.0,-0.3738491060368818,r_trailing_stop,1.0,2022-06-15 06:00:00,1248.571292950306,1047.2214828198776,1248.571292950306,1047.2214828198776,0.25377890796743635,,,2022-06-15 05:30:00
2022-06-15 06:00:00,ETHUSD,exit,long,0.1152211168462085,0.0,1113.25,1.0,-0.6847518314861567,,,,,,,,,,,2022-06-15 06:00:00
2022-06-15 06:30:00,ETHUSD,entry,long,0.0,0.11520906718089019,1134.9,1.0,1.2139584502987744,r_trailing_stop,1.0,2022-06-15 07:00:00,1258.1365089796484,1055.2253964081408,1258.1365089796484,1055.2253964081408,0.20583250299119316,,,2022-06-15 06:30:00
2022-06-15 07:00:00,ETHUSD,exit,long,0.11520906718089019,0.0,1113.95,0.0,2.711599024139362,,,,,,,,,,,2022-06-15 07:00:00
2022-06-18 20:30:00,ETHUSD,entry,long,0.0,0.15637200553521066,902.75,1.0,3.685175065081493,r_trailing_stop,2.0,2022-06-18 21:30:00,986.5517734762282,865.6592906095088,986.5517734762282,865.6592906095088,1.3945851388119062,,,2022-06-18 20:30:00
2022-06-18 21:30:00,ETHUSD,exit,long,0.15637200553521066,0.0,941.75,1.0,2.619435117277658,,,,,,,,,,,2022-06-18 21:30:00
2022-06-18 22:00:00,ETHUSD,entry,long,0.0,0.15026515778229937,989.95,1.0,3.2702881243193,r_trailing_stop,1.0,2022-06-18 22:30:00,1035.978783575166,904.3384865699336,1035.978783575166,904.3384865699336,1.0717656508165982,,,2022-06-18 22:00:00
2022-06-18 22:30:00,ETHUSD,exit,long,0.15026515778229937,0.0,990.05,1.0,3.615628289472161,,,,,,,,,,,2022-06-18 22:30:00
2022-06-18 23:00:00,ETHUSD,entry,long,0.0,0.1489453305786156,993.85,1.0,3.1026092261724276,r_trailing_stop,3.0,2022-06-19 00:30:00,1089.6459753106349,950.0716098757462,1089.6459753106349,950.0716098757462,0.19888980950514096,,,2022-06-18 23:00:00
2022-06-19 00:30:00,ETHUSD,exit,long,0.1489453305786156,0.0,989.55,1.0,2.0954778947057724,,,,,,,,,,,2022-06-19 00:30:00
2022-06-19 01:00:00,ETHUSD,entry,long,0.0,0.14846635322378965,982.25,0.0,2.974317883294738,stop_loss,2.0,2022-06-19 02:00:00,1089.637301349174,949.6550794603303,1089.637301349174,949.6550794603303,-1.004948878440793,,,2022-06-19 01:00:00
2022-06-19 02:00:00,ETHUSD,exit,long,0.14846635322378965,0.0,946.1,1.0,4.0,,,,,,,,,,,2022-06-19 02:00:00
2022-06-19 02:30:00,ETHUSD,entry,long,0.0,0.1415116015136508,949.65,0.0,4.0,r_trailing_stop,2.0,2022-06-19 03:30:00,1046.4403638160786,906.0338544735685,1046.4403638160786,906.0338544735685,0.5130668202274521,,,2022-06-19 02:30:00
2022-06-19 03:30:00,ETHUSD,exit,long,0.1415116015136508,0.0,951.65,1.0,4.0,,,,,,,,,,,2022-06-19 03:30:00
2022-06-19 04:00:00,ETHUSD,entry,long,0.0,0.14078398701014447,957.05,0.0,4.0,r_trailing_stop,2.0,2022-06-19 05:00:00,1052.934044472128,910.9963822111487,1052.934044472128,910.9963822111487,0.23598930473275367,,,2022-06-19 04:00:00
2022-06-19 05:00:00,ETHUSD,exit,long,0.14078398701014447,0.0,948.75,1.0,4.0,,,,,,,,,,,2022-06-19 05:00:00
2022-06-19 05:30:00,ETHUSD,entry,long,0.0,0.14059161278935361,944.85,0.0,4.0,r_trailing_stop,4.0,2022-06-19 07:30:00,1050.0293672263622,908.3082531094551,1050.0293672263622,908.3082531094551,0.28247329220162615,,,2022-06-19 05:30:00
2022-06-19 07:30:00,ETHUSD,exit,long,0.14059161278935361,0.0,954.15,0.0,4.0,,,,,,,,,,,2022-06-19 07:30:00
2022-06-19 10:30:00,ETHUSD,entry,long,0.0,0.14975826830005345,1062.15,1.0,3.689168387827456,r_trailing_stop,1.0,2022-06-19 11:00:00,1159.6251390522345,1011.8199443791061,1159.6251390522345,1011.8199443791061,0.1333926383318397,,,2022-06-19 10:30:00
2022-06-19 11:00:00,ETHUSD,exit,long,0.14975826830005345,0.0,1056.05,0.0,3.069782124503448,,,,,,,,,,,2022-06-19 11:00:00
2022-06-19 16:00:00,ETHUSD,entry,long,0.0,0.1536566957240826,1058.75,0.0,1.482597345223676,r_trailing_stop,6.0,2022-06-19 19:00:00,1175.1670854697936,1028.8431658120826,1175.1670854697936,1028.8431658120826,0.7267633135272009,,,2022-06-19 16:00:00
2022-06-19 19:00:00,ETHUSD,exit,long,0.1536566957240826,0.0,1094.25,1.0,-1.0351533359590614,,,,,,,,,,,2022-06-19 19:00:00
2022-06-19 19:30:00,ETHUSD,entry,long,0.0,0.15306980520961636,1098.65,0.0,-0.9553947993518878,r_trailing_stop,3.0,2022-06-19 21:00:00,1201.5902880340814,1051.4538847863673,1201.5902880340814,1051.4538847863673,1.0812431328340895,,,2022-06-19 19:30:00
2022-06-19 21:00:00,ETHUSD,exit,long,0.15306980520961636,0.0,1127.35,0.0,-0.05093552058185587,,,,,,,,,,,2022-06-19 21:00:00
2022-06-19 22:30:00,ETHUSD,entry,long,0.0,0.15959687649998672,1140.35,0.0,0.8995899276009993,stop_loss,4.0,2022-06-20 00:30:00,1248.0201434969904,1097.9119426012041,1248.0201434969904,1097.9119426012041,-1.005319895883333,,,2022-06-19 22:30:00
2022-06-20 00:30:00,ETHUSD,exit,long,0.15959687649998672,0.0,1086.35,1.0,2.034956642430382,,,,,,,,,,,2022-06-20 00:30:00
2022-06-20 01:00:00,ETHUSD,entry,long,0.0,0.1531645534037096,1078.85,1.0,2.471629112265648,r_trailing_stop,17.0,2022-06-20 09:30:00,1192.8502710669302,1043.889891573228,1192.8502710669302,1043.889891573228,0.9079784830168095,,,2022-06-20 01:00:00
2022-06-20 09:30:00,ETHUSD,exit,long,0.1531645534037096,0.0,1122.55,0.0,-0.9937782520214175,,,,,,,,,,,2022-06-20 09:30:00
2022-06-20 15:00:00,ETHUSD,entry,long,0.0,0.16286520114087658,1125.25,1.0,-0.3677528649483976,stop_loss,4.0,2022-06-20 17:00:00,1244.5033594669774,1097.568656213209,1244.5033594669774,1097.568656213209,-1.0054288400380322,,,2022-06-20 15:00:00
2022-06-20 17:00:00,ETHUSD,exit,long,0.16286520114087658,0.0,1110.15,1.0,1.0775332275448588,,,,,,,,,,,2022-06-20 17:00:00
2022-06-20 17:30:00,ETHUSD,entry,long,0.0,0.15671050420082216,1095.45,1.0,2.5366862658906184,r_trailing_stop,13.0,2022-06-21 00:00:00,1216.5207958533429,1067.7416816586629,1216.5207958533429,1067.7416816586629,0.3540913438998826,,,2022-06-20 17:30:00
2022-06-21 00:00:00,ETHUSD,exit,long,0.15671050420082216,0.0,1117.95,0.0,1.0407174032132092,,,,,,,,,,,2022-06-21 00:00:00
2022-06-25 16:00:00,ETHUSD,entry,long,0.0,0.26804866178104997,1185.25,0.0,3.694276675773434,r_trailing_stop,2.0,2022-06-25 17:00:00,1249.3590602582321,1156.6663758967072,1249.3590602582321,1156.6663758967072,0.14133350883399204,,,2022-06-25 16:00:00
2022-06-25 17:00:00,ETHUSD,exit,long,0.26804866178104997,0.0,1197.55,0.0,3.091135965647579,,,,,,,,,,,2022-06-25 17:00:00
2022-07-02 00:00:00,ETHUSD,entry,long,0.0,0.22761080301914738,1061.6,1.0,-1.1697120258794462,stop_loss,18.0,2022-07-02 09:00:00,1127.6176926117391,1030.0129229553045,1127.6176926117391,1030.0129229553045,-1.007587026767305,,,2022-07-02 00:00:00
2022-07-02 09:00:00,ETHUSD,exit,long,0.22761080301914738,0.0,1030.85,1.0,2.9567923083336303,,,,,,,,,,,2022-07-02 09:00:00
2022-07-02 09:30:00,ETHUSD,entry,long,0.0,0.2540007820563256,1039.45,0.0,2.652062257919114,r_trailing_stop,1.0,2022-07-02 10:00:00,1091.6208755730186,1006.4016497707926,1091.6208755730186,1006.4016497707926,0.15426802189092445,,,2022-07-02 09:30:00
2022-07-02 10:00:00,ETHUSD,exit,long,0.2540007820563256,0.0,1036.6,0.0,2.9215571586877,,,,,,,,,,,2022-07-02 10:00:00
2022-07-02 13:00:00,ETHUSD,entry,long,0.0,0.26540685415278686,1053.4,0.0,0.5654526535690094,r_trailing_stop,8.0,2022-07-02 17:00:00,1117.055427381955,1033.397829047218,1117.055427381955,1033.397829047218,0.12084843697697603,,,2022-07-02 13:00:00
2022-07-02 17:00:00,ETHUSD,exit,long,0.26540685415278686,0.0,1064.05,0.0,-0.02631621527168914,,,,,,,,,,,2022-07-02 17:00:00
2022-07-05 02:30:00,ETHUSD,entry,long,0.0,0.3463349629971134,1142.75,0.0,-4.0,r_trailing_stop,3.0,2022-07-05 04:00:00,1194.6428850248456,1125.2128459900616,1194.6428850248456,1125.2128459900616,0.21985352146087,,,2022-07-05 02:30:00
2022-07-05 04:00:00,ETHUSD,exit,long,0.3463349629971134,0.0,1147.25,1.0,-4.0,,,,,,,,,,,2022-07-05 04:00:00
2022-07-05 04:30:00,ETHUSD,entry,long,0.0,0.3533674373581857,1149.65,0.0,-4.0,r_trailing_stop,2.0,2022-07-05 05:30:00,1195.897186499834,1127.7211254000665,1195.897186499834,1127.7211254000665,0.529833484324351,,,2022-07-05 04:30:00
2022-07-05 05:30:00,ETHUSD,exit,long,0.3533674373581857,0.0,1157.05,0.0,-4.0,,,,,,,,,,,2022-07-05 05:30:00
2022-07-05 08:30:00,ETHUSD,entry,long,0.0,0.34007460974392834,1136.35,0.0,1.6922310642419893,stop_loss,2.0,2022-07-05 09:30:00,1192.0058616531082,1121.5076553387569,1192.0058616531082,1121.5076553387569,-1.0113358203247975,,,2022-07-05 08:30:00
2022-07-05 09:30:00,ETHUSD,exit,long,0.34007460974392834,0.0,1128.3,1.0,2.320883170798107,,,,,,,,,,,2022-07-05 09:30:00
2022-07-05 10:00:00,ETHUSD,entry,long,0.0,0.3350088293243768,1127.25,0.0,1.1719926860090677,stop_loss,3.0,2022-07-05 11:30:00,1178.8718027660157,1108.1412788935936,1178.8718027660157,1108.1412788935936,-1.0111669609774792,,,2022-07-05 10:00:00
2022-07-05 11:30:00,ETHUSD,exit,long,0.3350088293243768,0.0,1110.45,0.0,2.0415167604121653,,,,,,,,,,,2022-07-05 11:30:00
2022-07-05 20:00:00,ETHUSD,entry,long,0.0,0.31103123554665346,1162.25,1.0,-1.7980592799038777,r_trailing_stop,1.0,2022-07-05 20:30:00,1201.0057043661363,1123.6477182535455,1201.0057043661363,1123.6477182535455,0.6875636909504548,,,2022-07-05 20:00:00
2022-07-05 20:30:00,ETHUSD,exit,long,0.31103123554665346,0.0,1153.35,1.0,-1.2008158830837699,,,,,,,,,,,2022-07-05 20:30:00
2022-07-05 21:00:00,ETHUSD,entry,long,0.0,0.30327611993415576,1144.5,1.0,0.2894591731154892,stop_loss,5.0,2022-07-05 23:30:00,1210.342077707127,1130.4831689171494,1210.342077707127,1130.4831689171494,-1.0101092039978052,,,2022-07-05 21:00:00
2022-07-05 23:30:00,ETHUSD,exit,long,0.30327611993415576,0.0,1131.15,0.0,0.12649788765320055,,,,,,,,,,,2022-07-05 23:30:00
2022-07-06 13:30:00,ETHUSD,entry,long,0.0,0.2797362406497694,1140.05,0.0,3.477364890724554,r_trailing_stop,11.0,2022-07-06 19:00:00,1202.867488160357,1117.1630047358574,1202.867488160357,1117.1630047358574,0.6881390490353544,,,2022-07-06 13:30:00
2022-07-06 19:00:00,ETHUSD,exit,long,0.2797362406497694,0.0,1160.55,0.0,0.8033715769967128,,,,,,,,,,,2022-07-06 19:00:00
2022-07-06 22:30:00,ETHUSD,entry,long,0.0,0.2888301111886711,1189.45,0.0,-0.3358150163737505,r_trailing_stop,2.0,2022-07-06 23:30:00,1244.595290198317,1158.5718839206734,1244.595290198317,1158.5718839206734,0.4358906095740656,,,2022-07-06 22:30:00
2022-07-06 23:30:00,ETHUSD,exit,long,0.2888301111886711,0.0,1185.7,0.0,-0.045014454319876177,,,,,,,,,,,2022-07-06 23:30:00
2022-07-07 02:30:00,ETHUSD,entry,long,0.0,0.2982613139931061,1169.55,1.0,4.0,r_trailing_stop,13.0,2022-07-07 09:00:00,1235.720429324964,1152.8818282700142,1235.720429324964,1152.8818282700142,0.266059586407659,,,2022-07-07 02:30:00
2022-07-07 09:00:00,ETHUSD,exit,long,0.2982613139931061,0.0,1182.45,0.0,4.0,,,,,,,,,,,2022-07-07 09:00:00
2022-07-07 15:00:00,ETHUSD,entry,long,0.0,0.33865308476542055,1218.55,1.0,3.2104790749304613,r_trailing_stop,4.0,2022-07-07 17:00:00,1276.596118328441,1200.7915526686236,1276.596118328441,1200.7915526686236,0.45735088247299027,,,2022-07-07 15:00:00
2022-07-07 17:00:00,ETHUSD,exit,long,0.33865308476542055,0.0,1217.75,1.0,3.133314520857961,,,,,,,,,,,2022-07-07 17:00:00
2022-07-07 17:30:00,ETHUSD,entry,long,0.0,0.33275527619337253,1221.35,0.0,2.0905320408386285,r_trailing_stop,4.0,2022-07-07 19:30:00,1272.5394376941026,1195.6942249223591,1272.5394376941026,1195.6942249223591,0.8729855936248473,,,2022-07-07 17:30:00
2022-07-07 19:30:00,ETHUSD,exit,long,0.33275527619337253,0.0,1247.45,1.0,-0.6164727747416096,,,,,,,,,,,2022-07-07 19:30:00
2022-07-07 20:00:00,ETHUSD,entry,long,0.0,0.3392730724297835,1238.65,1.0,0.15281377472044194,stop_loss,5.0,2022-07-07 22:30:00,1302.70689726267,1225.487241094932,1302.70689726267,1225.487241094932,-1.0113091024143261,,,2022-07-07 20:00:00
2022-07-07 22:30:00,ETHUSD,exit,long,0.3392730724297835,0.0,1229.45,0.0,-1.1666321225002876,,,,,,,,,,,2022-07-07 22:30:00
2022-07-08 01:30:00,ETHUSD,entry,long,0.0,0.33883939190317847,1261.65,0.0,-4.0,stop_loss,1.0,2022-07-08 02:00:00,1330.2417609835043,1251.2932956065981,1330.2417609835043,1251.2932956065981,-1.0112946463967725,,,2022-07-08 01:30:00
2022-07-08 02:00:00,ETHUSD,exit,long,0.33883939190317847,0.0,1244.95,1.0,-2.9065980694691738,,,,,,,,,,,2022-07-08 02:00:00
2022-07-08 02:30:00,ETHUSD,entry,long,0.0,0.3221278300964136,1253.05,0.0,-2.3603744112021467,r_trailing_stop,4.0,2022-07-08 04:30:00,1303.0262077508494,1221.85951689966,1303.0262077508494,1221.85951689966,0.5110281639551734,,,2022-07-08 02:30:00
2022-07-08 04:30:00,ETHUSD,exit,long,0.3221278300964136,0.0,1252.85,0.0,-2.8447044390426033,,,,,,,,,,,2022-07-08 04:30:00
2022-07-08 06:00:00,ETHUSD,entry,long,0.0,0.33591105789560455,1240.95,0.0,-0.832364346492065,stop_loss,5.0,2022-07-08 08:30:00,1299.7593498973176,1221.976260041073,1299.7593498973176,1221.976260041073,-1.0111970352631932,,,2022-07-08 06:00:00
2022-07-08 08:30:00,ETHUSD,exit,long,0.33591105789560455,0.0,1216.85,0.0,2.3787162213471262,,,,,,,,,,,2022-07-08 08:30:00
2022-07-09 00:00:00,ETHUSD,entry,long,0.0,0.2880329541716297,1219.75,0.0,-0.6903682512367338,r_trailing_stop,16.0,2022-07-09 08:00:00,1276.4328745163511,1187.9768501934595,1276.4328745163511,1187.9768501934595,0.2627026235412355,,,2022-07-09 00:00:00
2022-07-09 08:00:00,ETHUSD,exit,long,0.2880329541716297,0.0,1222.55,0.0,-0.619993402492716,,,,,,,,,,,2022-07-09 08:00:00
2022-07-11 22:30:00,ETHUSD,entry,long,0.0,0.38187539167347045,1098.05,1.0,-4.0,stop_loss,3.0,2022-07-12 00:00:00,1150.1190225187224,1089.2623909925112,1150.1190225187224,1089.2623909925112,-1.012729179722449,,,2022-07-11 22:30:00
2022-07-12 00:00:00,ETHUSD,exit,long,0.38187539167347045,0.0,1090.55,1.0,-2.302492565164749,,,,,,,,,,,2022-07-12 00:00:00
2022-07-12 00:30:00,ETHUSD,entry,long,0.0,0.3710812652559193,1084.55,1.0,-1.4493060736316858,stop_loss,13.0,2022-07-12 07:00:00,1134.7367042660248,1073.01531829359,1134.7367042660248,1073.01531829359,-1.0123693755085375,,,2022-07-12 00:30:00
2022-07-12 07:00:00,ETHUSD,exit,long,0.3710812652559193,0.0,1063.55,0.0,-2.7514824718860185,,,,,,,,,,,2022-07-12 07:00:00
2022-07-12 22:30:00,ETHUSD,entry,long,0.0,0.35084152200322694,1042.05,0.0,3.2692709253942627,r_trailing_stop,9.0,2022-07-13 03:00:00,1091.3466990519314,1028.7013203792274,1091.3466990519314,1028.7013203792274,0.41706659015502556,,,2022-07-12 22:30:00
2022-07-13 03:00:00,ETHUSD,exit,long,0.35084152200322694,0.0,1051.8,0.0,1.0311847826014902,,,,,,,,,,,2022-07-13 03:00:00
2022-07-13 08:00:00,ETHUSD,entry,short,0.0,-0.38409058990861583,1069.65,0.0,0.7808478754378089,stop_loss,8.0,2022-07-13 12:00:00,1085.292936948873,1026.8676576278172,1026.8676576278172,1085.292936948873,-1.0128030196636206,,,2022-07-13 08:00:00
2022-07-13 12:00:00,ETHUSD,exit,short,-0.38409058990861583,0.0,1098.85,-1.0,1.2094700130445597,,,,,,,,,,,2022-07-13 12:00:00
2022-07-15 00:30:00,ETHUSD,entry,long,0.0,0.2935879156334238,1181.55,0.0,3.796532746336262,r_trailing_stop,4.0,2022-07-15 02:30:00,1244.2301800567657,1159.5579279772937,1244.2301800567657,1159.5579279772937,1.0732131574191528,,,2022-07-15 00:30:00
2022-07-15 02:30:00,ETHUSD,exit,long,0.2935879156334238,0.0,1194.95,1.0,2.6609459373388304,,,,,,,,,,,2022-07-15 02:30:00
2022-07-15 03:00:00,ETHUSD,entry,long,0.0,0.2917153629686703,1193.85,0.0,2.709059678104088,r_trailing_stop,3.0,2022-07-15 04:30:00,1256.4468837622553,1170.4212464950979,1256.4468837622553,1170.4212464950979,0.30784996938368164,,,2022-07-15 03:00:00
2022-07-15 04:30:00,ETHUSD,exit,long,0.2917153629686703,0.0,1192.25,1.0,1.5777022157414957,,,,,,,,,,,2022-07-15 04:30:00
2022-07-15 05:00:00,ETHUSD,entry,long,0.0,0.29013091382949424,1194.65,0.0,2.7040234943391317,r_trailing_stop,2.0,2022-07-15 06:00:00,1253.785107283015,1167.495957086794,1253.785107283015,1167.495957086794,0.3548116806774489,,,2022-07-15 05:00:00
2022-07-15 06:00:00,ETHUSD,exit,long,0.29013091382949424,0.0,1204.65,0.0,1.86312991615409,,,,,,,,,,,2022-07-15 06:00:00
2022-07-15 09:00:00,ETHUSD,entry,long,0.0,0.2937830850609856,1226.75,0.0,2.1247992795930375,r_trailing_stop,1.0,2022-07-15 09:30:00,1266.262220815057,1180.1451116739772,1266.262220815057,1180.1451116739772,0.7481162789687256,,,2022-07-15 09:00:00
2022-07-15 09:30:00,ETHUSD,exit,long,0.2937830850609856,0.0,1218.3,1.0,3.0355255708163638,,,,,,,,,,,2022-07-15 09:30:00
2022-07-15 10:00:00,ETHUSD,entry,long,0.0,0.2904330487330756,1219.75,0.0,2.169943363034497,r_trailing_stop,3.0,2022-07-15 11:30:00,1281.1689759213477,1193.082409631461,1281.1689759213477,1193.082409631461,0.12175158995994967,,,2022-07-15 10:00:00
2022-07-15 11:30:00,ETHUSD,exit,long,0.2904330487330756,0.0,1210.55,1.0,1.6531931069560426,,,,,,,,,,,2022-07-15 11:30:00
2022-07-15 12:00:00,ETHUSD,entry,long,0.0,0.2921566263486697,1218.25,0.0,0.7699892082384313,r_trailing_stop,1.0,2022-07-15 12:30:00,1272.6498825028539,1185.6400469988585,1272.6498825028539,1185.6400469988585,0.15256083211383586,,,2022-07-15 12:00:00
2022-07-15 12:30:00,ETHUSD,exit,long,0.2921566263486697,0.0,1227.05,1.0,-1.136433926458242,,,,,,,,,,,2022-07-15 12:30:00
2022-07-15 13:00:00,ETHUSD,entry,long,0.0,0.28950752671376057,1224.85,1.0,0.007873821558668536,r_trailing_stop,5.0,2022-07-15 15:30:00,1290.7312485048083,1201.7175005980769,1290.7312485048083,1201.7175005980769,-0.015548216231164208,,,2022-07-15 13:00:00
2022-07-15 15:30:00,ETHUSD,exit,long,0.28950752671376057,0.0,1221.95,0.0,-3.216414508735658e-14,,,,,,,,,,,2022-07-15 15:30:00
2022-07-15 19:00:00,ETHUSD,entry,long,0.0,0.2851672145637035,1250.45,0.0,-3.658837793527594,r_trailing_stop,2.0,2022-07-15 20:00:00,1320.5928597640245,1228.20285609439,1320.5928597640245,1228.20285609439,0.3144301176558719,,,2022-07-15 19:00:00
2022-07-15 20:00:00,ETHUSD,exit,long,0.2851672145637035,0.0,1276.65,0.0,-4.0,,,,,,,,,,,2022-07-15 20:00:00
2022-07-16 11:00:00,ETHUSD,entry,long,0.0,0.29281312467275583,1202.75,0.0,4.0,r_trailing_stop,4.0,2022-07-16 13:00:00,1259.212515836954,1173.3049936652183,1259.212515836954,1173.3049936652183,0.612096901849714,,,2022-07-16 11:00:00
2022-07-16 13:00:00,ETHUSD,exit,long,0.29281312467275583,0.0,1228.75,0.0,4.0,,,,,,,,,,,2022-07-16 13:00:00
2022-07-16 15:00:00,ETHUSD,entry,long,0.0,0.30484453799127664,1262.55,0.0,4.0,take_profit,2.0,2022-07-16 16:00:00,1305.893511604378,1220.1525953582488,1305.893511604378,1220.1525953582488,2.489838515400291,,,2022-07-16 15:00:00
2022-07-16 16:00:00,ETHUSD,exit,long,0.30484453799127664,0.0,1346.85,0.0,0.4429569915425524,,,,,,,,,,,2022-07-16 16:00:00
2022-07-17 09:30:00,ETHUSD,entry,short,0.0,-0.2568388194469749,1356.05,0.0,0.5882643369884148,r_trailing_stop,2.0,2022-07-17 10:30:00,1387.3192781002263,1276.476804749435,1276.476804749435,1387.3192781002263,0.3072021398533421,,,2022-07-17 09:30:00
2022-07-17 10:30:00,ETHUSD,exit,short,-0.2568388194469749,0.0,1357.25,0.0,0.17218727963705,,,,,,,,,,,2022-07-17 10:30:00
2022-07-17 12:00:00,ETHUSD,entry,short,0.0,-0.2619497334049057,1361.35,0.0,-0.5741236759419629,r_trailing_stop,2.0,2022-07-17 13:00:00,1394.373165962752,1285.0920850931202,1285.0920850931202,1394.373165962752,0.18646896420664433,,,2022-07-17 12:00:00
2022-07-17 13:00:00,ETHUSD,exit,short,-0.2619497334049057,0.0,1358.55,-1.0,0.05677818771297168,,,,,,,,,,,2022-07-17 13:00:00
2022-07-17 13:30:00,ETHUSD,entry,short,0.0,-0.25712003192822536,1338.55,0.0,1.3123215963573722,r_trailing_stop,1.0,2022-07-17 14:00:00,1390.3546475876124,1279.3883810309694,1279.3883810309694,1390.3546475876124,0.37542417659459004,,,2022-07-17 13:30:00
2022-07-17 14:00:00,ETHUSD,exit,short,-0.25712003192822536,0.0,1348.95,0.0,1.1939797312028142,,,,,,,,,,,2022-07-17 14:00:00
2022-07-17 17:30:00,ETHUSD,entry,short,0.0,-0.2579895866320612,1327.25,0.0,4.0,r_trailing_stop,1.0,2022-07-17 18:00:00,1402.3733794931322,1290.8165512671694,1290.8165512671694,1402.3733794931322,1.3461969314523023,,,2022-07-17 17:30:00
2022-07-17 18:00:00,ETHUSD,exit,short,-0.2579895866320612,0.0,1334.65,0.0,4.0,,,,,,,,,,,2022-07-17 18:00:00
2022-07-18 03:00:00,ETHUSD,entry,short,0.0,-0.2533918360835554,1415.05,-1.0,3.8203491181301943,r_trailing_stop,1.0,2022-07-18 03:30:00,1445.792671756819,1328.7433206079527,1328.7433206079527,1445.792671756819,-0.09067666668652724,,,2022-07-18 03:00:00
2022-07-18 03:30:00,ETHUSD,exit,short,-0.2533918360835554,0.0,1406.15,0.0,4.0,,,,,,,,,,,2022-07-18 03:30:00
2022-07-18 05:30:00,ETHUSD,entry,short,0.0,-0.2521833527265798,1433.45,0.0,2.0835566973798514,stop_loss,4.0,2022-07-18 07:30:00,1469.704911126662,1350.1627221833448,1350.1627221833448,1469.704911126662,-1.0084061117575527,,,2022-07-18 05:30:00
2022-07-18 07:30:00,ETHUSD,exit,short,-0.2521833527265798,0.0,1466.95,-1.0,0.2781475788287893,,,,,,,,,,,2022-07-18 07:30:00
2022-07-18 08:00:00,ETHUSD,entry,short,0.0,-0.2550178612426267,1473.75,-1.0,0.017057968930985573,stop_loss,5.0,2022-07-18 10:30:00,1501.566405859217,1380.7589853519573,1380.7589853519573,1501.566405859217,-1.0085005953747543,,,2022-07-18 08:00:00
2022-07-18 10:30:00,ETHUSD,exit,short,-0.2550178612426267,0.0,1484.75,0.0,1.6576201717333738,,,,,,,,,,,2022-07-18 10:30:00
2022-07-19 22:30:00,ETHUSD,entry,short,0.0,-0.20909698896095807,1563.65,0.0,1.3145756881344333,r_trailing_stop,3.0,2022-07-20 00:00:00,1608.1071739201434,1451.1070651996415,1451.1070651996415,1608.1071739201434,0.45449474896243874,,,2022-07-19 22:30:00
2022-07-20 00:00:00,ETHUSD,exit,short,-0.20909698896095807,0.0,1533.65,0.0,2.9542269919636652,,,,,,,,,,,2022-07-20 00:00:00
2022-07-24 23:00:00,ETHUSD,entry,long,0.0,0.2775598904486358,1610.9,1.0,-4.0,stop_loss,2.0,2022-07-25 00:00:00,1692.2123559047934,1570.7450576380827,1692.2123559047934,1570.7450576380827,-1.009251996348288,,,2022-07-24 23:00:00
2022-07-25 00:00:00,ETHUSD,exit,long,0.2775598904486358,0.0,1567.6,0.0,-2.237781306686468,,,,,,,,,,,2022-07-25 00:00:00
2022-07-26 21:30:00,ETHUSD,entry,long,0.0,0.25587906513211406,1380.35,1.0,4.0,r_trailing_stop,4.0,2022-07-26 23:30:00,1466.0319051678757,1352.3772379328495,1466.0319051678757,1352.3772379328495,0.919362910572623,,,2022-07-26 21:30:00
2022-07-26 23:30:00,ETHUSD,exit,long,0.25587906513211406,0.0,1449.65,1.0,0.19197433875564177,,,,,,,,,,,2022-07-26 23:30:00
2022-07-27 00:00:00,ETHUSD,entry,long,0.0,0.25688824381126885,1448.05,0.0,0.5398062222180936,r_trailing_stop,15.0,2022-07-27 07:30:00,1534.0850524937734,1415.5959790024906,1534.0850524937734,1415.5959790024906,0.31488460412972696,,,2022-07-27 00:00:00
2022-07-27 07:30:00,ETHUSD,exit,long,0.25688824381126885,0.0,1464.95,0.0,4.0,,,,,,,,,,,2022-07-27 07:30:00
2022-07-27 17:00:00,ETHUSD,entry,long,0.0,0.28278775959718955,1506.45,1.0,4.0,r_trailing_stop,1.0,2022-07-27 17:30:00,1563.7166695041117,1453.4433321983554,1563.7166695041117,1453.4433321983554,0.4230026490549776,,,2022-07-27 17:00:00
2022-07-27 17:30:00,ETHUSD,exit,long,0.28278775959718955,0.0,1500.35,0.0,4.0,,,,,,,,,,,2022-07-27 17:30:00
2022-07-27 22:00:00,ETHUSD,entry,long,0.0,0.26193190507360986,1631.05,1.0,-0.34997530614783073,r_trailing_stop,1.0,2022-07-27 22:30:00,1699.8735486317428,1570.9705805473031,1699.8735486317428,1570.9705805473031,0.4391817081314565,,,2022-07-27 22:00:00
2022-07-27 22:30:00,ETHUSD,exit,long,0.26193190507360986,0.0,1626.35,0.0,-0.30898888976057987,,,,,,,,,,,2022-07-27 22:30:00
2022-07-28 00:00:00,ETHUSD,entry,long,0.0,0.2687359924181877,1617.65,1.0,0.9812438551118977,r_trailing_stop,6.0,2022-07-28 03:00:00,1727.9498775474726,1600.0600489810108,1727.9498775474726,1600.0600489810108,0.6177534279744842,,,2022-07-28 00:00:00
2022-07-28 03:00:00,ETHUSD,exit,long,0.2687359924181877,0.0,1654.35,0.0,1.9865413439894573,,,,,,,,,,,2022-07-28 03:00:00
2022-07-28 08:00:00,ETHUSD,entry,long,0.0,0.2764472663759296,1623.05,0.0,4.0,r_trailing_stop,6.0,2022-07-28 11:00:00,1705.792512178421,1582.8829951286316,1705.792512178421,1582.8829951286316,0.0747899773804822,,,2022-07-28 08:00:00
2022-07-28 11:00:00,ETHUSD,exit,long,0.2764472663759296,0.0,1627.45,0.0,4.0,,,,,,,,,,,2022-07-28 11:00:00
2022-07-29 05:30:00,ETHUSD,entry,short,0.0,-0.25495422043962873,1729.35,0.0,-1.6655337896749112,r_trailing_stop,4.0,2022-07-29 07:30:00,1766.465526905749,1624.3111827356274,1624.3111827356274,1766.465526905749,0.19697787476817705,,,2022-07-29 05:30:00
2022-07-29 07:30:00,ETHUSD,exit,short,-0.25495422043962873,0.0,1716.05,0.0,0.41584680896612697,,,,,,,,,,,2022-07-29 07:30:00
2022-07-29 08:30:00,ETHUSD,entry,short,0.0,-0.25325923407691936,1720.15,0.0,0.6406872840211607,r_trailing_stop,7.0,2022-07-29 12:00:00,1757.0122883368283,1614.694279157929,1614.694279157929,1757.0122883368283,0.8326321853690477,,,2022-07-29 08:30:00
2022-07-29 12:00:00,ETHUSD,exit,short,-0.25325923407691936,0.0,1679.65,0.0,2.549035882758762,,,,,,,,,,,2022-07-29 12:00:00
2022-07-29 14:30:00,ETHUSD,entry,short,0.0,-0.2470819919596971,1724.7,0.0,-0.4798629133263765,r_trailing_stop,2.0,2022-07-29 15:30:00,1777.8999758739956,1630.375060315011,1630.375060315011,1777.8999758739956,0.304013036985486,,,2022-07-29 14:30:00
2022-07-29 15:30:00,ETHUSD,exit,short,-0.2470819919596971,0.0,1722.55,0.0,-0.7050372048069737,,,,,,,,,,,2022-07-29 15:30:00
2022-07-29 23:30:00,ETHUSD,entry,short,0.0,-0.24363254615250513,1722.25,0.0,-0.7369533985650539,r_trailing_stop,1.0,2022-07-30 00:00:00,1805.1882917817682,1653.3292705455794,1653.3292705455794,1805.1882917817682,0.6914438368998747,,,2022-07-29 23:30:00
2022-07-30 00:00:00,ETHUSD,exit,short,-0.24363254615250513,0.0,1730.2,0.0,-0.7468253329684503,,,,,,,,,,,2022-07-30 00:00:00
2022-07-30 10:00:00,ETHUSD,entry,long,0.0,0.25855410004307866,1686.75,1.0,0.08335434715808175,r_trailing_stop,7.0,2022-07-30 13:30:00,1800.0008134690113,1661.8196746123954,1800.0008134690113,1661.8196746123954,0.6481696449729148,,,2022-07-30 10:00:00
2022-07-30 13:30:00,ETHUSD,exit,long,0.25855410004307866,0.0,1727.1999999999998,0.0,-1.559443102620146,,,,,,,,,,,2022-07-30 13:30:00
2022-08-02 15:00:00,ETHUSD,entry,long,0.0,0.29764543660448123,1617.15,1.0,0.03901747471058322,r_trailing_stop,1.0,2022-08-02 15:30:00,1705.9473828388377,1591.3610468644647,1705.9473828388377,1591.3610468644647,-0.21915239532238728,,,2022-08-02 15:00:00
2022-08-02 15:30:00,ETHUSD,exit,long,0.29764543660448123,0.0,1630.75,1.0,-0.6303407200545545,,,,,,,,,,,2022-08-02 15:30:00
2022-08-02 16:00:00,ETHUSD,entry,long,0.0,0.29092305673433416,1671.15,1.0,-2.8806902158621575,r_trailing_stop,1.0,2022-08-02 16:30:00,1714.9366663323249,1597.21533346707,1714.9366663323249,1597.21533346707,1.0217338975554535,,,2022-08-02 16:00:00
2022-08-02 16:30:00,ETHUSD,exit,long,0.29092305673433416,0.0,1669.2,0.0,-3.1486676875046724,,,,,,,,,,,2022-08-02 16:30:00
2022-08-03 23:00:00,ETHUSD,entry,short,0.0,-0.3303601434489277,1613.7,-1.0,0.3158015734243427,r_trailing_stop,1.0,2022-08-03 23:30:00,1651.509667556733,1548.4008311081677,1548.4008311081677,1651.509667556733,0.21075787100938528,,,2022-08-03 23:00:00
2022-08-03 23:30:00,ETHUSD,exit,short,-0.3303601434489277,0.0,1618.85,0.0,-0.1775884301656583,,,,,,,,,,,2022-08-03 23:30:00
2022-08-11 20:30:00,ETHUSD,entry,long,0.0,0.3376228458135863,1902.65,0.0,-0.8730919109106722,stop_loss,7.0,2022-08-12 00:00:00,1980.9148841829506,1862.94404632682,1980.9148841829506,1862.94404632682,-1.011254094860453,,,2022-08-11 20:30:00
2022-08-12 00:00:00,ETHUSD,exit,long,0.3376228458135863,0.0,1876.15,1.0,0.18599225730322172,,,,,,,,,,,2022-08-12 00:00:00
2022-08-12 00:30:00,ETHUSD,entry,long,0.0,0.3376929264206982,1886.55,0.0,-0.30099103449348547,r_trailing_stop,2.0,2022-08-12 01:30:00,1959.695690116519,1843.0117239533922,1959.695690116519,1843.0117239533922,0.19470262193919294,,,2022-08-12 00:30:00
2022-08-12 01:30:00,ETHUSD,exit,long,0.3376929264206982,0.0,1881.25,0.0,0.20826318448149694,,,,,,,,,,,2022-08-12 01:30:00
2022-08-12 09:30:00,ETHUSD,entry,long,0.0,0.37501264278092983,1893.95,0.0,1.9716158097325711,stop_loss,3.0,2022-08-12 11:00:00,1977.401435995614,1870.9294256017542,1977.401435995614,1870.9294256017542,-1.012500421426031,,,2022-08-12 09:30:00
2022-08-12 11:00:00,ETHUSD,exit,long,0.37501264278092983,0.0,1870.05,0.0,4.0,,,,,,,,,,,2022-08-12 11:00:00
2022-08-12 12:00:00,ETHUSD,entry,long,0.0,0.3727922886814365,1879.25,1.0,4.0,r_trailing_stop,3.0,2022-08-12 13:30:00,1944.7748661022167,1839.4600535591132,1944.7748661022167,1839.4600535591132,0.3324299373915481,,,2022-08-12 12:00:00
2022-08-12 13:30:00,ETHUSD,exit,long,0.3727922886814365,0.0,1884.65,1.0,4.0,,,,,,,,,,,2022-08-12 13:30:00
2022-08-12 14:00:00,ETHUSD,entry,long,0.0,0.37820790515430414,1885.35,1.0,4.0,r_trailing_stop,4.0,2022-08-12 16:00:00,1959.2926206981763,1854.6529517207293,1959.2926206981763,1854.6529517207293,0.42975584455023114,,,2022-08-12 14:00:00
2022-08-12 16:00:00,ETHUSD,exit,long,0.37820790515430414,0.0,1899.45,0.0,4.0,,,,,,,,,,,2022-08-12 16:00:00
2022-08-12 19:00:00,ETHUSD,entry,long,0.0,0.39855583078164925,1926.65,1.0,4.0,r_trailing_stop,1.0,2022-08-12 19:30:00,1985.0493230151012,1884.2502707939595,1985.0493230151012,1884.2502707939595,0.28534413636651523,,,2022-08-12 19:00:00
2022-08-12 19:30:00,ETHUSD,exit,long,0.39855583078164925,0.0,1927.55,0.0,4.0,,,,,,,,,,,2022-08-12 19:30:00
2022-08-12 21:00:00,ETHUSD,entry,long,0.0,0.40394738091502913,1924.8,0.0,4.0,r_trailing_stop,5.0,2022-08-12 23:30:00,2004.831007551821,1904.3375969792717,2004.831007551821,1904.3375969792717,0.6786301975593493,,,2022-08-12 21:00:00
2022-08-12 23:30:00,ETHUSD,exit,long,0.40394738091502913,0.0,1959.95,1.0,1.8837881063524482,,,,,,,,,,,2022-08-12 23:30:00
2022-08-13 00:00:00,ETHUSD,entry,long,0.0,0.4072202867724931,1953.6,0.0,1.3156246834838037,r_trailing_stop,2.0,2022-08-13 01:00:00,2032.1967960707843,1931.1212815716863,2032.1967960707843,1931.1212815716863,0.21775565929249624,,,2022-08-13 00:00:00
2022-08-13 01:00:00,ETHUSD,exit,long,0.4072202867724931,0.0,1964.5,0.0,1.3610495724150706,,,,,,,,,,,2022-08-13 01:00:00
2022-08-13 03:00:00,ETHUSD,entry,long,0.0,0.41072060955291456,1973.8,0.0,0.5459198442482757,r_trailing_stop,2.0,2022-08-13 04:00:00,2051.2754089022055,1950.0898364391178,2051.2754089022055,1950.0898364391178,0.45245944005004324,,,2022-08-13 03:00:00
2022-08-13 04:00:00,ETHUSD,exit,long,0.41072060955291456,0.0,1999.0,1.0,-0.7331796745013829,,,,,,,,,,,2022-08-13 04:00:00
2022-08-13 04:30:00,ETHUSD,entry,long,0.0,0.4033833583014454,1993.55,0.0,-0.18880718450696077,r_trailing_stop,4.0,2022-08-13 06:30:00,2073.281896403106,1969.2172414387576,2073.281896403106,1969.2172414387576,0.46806401225222033,,,2022-08-13 04:30:00
2022-08-13 06:30:00,ETHUSD,exit,long,0.4033833583014454,0.0,2006.3,1.0,-1.4631533494049402,,,,,,,,,,,2022-08-13 06:30:00
2022-08-13 07:00:00,ETHUSD,entry,long,0.0,0.40304686002052503,2007.75,0.0,-2.011886551647315,stop_loss,9.0,2022-08-13 11:30:00,2081.3305222560653,1976.777791097574,2081.3305222560653,1976.777791097574,-1.0134348953340175,,,2022-08-13 07:00:00
2022-08-13 11:30:00,ETHUSD,exit,long,0.40304686002052503,0.0,1987.15,0.0,-0.17964359449290354,,,,,,,,,,,2022-08-13 11:30:00
2022-08-13 12:30:00,ETHUSD,entry,long,0.0,0.40610904506442164,1981.45,1.0,0.3812959591648167,r_trailing_stop,2.0,2022-08-13 13:30:00,2045.3042010072852,1943.308319597086,2045.3042010072852,1943.308319597086,0.2305879608915412,,,2022-08-13 12:30:00
2022-08-13 13:30:00,ETHUSD,exit,long,0.40610904506442164,0.0,1979.25,0.0,0.7031790721127047,,,,,,,,,,,2022-08-13 13:30:00
2022-08-17 00:30:00,ETHUSD,entry,short,0.0,-0.38267010336834223,1895.55,0.0,-1.577811409281506,stop_loss,9.0,2022-08-17 05:00:00,1910.645118381735,1807.4122040456627,1807.4122040456627,1910.645118381735,-1.012755670112278,,,2022-08-17 00:30:00
2022-08-17 05:00:00,ETHUSD,exit,short,-0.38267010336834223,0.0,1912.55,-1.0,-4.0,,,,,,,,,,,2022-08-17 05:00:00
2022-08-17 05:30:00,ETHUSD,entry,short,0.0,-0.41104190707032556,1924.85,-1.0,-4.0,stop_loss,1.0,2022-08-17 06:00:00,1940.6705107863527,1842.9487230341183,1842.9487230341183,1940.6705107863527,-1.0137013969023443,,,2022-08-17 05:30:00
2022-08-17 06:00:00,ETHUSD,exit,short,-0.41104190707032556,0.0,1947.1,0.0,-4.0,,,,,,,,,,,2022-08-17 06:00:00
2022-08-18 01:00:00,ETHUSD,entry,long,0.0,0.35476875861322327,1854.35,0.0,0.8538487099420666,r_trailing_stop,2.0,2022-08-18 02:00:00,1925.7184907834976,1816.3526036866008,1925.7184907834976,1816.3526036866008,0.18299113839214315,,,2022-08-18 01:00:00
2022-08-18 02:00:00,ETHUSD,exit,long,0.35476875861322327,0.0,1845.25,1.0,0.743621045694587,,,,,,,,,,,2022-08-18 02:00:00
2022-08-18 02:30:00,ETHUSD,entry,long,0.0,0.35334766867193795,1852.45,0.0,0.5599136061360065,r_trailing_stop,16.0,2022-08-18 10:30:00,1923.6871519162319,1814.0151392335072,1923.6871519162319,1814.0151392335072,0.20842377595574646,,,2022-08-18 02:30:00
2022-08-18 10:30:00,ETHUSD,exit,long,0.35334766867193795,0.0,1848.25,0.0,1.3680784189024158,,,,,,,,,,,2022-08-18 10:30:00
2022-08-21 10:00:00,ETHUSD,entry,short,0.0,-0.3127274332855198,1623.65,-1.0,-0.8818884605936865,r_trailing_stop,9.0,2022-08-21 14:30:00,1648.1766991867685,1539.5832520330791,1539.5832520330791,1648.1766991867685,0.12977758206768014,,,2022-08-21 10:00:00
2022-08-21 14:30:00,ETHUSD,exit,short,-0.3127274332855198,0.0,1617.85,0.0,-0.7102790184167184,,,,,,,,,,,2022-08-21 14:30:00
2022-08-21 16:30:00,ETHUSD,entry,short,0.0,-0.3321642717315715,1623.75,-1.0,-1.1017699795095963,stop_loss,9.0,2022-08-21 21:00:00,1643.7141841836274,1541.6395395409315,1541.6395395409315,1643.7141841836274,-1.0110721423910523,,,2022-08-21 16:30:00
2022-08-21 21:00:00,ETHUSD,exit,short,-0.3321642717315715,0.0,1641.35,-1.0,-4.0,,,,,,,,,,,2022-08-21 21:00:00
2022-08-21 21:30:00,ETHUSD,entry,short,0.0,-0.3377957285306568,1621.7,-1.0,-3.905174032927718,r_trailing_stop,2.0,2022-08-21 22:30:00,1670.300457416475,1568.273856458813,1568.273856458813,1670.300457416475,1.055618769899954,,,2022-08-21 21:30:00
2022-08-21 22:30:00,ETHUSD,exit,short,-0.3377957285306568,0.0,1618.55,-1.0,-2.959535730477378,,,,,,,,,,,2022-08-21 22:30:00
2022-08-21 23:00:00,ETHUSD,entry,short,0.0,-0.31583450332299157,1621.7,-1.0,-3.2191263211861125,r_trailing_stop,3.0,2022-08-22 00:30:00,1649.3999652438797,1541.7750868903008,1541.7750868903008,1649.3999652438797,0.2366269341214425,,,2022-08-21 23:00:00
2022-08-22 00:30:00,ETHUSD,exit,short,-0.31583450332299157,0.0,1610.25,0.0,-3.208809072277716,,,,,,,,,,,2022-08-22 00:30:00
2022-08-22 01:30:00,ETHUSD,entry,short,0.0,-0.31246648902946905,1605.65,0.0,-2.5162653977813223,r_trailing_stop,6.0,2022-08-22 04:30:00,1634.6472225434145,1526.8569436414632,1526.8569436414632,1634.6472225434145,0.3013008717561813,,,2022-08-22 01:30:00
2022-08-22 04:30:00,ETHUSD,exit,short,-0.31246648902946905,0.0,1607.55,-1.0,-1.7087836014154545,,,,,,,,,,,2022-08-22 04:30:00
2022-08-22 05:00:00,ETHUSD,entry,short,0.0,-0.32003359193536035,1602.35,0.0,-1.6761637448016788,r_trailing_stop,3.0,2022-08-22 06:30:00,1637.8921483340673,1532.3946291648317,1532.3946291648317,1637.8921483340673,0.31662807954187705,,,2022-08-22 05:00:00
2022-08-22 06:30:00,ETHUSD,exit,short,-0.32003359193536035,0.0,1584.45,0.0,-1.7614186209949363,,,,,,,,,,,2022-08-22 06:30:00
2022-08-22 07:30:00,ETHUSD,entry,short,0.0,-0.31519870336271266,1556.45,0.0,0.6845916511430337,r_trailing_stop,2.0,2022-08-22 08:30:00,1602.5863541135566,1497.809114716109,1497.809114716109,1602.5863541135566,1.105693407265542,,,2022-08-22 07:30:00
2022-08-22 08:30:00,ETHUSD,exit,short,-0.31519870336271266,0.0,1563.55,0.0,0.9920764221661358,,,,,,,,,,,2022-08-22 08:30:00
2022-08-26 15:30:00,ETHUSD,entry,long,0.0,0.31962119175333836,1593.5,1.0,-4.0,stop_loss,1.0,2022-08-26 16:00:00,1675.1935814622789,1570.0625674150883,1675.1935814622789,1570.0625674150883,-1.0106540397251111,,,2022-08-26 15:30:00
2022-08-26 16:00:00,ETHUSD,exit,long,0.31962119175333836,0.0,1569.55,1.0,-4.0,,,,,,,,,,,2022-08-26 16:00:00
2022-08-26 16:30:00,ETHUSD,entry,long,0.0,0.30348490204699946,1580.75,1.0,-4.0,r_trailing_stop,1.0,2022-08-26 17:00:00,1647.0738754752092,1538.4704498099163,1647.0738754752092,1538.4704498099163,0.1781677635156887,,,2022-08-26 16:30:00
2022-08-26 17:00:00,ETHUSD,exit,long,0.30348490204699946,0.0,1578.55,0.0,-4.0,,,,,,,,,,,2022-08-26 17:00:00
2022-08-26 18:00:00,ETHUSD,entry,long,0.0,0.30470145481213456,1542.65,0.0,-3.1628115030135175,stop_loss,10.0,2022-08-26 23:00:00,1645.6624636375811,1537.5650145449677,1645.6624636375811,1537.5650145449677,-1.0101567151604045,,,2022-08-26 18:00:00
2022-08-26 23:00:00,ETHUSD,exit,long,0.30470145481213456,0.0,1513.9,0.0,-0.9697451928562895,,,,,,,,,,,2022-08-26 23:00:00
2022-08-27 13:30:00,ETHUSD,entry,short,0.0,-0.315596485279155,1500.25,0.0,-0.429177539306432,r_trailing_stop,5.0,2022-08-27 16:00:00,1527.7531691403128,1427.992077149218,1427.992077149218,1527.7531691403128,1.0086650315433836,,,2022-08-27 13:30:00
2022-08-27 16:00:00,ETHUSD,exit,short,-0.315596485279155,0.0,1453.15,0.0,2.1958535162829134,,,,,,,,,,,2022-08-27 16:00:00
2022-08-27 17:00:00,ETHUSD,entry,long,0.0,0.30125770938026153,1470.05,0.0,0.9835899967800915,r_trailing_stop,2.0,2022-08-27 18:00:00,1542.9306998245884,1440.4777200701647,1542.9306998245884,1440.4777200701647,0.10610891968255562,,,2022-08-27 17:00:00
2022-08-27 18:00:00,ETHUSD,exit,long,0.30125770938026153,0.0,1473.95,0.0,1.4509244959181655,,,,,,,,,,,2022-08-27 18:00:00
2022-08-27 22:00:00,ETHUSD,entry,long,0.0,0.3168507838581678,1469.85,1.0,0.9811012552628218,r_trailing_stop,2.0,2022-08-27 23:00:00,1531.5789592372253,1434.6584163051098,1531.5789592372253,1434.6584163051098,0.7802923169030342,,,2022-08-27 22:00:00
2022-08-27 23:00:00,ETHUSD,exit,long,0.3168507838581678,0.0,1492.95,0.0,-0.8548693150190568,,,,,,,,,,,2022-08-27 23:00:00
2022-08-28 11:30:00,ETHUSD,entry,short,0.0,-0.3643253798485051,1485.45,0.0,-4.0,r_trailing_stop,3.0,2022-08-28 13:00:00,1505.136168220546,1419.7845794486348,1419.7845794486348,1505.136168220546,0.2914314496577405,,,2022-08-28 11:30:00
2022-08-28 13:00:00,ETHUSD,exit,short,-0.3643253798485051,0.0,1472.05,0.0,-3.390870008671853,,,,,,,,,,,2022-08-28 13:00:00
2022-08-28 15:00:00,ETHUSD,entry,short,0.0,-0.36452141857596054,1482.65,0.0,-2.3401404147550973,r_trailing_stop,15.0,2022-08-28 22:30:00,1499.7358157267795,1414.7354606830515,1414.7354606830515,1499.7358157267795,0.26698166722376576,,,2022-08-28 15:00:00
2022-08-28 22:30:00,ETHUSD,exit,short,-0.36452141857596054,0.0,1464.45,0.0,-1.1966208409194383,,,,,,,,,,,2022-08-28 22:30:00
2022-08-29 00:00:00,ETHUSD,entry,long,0.0,0.352420219167933,1435.95,1.0,4.0,r_trailing_stop,1.0,2022-08-29 00:30:00,1487.0594849736895,1402.0662060105242,1487.0594849736895,1402.0662060105242,0.24062781050813217,,,2022-08-29 00:00:00
2022-08-29 00:30:00,ETHUSD,exit,long,0.352420219167933,0.0,1431.85,1.0,3.5685389063793607,,,,,,,,,,,2022-08-29 00:30:00
2022-08-29 01:00:00,ETHUSD,entry,long,0.0,0.3475926788142578,1431.25,1.0,4.0,r_trailing_stop,6.0,2022-08-29 04:00:00,1493.7443107238971,1407.2322757104412,1493.7443107238971,1407.2322757104412,0.9602263644943303,,,2022-08-29 01:00:00
2022-08-29 04:00:00,ETHUSD,exit,long,0.3475926788142578,0.0,1450.5,0.0,4.0,,,,,,,,,,,2022-08-29 04:00:00
2022-08-29 23:30:00,ETHUSD,entry,long,0.0,0.3610153034669837,1552.15,0.0,2.5509967492420644,r_trailing_stop,1.0,2022-08-30 00:00:00,1608.3086375357584,1518.4865449856968,1608.3086375357584,1518.4865449856968,0.29579688299057866,,,2022-08-29 23:30:00
2022-08-30 00:00:00,ETHUSD,exit,long,0.3610153034669837,0.0,1543.15,0.0,2.6666441135104924,,,,,,,,,,,2022-08-30 00:00:00
2022-09-06 01:30:00,ETHUSD,entry,long,0.0,0.48036916970548615,1639.55,1.0,0.8801817522262754,stop_loss,1.0,2022-09-06 02:00:00,1710.9585913283286,1638.4265634686687,1710.9585913283286,1638.4265634686687,-1.0160123056568495,,,2022-09-06 01:30:00
2022-09-06 02:00:00,ETHUSD,exit,long,0.48036916970548615,0.0,1629.35,1.0,2.345103413329411,,,,,,,,,,,2022-09-06 02:00:00
2022-09-06 02:30:00,ETHUSD,entry,long,0.0,0.451298540898852,1644.15,1.0,2.002608437878214,r_trailing_stop,1.0,2022-09-06 03:00:00,1683.2987458641642,1607.4905016543344,1683.2987458641642,1607.4905016543344,0.535960269518865,,,2022-09-06 02:30:00
2022-09-06 03:00:00,ETHUSD,exit,long,0.451298540898852,0.0,1637.4,1.0,2.2682104014001188,,,,,,,,,,,2022-09-06 03:00:00
2022-09-06 03:30:00,ETHUSD,entry,long,0.0,0.44039142629804523,1640.3,0.0,2.66140672438683,r_trailing_stop,2.0,2022-09-06 04:30:00,1693.222543544881,1615.1409825820476,1693.222543544881,1615.1409825820476,0.31132818817924646,,,2022-09-06 03:30:00
2022-09-06 04:30:00,ETHUSD,exit,long,0.44039142629804523,0.0,1640.75,0.0,1.9188871560582947,,,,,,,,,,,2022-09-06 04:30:00
2022-09-06 06:00:00,ETHUSD,entry,long,0.0,0.43853356146554984,1662.1,1.0,-4.0,r_trailing_stop,1.0,2022-09-06 06:30:00,1708.8167690180244,1629.6932923927905,1708.8167690180244,1629.6932923927905,0.42330533779045004,,,2022-09-06 06:00:00
2022-09-06 06:30:00,ETHUSD,exit,long,0.43853356146554984,0.0,1666.7,1.0,-4.0,,,,,,,,,,,2022-09-06 06:30:00
2022-09-06 07:00:00,ETHUSD,entry,long,0.0,0.43225668855643284,1665.9,0.0,-4.0,r_trailing_stop,9.0,2022-09-06 11:30:00,1724.485426638485,1643.5158293446061,1724.485426638485,1643.5158293446061,-0.07276379279269188,,,2022-09-06 07:00:00
2022-09-06 11:30:00,ETHUSD,exit,long,0.43225668855643284,0.0,1668.4499999999998,1.0,-4.0,,,,,,,,,,,2022-09-06 11:30:00
2022-09-06 12:00:00,ETHUSD,entry,long,0.0,0.42685713047655904,1678.5500000000002,1.0,-4.0,r_trailing_stop,1.0,2022-09-06 12:30:00,1726.9250017003621,1644.849999319855,1726.9250017003621,1644.849999319855,0.43779700222749107,,,2022-09-06 12:00:00
2022-09-06 12:30:00,ETHUSD,exit,long,0.42685713047655904,0.0,1665.9,0.0,-4.0,,,,,,,,,,,2022-09-06 12:30:00
2022-09-06 14:00:00,ETHUSD,entry,long,0.0,0.4034727127306897,1654.75,1.0,-4.0,r_trailing_stop,2.0,2022-09-06 15:00:00,1710.0978256512435,1624.2808697395028,1710.0978256512435,1624.2808697395028,0.5930022608389129,,,2022-09-06 14:00:00
2022-09-06 15:00:00,ETHUSD,exit,long,0.4034727127306897,0.0,1662.7,1.0,-4.0,,,,,,,,,,,2022-09-06 15:00:00
2022-09-06 15:30:00,ETHUSD,entry,long,0.0,0.39420109371214945,1669.7,1.0,-4.0,r_trailing_stop,1.0,2022-09-06 16:00:00,1725.812762071914,1637.2448951712342,1725.812762071914,1637.2448951712342,0.1537493299368073,,,2022-09-06 15:30:00
2022-09-06 16:00:00,ETHUSD,exit,long,0.39420109371214945,0.0,1656.5,1.0,-4.0,,,,,,,,,,,2022-09-06 16:00:00
2022-09-06 16:30:00,ETHUSD,entry,long,0.0,0.386121674114062,1662.1,1.0,-4.0,r_trailing_stop,1.0,2022-09-06 17:00:00,1720.799534526933,1630.7101861892268,1720.799534526933,1630.7101861892268,0.16836028292542876,,,2022-09-06 16:30:00
2022-09-06 17:00:00,ETHUSD,exit,long,0.386121674114062,0.0,1597.45,0.0,-4.0,,,,,,,,,,,2022-09-06 17:00:00
2022-09-07 16:30:00,ETHUSD,entry,short,0.0,-0.3474372790176917,1554.35,-1.0,4.0,stop_loss,2.0,2022-09-07 17:30:00,1570.5112150146624,1477.1969624633434,1477.1969624633434,1570.5112150146624,-1.011581242633923,,,2022-09-07 16:30:00
2022-09-07 17:30:00,ETHUSD,exit,short,-0.3474372790176917,0.0,1569.45,0.0,4.0,,,,,,,,,,,2022-09-07 17:30:00
2022-09-07 20:30:00,ETHUSD,entry,long,0.0,0.33455862664624353,1639.65,1.0,-1.0302581395758692,r_trailing_stop,1.0,2022-09-07 21:00:00,1711.074350901507,1608.2802596393974,1711.074350901507,1608.2802596393974,0.05864777757144494,,,2022-09-07 20:30:00
2022-09-07 21:00:00,ETHUSD,exit,long,0.33455862664624353,0.0,1637.1999999999998,0.0,-1.1552902485269865,,,,,,,,,,,2022-09-07 21:00:00
2022-09-08 01:00:00,ETHUSD,entry,long,0.0,0.3293606425528704,1626.85,0.0,-0.9052379616851182,r_trailing_stop,8.0,2022-09-08 05:00:00,1701.9868179596028,1598.1952728161586,1701.9868179596028,1598.1952728161586,0.38645752379901643,,,2022-09-08 01:00:00
2022-09-08 05:00:00,ETHUSD,exit,long,0.3293606425528704,0.0,1637.75,0.0,-0.314184313618441,,,,,,,,,,,2022-09-08 05:00:00
2022-09-08 07:30:00,ETHUSD,entry,long,0.0,0.3421780473889266,1613.45,1.0,2.5878439561262154,r_trailing_stop,1.0,2022-09-08 08:00:00,1672.9050914164168,1574.5479634334333,1672.9050914164168,1574.5479634334333,0.13715730093002496,,,2022-09-08 07:30:00
2022-09-08 08:00:00,ETHUSD,exit,long,0.3421780473889266,0.0,1616.55,0.0,1.9147391392841833,,,,,,,,,,,2022-09-08 08:00:00
2022-09-08 10:30:00,ETHUSD,entry,long,0.0,0.3516036711795985,1637.35,0.0,-0.38244955940601794,r_trailing_stop,2.0,2022-09-08 11:30:00,1703.3442381681875,1605.7723047327252,1703.3442381681875,1605.7723047327252,0.0528476255255386,,,2022-09-08 10:30:00
2022-09-08 11:30:00,ETHUSD,exit,long,0.3516036711795985,0.0,1636.0,0.0,-0.025754730417158457,,,,,,,,,,,2022-09-08 11:30:00
2022-09-08 12:30:00,ETHUSD,entry,long,0.0,0.35319959018119046,1617.95,1.0,1.569378175296998,stop_loss,1.0,2022-09-08 13:00:00,1696.9830077350139,1600.1967969059942,1696.9830077350139,1600.1967969059942,-1.0117733196727128,,,2022-09-08 12:30:00
2022-09-08 13:00:00,ETHUSD,exit,long,0.35319959018119046,0.0,1613.55,1.0,1.9862290086874919,,,,,,,,,,,2022-09-08 13:00:00
2022-09-08 13:30:00,ETHUSD,entry,long,0.0,0.3427679036341602,1635.35,1.0,-0.1501609933187367,r_trailing_stop,1.0,2022-09-08 14:00:00,1684.5786958123092,1585.6985216750763,1684.5786958123092,1585.6985216750763,0.7495965257618866,,,2022-09-08 13:30:00
2022-09-08 14:00:00,ETHUSD,exit,long,0.3427679036341602,0.0,1636.55,1.0,0.47082280738132426,,,,,,,,,,,2022-09-08 14:00:00
2022-09-08 14:30:00,ETHUSD,entry,long,0.0,0.3302250141932484,1643.85,1.0,-0.22811561784751247,r_trailing_stop,2.0,2022-09-08 15:30:00,1710.7834058444016,1606.7166376622395,1710.7834058444016,1606.7166376622395,0.01926152829585534,,,2022-09-08 14:30:00
2022-09-08 15:30:00,ETHUSD,exit,long,0.3302250141932484,0.0,1629.85,0.0,2.887808740087867,,,,,,,,,,,2022-09-08 15:30:00
2022-09-08 20:00:00,ETHUSD,entry,long,0.0,0.33098051245883325,1643.35,0.0,4.0,r_trailing_stop,1.0,2022-09-08 20:30:00,1724.5164864500985,1619.8434054199606,1724.5164864500985,1619.8434054199606,-0.2283760520349732,,,2022-09-08 20:00:00
2022-09-08 20:30:00,ETHUSD,exit,long,0.33098051245883325,0.0,1645.15,0.0,4.0,,,,,,,,,,,2022-09-08 20:30:00
2022-09-09 04:30:00,ETHUSD,entry,long,0.0,0.35475527916217975,1696.9,1.0,1.3580686550472327,r_trailing_stop,3.0,2022-09-09 06:00:00,1767.763520543184,1667.3645917827264,1767.763520543184,1667.3645917827264,0.3925616088398264,,,2022-09-09 04:30:00
2022-09-09 06:00:00,ETHUSD,exit,long,0.35475527916217975,0.0,1710.65,0.0,-0.5937274393438526,,,,,,,,,,,2022-09-09 06:00:00
2022-09-14 08:00:00,ETHUSD,entry,long,0.0,0.303239490559425,1587.05,1.0,0.6861797405720885,stop_loss,20.0,2022-09-14 18:00:00,1691.5815348188858,1579.9573860724456,1691.5815348188858,1579.9573860724456,-1.0101079830186475,,,2022-09-14 08:00:00
2022-09-14 18:00:00,ETHUSD,exit,long,0.303239490559425,0.0,1584.05,1.0,0.5039392453771536,,,,,,,,,,,2022-09-14 18:00:00
2022-09-14 18:30:00,ETHUSD,entry,long,0.0,0.2974900442934533,1579.45,0.0,1.5127798754675166,r_trailing_stop,5.0,2022-09-14 21:00:00,1664.4459509937558,1552.5916196024975,1664.4459509937558,1552.5916196024975,0.365976496383552,,,2022-09-14 18:30:00
2022-09-14 21:00:00,ETHUSD,exit,long,0.2974900442934533,0.0,1600.8000000000002,0.0,-0.8040917456170334,,,,,,,,,,,2022-09-14 21:00:00
2022-09-14 22:00:00,ETHUSD,entry,long,0.0,0.3116139886604052,1617.85,0.0,-1.5627186464387994,r_trailing_stop,2.0,2022-09-14 23:00:00,1699.9725541384892,1590.6709783446045,1699.9725541384892,1590.6709783446045,0.5450305672547735,,,2022-09-14 22:00:00
2022-09-14 23:00:00,ETHUSD,exit,long,0.3116139886604052,0.0,1629.85,1.0,-2.3087447082945047,,,,,,,,,,,2022-09-14 23:00:00
2022-09-14 23:30:00,ETHUSD,entry,long,0.0,0.30843503320112375,1638.65,0.0,-2.98065659530346,r_trailing_stop,2.0,2022-09-15 00:30:00,1709.008992554387,1598.0464029782452,1709.008992554387,1598.0464029782452,0.43761753565312644,,,2022-09-14 23:30:00
2022-09-15 00:30:00,ETHUSD,exit,long,0.30843503320112375,0.0,1628.45,1.0,-2.4724963491976686,,,,,,,,,,,2022-09-15 00:30:00
2022-09-15 01:00:00,ETHUSD,entry,long,0.0,0.3065738569526198,1619.55,1.0,-2.3752029736554934,stop_loss,4.0,2022-09-15 03:00:00,1708.0216662105172,1596.481333515793,1708.0216662105172,1596.481333515793,-1.0102191285650874,,,2022-09-15 01:00:00
2022-09-15 03:00:00,ETHUSD,exit,long,0.3065738569526198,0.0,1602.55,0.0,-4.0,,,,,,,,,,,2022-09-15 03:00:00
2022-09-16 09:00:00,ETHUSD,entry,long,0.0,0.26800303310608337,1460.95,0.0,-0.9917261537437005,r_trailing_stop,4.0,2022-09-16 11:00:00,1532.7925506818108,1419.0529797272757,1532.7925506818108,1419.0529797272757,0.43345496505093556,,,2022-09-16 09:00:00
2022-09-16 11:00:00,ETHUSD,exit,long,0.26800303310608337,0.0,1468.85,0.0,-2.5754666996535227,,,,,,,,,,,2022-09-16 11:00:00
2022-09-16 12:00:00,ETHUSD,entry,long,0.0,0.2865987981309479,1466.65,0.0,-1.1530194469611512,stop_loss,3.0,2022-09-16 13:30:00,1556.039542959165,1447.6941828163342,1556.039542959165,1447.6941828163342,-1.0095532932710316,,,2022-09-16 12:00:00
2022-09-16 13:30:00,ETHUSD,exit,long,0.2865987981309479,0.0,1430.85,1.0,0.9329062012017503,,,,,,,,,,,2022-09-16 13:30:00
2022-09-16 14:00:00,ETHUSD,entry,long,0.0,0.2714946806865326,1438.1,1.0,0.1954731080446284,r_trailing_stop,1.0,2022-09-16 14:30:00,1509.7985100692604,1399.1305959722959,1509.7985100692604,1399.1305959722959,0.2344715287329309,,,2022-09-16 14:00:00
2022-09-16 14:30:00,ETHUSD,exit,long,0.2714946806865326,0.0,1447.15,1.0,-0.4657240553011741,,,,,,,,,,,2022-09-16 14:30:00
2022-09-16 15:00:00,ETHUSD,entry,long,0.0,0.26780366252615706,1454.45,0.0,-0.8115308946011278,stop_loss,2.0,2022-09-16 16:00:00,1528.048182072118,1414.5807271711528,1528.048182072118,1414.5807271711528,-1.008926788750872,,,2022-09-16 15:00:00
2022-09-16 16:00:00,ETHUSD,exit,long,0.26780366252615706,0.0,1424.25,1.0,0.9916991029922421,,,,,,,,,,,2022-09-16 16:00:00
2022-09-16 16:30:00,ETHUSD,entry,long,0.0,0.2568049932598391,1427.85,1.0,0.3857505401856257,r_trailing_stop,6.0,2022-09-16 19:30:00,1507.5463963347952,1391.0714414660818,1507.5463963347952,1391.0714414660818,0.1501289297423307,,,2022-09-16 16:30:00
2022-09-16 19:30:00,ETHUSD,exit,long,0.2568049932598391,0.0,1428.15,0.0,0.31587954219152165,,,,,,,,,,,2022-09-16 19:30:00
2022-09-17 00:30:00,ETHUSD,entry,long,0.0,0.27913950218204914,1442.6,1.0,-1.1463762389893557,stop_loss,19.0,2022-09-17 10:30:00,1526.6535457365214,1417.6585817053913,1526.6535457365214,1417.6585817053913,-1.0093046500727403,,,2022-09-17 00:30:00
2022-09-17 10:30:00,ETHUSD,exit,long,0.27913950218204914,0.0,1426.9,0.0,3.09615046206058,,,,,,,,,,,2022-09-17 10:30:00
2022-09-27 18:00:00,ETHUSD,entry,short,0.0,-0.35293377131601994,1311.95,-1.0,-2.3618804972760743,r_trailing_stop,1.0,2022-09-27 18:30:00,1336.491018742975,1258.297453142563,1258.297453142563,1336.491018742975,0.08894715244911874,,,2022-09-27 18:00:00
2022-09-27 18:30:00,ETHUSD,exit,short,-0.35293377131601994,0.0,1323.35,-1.0,-4.0,,,,,,,,,,,2022-09-27 18:30:00
2022-09-27 19:00:00,ETHUSD,entry,short,0.0,-0.3510509345681847,1321.55,0.0,-3.6537479430894235,r_trailing_stop,2.0,2022-09-27 20:00:00,1346.0697945029476,1266.9005137426313,1266.9005137426313,1346.0697945029476,-0.06475257765092683,,,2022-09-27 19:00:00
2022-09-27 20:00:00,ETHUSD,exit,short,-0.3510509345681847,0.0,1319.35,0.0,-3.384314623006281,,,,,,,,,,,2022-09-27 20:00:00
2022-09-28 01:30:00,ETHUSD,entry,short,0.0,-0.3559228692557313,1310.7,0.0,0.022531493527999154,r_trailing_stop,3.0,2022-09-28 03:00:00,1335.388223420363,1257.9044414490927,1257.9044414490927,1335.388223420363,1.6187997256833366,,,2022-09-28 01:30:00
2022-09-28 03:00:00,ETHUSD,exit,short,-0.3559228692557313,0.0,1286.4,0.0,3.4025456514699544,,,,,,,,,,,2022-09-28 03:00:00
2022-09-28 06:30:00,ETHUSD,entry,long,0.0,0.3461342244868793,1277.7,0.0,4.0,stop_loss,7.0,2022-09-28 10:00:00,1341.260324596148,1263.2658701615408,1341.260324596148,1263.2658701615408,-1.011537807482896,,,2022-09-28 06:30:00
2022-09-28 10:00:00,ETHUSD,exit,long,0.3461342244868793,0.0,1296.6999999999998,0.0,3.6480635528440444,,,,,,,,,,,2022-09-28 10:00:00
2022-09-29 01:00:00,ETHUSD,entry,long,0.0,0.3379314182569016,1343.25,1.0,-1.4536275913227186,r_trailing_stop,2.0,2022-09-29 02:00:00,1393.4220756011084,1310.5111697595567,1393.4220756011084,1310.5111697595567,0.425650397155758,,,2022-09-29 01:00:00
2022-09-29 02:00:00,ETHUSD,exit,long,0.3379314182569016,0.0,1335.75,0.0,-3.2123344607533224,,,,,,,,,,,2022-09-29 02:00:00
2022-09-30 01:00:00,ETHUSD,entry,long,0.0,0.3435893574326104,1329.75,0.0,-0.757754848154894,r_trailing_stop,16.0,2022-09-30 09:00:00,1395.9952895104884,1314.2418841958045,1395.9952895104884,1314.2418841958045,0.2544183359591439,,,2022-09-30 01:00:00
2022-09-30 09:00:00,ETHUSD,exit,long,0.3435893574326104,0.0,1344.25,0.0,-1.437293031773923,,,,,,,,,,,2022-09-30 09:00:00
2022-10-03 14:30:00,ETHUSD,entry,long,0.0,0.5333887281374156,1320.25,1.0,0.18907186877237409,r_trailing_stop,2.0,2022-10-03 15:30:00,1355.0649002445862,1303.1740399021655,1355.0649002445862,1303.1740399021655,0.3865066298325421,,,2022-10-03 14:30:00
2022-10-03 15:30:00,ETHUSD,exit,long,0.5333887281374156,0.0,1319.15,1.0,1.3410948281011932,,,,,,,,,,,2022-10-03 15:30:00
2022-10-03 16:00:00,ETHUSD,entry,long,0.0,0.5307315859245534,1316.4,1.0,1.5429576341416362,r_trailing_stop,3.0,2022-10-03 17:30:00,1356.4843835279346,1304.2862465888263,1356.4843835279346,1304.2862465888263,0.3190251801696989,,,2022-10-03 16:00:00
2022-10-03 17:30:00,ETHUSD,exit,long,0.5307315859245534,0.0,1326.35,0.0,-0.08127012060668264,,,,,,,,,,,2022-10-03 17:30:00
2022-10-03 18:30:00,ETHUSD,entry,long,0.0,0.5349256104404989,1317.75,0.0,2.7751408368734594,r_trailing_stop,11.0,2022-10-04 00:00:00,1359.01917300832,1307.122330796672,1359.01917300832,1307.122330796672,0.0799592966191805,,,2022-10-03 18:30:00
2022-10-04 00:00:00,ETHUSD,exit,long,0.5349256104404989,0.0,1325.65,0.0,3.498607377828956,,,,,,,,,,,2022-10-04 00:00:00
2022-10-04 19:30:00,ETHUSD,entry,short,0.0,-0.5860849539907299,1354.75,-1.0,-0.21553812156562724,stop_loss,2.0,2022-10-04 20:30:00,1366.1440680736675,1317.689829815831,1317.689829815831,1366.1440680736675,-1.0195361651330244,,,2022-10-04 19:30:00
2022-10-04 20:30:00,ETHUSD,exit,short,-0.5860849539907299,0.0,1362.05,-1.0,-2.457476688469652,,,,,,,,,,,2022-10-04 20:30:00
2022-10-04 21:00:00,ETHUSD,entry,short,0.0,-0.5721719674721424,1359.1999999999998,0.0,-2.0839109451446043,r_trailing_stop,4.0,2022-10-04 23:00:00,1376.4845166569573,1326.488708357606,1326.488708357606,1376.4845166569573,0.16499152559361616,,,2022-10-04 21:00:00
2022-10-04 23:00:00,ETHUSD,exit,short,-0.5721719674721424,0.0,1360.6999999999998,0.0,-2.3631023434645795,,,,,,,,,,,2022-10-04 23:00:00
2022-10-05 00:30:00,ETHUSD,entry,short,0.0,-0.58847421600114,1354.25,-1.0,-3.1126153805522576,r_trailing_stop,1.0,2022-10-05 01:00:00,1372.8056622844188,1324.3108442889525,1324.3108442889525,1372.8056622844188,0.18868977888286861,,,2022-10-05 00:30:00
2022-10-05 01:00:00,ETHUSD,exit,short,-0.58847421600114,0.0,1357.4499999999998,0.0,-4.0,,,,,,,,,,,2022-10-05 01:00:00
2022-10-05 17:30:00,ETHUSD,entry,short,0.0,-0.5755740456967728,1348.85,-1.0,3.456476179061816,r_trailing_stop,1.0,2022-10-05 18:00:00,1368.2661681294442,1318.8595796763898,1318.8595796763898,1368.2661681294442,0.14876541693448678,,,2022-10-05 17:30:00
2022-10-05 18:00:00,ETHUSD,exit,short,-0.5755740456967728,0.0,1351.05,0.0,2.085835234863306,,,,,,,,,,,2022-10-05 18:00:00
2022-10-06 01:30:00,ETHUSD,entry,short,0.0,-0.5578756266893888,1378.9,0.0,-1.9007566304231671,r_trailing_stop,10.0,2022-10-06 06:30:00,1388.069958761055,1336.3751030973624,1336.3751030973624,1388.069958761055,0.3441434684227745,,,2022-10-06 01:30:00
2022-10-06 06:30:00,ETHUSD,exit,short,-0.5578756266893888,0.0,1363.85,0.0,-0.8440469709734241,,,,,,,,,,,2022-10-06 06:30:00
2022-10-06 08:00:00,ETHUSD,entry,short,0.0,-0.5711790683286974,1360.15,1.0,0.23238818803953784,r_trailing_stop,1.0,2022-10-06 08:30:00,1383.0776277096943,1332.7559307257645,1332.7559307257645,1383.0776277096943,0.5203724683998514,,,2022-10-06 08:00:00
2022-10-06 08:30:00,ETHUSD,exit,short,-0.5711790683286974,0.0,1359.8,0.0,0.5686209254683005,,,,,,,,,,,2022-10-06 08:30:00
2022-10-06 12:00:00,ETHUSD,entry,short,0.0,-0.5828445222239834,1369.35,-1.0,-1.260369957215833,r_trailing_stop,3.0,2022-10-06 13:30:00,1382.8403786290437,1333.5240534273908,1333.5240534273908,1382.8403786290437,0.3267050526397078,,,2022-10-06 12:00:00
2022-10-06 13:30:00,ETHUSD,exit,short,-0.5828445222239834,0.0,1364.75,0.0,-1.3213330510275085,,,,,,,,,,,2022-10-06 13:30:00
2022-10-06 21:30:00,ETHUSD,entry,long,0.0,0.535598820168864,1351.5,0.0,0.7417624118873497,max_holding_close,23.0,2022-10-07 09:00:00,1395.0041912593879,1341.7983234962448,1395.0041912593879,1341.7983234962448,0.03148336960608795,,,2022-10-06 21:30:00
2022-10-07 09:00:00,ETHUSD,exit,long,0.535598820168864,0.0,1357.75,0.0,-3.471157555872631,,,,,,,,,,,2022-10-07 09:00:00
2022-10-10 09:00:00,ETHUSD,entry,short,0.0,-0.8157690134824188,1307.15,0.0,-0.010461498324261879,stop_loss,4.0,2022-10-10 11:00:00,1316.310808783397,1282.6729780415073,1282.6729780415073,1316.310808783397,-1.027192300449414,,,2022-10-10 09:00:00
2022-10-10 11:00:00,ETHUSD,exit,short,-0.8157690134824188,0.0,1315.55,0.0,-4.0,,,,,,,,,,,2022-10-10 11:00:00
2022-10-11 01:30:00,ETHUSD,entry,short,0.0,-0.668491897152426,1275.9,0.0,-0.1980666238043262,r_trailing_stop,1.0,2022-10-11 02:00:00,1291.6903412183747,1251.4741469540634,1251.4741469540634,1291.6903412183747,0.35629577244002,,,2022-10-11 01:30:00
2022-10-11 02:00:00,ETHUSD,exit,short,-0.668491897152426,0.0,1276.85,-1.0,0.39430264735857096,,,,,,,,,,,2022-10-11 02:00:00
2022-10-11 02:30:00,ETHUSD,entry,short,0.0,-0.6566939095036793,1279.5,0.0,0.5279387555877549,r_trailing_stop,8.0,2022-10-11 06:30:00,1288.46570892334,1247.6357276916503,1247.6357276916503,1288.46570892334,-0.02617586312212016,,,2022-10-11 02:30:00
2022-10-11 06:30:00,ETHUSD,exit,short,-0.6566939095036793,0.0,1277.55,0.0,0.20302981318517613,,,,,,,,,,,2022-10-11 06:30:00
2022-10-11 10:00:00,ETHUSD,entry,short,0.0,-0.7251855154051176,1283.25,-1.0,-0.5837791886829229,stop_loss,4.0,2022-10-11 12:00:00,1291.144944102969,1254.0626397425774,1254.0626397425774,1291.144944102969,-1.024172850513504,,,2022-10-11 10:00:00
2022-10-11 12:00:00,ETHUSD,exit,short,-0.7251855154051176,0.0,1291.95,0.0,-1.7199153840369623,,,,,,,,,,,2022-10-11 12:00:00
2022-10-12 09:30:00,ETHUSD,entry,short,0.0,-0.709895757088516,1303.0,-1.0,-0.5542268691644864,r_trailing_stop,3.0,2022-10-12 11:00:00,1314.6683782927228,1276.1040542681935,1276.1040542681935,1314.6683782927228,0.19371853480343892,,,2022-10-12 09:30:00
2022-10-12 11:00:00,ETHUSD,exit,short,-0.709895757088516,0.0,1303.0,-1.0,-1.3590612401184141,,,,,,,,,,,2022-10-12 11:00:00
2022-10-12 11:30:00,ETHUSD,entry,short,0.0,-0.7179149411689717,1297.9,0.0,-0.6151210971391192,r_trailing_stop,1.0,2022-10-12 12:00:00,1313.8394515933467,1275.7263710166326,1275.7263710166326,1313.8394515933467,0.2219526411430935,,,2022-10-12 11:30:00
2022-10-12 12:00:00,ETHUSD,exit,short,-0.7179149411689717,0.0,1299.0,0.0,-0.5613155602499276,,,,,,,,,,,2022-10-12 12:00:00
2022-10-14 10:30:00,ETHUSD,entry,long,0.0,0.480007574677789,1330.45,0.0,-4.0,r_trailing_stop,5.0,2022-10-14 13:00:00,1374.2430928478948,1315.9427628608419,1374.2430928478948,1315.9427628608419,0.3553606761994983,,,2022-10-14 10:30:00
2022-10-14 13:00:00,ETHUSD,exit,long,0.480007574677789,0.0,1335.05,0.0,-4.0,,,,,,,,,,,2022-10-14 13:00:00
2022-10-14 15:00:00,ETHUSD,entry,long,0.0,0.45777082237156014,1314.75,0.0,-1.8657824683132007,stop_loss,2.0,2022-10-14 16:00:00,1363.562914611725,1302.99483415531,1363.562914611725,1302.99483415531,-1.0152590274123854,,,2022-10-14 15:00:00
2022-10-14 16:00:00,ETHUSD,exit,long,0.45777082237156014,0.0,1303.85,0.0,-0.5660951412611442,,,,,,,,,,,2022-10-14 16:00:00
2022-10-14 21:30:00,ETHUSD,entry,long,0.0,0.44949199127200956,1292.0500000000002,1.0,-0.6658313670036057,stop_loss,21.0,2022-10-15 08:30:00,1338.577132801665,1278.0591468793339,1338.577132801665,1278.0591468793339,-1.0149830663757338,,,2022-10-14 21:30:00
2022-10-15 08:30:00,ETHUSD,exit,long,0.44949199127200956,0.0,1280.4,0.0,0.10585228615881465,,,,,,,,,,,2022-10-15 08:30:00
2022-10-15 13:30:00,ETHUSD,entry,long,0.0,0.5809207268232506,1289.0,1.0,-0.8921844105407084,r_trailing_stop,1.0,2022-10-15 14:00:00,1315.2564964839025,1268.907401406439,1315.2564964839025,1268.907401406439,0.349840050133483,,,2022-10-15 13:30:00
2022-10-15 14:00:00,ETHUSD,exit,long,0.5809207268232506,0.0,1286.15,0.0,-0.5566627381981876,,,,,,,,,,,2022-10-15 14:00:00
2022-10-15 21:30:00,ETHUSD,entry,long,0.0,0.6475221391942482,1275.75,0.0,1.7532250586376092,stop_loss,3.0,2022-10-15 23:00:00,1306.1727340285665,1264.7709063885732,1306.1727340285665,1264.7709063885732,-1.021584071306487,,,2022-10-15 21:30:00
2022-10-15 23:00:00,ETHUSD,exit,long,0.6475221391942482,0.0,1276.55,1.0,1.05660225775859,,,,,,,,,,,2022-10-15 23:00:00
2022-10-15 23:30:00,ETHUSD,entry,long,0.0,0.6422883629024178,1274.95,1.0,1.5327815164428973,r_trailing_stop,3.0,2022-10-16 01:00:00,1306.260208476265,1264.525916609494,1306.260208476265,1264.525916609494,0.18982219839479023,,,2022-10-15 23:30:00
2022-10-16 01:00:00,ETHUSD,exit,long,0.6422883629024178,0.0,1282.4499999999998,0.0,0.2304056845625108,,,,,,,,,,,2022-10-16 01:00:00
2022-10-16 22:00:00,ETHUSD,entry,long,0.0,0.7475478322862362,1307.4,1.0,2.475857202294435,r_trailing_stop,1.0,2022-10-16 22:30:00,1319.4038576155901,1283.068456953764,1319.4038576155901,1283.068456953764,1.3091801420529658,,,2022-10-16 22:00:00
2022-10-16 22:30:00,ETHUSD,exit,long,0.7475478322862362,0.0,1308.35,0.0,2.002820043764533,,,,,,,,,,,2022-10-16 22:30:00
2022-10-16 23:30:00,ETHUSD,entry,long,0.0,0.7010099346676617,1305.85,0.0,2.07123837659829,r_trailing_stop,1.0,2022-10-17 00:00:00,1332.055809935881,1292.9876760256477,1332.055809935881,1292.9876760256477,0.12445168257003297,,,2022-10-16 23:30:00
2022-10-17 00:00:00,ETHUSD,exit,long,0.7010099346676617,0.0,1302.35,1.0,2.7088620656614943,,,,,,,,,,,2022-10-17 00:00:00
2022-10-17 00:30:00,ETHUSD,entry,long,0.0,0.6940104309727175,1303.35,1.0,2.908075354743144,r_trailing_stop,12.0,2022-10-17 06:30:00,1330.3961907894118,1290.9915236842353,1330.3961907894118,1290.9915236842353,0.5453269010659159,,,2022-10-17 00:30:00
2022-10-17 06:30:00,ETHUSD,exit,long,0.6940104309727175,0.0,1307.05,0.0,2.5548167797631147,,,,,,,,,,,2022-10-17 06:30:00
2022-10-21 09:30:00,ETHUSD,entry,short,0.0,-0.6845480672221227,1280.45,0.0,3.4079230362373045,r_trailing_stop,4.0,2022-10-21 11:30:00,1291.8747778759805,1252.5880553100492,1252.5880553100492,1291.8747778759805,0.008362749003772117,,,2022-10-21 09:30:00
2022-10-21 11:30:00,ETHUSD,exit,short,-0.6845480672221227,0.0,1275.5,0.0,4.0,,,,,,,,,,,2022-10-21 11:30:00
2022-10-23 23:00:00,ETHUSD,entry,short,0.0,-0.8670587238413423,1359.5,-1.0,-2.298439735604102,r_trailing_stop,1.0,2022-10-23 23:30:00,1374.7981489831582,1341.7296275421045,1341.7296275421045,1374.7981489831582,0.35086933299703327,,,2022-10-23 23:00:00
2022-10-23 23:30:00,ETHUSD,exit,short,-0.8670587238413423,0.0,1364.1,-1.0,-2.1601357183415413,,,,,,,,,,,2022-10-23 23:30:00
2022-10-24 00:00:00,ETHUSD,entry,short,0.0,-0.8459257115973392,1368.95,-1.0,-4.0,r_trailing_stop,2.0,2022-10-24 01:00:00,1373.8256723288914,1339.960819177772,1339.960819177772,1373.8256723288914,0.3005827813223363,,,2022-10-24 00:00:00
2022-10-24 01:00:00,ETHUSD,exit,short,-0.8459257115973392,0.0,1356.55,-1.0,-2.2392194850467346,,,,,,,,,,,2022-10-24 01:00:00
2022-10-24 01:30:00,ETHUSD,entry,short,0.0,-0.7993718811153423,1355.35,-1.0,-1.3045621031549484,r_trailing_stop,4.0,2022-10-24 03:30:00,1366.7824947715735,1331.1437630710657,1331.1437630710657,1366.7824947715735,0.6755397527139424,,,2022-10-24 01:30:00
2022-10-24 03:30:00,ETHUSD,exit,short,-0.7993718811153423,0.0,1348.15,0.0,-1.2677610141071105,,,,,,,,,,,2022-10-24 03:30:00
2022-10-24 05:30:00,ETHUSD,entry,short,0.0,-0.7874735856979773,1342.85,-1.0,-1.5939431666409094,r_trailing_stop,1.0,2022-10-24 06:00:00,1356.960915599903,1321.0477110002423,1321.0477110002423,1356.960915599903,0.3392153425404735,,,2022-10-24 05:30:00
2022-10-24 06:00:00,ETHUSD,exit,short,-0.7874735856979773,0.0,1345.95,0.0,-1.43361865335517,,,,,,,,,,,2022-10-24 06:00:00
2022-10-24 07:00:00,ETHUSD,entry,short,0.0,-0.7664548666179923,1338.95,-1.0,1.5446607878445935,r_trailing_stop,2.0,2022-10-24 08:00:00,1349.3308519716838,1312.6478700707898,1312.6478700707898,1349.3308519716838,0.15573447696901666,,,2022-10-24 07:00:00
2022-10-24 08:00:00,ETHUSD,exit,short,-0.7664548666179923,0.0,1335.95,-1.0,2.408710364306472,,,,,,,,,,,2022-10-24 08:00:00
2022-10-24 08:30:00,ETHUSD,entry,short,0.0,-0.7483527047711289,1337.95,0.0,2.499007101153499,stop_loss,2.0,2022-10-24 09:30:00,1346.6107249681838,1309.1231875795406,1309.1231875795406,1346.6107249681838,-1.0249450901590376,,,2022-10-24 08:30:00
2022-10-24 09:30:00,ETHUSD,exit,short,-0.7483527047711289,0.0,1345.85,-1.0,0.5788968546849876,,,,,,,,,,,2022-10-24 09:30:00
2022-10-24 10:00:00,ETHUSD,entry,short,0.0,-0.7539757904342126,1351.1,-1.0,-1.1635321283827522,r_trailing_stop,8.0,2022-10-24 14:00:00,1356.459229795495,1318.9769255112624,1318.9769255112624,1356.459229795495,-0.2959269770579869,,,2022-10-24 10:00:00
2022-10-24 14:00:00,ETHUSD,exit,short,-0.7539757904342126,0.0,1329.65,0.0,1.8557885516323012,,,,,,,,,,,2022-10-24 14:00:00
2022-10-24 15:30:00,ETHUSD,entry,long,0.0,0.6594418662638641,1341.65,1.0,0.9791435680074005,r_trailing_stop,1.0,2022-10-24 16:00:00,1366.645021950244,1324.0919912199024,1366.645021950244,1324.0919912199024,0.21327671976033255,,,2022-10-24 15:30:00
2022-10-24 16:00:00,ETHUSD,exit,long,0.6594418662638641,0.0,1338.55,1.0,1.1746839533048792,,,,,,,,,,,2022-10-24 16:00:00
2022-10-24 16:30:00,ETHUSD,entry,long,0.0,0.6551555304801927,1335.3,0.0,1.8475593435790343,r_trailing_stop,6.0,2022-10-24 19:30:00,1369.1453949725255,1326.2418420109898,1369.1453949725255,1326.2418420109898,0.6756561636279592,,,2022-10-24 16:30:00
2022-10-24 19:30:00,ETHUSD,exit,long,0.6551555304801927,0.0,1344.85,0.0,0.3839564686242132,,,,,,,,,,,2022-10-24 19:30:00
2022-10-24 20:30:00,ETHUSD,entry,long,0.0,0.6614197851080291,1351.25,0.0,-1.1623669646394952,r_trailing_stop,2.0,2022-10-24 21:30:00,1379.491011118144,1336.6635955527427,1379.491011118144,1336.6635955527427,-0.054736667367203035,,,2022-10-24 20:30:00
2022-10-24 21:30:00,ETHUSD,exit,long,0.6614197851080291,0.0,1348.95,0.0,-0.6946926391906166,,,,,,,,,,,2022-10-24 21:30:00
2022-10-24 22:30:00,ETHUSD,entry,long,0.0,0.6461310216259217,1346.25,0.0,-0.09737103023746085,r_trailing_stop,12.0,2022-10-25 04:30:00,1376.121995732747,1332.4112017069012,1376.121995732747,1332.4112017069012,0.07054481778976589,,,2022-10-24 22:30:00
2022-10-25 04:30:00,ETHUSD,exit,long,0.6461310216259217,0.0,1346.55,0.0,4.0,,,,,,,,,,,2022-10-25 04:30:00
2022-10-25 14:00:00,ETHUSD,entry,long,0.0,0.7101436561284624,1380.9499999999998,1.0,4.0,r_trailing_stop,1.0,2022-10-25 14:30:00,1411.5997257471086,1370.7201097011566,1411.5997257471086,1370.7201097011566,-0.14353559469356109,,,2022-10-25 14:00:00
2022-10-25 14:30:00,ETHUSD,exit,long,0.7101436561284624,0.0,1382.35,0.0,4.0,,,,,,,,,,,2022-10-25 14:30:00
2022-10-28 02:30:00,ETHUSD,entry,long,0.0,0.3298242738179223,1501.8000000000002,0.0,2.231124546109194,stop_loss,10.0,2022-10-28 07:30:00,1585.78218780756,1489.207124876976,1585.78218780756,1489.207124876976,-1.0109941424605975,,,2022-10-28 02:30:00
2022-10-28 07:30:00,ETHUSD,exit,long,0.3298242738179223,0.0,1493.55,1.0,4.0,,,,,,,,,,,2022-10-28 07:30:00
2022-10-28 08:00:00,ETHUSD,entry,long,0.0,0.34851623965506123,1496.5,0.0,4.0,r_trailing_stop,2.0,2022-10-28 09:00:00,1557.936100476049,1467.9355598095806,1557.936100476049,1467.9355598095806,0.17978576673105556,,,2022-10-28 08:00:00
2022-10-28 09:00:00,ETHUSD,exit,long,0.34851623965506123,0.0,1508.35,0.0,4.0,,,,,,,,,,,2022-10-28 09:00:00
2022-10-28 11:00:00,ETHUSD,entry,long,0.0,0.360736302078988,1502.05,0.0,4.0,r_trailing_stop,4.0,2022-10-28 13:00:00,1563.4660913948435,1476.0835634420625,1563.4660913948435,1476.0835634420625,0.3668280184527893,,,2022-10-28 11:00:00
2022-10-28 13:00:00,ETHUSD,exit,long,0.360736302078988,0.0,1532.05,0.0,1.864334344902219,,,,,,,,,,,2022-10-28 13:00:00
2022-11-04 14:30:00,ETHUSD,entry,long,0.0,0.42097377867176716,1660.35,1.0,-0.9403099094308436,r_trailing_stop,1.0,2022-11-04 15:00:00,1713.9704187237658,1631.4118325104937,1713.9704187237658,1631.4118325104937,0.21489587956568004,,,2022-11-04 14:30:00
2022-11-04 15:00:00,ETHUSD,exit,long,0.42097377867176716,0.0,1645.2,1.0,-0.05866771057448792,,,,,,,,,,,2022-11-04 15:00:00
2022-11-04 15:30:00,ETHUSD,entry,long,0.0,0.41365764065349736,1625.4,1.0,1.7707032163993601,stop_loss,1.0,2022-11-04 16:00:00,1704.9098432486644,1621.3860627005342,1704.9098432486644,1621.3860627005342,-1.0137885880217832,,,2022-11-04 15:30:00
2022-11-04 16:00:00,ETHUSD,exit,long,0.41365764065349736,0.0,1625.05,1.0,1.9552141462347208,,,,,,,,,,,2022-11-04 16:00:00
2022-11-04 16:30:00,ETHUSD,entry,long,0.0,0.3922618250259653,1622.05,1.0,1.740032019432889,r_trailing_stop,5.0,2022-11-04 19:00:00,1687.2434420705772,1600.242623171769,1687.2434420705772,1600.242623171769,0.5038737629698313,,,2022-11-04 16:30:00
2022-11-04 19:00:00,ETHUSD,exit,long,0.3922618250259653,0.0,1640.0500000000002,1.0,0.9079619023986736,,,,,,,,,,,2022-11-04 19:00:00
2022-11-04 19:30:00,ETHUSD,entry,long,0.0,0.3901579607637089,1648.05,0.0,0.28310299766692776,r_trailing_stop,2.0,2022-11-04 20:30:00,1703.1552301222923,1614.877907951083,1703.1552301222923,1614.877907951083,0.07025507624677603,,,2022-11-04 19:30:00
2022-11-04 20:30:00,ETHUSD,exit,long,0.3901579607637089,0.0,1646.0,0.0,-0.19415771733162987,,,,,,,,,,,2022-11-04 20:30:00
2022-11-05 01:00:00,ETHUSD,entry,long,0.0,0.4108256356638521,1654.75,0.0,-1.8473822688015158,max_holding_close,23.0,2022-11-05 12:30:00,1718.8475847674536,1634.0809660930188,1718.8475847674536,1634.0809660930188,-0.7135569513785903,,,2022-11-05 01:00:00
2022-11-05 12:30:00,ETHUSD,exit,long,0.4108256356638521,0.0,1641.35,0.0,-1.2134125090529277,,,,,,,,,,,2022-11-05 12:30:00
2022-11-07 00:00:00,ETHUSD,entry,long,0.0,0.5633638481091293,1576.85,0.0,0.011800706132457279,r_trailing_stop,1.0,2022-11-07 00:30:00,1610.0058742524125,1551.547650299035,1610.0058742524125,1551.547650299035,0.4765615498038619,,,2022-11-07 00:00:00
2022-11-07 00:30:00,ETHUSD,exit,long,0.5633638481091293,0.0,1573.65,1.0,1.2983049270218512,,,,,,,,,,,2022-11-07 00:30:00
2022-11-07 01:00:00,ETHUSD,entry,long,0.0,0.5521831343773281,1575.45,0.0,0.3460143000648661,r_trailing_stop,3.0,2022-11-07 02:30:00,1616.0898964776657,1556.2540414089335,1616.0898964776657,1556.2540414089335,0.866317336008988,,,2022-11-07 01:00:00
2022-11-07 02:30:00,ETHUSD,exit,long,0.5521831343773281,0.0,1593.05,0.0,-2.3816207101726063,,,,,,,,,,,2022-11-07 02:30:00
2022-11-07 03:30:00,ETHUSD,entry,long,0.0,0.5520755322202904,1587.7,0.0,0.5345884096230094,r_trailing_stop,4.0,2022-11-07 05:30:00,1628.7324200890494,1568.4170319643804,1628.7324200890494,1568.4170319643804,0.06863994626781289,,,2022-11-07 03:30:00
2022-11-07 05:30:00,ETHUSD,exit,long,0.5520755322202904,0.0,1588.45,0.0,-0.33006609551814603,,,,,,,,,,,2022-11-07 05:30:00
2022-11-07 07:00:00,ETHUSD,entry,long,0.0,0.5502336573380889,1574.45,1.0,2.251346795791436,stop_loss,1.0,2022-11-07 07:30:00,1618.6040245035897,1558.4683901985643,1618.6040245035897,1558.4683901985643,-1.0183411219112697,,,2022-11-07 07:00:00
2022-11-07 07:30:00,ETHUSD,exit,long,0.5502336573380889,0.0,1550.15,1.0,4.0,,,,,,,,,,,2022-11-07 07:30:00
2022-11-07 08:00:00,ETHUSD,entry,long,0.0,0.5140961935764657,1561.15,0.0,4.0,r_trailing_stop,3.0,2022-11-07 09:30:00,1595.3279170523397,1532.008833179064,1595.3279170523397,1532.008833179064,1.0926350128431583,,,2022-11-07 08:00:00
2022-11-07 09:30:00,ETHUSD,exit,long,0.5140961935764657,0.0,1564.6,1.0,1.195851963695484,,,,,,,,,,,2022-11-07 09:30:00
2022-11-07 10:00:00,ETHUSD,entry,long,0.0,0.5079719236240953,1580.75,1.0,-3.09187843431965,r_trailing_stop,1.0,2022-11-07 10:30:00,1610.852848835732,1546.1688604657074,1610.852848835732,1546.1688604657074,0.7882053426784659,,,2022-11-07 10:00:00
2022-11-07 10:30:00,ETHUSD,exit,long,0.5079719236240953,0.0,1578.75,1.0,-2.0007382922879167,,,,,,,,,,,2022-11-07 10:30:00
2022-11-07 11:00:00,ETHUSD,entry,long,0.0,0.5013754909606584,1580.15,0.0,-1.1898989207377804,r_trailing_stop,5.0,2022-11-07 13:30:00,1625.7765805307542,1559.6593677876983,1625.7765805307542,1559.6593677876983,-0.02200614544436061,,,2022-11-07 11:00:00
2022-11-07 13:30:00,ETHUSD,exit,long,0.5013754909606584,0.0,1579.7,0.0,-0.8709832847584393,,,,,,,,,,,2022-11-07 13:30:00
2022-11-10 12:30:00,ETHUSD,entry,long,0.0,0.13226808539888005,1199.35,0.0,3.545287364688213,r_trailing_stop,2.0,2022-11-10 13:30:00,1324.7861786418594,1135.8755285432562,1324.7861786418594,1135.8755285432562,0.07803744782152894,,,2022-11-10 12:30:00
2022-11-10 13:30:00,ETHUSD,exit,long,0.13226808539888005,0.0,1292.15,-1.0,-1.1396243655017826,,,,,,,,,,,2022-11-10 13:30:00
2022-11-10 14:00:00,ETHUSD,entry,short,0.0,-0.13572033304727743,1296.0500000000002,-1.0,-1.534611770661564,r_trailing_stop,8.0,2022-11-10 18:00:00,1349.3785070255399,1149.4287324361503,1149.4287324361503,1349.3785070255399,0.5323179291910349,,,2022-11-10 14:00:00
2022-11-10 18:00:00,ETHUSD,exit,short,-0.13572033304727743,0.0,1252.2,-1.0,0.03211958548072457,,,,,,,,,,,2022-11-10 18:00:00
2022-11-10 18:30:00,ETHUSD,entry,short,0.0,-0.12701098700225608,1271.95,0.0,-0.34524603004240617,stop_loss,4.0,2022-11-10 20:30:00,1311.5110236039384,1104.4474409901536,1104.4474409901536,1311.5110236039384,-1.0042336995667418,,,2022-11-10 18:30:00
2022-11-10 20:30:00,ETHUSD,exit,short,-0.12701098700225608,0.0,1333.3000000000002,0.0,-1.8509980990464783,,,,,,,,,,,2022-11-10 20:30:00
2022-11-11 02:30:00,ETHUSD,entry,short,0.0,-0.13500625453062856,1249.85,0.0,0.3540651671741605,r_trailing_stop,2.0,2022-11-11 03:30:00,1306.6496462985872,1112.0508842535316,1112.0508842535316,1306.6496462985872,0.336111063554,,,2022-11-11 02:30:00
2022-11-11 03:30:00,ETHUSD,exit,short,-0.13500625453062856,0.0,1235.85,0.0,0.807723622234668,,,,,,,,,,,2022-11-11 03:30:00
2022-11-11 06:00:00,ETHUSD,entry,short,0.0,-0.14015596086698298,1253.15,-1.0,0.820459839851728,r_trailing_stop,17.0,2022-11-11 14:30:00,1316.807636600919,1127.6059084977023,1127.6059084977023,1316.807636600919,0.8810142693840692,,,2022-11-11 06:00:00
2022-11-11 14:30:00,ETHUSD,exit,short,-0.14015596086698298,0.0,1259.6,0.0,0.5020919848361846,,,,,,,,,,,2022-11-11 14:30:00
2022-11-11 16:30:00,ETHUSD,entry,long,0.0,0.1348415951133913,1247.85,0.0,0.2379542265457677,r_trailing_stop,4.0,2022-11-11 18:30:00,1370.4387508779764,1178.3744996488094,1370.4387508779764,1178.3744996488094,0.6575597209587014,,,2022-11-11 16:30:00
2022-11-11 18:30:00,ETHUSD,exit,long,0.1348415951133913,0.0,1261.35,0.0,-0.11650756425867755,,,,,,,,,,,2022-11-11 18:30:00
2022-11-11 21:00:00,ETHUSD,entry,long,0.0,0.1422288384395255,1267.95,1.0,-0.2874666544588517,r_trailing_stop,4.0,2022-11-11 23:00:00,1373.373006335832,1189.940797465667,1373.373006335832,1189.940797465667,0.5094780625585132,,,2022-11-11 21:00:00
2022-11-11 23:00:00,ETHUSD,exit,long,0.1422288384395255,0.0,1271.4,0.0,-0.6216203085135698,,,,,,,,,,,2022-11-11 23:00:00
2022-11-17 16:00:00,ETHUSD,entry,long,0.0,0.35589019153087037,1208.9499999999998,1.0,0.6911581941942554,r_trailing_stop,1.0,2022-11-17 16:30:00,1243.0218266076408,1172.6412693569437,1243.0218266076408,1172.6412693569437,0.5810649161519084,,,2022-11-17 16:00:00
2022-11-17 16:30:00,ETHUSD,exit,long,0.35589019153087037,0.0,1210.15,0.0,0.7904643861741495,,,,,,,,,,,2022-11-17 16:30:00
2022-11-17 17:30:00,ETHUSD,entry,long,0.0,0.3525274781461395,1210.75,0.0,0.6245268482704681,r_trailing_stop,15.0,2022-11-18 01:00:00,1258.5140811638908,1186.6043675344438,1258.5140811638908,1186.6043675344438,0.18115523600541397,,,2022-11-17 17:30:00
2022-11-18 01:00:00,ETHUSD,exit,long,0.3525274781461395,0.0,1213.65,0.0,0.817740808736463,,,,,,,,,,,2022-11-18 01:00:00
2022-11-21 08:00:00,ETHUSD,entry,long,0.0,0.4281073500062896,1123.45,0.0,-3.188425958932516,stop_loss,2.0,2022-11-21 09:00:00,1161.4160734095144,1106.373570636194,1161.4160734095144,1106.373570636194,-1.0142702450002175,,,2022-11-21 08:00:00
2022-11-21 09:00:00,ETHUSD,exit,long,0.4281073500062896,0.0,1106.55,1.0,-0.24769563475674272,,,,,,,,,,,2022-11-21 09:00:00
2022-11-21 09:30:00,ETHUSD,entry,long,0.0,0.41113140740493986,1119.65,1.0,-3.079648092631977,r_trailing_stop,1.0,2022-11-21 10:00:00,1147.0257769438672,1090.4996892224533,1147.0257769438672,1090.4996892224533,0.7974255218608245,,,2022-11-21 09:30:00
2022-11-21 10:00:00,ETHUSD,exit,long,0.41113140740493986,0.0,1115.0,1.0,-0.47707973906412615,,,,,,,,,,,2022-11-21 10:00:00
2022-11-21 10:30:00,ETHUSD,entry,long,0.0,0.40400802491154086,1126.25,0.0,-2.299146288578392,r_trailing_stop,2.0,2022-11-21 11:30:00,1156.5014053400605,1098.5394378639758,1156.5014053400605,1098.5394378639758,0.5269736575557658,,,2022-11-21 10:30:00
2022-11-21 11:30:00,ETHUSD,exit,long,0.40400802491154086,0.0,1123.45,0.0,-2.0928370258582967,,,,,,,,,,,2022-11-21 11:30:00
2022-11-22 23:00:00,ETHUSD,entry,short,0.0,-0.3343258763089146,1136.5500000000002,0.0,3.757046002818856,r_trailing_stop,6.0,2022-11-23 02:00:00,1157.1507541243918,1085.7481146890204,1085.7481146890204,1157.1507541243918,0.21686729562538554,,,2022-11-22 23:00:00
2022-11-23 02:00:00,ETHUSD,exit,short,-0.3343258763089146,0.0,1157.15,0.0,0.024118953362035567,,,,,,,,,,,2022-11-23 02:00:00
2022-11-23 15:30:00,ETHUSD,entry,short,0.0,-0.3791694207200584,1160.05,0.0,4.0,r_trailing_stop,5.0,2022-11-23 18:00:00,1180.9462619842961,1116.5593450392596,1116.5593450392596,1180.9462619842961,0.45485508083779735,,,2022-11-23 15:30:00
2022-11-23 18:00:00,ETHUSD,exit,short,-0.3791694207200584,0.0,1160.75,0.0,4.0,,,,,,,,,,,2022-11-23 18:00:00
2022-11-28 21:30:00,ETHUSD,entry,long,0.0,0.5825970619521749,1172.3,0.0,4.0,stop_loss,5.0,2022-11-29 00:00:00,1201.405919326353,1159.1876322694588,1201.405919326353,1159.1876322694588,-1.0194199020650725,,,2022-11-28 21:30:00
2022-11-29 00:00:00,ETHUSD,exit,long,0.5825970619521749,0.0,1163.6999999999998,0.0,4.0,,,,,,,,,,,2022-11-29 00:00:00
2022-11-29 04:30:00,ETHUSD,entry,long,0.0,0.5839472820072168,1197.55,0.0,1.8210516146118187,r_trailing_stop,1.0,2022-11-29 05:00:00,1223.6961739807855,1180.7915304076857,1223.6961739807855,1180.7915304076857,0.35578584807474783,,,2022-11-29 04:30:00
2022-11-29 05:00:00,ETHUSD,exit,long,0.5839472820072168,0.0,1206.65,0.0,-0.07786022668331624,,,,,,,,,,,2022-11-29 05:00:00
2022-11-29 10:00:00,ETHUSD,entry,short,0.0,-0.5724039357168382,1214.15,-1.0,0.7285946805101681,r_trailing_stop,8.0,2022-11-29 14:00:00,1230.4640631800519,1185.7898420498707,1185.7898420498707,1230.4640631800519,0.6201454161243563,,,2022-11-29 10:00:00
2022-11-29 14:00:00,ETHUSD,exit,short,-0.5724039357168382,0.0,1208.05,0.0,4.0,,,,,,,,,,,2022-11-29 14:00:00
2022-12-01 06:00:00,ETHUSD,entry,long,0.0,0.5295193738990865,1283.45,0.0,-1.258595367675792,r_trailing_stop,14.0,2022-12-01 13:00:00,1318.8301154749934,1267.9679538100027,1318.8301154749934,1267.9679538100027,0.27254454904628833,,,2022-12-01 06:00:00
2022-12-01 13:00:00,ETHUSD,exit,long,0.5295193738990865,0.0,1286.75,0.0,-0.8220082284985689,,,,,,,,,,,2022-12-01 13:00:00
2022-12-01 21:30:00,ETHUSD,entry,short,0.0,-0.5616510009669101,1276.45,0.0,0.24427863431878932,r_trailing_stop,9.0,2022-12-02 02:00:00,1287.9130799853244,1240.2673000366894,1240.2673000366894,1287.9130799853244,0.10248525693701951,,,2022-12-01 21:30:00
2022-12-02 02:00:00,ETHUSD,exit,short,-0.5616510009669101,0.0,1271.9,0.0,0.6313819013876166,,,,,,,,,,,2022-12-02 02:00:00
2022-12-05 14:00:00,ETHUSD,entry,short,0.0,-0.7406140969393925,1283.15,-1.0,-3.170402986486593,r_trailing_stop,2.0,2022-12-05 15:00:00,1296.519191360101,1260.0520215997471,1260.0520215997471,1296.519191360101,0.06649076459548138,,,2022-12-05 14:00:00
2022-12-05 15:00:00,ETHUSD,exit,short,-0.7406140969393925,0.0,1264.25,-1.0,0.6982557109478607,,,,,,,,,,,2022-12-05 15:00:00
2022-12-05 15:30:00,ETHUSD,entry,short,0.0,-0.6790536564511485,1266.65,-1.0,-0.8392504977423695,r_trailing_stop,2.0,2022-12-05 16:30:00,1275.3702513165772,1236.274371708557,1236.274371708557,1275.3702513165772,0.2101259795754829,,,2022-12-05 15:30:00
2022-12-05 16:30:00,ETHUSD,exit,short,-0.6790536564511485,0.0,1259.9,0.0,0.2614315980526912,,,,,,,,,,,2022-12-05 16:30:00
2022-12-05 17:30:00,ETHUSD,entry,short,0.0,-0.6506348491262995,1264.9,0.0,-1.3593284630695939,r_trailing_stop,4.0,2022-12-05 19:30:00,1274.6470859348774,1233.8822851628065,1233.8822851628065,1274.6470859348774,0.7810880808183565,,,2022-12-05 17:30:00
2022-12-05 19:30:00,ETHUSD,exit,short,-0.6506348491262995,0.0,1253.65,0.0,1.1473356408800193,,,,,,,,,,,2022-12-05 19:30:00
2022-12-06 06:30:00,ETHUSD,entry,short,0.0,-0.7148975626384865,1260.9499999999998,0.0,-2.2148607358770316,r_trailing_stop,9.0,2022-12-06 11:00:00,1270.0203255891797,1233.0241860270498,1233.0241860270498,1270.0203255891797,0.6194804450207835,,,2022-12-06 06:30:00
2022-12-06 11:00:00,ETHUSD,exit,short,-0.7148975626384865,0.0,1254.95,0.0,2.622053102863437,,,,,,,,,,,2022-12-06 11:00:00
2022-12-07 07:00:00,ETHUSD,entry,short,0.0,-0.7000070239190718,1231.25,0.0,-0.17367169420445513,r_trailing_stop,1.0,2022-12-07 07:30:00,1260.9158924749122,1223.4102688127198,1223.4102688127198,1260.9158924749122,1.749733869007841,,,2022-12-07 07:00:00
2022-12-07 07:30:00,ETHUSD,exit,short,-0.7000070239190718,0.0,1224.45,0.0,1.3817831087531252,,,,,,,,,,,2022-12-07 07:30:00
2022-12-08 01:30:00,ETHUSD,entry,short,0.0,-0.6828826638064345,1227.0,0.0,3.284181090305321,stop_loss,2.0,2022-12-08 02:30:00,1236.9737396040932,1199.2656509897672,1199.2656509897672,1236.9737396040932,-1.0227627554602146,,,2022-12-08 01:30:00
2022-12-08 02:30:00,ETHUSD,exit,short,-0.6828826638064345,0.0,1233.0500000000002,-1.0,2.6596951910270685,,,,,,,,,,,2022-12-08 02:30:00
2022-12-08 03:00:00,ETHUSD,entry,short,0.0,-0.6832368763434178,1234.3,0.0,2.8200775475235407,r_trailing_stop,3.0,2022-12-08 04:30:00,1243.827869888395,1205.9303252790123,1205.9303252790123,1243.827869888395,0.3182826275801282,,,2022-12-08 03:00:00
2022-12-08 04:30:00,ETHUSD,exit,short,-0.6832368763434178,0.0,1228.0,0.0,4.0,,,,,,,,,,,2022-12-08 04:30:00
2022-12-08 19:00:00,ETHUSD,entry,long,0.0,0.6651741333311307,1281.75,0.0,0.21042069484403664,stop_loss,10.0,2022-12-09 00:00:00,1316.226985615492,1275.5892057538033,1316.226985615492,1275.5892057538033,-1.0221724711110378,,,2022-12-08 19:00:00
2022-12-09 00:00:00,ETHUSD,exit,long,0.6651741333311307,0.0,1273.65,1.0,2.674277596411968,,,,,,,,,,,2022-12-09 00:00:00
2022-12-09 00:30:00,ETHUSD,entry,long,0.0,0.6678614776847044,1277.15,0.0,1.6003221336601,r_trailing_stop,2.0,2022-12-09 01:30:00,1302.3581030848436,1262.3067587660626,1302.3581030848436,1262.3067587660626,0.8987544860130235,,,2022-12-09 00:30:00
2022-12-09 01:30:00,ETHUSD,exit,long,0.6678614776847044,0.0,1281.65,1.0,-1.075514008860858,,,,,,,,,,,2022-12-09 01:30:00
2022-12-09 02:00:00,ETHUSD,entry,long,0.0,0.6563964365119974,1283.25,0.0,-2.2843988865991234,r_trailing_stop,16.0,2022-12-09 10:00:00,1310.8871791049837,1269.8851283580063,1310.8871791049837,1269.8851283580063,0.22747563420914463,,,2022-12-09 02:00:00
2022-12-09 10:00:00,ETHUSD,exit,long,0.6563964365119974,0.0,1283.8,0.0,-4.0,,,,,,,,,,,2022-12-09 10:00:00
2022-12-09 14:30:00,ETHUSD,entry,long,0.0,0.6685179794571188,1272.55,1.0,-1.5245731139377787,r_trailing_stop,1.0,2022-12-09 15:00:00,1298.4447459684918,1258.5521016126033,1298.4447459684918,1258.5521016126033,0.17515712913922896,,,2022-12-09 14:30:00
2022-12-09 15:00:00,ETHUSD,exit,long,0.6685179794571188,0.0,1274.35,0.0,-1.802030186660297,,,,,,,,,,,2022-12-09 15:00:00
2022-12-14 11:30:00,ETHUSD,entry,short,0.0,-0.7554433309412245,1326.5,0.0,-3.6518563780909132,stop_loss,6.0,2022-12-14 14:30:00,1337.337918165326,1300.4552045866847,1300.4552045866847,1337.337918165326,-1.0251814443647076,,,2022-12-14 11:30:00
2022-12-14 14:30:00,ETHUSD,exit,short,-0.7554433309412245,0.0,1340.35,1.0,-4.0,,,,,,,,,,,2022-12-14 14:30:00
2022-12-14 15:00:00,ETHUSD,entry,long,0.0,0.749634830981512,1337.75,0.0,-4.0,r_trailing_stop,7.0,2022-12-14 18:30:00,1367.2210589597003,1329.67157641612,1367.2210589597003,1329.67157641612,0.2236968254336049,,,2022-12-14 15:00:00
2022-12-14 18:30:00,ETHUSD,exit,long,0.749634830981512,0.0,1334.0500000000002,1.0,-4.0,,,,,,,,,,,2022-12-14 18:30:00
2022-12-15 13:30:00,ETHUSD,entry,long,0.0,0.6677496829136558,1275.3,1.0,-1.261398548124303,stop_loss,2.0,2022-12-15 14:30:00,1305.5836527071428,1265.426538917143,1305.5836527071428,1265.426538917143,-1.0222583227637885,,,2022-12-15 13:30:00
2022-12-15 14:30:00,ETHUSD,exit,long,0.6677496829136558,0.0,1269.65,1.0,0.09307118445233098,,,,,,,,,,,2022-12-15 14:30:00
2022-12-15 15:00:00,ETHUSD,entry,long,0.0,0.6445517721331809,1271.4499999999998,1.0,-0.16090649811458746,r_trailing_stop,11.0,2022-12-15 20:30:00,1299.2484409839847,1257.8806236064063,1299.2484409839847,1257.8806236064063,0.24039613243157462,,,2022-12-15 15:00:00
2022-12-15 20:30:00,ETHUSD,exit,long,0.6445517721331809,0.0,1271.75,0.0,-4.0,,,,,,,,,,,2022-12-15 20:30:00
2022-12-15 22:00:00,ETHUSD,entry,long,0.0,0.6921839554781312,1263.1,0.0,-4.0,r_trailing_stop,6.0,2022-12-16 01:00:00,1292.1578152922448,1253.786873883102,1292.1578152922448,1253.786873883102,0.5204964635733584,,,2022-12-15 22:00:00
2022-12-16 01:00:00,ETHUSD,exit,long,0.6921839554781312,0.0,1270.7,0.0,-4.0,,,,,,,,,,,2022-12-16 01:00:00
2022-12-16 07:30:00,ETHUSD,entry,long,0.0,0.7955656118174592,1277.65,0.0,-4.0,stop_loss,2.0,2022-12-16 08:30:00,1300.8734387151896,1267.1706245139242,1300.8734387151896,1267.1706245139242,-1.0265188537272338,,,2022-12-16 07:30:00
2022-12-16 08:30:00,ETHUSD,exit,long,0.7955656118174592,0.0,1245.75,1.0,-4.0,,,,,,,,,,,2022-12-16 08:30:00
2022-12-16 14:30:00,ETHUSD,entry,long,0.0,0.6029674501793474,1215.1,1.0,-4.0,stop_loss,1.0,2022-12-16 15:00:00,1245.9429260395002,1203.6028295842,1245.9429260395002,1203.6028295842,-1.0200989150059783,,,2022-12-16 14:30:00
2022-12-16 15:00:00,ETHUSD,exit,long,0.6029674501793474,0.0,1202.3000000000002,0.0,-4.0,,,,,,,,,,,2022-12-16 15:00:00
2022-12-17 23:00:00,ETHUSD,entry,short,0.0,-0.6216036777219213,1187.35,-1.0,-0.8855976114917503,r_trailing_stop,6.0,2022-12-18 02:00:00,1197.4982913390736,1157.4292716523169,1157.4292716523169,1197.4982913390736,0.17913920145922638,,,2022-12-17 23:00:00
2022-12-18 02:00:00,ETHUSD,exit,short,-0.6216036777219213,0.0,1184.75,0.0,-1.3251063543502963,,,,,,,,,,,2022-12-18 02:00:00
2022-12-18 04:30:00,ETHUSD,entry,short,0.0,-0.6720294812737833,1191.6999999999998,-1.0,-2.613617837152758,r_trailing_stop,5.0,2022-12-18 07:00:00,1205.8205140173436,1168.4737149566413,1168.4737149566413,1205.8205140173436,0.7959741189114,,,2022-12-18 04:30:00
2022-12-18 07:00:00,ETHUSD,exit,short,-0.6720294812737833,0.0,1186.35,0.0,-0.7914919179025944,,,,,,,,,,,2022-12-18 07:00:00
2022-12-26 02:00:00,ETHUSD,entry,long,0.0,1.0,1220.4,1.0,-1.0079106654615952,r_trailing_stop,1.0,2022-12-26 02:30:00,1236.8585685776898,1214.7265725689244,1236.8585685776898,1214.7265725689244,-0.1335051298053389,,,2022-12-26 02:00:00
2022-12-26 02:30:00,ETHUSD,exit,long,1.0,0.0,1221.6,0.0,-1.5553542043501487,,,,,,,,,,,2022-12-26 02:30:00
2022-12-26 04:30:00,ETHUSD,entry,long,0.0,1.0,1220.1999999999998,0.0,-1.1761121038926199,r_trailing_stop,13.0,2022-12-26 11:00:00,1235.6732755850303,1213.940689765988,1235.6732755850303,1213.940689765988,-0.21645399397792175,,,2022-12-26 04:30:00
2022-12-26 11:00:00,ETHUSD,exit,long,1.0,0.0,1220.4,0.0,0.49761842685884466,,,,,,,,,,,2022-12-26 11:00:00
2022-12-26 14:00:00,ETHUSD,entry,long,0.0,1.0,1217.1999999999998,0.0,2.757887715999274,r_trailing_stop,11.0,2022-12-26 19:30:00,1229.1775774120238,1210.2389690351906,1229.1775774120238,1210.2389690351906,0.2784811267575244,,,2022-12-26 14:00:00
2022-12-26 19:30:00,ETHUSD,exit,long,1.0,0.0,1217.1,0.0,1.8973127315536757,,,,,,,,,,,2022-12-26 19:30:00
2022-12-29 08:30:00,ETHUSD,entry,long,0.0,0.9421982312424344,1191.85,0.0,1.1754991314932572,r_trailing_stop,2.0,2022-12-29 09:30:00,1211.738838449004,1185.1544646203984,1211.738838449004,1185.1544646203984,0.6071263932736298,,,2022-12-29 08:30:00
2022-12-29 09:30:00,ETHUSD,exit,long,0.9421982312424344,0.0,1199.15,0.0,-1.0816481018094162,,,,,,,,,,,2022-12-29 09:30:00
2022-12-29 11:00:00,ETHUSD,entry,long,0.0,0.9351530736396739,1200.05,0.0,0.3651275943025846,r_trailing_stop,6.0,2022-12-29 14:00:00,1219.04497764837,1192.102008940652,1219.04497764837,1192.102008940652,0.07275144848602644,,,2022-12-29 11:00:00
2022-12-29 14:00:00,ETHUSD,exit,long,0.9351530736396739,0.0,1201.5,0.0,-1.2245637024134168,,,,,,,,,,,2022-12-29 14:00:00
2022-12-29 15:00:00,ETHUSD,entry,long,0.0,0.9441368536240403,1202.85,1.0,-1.2391134284848604,r_trailing_stop,1.0,2022-12-29 15:30:00,1221.096807767637,1194.3612768929452,1221.096807767637,1194.3612768929452,0.0863495103508829,,,2022-12-29 15:00:00
2022-12-29 15:30:00,ETHUSD,exit,long,0.9441368536240403,0.0,1201.15,1.0,-0.9538891541318945,,,,,,,,,,,2022-12-29 15:30:00
2022-12-29 16:00:00,ETHUSD,entry,long,0.0,0.9417237665261537,1199.6,0.0,-0.8020041383400948,stop_loss,9.0,2022-12-29 20:30:00,1220.2314063002354,1193.4474374799056,1220.2314063002354,1193.4474374799056,-1.0313907922175558,,,2022-12-29 16:00:00
2022-12-29 20:30:00,ETHUSD,exit,long,0.9417237665261537,0.0,1196.3000000000002,1.0,-1.4442747151235498,,,,,,,,,,,2022-12-29 20:30:00
2022-12-29 21:00:00,ETHUSD,entry,long,0.0,0.9339382695807792,1195.3000000000002,0.0,-0.3137089434778696,r_trailing_stop,4.0,2022-12-29 23:00:00,1215.5645997058832,1188.6641601176466,1215.5645997058832,1188.6641601176466,0.16403282130488755,,,2022-12-29 21:00:00
2022-12-29 23:00:00,ETHUSD,exit,long,0.9339382695807792,0.0,1201.4499999999998,0.0,-2.3269606505895544,,,,,,,,,,,2022-12-29 23:00:00
2022-12-30 02:00:00,ETHUSD,entry,long,0.0,0.9344769567541659,1196.85,0.0,-1.2614098726056933,r_trailing_stop,2.0,2022-12-30 03:00:00,1215.0962999947137,1188.2214800021147,1215.0962999947137,1188.2214800021147,0.1642009137629506,,,2022-12-30 02:00:00
2022-12-30 03:00:00,ETHUSD,exit,long,0.9344769567541659,0.0,1198.1,0.0,-1.1179444631247482,,,,,,,,,,,2022-12-30 03:00:00
2022-12-30 06:00:00,ETHUSD,entry,long,0.0,0.9685987361438021,1194.6,0.0,0.23101623231980944,stop_loss,2.0,2022-12-30 07:00:00,1211.6274657782983,1185.7590136886809,1211.6274657782983,1185.7590136886809,-1.0322866245381268,,,2022-12-30 06:00:00
2022-12-30 07:00:00,ETHUSD,exit,long,0.9685987361438021,0.0,1188.0500000000002,1.0,2.2327554732194015,,,,,,,,,,,2022-12-30 07:00:00
2022-12-30 07:30:00,ETHUSD,entry,long,0.0,0.9473661064456458,1188.0500000000002,1.0,1.8255792335681853,r_trailing_stop,4.0,2022-12-30 09:30:00,1206.9116292938356,1180.5753482824657,1206.9116292938356,1180.5753482824657,0.5490348819162068,,,2022-12-30 07:30:00
2022-12-30 09:30:00,ETHUSD,exit,long,0.9473661064456458,0.0,1192.5500000000002,0.0,1.600237403136308,,,,,,,,,,,2022-12-30 09:30:00
2022-12-30 13:00:00,ETHUSD,entry,long,0.0,0.9886947164473323,1191.0500000000002,0.0,1.2789342826466952,stop_loss,3.0,2022-12-30 14:30:00,1210.389001288754,1185.0643994844984,1210.389001288754,1185.0643994844984,-1.0329564905482445,,,2022-12-30 13:00:00
2022-12-30 14:30:00,ETHUSD,exit,long,0.9886947164473323,0.0,1189.0500000000002,1.0,1.7555722988486604,,,,,,,,,,,2022-12-30 14:30:00
2022-12-30 15:00:00,ETHUSD,entry,long,0.0,0.9560900086386377,1193.85,1.0,0.3723798532696502,r_trailing_stop,1.0,2022-12-30 15:30:00,1207.7556703227106,1181.6377318709156,1207.7556703227106,1181.6377318709156,0.5912652726593484,,,2022-12-30 15:00:00
2022-12-30 15:30:00,ETHUSD,exit,long,0.9560900086386377,0.0,1195.0,1.0,-0.32032109135577785,,,,,,,,,,,2022-12-30 15:30:00
2022-12-30 16:00:00,ETHUSD,entry,long,0.0,0.9186808916769659,1192.35,1.0,0.3720736989574323,r_trailing_stop,6.0,2022-12-30 19:00:00,1214.35922258466,1187.046310966136,1214.35922258466,1187.046310966136,0.13581561451360558,,,2022-12-30 16:00:00
2022-12-30 19:00:00,ETHUSD,exit,long,0.9186808916769659,0.0,1196.45,0.0,-0.5066482167310045,,,,,,,,,,,2022-12-30 19:00:00
2022-12-30 21:30:00,ETHUSD,entry,long,0.0,0.9773523242768202,1198.5,0.0,-0.7274242569280411,stop_loss,16.0,2022-12-31 05:30:00,1218.417104613036,1192.6331581547856,1218.417104613036,1192.6331581547856,-1.0325784108092273,,,2022-12-30 21:30:00
2022-12-31 05:30:00,ETHUSD,exit,long,0.9773523242768202,0.0,1192.55,0.0,0.5088170997680902,,,,,,,,,,,2022-12-31 05:30:00
2023-01-04 01:30:00,ETHUSD,entry,long,0.0,1.0,1223.75,1.0,4.0,r_trailing_stop,1.0,2023-01-04 02:00:00,1240.1721425451337,1219.7711429819465,1240.1721425451337,1219.7711429819465,-0.3508612398049276,,,2023-01-04 01:30:00
2023-01-04 02:00:00,ETHUSD,exit,long,1.0,0.0,1227.25,1.0,4.0,,,,,,,,,,,2023-01-04 02:00:00
2023-01-04 02:30:00,ETHUSD,entry,long,0.0,1.0,1231.5,1.0,4.0,r_trailing_stop,1.0,2023-01-04 03:00:00,1242.3734899271744,1221.3406040291302,1242.3734899271744,1221.3406040291302,0.6663781217632554,,,2023-01-04 02:30:00
2023-01-04 03:00:00,ETHUSD,exit,long,1.0,0.0,1247.45,1.0,0.7323004121411986,,,,,,,,,,,2023-01-04 03:00:00
2023-01-04 03:30:00,ETHUSD,entry,long,0.0,1.0,1250.75,1.0,1.3854662828774253,r_trailing_stop,1.0,2023-01-04 04:00:00,1264.9115859292215,1240.5353656283114,1264.9115859292215,1240.5353656283114,0.4379985850226778,,,2023-01-04 03:30:00
2023-01-04 04:00:00,ETHUSD,exit,long,1.0,0.0,1250.1,1.0,1.104730130091881,,,,,,,,,,,2023-01-04 04:00:00
2023-01-04 04:30:00,ETHUSD,entry,long,0.0,1.0,1250.35,0.0,1.065108916830385,r_trailing_stop,1.0,2023-01-04 05:00:00,1268.0283842929407,1242.9986462828238,1268.0283842929407,1242.9986462828238,-4.195009944361397e-06,,,2023-01-04 04:30:00
2023-01-04 05:00:00,ETHUSD,exit,long,1.0,0.0,1248.85,0.0,1.9803094767841791,,,,,,,,,,,2023-01-04 05:00:00
2023-01-04 07:00:00,ETHUSD,entry,short,0.0,-1.0,1249.8,-1.0,0.945696394664848,r_trailing_stop,1.0,2023-01-04 07:30:00,1257.5506405469496,1232.873398632626,1232.873398632626,1257.5506405469496,0.05671825096417099,,,2023-01-04 07:00:00
2023-01-04 07:30:00,ETHUSD,exit,short,-1.0,0.0,1251.9,-1.0,0.6909880958639301,,,,,,,,,,,2023-01-04 07:30:00
2023-01-04 12:00:00,ETHUSD,entry,short,0.0,-1.0,1254.65,0.0,0.6659725412070289,r_trailing_stop,7.0,2023-01-04 15:30:00,1258.674642796861,1234.4383930078475,1234.4383930078475,1258.674642796861,0.2237877166317327,,,2023-01-04 12:00:00
2023-01-04 15:30:00,ETHUSD,exit,short,-1.0,0.0,1255.65,0.0,-0.7903021898698546,,,,,,,,,,,2023-01-04 15:30:00
2023-01-05 07:30:00,ETHUSD,entry,long,0.0,1.0,1250.9,0.0,0.8060050247944608,r_trailing_stop,2.0,2023-01-05 08:30:00,1266.2694340824382,1241.3922263670247,1266.2694340824382,1241.3922263670247,0.1299180058218088,,,2023-01-05 07:30:00
2023-01-05 08:30:00,ETHUSD,exit,long,1.0,0.0,1250.75,1.0,0.928608110700271,,,,,,,,,,,2023-01-05 08:30:00
2023-01-05 09:00:00,ETHUSD,entry,long,0.0,1.0,1248.7,1.0,1.001827728087572,r_trailing_stop,6.0,2023-01-05 12:00:00,1268.1986085102426,1243.7005565959028,1268.1986085102426,1243.7005565959028,0.42145195820099923,,,2023-01-05 09:00:00
2023-01-05 12:00:00,ETHUSD,exit,long,1.0,0.0,1252.05,1.0,-0.01435888264566018,,,,,,,,,,,2023-01-05 12:00:00
2023-01-05 12:30:00,ETHUSD,entry,long,0.0,1.0,1253.0,0.0,0.7386319491090523,stop_loss,4.0,2023-01-05 14:30:00,1269.511520331865,1245.135391867254,1269.511520331865,1245.135391867254,-1.0359560789676652,,,2023-01-05 12:30:00
2023-01-05 14:30:00,ETHUSD,exit,long,1.0,0.0,1248.35,1.0,1.027490655576165,,,,,,,,,,,2023-01-05 14:30:00
2023-01-05 15:00:00,ETHUSD,entry,long,0.0,1.0,1250.35,1.0,0.6867059625703463,r_trailing_stop,1.0,2023-01-05 15:30:00,1266.304308411386,1241.098276635446,1266.304308411386,1241.098276635446,0.24304460354793336,,,2023-01-05 15:00:00
2023-01-05 15:30:00,ETHUSD,exit,long,1.0,0.0,1249.25,1.0,0.5917203430443221,,,,,,,,,,,2023-01-05 15:30:00
2023-01-05 16:00:00,ETHUSD,entry,long,0.0,1.0,1248.1,0.0,0.441447202547041,r_trailing_stop,8.0,2023-01-05 20:00:00,1267.5188201740616,1242.0824719303753,1267.5188201740616,1242.0824719303753,0.4724293286740203,,,2023-01-05 16:00:00
2023-01-05 20:00:00,ETHUSD,exit,long,1.0,0.0,1252.4499999999998,0.0,-1.0080033142150635,,,,,,,,,,,2023-01-05 20:00:00
2023-01-06 09:30:00,ETHUSD,entry,short,0.0,-1.0,1247.75,0.0,4.0,r_trailing_stop,4.0,2023-01-06 11:30:00,1254.417858434096,1232.65535391476,1232.65535391476,1254.417858434096,0.8363587005267982,,,2023-01-06 09:30:00
2023-01-06 11:30:00,ETHUSD,exit,short,-1.0,0.0,1243.45,-1.0,4.0,,,,,,,,,,,2023-01-06 11:30:00
2023-01-06 12:00:00,ETHUSD,entry,short,0.0,-1.0,1241.85,-1.0,4.0,r_trailing_stop,3.0,2023-01-06 13:30:00,1249.7378314691596,1227.5554213271012,1227.5554213271012,1249.7378314691596,0.30243757408730443,,,2023-01-06 12:00:00
2023-01-06 13:30:00,ETHUSD,exit,short,-1.0,0.0,1250.3,-1.0,4.0,,,,,,,,,,,2023-01-06 13:30:00
2023-01-06 14:00:00,ETHUSD,entry,short,0.0,-1.0,1250.65,-1.0,4.0,r_trailing_stop,2.0,2023-01-06 15:00:00,1257.3157450300407,1232.9356374248978,1232.9356374248978,1257.3157450300407,0.24404137571337534,,,2023-01-06 14:00:00
2023-01-06 15:00:00,ETHUSD,exit,short,-1.0,0.0,1250.25,-1.0,4.0,,,,,,,,,,,2023-01-06 15:00:00
2023-01-07 01:00:00,ETHUSD,entry,short,0.0,-0.9728677602533568,1269.05,0.0,-1.1695168246960104,r_trailing_stop,11.0,2023-01-07 06:30:00,1278.3355973046273,1250.9110067384318,1250.9110067384318,1278.3355973046273,0.7959729561628301,,,2023-01-07 01:00:00
2023-01-07 06:30:00,ETHUSD,exit,short,-0.9728677602533568,0.0,1264.55,0.0,-0.1907063440312794,,,,,,,,,,,2023-01-07 06:30:00
2023-01-10 10:30:00,ETHUSD,entry,short,0.0,-0.82498805650222,1333.6,0.0,0.22874334726098525,r_trailing_stop,4.0,2023-01-10 12:30:00,1343.0472312955883,1309.1069217610288,1309.1069217610288,1343.0472312955883,0.5577997441411197,,,2023-01-10 10:30:00
2023-01-10 12:30:00,ETHUSD,exit,short,-0.82498805650222,0.0,1325.6,0.0,2.6245009869615465,,,,,,,,,,,2023-01-10 12:30:00
2023-01-10 15:00:00,ETHUSD,entry,short,0.0,-0.8168067000339657,1335.45,0.0,-0.8389152202850971,r_trailing_stop,4.0,2023-01-10 17:00:00,1341.985913851671,1307.7352153708227,1307.7352153708227,1341.985913851671,0.15708021249800783,,,2023-01-10 15:00:00
2023-01-10 17:00:00,ETHUSD,exit,short,-0.8168067000339657,0.0,1330.55,0.0,0.47491153614575254,,,,,,,,,,,2023-01-10 17:00:00
2023-01-10 18:30:00,ETHUSD,entry,short,0.0,-0.8149819354099286,1341.05,-1.0,-1.5268714615197208,stop_loss,3.0,2023-01-10 20:00:00,1345.6343284087254,1311.214178978186,1311.214178978186,1345.6343284087254,-1.0271660645136642,,,2023-01-10 18:30:00
2023-01-10 20:00:00,ETHUSD,exit,short,-0.8149819354099286,0.0,1341.75,0.0,-1.8188033915637676,,,,,,,,,,,2023-01-10 20:00:00
2023-01-11 01:00:00,ETHUSD,entry,short,0.0,-0.8286916314949724,1335.65,-1.0,-0.3486573818969282,r_trailing_stop,5.0,2023-01-11 03:30:00,1347.637198102288,1313.7320047442802,1313.7320047442802,1347.637198102288,0.6691728538584293,,,2023-01-11 01:00:00
2023-01-11 03:30:00,ETHUSD,exit,short,-0.8286916314949724,0.0,1330.9,0.0,-1.6773439721818355,,,,,,,,,,,2023-01-11 03:30:00
2023-01-11 19:30:00,ETHUSD,entry,short,0.0,-0.877073988646349,1342.8,0.0,4.0,stop_loss,5.0,2023-01-11 22:00:00,1349.972316251695,1317.869209370762,1317.869209370762,1349.972316251695,-1.0292357996215449,,,2023-01-11 19:30:00
2023-01-11 22:00:00,ETHUSD,exit,short,-0.877073988646349,0.0,1347.6999999999998,-1.0,4.0,,,,,,,,,,,2023-01-11 22:00:00
2023-01-11 22:30:00,ETHUSD,entry,short,0.0,-0.8540269508699111,1349.45,-1.0,4.0,stop_loss,1.0,2023-01-11 23:00:00,1357.2186707389774,1324.0783231525565,1324.0783231525565,1357.2186707389774,-1.028467565028997,,,2023-01-11 22:30:00
2023-01-11 23:00:00,ETHUSD,exit,short,-0.8540269508699111,0.0,1368.4,0.0,4.0,,,,,,,,,,,2023-01-11 23:00:00
2023-01-13 11:00:00,ETHUSD,entry,long,0.0,0.6167346581957265,1412.25,0.0,4.0,stop_loss,3.0,2023-01-13 12:30:00,1451.0540390549227,1402.8183843780307,1451.0540390549227,1402.8183843780307,-1.020557821939869,,,2023-01-13 11:00:00
2023-01-13 12:30:00,ETHUSD,exit,long,0.6167346581957265,0.0,1406.55,1.0,4.0,,,,,,,,,,,2023-01-13 12:30:00
2023-01-13 13:00:00,ETHUSD,entry,long,0.0,0.6262828025953241,1405.35,0.0,4.0,r_trailing_stop,4.0,2023-01-13 15:00:00,1440.3404508834706,1393.173819646612,1440.3404508834706,1393.173819646612,0.20915941506313718,,,2023-01-13 13:00:00
2023-01-13 15:00:00,ETHUSD,exit,long,0.6262828025953241,0.0,1423.85,1.0,4.0,,,,,,,,,,,2023-01-13 15:00:00
2023-01-13 15:30:00,ETHUSD,entry,long,0.0,0.6251133138942717,1422.15,0.0,4.0,stop_loss,1.0,2023-01-13 16:00:00,1457.9138060257537,1410.0844775896985,1457.9138060257537,1410.0844775896985,-1.0208371104631424,,,2023-01-13 15:30:00
2023-01-13 16:00:00,ETHUSD,exit,long,0.6251133138942717,0.0,1411.65,1.0,4.0,,,,,,,,,,,2023-01-13 16:00:00
2023-01-13 16:30:00,ETHUSD,entry,long,0.0,0.6064262320759326,1411.45,0.0,4.0,r_trailing_stop,2.0,2023-01-13 17:30:00,1446.6185092595872,1397.7325962961652,1446.6185092595872,1397.7325962961652,0.5525479297115928,,,2023-01-13 16:30:00
2023-01-13 17:30:00,ETHUSD,exit,long,0.6064262320759326,0.0,1417.0,1.0,4.0,,,,,,,,,,,2023-01-13 17:30:00
2023-01-13 18:00:00,ETHUSD,entry,long,0.0,0.5977579932473477,1418.85,1.0,4.0,r_trailing_stop,1.0,2023-01-13 18:30:00,1452.7116323665018,1402.9253470533995,1452.7116323665018,1402.9253470533995,0.09607053368050933,,,2023-01-13 18:00:00
2023-01-13 18:30:00,ETHUSD,exit,long,0.5977579932473477,0.0,1416.3,0.0,4.0,,,,,,,,,,,2023-01-13 18:30:00
2023-01-15 14:00:00,ETHUSD,entry,short,0.0,-0.5404850000742465,1532.35,0.0,4.0,stop_loss,3.0,2023-01-15 15:30:00,1548.7541721763555,1489.2395695591113,1489.2395695591113,1548.7541721763555,-1.0180161666691414,,,2023-01-15 14:00:00
2023-01-15 15:30:00,ETHUSD,exit,short,-0.5404850000742465,0.0,1556.85,-1.0,1.4530678696847068,,,,,,,,,,,2023-01-15 15:30:00
2023-01-15 16:00:00,ETHUSD,entry,short,0.0,-0.5429301024314858,1550.65,-1.0,2.0150991493729284,r_trailing_stop,1.0,2023-01-15 16:30:00,1574.105529695563,1513.8861757610925,1513.8861757610925,1574.105529695563,0.34225159609696115,,,2023-01-15 16:00:00
2023-01-15 16:30:00,ETHUSD,exit,short,-0.5429301024314858,0.0,1545.6,0.0,3.128073118827197,,,,,,,,,,,2023-01-15 16:30:00
2023-01-15 17:30:00,ETHUSD,entry,short,0.0,-0.5190350510241323,1551.85,-1.0,2.722881959640272,r_trailing_stop,1.0,2023-01-15 18:00:00,1576.2632343308069,1513.2169141729828,1513.2169141729828,1576.2632343308069,0.3435446342590682,,,2023-01-15 17:30:00
2023-01-15 18:00:00,ETHUSD,exit,short,-0.5190350510241323,0.0,1543.45,0.0,3.1768795801096426,,,,,,,,,,,2023-01-15 18:00:00
2023-01-15 19:00:00,ETHUSD,entry,short,0.0,-0.4990965794290075,1551.25,0.0,1.7420995454295347,stop_loss,12.0,2023-01-16 01:00:00,1566.6602257214952,1501.524435696262,1501.524435696262,1566.6602257214952,-1.0166365526476335,,,2023-01-15 19:00:00
2023-01-16 01:00:00,ETHUSD,exit,short,-0.4990965794290075,0.0,1566.9499999999998,-1.0,-2.408440353083003,,,,,,,,,,,2023-01-16 01:00:00
2023-01-16 01:30:00,ETHUSD,entry,short,0.0,-0.48383406959783604,1568.6,0.0,-2.4877736728014863,r_trailing_stop,14.0,2023-01-16 08:30:00,1586.4322818312794,1518.4192954218015,1518.4192954218015,1586.4322818312794,1.3450093111519668,,,2023-01-16 01:30:00
2023-01-16 08:30:00,ETHUSD,exit,short,-0.48383406959783604,0.0,1538.15,0.0,4.0,,,,,,,,,,,2023-01-16 08:30:00
2023-01-19 16:30:00,ETHUSD,entry,short,0.0,-0.5019801930392485,1534.85,0.0,1.3169264344295102,r_trailing_stop,3.0,2023-01-19 18:00:00,1555.1182546201162,1490.8293634497095,1490.8293634497095,1555.1182546201162,0.4051909206359276,,,2023-01-19 16:30:00
2023-01-19 18:00:00,ETHUSD,exit,short,-0.5019801930392485,0.0,1533.95,0.0,1.4949525614525296,,,,,,,,,,,2023-01-19 18:00:00
2023-01-20 22:30:00,ETHUSD,entry,long,0.0,0.5278941597950453,1651.45,1.0,-1.057578840629475,r_trailing_stop,2.0,2023-01-20 23:30:00,1698.8898070431778,1633.1740771827285,1698.8898070431778,1633.1740771827285,0.2250481802238576,,,2023-01-20 22:30:00
2023-01-20 23:30:00,ETHUSD,exit,long,0.5278941597950453,0.0,1658.55,0.0,-1.22647983843299,,,,,,,,,,,2023-01-20 23:30:00
2023-01-21 16:00:00,ETHUSD,entry,long,0.0,0.4873970637933285,1656.1999999999998,1.0,-3.180789768367862,r_trailing_stop,2.0,2023-01-21 17:00:00,1698.7699403451525,1627.7620238619393,1698.7699403451525,1627.7620238619393,0.39921770687425495,,,2023-01-21 16:00:00
2023-01-21 17:00:00,ETHUSD,exit,long,0.4873970637933285,0.0,1656.45,0.0,-2.973897303353305,,,,,,,,,,,2023-01-21 17:00:00
2023-01-21 18:00:00,ETHUSD,entry,long,0.0,0.4928659506100568,1654.75,0.0,-2.5653361874558076,r_trailing_stop,3.0,2023-01-21 19:30:00,1705.9354039201978,1635.3958384319208,1705.9354039201978,1635.3958384319208,0.3488211338343095,,,2023-01-21 18:00:00
2023-01-21 19:30:00,ETHUSD,exit,long,0.4928659506100568,0.0,1663.65,0.0,-3.680785860075048,,,,,,,,,,,2023-01-21 19:30:00
2023-01-21 23:00:00,ETHUSD,entry,long,0.0,0.4832044173882912,1628.45,1.0,-0.6537290418225654,r_trailing_stop,1.0,2023-01-21 23:30:00,1678.6922738724156,1607.9330904510339,1678.6922738724156,1607.9330904510339,0.0012054265732865108,,,2023-01-21 23:00:00
2023-01-21 23:30:00,ETHUSD,exit,long,0.4832044173882912,0.0,1626.5500000000002,1.0,-0.19409906321529544,,,,,,,,,,,2023-01-21 23:30:00
2023-01-22 00:00:00,ETHUSD,entry,long,0.0,0.4735677320214715,1634.6,1.0,-1.2595036132515838,r_trailing_stop,1.0,2023-01-22 00:30:00,1678.0185016847681,1605.8925993260927,1678.0185016847681,1605.8925993260927,0.2024851016991894,,,2023-01-22 00:00:00
2023-01-22 00:30:00,ETHUSD,exit,long,0.4735677320214715,0.0,1632.35,0.0,0.11716186062560398,,,,,,,,,,,2023-01-22 00:30:00
2023-01-22 01:30:00,ETHUSD,entry,long,0.0,0.4765643890919517,1624.6,1.0,0.7288768471365031,max_holding_close,23.0,2023-01-22 13:00:00,1676.6115021140315,1604.9853991543876,1676.6115021140315,1604.9853991543876,0.35304426675630896,,,2023-01-22 01:30:00
2023-01-22 13:00:00,ETHUSD,exit,long,0.4765643890919517,0.0,1633.0,0.0,0.8305748775324923,,,,,,,,,,,2023-01-22 13:00:00
2023-01-22 16:00:00,ETHUSD,entry,short,0.0,-0.5505029712005927,1638.45,-1.0,-0.8823304581966878,stop_loss,3.0,2023-01-22 17:30:00,1653.5782416507136,1591.179395873216,1591.179395873216,1653.5782416507136,-1.0183500990400196,,,2023-01-22 16:00:00
2023-01-22 17:30:00,ETHUSD,exit,short,-0.5505029712005927,0.0,1656.65,0.0,-2.6479996914092605,,,,,,,,,,,2023-01-22 17:30:00
2023-01-22 21:00:00,ETHUSD,entry,long,0.0,0.5166471054871107,1618.1,1.0,1.7147830748872497,r_trailing_stop,2.0,2023-01-22 22:00:00,1660.8598386459053,1595.256064541638,1660.8598386459053,1595.256064541638,0.5783930099876732,,,2023-01-22 21:00:00
2023-01-22 22:00:00,ETHUSD,exit,long,0.5166471054871107,0.0,1623.8000000000002,0.0,1.4734733202189958,,,,,,,,,,,2023-01-22 22:00:00
2023-01-23 15:00:00,ETHUSD,entry,long,0.0,0.5385994121634857,1621.65,0.0,1.5062181646352448,r_trailing_stop,2.0,2023-01-23 16:00:00,1643.8919164191698,1581.533233432332,1643.8919164191698,1581.533233432332,1.2336767121306662,,,2023-01-23 15:00:00
2023-01-23 16:00:00,ETHUSD,exit,long,0.5385994121634857,0.0,1614.55,0.0,2.6250661567963762,,,,,,,,,,,2023-01-23 16:00:00
2023-01-25 15:00:00,ETHUSD,entry,short,0.0,-0.5318478747469524,1540.6999999999998,-1.0,4.0,r_trailing_stop,1.0,2023-01-25 15:30:00,1553.7833399224096,1493.1166501939763,1493.1166501939763,1553.7833399224096,-0.260035862688694,,,2023-01-25 15:00:00
2023-01-25 15:30:00,ETHUSD,exit,short,-0.5318478747469524,0.0,1544.65,-1.0,4.0,,,,,,,,,,,2023-01-25 15:30:00
2023-01-25 16:00:00,ETHUSD,entry,short,0.0,-0.5232978309028059,1551.5500000000002,-1.0,4.0,stop_loss,7.0,2023-01-25 19:30:00,1562.3099912377074,1500.3250219057313,1500.3250219057313,1562.3099912377074,-1.0174432610300934,,,2023-01-25 16:00:00
2023-01-25 19:30:00,ETHUSD,exit,short,-0.5232978309028059,0.0,1561.85,0.0,4.0,,,,,,,,,,,2023-01-25 19:30:00
2023-01-25 22:00:00,ETHUSD,entry,short,0.0,-0.5068085094131006,1617.0,0.0,-0.9397075589544557,r_trailing_stop,1.0,2023-01-25 22:30:00,1642.5179093663583,1575.255226584105,1575.255226584105,1642.5179093663583,0.31352733979210723,,,2023-01-25 22:00:00
2023-01-25 22:30:00,ETHUSD,exit,short,-0.5068085094131006,0.0,1587.1,0.0,1.442923957681394,,,,,,,,,,,2023-01-25 22:30:00
2023-01-26 11:00:00,ETHUSD,entry,short,0.0,-0.4821265654546146,1604.25,0.0,-0.2178747967469443,r_trailing_stop,10.0,2023-01-26 16:00:00,1622.5441405825316,1552.7396485436707,1552.7396485436707,1622.5441405825316,0.5662381809909782,,,2023-01-26 11:00:00
2023-01-26 16:00:00,ETHUSD,exit,short,-0.4821265654546146,0.0,1590.35,0.0,-1.9685438756835119,,,,,,,,,,,2023-01-26 16:00:00
2023-01-31 06:00:00,ETHUSD,entry,long,0.0,0.5391917731221086,1565.35,0.0,2.9989439714047994,r_trailing_stop,4.0,2023-01-31 08:00:00,1605.8650548622013,1545.0139780551197,1605.8650548622013,1545.0139780551197,0.7932402709602409,,,2023-01-31 06:00:00
2023-01-31 08:00:00,ETHUSD,exit,long,0.5391917731221086,0.0,1573.6,0.0,1.7918639245309111,,,,,,,,,,,2023-01-31 08:00:00
2023-01-31 14:00:00,ETHUSD,entry,long,0.0,0.5925682267142368,1582.5500000000002,0.0,0.11223530349156254,r_trailing_stop,4.0,2023-01-31 16:00:00,1627.4801833554639,1571.2279266578148,1627.4801833554639,1571.2279266578148,0.07046632851203034,,,2023-01-31 14:00:00
2023-01-31 16:00:00,ETHUSD,exit,long,0.5925682267142368,0.0,1589.6,0.0,-0.7222081135006788,,,,,,,,,,,2023-01-31 16:00:00
2023-01-31 22:30:00,ETHUSD,entry,long,0.0,0.5762489307001382,1590.35,1.0,-1.7630912643064054,r_trailing_stop,1.0,2023-01-31 23:00:00,1613.4841323572446,1556.1763470571025,1613.4841323572446,1556.1763470571025,1.0709577185466166,,,2023-01-31 22:30:00
2023-01-31 23:00:00,ETHUSD,exit,long,0.5762489307001382,0.0,1582.95,0.0,-0.058006406510156476,,,,,,,,,,,2023-01-31 23:00:00
2023-02-01 00:30:00,ETHUSD,entry,long,0.0,0.5545249055234717,1583.1999999999998,1.0,-0.48372175207893436,r_trailing_stop,3.0,2023-02-01 02:00:00,1624.5366264682962,1564.6353494126815,1624.5366264682962,1564.6353494126815,0.35378181839156025,,,2023-02-01 00:30:00
2023-02-01 02:00:00,ETHUSD,exit,long,0.5545249055234717,0.0,1583.45,0.0,0.0584768731529531,,,,,,,,,,,2023-02-01 02:00:00
2023-02-01 06:30:00,ETHUSD,entry,long,0.0,0.5987592131319281,1575.1,1.0,0.6897474092366744,r_trailing_stop,14.0,2023-02-01 13:30:00,1618.6593077826778,1563.2762768869288,1618.6593077826778,1563.2762768869288,0.2608819587479375,,,2023-02-01 06:30:00
2023-02-01 13:30:00,ETHUSD,exit,long,0.5987592131319281,0.0,1581.5,0.0,4.0,,,,,,,,,,,2023-02-01 13:30:00
2023-02-02 14:30:00,ETHUSD,entry,short,0.0,-0.5809203077670245,1656.65,0.0,-1.8757438057102649,r_trailing_stop,1.0,2023-02-02 15:00:00,1701.3930913843215,1640.5172715391964,1640.5172715391964,1701.3930913843215,1.54160059345,,,2023-02-02 14:30:00
2023-02-02 15:00:00,ETHUSD,exit,short,-0.5809203077670245,0.0,1664.1999999999998,0.0,-2.9321992757177138,,,,,,,,,,,2023-02-02 15:00:00
2023-02-03 13:30:00,ETHUSD,entry,short,0.0,-0.5337203607107246,1637.0,-1.0,2.152491170905426,r_trailing_stop,1.0,2023-02-03 14:00:00,1666.5771178090945,1601.7322054772637,1601.7322054772637,1666.5771178090945,0.581331112101699,,,2023-02-03 13:30:00
2023-02-03 14:00:00,ETHUSD,exit,short,-0.5337203607107246,0.0,1633.85,0.0,1.9395349313742425,,,,,,,,,,,2023-02-03 14:00:00
2023-02-03 15:30:00,ETHUSD,entry,short,0.0,-0.48619056913671216,1664.25,0.0,-0.964842286901149,r_trailing_stop,3.0,2023-02-03 17:00:00,1687.1672438643873,1615.1818903390317,1615.1818903390317,1687.1672438643873,0.18840751631356384,,,2023-02-03 15:30:00
2023-02-03 17:00:00,ETHUSD,exit,short,-0.48619056913671216,0.0,1664.5500000000002,0.0,-1.6372139996466415,,,,,,,,,,,2023-02-03 17:00:00
2023-02-04 06:30:00,ETHUSD,entry,short,0.0,-0.5625567369312731,1653.9,0.0,2.873736667693377,stop_loss,13.0,2023-02-04 13:00:00,1670.3775553184096,1608.681111703976,1608.681111703976,1670.3775553184096,-1.0187518912310425,,,2023-02-04 06:30:00
2023-02-04 13:00:00,ETHUSD,exit,short,-0.5625567369312731,0.0,1689.25,0.0,-2.7298638570328766,,,,,,,,,,,2023-02-04 13:00:00
2023-02-08 15:00:00,ETHUSD,entry,short,0.0,-0.6712047724090595,1662.05,-1.0,-4.0,r_trailing_stop,1.0,2023-02-08 15:30:00,1686.0886601707434,1633.803349573142,1633.803349573142,1686.0886601707434,0.6001722977512641,,,2023-02-08 15:00:00
2023-02-08 15:30:00,ETHUSD,exit,short,-0.6712047724090595,0.0,1653.15,-1.0,-4.0,,,,,,,,,,,2023-02-08 15:30:00
2023-02-08 16:00:00,ETHUSD,entry,short,0.0,-0.6472164001715476,1639.35,-1.0,-2.0083487032306957,r_trailing_stop,1.0,2023-02-08 16:30:00,1668.374549868284,1614.7386253292907,1614.7386253292907,1668.374549868284,0.885467443848629,,,2023-02-08 16:00:00
2023-02-08 16:30:00,ETHUSD,exit,short,-0.6472164001715476,0.0,1653.35,0.0,-3.5258740952689567,,,,,,,,,,,2023-02-08 16:30:00
2023-02-08 23:30:00,ETHUSD,entry,short,0.0,-0.6099665019089706,1650.35,0.0,-2.127705574185615,r_trailing_stop,8.0,2023-02-09 03:30:00,1664.7661364092028,1608.0096589769937,1608.0096589769937,1664.7661364092028,1.9160106461837472,,,2023-02-08 23:30:00
2023-02-09 03:30:00,ETHUSD,exit,short,-0.6099665019089706,0.0,1619.35,0.0,1.5195407882825178,,,,,,,,,,,2023-02-09 03:30:00
2023-02-09 07:00:00,ETHUSD,entry,short,0.0,-0.5929802335655784,1629.85,0.0,-4.0,r_trailing_stop,12.0,2023-02-09 13:00:00,1651.0889998601285,1593.2025003496792,1593.2025003496792,1651.0889998601285,-0.1376691468199847,,,2023-02-09 07:00:00
2023-02-09 13:00:00,ETHUSD,exit,short,-0.5929802335655784,0.0,1634.75,0.0,-4.0,,,,,,,,,,,2023-02-09 13:00:00
2023-02-09 16:30:00,ETHUSD,entry,short,0.0,-0.6323167549757598,1622.15,-1.0,-4.0,r_trailing_stop,1.0,2023-02-09 17:00:00,1641.1261292670852,1587.1346768322865,1587.1346768322865,1641.1261292670852,0.2058105403520836,,,2023-02-09 16:30:00
2023-02-09 17:00:00,ETHUSD,exit,short,-0.6323167549757598,0.0,1627.1999999999998,-1.0,-4.0,,,,,,,,,,,2023-02-09 17:00:00
2023-02-09 17:30:00,ETHUSD,entry,short,0.0,-0.6300626364779363,1623.65,-1.0,-4.0,r_trailing_stop,1.0,2023-02-09 18:00:00,1642.4936976656318,1588.2657558359206,1588.2657558359206,1642.4936976656318,0.19844197727055105,,,2023-02-09 17:30:00
2023-02-09 18:00:00,ETHUSD,exit,short,-0.6300626364779363,0.0,1626.3,-1.0,-4.0,,,,,,,,,,,2023-02-09 18:00:00
2023-02-09 18:30:00,ETHUSD,entry,short,0.0,-0.6199873455216508,1621.75,-1.0,-4.0,take_profit,1.0,2023-02-09 19:00:00,1641.8872566883454,1586.806858279137,1586.806858279137,1641.8872566883454,2.4793337551492782,,,2023-02-09 18:30:00
2023-02-09 19:00:00,ETHUSD,exit,short,-0.6199873455216508,0.0,1587.05,0.0,-4.0,,,,,,,,,,,2023-02-09 19:00:00
2023-02-10 12:30:00,ETHUSD,entry,short,0.0,-0.5262370212462515,1534.3000000000002,0.0,-2.086610504272877,r_trailing_stop,7.0,2023-02-10 16:00:00,1556.4966560260857,1495.0833599347852,1495.0833599347852,1556.4966560260857,0.9199593344738695,,,2023-02-10 12:30:00
2023-02-10 16:00:00,ETHUSD,exit,short,-0.5262370212462515,0.0,1522.15,0.0,-0.32279408067672627,,,,,,,,,,,2023-02-10 16:00:00
2023-02-10 20:00:00,ETHUSD,entry,short,0.0,-0.5081077775586981,1530.55,0.0,-1.1413720416456061,r_trailing_stop,4.0,2023-02-10 22:00:00,1552.6707617884504,1489.2480955288747,1489.2480955288747,1552.6707617884504,1.5917150910500977,,,2023-02-10 20:00:00
2023-02-10 22:00:00,ETHUSD,exit,short,-0.5081077775586981,0.0,1507.2,0.0,1.1468715205914763,,,,,,,,,,,2023-02-10 22:00:00
2023-02-11 08:00:00,ETHUSD,entry,short,0.0,-0.5650641769563802,1520.3,0.0,0.3638179534913865,r_trailing_stop,22.0,2023-02-11 19:00:00,1536.9482542552053,1480.4293643619865,1480.4293643619865,1536.9482542552053,0.34033647929641714,,,2023-02-11 08:00:00
2023-02-11 19:00:00,ETHUSD,exit,short,-0.5650641769563802,0.0,1517.05,0.0,2.2354364457354587,,,,,,,,,,,2023-02-11 19:00:00
2023-02-15 12:30:00,ETHUSD,entry,long,0.0,0.6378357382011123,1584.8,1.0,4.0,stop_loss,3.0,2023-02-15 14:00:00,1623.9632902008948,1571.7246839196423,1623.9632902008948,1571.7246839196423,-1.0212611912733585,,,2023-02-15 12:30:00
2023-02-15 14:00:00,ETHUSD,exit,long,0.6378357382011123,0.0,1575.8000000000002,1.0,4.0,,,,,,,,,,,2023-02-15 14:00:00
2023-02-15 14:30:00,ETHUSD,entry,long,0.0,0.6306497365738617,1572.3000000000002,0.0,4.0,r_trailing_stop,3.0,2023-02-15 16:00:00,1613.4339607932372,1560.9564156827053,1613.4339607932372,1560.9564156827053,0.16252089218182247,,,2023-02-15 14:30:00
2023-02-15 16:00:00,ETHUSD,exit,long,0.6306497365738617,0.0,1581.4,0.0,4.0,,,,,,,,,,,2023-02-15 16:00:00
2023-02-16 07:00:00,ETHUSD,entry,long,0.0,0.5624553661095035,1679.8000000000002,1.0,3.4553273127826065,r_trailing_stop,7.0,2023-02-16 10:30:00,1730.039565915847,1667.124173633661,1730.039565915847,1667.124173633661,0.15405634225106643,,,2023-02-16 07:00:00
2023-02-16 10:30:00,ETHUSD,exit,long,0.5624553661095035,0.0,1686.75,0.0,-4.0,,,,,,,,,,,2023-02-16 10:30:00
2023-02-16 15:00:00,ETHUSD,entry,short,0.0,-0.5685383563119887,1685.75,0.0,-2.2119216481580843,stop_loss,1.0,2023-02-16 15:30:00,1696.7696487944108,1634.7508780139733,1634.7508780139733,1696.7696487944108,-1.018951278543733,,,2023-02-16 15:00:00
2023-02-16 15:30:00,ETHUSD,exit,short,-0.5685383563119887,0.0,1724.1,0.0,-4.0,,,,,,,,,,,2023-02-16 15:30:00
2023-02-17 14:30:00,ETHUSD,entry,short,0.0,-0.5225003667059988,1657.6,0.0,3.8130325120383413,r_trailing_stop,1.0,2023-02-17 15:00:00,1684.170177968452,1617.2495550788708,1617.2495550788708,1684.170177968452,0.3748390842295238,,,2023-02-17 14:30:00
2023-02-17 15:00:00,ETHUSD,exit,short,-0.5225003667059988,0.0,1666.6,0.0,2.935852120354406,,,,,,,,,,,2023-02-17 15:00:00
2023-02-18 12:30:00,ETHUSD,entry,short,0.0,-0.5708900604027107,1698.9,0.0,0.01134198722469331,r_trailing_stop,13.0,2023-02-18 19:00:00,1714.279527444951,1651.8761813876217,1651.8761813876217,1714.279527444951,0.11557849788011794,,,2023-02-18 12:30:00
2023-02-18 19:00:00,ETHUSD,exit,short,-0.5708900604027107,0.0,1694.75,0.0,-0.06741220971455418,,,,,,,,,,,2023-02-18 19:00:00
2023-02-23 11:30:00,ETHUSD,entry,long,0.0,0.5699907972659344,1637.5,0.0,1.5017869190093522,r_trailing_stop,4.0,2023-02-23 13:30:00,1683.2612231601029,1622.8355107359587,1683.2612231601029,1622.8355107359587,1.3247991093277274,,,2023-02-23 11:30:00
2023-02-23 13:30:00,ETHUSD,exit,long,0.5699907972659344,0.0,1655.9,0.0,-0.21699061933907657,,,,,,,,,,,2023-02-23 13:30:00
2023-02-24 00:30:00,ETHUSD,entry,long,0.0,0.5220429349854082,1651.75,0.0,-0.6586829233655287,r_trailing_stop,2.0,2023-02-24 01:30:00,1699.6731067870744,1633.2107572851703,1699.6731067870744,1633.2107572851703,0.2617039591641516,,,2023-02-24 00:30:00
2023-02-24 01:30:00,ETHUSD,exit,long,0.5220429349854082,0.0,1653.85,0.0,-1.956096046400393,,,,,,,,,,,2023-02-24 01:30:00
2023-02-24 03:00:00,ETHUSD,entry,long,0.0,0.5332062300149597,1650.3000000000002,0.0,-3.228393430234952,r_trailing_stop,10.0,2023-02-24 08:00:00,1695.2349606545408,1630.2960157381835,1695.2349606545408,1630.2960157381835,0.14722407182118344,,,2023-02-24 03:00:00
2023-02-24 08:00:00,ETHUSD,exit,long,0.5332062300149597,0.0,1653.75,0.0,-4.0,,,,,,,,,,,2023-02-24 08:00:00
2023-02-24 16:30:00,ETHUSD,entry,long,0.0,0.5310207449562743,1593.65,1.0,0.8906492263290784,r_trailing_stop,1.0,2023-02-24 17:00:00,1633.2168912209104,1570.4032435116358,1633.2168912209104,1570.4032435116358,0.2748312767935542,,,2023-02-24 16:30:00
2023-02-24 17:00:00,ETHUSD,exit,long,0.5310207449562743,0.0,1594.15,0.0,0.5128782480992191,,,,,,,,,,,2023-02-24 17:00:00
2023-02-24 18:30:00,ETHUSD,entry,long,0.0,0.5322629783308453,1596.75,0.0,0.45824191278954,r_trailing_stop,4.0,2023-02-24 20:30:00,1640.926357504842,1577.9594569980634,1640.926357504842,1577.9594569980634,1.146758605217135,,,2023-02-24 18:30:00
2023-02-24 20:30:00,ETHUSD,exit,long,0.5322629783308453,0.0,1611.75,1.0,-0.8494749580943963,,,,,,,,,,,2023-02-24 20:30:00
2023-02-24 21:00:00,ETHUSD,entry,long,0.0,0.5199270526097551,1606.2,0.0,-0.4921762007020613,max_holding_close,23.0,2023-02-25 08:30:00,1658.197869034996,1593.1008523860014,1658.197869034996,1593.1008523860014,-0.4393932544440418,,,2023-02-24 21:00:00
2023-02-25 08:30:00,ETHUSD,exit,long,0.5199270526097551,0.0,1603.85,0.0,-4.0,,,,,,,,,,,2023-02-25 08:30:00
2023-03-03 13:30:00,ETHUSD,entry,long,0.0,0.6226224743249025,1573.45,0.0,-0.25384209094649657,r_trailing_stop,2.0,2023-03-03 14:30:00,1607.7214744424914,1554.7714102230036,1607.7214744424914,1554.7714102230036,0.2667809795554714,,,2023-03-03 13:30:00
2023-03-03 14:30:00,ETHUSD,exit,long,0.6226224743249025,0.0,1571.75,0.0,0.02618210385660855,,,,,,,,,,,2023-03-03 14:30:00
2023-03-03 19:00:00,ETHUSD,entry,long,0.0,0.6211750266164799,1560.05,0.0,1.3550408298851189,r_trailing_stop,2.0,2023-03-03 20:00:00,1597.465712556802,1544.7337149772795,1597.465712556802,1544.7337149772795,0.31338776209047337,,,2023-03-03 19:00:00
2023-03-03 20:00:00,ETHUSD,exit,long,0.6211750266164799,0.0,1563.85,0.0,0.7229653639448732,,,,,,,,,,,2023-03-03 20:00:00
2023-03-03 21:30:00,ETHUSD,entry,long,0.0,0.6198782983693973,1559.5500000000002,0.0,1.2865226481375374,r_trailing_stop,8.0,2023-03-04 01:30:00,1596.264257881744,1543.4642968473026,1596.264257881744,1543.4642968473026,0.8675956213323384,,,2023-03-03 21:30:00
2023-03-04 01:30:00,ETHUSD,exit,long,0.6198782983693973,0.0,1571.5,0.0,-0.4204515811234675,,,,,,,,,,,2023-03-04 01:30:00
2023-03-06 02:00:00,ETHUSD,entry,long,0.0,0.9024713396103605,1557.95,1.0,2.457207587055504,r_trailing_stop,17.0,2023-03-06 10:30:00,1588.0128743557843,1551.6648502576866,1588.0128743557843,1551.6648502576866,0.2783913974584309,,,2023-03-06 02:00:00
2023-03-06 10:30:00,ETHUSD,exit,long,0.9024713396103605,0.0,1567.85,0.0,0.33981287000719257,,,,,,,,,,,2023-03-06 10:30:00
2023-03-08 15:30:00,ETHUSD,entry,short,0.0,-0.8652591467855327,1560.25,0.0,-3.4366825878014744,r_trailing_stop,3.0,2023-03-08 17:00:00,1568.6526595670496,1530.8433510823756,1530.8433510823756,1568.6526595670496,-0.2834089124995094,,,2023-03-08 15:30:00
2023-03-08 17:00:00,ETHUSD,exit,short,-0.8652591467855327,0.0,1556.75,0.0,-3.018054718334451,,,,,,,,,,,2023-03-08 17:00:00
2023-03-09 07:00:00,ETHUSD,entry,short,0.0,-0.840473677742522,1539.3000000000002,0.0,-4.0,r_trailing_stop,4.0,2023-03-09 09:00:00,1551.8498685798606,1513.350328550348,1513.350328550348,1551.8498685798606,0.7219931713130109,,,2023-03-09 07:00:00
2023-03-09 09:00:00,ETHUSD,exit,short,-0.840473677742522,0.0,1531.75,0.0,-4.0,,,,,,,,,,,2023-03-09 09:00:00
2023-03-13 13:30:00,ETHUSD,entry,long,0.0,0.3124743395137033,1603.4,1.0,4.0,r_trailing_stop,1.0,2023-03-13 14:00:00,1673.3478938311337,1566.0408424675463,1673.3478938311337,1566.0408424675463,0.13748422713584113,,,2023-03-13 13:30:00
2023-03-13 14:00:00,ETHUSD,exit,long,0.3124743395137033,0.0,1646.05,0.0,2.0359069446809883,,,,,,,,,,,2023-03-13 14:00:00
2023-03-13 22:30:00,ETHUSD,entry,long,0.0,0.3097861799834626,1685.8,0.0,0.05877721627027272,max_holding_close,23.0,2023-03-14 10:00:00,1768.8950581893325,1654.521976724267,1768.8950581893325,1654.521976724267,-0.28421058157752993,,,2023-03-13 22:30:00
2023-03-14 10:00:00,ETHUSD,exit,long,0.3097861799834626,0.0,1678.25,0.0,1.8842580581949069,,,,,,,,,,,2023-03-14 10:00:00
2023-03-14 13:00:00,ETHUSD,entry,long,0.0,0.35012852241214604,1742.65,0.0,-1.6905869976831471,r_trailing_stop,1.0,2023-03-14 13:30:00,1818.5589949136133,1713.9664020345544,1818.5589949136133,1713.9664020345544,-0.051826758002524974,,,2023-03-14 13:00:00
2023-03-14 13:30:00,ETHUSD,exit,long,0.35012852241214604,0.0,1737.6,0.0,-1.4760739161323069,,,,,,,,,,,2023-03-14 13:30:00
2023-03-14 15:00:00,ETHUSD,entry,short,0.0,-0.32659808404470664,1764.9,-1.0,-3.682781413727365,r_trailing_stop,6.0,2023-03-14 18:00:00,1798.8508945941926,1685.2727635145188,1685.2727635145188,1798.8508945941926,0.14895633940159608,,,2023-03-14 15:00:00
2023-03-14 18:00:00,ETHUSD,exit,short,-0.32659808404470664,0.0,1753.95,-1.0,-2.9839446274545747,,,,,,,,,,,2023-03-14 18:00:00
2023-03-14 18:30:00,ETHUSD,entry,short,0.0,-0.32075727593072845,1731.4,0.0,-1.507961074088769,r_trailing_stop,1.0,2023-03-14 19:00:00,1786.9117264665663,1672.070683833584,1672.070683833584,1786.9117264665663,0.45248914477566476,,,2023-03-14 18:30:00
2023-03-14 19:00:00,ETHUSD,exit,short,-0.32075727593072845,0.0,1700.55,0.0,0.31494750102363117,,,,,,,,,,,2023-03-14 19:00:00
2023-03-15 13:00:00,ETHUSD,entry,long,0.0,0.31211785892640137,1691.1,1.0,-2.636278318966059,r_trailing_stop,1.0,2023-03-15 13:30:00,1763.725698964577,1650.4997204141691,1763.725698964577,1650.4997204141691,0.24152588787586515,,,2023-03-15 13:00:00
2023-03-15 13:30:00,ETHUSD,exit,long,0.31211785892640137,0.0,1671.95,1.0,-1.2848014261862484,,,,,,,,,,,2023-03-15 13:30:00
2023-03-15 14:00:00,ETHUSD,entry,long,0.0,0.30469839968391527,1665.75,1.0,-0.47863719995482423,stop_loss,1.0,2023-03-15 14:30:00,1754.4158245203084,1639.1736701918765,1754.4158245203084,1639.1736701918765,-1.0101566133227973,,,2023-03-15 14:00:00
2023-03-15 14:30:00,ETHUSD,exit,long,0.30469839968391527,0.0,1659.5,1.0,-0.30715929660958224,,,,,,,,,,,2023-03-15 14:30:00
2023-03-15 15:00:00,ETHUSD,entry,long,0.0,0.29693059887474776,1646.95,1.0,0.1998067567522729,stop_loss,3.0,2023-03-15 16:30:00,1743.3327208254486,1625.9669116698205,1743.3327208254486,1625.9669116698205,-1.0098976866291582,,,2023-03-15 15:00:00
2023-03-15 16:30:00,ETHUSD,exit,long,0.29693059887474776,0.0,1619.5500000000002,0.0,1.4843396373327373,,,,,,,,,,,2023-03-15 16:30:00
2023-03-15 19:30:00,ETHUSD,entry,long,0.0,0.28894820187857906,1650.95,0.0,0.507179586131163,r_trailing_stop,6.0,2023-03-15 22:30:00,1742.6507082184312,1622.2497167126276,1742.6507082184312,1622.2497167126276,0.1487973211510986,,,2023-03-15 19:30:00
2023-03-15 22:30:00,ETHUSD,exit,long,0.28894820187857906,0.0,1654.05,0.0,0.8753099776225169,,,,,,,,,,,2023-03-15 22:30:00
2023-03-19 00:00:00,ETHUSD,entry,long,0.0,0.3682961273188684,1773.1,0.0,0.8493569831429101,r_trailing_stop,4.0,2023-03-19 02:00:00,1834.3353054618462,1733.8358778152615,1834.3353054618462,1733.8358778152615,0.665090504147478,,,2023-03-19 00:00:00
2023-03-19 02:00:00,ETHUSD,exit,long,0.3682961273188684,0.0,1784.45,0.0,0.45686683249169785,,,,,,,,,,,2023-03-19 02:00:00
2023-03-23 16:30:00,ETHUSD,entry,long,0.0,0.4470169014266279,1831.8,0.0,-2.030924218997662,stop_loss,4.0,2023-03-23 18:30:00,1891.7171408561524,1805.733143657539,1891.7171408561524,1805.733143657539,-1.0149005633808876,,,2023-03-23 16:30:00
2023-03-23 18:30:00,ETHUSD,exit,long,0.4470169014266279,0.0,1804.5,1.0,0.8066367430923678,,,,,,,,,,,2023-03-23 18:30:00
2023-03-23 19:00:00,ETHUSD,entry,long,0.0,0.43021949835724016,1804.35,1.0,0.7248646307814968,r_trailing_stop,2.0,2023-03-23 20:00:00,1867.5190450534224,1779.432381978631,1867.5190450534224,1779.432381978631,0.6157723899573604,,,2023-03-23 19:00:00
2023-03-23 20:00:00,ETHUSD,exit,long,0.43021949835724016,0.0,1813.25,0.0,-0.3599926223328865,,,,,,,,,,,2023-03-23 20:00:00
2023-03-23 23:30:00,ETHUSD,entry,long,0.0,0.4357660964293288,1816.65,0.0,-4.0,stop_loss,18.0,2023-03-24 08:30:00,1882.2345193525775,1794.5461922589689,1882.2345193525775,1794.5461922589689,-1.0145255365476442,,,2023-03-23 23:30:00
2023-03-24 08:30:00,ETHUSD,exit,long,0.4357660964293288,0.0,1796.85,0.0,-4.0,,,,,,,,,,,2023-03-24 08:30:00
2023-03-29 11:00:00,ETHUSD,entry,short,0.0,-0.58899306825076,1810.05,0.0,-1.423241724720748,r_trailing_stop,3.0,2023-03-29 12:30:00,1829.6504718065262,1765.0738204836846,1765.0738204836846,1829.6504718065262,0.11586478776352283,,,2023-03-29 11:00:00
2023-03-29 12:30:00,ETHUSD,exit,short,-0.58899306825076,0.0,1811.2,0.0,-2.8019067169444427,,,,,,,,,,,2023-03-29 12:30:00
2023-03-31 15:30:00,ETHUSD,entry,long,0.0,0.6057025454649386,1830.35,0.0,-0.41793033347151953,r_trailing_stop,22.0,2023-04-01 02:30:00,1873.5771747540682,1810.1891300983727,1873.5771747540682,1810.1891300983727,0.10128392561835314,,,2023-03-31 15:30:00
2023-04-01 02:30:00,ETHUSD,exit,long,0.6057025454649386,0.0,1829.9,0.0,-1.4696215073237908,,,,,,,,,,,2023-04-01 02:30:00
2023-04-04 23:30:00,ETHUSD,entry,short,0.0,-0.6105073588373994,1871.5,-1.0,4.0,stop_loss,1.0,2023-04-05 00:00:00,1882.7736120549032,1818.6409698627424,1818.6409698627424,1882.7736120549032,-1.0203502452945798,,,2023-04-04 23:30:00
2023-04-05 00:00:00,ETHUSD,exit,short,-0.6105073588373994,0.0,1878.95,0.0,3.5982697281100857,,,,,,,,,,,2023-04-05 00:00:00
2023-04-06 08:00:00,ETHUSD,entry,long,0.0,0.654205371176157,1876.95,1.0,-0.08646699140596834,stop_loss,4.0,2023-04-06 10:00:00,1923.1568762845825,1862.807249486167,1923.1568762845825,1862.807249486167,-1.0218068457058718,,,2023-04-06 08:00:00
2023-04-06 10:00:00,ETHUSD,exit,long,0.654205371176157,0.0,1868.15,0.0,-0.441809634409833,,,,,,,,,,,2023-04-06 10:00:00
2023-04-06 11:00:00,ETHUSD,entry,long,0.0,0.6346773961212123,1865.55,0.0,0.7367708090427451,r_trailing_stop,2.0,2023-04-06 12:00:00,1906.4160626024009,1844.7935749590397,1906.4160626024009,1844.7935749590397,0.200256193521789,,,2023-04-06 11:00:00
2023-04-06 12:00:00,ETHUSD,exit,long,0.6346773961212123,0.0,1870.5,0.0,0.40670461015549597,,,,,,,,,,,2023-04-06 12:00:00
2023-04-06 15:30:00,ETHUSD,entry,short,0.0,-0.6337182734166218,1875.55,0.0,0.23782790089821576,r_trailing_stop,11.0,2023-04-06 21:00:00,1891.6924266770482,1829.5939333073795,1829.5939333073795,1891.6924266770482,0.2840491834750809,,,2023-04-06 15:30:00
2023-04-06 21:00:00,ETHUSD,exit,short,-0.6337182734166218,0.0,1871.35,0.0,-2.0256311284401303,,,,,,,,,,,2023-04-06 21:00:00
2023-04-11 06:30:00,ETHUSD,entry,short,0.0,-0.7644241067916618,1921.65,0.0,-1.834178639291865,r_trailing_stop,6.0,2023-04-11 09:30:00,1936.9850815634245,1884.1872960914393,1884.1872960914393,1936.9850815634245,0.2747251724889557,,,2023-04-11 06:30:00
2023-04-11 09:30:00,ETHUSD,exit,short,-0.7644241067916618,0.0,1918.65,0.0,-2.772125595992765,,,,,,,,,,,2023-04-11 09:30:00
2023-04-11 12:30:00,ETHUSD,entry,short,0.0,-0.8320015538562548,1916.55,0.0,-3.748041461560575,r_trailing_stop,5.0,2023-04-11 15:00:00,1929.6662001581863,1881.3094996045343,1881.3094996045343,1929.6662001581863,0.18940301747506888,,,2023-04-11 12:30:00
2023-04-11 15:00:00,ETHUSD,exit,short,-0.8320015538562548,0.0,1914.8,0.0,-4.0,,,,,,,,,,,2023-04-11 15:00:00
2023-04-15 18:00:00,ETHUSD,entry,long,0.0,0.6323442491619228,2097.05,0.0,0.17255783743057887,r_trailing_stop,2.0,2023-04-15 19:00:00,2141.6248681657016,2072.1500527337193,2141.6248681657016,2072.1500527337193,0.11934512388512772,,,2023-04-15 18:00:00
2023-04-15 19:00:00,ETHUSD,exit,long,0.6323442491619228,0.0,2095.1,0.0,0.5666359940773328,,,,,,,,,,,2023-04-15 19:00:00
2023-04-15 21:00:00,ETHUSD,entry,long,0.0,0.6381274305361926,2093.3500000000004,0.0,0.15785376878478824,r_trailing_stop,3.0,2023-04-15 22:30:00,2137.9510862417756,2069.2095655032904,2137.9510862417756,2069.2095655032904,0.30406081271410496,,,2023-04-15 21:00:00
2023-04-15 22:30:00,ETHUSD,exit,long,0.6381274305361926,0.0,2096.8500000000004,0.0,-0.5377259218093385,,,,,,,,,,,2023-04-15 22:30:00
2023-04-21 06:00:00,ETHUSD,entry,long,0.0,0.5221096538303569,1929.95,0.0,-3.891285363380067,stop_loss,1.0,2023-04-21 06:30:00,1983.4420997013337,1905.8931601194665,1983.4420997013337,1905.8931601194665,-1.0174036551276786,,,2023-04-21 06:00:00
2023-04-21 06:30:00,ETHUSD,exit,long,0.5221096538303569,0.0,1907.85,1.0,-2.4924309320345808,,,,,,,,,,,2023-04-21 06:30:00
2023-04-21 07:00:00,ETHUSD,entry,long,0.0,0.5005457247825202,1907.7,0.0,-4.0,r_trailing_stop,1.0,2023-04-21 07:30:00,1965.0745968111792,1885.0301612755284,1965.0745968111792,1885.0301612755284,-0.03198885697507053,,,2023-04-21 07:00:00
2023-04-21 07:30:00,ETHUSD,exit,long,0.5005457247825202,0.0,1928.25,0.0,-4.0,,,,,,,,,,,2023-04-21 07:30:00
2023-04-22 06:30:00,ETHUSD,entry,short,0.0,-0.5209271129081829,1856.65,0.0,1.6961823383783972,r_trailing_stop,5.0,2023-04-22 09:00:00,1876.7197842253836,1801.9255394365405,1801.9255394365405,1876.7197842253836,0.12573435428569324,,,2023-04-22 06:30:00
2023-04-22 09:00:00,ETHUSD,exit,short,-0.5209271129081829,0.0,1851.15,0.0,1.5202068279659011,,,,,,,,,,,2023-04-22 09:00:00
2023-04-26 18:00:00,ETHUSD,entry,short,0.0,-0.5952348827205116,1949.55,0.0,-4.0,take_profit,3.0,2023-04-26 19:30:00,1967.1309059485793,1898.4227351285517,1898.4227351285517,1967.1309059485793,2.4801588372426497,,,2023-04-26 18:00:00
2023-04-26 19:30:00,ETHUSD,exit,short,-0.5952348827205116,0.0,1829.1,0.0,4.0,,,,,,,,,,,2023-04-26 19:30:00
2023-04-27 20:30:00,ETHUSD,entry,long,0.0,0.3972088165306713,1919.95,0.0,-0.7054361189238373,max_holding_close,23.0,2023-04-28 08:00:00,1989.0294357111911,1887.6982257155237,1989.0294357111911,1887.6982257155237,-0.06159657029919247,,,2023-04-27 20:30:00
2023-04-28 08:00:00,ETHUSD,exit,long,0.3972088165306713,0.0,1915.25,0.0,-1.8220846542770763,,,,,,,,,,,2023-04-28 08:00:00
2023-04-28 09:00:00,ETHUSD,entry,long,0.0,0.48868213004982963,1908.3,0.0,-0.9664409936334655,stop_loss,9.0,2023-04-28 13:30:00,1968.5755323006772,1886.4997870797292,1968.5755323006772,1886.4997870797292,-1.0162894043349944,,,2023-04-28 09:00:00
2023-04-28 13:30:00,ETHUSD,exit,long,0.48868213004982963,0.0,1889.25,0.0,0.27149082400419383,,,,,,,,,,,2023-04-28 13:30:00
2023-04-28 14:30:00,ETHUSD,entry,long,0.0,0.49689527319228627,1888.25,0.0,0.8504912466713206,r_trailing_stop,10.0,2023-04-28 19:30:00,1952.9778537030797,1872.858858518768,1952.9778537030797,1872.858858518768,-0.12795997973283962,,,2023-04-28 14:30:00
2023-04-28 19:30:00,ETHUSD,exit,long,0.49689527319228627,0.0,1892.8,0.0,0.9663928539065826,,,,,,,,,,,2023-04-28 19:30:00
2023-05-01 17:30:00,ETHUSD,entry,long,0.0,0.676311810200004,1839.3,0.0,-1.263987082541617,r_trailing_stop,1.0,2023-05-01 18:00:00,1874.063196450565,1817.134721419774,1874.063196450565,1817.134721419774,0.13014774425204723,,,2023-05-01 17:30:00
2023-05-01 18:00:00,ETHUSD,exit,long,0.676311810200004,0.0,1835.75,0.0,-1.0778575978458742,,,,,,,,,,,2023-05-01 18:00:00
2023-05-01 19:30:00,ETHUSD,entry,long,0.0,0.6542967278820886,1812.6,1.0,2.7510727719909167,r_trailing_stop,7.0,2023-05-01 23:00:00,1864.5883795453235,1806.0846481818705,1864.5883795453235,1806.0846481818705,0.1786046762570647,,,2023-05-01 19:30:00
2023-05-01 23:00:00,ETHUSD,exit,long,0.6542967278820886,0.0,1830.75,0.0,0.3109468245272415,,,,,,,,,,,2023-05-01 23:00:00
2023-05-02 00:30:00,ETHUSD,entry,long,0.0,0.6433851458141049,1833.15,0.0,-0.11779206630267718,max_holding_close,23.0,2023-05-02 12:00:00,1877.4233686098364,1817.5406525560657,1877.4233686098364,1817.5406525560657,-0.3341407390745806,,,2023-05-02 00:30:00
2023-05-02 12:00:00,ETHUSD,exit,long,0.6433851458141049,0.0,1829.3,0.0,4.0,,,,,,,,,,,2023-05-02 12:00:00
2023-05-02 13:00:00,ETHUSD,entry,long,0.0,0.7609760865651882,1830.25,0.0,4.0,r_trailing_stop,3.0,2023-05-02 14:30:00,1868.3664437164553,1817.803422513418,1868.3664437164553,1817.803422513418,1.3340254996198666,,,2023-05-02 13:00:00
2023-05-02 14:30:00,ETHUSD,exit,long,0.7609760865651882,0.0,1852.3,1.0,1.2489322520233679,,,,,,,,,,,2023-05-02 14:30:00
2023-05-02 15:00:00,ETHUSD,entry,long,0.0,0.6975067065090295,1859.45,0.0,0.3926984213089752,r_trailing_stop,1.0,2023-05-02 15:30:00,1892.0829503368586,1836.3168198652565,1892.0829503368586,1836.3168198652565,0.32298306680857025,,,2023-05-02 15:00:00
2023-05-02 15:30:00,ETHUSD,exit,long,0.6975067065090295,0.0,1859.0,0.0,0.5356187750205597,,,,,,,,,,,2023-05-02 15:30:00
2023-05-03 15:00:00,ETHUSD,entry,long,0.0,0.8036330533018281,1848.35,0.0,4.0,r_trailing_stop,3.0,2023-05-03 16:30:00,1883.3082869427278,1834.9966852229088,1883.3082869427278,1834.9966852229088,0.6831198267551847,,,2023-05-03 15:00:00
2023-05-03 16:30:00,ETHUSD,exit,long,0.8036330533018281,0.0,1865.45,-1.0,4.0,,,,,,,,,,,2023-05-03 16:30:00
2023-05-03 17:00:00,ETHUSD,entry,short,0.0,-0.7906822064159579,1870.45,-1.0,4.0,stop_loss,1.0,2023-05-03 17:30:00,1879.7065092892851,1830.158726776787,1830.158726776787,1879.7065092892851,-1.0263560735471986,,,2023-05-03 17:00:00
2023-05-03 17:30:00,ETHUSD,exit,short,-0.7906822064159579,0.0,1875.4,-1.0,3.709192204830566,,,,,,,,,,,2023-05-03 17:30:00
2023-05-03 18:30:00,ETHUSD,entry,short,0.0,-0.73305266549878,1886.15,-1.0,1.8595898897122451,r_trailing_stop,1.0,2023-05-03 19:00:00,1897.8577606311069,1843.930598422233,1843.930598422233,1897.8577606311069,-0.2580835784774526,,,2023-05-03 18:30:00
2023-05-03 19:00:00,ETHUSD,exit,short,-0.73305266549878,0.0,1879.8,-1.0,2.386034095278548,,,,,,,,,,,2023-05-03 19:00:00
2023-05-03 19:30:00,ETHUSD,entry,short,0.0,-0.6761709095992756,1868.55,-1.0,3.620950310473745,r_trailing_stop,1.0,2023-05-03 20:00:00,1896.329067141004,1837.9523321474903,1837.9523321474903,1896.329067141004,0.41093247417625783,,,2023-05-03 19:30:00
2023-05-03 20:00:00,ETHUSD,exit,short,-0.6761709095992756,0.0,1873.05,0.0,3.551075115158455,,,,,,,,,,,2023-05-03 20:00:00
2023-05-04 11:00:00,ETHUSD,entry,short,0.0,-0.7411234129139711,1909.3,0.0,-4.0,r_trailing_stop,3.0,2023-05-04 12:30:00,1927.5800129102543,1873.3999677243642,1873.3999677243642,1927.5800129102543,0.3357670257666004,,,2023-05-04 11:00:00
2023-05-04 12:30:00,ETHUSD,exit,short,-0.7411234129139711,0.0,1899.1,0.0,-2.4506753827144303,,,,,,,,,,,2023-05-04 12:30:00
2023-05-05 16:30:00,ETHUSD,entry,short,0.0,-0.6592534609151561,1992.5,-1.0,-2.687434477530701,r_trailing_stop,1.0,2023-05-05 17:00:00,2009.5745919944254,1946.1385200139368,1946.1385200139368,2009.5745919944254,-0.08266613673072419,,,2023-05-05 16:30:00
2023-05-05 17:00:00,ETHUSD,exit,short,-0.6592534609151561,0.0,1990.8,0.0,-2.7053149568597252,,,,,,,,,,,2023-05-05 17:00:00
2023-05-05 23:30:00,ETHUSD,entry,short,0.0,-0.6774137794740327,1995.8,0.0,-4.0,stop_loss,2.0,2023-05-06 00:30:00,2014.8391884444748,1952.9270288888133,1952.9270288888133,2014.8391884444748,-1.0225804593158012,,,2023-05-05 23:30:00
2023-05-06 00:30:00,ETHUSD,exit,short,-0.6774137794740327,0.0,2005.2,-1.0,-4.0,,,,,,,,,,,2023-05-06 00:30:00
2023-05-06 01:00:00,ETHUSD,entry,short,0.0,-0.6631481318998039,1987.95,0.0,-4.0,r_trailing_stop,1.0,2023-05-06 01:30:00,2023.2416480289771,1959.7458799275569,1959.7458799275569,2023.2416480289771,0.8082695444850184,,,2023-05-06 01:00:00
2023-05-06 01:30:00,ETHUSD,exit,short,-0.6631481318998039,0.0,1985.45,0.0,-4.0,,,,,,,,,,,2023-05-06 01:30:00
2023-05-12 13:00:00,ETHUSD,entry,long,0.0,0.5795538974385547,1773.6,0.0,4.0,r_trailing_stop,3.0,2023-05-12 14:30:00,1818.991331449151,1754.7434674203396,1818.991331449151,1754.7434674203396,0.1441110944302913,,,2023-05-12 13:00:00
2023-05-12 14:30:00,ETHUSD,exit,long,0.5795538974385547,0.0,1767.45,1.0,4.0,,,,,,,,,,,2023-05-12 14:30:00
2023-05-12 15:00:00,ETHUSD,entry,long,0.0,0.5768686787068158,1762.85,1.0,4.0,r_trailing_stop,3.0,2023-05-12 16:30:00,1813.3567332714797,1749.0173066914083,1813.3567332714797,1749.0173066914083,0.2720339450780665,,,2023-05-12 15:00:00
2023-05-12 16:30:00,ETHUSD,exit,long,0.5768686787068158,0.0,1770.25,0.0,3.5148871246484745,,,,,,,,,,,2023-05-12 16:30:00
2023-05-12 19:30:00,ETHUSD,entry,long,0.0,0.5673103257341496,1791.1,0.0,1.2983847944430742,r_trailing_stop,1.0,2023-05-12 20:00:00,1802.7888691778294,1737.7744523288682,1802.7888691778294,1737.7744523288682,1.736399876129002,,,2023-05-12 19:30:00
2023-05-12 20:00:00,ETHUSD,exit,long,0.5673103257341496,0.0,1785.6999999999998,0.0,1.7384575846010242,,,,,,,,,,,2023-05-12 20:00:00
2023-05-13 20:00:00,ETHUSD,entry,long,0.0,0.6716605309562538,1797.95,0.0,0.8047606813138427,r_trailing_stop,2.0,2023-05-13 21:00:00,1833.8604155818,1777.77583376728,1833.8604155818,1777.77583376728,0.43902982547250713,,,2023-05-13 20:00:00
2023-05-13 21:00:00,ETHUSD,exit,long,0.6716605309562538,0.0,1802.35,0.0,0.08188591906472156,,,,,,,,,,,2023-05-13 21:00:00
2023-05-23 04:30:00,ETHUSD,entry,long,0.0,0.9775846433143172,1857.65,0.0,-1.370337862008722,stop_loss,6.0,2023-05-23 07:30:00,1891.2811568247155,1851.267537270114,1891.2811568247155,1851.267537270114,-1.032586154777144,,,2023-05-23 04:30:00
2023-05-23 07:30:00,ETHUSD,exit,long,0.9775846433143172,0.0,1854.35,0.0,-0.47575081551449544,,,,,,,,,,,2023-05-23 07:30:00
2023-05-23 15:30:00,ETHUSD,entry,short,0.0,-0.9973093640825335,1856.75,0.0,-4.0,r_trailing_stop,3.0,2023-05-23 17:00:00,1869.2283769425005,1830.1040576437488,1830.1040576437488,1869.2283769425005,0.48611226608309993,,,2023-05-23 15:30:00
2023-05-23 17:00:00,ETHUSD,exit,short,-0.9973093640825335,0.0,1848.45,-1.0,-3.5921060805040157,,,,,,,,,,,2023-05-23 17:00:00
2023-05-23 17:30:00,ETHUSD,entry,short,0.0,-1.0,1849.65,0.0,-4.0,r_trailing_stop,4.0,2023-05-23 19:30:00,1859.4292517700696,1820.6518705748254,1820.6518705748254,1859.4292517700696,-0.22290945735812087,,,2023-05-23 17:30:00
2023-05-23 19:30:00,ETHUSD,exit,short,-1.0,0.0,1851.65,0.0,-4.0,,,,,,,,,,,2023-05-23 19:30:00
2023-05-23 21:00:00,ETHUSD,entry,short,0.0,-1.0,1853.35,0.0,-4.0,r_trailing_stop,2.0,2023-05-23 22:00:00,1865.4659667841859,1826.9100830395357,1826.9100830395357,1865.4659667841859,0.17930943362524612,,,2023-05-23 21:00:00
2023-05-23 22:00:00,ETHUSD,exit,short,-1.0,0.0,1852.05,-1.0,-4.0,,,,,,,,,,,2023-05-23 22:00:00
2023-05-23 22:30:00,ETHUSD,entry,short,0.0,-1.0,1854.55,0.0,-4.0,r_trailing_stop,5.0,2023-05-24 01:00:00,1862.8753653429449,1824.636586642638,1824.636586642638,1862.8753653429449,0.1096641714629452,,,2023-05-23 22:30:00
2023-05-24 01:00:00,ETHUSD,exit,short,-1.0,0.0,1849.05,0.0,-4.0,,,,,,,,,,,2023-05-24 01:00:00
2023-05-26 06:30:00,ETHUSD,entry,short,0.0,-0.9571682970966046,1811.95,0.0,3.5897700294946255,stop_loss,12.0,2023-05-26 12:30:00,1818.629042168334,1778.9773945791646,1778.9773945791646,1818.629042168334,-1.0319056099032202,,,2023-05-26 06:30:00
2023-05-26 12:30:00,ETHUSD,exit,short,-0.9571682970966046,0.0,1814.65,0.0,2.354180699275639,,,,,,,,,,,2023-05-26 12:30:00
2023-05-26 14:30:00,ETHUSD,entry,short,0.0,-0.9712290069908669,1830.35,-1.0,0.6285360524094489,r_trailing_stop,7.0,2023-05-26 18:00:00,1844.82688575075,1805.1827856231248,1805.1827856231248,1844.82688575075,0.6225590917155817,,,2023-05-26 14:30:00
2023-05-26 18:00:00,ETHUSD,exit,short,-0.9712290069908669,0.0,1829.55,0.0,0.23980836448458157,,,,,,,,,,,2023-05-26 18:00:00
2023-05-28 22:30:00,ETHUSD,entry,long,0.0,0.9747397790361192,1907.35,1.0,-0.8827729405532413,r_trailing_stop,2.0,2023-05-28 23:30:00,1934.9247496560215,1893.8701001375912,1934.9247496560215,1893.8701001375912,0.355406273617081,,,2023-05-28 22:30:00
2023-05-28 23:30:00,ETHUSD,exit,long,0.9747397790361192,0.0,1909.0,1.0,-0.886785822947402,,,,,,,,,,,2023-05-28 23:30:00
2023-05-29 00:00:00,ETHUSD,entry,long,0.0,0.9582306345208395,1920.45,0.0,-3.0225276512650123,r_trailing_stop,1.0,2023-05-29 00:30:00,1938.9339850954245,1897.0964059618302,1938.9339850954245,1897.0964059618302,0.9175642041194402,,,2023-05-29 00:00:00
2023-05-29 00:30:00,ETHUSD,exit,long,0.9582306345208395,0.0,1915.15,1.0,-2.6164506849861575,,,,,,,,,,,2023-05-29 00:30:00
2023-05-29 01:00:00,ETHUSD,entry,long,0.0,0.9166272532679949,1917.35,0.0,-2.434048132093747,stop_loss,5.0,2023-05-29 03:30:00,1946.59180213121,1902.713279147516,1946.59180213121,1902.713279147516,-1.0305542417756,,,2023-05-29 01:00:00
2023-05-29 03:30:00,ETHUSD,exit,long,0.9166272532679949,0.0,1904.35,1.0,-2.360869331843039,,,,,,,,,,,2023-05-29 03:30:00
2023-05-29 04:00:00,ETHUSD,entry,long,0.0,0.9238194729005156,1898.55,1.0,-2.543841133822328,stop_loss,21.0,2023-05-29 14:30:00,1935.3724375952036,1892.0810249619187,1935.3724375952036,1892.0810249619187,-1.0307939824300172,,,2023-05-29 04:00:00
2023-05-29 14:30:00,ETHUSD,exit,long,0.9238194729005156,0.0,1894.85,0.0,0.8308845533961626,,,,,,,,,,,2023-05-29 14:30:00
2023-05-30 14:00:00,ETHUSD,entry,long,0.0,0.9566876605953724,1905.35,0.0,-1.5461946685491919,r_trailing_stop,1.0,2023-05-30 14:30:00,1936.2398492975276,1894.394060280989,1936.2398492975276,1894.394060280989,-0.11971204553031276,,,2023-05-30 14:00:00
2023-05-30 14:30:00,ETHUSD,exit,long,0.9566876605953724,0.0,1897.05,1.0,-0.06517443712271281,,,,,,,,,,,2023-05-30 14:30:00
2023-05-30 15:00:00,ETHUSD,entry,long,0.0,0.9272937768937933,1899.55,0.0,-0.32246508098157606,r_trailing_stop,1.0,2023-05-30 15:30:00,1927.6860681145918,1884.7255727541633,1927.6860681145918,1884.7255727541633,0.18498622823889085,,,2023-05-30 15:00:00
2023-05-30 15:30:00,ETHUSD,exit,long,0.9272937768937933,0.0,1900.85,0.0,-0.4194190606208914,,,,,,,,,,,2023-05-30 15:30:00
2023-06-06 10:00:00,ETHUSD,entry,long,0.0,0.9289620108240579,1819.85,0.0,4.0,r_trailing_stop,2.0,2023-06-06 11:00:00,1847.0505005396437,1805.9597997841427,1847.0505005396437,1805.9597997841427,0.08828299185221966,,,2023-06-06 10:00:00
2023-06-06 11:00:00,ETHUSD,exit,long,0.9289620108240579,0.0,1816.65,0.0,4.0,,,,,,,,,,,2023-06-06 11:00:00
2023-06-06 12:30:00,ETHUSD,entry,long,0.0,0.8965607284484399,1805.75,1.0,4.0,r_trailing_stop,4.0,2023-06-06 14:30:00,1838.8081288017681,1796.4467484792926,1838.8081288017681,1796.4467484792926,1.9076105260225953,,,2023-06-06 12:30:00
2023-06-06 14:30:00,ETHUSD,exit,long,0.8965607284484399,0.0,1838.85,0.0,4.0,,,,,,,,,,,2023-06-06 14:30:00
2023-06-11 14:00:00,ETHUSD,entry,long,0.0,0.7632096326851678,1744.95,1.0,-2.43973937320341,r_trailing_stop,1.0,2023-06-11 14:30:00,1776.6448507994414,1728.7020596802236,1776.6448507994414,1728.7020596802236,0.1570688694630668,,,2023-06-11 14:00:00
2023-06-11 14:30:00,ETHUSD,exit,long,0.7632096326851678,0.0,1744.1999999999998,0.0,-1.7969629982848259,,,,,,,,,,,2023-06-11 14:30:00
2023-06-11 16:30:00,ETHUSD,entry,long,0.0,0.7622500994452599,1752.95,0.0,-1.7456777909980594,r_trailing_stop,1.0,2023-06-11 17:00:00,1782.857014205819,1734.6871943176725,1782.857014205819,1734.6871943176725,0.2979268976575905,,,2023-06-11 16:30:00
2023-06-11 17:00:00,ETHUSD,exit,long,0.7622500994452599,0.0,1757.45,1.0,-2.50302657913954,,,,,,,,,,,2023-06-11 17:00:00
2023-06-11 17:30:00,ETHUSD,entry,long,0.0,0.7584386515287791,1756.85,0.0,-2.851279048866407,r_trailing_stop,1.0,2023-06-11 18:00:00,1792.1569311596454,1743.497227536142,1792.1569311596454,1743.497227536142,-0.0612453380945135,,,2023-06-11 17:30:00
2023-06-11 18:00:00,ETHUSD,exit,long,0.7584386515287791,0.0,1757.25,0.0,-1.777909006850823,,,,,,,,,,,2023-06-11 18:00:00
2023-06-11 19:30:00,ETHUSD,entry,long,0.0,0.7433732479825499,1762.95,0.0,-3.677754952599483,r_trailing_stop,2.0,2023-06-11 20:30:00,1800.7166973614599,1750.853321055416,1800.7166973614599,1750.853321055416,0.18579628349147076,,,2023-06-11 19:30:00
2023-06-11 20:30:00,ETHUSD,exit,long,0.7433732479825499,0.0,1770.75,0.0,-3.488804690793496,,,,,,,,,,,2023-06-11 20:30:00
2023-06-11 23:00:00,ETHUSD,entry,long,0.0,0.7150718927711425,1749.7,1.0,-0.49507218849944284,stop_loss,6.0,2023-06-12 02:00:00,1791.1508451542118,1739.6296619383152,1791.1508451542118,1739.6296619383152,-1.0238357297590381,,,2023-06-11 23:00:00
2023-06-12 02:00:00,ETHUSD,exit,long,0.7150718927711425,0.0,1728.1,1.0,1.598754384834629,,,,,,,,,,,2023-06-12 02:00:00
2023-06-12 02:30:00,ETHUSD,entry,long,0.0,0.6657367407327035,1731.9,1.0,0.7462378086105063,r_trailing_stop,1.0,2023-06-12 03:00:00,1766.9854356069816,1712.4758257572073,1766.9854356069816,1712.4758257572073,0.2029471163241688,,,2023-06-12 02:30:00
2023-06-12 03:00:00,ETHUSD,exit,long,0.6657367407327035,0.0,1737.05,0.0,-0.7109279991538696,,,,,,,,,,,2023-06-12 03:00:00
2023-06-12 20:30:00,ETHUSD,entry,short,0.0,-0.673764678900186,1738.9,0.0,1.7704820089531148,r_trailing_stop,9.0,2023-06-13 01:00:00,1752.7709801900203,1698.62254952495,1698.62254952495,1752.7709801900203,0.27487204739255294,,,2023-06-12 20:30:00
2023-06-13 01:00:00,ETHUSD,exit,short,-0.673764678900186,0.0,1743.5,-1.0,-0.07209231149775462,,,,,,,,,,,2023-06-13 01:00:00
2023-06-13 01:30:00,ETHUSD,entry,short,0.0,-0.6855978910348122,1739.85,-1.0,-0.14351021677671177,r_trailing_stop,1.0,2023-06-13 02:00:00,1758.8590901121497,1705.4522747196256,1705.4522747196256,1758.8590901121497,0.11381584340684583,,,2023-06-13 01:30:00
2023-06-13 02:00:00,ETHUSD,exit,short,-0.6855978910348122,0.0,1741.1,0.0,-0.5451513733905172,,,,,,,,,,,2023-06-13 02:00:00
2023-06-13 03:00:00,ETHUSD,entry,short,0.0,-0.6782663227073081,1749.1999999999998,-1.0,-2.664609893772669,r_trailing_stop,1.0,2023-06-13 03:30:00,1768.4062984080056,1714.1342539799866,1714.1342539799866,1768.4062984080056,0.20955484761744325,,,2023-06-13 03:00:00
2023-06-13 03:30:00,ETHUSD,exit,short,-0.6782663227073081,0.0,1746.6999999999998,0.0,-2.22078033915841,,,,,,,,,,,2023-06-13 03:30:00
2023-06-15 19:30:00,ETHUSD,entry,long,0.0,0.6686090753852224,1667.4499999999998,0.0,0.2549390021831476,r_trailing_stop,4.0,2023-06-15 21:30:00,1703.2227353096473,1650.900905876141,1703.2227353096473,1650.900905876141,0.516207198647834,,,2023-06-15 19:30:00
2023-06-15 21:30:00,ETHUSD,exit,long,0.6686090753852224,0.0,1665.65,0.0,0.37613655102837024,,,,,,,,,,,2023-06-15 21:30:00
2023-06-17 18:00:00,ETHUSD,entry,long,0.0,0.7744821712065232,1726.1,0.0,0.48977075323242475,r_trailing_stop,2.0,2023-06-17 19:00:00,1756.7784313714133,1710.0486274514349,1756.7784313714133,1710.0486274514349,0.3008964008950681,,,2023-06-17 18:00:00
2023-06-17 19:00:00,ETHUSD,exit,long,0.7744821712065232,0.0,1728.15,0.0,0.4434845716446613,,,,,,,,,,,2023-06-17 19:00:00
2023-06-21 10:30:00,ETHUSD,entry,short,0.0,-0.7473489002722146,1812.45,0.0,4.0,r_trailing_stop,1.0,2023-06-21 11:00:00,1831.5371626974083,1780.4820932564792,1780.4820932564792,1831.5371626974083,0.26321902891525545,,,2023-06-21 10:30:00
2023-06-21 11:00:00,ETHUSD,exit,short,-0.7473489002722146,0.0,1818.05,0.0,4.0,,,,,,,,,,,2023-06-21 11:00:00
2023-06-22 14:30:00,ETHUSD,entry,short,0.0,-0.5703505864851068,1871.7,0.0,0.7242800290929278,r_trailing_stop,1.0,2023-06-22 15:00:00,1912.408807440661,1842.7279813983478,1842.7279813983478,1912.408807440661,1.0193496177177372,,,2023-06-22 14:30:00
2023-06-22 15:00:00,ETHUSD,exit,short,-0.5703505864851068,0.0,1873.25,0.0,0.8482708195532622,,,,,,,,,,,2023-06-22 15:00:00
2023-06-22 23:00:00,ETHUSD,entry,long,0.0,0.578219898814113,1875.35,0.0,0.24831082964088627,r_trailing_stop,3.0,2023-06-23 00:30:00,1919.3317092295736,1851.3873163081705,1919.3317092295736,1851.3873163081705,0.2535599857929738,,,2023-06-22 23:00:00
2023-06-23 00:30:00,ETHUSD,exit,long,0.578219898814113,0.0,1876.95,0.0,-0.3167647855997081,,,,,,,,,,,2023-06-23 00:30:00
2023-06-23 02:30:00,ETHUSD,entry,long,0.0,0.6004626597925558,1879.15,0.0,0.6012928930830623,r_trailing_stop,8.0,2023-06-23 06:30:00,1919.1226835998473,1853.640926560061,1919.1226835998473,1853.640926560061,0.4916337401275878,,,2023-06-23 02:30:00
2023-06-23 06:30:00,ETHUSD,exit,long,0.6004626597925558,0.0,1880.4,0.0,3.4062323847725646,,,,,,,,,,,2023-06-23 06:30:00
2023-06-23 12:30:00,ETHUSD,entry,long,0.0,0.6999433678760868,1873.95,0.0,1.0947602739011635,r_trailing_stop,5.0,2023-06-23 15:00:00,1914.3646780157462,1858.1341287937016,1914.3646780157462,1858.1341287937016,0.5482926694735829,,,2023-06-23 12:30:00
2023-06-23 15:00:00,ETHUSD,exit,long,0.6999433678760868,0.0,1889.15,0.0,0.7014277410839834,,,,,,,,,,,2023-06-23 15:00:00
2023-06-23 21:00:00,ETHUSD,entry,short,0.0,-0.5722855133513428,1904.5,0.0,-1.66628109662518,r_trailing_stop,2.0,2023-06-23 22:00:00,1927.044040969154,1857.0648975771153,1857.0648975771153,1927.044040969154,1.0987568763059112,,,2023-06-23 21:00:00
2023-06-23 22:00:00,ETHUSD,exit,short,-0.5722855133513428,0.0,1886.25,0.0,0.6881820147621192,,,,,,,,,,,2023-06-23 22:00:00
2023-06-27 07:30:00,ETHUSD,entry,long,0.0,0.7076957507942895,1875.5,0.0,2.435533252284823,r_trailing_stop,1.0,2023-06-27 08:00:00,1912.801382929692,1857.2194468281232,1912.801382929692,1857.2194468281232,0.11368292278856808,,,2023-06-27 07:30:00
2023-06-27 08:00:00,ETHUSD,exit,long,0.7076957507942895,0.0,1878.9,0.0,1.048231284186475,,,,,,,,,,,2023-06-27 08:00:00
2023-06-27 15:00:00,ETHUSD,entry,long,0.0,0.7043059075563171,1873.15,0.0,-0.8985502112395807,stop_loss,1.0,2023-06-27 15:30:00,1925.1459077605978,1868.941636895761,1925.1459077605978,1868.941636895761,-1.0234768635852105,,,2023-06-27 15:00:00
2023-06-27 15:30:00,ETHUSD,exit,long,0.7043059075563171,0.0,1871.65,0.0,-0.5933669603530802,,,,,,,,,,,2023-06-27 15:30:00
2023-06-27 16:30:00,ETHUSD,entry,long,0.0,0.6814753897450104,1909.65,1.0,-4.0,r_trailing_stop,1.0,2023-06-27 17:00:00,1924.8556423095056,1866.817743076198,1924.8556423095056,1866.817743076198,1.3374455430126297,,,2023-06-27 16:30:00
2023-06-27 17:00:00,ETHUSD,exit,long,0.6814753897450104,0.0,1897.65,0.0,-3.4200720629988774,,,,,,,,,,,2023-06-27 17:00:00
2023-06-28 14:30:00,ETHUSD,entry,long,0.0,0.7156210681779632,1858.0,0.0,-3.2662746979213795,r_trailing_stop,1.0,2023-06-28 15:00:00,1897.5577686288393,1843.016892548464,1897.5577686288393,1843.016892548464,-0.06556587016918847,,,2023-06-28 14:30:00
2023-06-28 15:00:00,ETHUSD,exit,long,0.7156210681779632,0.0,1860.0,0.0,-2.9010693546923996,,,,,,,,,,,2023-06-28 15:00:00
2023-06-28 16:30:00,ETHUSD,entry,long,0.0,0.7144397262785075,1855.8,0.0,-2.0862375972268095,stop_loss,1.0,2023-06-28 17:00:00,1897.8263852560892,1843.1894458975642,1897.8263852560892,1843.1894458975642,-1.0238146575426168,,,2023-06-28 16:30:00
2023-06-28 17:00:00,ETHUSD,exit,long,0.7144397262785075,0.0,1854.0,0.0,-1.6887479990013978,,,,,,,,,,,2023-06-28 17:00:00
2023-06-28 19:30:00,ETHUSD,entry,long,0.0,0.6835964614209917,1832.45,0.0,1.7565554831900505,r_trailing_stop,12.0,2023-06-29 01:30:00,1873.0167090550065,1816.7133163779974,1873.0167090550065,1816.7133163779974,0.33951430709375763,,,2023-06-28 19:30:00
2023-06-29 01:30:00,ETHUSD,exit,long,0.6835964614209917,0.0,1835.65,0.0,2.7512040493844174,,,,,,,,,,,2023-06-29 01:30:00
2023-07-03 02:00:00,ETHUSD,entry,short,0.0,-0.744745179493914,1950.15,-1.0,1.2041125564669246,stop_loss,10.0,2023-07-03 07:00:00,1960.8209977068009,1905.9725057329983,1905.9725057329983,1960.8209977068009,-1.0248248393164638,,,2023-07-03 02:00:00
2023-07-03 07:00:00,ETHUSD,exit,short,-0.744745179493914,0.0,1959.25,-1.0,1.8463153856643764,,,,,,,,,,,2023-07-03 07:00:00
2023-07-03 07:30:00,ETHUSD,entry,short,0.0,-0.7835509295259138,1967.75,-1.0,0.05818697988052018,stop_loss,1.0,2023-07-03 08:00:00,1974.3032366206403,1921.791908448399,1921.791908448399,1974.3032366206403,-1.0261183643175305,,,2023-07-03 07:30:00
2023-07-03 08:00:00,ETHUSD,exit,short,-0.7835509295259138,0.0,1962.55,-1.0,-0.006352847001895079,,,,,,,,,,,2023-07-03 08:00:00
2023-07-03 08:30:00,ETHUSD,entry,short,0.0,-0.7480668196833468,1960.25,0.0,-0.14045807227185406,r_trailing_stop,3.0,2023-07-03 10:00:00,1978.0893693854566,1923.0015765363582,1923.0015765363582,1978.0893693854566,0.17613707460182296,,,2023-07-03 08:30:00
2023-07-03 10:00:00,ETHUSD,exit,short,-0.7480668196833468,0.0,1957.65,0.0,-0.09752680796814127,,,,,,,,,,,2023-07-03 10:00:00
2023-07-03 12:30:00,ETHUSD,entry,short,0.0,-0.7832852338028481,1966.4,-1.0,-1.9332437862622602,stop_loss,6.0,2023-07-03 15:30:00,1975.366368868458,1922.8090778288547,1922.8090778288547,1975.366368868458,-1.0261095077934284,,,2023-07-03 12:30:00
2023-07-03 15:30:00,ETHUSD,exit,short,-0.7832852338028481,0.0,1968.45,-1.0,-0.6494698035623124,,,,,,,,,,,2023-07-03 15:30:00
2023-07-03 16:00:00,ETHUSD,entry,short,0.0,-0.7748174933413897,1962.75,-1.0,-0.5336687253398265,r_trailing_stop,1.0,2023-07-03 16:30:00,1983.743589750491,1930.3910256237723,1930.3910256237723,1983.743589750491,0.34482035308190784,,,2023-07-03 16:00:00
2023-07-03 16:30:00,ETHUSD,exit,short,-0.7748174933413897,0.0,1964.3,-1.0,-1.2763606535937546,,,,,,,,,,,2023-07-03 16:30:00
2023-07-03 17:00:00,ETHUSD,entry,short,0.0,-0.7559262421573155,1966.35,0.0,-1.5700013646029973,r_trailing_stop,7.0,2023-07-03 20:30:00,1979.9416005328296,1925.3709986679255,1925.3709986679255,1979.9416005328296,0.10307665313871749,,,2023-07-03 17:00:00
2023-07-03 20:30:00,ETHUSD,exit,short,-0.7559262421573155,0.0,1959.15,0.0,-1.0702765558204765,,,,,,,,,,,2023-07-03 20:30:00
2023-07-07 08:30:00,ETHUSD,entry,long,0.0,0.7237958292639988,1856.15,0.0,1.2528297544650453,r_trailing_stop,3.0,2023-07-07 10:00:00,1896.2501527686836,1842.3499388925266,1896.2501527686836,1842.3499388925266,0.19665181708468818,,,2023-07-07 08:30:00
2023-07-07 10:00:00,ETHUSD,exit,long,0.7237958292639988,0.0,1860.8,0.0,1.0835513814733697,,,,,,,,,,,2023-07-07 10:00:00
2023-07-07 12:30:00,ETHUSD,entry,long,0.0,0.7701468536885564,1862.95,1.0,1.1045725049567297,r_trailing_stop,1.0,2023-07-07 13:00:00,1892.9135574651882,1842.2845770139247,1892.9135574651882,1842.2845770139247,0.4063932320305481,,,2023-07-07 12:30:00
2023-07-07 13:00:00,ETHUSD,exit,long,0.7701468536885564,0.0,1867.3,1.0,0.5384768500064554,,,,,,,,,,,2023-07-07 13:00:00
2023-07-07 13:30:00,ETHUSD,entry,long,0.0,0.7448131986181341,1873.7,0.0,-0.7142520744641535,r_trailing_stop,1.0,2023-07-07 14:00:00,1904.957080610236,1852.3071677559055,1904.957080610236,1852.3071677559055,0.197165174865959,,,2023-07-07 13:30:00
2023-07-07 14:00:00,ETHUSD,exit,long,0.7448131986181341,0.0,1871.95,0.0,-0.4781832510165861,,,,,,,,,,,2023-07-07 14:00:00
2023-07-07 19:00:00,ETHUSD,entry,long,0.0,0.7707123193425501,1861.65,0.0,-0.38139636002238103,r_trailing_stop,5.0,2023-07-07 21:30:00,1896.6080627228134,1845.9167749108747,1896.6080627228134,1845.9167749108747,0.5045292732065164,,,2023-07-07 19:00:00
2023-07-07 21:30:00,ETHUSD,exit,long,0.7707123193425501,0.0,1868.6,0.0,-0.7111642664558085,,,,,,,,,,,2023-07-07 21:30:00
2023-07-12 06:30:00,ETHUSD,entry,short,0.0,-1.0,1889.75,-1.0,-0.41124168994504096,stop_loss,12.0,2023-07-12 12:30:00,1898.6699474416673,1864.1251313958317,1864.1251313958317,1898.6699474416673,-1.0382737600410348,,,2023-07-12 06:30:00
2023-07-12 12:30:00,ETHUSD,exit,short,-1.0,0.0,1887.35,0.0,-3.2720687554290913,,,,,,,,,,,2023-07-12 12:30:00
2023-07-12 13:30:00,ETHUSD,entry,short,0.0,-1.0,1887.35,-1.0,-2.8806860856493564,r_trailing_stop,1.0,2023-07-12 14:00:00,1895.8739576384426,1861.1401059038938,1861.1401059038938,1895.8739576384426,-0.18411908500316598,,,2023-07-12 13:30:00
2023-07-12 14:00:00,ETHUSD,exit,short,-1.0,0.0,1892.55,-1.0,-3.6944444544755353,,,,,,,,,,,2023-07-12 14:00:00
2023-07-12 14:30:00,ETHUSD,entry,short,0.0,-1.0,1893.75,-1.0,-4.0,r_trailing_stop,3.0,2023-07-12 16:00:00,1902.8859860897994,1866.885034775501,1866.885034775501,1902.8859860897994,0.7972061564116808,,,2023-07-12 14:30:00
2023-07-12 16:00:00,ETHUSD,exit,short,-1.0,0.0,1881.25,0.0,-2.518786524284254,,,,,,,,,,,2023-07-12 16:00:00
2023-07-13 00:30:00,ETHUSD,entry,short,0.0,-1.0,1871.45,0.0,1.7274756815310994,r_trailing_stop,2.0,2023-07-13 01:30:00,1884.702197079896,1846.36950730026,1846.36950730026,1884.702197079896,0.15403801070038045,,,2023-07-13 00:30:00
2023-07-13 01:30:00,ETHUSD,exit,short,-1.0,0.0,1872.75,-1.0,2.7504170198082267,,,,,,,,,,,2023-07-13 01:30:00
2023-07-13 02:00:00,ETHUSD,entry,short,0.0,-1.0,1873.55,0.0,1.5155980223664935,r_trailing_stop,5.0,2023-07-13 04:30:00,1883.3835633443434,1845.466091639141,1845.466091639141,1883.3835633443434,0.4400038743778062,,,2023-07-13 02:00:00
2023-07-13 04:30:00,ETHUSD,exit,short,-1.0,0.0,1866.15,0.0,4.0,,,,,,,,,,,2023-07-13 04:30:00
2023-07-13 09:30:00,ETHUSD,entry,short,0.0,-1.0,1882.7,-1.0,4.0,stop_loss,8.0,2023-07-13 13:30:00,1886.8443475399165,1852.5641311502084,1852.5641311502084,1886.8443475399165,-1.0383292504651305,,,2023-07-13 09:30:00
2023-07-13 13:30:00,ETHUSD,exit,short,-1.0,0.0,1887.65,0.0,4.0,,,,,,,,,,,2023-07-13 13:30:00
2023-07-13 14:30:00,ETHUSD,entry,short,0.0,-1.0,1882.45,0.0,4.0,stop_loss,1.0,2023-07-13 15:00:00,1891.5484244077234,1857.2539389806916,1857.2539389806916,1891.5484244077234,-1.0384092364588078,,,2023-07-13 14:30:00
2023-07-13 15:00:00,ETHUSD,exit,short,-1.0,0.0,1901.25,0.0,4.0,,,,,,,,,,,2023-07-13 15:00:00
2023-07-14 15:00:00,ETHUSD,entry,short,0.0,-0.7591114027000888,2004.1,0.0,-4.0,r_trailing_stop,4.0,2023-07-14 17:00:00,2015.807956457138,1960.4801088571548,1960.4801088571548,2015.807956457138,0.471281662509633,,,2023-07-14 15:00:00
2023-07-14 17:00:00,ETHUSD,exit,short,-0.7591114027000888,0.0,1969.0,0.0,-4.0,,,,,,,,,,,2023-07-14 17:00:00
2023-07-16 02:30:00,ETHUSD,entry,long,0.0,0.949520279542078,1929.6,1.0,1.8758682478032418,r_trailing_stop,1.0,2023-07-16 03:00:00,1952.2103310230536,1909.7058675907783,1952.2103310230536,1909.7058675907783,0.6024003818045418,,,2023-07-16 02:30:00
2023-07-16 03:00:00,ETHUSD,exit,long,0.949520279542078,0.0,1926.2,0.0,2.189961652415753,,,,,,,,,,,2023-07-16 03:00:00
2023-07-16 08:00:00,ETHUSD,entry,long,0.0,0.9799892719829773,1928.45,0.0,0.3086768669237077,r_trailing_stop,5.0,2023-07-16 10:30:00,1955.733741124568,1914.4565035501728,1955.733741124568,1914.4565035501728,0.5269641642272399,,,2023-07-16 08:00:00
2023-07-16 10:30:00,ETHUSD,exit,long,0.9799892719829773,0.0,1930.65,0.0,0.7305503003003025,,,,,,,,,,,2023-07-16 10:30:00
2023-07-23 20:00:00,ETHUSD,entry,long,0.0,1.0,1891.85,1.0,-3.9336787398332693,r_trailing_stop,1.0,2023-07-23 20:30:00,1911.0112332177814,1880.1955067128874,1911.0112332177814,1880.1955067128874,0.1784469575335867,,,2023-07-23 20:00:00
2023-07-23 20:30:00,ETHUSD,exit,long,1.0,0.0,1893.15,0.0,-4.0,,,,,,,,,,,2023-07-23 20:30:00
2023-07-24 04:30:00,ETHUSD,entry,long,0.0,1.0,1871.45,0.0,-4.0,r_trailing_stop,1.0,2023-07-24 05:00:00,1891.252219382953,1858.9791122468189,1891.252219382953,1858.9791122468189,0.15412830114210097,,,2023-07-24 04:30:00
2023-07-24 05:00:00,ETHUSD,exit,long,1.0,0.0,1872.25,1.0,-4.0,,,,,,,,,,,2023-07-24 05:00:00
2023-07-24 05:30:00,ETHUSD,entry,long,0.0,1.0,1871.45,0.0,-4.0,r_trailing_stop,5.0,2023-07-24 08:00:00,1895.3704308190731,1863.1418276723707,1895.3704308190731,1863.1418276723707,0.2577720956827328,,,2023-07-24 05:30:00
2023-07-24 08:00:00,ETHUSD,exit,long,1.0,0.0,1874.55,0.0,-4.0,,,,,,,,,,,2023-07-24 08:00:00
2023-07-24 09:00:00,ETHUSD,entry,long,0.0,1.0,1869.45,0.0,-4.0,stop_loss,1.0,2023-07-24 09:30:00,1892.1214389985428,1860.731424400583,1892.1214389985428,1860.731424400583,-1.0416944693005992,,,2023-07-24 09:00:00
2023-07-24 09:30:00,ETHUSD,exit,long,1.0,0.0,1842.55,1.0,1.3373581012493139,,,,,,,,,,,2023-07-24 09:30:00
2023-07-24 10:00:00,ETHUSD,entry,long,0.0,1.0,1850.9,0.0,-0.8110471517712029,r_trailing_stop,1.0,2023-07-24 10:30:00,1868.1094993150327,1832.256200273987,1868.1094993150327,1832.256200273987,0.7634355259387384,,,2023-07-24 10:00:00
2023-07-24 10:30:00,ETHUSD,exit,long,1.0,0.0,1852.2,0.0,-0.8854558019055273,,,,,,,,,,,2023-07-24 10:30:00
2023-07-24 14:00:00,ETHUSD,entry,long,0.0,1.0,1847.35,1.0,0.5128538368789154,stop_loss,2.0,2023-07-24 15:00:00,1876.3741376095684,1839.5203449561725,1876.3741376095684,1839.5203449561725,-1.0351398026298027,,,2023-07-24 14:00:00
2023-07-24 15:00:00,ETHUSD,exit,long,1.0,0.0,1843.85,0.0,1.406152475676729,,,,,,,,,,,2023-07-24 15:00:00
2023-07-25 01:30:00,ETHUSD,entry,long,0.0,1.0,1848.6,0.0,3.2398173911950203,r_trailing_stop,3.0,2023-07-25 03:00:00,1870.244626688224,1836.5121493247107,1870.244626688224,1836.5121493247107,0.6620532123785445,,,2023-07-25 01:30:00
2023-07-25 03:00:00,ETHUSD,exit,long,1.0,0.0,1851.5,0.0,1.0482213501529836,,,,,,,,,,,2023-07-25 03:00:00
2023-07-25 10:00:00,ETHUSD,entry,long,0.0,1.0,1856.55,0.0,0.9723836673301269,r_trailing_stop,8.0,2023-07-25 14:00:00,1878.6483930134214,1847.7806427946314,1878.6483930134214,1847.7806427946314,0.8253073132778136,,,2023-07-25 10:00:00
2023-07-25 14:00:00,ETHUSD,exit,long,1.0,0.0,1863.25,1.0,-1.6412457072249678,,,,,,,,,,,2023-07-25 14:00:00
2023-07-25 15:00:00,ETHUSD,entry,long,0.0,1.0,1856.45,1.0,0.7661906421224831,r_trailing_stop,1.0,2023-07-25 15:30:00,1876.193460940523,1844.9126156237908,1876.193460940523,1844.9126156237908,0.2550220404604253,,,2023-07-25 15:00:00
2023-07-25 15:30:00,ETHUSD,exit,long,1.0,0.0,1857.9,1.0,0.1221196630354354,,,,,,,,,,,2023-07-25 15:30:00
2023-07-25 16:00:00,ETHUSD,entry,long,0.0,1.0,1859.1,1.0,-0.5173656366011973,r_trailing_stop,1.0,2023-07-25 16:30:00,1880.3176850212737,1848.7929259914904,1880.3176850212737,1848.7929259914904,0.09752778751123743,,,2023-07-25 16:00:00
2023-07-25 16:30:00,ETHUSD,exit,long,1.0,0.0,1855.8,1.0,-0.21834519903520555,,,,,,,,,,,2023-07-25 16:30:00
2023-07-25 17:00:00,ETHUSD,entry,long,0.0,1.0,1860.1,1.0,-0.8064318237386351,r_trailing_stop,1.0,2023-07-25 17:30:00,1878.5982853055932,1846.5406858777628,1878.5982853055932,1846.5406858777628,0.266276282586552,,,2023-07-25 17:00:00
2023-07-25 17:30:00,ETHUSD,exit,long,1.0,0.0,1860.5,0.0,-0.28158163297781197,,,,,,,,,,,2023-07-25 17:30:00
2023-07-25 23:30:00,ETHUSD,entry,long,0.0,1.0,1857.7,0.0,-1.6244887256690332,r_trailing_stop,8.0,2023-07-26 03:30:00,1878.3030637289746,1847.84877450841,1878.3030637289746,1847.84877450841,0.3250909889341546,,,2023-07-25 23:30:00
2023-07-26 03:30:00,ETHUSD,exit,long,1.0,0.0,1858.45,0.0,0.4689769154215966,,,,,,,,,,,2023-07-26 03:30:00
2023-07-26 06:00:00,ETHUSD,entry,long,0.0,1.0,1857.85,0.0,1.602323980938462,stop_loss,7.0,2023-07-26 09:30:00,1880.2038248030003,1850.8684700787999,1880.2038248030003,1850.8684700787999,-1.0443654086420961,,,2023-07-26 06:00:00
2023-07-26 09:30:00,ETHUSD,exit,long,1.0,0.0,1849.95,0.0,4.0,,,,,,,,,,,2023-07-26 09:30:00
2023-07-26 19:30:00,ETHUSD,entry,short,0.0,-1.0,1873.25,0.0,-0.33557546329806215,stop_loss,1.0,2023-07-26 20:00:00,1880.1093734737951,1847.8765663155123,1847.8765663155123,1880.1093734737951,-1.0406303426682295,,,2023-07-26 19:30:00
2023-07-26 20:00:00,ETHUSD,exit,short,-1.0,0.0,1878.3,-1.0,-1.0467104592253722,,,,,,,,,,,2023-07-26 20:00:00
2023-07-26 20:30:00,ETHUSD,entry,short,0.0,-1.0,1880.6,-1.0,-0.2662537465108816,r_trailing_stop,3.0,2023-07-26 22:00:00,1887.803486345103,1854.3662841372425,1854.3662841372425,1887.803486345103,0.5951664863424313,,,2023-07-26 20:30:00
2023-07-26 22:00:00,ETHUSD,exit,short,-1.0,0.0,1869.2,0.0,2.337419425086814,,,,,,,,,,,2023-07-26 22:00:00
2023-07-27 01:00:00,ETHUSD,entry,short,0.0,-1.0,1873.4,-1.0,0.37040555071796316,stop_loss,7.0,2023-07-27 04:30:00,1879.9864237615839,1845.0339405960403,1845.0339405960403,1879.9864237615839,-1.0374508441589185,,,2023-07-27 01:00:00
2023-07-27 04:30:00,ETHUSD,exit,short,-1.0,0.0,1880.1,0.0,-2.710333785455262,,,,,,,,,,,2023-07-27 04:30:00
2023-08-03 07:00:00,ETHUSD,entry,long,0.0,1.0,1832.2,1.0,2.048301405851925,r_trailing_stop,13.0,2023-08-03 13:30:00,1857.3185330316423,1824.112586787343,1857.3185330316423,1824.112586787343,0.09078996900699358,,,2023-08-03 07:00:00
2023-08-03 13:30:00,ETHUSD,exit,long,1.0,0.0,1836.8,1.0,-0.5440824538638805,,,,,,,,,,,2023-08-03 13:30:00
2023-08-03 14:00:00,ETHUSD,entry,long,0.0,1.0,1836.6,1.0,-1.0900238721154998,r_trailing_stop,2.0,2023-08-03 15:00:00,1858.906081238028,1828.0275675047887,1858.906081238028,1828.0275675047887,0.8078363812894374,,,2023-08-03 14:00:00
2023-08-03 15:00:00,ETHUSD,exit,long,1.0,0.0,1839.5,1.0,-1.2049203851871702,,,,,,,,,,,2023-08-03 15:00:00
2023-08-03 15:30:00,ETHUSD,entry,long,0.0,1.0,1839.1,0.0,-1.2748850816768835,r_trailing_stop,4.0,2023-08-03 17:30:00,1862.788681007002,1830.254527597199,1862.788681007002,1830.254527597199,1.2567505441122095,,,2023-08-03 15:30:00
2023-08-03 17:30:00,ETHUSD,exit,long,1.0,0.0,1846.0,0.0,-2.0976285604465787,,,,,,,,,,,2023-08-03 17:30:00
2023-08-03 21:00:00,ETHUSD,entry,short,0.0,-1.0,1843.3,0.0,-1.2433044843007595,r_trailing_stop,2.0,2023-08-03 22:00:00,1852.6585294561462,1817.803676359635,1817.803676359635,1852.6585294561462,0.30440839818264587,,,2023-08-03 21:00:00
2023-08-03 22:00:00,ETHUSD,exit,short,-1.0,0.0,1831.4,0.0,0.8322172444629777,,,,,,,,,,,2023-08-03 22:00:00
2023-08-04 00:30:00,ETHUSD,entry,short,0.0,-1.0,1837.55,0.0,0.08934355960939637,r_trailing_stop,4.0,2023-08-04 02:30:00,1843.2178303590977,1807.9804241022562,1807.9804241022562,1843.2178303590977,0.08774184392188218,,,2023-08-04 00:30:00
2023-08-04 02:30:00,ETHUSD,exit,short,-1.0,0.0,1833.7,0.0,2.357906778709557,,,,,,,,,,,2023-08-04 02:30:00
2023-08-08 13:00:00,ETHUSD,entry,long,0.0,1.0,1840.55,1.0,4.0,r_trailing_stop,1.0,2023-08-08 13:30:00,1863.0522913487978,1835.6090834604809,1863.0522913487978,1835.6090834604809,-0.42325281531482284,,,2023-08-08 13:00:00
2023-08-08 13:30:00,ETHUSD,exit,long,1.0,0.0,1834.0,0.0,4.0,,,,,,,,,,,2023-08-08 13:30:00
2023-08-09 16:00:00,ETHUSD,entry,long,0.0,1.0,1850.7,0.0,0.06643167900620815,r_trailing_stop,15.0,2023-08-09 23:30:00,1874.975071024522,1842.9499715901911,1874.975071024522,1842.9499715901911,0.3051571351069375,,,2023-08-09 16:00:00
2023-08-09 23:30:00,ETHUSD,exit,long,1.0,0.0,1854.3,0.0,-1.1431885819315584,,,,,,,,,,,2023-08-09 23:30:00
2023-08-10 06:00:00,ETHUSD,entry,long,0.0,1.0,1850.45,1.0,-0.6347770169273923,r_trailing_stop,14.0,2023-08-10 13:00:00,1871.3300101859495,1844.2679959256202,1871.3300101859495,1844.2679959256202,0.40475922799499153,,,2023-08-10 06:00:00
2023-08-10 13:00:00,ETHUSD,exit,long,1.0,0.0,1855.1,0.0,-0.8682810431700275,,,,,,,,,,,2023-08-10 13:00:00
2023-08-10 14:00:00,ETHUSD,entry,long,0.0,1.0,1857.3,1.0,-2.093288743273179,stop_loss,1.0,2023-08-10 14:30:00,1881.5325217901961,1854.6069912839214,1881.5325217901961,1854.6069912839214,-1.0484153877561004,,,2023-08-10 14:00:00
2023-08-10 14:30:00,ETHUSD,exit,long,1.0,0.0,1851.3,1.0,-1.8309055886921617,,,,,,,,,,,2023-08-10 14:30:00
2023-08-10 15:00:00,ETHUSD,entry,long,0.0,1.0,1852.75,0.0,-1.6567586429254193,r_trailing_stop,2.0,2023-08-10 16:00:00,1871.9687691093654,1843.1024923562536,1871.9687691093654,1843.1024923562536,0.03391691309462525,,,2023-08-10 15:00:00
2023-08-10 16:00:00,ETHUSD,exit,long,1.0,0.0,1850.4,1.0,-1.144013886364672,,,,,,,,,,,2023-08-10 16:00:00
2023-08-10 16:30:00,ETHUSD,entry,long,0.0,1.0,1849.9,0.0,-0.9556283103984667,max_holding_close,23.0,2023-08-11 04:00:00,1870.8911545563838,1842.1335381774463,1870.8911545563838,1842.1335381774463,-0.6109770979790987,,,2023-08-10 16:30:00
2023-08-11 04:00:00,ETHUSD,exit,long,1.0,0.0,1845.7,0.0,-0.2178670878957949,,,,,,,,,,,2023-08-11 04:00:00
2023-08-15 09:00:00,ETHUSD,entry,long,0.0,1.0,1842.35,0.0,-4.0,r_trailing_stop,1.0,2023-08-15 09:30:00,1852.3950606609928,1835.951975735603,1852.3950606609928,1835.951975735603,0.07606005486427452,,,2023-08-15 09:00:00
2023-08-15 09:30:00,ETHUSD,exit,long,1.0,0.0,1841.6,0.0,-4.0,,,,,,,,,,,2023-08-15 09:30:00
2023-08-15 15:30:00,ETHUSD,entry,long,0.0,1.0,1838.15,0.0,-4.0,r_trailing_stop,7.0,2023-08-15 19:00:00,1850.6396099475794,1833.3641560209683,1850.6396099475794,1833.3641560209683,-0.09474772743762369,,,2023-08-15 15:30:00
2023-08-15 19:00:00,ETHUSD,exit,long,1.0,0.0,1821.85,0.0,0.8668020219912503,,,,,,,,,,,2023-08-15 19:00:00
2023-08-16 07:00:00,ETHUSD,entry,short,0.0,-1.0,1824.4,0.0,-1.949132093302634,r_trailing_stop,5.0,2023-08-16 09:30:00,1829.1491440307466,1809.2021399231337,1809.2021399231337,1829.1491440307466,0.25627761079930755,,,2023-08-16 07:00:00
2023-08-16 09:30:00,ETHUSD,exit,short,-1.0,0.0,1822.2,-1.0,-4.0,,,,,,,,,,,2023-08-16 09:30:00
2023-08-16 10:00:00,ETHUSD,entry,short,0.0,-1.0,1823.3,0.0,-3.9717948679554107,r_trailing_stop,5.0,2023-08-16 12:30:00,1828.0725310528069,1807.6936723679828,1807.6936723679828,1828.0725310528069,0.2541776338231036,,,2023-08-16 10:00:00
2023-08-16 12:30:00,ETHUSD,exit,short,-1.0,0.0,1822.65,0.0,-4.0,,,,,,,,,,,2023-08-16 12:30:00
2023-08-19 16:00:00,ETHUSD,entry,short,0.0,-0.6793746040510332,1681.6999999999998,-1.0,-1.973361689650344,r_trailing_stop,3.0,2023-08-19 17:30:00,1697.9141116988844,1645.8897207527887,1645.8897207527887,1697.9141116988844,0.29584496811859645,,,2023-08-19 16:00:00
2023-08-19 17:30:00,ETHUSD,exit,short,-0.6793746040510332,0.0,1679.4,0.0,-1.8878948917149263,,,,,,,,,,,2023-08-19 17:30:00
2023-08-24 10:00:00,ETHUSD,entry,long,0.0,0.7919709629333869,1669.3,0.0,-2.457577663113119,r_trailing_stop,3.0,2023-08-24 11:30:00,1698.1655512260272,1653.973779509589,1698.1655512260272,1653.973779509589,0.2423476996820163,,,2023-08-24 10:00:00
2023-08-24 11:30:00,ETHUSD,exit,long,0.7919709629333869,0.0,1667.05,0.0,-1.0854728089438188,,,,,,,,,,,2023-08-24 11:30:00
2023-08-30 15:00:00,ETHUSD,entry,long,0.0,0.8095532845306478,1703.1,0.0,-0.9248044440485338,r_trailing_stop,2.0,2023-08-30 16:00:00,1734.299807144329,1690.1300771422684,1734.299807144329,1690.1300771422684,0.032444730813009096,,,2023-08-30 15:00:00
2023-08-30 16:00:00,ETHUSD,exit,long,0.8095532845306478,0.0,1702.5,1.0,-0.18839989741675658,,,,,,,,,,,2023-08-30 16:00:00
2023-08-30 16:30:00,ETHUSD,entry,long,0.0,0.8018770406012388,1700.2,0.0,0.22744115409626925,r_trailing_stop,10.0,2023-08-30 21:30:00,1734.398087308812,1689.8107650764753,1734.398087308812,1689.8107650764753,0.04391865000989552,,,2023-08-30 16:30:00
2023-08-30 21:30:00,ETHUSD,exit,long,0.8018770406012388,0.0,1703.2,0.0,0.14102615780605082,,,,,,,,,,,2023-08-30 21:30:00
2023-08-31 11:30:00,ETHUSD,entry,long,0.0,1.0,1713.6,1.0,-4.0,r_trailing_stop,1.0,2023-08-31 12:00:00,1736.154074959061,1703.1083700163756,1736.154074959061,1703.1083700163756,0.09611581915138498,,,2023-08-31 11:30:00
2023-08-31 12:00:00,ETHUSD,exit,long,1.0,0.0,1710.0,1.0,-4.0,,,,,,,,,,,2023-08-31 12:00:00
2023-08-31 12:30:00,ETHUSD,entry,long,0.0,1.0,1708.0,0.0,-4.0,stop_loss,2.0,2023-08-31 13:30:00,1734.9197041504551,1699.962118339818,1734.9197041504551,1699.962118339818,-1.034240493793933,,,2023-08-31 12:30:00
2023-08-31 13:30:00,ETHUSD,exit,long,1.0,0.0,1704.1,1.0,-4.0,,,,,,,,,,,2023-08-31 13:30:00
2023-08-31 14:00:00,ETHUSD,entry,long,0.0,1.0,1701.9,1.0,-4.0,stop_loss,3.0,2023-08-31 15:30:00,1729.2017691567423,1693.989292337303,1729.2017691567423,1693.989292337303,-1.0338753506638159,,,2023-08-31 14:00:00
2023-08-31 15:30:00,ETHUSD,exit,long,1.0,0.0,1688.9,1.0,-4.0,,,,,,,,,,,2023-08-31 15:30:00
2023-09-01 09:30:00,ETHUSD,entry,long,0.0,0.923341960668701,1644.6999999999998,0.0,-3.1424508737715615,r_trailing_stop,6.0,2023-09-01 12:30:00,1672.587385553366,1635.1550457786534,1672.587385553366,1635.1550457786534,0.16090110947511646,,,2023-09-01 09:30:00
2023-09-01 12:30:00,ETHUSD,exit,long,0.923341960668701,0.0,1646.3,1.0,-3.2055583392960822,,,,,,,,,,,2023-09-01 12:30:00
2023-09-01 13:00:00,ETHUSD,entry,long,0.0,0.9395805295555565,1644.3,0.0,-2.918922548707492,stop_loss,1.0,2023-09-01 13:30:00,1672.5316748785554,1635.7373300485779,1672.5316748785554,1635.7373300485779,-1.0313193509851852,,,2023-09-01 13:00:00
2023-09-01 13:30:00,ETHUSD,exit,long,0.9395805295555565,0.0,1644.6999999999998,0.0,-2.9929884812256673,,,,,,,,,,,2023-09-01 13:30:00
2023-09-01 15:00:00,ETHUSD,entry,long,0.0,0.8762427057764726,1636.05,1.0,-1.0362299812109033,r_trailing_stop,1.0,2023-09-01 15:30:00,1658.2083635604477,1619.1366545758212,1658.2083635604477,1619.1366545758212,0.4903494241200703,,,2023-09-01 15:00:00
2023-09-01 15:30:00,ETHUSD,exit,long,0.8762427057764726,0.0,1634.2,1.0,-0.46645490978452353,,,,,,,,,,,2023-09-01 15:30:00
2023-09-01 16:00:00,ETHUSD,entry,long,0.0,0.8469784487864354,1634.3,1.0,-0.4561559225425541,stop_loss,2.0,2023-09-01 17:00:00,1663.192590021179,1622.6729639915284,1663.192590021179,1622.6729639915284,-1.0282326149595478,,,2023-09-01 16:00:00
2023-09-01 17:00:00,ETHUSD,exit,long,0.8469784487864354,0.0,1603.7,1.0,4.0,,,,,,,,,,,2023-09-01 17:00:00
2023-09-01 17:30:00,ETHUSD,entry,long,0.0,0.7648178661864234,1605.2,0.0,4.0,r_trailing_stop,1.0,2023-09-01 18:00:00,1635.2545476296918,1591.2181809481235,1635.2545476296918,1591.2181809481235,0.08180375156853971,,,2023-09-01 17:30:00
2023-09-01 18:00:00,ETHUSD,exit,long,0.7648178661864234,0.0,1605.8000000000002,1.0,3.9462473367111515,,,,,,,,,,,2023-09-01 18:00:00
2023-09-01 18:30:00,ETHUSD,entry,long,0.0,0.761949985186657,1617.65,0.0,1.853074029158379,r_trailing_stop,1.0,2023-09-01 19:00:00,1637.2083738673477,1592.9566504530608,1637.2083738673477,1592.9566504530608,0.9316265405990997,,,2023-09-01 18:30:00
2023-09-01 19:00:00,ETHUSD,exit,long,0.761949985186657,0.0,1617.1,0.0,2.097004639793982,,,,,,,,,,,2023-09-01 19:00:00
2023-09-07 13:00:00,ETHUSD,entry,long,0.0,1.0,1626.9,0.0,4.0,r_trailing_stop,2.0,2023-09-07 14:00:00,1646.9521142345852,1616.7091543061658,1646.9521142345852,1616.7091543061658,-0.08969839613648803,,,2023-09-07 13:00:00
2023-09-07 14:00:00,ETHUSD,exit,long,1.0,0.0,1626.1999999999998,0.0,4.0,,,,,,,,,,,2023-09-07 14:00:00
2023-09-08 06:00:00,ETHUSD,entry,short,0.0,-1.0,1646.0,0.0,-3.8762825183564753,take_profit,8.0,2023-09-08 10:00:00,1654.9993566147052,1621.4016084632372,1621.4016084632372,1654.9993566147052,2.4657185358135476,,,2023-09-08 06:00:00
2023-09-08 10:00:00,ETHUSD,exit,short,-1.0,0.0,1625.2,0.0,1.8681738683009013,,,,,,,,,,,2023-09-08 10:00:00
2023-09-08 14:00:00,ETHUSD,entry,short,0.0,-1.0,1633.2,0.0,0.4064133247194929,r_trailing_stop,4.0,2023-09-08 16:00:00,1640.1939943995328,1607.3150140011685,1607.3150140011685,1640.1939943995328,0.12512392990642116,,,2023-09-08 14:00:00
2023-09-08 16:00:00,ETHUSD,exit,short,-1.0,0.0,1629.4499999999998,0.0,0.6923969633095504,,,,,,,,,,,2023-09-08 16:00:00
2023-09-08 19:30:00,ETHUSD,entry,short,0.0,-1.0,1634.2,0.0,-0.05505977514505867,max_holding_close,23.0,2023-09-09 07:00:00,1640.7856752537425,1608.8108118656442,1608.8108118656442,1640.7856752537425,-0.32031896041851876,,,2023-09-08 19:30:00
2023-09-09 07:00:00,ETHUSD,exit,short,-1.0,0.0,1634.25,0.0,-0.25970090162364723,,,,,,,,,,,2023-09-09 07:00:00
2023-09-10 20:30:00,ETHUSD,entry,short,0.0,-1.0,1618.6999999999998,-1.0,-3.1500305399784185,r_trailing_stop,1.0,2023-09-10 21:00:00,1628.883930290281,1601.815174274298,1601.815174274298,1628.883930290281,0.23820073470640746,,,2023-09-10 20:30:00
2023-09-10 21:00:00,ETHUSD,exit,short,-1.0,0.0,1624.3000000000002,-1.0,-4.0,,,,,,,,,,,2023-09-10 21:00:00
2023-09-10 21:30:00,ETHUSD,entry,short,0.0,-1.0,1623.1,0.0,-4.0,r_trailing_stop,1.0,2023-09-10 22:00:00,1632.207254154724,1604.3568646131898,1604.3568646131898,1632.207254154724,0.10369783143224157,,,2023-09-10 21:30:00
2023-09-10 22:00:00,ETHUSD,exit,short,-1.0,0.0,1622.8000000000002,0.0,-4.0,,,,,,,,,,,2023-09-10 22:00:00
2023-09-11 01:00:00,ETHUSD,entry,short,0.0,-1.0,1609.1,0.0,-3.972532868987882,r_trailing_stop,2.0,2023-09-11 02:00:00,1617.754969882057,1588.6875752948572,1588.6875752948572,1617.754969882057,0.12064246722568181,,,2023-09-11 01:00:00
2023-09-11 02:00:00,ETHUSD,exit,short,-1.0,0.0,1610.5,0.0,-4.0,,,,,,,,,,,2023-09-11 02:00:00
2023-09-13 05:30:00,ETHUSD,entry,long,0.0,0.7055502884044323,1584.3000000000002,0.0,2.023275067928592,r_trailing_stop,4.0,2023-09-13 07:30:00,1618.2375349505573,1571.0749860197773,1618.2375349505573,1571.0749860197773,0.1049520450257689,,,2023-09-13 05:30:00
2023-09-13 07:30:00,ETHUSD,exit,long,0.7055502884044323,0.0,1584.25,0.0,2.2522025879906735,,,,,,,,,,,2023-09-13 07:30:00
2023-09-13 08:30:00,ETHUSD,entry,long,0.0,0.7030576221357072,1592.4,0.0,1.699061510210077,r_trailing_stop,3.0,2023-09-13 10:00:00,1626.9361901040422,1579.3555239583832,1626.9361901040422,1579.3555239583832,0.3849282444006639,,,2023-09-13 08:30:00
2023-09-13 10:00:00,ETHUSD,exit,long,0.7030576221357072,0.0,1595.1999999999998,0.0,2.1186366158864547,,,,,,,,,,,2023-09-13 10:00:00
2023-09-13 15:00:00,ETHUSD,entry,long,0.0,0.7102199856598962,1610.3000000000002,1.0,1.2731809795834008,r_trailing_stop,1.0,2023-09-13 15:30:00,1637.7236595502122,1590.300536179915,1637.7236595502122,1590.300536179915,0.4560497804230579,,,2023-09-13 15:00:00
2023-09-13 15:30:00,ETHUSD,exit,long,0.7102199856598962,0.0,1608.1999999999998,0.0,1.7541693193648404,,,,,,,,,,,2023-09-13 15:30:00
2023-09-13 16:30:00,ETHUSD,entry,long,0.0,0.6889352934854617,1609.65,0.0,0.9198175529682378,stop_loss,2.0,2023-09-13 17:30:00,1649.4988016784423,1600.290479328623,1649.4988016784423,1600.290479328623,-1.0229645097828488,,,2023-09-13 16:30:00
2023-09-13 17:30:00,ETHUSD,exit,long,0.6889352934854617,0.0,1597.8000000000002,0.0,2.3797050328551634,,,,,,,,,,,2023-09-13 17:30:00
2023-09-19 09:00:00,ETHUSD,entry,long,0.0,1.0,1652.1,0.0,-2.7973734158699086,r_trailing_stop,2.0,2023-09-19 10:00:00,1667.3545278789127,1634.588188848435,1667.3545278789127,1634.588188848435,1.001003956209195,,,2023-09-19 09:00:00
2023-09-19 10:00:00,ETHUSD,exit,long,1.0,0.0,1644.6,0.0,-0.9700480815347515,,,,,,,,,,,2023-09-19 10:00:00
2023-09-20 16:00:00,ETHUSD,entry,short,0.0,-0.9371708112818914,1627.4,-1.0,-1.0564952875390545,stop_loss,5.0,2023-09-20 18:30:00,1639.7815028619252,1603.2712428451864,1603.2712428451864,1639.7815028619252,-1.0312390270427298,,,2023-09-20 16:00:00
2023-09-20 18:30:00,ETHUSD,exit,short,-0.9371708112818914,0.0,1632.1999999999998,0.0,-1.9761913781639369,,,,,,,,,,,2023-09-20 18:30:00
2023-09-21 09:30:00,ETHUSD,entry,long,0.0,0.9307087907396768,1610.1,1.0,-4.0,stop_loss,2.0,2023-09-21 10:30:00,1636.7100534994388,1600.3659786002245,1636.7100534994388,1600.3659786002245,-1.031023626357989,,,2023-09-21 09:30:00
2023-09-21 10:30:00,ETHUSD,exit,long,0.9307087907396768,0.0,1591.85,0.0,-1.084724436425808,,,,,,,,,,,2023-09-21 10:30:00
2023-09-22 00:30:00,ETHUSD,entry,long,0.0,0.8656500774556131,1591.0,1.0,0.719332649313181,r_trailing_stop,1.0,2023-09-22 01:00:00,1609.6672562541207,1571.2830974983517,1609.6672562541207,1571.2830974983517,0.5554814618014927,,,2023-09-22 00:30:00
2023-09-22 01:00:00,ETHUSD,exit,long,0.8656500774556131,0.0,1592.7,0.0,0.6744231410271803,,,,,,,,,,,2023-09-22 01:00:00
2023-09-22 03:30:00,ETHUSD,entry,long,0.0,0.8661632700282035,1594.2,0.0,-0.20080152297489107,r_trailing_stop,10.0,2023-09-22 08:30:00,1620.1802505447063,1581.5678997821174,1620.1802505447063,1581.5678997821174,0.37449623538618837,,,2023-09-22 03:30:00
2023-09-22 08:30:00,ETHUSD,exit,long,0.8661632700282035,0.0,1596.1999999999998,0.0,-0.9014547170048781,,,,,,,,,,,2023-09-22 08:30:00
2023-09-27 10:30:00,ETHUSD,entry,long,0.0,1.0,1615.6,0.0,-4.0,r_trailing_stop,1.0,2023-09-27 11:00:00,1635.3448610897176,1606.162055564113,1635.3448610897176,1606.162055564113,0.1111904747181822,,,2023-09-27 10:30:00
2023-09-27 11:00:00,ETHUSD,exit,long,1.0,0.0,1621.9,0.0,-4.0,,,,,,,,,,,2023-09-27 11:00:00
2023-09-27 12:30:00,ETHUSD,entry,long,0.0,1.0,1622.75,1.0,-4.0,stop_loss,2.0,2023-09-27 13:30:00,1648.0502475622343,1616.8299009751063,1648.0502475622343,1616.8299009751063,-1.0364513890588647,,,2023-09-27 12:30:00
2023-09-27 13:30:00,ETHUSD,exit,long,1.0,0.0,1617.8,0.0,-2.468806284256593,,,,,,,,,,,2023-09-27 13:30:00
2023-09-29 07:00:00,ETHUSD,entry,short,0.0,-0.8677867422593136,1662.3000000000002,-1.0,0.4706458594390723,stop_loss,1.0,2023-09-29 07:30:00,1670.5712515359278,1630.4218711601802,1630.4218711601802,1670.5712515359278,-1.028926224741977,,,2023-09-29 07:00:00
2023-09-29 07:30:00,ETHUSD,exit,short,-0.8677867422593136,0.0,1686.6,0.0,-3.4757953344482653,,,,,,,,,,,2023-09-29 07:30:00
2023-09-29 13:00:00,ETHUSD,entry,short,0.0,-0.8313031931963332,1673.0,0.0,-0.6939613247516618,r_trailing_stop,3.0,2023-09-29 14:30:00,1685.5282646839041,1643.2543382902397,1643.2543382902397,1685.5282646839041,0.7629663897232354,,,2023-09-29 13:00:00
2023-09-29 14:30:00,ETHUSD,exit,short,-0.8313031931963332,0.0,1673.1999999999998,0.0,-0.3879929386834145,,,,,,,,,,,2023-09-29 14:30:00
2023-10-04 10:00:00,ETHUSD,entry,long,0.0,0.8185474473036614,1647.8000000000002,0.0,-0.6807771795092701,stop_loss,7.0,2023-10-04 13:30:00,1681.8658081478438,1639.4936767408624,1681.8658081478438,1639.4936767408624,-1.027284914910122,,,2023-10-04 10:00:00
2023-10-04 13:30:00,ETHUSD,exit,long,0.8185474473036614,0.0,1634.95,1.0,2.112922434534227,,,,,,,,,,,2023-10-04 13:30:00
2023-10-04 14:00:00,ETHUSD,entry,long,0.0,0.8460055259650167,1630.65,1.0,2.237623233576915,r_trailing_stop,6.0,2023-10-04 17:00:00,1663.8873993104557,1623.3050402758179,1663.8873993104557,1623.3050402758179,0.19603517856637442,,,2023-10-04 14:00:00
2023-10-04 17:00:00,ETHUSD,exit,long,0.8460055259650167,0.0,1638.6,0.0,0.8899505094079162,,,,,,,,,,,2023-10-04 17:00:00
2023-10-04 19:00:00,ETHUSD,entry,long,0.0,0.8476340329793659,1649.0,1.0,-2.467197902080935,r_trailing_stop,1.0,2023-10-04 19:30:00,1672.685665559396,1631.9657337762414,1672.685665559396,1631.9657337762414,0.4444869921782954,,,2023-10-04 19:00:00
2023-10-04 19:30:00,ETHUSD,exit,long,0.8476340329793659,0.0,1642.6,1.0,-1.0518350029053085,,,,,,,,,,,2023-10-04 19:30:00
2023-10-04 20:00:00,ETHUSD,entry,long,0.0,0.8162570687703559,1646.65,0.0,-1.7243499947492296,r_trailing_stop,1.0,2023-10-04 20:30:00,1672.8362623218914,1630.5754950712435,1672.8362623218914,1630.5754950712435,0.11618991758271106,,,2023-10-04 20:00:00
2023-10-04 20:30:00,ETHUSD,exit,long,0.8162570687703559,0.0,1642.0,1.0,-0.577454591877747,,,,,,,,,,,2023-10-04 20:30:00
2023-10-04 21:00:00,ETHUSD,entry,long,0.0,0.8127261001358086,1645.5,0.0,-0.9756403956042042,r_trailing_stop,1.0,2023-10-04 21:30:00,1672.2544900316163,1629.8282039873536,1672.2544900316163,1629.8282039873536,0.1312568434794036,,,2023-10-04 21:00:00
2023-10-04 21:30:00,ETHUSD,exit,long,0.8127261001358086,0.0,1643.9,0.0,-0.8584120991466612,,,,,,,,,,,2023-10-04 21:30:00
2023-10-05 16:30:00,ETHUSD,entry,long,0.0,0.8235116368161398,1614.2,1.0,1.5011360003003238,r_trailing_stop,21.0,2023-10-06 03:00:00,1647.6749933271667,1606.410002669133,1647.6749933271667,1606.410002669133,0.324739563347775,,,2023-10-05 16:30:00
2023-10-06 03:00:00,ETHUSD,exit,long,0.8235116368161398,0.0,1622.6,0.0,3.548712065203629,,,,,,,,,,,2023-10-06 03:00:00
2023-10-09 11:00:00,ETHUSD,entry,long,0.0,1.0,1594.05,1.0,-3.5658116854532524,stop_loss,1.0,2023-10-09 11:30:00,1617.4649882737199,1586.9240046905122,1617.4649882737199,1586.9240046905122,-1.036572332287757,,,2023-10-09 11:00:00
2023-10-09 11:30:00,ETHUSD,exit,long,1.0,0.0,1590.7,0.0,-2.3913016974913104,,,,,,,,,,,2023-10-09 11:30:00
2023-10-09 12:30:00,ETHUSD,entry,long,0.0,1.0,1587.1,1.0,-2.0430383892036037,r_trailing_stop,4.0,2023-10-09 14:30:00,1615.3323687635245,1583.43705249459,1615.3323687635245,1583.43705249459,0.09672940609796248,,,2023-10-09 12:30:00
2023-10-09 14:30:00,ETHUSD,exit,long,1.0,0.0,1591.3000000000002,0.0,-0.5030305773888004,,,,,,,,,,,2023-10-09 14:30:00
2023-10-09 16:00:00,ETHUSD,entry,short,0.0,-1.0,1569.1,0.0,2.9781883352380087,r_trailing_stop,1.0,2023-10-09 16:30:00,1595.8462754450504,1562.9593113873734,1562.9593113873734,1595.8462754450504,1.807387416356059,,,2023-10-09 16:00:00
2023-10-09 16:30:00,ETHUSD,exit,short,-1.0,0.0,1569.6,0.0,2.6198376049535885,,,,,,,,,,,2023-10-09 16:30:00
2023-10-10 01:00:00,ETHUSD,entry,long,0.0,0.8756105629678538,1578.35,0.0,-0.15871916607791933,r_trailing_stop,4.0,2023-10-10 03:00:00,1604.7782828930067,1566.9386868427973,1604.7782828930067,1566.9386868427973,0.9001411097648891,,,2023-10-10 01:00:00
2023-10-10 03:00:00,ETHUSD,exit,long,0.8756105629678538,0.0,1585.25,0.0,-3.0822472596844714,,,,,,,,,,,2023-10-10 03:00:00
2023-10-10 07:30:00,ETHUSD,entry,long,0.0,0.9578161393805926,1590.05,0.0,-4.0,stop_loss,8.0,2023-10-10 11:30:00,1617.3887633157312,1582.4744946737076,1617.3887633157312,1582.4744946737076,-1.0319272046460197,,,2023-10-10 07:30:00
2023-10-10 11:30:00,ETHUSD,exit,long,0.9578161393805926,0.0,1579.6999999999998,1.0,-2.472673985484861,,,,,,,,,,,2023-10-10 11:30:00
2023-10-10 12:00:00,ETHUSD,entry,long,0.0,0.9765207968682584,1582.3,1.0,-2.793896633332668,r_trailing_stop,2.0,2023-10-10 13:00:00,1603.8636921568773,1569.894523137249,1603.8636921568773,1569.894523137249,-0.5631789223029035,,,2023-10-10 12:00:00
2023-10-10 13:00:00,ETHUSD,exit,long,0.9765207968682584,0.0,1577.5,1.0,-0.980984834736273,,,,,,,,,,,2023-10-10 13:00:00
2023-10-10 13:30:00,ETHUSD,entry,long,0.0,0.9474511632818223,1574.9,1.0,-0.2393377546904231,r_trailing_stop,2.0,2023-10-10 14:30:00,1602.424110452342,1567.4603558190634,1602.424110452342,1567.4603558190634,0.5039729052219304,,,2023-10-10 13:30:00
2023-10-10 14:30:00,ETHUSD,exit,long,0.9474511632818223,0.0,1571.9,0.0,-2.252009448761328,,,,,,,,,,,2023-10-10 14:30:00
2023-10-11 13:00:00,ETHUSD,entry,long,0.0,0.8263502022505116,1570.4,1.0,-1.9104273800818585,stop_loss,4.0,2023-10-11 15:00:00,1601.1460086241364,1561.1815965503454,1601.1460086241364,1561.1815965503454,-1.0275450067416836,,,2023-10-11 13:00:00
2023-10-11 15:00:00,ETHUSD,exit,long,0.8263502022505116,0.0,1558.5,0.0,0.3505438636736329,,,,,,,,,,,2023-10-11 15:00:00
2023-10-12 10:00:00,ETHUSD,entry,long,0.0,0.8468235880513958,1543.6,1.0,-1.022992503055216,r_trailing_stop,2.0,2023-10-12 11:00:00,1568.5505503462628,1530.329779861495,1568.5505503462628,1530.329779861495,0.406745463338988,,,2023-10-12 10:00:00
2023-10-12 11:00:00,ETHUSD,exit,long,0.8468235880513958,0.0,1546.4,0.0,-1.6570948140827297,,,,,,,,,,,2023-10-12 11:00:00
2023-10-12 12:00:00,ETHUSD,entry,long,0.0,0.8478270122309107,1548.05,1.0,-0.7517659022767026,stop_loss,5.0,2023-10-12 14:30:00,1578.898700813111,1540.4705196747557,1578.898700813111,1540.4705196747557,-1.028260900407697,,,2023-10-12 12:00:00
2023-10-12 14:30:00,ETHUSD,exit,long,0.8478270122309107,0.0,1543.9,1.0,-0.28143782995010047,,,,,,,,,,,2023-10-12 14:30:00
2023-10-12 15:00:00,ETHUSD,entry,long,0.0,0.8147097479103816,1540.4,1.0,0.043875792812913574,stop_loss,2.0,2023-10-12 16:00:00,1572.4273019433022,1532.6290792226791,1572.4273019433022,1532.6290792226791,-1.0271569915970127,,,2023-10-12 15:00:00
2023-10-12 16:00:00,ETHUSD,exit,long,0.8147097479103816,0.0,1536.05,0.0,0.6865356693063092,,,,,,,,,,,2023-10-12 16:00:00
2023-10-16 11:00:00,ETHUSD,entry,long,0.0,1.0,1584.6999999999998,0.0,3.8232598447517168,take_profit,4.0,2023-10-16 13:00:00,1607.8503008287516,1576.9098796684993,1607.8503008287516,1576.9098796684993,2.464123791520136,,,2023-10-16 11:00:00
2023-10-16 13:00:00,ETHUSD,exit,long,1.0,0.0,1624.0,1.0,-4.0,,,,,,,,,,,2023-10-16 13:00:00
2023-10-17 08:00:00,ETHUSD,entry,short,0.0,-0.7944870924307217,1587.6999999999998,-1.0,-3.795495631887482,r_trailing_stop,2.0,2023-10-17 09:00:00,1602.9649214391827,1560.9126964020425,1560.9126964020425,1602.9649214391827,0.11084633443014354,,,2023-10-17 08:00:00
2023-10-17 09:00:00,ETHUSD,exit,short,-0.7944870924307217,0.0,1588.9,0.0,-3.9551668170423016,,,,,,,,,,,2023-10-17 09:00:00
2023-10-17 11:00:00,ETHUSD,entry,short,0.0,-0.8195193953128349,1585.6999999999998,0.0,-3.536022914431944,r_trailing_stop,4.0,2023-10-17 13:00:00,1598.6693711271046,1558.0015721822392,1558.0015721822392,1598.6693711271046,0.776948734272938,,,2023-10-17 11:00:00
2023-10-17 13:00:00,ETHUSD,exit,short,-0.8195193953128349,0.0,1574.4,0.0,-1.3458261301264107,,,,,,,,,,,2023-10-17 13:00:00
2023-10-17 19:00:00,ETHUSD,entry,short,0.0,-0.7685584654958761,1559.1,-1.0,2.532309399273735,stop_loss,10.0,2023-10-18 00:00:00,1566.5853162039305,1524.111709490174,1524.111709490174,1566.5853162039305,-1.0256186155165292,,,2023-10-17 19:00:00
2023-10-18 00:00:00,ETHUSD,exit,short,-0.7685584654958761,0.0,1567.5,0.0,2.34593826684618,,,,,,,,,,,2023-10-18 00:00:00
2023-10-18 03:00:00,ETHUSD,entry,short,0.0,-0.8352220377394889,1565.9,0.0,1.1749023653916943,stop_loss,3.0,2023-10-18 04:30:00,1579.3647889721206,1539.938027569698,1539.938027569698,1579.3647889721206,-1.0278407345913163,,,2023-10-18 03:00:00
2023-10-18 04:30:00,ETHUSD,exit,short,-0.8352220377394889,0.0,1573.8000000000002,-1.0,-0.4045657544151025,,,,,,,,,,,2023-10-18 04:30:00
2023-10-18 05:00:00,ETHUSD,entry,short,0.0,-0.8304855478945339,1575.4,-1.0,-0.3607037128951295,r_trailing_stop,5.0,2023-10-18 07:30:00,1585.2709383913316,1545.4726540216711,1545.4726540216711,1585.2709383913316,-0.07165459630150303,,,2023-10-18 05:00:00
2023-10-18 07:30:00,ETHUSD,exit,short,-0.8304855478945339,0.0,1573.1,-1.0,-1.7279223672069337,,,,,,,,,,,2023-10-18 07:30:00
2023-10-18 08:00:00,ETHUSD,entry,short,0.0,-0.8406787678354442,1575.8000000000002,0.0,-1.8630837097005295,stop_loss,3.0,2023-10-18 09:30:00,1584.2266425192356,1544.933393701911,1544.933393701911,1584.2266425192356,-1.0280226255945148,,,2023-10-18 08:00:00
2023-10-18 09:30:00,ETHUSD,exit,short,-0.8406787678354442,0.0,1570.3000000000002,-1.0,-1.9205184731614344,,,,,,,,,,,2023-10-18 09:30:00
2023-10-18 10:00:00,ETHUSD,entry,short,0.0,-0.8224882503610742,1577.4,0.0,-2.316783375742068,stop_loss,1.0,2023-10-18 10:30:00,1581.8559691227974,1541.760077193007,1541.760077193007,1581.8559691227974,-1.027416275012036,,,2023-10-18 10:00:00
2023-10-18 10:30:00,ETHUSD,exit,short,-0.8224882503610742,0.0,1581.5,0.0,-2.814788064817393,,,,,,,,,,,2023-10-18 10:30:00
2023-10-18 11:30:00,ETHUSD,entry,short,0.0,-0.8091066407532881,1579.5,0.0,-2.706661808589164,r_trailing_stop,5.0,2023-10-18 14:00:00,1592.7240417050198,1551.6898957374506,1551.6898957374506,1592.7240417050198,0.4736399928435543,,,2023-10-18 11:30:00
2023-10-18 14:00:00,ETHUSD,exit,short,-0.8091066407532881,0.0,1574.5,0.0,-4.0,,,,,,,,,,,2023-10-18 14:00:00
2023-10-20 09:00:00,ETHUSD,entry,long,0.0,0.7904879306573922,1612.45,1.0,-0.8499093098671419,r_trailing_stop,3.0,2023-10-20 10:30:00,1642.8943950085204,1600.062241996592,1642.8943950085204,1600.062241996592,0.5946791886204192,,,2023-10-20 09:00:00
2023-10-20 10:30:00,ETHUSD,exit,long,0.7904879306573922,0.0,1617.0,1.0,-1.241709502770223,,,,,,,,,,,2023-10-20 10:30:00
2023-10-20 11:00:00,ETHUSD,entry,long,0.0,0.7482649174149664,1618.5,1.0,-1.697198574948154,stop_loss,3.0,2023-10-20 12:30:00,1649.4659925655694,1604.0836029737723,1649.4659925655694,1604.0836029737723,-1.0249421639138185,,,2023-10-20 11:00:00
2023-10-20 12:30:00,ETHUSD,exit,long,0.7482649174149664,0.0,1607.4,0.0,-0.4754158554453692,,,,,,,,,,,2023-10-20 12:30:00
2023-10-20 21:00:00,ETHUSD,entry,short,0.0,-0.7462211379620207,1607.25,-1.0,-0.3263026119932427,r_trailing_stop,11.0,2023-10-21 02:30:00,1615.8385386793875,1570.7286533015315,1570.7286533015315,1615.8385386793875,0.3320322114441235,,,2023-10-20 21:00:00
2023-10-21 02:30:00,ETHUSD,exit,short,-0.7462211379620207,0.0,1595.9,-1.0,4.0,,,,,,,,,,,2023-10-21 02:30:00
2023-10-21 03:00:00,ETHUSD,entry,short,0.0,-0.8019996233031681,1595.85,0.0,4.0,stop_loss,10.0,2023-10-21 08:00:00,1607.7386589741334,1565.9533525646664,1565.9533525646664,1607.7386589741334,-1.0267333207767724,,,2023-10-21 03:00:00
2023-10-21 08:00:00,ETHUSD,exit,short,-0.8019996233031681,0.0,1608.6,0.0,4.0,,,,,,,,,,,2023-10-21 08:00:00
2023-10-22 06:00:00,ETHUSD,entry,short,0.0,-0.8313049094783675,1641.85,-1.0,-1.12343630998376,r_trailing_stop,4.0,2023-10-22 08:00:00,1654.7073821561876,1613.2065446095307,1613.2065446095307,1654.7073821561876,0.9590169103275176,,,2023-10-22 06:00:00
2023-10-22 08:00:00,ETHUSD,exit,short,-0.8313049094783675,0.0,1627.85,0.0,1.5422280120055312,,,,,,,,,,,2023-10-22 08:00:00
2023-10-22 09:30:00,ETHUSD,entry,short,0.0,-0.7828498788715138,1631.3,0.0,0.810407528667993,r_trailing_stop,5.0,2023-10-22 12:00:00,1647.6319046023766,1603.770238494058,1603.770238494058,1647.6319046023766,0.4646524359031264,,,2023-10-22 09:30:00
2023-10-22 12:00:00,ETHUSD,exit,short,-0.7828498788715138,0.0,1633.7,0.0,4.0,,,,,,,,,,,2023-10-22 12:00:00
2023-10-25 05:30:00,ETHUSD,entry,long,0.0,0.4158187596004521,1783.3000000000002,0.0,0.6605876777252779,r_trailing_stop,16.0,2023-10-25 13:30:00,1850.582518690941,1760.3769925236238,1850.582518690941,1760.3769925236238,0.09090014047243095,,,2023-10-25 05:30:00
2023-10-25 13:30:00,ETHUSD,exit,long,0.4158187596004521,0.0,1793.45,0.0,-0.02113446635570779,,,,,,,,,,,2023-10-25 13:30:00
2023-10-26 15:00:00,ETHUSD,entry,long,0.0,0.41915483844019735,1771.9499999999998,1.0,1.3350960441242823,stop_loss,3.0,2023-10-26 16:30:00,1853.902105660783,1764.2291577356866,1853.902105660783,1764.2291577356866,-1.0139718279480066,,,2023-10-26 15:00:00
2023-10-26 16:30:00,ETHUSD,exit,long,0.41915483844019735,0.0,1764.2,0.0,2.4426496309813825,,,,,,,,,,,2023-10-26 16:30:00
2023-11-02 13:30:00,ETHUSD,entry,short,0.0,-0.6053796597087333,1824.95,0.0,-3.7981355923348823,r_trailing_stop,1.0,2023-11-02 14:00:00,1847.8849006758537,1784.4127483103657,1784.4127483103657,1847.8849006758537,0.24174656803261144,,,2023-11-02 13:30:00
2023-11-02 14:00:00,ETHUSD,exit,short,-0.6053796597087333,0.0,1819.35,0.0,-2.437072901909657,,,,,,,,,,,2023-11-02 14:00:00
2023-11-03 01:00:00,ETHUSD,entry,long,0.0,0.5960241756832682,1790.3,1.0,0.5847407825151921,r_trailing_stop,6.0,2023-11-03 04:00:00,1832.5368496848503,1769.55526012606,1832.5368496848503,1769.55526012606,0.48313733640728224,,,2023-11-03 01:00:00
2023-11-03 04:00:00,ETHUSD,exit,long,0.5960241756832682,0.0,1798.5,0.0,1.8352287144860389,,,,,,,,,,,2023-11-03 04:00:00
2023-11-05 09:00:00,ETHUSD,entry,short,0.0,-0.750763144048684,1885.45,-1.0,-1.0501342363087938,stop_loss,6.0,2023-11-05 12:00:00,1896.2847018090542,1843.6632454773644,1843.6632454773644,1896.2847018090542,-1.0250254381349562,,,2023-11-05 09:00:00
2023-11-05 12:00:00,ETHUSD,exit,short,-0.750763144048684,0.0,1897.55,0.0,-0.0989239655263352,,,,,,,,,,,2023-11-05 12:00:00
2023-11-05 13:30:00,ETHUSD,entry,short,0.0,-0.7368031117859775,1871.0,0.0,2.060948615135359,r_trailing_stop,1.0,2023-11-05 14:00:00,1903.0720849149861,1849.269787712535,1849.269787712535,1903.0720849149861,1.0585720863496098,,,2023-11-05 13:30:00
2023-11-05 14:00:00,ETHUSD,exit,short,-0.7368031117859775,0.0,1878.75,0.0,0.6733187146551821,,,,,,,,,,,2023-11-05 14:00:00
2023-11-05 20:00:00,ETHUSD,entry,short,0.0,-0.6797997784738034,1894.45,0.0,-1.8752692868949075,r_trailing_stop,2.0,2023-11-05 21:00:00,1906.9335888435598,1848.5410278911004,1848.5410278911004,1906.9335888435598,0.12895872207728762,,,2023-11-05 20:00:00
2023-11-05 21:00:00,ETHUSD,exit,short,-0.6797997784738034,0.0,1877.55,-1.0,1.0137874202699253,,,,,,,,,,,2023-11-05 21:00:00
2023-11-05 21:30:00,ETHUSD,entry,short,0.0,-0.6678724861290355,1869.75,-1.0,2.2597848081786194,r_trailing_stop,1.0,2023-11-05 22:00:00,1894.518339741463,1835.479150646343,1835.479150646343,1894.518339741463,0.44903470739219925,,,2023-11-05 21:30:00
2023-11-05 22:00:00,ETHUSD,exit,short,-0.6678724861290355,0.0,1877.4,-1.0,1.9487062454070034,,,,,,,,,,,2023-11-05 22:00:00
2023-11-05 22:30:00,ETHUSD,entry,short,0.0,-0.6456178716805544,1886.9,-1.0,1.0952539413594506,stop_loss,1.0,2023-11-05 23:00:00,1894.9484017468058,1833.8789956329856,1833.8789956329856,1894.9484017468058,-1.0215205957226852,,,2023-11-05 22:30:00
2023-11-05 23:00:00,ETHUSD,exit,short,-0.6456178716805544,0.0,1897.6,-1.0,-0.27944894243897767,,,,,,,,,,,2023-11-05 23:00:00
2023-11-05 23:30:00,ETHUSD,entry,short,0.0,-0.6238615414828235,1893.65,0.0,0.6566577304567592,r_trailing_stop,2.0,2023-11-06 00:30:00,1915.698760731332,1851.82809817167,1851.82809817167,1915.698760731332,0.012083560261799296,,,2023-11-05 23:30:00
2023-11-06 00:30:00,ETHUSD,exit,short,-0.6238615414828235,0.0,1896.6,0.0,1.1801742403574353,,,,,,,,,,,2023-11-06 00:30:00
2023-11-06 02:00:00,ETHUSD,entry,short,0.0,-0.6269823883028575,1884.2,-1.0,2.899616033026684,r_trailing_stop,6.0,2023-11-06 05:00:00,1905.5122298349627,1842.2944254125935,1842.2944254125935,1905.5122298349627,0.3796160962008235,,,2023-11-06 02:00:00
2023-11-06 05:00:00,ETHUSD,exit,short,-0.6269823883028575,0.0,1874.45,0.0,2.084154966465054,,,,,,,,,,,2023-11-06 05:00:00
2023-11-06 10:30:00,ETHUSD,entry,short,0.0,-0.676059295547671,1896.55,0.0,0.8790353337984104,stop_loss,5.0,2023-11-06 13:00:00,1911.2631701980251,1852.417074504937,1852.417074504937,1911.2631701980251,-1.022535309851589,,,2023-11-06 10:30:00
2023-11-06 13:00:00,ETHUSD,exit,short,-0.676059295547671,0.0,1896.9,-1.0,-0.5763019779303588,,,,,,,,,,,2023-11-06 13:00:00
2023-11-06 13:30:00,ETHUSD,entry,short,0.0,-0.6692982671354127,1898.0,-1.0,-0.4445344747546037,r_trailing_stop,1.0,2023-11-06 14:00:00,1913.955422782153,1854.4364430446178,1854.4364430446178,1913.955422782153,-0.08993542939755426,,,2023-11-06 13:30:00
2023-11-06 14:00:00,ETHUSD,exit,short,-0.6692982671354127,0.0,1910.35,-1.0,-2.510444504418379,,,,,,,,,,,2023-11-06 14:00:00
2023-11-06 14:30:00,ETHUSD,entry,short,0.0,-0.6599762892300884,1914.45,-1.0,-3.788102257983323,r_trailing_stop,4.0,2023-11-06 16:30:00,1927.7678966760636,1866.9802583098412,1866.9802583098412,1927.7678966760636,0.7615233830230923,,,2023-11-06 14:30:00
2023-11-06 16:30:00,ETHUSD,exit,short,-0.6599762892300884,0.0,1894.9,-1.0,-0.09097912573694455,,,,,,,,,,,2023-11-06 16:30:00
2023-11-06 17:00:00,ETHUSD,entry,short,0.0,-0.6464862683464767,1893.1,0.0,-0.022645161776669767,r_trailing_stop,3.0,2023-11-06 18:30:00,1912.3855243284254,1850.8361891789361,1850.8361891789361,1912.3855243284254,0.21178936759367287,,,2023-11-06 17:00:00
2023-11-06 18:30:00,ETHUSD,exit,short,-0.6464862683464767,0.0,1893.8,0.0,0.07839714339591322,,,,,,,,,,,2023-11-06 18:30:00
2023-11-06 21:30:00,ETHUSD,entry,short,0.0,-0.640287286595368,1892.9,0.0,-1.8887688301729126,r_trailing_stop,11.0,2023-11-07 03:00:00,1909.1743875328918,1847.1390311677708,1847.1390311677708,1909.1743875328918,0.33517266071294827,,,2023-11-06 21:30:00
2023-11-07 03:00:00,ETHUSD,exit,short,-0.640287286595368,0.0,1889.1,-1.0,-1.9797183642919836,,,,,,,,,,,2023-11-07 03:00:00
2023-11-07 03:30:00,ETHUSD,entry,short,0.0,-0.642960331066463,1890.9,0.0,-3.097319120738535,r_trailing_stop,14.0,2023-11-07 10:30:00,1906.678303726297,1844.9792406842578,1844.9792406842578,1906.678303726297,0.5089650223473096,,,2023-11-07 03:30:00
2023-11-07 10:30:00,ETHUSD,exit,short,-0.642960331066463,0.0,1870.0,0.0,1.3373137854744468,,,,,,,,,,,2023-11-07 10:30:00
2023-11-10 23:00:00,ETHUSD,entry,long,0.0,0.46385863511554326,2081.4,1.0,-1.6408736229250467,r_trailing_stop,1.0,2023-11-10 23:30:00,2149.739481547475,2055.46420738101,2149.739481547475,2055.46420738101,-0.05073101131009207,,,2023-11-10 23:00:00
2023-11-10 23:30:00,ETHUSD,exit,long,0.46385863511554326,0.0,2078.4,0.0,-1.4496675597642161,,,,,,,,,,,2023-11-10 23:30:00
2023-11-11 01:30:00,ETHUSD,entry,long,0.0,0.44732632177689297,2049.55,1.0,1.0025367119440154,max_holding_close,23.0,2023-11-11 13:00:00,2126.7516404073685,2030.1493438370526,2126.7516404073685,2030.1493438370526,-0.06201120690376513,,,2023-11-11 01:30:00
2023-11-11 13:00:00,ETHUSD,exit,long,0.44732632177689297,0.0,2056.45,0.0,-1.7712026845136624,,,,,,,,,,,2023-11-11 13:00:00
2023-11-11 14:30:00,ETHUSD,entry,long,0.0,0.5231489334542181,2082.75,0.0,-3.3742177502960353,r_trailing_stop,1.0,2023-11-11 15:00:00,2137.94153886477,2054.513384454092,2137.94153886477,2054.513384454092,0.18146295136227675,,,2023-11-11 14:30:00
2023-11-11 15:00:00,ETHUSD,exit,long,0.5231489334542181,0.0,2073.3,0.0,-2.292551761497562,,,,,,,,,,,2023-11-11 15:00:00
2023-11-11 18:00:00,ETHUSD,entry,long,0.0,0.5186930127956523,2075.9,0.0,-1.7862642980881713,stop_loss,7.0,2023-11-11 21:30:00,2131.508267960884,2047.636692815647,2131.508267960884,2047.636692815647,-1.0172897670931884,,,2023-11-11 18:00:00
2023-11-11 21:30:00,ETHUSD,exit,long,0.5186930127956523,0.0,2045.65,1.0,0.4950941732358477,,,,,,,,,,,2023-11-11 21:30:00
2023-11-11 22:00:00,ETHUSD,entry,long,0.0,0.5330470545337145,2042.15,1.0,0.6051773181594187,r_trailing_stop,5.0,2023-11-12 00:30:00,2103.574654505588,2022.9701381977648,2103.574654505588,2022.9701381977648,-0.245733128952199,,,2023-11-11 22:00:00
2023-11-12 00:30:00,ETHUSD,exit,long,0.5330470545337145,0.0,2034.25,1.0,0.9366672280432473,,,,,,,,,,,2023-11-12 00:30:00
2023-11-12 01:00:00,ETHUSD,entry,long,0.0,0.5126677806317452,2035.55,0.0,1.0335525568875217,r_trailing_stop,3.0,2023-11-12 02:30:00,2093.718076135777,2010.3927695456894,2093.718076135777,2010.3927695456894,0.205450452593543,,,2023-11-12 01:00:00
2023-11-12 02:30:00,ETHUSD,exit,long,0.5126677806317452,0.0,2042.25,0.0,1.3130239700281159,,,,,,,,,,,2023-11-12 02:30:00
2023-11-15 10:00:00,ETHUSD,entry,long,0.0,0.5381637157862476,1985.7,0.0,4.0,r_trailing_stop,5.0,2023-11-15 12:30:00,2042.3313814007445,1964.7974474397022,2042.3313814007445,1964.7974474397022,1.4000468329251148,,,2023-11-15 10:00:00
2023-11-15 12:30:00,ETHUSD,exit,long,0.5381637157862476,0.0,2015.65,0.0,4.0,,,,,,,,,,,2023-11-15 12:30:00
2023-11-15 13:30:00,ETHUSD,entry,long,0.0,0.5523487362284716,2013.9,0.0,4.0,r_trailing_stop,2.0,2023-11-15 14:30:00,2064.9445849462877,1988.5121660214847,2064.9445849462877,1988.5121660214847,0.14643988974117916,,,2023-11-15 13:30:00
2023-11-15 14:30:00,ETHUSD,exit,long,0.5523487362284716,0.0,2009.95,0.0,4.0,,,,,,,,,,,2023-11-15 14:30:00
2023-11-15 16:00:00,ETHUSD,entry,long,0.0,0.5667410460610691,2014.4,1.0,3.6709766881532064,r_trailing_stop,5.0,2023-11-15 18:30:00,2075.413858244056,2000.4944567023776,2075.413858244056,2000.4944567023776,0.3805378768827959,,,2023-11-15 16:00:00
2023-11-15 18:30:00,ETHUSD,exit,long,0.5667410460610691,0.0,2039.05,0.0,2.0595004735500684,,,,,,,,,,,2023-11-15 18:30:00
2023-11-16 01:00:00,ETHUSD,entry,long,0.0,0.5254409512017622,2065.7,0.0,-2.4754146157363257,stop_loss,4.0,2023-11-16 03:00:00,2137.2701765654374,2054.221929373825,2137.2701765654374,2054.221929373825,-1.017514698373392,,,2023-11-16 01:00:00
2023-11-16 03:00:00,ETHUSD,exit,long,0.5254409512017622,0.0,2053.15,0.0,-1.7531333591459413,,,,,,,,,,,2023-11-16 03:00:00
2023-11-17 10:30:00,ETHUSD,entry,long,0.0,0.4838155750825534,1964.9,0.0,-0.12357054453898132,r_trailing_stop,6.0,2023-11-17 13:30:00,2022.7774134105305,1937.6190346357878,2022.7774134105305,1937.6190346357878,0.03524767666068912,,,2023-11-17 10:30:00
2023-11-17 13:30:00,ETHUSD,exit,long,0.4838155750825534,0.0,1952.35,0.0,-0.1696151639102851,,,,,,,,,,,2023-11-17 13:30:00
2023-11-18 07:30:00,ETHUSD,entry,long,0.0,0.5247327502925047,1936.55,0.0,2.583749306129432,r_trailing_stop,8.0,2023-11-18 11:30:00,1988.6167047822614,1911.2433180870953,1988.6167047822614,1911.2433180870953,0.27084002576703736,,,2023-11-18 07:30:00
2023-11-18 11:30:00,ETHUSD,exit,long,0.5247327502925047,0.0,1935.6,0.0,2.7456707680857555,,,,,,,,,,,2023-11-18 11:30:00
2023-11-24 19:30:00,ETHUSD,entry,long,0.0,0.5850856242209583,2087.55,0.0,0.21389483985448432,r_trailing_stop,4.0,2023-11-24 21:30:00,2140.556271055085,2065.6474915779663,2140.556271055085,2065.6474915779663,0.2304325458609432,,,2023-11-24 19:30:00
2023-11-24 21:30:00,ETHUSD,exit,long,0.5850856242209583,0.0,2088.2,0.0,-0.382252443607777,,,,,,,,,,,2023-11-24 21:30:00
2023-11-28 00:30:00,ETHUSD,entry,long,0.0,0.6542177941892832,2033.3,0.0,-1.1360358661327274,r_trailing_stop,1.0,2023-11-28 01:00:00,2078.9480141028994,2013.71079435884,2078.9480141028994,2013.71079435884,0.03184309521696506,,,2023-11-28 00:30:00
2023-11-28 01:00:00,ETHUSD,exit,long,0.6542177941892832,0.0,2025.15,1.0,0.4255663992091346,,,,,,,,,,,2023-11-28 01:00:00
2023-11-28 01:30:00,ETHUSD,entry,long,0.0,0.6545588472442584,2026.6,0.0,0.9586009921194321,stop_loss,7.0,2023-11-28 05:00:00,2071.4564463078973,2006.4874214768408,2071.4564463078973,2006.4874214768408,-1.0218186282414754,,,2023-11-28 01:30:00
2023-11-28 05:00:00,ETHUSD,exit,long,0.6545588472442584,0.0,2008.5,0.0,4.0,,,,,,,,,,,2023-11-28 05:00:00
2023-11-28 06:00:00,ETHUSD,entry,long,0.0,0.6673755985319594,2008.1,1.0,4.0,r_trailing_stop,2.0,2023-11-28 07:00:00,2042.856121928827,1979.9875512284693,2042.856121928827,1979.9875512284693,0.6407637037952323,,,2023-11-28 06:00:00
2023-11-28 07:00:00,ETHUSD,exit,long,0.6673755985319594,0.0,2003.8,0.0,4.0,,,,,,,,,,,2023-11-28 07:00:00
2023-11-28 08:00:00,ETHUSD,entry,long,0.0,0.6564819173392028,2009.9,0.0,4.0,r_trailing_stop,8.0,2023-11-28 12:00:00,2060.5805900312957,1996.1377639874815,2060.5805900312957,1996.1377639874815,0.5102120816192053,,,2023-11-28 08:00:00
2023-11-28 12:00:00,ETHUSD,exit,long,0.6564819173392028,0.0,2024.85,0.0,2.262897587131168,,,,,,,,,,,2023-11-28 12:00:00
2023-11-29 10:00:00,ETHUSD,entry,short,0.0,-0.7350227569570135,2057.1,-1.0,-3.2854919652070738,r_trailing_stop,2.0,2023-11-29 11:00:00,2084.2762121751907,2025.209469562024,2025.209469562024,2084.2762121751907,0.9816931963838121,,,2023-11-29 10:00:00
2023-11-29 11:00:00,ETHUSD,exit,short,-0.7350227569570135,0.0,2054.25,0.0,-3.010294123808133,,,,,,,,,,,2023-11-29 11:00:00
2023-12-01 15:30:00,ETHUSD,entry,short,0.0,-0.7794082868699221,2080.55,-1.0,1.6947524323526697,stop_loss,1.0,2023-12-01 16:00:00,2089.7644184051082,2033.8889539872298,2033.8889539872298,2089.7644184051082,-1.0259802762289973,,,2023-12-01 15:30:00
2023-12-01 16:00:00,ETHUSD,exit,short,-0.7794082868699221,0.0,2100.7,-1.0,-0.6329629008549359,,,,,,,,,,,2023-12-01 16:00:00
2023-12-01 16:30:00,ETHUSD,entry,short,0.0,-0.7598086463521123,2105.65,-1.0,-1.1813498866809249,r_trailing_stop,3.0,2023-12-01 18:00:00,2117.1374658843506,2059.0813352891246,2059.0813352891246,2117.1374658843506,0.30624870823655054,,,2023-12-01 16:30:00
2023-12-01 18:00:00,ETHUSD,exit,short,-0.7598086463521123,0.0,2091.8,-1.0,1.0466866508750867,,,,,,,,,,,2023-12-01 18:00:00
2023-12-01 18:30:00,ETHUSD,entry,short,0.0,-0.738019894899668,2091.5,0.0,1.3717933093548482,r_trailing_stop,2.0,2023-12-01 19:30:00,2108.7052326322532,2049.1869184193665,2049.1869184193665,2108.7052326322532,0.2252335443485728,,,2023-12-01 18:30:00
2023-12-01 19:30:00,ETHUSD,exit,short,-0.738019894899668,0.0,2090.9,-1.0,0.7406946093216361,,,,,,,,,,,2023-12-01 19:30:00
2023-12-01 20:00:00,ETHUSD,entry,short,0.0,-0.7374849475800751,2091.0,0.0,1.2090533197475193,r_trailing_stop,7.0,2023-12-01 23:30:00,2107.961465849122,2048.4213353771947,2048.4213353771947,2107.961465849122,0.178059032399682,,,2023-12-01 20:00:00
2023-12-01 23:30:00,ETHUSD,exit,short,-0.7374849475800751,0.0,2088.3500000000004,0.0,1.566605825039093,,,,,,,,,,,2023-12-01 23:30:00
2023-12-02 22:00:00,ETHUSD,entry,long,0.0,0.7767487628139655,2162.95,0.0,0.3746985983687258,r_trailing_stop,9.0,2023-12-03 02:30:00,2211.293854947528,2152.642458020989,2211.293854947528,2152.642458020989,-0.034842818877093416,,,2023-12-02 22:00:00
2023-12-03 02:30:00,ETHUSD,exit,long,0.7767487628139655,0.0,2166.35,0.0,-1.7119895155260794,,,,,,,,,,,2023-12-03 02:30:00
2023-12-03 03:30:00,ETHUSD,entry,short,0.0,-0.7924715483326757,2162.35,0.0,-0.1599089154328414,r_trailing_stop,19.0,2023-12-03 13:00:00,2176.0012494893513,2118.771876276622,2118.771876276622,2176.0012494893513,0.261757883348404,,,2023-12-03 03:30:00
2023-12-03 13:00:00,ETHUSD,exit,short,-0.7924715483326757,0.0,2163.15,0.0,4.0,,,,,,,,,,,2023-12-03 13:00:00
2023-12-04 00:00:00,ETHUSD,entry,short,0.0,-0.8085840138365875,2198.1000000000004,-1.0,4.0,stop_loss,1.0,2023-12-04 00:30:00,2209.9780858572103,2153.004785356973,2153.004785356973,2209.9780858572103,-1.0269528004612196,,,2023-12-04 00:00:00
2023-12-04 00:30:00,ETHUSD,exit,short,-0.8085840138365875,0.0,2210.6,-1.0,4.0,,,,,,,,,,,2023-12-04 00:30:00
2023-12-04 01:00:00,ETHUSD,entry,short,0.0,-0.8046827388773701,2218.3,0.0,3.3841905554356138,stop_loss,1.0,2023-12-04 01:30:00,2227.2845091849567,2169.588727037609,2169.588727037609,2227.2845091849567,-1.026822757962579,,,2023-12-04 01:00:00
2023-12-04 01:30:00,ETHUSD,exit,short,-0.8046827388773701,0.0,2214.7,0.0,2.942685428955924,,,,,,,,,,,2023-12-04 01:30:00
2023-12-04 04:30:00,ETHUSD,entry,short,0.0,-0.7751948447977112,2225.55,0.0,-0.03473343782847934,stop_loss,1.0,2023-12-04 05:00:00,2236.0742628183684,2175.9643429540797,2175.9643429540797,2236.0742628183684,-1.0258398281599237,,,2023-12-04 04:30:00
2023-12-04 05:00:00,ETHUSD,exit,short,-0.7751948447977112,0.0,2237.65,0.0,-1.54219468436211,,,,,,,,,,,2023-12-04 05:00:00
2023-12-05 16:00:00,ETHUSD,entry,short,0.0,-0.5942876684162273,2228.65,-1.0,4.0,stop_loss,2.0,2023-12-05 17:00:00,2251.0497096702925,2172.3007258242696,2172.3007258242696,2251.0497096702925,-1.0198095889472076,,,2023-12-05 16:00:00
2023-12-05 17:00:00,ETHUSD,exit,short,-0.5942876684162273,0.0,2270.4,0.0,0.25330060622780426,,,,,,,,,,,2023-12-05 17:00:00
2023-12-06 10:30:00,ETHUSD,entry,short,0.0,-0.5254425368240764,2276.3,-1.0,-3.1749332715674234,r_trailing_stop,1.0,2023-12-06 11:00:00,2312.7611330706627,2221.3721673233435,2221.3721673233435,2312.7611330706627,0.3471546559813886,,,2023-12-06 10:30:00
2023-12-06 11:00:00,ETHUSD,exit,short,-0.5254425368240764,0.0,2256.25,0.0,-2.0149118640714523,,,,,,,,,,,2023-12-06 11:00:00
2023-12-08 07:30:00,ETHUSD,entry,short,0.0,-0.556960668983802,2353.65,0.0,-0.027582626697496632,r_trailing_stop,5.0,2023-12-08 10:00:00,2384.5645414358005,2295.613646410499,2295.613646410499,2384.5645414358005,0.22525173266481946,,,2023-12-08 07:30:00
2023-12-08 10:00:00,ETHUSD,exit,short,-0.556960668983802,0.0,2357.9,-1.0,0.7365808637400322,,,,,,,,,,,2023-12-08 10:00:00
2023-12-08 10:30:00,ETHUSD,entry,short,0.0,-0.5757294857778319,2358.5,0.0,0.5088349806938695,r_trailing_stop,7.0,2023-12-08 14:00:00,2382.3719567079097,2296.370108230226,2296.370108230226,2382.3719567079097,0.41857433876046035,,,2023-12-08 10:30:00
2023-12-08 14:00:00,ETHUSD,exit,short,-0.5757294857778319,0.0,2348.7,0.0,0.4334830891865593,,,,,,,,,,,2023-12-08 14:00:00
2023-12-08 15:30:00,ETHUSD,entry,short,0.0,-0.5802035076709927,2346.1,0.0,1.2038808879404888,r_trailing_stop,1.0,2023-12-08 16:00:00,2385.264019930456,2299.814950173861,2299.814950173861,2385.264019930456,0.39830376069230516,,,2023-12-08 15:30:00
2023-12-08 16:00:00,ETHUSD,exit,short,-0.5802035076709927,0.0,2356.25,-1.0,0.3486792608565735,,,,,,,,,,,2023-12-08 16:00:00
2023-12-08 16:30:00,ETHUSD,entry,short,0.0,-0.5731921904694117,2355.65,0.0,0.9749866048073715,r_trailing_stop,2.0,2023-12-08 17:30:00,2380.8639787405727,2294.5400531485675,2294.5400531485675,2380.8639787405727,0.15052862205780157,,,2023-12-08 16:30:00
2023-12-08 17:30:00,ETHUSD,exit,short,-0.5731921904694117,0.0,2350.8,0.0,1.673554313121877,,,,,,,,,,,2023-12-08 17:30:00
2023-12-18 13:30:00,ETHUSD,entry,long,0.0,0.6002583430954671,2155.0,1.0,4.0,r_trailing_stop,1.0,2023-12-18 14:00:00,2193.886970017664,2119.0052119929346,2193.886970017664,2119.0052119929346,0.5502904684091563,,,2023-12-18 13:30:00
2023-12-18 14:00:00,ETHUSD,exit,long,0.6002583430954671,0.0,2162.95,1.0,4.0,,,,,,,,,,,2023-12-18 14:00:00
2023-12-18 14:30:00,ETHUSD,entry,long,0.0,0.5965367681026097,2167.05,0.0,4.0,r_trailing_stop,1.0,2023-12-18 15:00:00,2217.2864213151393,2141.1454314739444,2217.2864213151393,2141.1454314739444,0.12083219740099994,,,2023-12-18 14:30:00
2023-12-18 15:00:00,ETHUSD,exit,long,0.5965367681026097,0.0,2155.0,0.0,4.0,,,,,,,,,,,2023-12-18 15:00:00
2023-12-27 18:00:00,ETHUSD,entry,short,0.0,-0.5854115816873685,2344.0,-1.0,2.8619226541456557,r_trailing_stop,1.0,2023-12-27 18:30:00,2371.105383324344,2286.911541689141,2286.911541689141,2371.105383324344,0.12598385813013094,,,2023-12-27 18:00:00
2023-12-27 18:30:00,ETHUSD,exit,short,-0.5854115816873685,0.0,2351.35,0.0,1.936966459408928,,,,,,,,,,,2023-12-27 18:30:00
2023-12-27 19:30:00,ETHUSD,entry,short,0.0,-0.5792063077103577,2348.0,0.0,2.753068368721711,stop_loss,7.0,2023-12-27 23:00:00,2375.202462692885,2289.9688432677885,2289.9688432677885,2375.202462692885,-1.0193068769236786,,,2023-12-27 19:30:00
2023-12-27 23:00:00,ETHUSD,exit,short,-0.5792063077103577,0.0,2376.9,-1.0,1.6434832524178948,,,,,,,,,,,2023-12-27 23:00:00
2023-12-27 23:30:00,ETHUSD,entry,short,0.0,-0.5903871992633598,2381.3500000000004,-1.0,1.7597849836978101,stop_loss,2.0,2023-12-28 00:30:00,2400.954995260388,2316.412511849031,2316.412511849031,2400.954995260388,-1.0196795733087787,,,2023-12-27 23:30:00
2023-12-28 00:30:00,ETHUSD,exit,short,-0.5903871992633598,0.0,2433.8500000000004,0.0,-4.0,,,,,,,,,,,2023-12-28 00:30:00
2023-12-29 10:00:00,ETHUSD,entry,short,0.0,-0.4681318373927594,2367.15,0.0,-4.0,r_trailing_stop,7.0,2023-12-29 13:30:00,2399.312600585259,2293.043498536851,2293.043498536851,2399.312600585259,0.256414117623971,,,2023-12-29 10:00:00
2023-12-29 13:30:00,ETHUSD,exit,short,-0.4681318373927594,0.0,2364.9,0.0,-3.9613649987468325,,,,,,,,,,,2023-12-29 13:30:00
2024-01-04 15:00:00,ETHUSD,entry,short,0.0,-0.45176583366279593,2280.55,-1.0,-2.1171260476493345,r_trailing_stop,3.0,2024-01-04 16:30:00,2305.1134402005005,2199.3663994987496,2199.3663994987496,2305.1134402005005,0.11058528214377475,,,2024-01-04 15:00:00
2024-01-04 16:30:00,ETHUSD,exit,short,-0.45176583366279593,0.0,2271.4,0.0,-1.6747000844845144,,,,,,,,,,,2024-01-04 16:30:00
2024-01-05 07:00:00,ETHUSD,entry,short,0.0,-0.46730754917248035,2265.45,0.0,-2.0997336844220746,r_trailing_stop,8.0,2024-01-05 11:00:00,2285.978774308227,2184.5530642294325,2184.5530642294325,2285.978774308227,0.4401064708867099,,,2024-01-05 07:00:00
2024-01-05 11:00:00,ETHUSD,exit,short,-0.46730754917248035,0.0,2245.8,0.0,1.6977461777782645,,,,,,,,,,,2024-01-05 11:00:00
2024-01-06 07:00:00,ETHUSD,entry,long,0.0,0.5308065795305088,2232.05,1.0,0.8903136718764467,r_trailing_stop,3.0,2024-01-06 08:30:00,2283.5059101273073,2195.647635949077,2283.5059101273073,2195.647635949077,0.4752530981798122,,,2024-01-06 07:00:00
2024-01-06 08:30:00,ETHUSD,exit,long,0.5308065795305088,0.0,2239.3,0.0,0.3173999981549433,,,,,,,,,,,2024-01-06 08:30:00
2024-01-09 01:00:00,ETHUSD,entry,short,0.0,-0.5191768459143916,2304.25,0.0,-2.240502302537965,r_trailing_stop,2.0,2024-01-09 02:00:00,2335.2293484898287,2241.851628775429,2241.851628775429,2335.2293484898287,-0.10164078785634124,,,2024-01-09 01:00:00
2024-01-09 02:00:00,ETHUSD,exit,short,-0.5191768459143916,0.0,2314.2,0.0,-3.4693755423979487,,,,,,,,,,,2024-01-09 02:00:00
2024-01-09 05:00:00,ETHUSD,entry,short,0.0,-0.5420452306008802,2310.8500000000004,0.0,-3.552842006088189,r_trailing_stop,2.0,2024-01-09 06:00:00,2342.2934319781607,2252.541420054599,2252.541420054599,2342.2934319781607,0.23345822061177013,,,2024-01-09 05:00:00
2024-01-09 06:00:00,ETHUSD,exit,short,-0.5420452306008802,0.0,2305.15,0.0,-2.5538380109800967,,,,,,,,,,,2024-01-09 06:00:00
2024-01-09 07:30:00,ETHUSD,entry,short,0.0,-0.555512906708819,2307.55,0.0,-2.9460301450043227,r_trailing_stop,4.0,2024-01-09 09:30:00,2335.4047757263293,2248.063060684176,2248.063060684176,2335.4047757263293,0.6310940644542566,,,2024-01-09 07:30:00
2024-01-09 09:30:00,ETHUSD,exit,short,-0.555512906708819,0.0,2292.4,-1.0,2.0648729304930358,,,,,,,,,,,2024-01-09 09:30:00
2024-01-09 10:00:00,ETHUSD,entry,short,0.0,-0.5590765472523294,2299.8,-1.0,4.0,r_trailing_stop,6.0,2024-01-09 13:00:00,2316.951461226726,2230.8463469331855,2230.8463469331855,2316.951461226726,1.0544711048227853,,,2024-01-09 10:00:00
2024-01-09 13:00:00,ETHUSD,exit,short,-0.5590765472523294,0.0,2274.3,0.0,4.0,,,,,,,,,,,2024-01-09 13:00:00
2024-01-11 12:00:00,ETHUSD,entry,short,0.0,-0.3385504006985358,2645.4,0.0,-1.6515295793443383,r_trailing_stop,2.0,2024-01-11 13:00:00,2705.4120399417357,2540.5199001456613,2540.5199001456613,2705.4120399417357,0.18336670295428192,,,2024-01-11 12:00:00
2024-01-11 13:00:00,ETHUSD,exit,short,-0.3385504006985358,0.0,2642.45,0.0,-2.4809392540900403,,,,,,,,,,,2024-01-11 13:00:00
2024-01-12 01:30:00,ETHUSD,entry,long,0.0,0.31441639012780165,2593.3,0.0,3.2826871972368052,r_trailing_stop,3.0,2024-01-12 03:00:00,2708.061796768103,2535.425281292759,2708.061796768103,2535.425281292759,0.3659753592138729,,,2024-01-12 01:30:00
2024-01-12 03:00:00,ETHUSD,exit,long,0.31441639012780165,0.0,2595.7,0.0,3.4242614608854183,,,,,,,,,,,2024-01-12 03:00:00
2024-01-12 12:00:00,ETHUSD,entry,short,0.0,-0.3525792604212661,2675.15,0.0,-4.0,stop_loss,4.0,2024-01-12 14:00:00,2692.706251978688,2535.0093700532802,2535.0093700532802,2692.706251978688,-1.0117526420140421,,,2024-01-12 12:00:00
2024-01-12 14:00:00,ETHUSD,exit,short,-0.3525792604212661,0.0,2695.3500000000004,0.0,-4.0,,,,,,,,,,,2024-01-12 14:00:00
2024-01-18 19:00:00,ETHUSD,entry,short,0.0,-0.5849851615579238,2468.4,-1.0,-0.19215358968627075,r_trailing_stop,2.0,2024-01-18 20:00:00,2485.4334605559707,2397.116348610073,2397.116348610073,2485.4334605559707,0.9236925687739134,,,2024-01-18 19:00:00
2024-01-18 20:00:00,ETHUSD,exit,short,-0.5849851615579238,0.0,2431.0,0.0,2.0956383766833215,,,,,,,,,,,2024-01-18 20:00:00
2024-01-19 00:30:00,ETHUSD,entry,short,0.0,-0.5524528918524391,2465.4,0.0,1.3359842793415722,r_trailing_stop,6.0,2024-01-19 03:30:00,2487.273183492618,2393.742041268456,2393.742041268456,2487.273183492618,0.36587069959040625,,,2024-01-19 00:30:00
2024-01-19 03:30:00,ETHUSD,exit,short,-0.5524528918524391,0.0,2457.0,0.0,0.27599980006693253,,,,,,,,,,,2024-01-19 03:30:00
2024-01-19 09:00:00,ETHUSD,entry,long,0.0,0.6162689491828934,2474.0,0.0,0.6751679676452714,r_trailing_stop,1.0,2024-01-19 09:30:00,2530.529591226578,2446.348163509369,2530.529591226578,2446.348163509369,0.13121326520033413,,,2024-01-19 09:00:00
2024-01-19 09:30:00,ETHUSD,exit,long,0.6162689491828934,0.0,2479.55,0.0,0.6126305873895289,,,,,,,,,,,2024-01-19 09:30:00
2024-01-19 17:00:00,ETHUSD,entry,long,0.0,0.5748020514767819,2441.6,0.0,2.8777521792485823,r_trailing_stop,1.0,2024-01-19 17:30:00,2489.2574462878283,2400.6270214848682,2489.2574462878283,2400.6270214848682,0.35082504097149064,,,2024-01-19 17:00:00
2024-01-19 17:30:00,ETHUSD,exit,long,0.5748020514767819,0.0,2468.8,0.0,0.5413050375641735,,,,,,,,,,,2024-01-19 17:30:00
2024-01-22 17:30:00,ETHUSD,entry,long,0.0,0.5968206511800603,2373.95,1.0,-2.2522913615895104,r_trailing_stop,1.0,2024-01-22 18:00:00,2423.876144068362,2340.679542372655,2423.876144068362,2340.679542372655,0.3864462213487507,,,2024-01-22 17:30:00
2024-01-22 18:00:00,ETHUSD,exit,long,0.5968206511800603,0.0,2372.4,1.0,-2.000429896692363,,,,,,,,,,,2024-01-22 18:00:00
2024-01-22 18:30:00,ETHUSD,entry,long,0.0,0.5932274724468257,2364.85,1.0,-1.7161074063276902,stop_loss,1.0,2024-01-22 19:00:00,2432.335842957045,2348.355662817182,2432.335842957045,2348.355662817182,-1.019774249081561,,,2024-01-22 18:30:00
2024-01-22 19:00:00,ETHUSD,exit,long,0.5932274724468257,0.0,2337.7,0.0,-0.5145241205077352,,,,,,,,,,,2024-01-22 19:00:00
2024-01-23 07:30:00,ETHUSD,entry,long,0.0,0.5599146180414598,2322.1,0.0,-4.0,stop_loss,1.0,2024-01-23 08:00:00,2394.7305084074615,2307.2577966370154,2394.7305084074615,2307.2577966370154,-1.018663820601382,,,2024-01-23 07:30:00
2024-01-23 08:00:00,ETHUSD,exit,long,0.5599146180414598,0.0,2312.2,0.0,-4.0,,,,,,,,,,,2024-01-23 08:00:00
2024-01-24 11:00:00,ETHUSD,entry,short,0.0,-0.455632702293443,2245.05,-1.0,-0.788429610093826,r_trailing_stop,2.0,2024-01-24 12:00:00,2285.3028723616153,2181.3428190959617,2181.3428190959617,2285.3028723616153,0.3122030265436365,,,2024-01-24 11:00:00
2024-01-24 12:00:00,ETHUSD,exit,short,-0.455632702293443,0.0,2241.1,0.0,-0.6381286454738049,,,,,,,,,,,2024-01-24 12:00:00
2024-01-24 14:00:00,ETHUSD,entry,short,0.0,-0.46414011698941554,2226.8500000000004,0.0,-0.7115381026894637,r_trailing_stop,9.0,2024-01-24 18:30:00,2256.345830204664,2155.5604244883407,2155.5604244883407,2256.345830204664,0.3265920771569651,,,2024-01-24 14:00:00
2024-01-24 18:30:00,ETHUSD,exit,short,-0.46414011698941554,0.0,2216.5,0.0,0.4924075394509916,,,,,,,,,,,2024-01-24 18:30:00
2024-01-24 20:30:00,ETHUSD,entry,short,0.0,-0.4612560209135824,2200.4,-1.0,1.7181130973109868,r_trailing_stop,1.0,2024-01-24 21:00:00,2246.6997047120244,2145.7257382199405,2145.7257382199405,2246.6997047120244,0.48334389966733243,,,2024-01-24 20:30:00
2024-01-24 21:00:00,ETHUSD,exit,short,-0.4612560209135824,0.0,2213.75,-1.0,0.7720913280949732,,,,,,,,,,,2024-01-24 21:00:00
2024-01-24 21:30:00,ETHUSD,entry,short,0.0,-0.4537744811347766,2215.95,0.0,0.4420004020841943,max_holding_close,23.0,2024-01-25 09:00:00,2242.9704868876374,2140.523782780906,2140.523782780906,2242.9704868876374,-0.40288841266187203,,,2024-01-24 21:30:00
2024-01-25 09:00:00,ETHUSD,exit,short,-0.4537744811347766,0.0,2225.05,0.0,0.03244832378172633,,,,,,,,,,,2024-01-25 09:00:00
2024-01-25 21:00:00,ETHUSD,entry,short,0.0,-0.5214591435572372,2225.45,0.0,-1.0126049929233862,r_trailing_stop,7.0,2024-01-26 00:30:00,2247.0103917673696,2157.549020581576,2157.549020581576,2247.0103917673696,0.1786318449084278,,,2024-01-25 21:00:00
2024-01-26 00:30:00,ETHUSD,exit,short,-0.5214591435572372,0.0,2215.45,0.0,2.6299686370473463,,,,,,,,,,,2024-01-26 00:30:00
2024-01-31 09:30:00,ETHUSD,entry,short,0.0,-0.7032606922364777,2310.3500000000004,0.0,-3.2230539589892193,r_trailing_stop,2.0,2024-01-31 10:30:00,2341.3567376063675,2272.0331559840824,2272.0331559840824,2341.3567376063675,0.6656269801380827,,,2024-01-31 09:30:00
2024-01-31 10:30:00,ETHUSD,exit,short,-0.7032606922364777,0.0,2283.85,0.0,0.10553134905530111,,,,,,,,,,,2024-01-31 10:30:00
2024-02-01 10:30:00,ETHUSD,entry,long,0.0,0.6022685991635204,2267.0,0.0,2.641756609008951,r_trailing_stop,9.0,2024-02-01 15:00:00,2329.8159352278335,2250.5536259088663,2329.8159352278335,2250.5536259088663,0.9089320578967139,,,2024-02-01 10:30:00
2024-02-01 15:00:00,ETHUSD,exit,long,0.6022685991635204,0.0,2304.75,0.0,-0.10705622497080428,,,,,,,,,,,2024-02-01 15:00:00
2024-02-08 12:30:00,ETHUSD,entry,long,0.0,0.8210417878086887,2421.45,0.0,0.2738868374446536,r_trailing_stop,4.0,2024-02-08 14:30:00,2465.9940939540393,2404.0523624183843,2465.9940939540393,2404.0523624183843,0.532028636962316,,,2024-02-08 12:30:00
2024-02-08 14:30:00,ETHUSD,exit,long,0.8210417878086887,0.0,2437.65,0.0,2.1756079305137277,,,,,,,,,,,2024-02-08 14:30:00
2024-02-08 15:30:00,ETHUSD,entry,short,0.0,-0.7665941309796582,2453.8500000000004,-1.0,-0.5503387563243934,r_trailing_stop,3.0,2024-02-08 17:00:00,2475.676210330054,2408.3844741748644,2408.3844741748644,2475.676210330054,1.6336401953796285,,,2024-02-08 15:30:00
2024-02-08 17:00:00,ETHUSD,exit,short,-0.7665941309796582,0.0,2431.1,0.0,1.4272304441365722,,,,,,,,,,,2024-02-08 17:00:00
2024-02-09 03:30:00,ETHUSD,entry,short,0.0,-0.7405104111326718,2448.55,0.0,4.0,stop_loss,10.0,2024-02-09 08:30:00,2465.365116410796,2396.012208973011,2396.012208973011,2465.365116410796,-1.024683680371089,,,2024-02-09 03:30:00
2024-02-09 08:30:00,ETHUSD,exit,short,-0.7405104111326718,0.0,2476.05,-1.0,1.437746069430907,,,,,,,,,,,2024-02-09 08:30:00
2024-02-09 09:00:00,ETHUSD,entry,short,0.0,-0.7628423662609037,2474.4,-1.0,1.6021813258871571,r_trailing_stop,1.0,2024-02-09 09:30:00,2495.928073920868,2427.754815197829,2427.754815197829,2495.928073920868,0.08751943374511334,,,2024-02-09 09:00:00
2024-02-09 09:30:00,ETHUSD,exit,short,-0.7628423662609037,0.0,2466.65,0.0,3.8232037570130846,,,,,,,,,,,2024-02-09 09:30:00
2024-02-09 11:00:00,ETHUSD,entry,short,0.0,-0.7637237121155184,2473.05,-1.0,2.024164377064289,r_trailing_stop,1.0,2024-02-09 11:30:00,2494.041061950102,2425.997345124744,2425.997345124744,2494.041061950102,0.0491269459688507,,,2024-02-09 11:00:00
2024-02-09 11:30:00,ETHUSD,exit,short,-0.7637237121155184,0.0,2503.25,-1.0,-1.5222608465074468,,,,,,,,,,,2024-02-09 11:30:00
2024-02-09 12:00:00,ETHUSD,entry,short,0.0,-0.7351639190098234,2511.05,-1.0,-1.4237862011951823,r_trailing_stop,5.0,2024-02-09 14:30:00,2523.075240700366,2451.586898249085,2451.586898249085,2523.075240700366,0.5630029123619598,,,2024-02-09 12:00:00
2024-02-09 14:30:00,ETHUSD,exit,short,-0.7351639190098234,0.0,2494.3500000000004,0.0,1.1748950278176151,,,,,,,,,,,2024-02-09 14:30:00
2024-02-10 09:00:00,ETHUSD,entry,short,0.0,-0.7095339225878003,2491.8,0.0,2.308976905899102,r_trailing_stop,4.0,2024-02-10 11:00:00,2508.0307069541886,2434.4232326145284,2434.4232326145284,2508.0307069541886,0.38491472631876644,,,2024-02-10 09:00:00
2024-02-10 11:00:00,ETHUSD,exit,short,-0.7095339225878003,0.0,2481.85,0.0,1.6933991133606319,,,,,,,,,,,2024-02-10 11:00:00
2024-02-10 12:30:00,ETHUSD,entry,short,0.0,-0.7270618773021685,2488.15,0.0,1.5534261914038137,stop_loss,16.0,2024-02-10 20:30:00,2510.094743805612,2438.1881404859714,2438.1881404859714,2510.094743805612,-1.0242353959100723,,,2024-02-10 12:30:00
2024-02-10 20:30:00,ETHUSD,exit,short,-0.7270618773021685,0.0,2506.35,0.0,2.0160580686279577,,,,,,,,,,,2024-02-10 20:30:00
2024-02-13 08:00:00,ETHUSD,entry,long,0.0,0.649185199008898,2657.25,1.0,-3.3387486038849485,r_trailing_stop,2.0,2024-02-13 09:00:00,2710.5655823340876,2624.8637670663657,2710.5655823340876,2624.8637670663657,0.3695465537059786,,,2024-02-13 08:00:00
2024-02-13 09:00:00,ETHUSD,exit,long,0.649185199008898,0.0,2662.95,0.0,-1.6368494182816535,,,,,,,,,,,2024-02-13 09:00:00
2024-02-14 10:00:00,ETHUSD,entry,long,0.0,0.5602840136730343,2744.45,1.0,1.8131663651674068,r_trailing_stop,2.0,2024-02-14 11:00:00,2819.67030219452,2716.741879122192,2819.67030219452,2716.741879122192,0.20737828720493162,,,2024-02-14 10:00:00
2024-02-14 11:00:00,ETHUSD,exit,long,0.5602840136730343,0.0,2747.1,1.0,2.2196980006109985,,,,,,,,,,,2024-02-14 11:00:00
2024-02-14 11:30:00,ETHUSD,entry,long,0.0,0.5568705464279281,2755.95,0.0,1.368394500097551,r_trailing_stop,2.0,2024-02-14 12:30:00,2820.9938577543944,2717.4024568982422,2820.9938577543944,2717.4024568982422,0.0794187541823624,,,2024-02-14 11:30:00
2024-02-14 12:30:00,ETHUSD,exit,long,0.5568705464279281,0.0,2739.05,0.0,4.0,,,,,,,,,,,2024-02-14 12:30:00
2024-02-15 01:00:00,ETHUSD,entry,short,0.0,-0.5429383384215842,2790.95,0.0,0.36207006045499973,r_trailing_stop,2.0,2024-02-15 02:00:00,2850.607681826595,2741.555795433512,2741.555795433512,2850.607681826595,1.2130511242094402,,,2024-02-15 01:00:00
2024-02-15 02:00:00,ETHUSD,exit,short,-0.5429383384215842,0.0,2791.1000000000004,0.0,2.5223903903152403,,,,,,,,,,,2024-02-15 02:00:00
2024-02-15 05:00:00,ETHUSD,entry,short,0.0,-0.5368220611924315,2784.95,0.0,2.8280804125065124,r_trailing_stop,2.0,2024-02-15 06:00:00,2828.2617554552853,2718.8456113617867,2718.8456113617867,2828.2617554552853,0.7961996899246987,,,2024-02-15 05:00:00
2024-02-15 06:00:00,ETHUSD,exit,short,-0.5368220611924315,0.0,2773.75,0.0,3.4002861395122315,,,,,,,,,,,2024-02-15 06:00:00
2024-02-15 08:00:00,ETHUSD,entry,short,0.0,-0.5319054856406304,2782.4,0.0,2.7595935629764665,stop_loss,10.0,2024-02-15 13:00:00,2804.5328132989816,2695.042966752546,2695.042966752546,2804.5328132989816,-1.0177301828546876,,,2024-02-15 08:00:00
2024-02-15 13:00:00,ETHUSD,exit,short,-0.5319054856406304,0.0,2796.7,-1.0,3.836860981837262,,,,,,,,,,,2024-02-15 13:00:00
2024-02-15 13:30:00,ETHUSD,entry,short,0.0,-0.5512268339864969,2810.8,-1.0,2.2032743600485087,stop_loss,1.0,2024-02-15 14:00:00,2826.2317550702023,2719.720612324495,2719.720612324495,2826.2317550702023,-1.0183742277995498,,,2024-02-15 13:30:00
2024-02-15 14:00:00,ETHUSD,exit,short,-0.5512268339864969,0.0,2831.45,-1.0,0.7536439629612833,,,,,,,,,,,2024-02-15 14:00:00
2024-02-15 14:30:00,ETHUSD,entry,short,0.0,-0.5379592933102488,2853.3500000000004,-1.0,-0.28631536300637905,stop_loss,1.0,2024-02-15 15:00:00,2862.827668071259,2752.305829821853,2752.305829821853,2862.827668071259,-1.017931976443675,,,2024-02-15 14:30:00
2024-02-15 15:00:00,ETHUSD,exit,short,-0.5379592933102488,0.0,2844.25,0.0,0.2220359477897264,,,,,,,,,,,2024-02-15 15:00:00
2024-02-19 17:30:00,ETHUSD,entry,short,0.0,-0.5797532814015621,2942.55,-1.0,-0.9877898521106933,r_trailing_stop,1.0,2024-02-19 18:00:00,2971.3360502407886,2864.8098743980286,2864.8098743980286,2971.3360502407886,-0.09489339047446099,,,2024-02-19 17:30:00
2024-02-19 18:00:00,ETHUSD,exit,short,-0.5797532814015621,0.0,2939.45,0.0,-0.49001415306977464,,,,,,,,,,,2024-02-19 18:00:00
2024-02-19 21:30:00,ETHUSD,entry,short,0.0,-0.5863389621088814,2968.05,-1.0,-4.0,stop_loss,1.0,2024-02-19 22:00:00,2973.166197525896,2867.75950618526,2867.75950618526,2973.166197525896,-1.019544632070296,,,2024-02-19 21:30:00
2024-02-19 22:00:00,ETHUSD,exit,short,-0.5863389621088814,0.0,2974.1000000000004,-1.0,-3.8056800284544066,,,,,,,,,,,2024-02-19 22:00:00
2024-02-19 22:30:00,ETHUSD,entry,short,0.0,-0.575028253493128,2962.2,-1.0,-2.7593795333371105,r_trailing_stop,3.0,2024-02-20 00:00:00,3005.1830838382243,2896.567290404439,2896.567290404439,3005.1830838382243,0.9443202664861814,,,2024-02-19 22:30:00
2024-02-20 00:00:00,ETHUSD,exit,short,-0.575028253493128,0.0,2950.7,0.0,-0.20659279471707823,,,,,,,,,,,2024-02-20 00:00:00
2024-02-20 01:00:00,ETHUSD,entry,short,0.0,-0.5605565273682878,2915.45,0.0,3.2578146113344633,r_trailing_stop,1.0,2024-02-20 01:30:00,2966.5668137202506,2856.607965699374,2856.607965699374,2966.5668137202506,0.6035930368004522,,,2024-02-20 01:00:00
2024-02-20 01:30:00,ETHUSD,exit,short,-0.5605565273682878,0.0,2921.8500000000004,-1.0,4.0,,,,,,,,,,,2024-02-20 01:30:00
2024-02-20 02:00:00,ETHUSD,entry,short,0.0,-0.5411267385167496,2921.65,0.0,2.9425710231984428,r_trailing_stop,4.0,2024-02-20 04:00:00,2954.146292314166,2840.7592692145845,2840.7592692145845,2954.146292314166,0.19805660365640235,,,2024-02-20 02:00:00
2024-02-20 04:00:00,ETHUSD,exit,short,-0.5411267385167496,0.0,2917.25,-1.0,0.9975505635338682,,,,,,,,,,,2024-02-20 04:00:00
2024-02-20 04:30:00,ETHUSD,entry,short,0.0,-0.5456445582032493,2924.3500000000004,0.0,-1.7171015021849418,r_trailing_stop,8.0,2024-02-20 08:30:00,2949.4296748301485,2837.1508129246304,2837.1508129246304,2949.4296748301485,0.1464131546648051,,,2024-02-20 04:30:00
2024-02-20 08:30:00,ETHUSD,exit,short,-0.5456445582032493,0.0,2916.3500000000004,0.0,4.0,,,,,,,,,,,2024-02-20 08:30:00
2024-02-20 10:30:00,ETHUSD,entry,short,0.0,-0.5597973664950231,2919.4,0.0,4.0,stop_loss,3.0,2024-02-20 12:00:00,2947.153094507288,2837.7672637317796,2837.7672637317796,2947.153094507288,-1.0186599122165008,,,2024-02-20 10:30:00
2024-02-20 12:00:00,ETHUSD,exit,short,-0.5597973664950231,0.0,2947.5,-1.0,3.870301093045891,,,,,,,,,,,2024-02-20 12:00:00
2024-02-20 12:30:00,ETHUSD,entry,short,0.0,-0.5624180488462813,2931.2,0.0,4.0,r_trailing_stop,1.0,2024-02-20 13:00:00,2978.894047779543,2868.8398805511415,2868.8398805511415,2978.894047779543,0.26871109485418293,,,2024-02-20 12:30:00
2024-02-20 13:00:00,ETHUSD,exit,short,-0.5624180488462813,0.0,2968.25,0.0,1.6431087501494408,,,,,,,,,,,2024-02-20 13:00:00
2024-02-25 16:30:00,ETHUSD,entry,short,0.0,-0.661629950657486,3040.25,-1.0,4.0,r_trailing_stop,1.0,2024-02-25 17:00:00,3068.728709189128,2972.2032270271798,2972.2032270271798,3068.728709189128,0.014205523446126512,,,2024-02-25 16:30:00
2024-02-25 17:00:00,ETHUSD,exit,short,-0.661629950657486,0.0,3047.8500000000004,-1.0,3.6447747733777436,,,,,,,,,,,2024-02-25 17:00:00
2024-02-25 17:30:00,ETHUSD,entry,short,0.0,-0.6625483230997934,3062.2,0.0,3.2213937630559886,stop_loss,3.0,2024-02-25 19:00:00,3075.55206216271,2978.944844593224,2978.944844593224,3075.55206216271,-1.0220849441033264,,,2024-02-25 17:30:00
2024-02-25 19:00:00,ETHUSD,exit,short,-0.6625483230997934,0.0,3077.4,0.0,1.7627910009753258,,,,,,,,,,,2024-02-25 19:00:00
2024-02-25 21:30:00,ETHUSD,entry,short,0.0,-0.6370155413200052,3109.45,0.0,-4.0,stop_loss,5.0,2024-02-26 00:00:00,3120.164360320894,3018.264099197765,3018.264099197765,3120.164360320894,-1.0212338513773336,,,2024-02-25 21:30:00
2024-02-26 00:00:00,ETHUSD,exit,short,-0.6370155413200052,0.0,3120.75,0.0,-4.0,,,,,,,,,,,2024-02-26 00:00:00
2024-02-26 02:00:00,ETHUSD,entry,short,0.0,-0.6408576490387112,3100.05,0.0,-1.817548727999457,r_trailing_stop,2.0,2024-02-26 03:00:00,3136.240547687095,3034.4236307822634,3034.4236307822634,3136.240547687095,0.29929431236781545,,,2024-02-26 02:00:00
2024-02-26 03:00:00,ETHUSD,exit,short,-0.6408576490387112,0.0,3098.05,-1.0,1.5857387652392392,,,,,,,,,,,2024-02-26 03:00:00
2024-02-26 03:30:00,ETHUSD,entry,short,0.0,-0.6421827245800114,3107.8500000000004,0.0,2.6590909165709626,r_trailing_stop,9.0,2024-02-26 08:00:00,3126.5917626613286,3025.2955933466787,3025.2955933466787,3126.5917626613286,0.1328217382717733,,,2024-02-26 03:30:00
2024-02-26 08:00:00,ETHUSD,exit,short,-0.6421827245800114,0.0,3102.25,-1.0,4.0,,,,,,,,,,,2024-02-26 08:00:00
2024-02-26 08:30:00,ETHUSD,entry,short,0.0,-0.6550437526804381,3092.45,0.0,4.0,r_trailing_stop,2.0,2024-02-26 09:30:00,3130.463827204425,3031.015431988938,3031.015431988938,3130.463827204425,1.4561810004527358,,,2024-02-26 08:30:00
2024-02-26 09:30:00,ETHUSD,exit,short,-0.6550437526804381,0.0,3041.3500000000004,0.0,4.0,,,,,,,,,,,2024-02-26 09:30:00
2024-02-26 20:30:00,ETHUSD,entry,short,0.0,-0.5497495276854008,3182.5,-1.0,2.166301393600227,stop_loss,10.0,2024-02-27 01:30:00,3213.1903435830027,3091.7741410424933,3091.7741410424933,3213.1903435830027,-1.01832498425618,,,2024-02-26 20:30:00
2024-02-27 01:30:00,ETHUSD,exit,short,-0.5497495276854008,0.0,3222.55,0.0,2.6530061027825145,,,,,,,,,,,2024-02-27 01:30:00
2024-02-27 09:30:00,ETHUSD,entry,short,0.0,-0.5189753028708152,3259.3,0.0,-0.5633135461560734,stop_loss,6.0,2024-02-27 12:30:00,3279.279240134172,3148.10189966457,3148.10189966457,3279.279240134172,-1.0172991767623605,,,2024-02-27 09:30:00
2024-02-27 12:30:00,ETHUSD,exit,short,-0.5189753028708152,0.0,3257.95,-1.0,-0.17595824518349298,,,,,,,,,,,2024-02-27 12:30:00
2024-02-27 13:00:00,ETHUSD,entry,short,0.0,-0.5211483441755395,3252.8,0.0,-0.23210853910610046,r_trailing_stop,1.0,2024-02-27 13:30:00,3295.5600491414316,3164.274877146422,3164.274877146422,3295.5600491414316,0.10259623988999765,,,2024-02-27 13:00:00
2024-02-27 13:30:00,ETHUSD,exit,short,-0.5211483441755395,0.0,3268.95,0.0,-1.6988637619400688,,,,,,,,,,,2024-02-27 13:30:00
2024-02-28 04:30:00,ETHUSD,entry,short,0.0,-0.5284969223074487,3267.95,0.0,4.0,r_trailing_stop,3.0,2024-02-28 06:00:00,3303.382145936508,3173.594635158731,3173.594635158731,3303.382145936508,0.1315011748686255,,,2024-02-28 04:30:00
2024-02-28 06:00:00,ETHUSD,exit,short,-0.5284969223074487,0.0,3257.25,0.0,0.7080125799340712,,,,,,,,,,,2024-02-28 06:00:00
2024-02-29 12:00:00,ETHUSD,entry,short,0.0,-0.3387707942173002,3474.05,0.0,-3.2627373086706526,r_trailing_stop,1.0,2024-02-29 12:30:00,3575.880571111385,3358.073572221538,3358.073572221538,3575.880571111385,0.6170161917889763,,,2024-02-29 12:00:00
2024-02-29 12:30:00,ETHUSD,exit,short,-0.3387707942173002,0.0,3465.25,0.0,-2.7274728191513598,,,,,,,,,,,2024-02-29 12:30:00
2024-03-04 23:30:00,ETHUSD,entry,long,0.0,0.45181658961121807,3630.3,1.0,4.0,r_trailing_stop,5.0,2024-03-05 02:00:00,3745.140866737068,3576.6636533051733,3745.140866737068,3576.6636533051733,0.4669037337313143,,,2024-03-04 23:30:00
2024-03-05 02:00:00,ETHUSD,exit,long,0.45181658961121807,0.0,3626.7,1.0,4.0,,,,,,,,,,,2024-03-05 02:00:00
2024-03-05 02:30:00,ETHUSD,entry,long,0.0,0.4446011036128937,3626.8,0.0,4.0,r_trailing_stop,4.0,2024-03-05 04:30:00,3748.5411268168127,3577.2635492732747,3748.5411268168127,3577.2635492732747,1.8079521233378328,,,2024-03-05 02:30:00
2024-03-05 04:30:00,ETHUSD,exit,long,0.4446011036128937,0.0,3696.8,1.0,-0.3609207869514008,,,,,,,,,,,2024-03-05 04:30:00
2024-03-05 05:00:00,ETHUSD,entry,long,0.0,0.4213427364275593,3702.8,1.0,-2.168161238598676,r_trailing_stop,2.0,2024-03-05 06:00:00,3828.3042622928506,3644.0582950828593,3828.3042622928506,3644.0582950828593,0.3316887252699029,,,2024-03-05 05:00:00
2024-03-05 06:00:00,ETHUSD,exit,long,0.4213427364275593,0.0,3718.5,0.0,-2.5283853451743044,,,,,,,,,,,2024-03-05 06:00:00
2024-03-05 10:30:00,ETHUSD,entry,long,0.0,0.41376826681188433,3711.2,0.0,-4.0,r_trailing_stop,2.0,2024-03-05 11:30:00,3848.0706426828865,3659.601742926845,3848.0706426828865,3659.601742926845,0.23482773798879536,,,2024-03-05 10:30:00
2024-03-05 11:30:00,ETHUSD,exit,long,0.41376826681188433,0.0,3732.15,0.0,-4.0,,,,,,,,,,,2024-03-05 11:30:00
2024-03-05 12:30:00,ETHUSD,entry,long,0.0,0.42095812720330866,3759.4,0.0,-4.0,r_trailing_stop,5.0,2024-03-05 15:00:00,3904.3881831720473,3716.3147267311815,3904.3881831720473,3716.3147267311815,0.45150963804969513,,,2024-03-05 12:30:00
2024-03-05 15:00:00,ETHUSD,exit,long,0.42095812720330866,0.0,3785.95,0.0,-4.0,,,,,,,,,,,2024-03-05 15:00:00
2024-03-12 01:00:00,ETHUSD,entry,short,0.0,-0.5004190148090203,4063.45,0.0,-1.3242056238288578,r_trailing_stop,5.0,2024-03-12 03:30:00,4106.705824977579,3936.4104375560537,3936.4104375560537,4106.705824977579,0.18130893019236227,,,2024-03-12 01:00:00
2024-03-12 03:30:00,ETHUSD,exit,short,-0.5004190148090203,0.0,4030.35,-1.0,-1.787932419748693,,,,,,,,,,,2024-03-12 03:30:00
2024-03-12 04:00:00,ETHUSD,entry,short,0.0,-0.5147138120678278,4042.05,-1.0,-4.0,r_trailing_stop,5.0,2024-03-12 06:30:00,4077.1293105082123,3912.70172372947,3912.70172372947,4077.1293105082123,0.25220803568103406,,,2024-03-12 04:00:00
2024-03-12 06:30:00,ETHUSD,exit,short,-0.5147138120678278,0.0,4031.2,-1.0,-2.671176952435445,,,,,,,,,,,2024-03-12 06:30:00
2024-03-12 07:00:00,ETHUSD,entry,short,0.0,-0.5222982256804379,4029.85,0.0,-2.184468131959573,r_trailing_stop,3.0,2024-03-12 08:30:00,4077.054005663609,3914.989985840977,3914.989985840977,4077.054005663609,1.1082530680255087,,,2024-03-12 07:00:00
2024-03-12 08:30:00,ETHUSD,exit,short,-0.5222982256804379,0.0,3986.05,0.0,-1.5058063077569726,,,,,,,,,,,2024-03-12 08:30:00
2024-03-12 15:00:00,ETHUSD,entry,long,0.0,0.456011648505456,4001.25,1.0,1.4691858377253018,r_trailing_stop,1.0,2024-03-12 15:30:00,4111.279221206693,3927.9783115173223,4111.279221206693,3927.9783115173223,0.20263160652055104,,,2024-03-12 15:00:00
2024-03-12 15:30:00,ETHUSD,exit,long,0.456011648505456,0.0,3988.35,0.0,2.1195920137101374,,,,,,,,,,,2024-03-12 15:30:00
2024-03-12 16:30:00,ETHUSD,entry,long,0.0,0.42154015909704334,3921.95,0.0,4.0,stop_loss,1.0,2024-03-12 17:00:00,4063.2165910409763,3867.7533635836094,4063.2165910409763,3867.7533635836094,-1.0140513386365682,,,2024-03-12 16:30:00
2024-03-12 17:00:00,ETHUSD,exit,long,0.42154015909704334,0.0,3865.15,0.0,4.0,,,,,,,,,,,2024-03-12 17:00:00
2024-03-13 14:00:00,ETHUSD,entry,long,0.0,0.4540172957065176,3984.0,0.0,0.5106247129107898,r_trailing_stop,1.0,2024-03-13 14:30:00,4105.087949960679,3921.2848200157287,4105.087949960679,3921.2848200157287,0.17814353874063651,,,2024-03-13 14:00:00
2024-03-13 14:30:00,ETHUSD,exit,long,0.4540172957065176,0.0,3967.5,0.0,0.6935242094439191,,,,,,,,,,,2024-03-13 14:30:00
2024-03-14 11:00:00,ETHUSD,entry,long,0.0,0.49302530851910603,3956.4,1.0,-3.0742452550627677,stop_loss,4.0,2024-03-14 13:00:00,4089.3422803076915,3920.303087876923,4089.3422803076915,3920.303087876923,-1.0164341769506369,,,2024-03-14 11:00:00
2024-03-14 13:00:00,ETHUSD,exit,long,0.49302530851910603,0.0,3924.25,1.0,-1.2801602864314678,,,,,,,,,,,2024-03-14 13:00:00
2024-03-14 14:00:00,ETHUSD,entry,long,0.0,0.451756963631552,3911.25,0.0,-3.2252932382674313,r_trailing_stop,1.0,2024-03-14 14:30:00,4006.815585664427,3826.5437657342295,4006.815585664427,3826.5437657342295,0.6285528433887971,,,2024-03-14 14:00:00
2024-03-14 14:30:00,ETHUSD,exit,long,0.451756963631552,0.0,3886.6,0.0,-4.0,,,,,,,,,,,2024-03-14 14:30:00
2024-03-16 18:00:00,ETHUSD,entry,long,0.0,0.3310888300236361,3599.85,1.0,-2.4035977738618874,stop_loss,6.0,2024-03-16 21:00:00,3796.33892448172,3565.9844302073125,3796.33892448172,3565.9844302073125,-1.0110362943341211,,,2024-03-16 18:00:00
2024-03-16 21:00:00,ETHUSD,exit,long,0.3310888300236361,0.0,3551.05,1.0,0.30924609501816935,,,,,,,,,,,2024-03-16 21:00:00
2024-03-16 21:30:00,ETHUSD,entry,long,0.0,0.3064599900295688,3554.85,1.0,-0.06880437802000458,r_trailing_stop,1.0,2024-03-16 22:00:00,3724.7549067836253,3481.4280372865496,3724.7549067836253,3481.4280372865496,0.04300525881761021,,,2024-03-16 21:30:00
2024-03-16 22:00:00,ETHUSD,exit,long,0.3064599900295688,0.0,3561.85,1.0,0.754563932706801,,,,,,,,,,,2024-03-16 22:00:00
2024-03-16 22:30:00,ETHUSD,entry,long,0.0,0.30541404713362763,3557.45,0.0,1.0426405410817647,stop_loss,1.0,2024-03-16 23:00:00,3736.680559027707,3491.777776388917,3736.680559027707,3491.777776388917,-1.0101804682377877,,,2024-03-16 22:30:00
2024-03-16 23:00:00,ETHUSD,exit,long,0.30541404713362763,0.0,3507.65,0.0,1.944691965410952,,,,,,,,,,,2024-03-16 23:00:00
2024-03-17 00:30:00,ETHUSD,entry,long,0.0,0.29589557647327264,3506.25,0.0,0.8775356611525971,stop_loss,12.0,2024-03-17 06:30:00,3738.3151498819234,3485.8039400472303,3738.3151498819234,3485.8039400472303,-1.0098631858824425,,,2024-03-17 00:30:00
2024-03-17 06:30:00,ETHUSD,exit,long,0.29589557647327264,0.0,3444.15,1.0,4.0,,,,,,,,,,,2024-03-17 06:30:00
2024-03-17 07:00:00,ETHUSD,entry,long,0.0,0.2989246492567542,3451.95,0.0,4.0,r_trailing_stop,2.0,2024-03-17 08:00:00,3616.1893639029936,3374.2842544388027,3616.1893639029936,3374.2842544388027,0.2738684131368656,,,2024-03-17 07:00:00
2024-03-17 08:00:00,ETHUSD,exit,long,0.2989246492567542,0.0,3511.15,0.0,3.760594889905917,,,,,,,,,,,2024-03-17 08:00:00
2024-03-17 09:00:00,ETHUSD,entry,long,0.0,0.2949631108564283,3561.8,0.0,2.1287264904087295,r_trailing_stop,3.0,2024-03-17 10:30:00,3733.8412391358056,3480.8735043456777,3733.8412391358056,3480.8735043456777,0.26039235415292494,,,2024-03-17 09:00:00
2024-03-17 10:30:00,ETHUSD,exit,long,0.2949631108564283,0.0,3593.8,0.0,1.4407822565717825,,,,,,,,,,,2024-03-17 10:30:00
2024-03-21 04:00:00,ETHUSD,entry,long,0.0,0.23351247790721352,3513.85,0.0,0.17336987407129034,r_trailing_stop,10.0,2024-03-21 09:00:00,3737.066104527097,3421.273558189161,3737.066104527097,3421.273558189161,0.5729004495901212,,,2024-03-21 04:00:00
2024-03-21 09:00:00,ETHUSD,exit,long,0.23351247790721352,0.0,3560.45,0.0,-2.040947088259157,,,,,,,,,,,2024-03-21 09:00:00
2024-03-26 17:00:00,ETHUSD,entry,long,0.0,0.433451862255922,3581.75,0.0,0.8092202675369652,r_trailing_stop,4.0,2024-03-26 19:00:00,3686.456079991977,3513.8275680032093,3686.456079991977,3513.8275680032093,0.196409009203569,,,2024-03-26 17:00:00
2024-03-26 19:00:00,ETHUSD,exit,long,0.433451862255922,0.0,3571.15,0.0,0.5073206582733801,,,,,,,,,,,2024-03-26 19:00:00
2024-04-03 09:00:00,ETHUSD,entry,short,0.0,-0.41821542429178565,3332.05,-1.0,-1.412023558204152,r_trailing_stop,4.0,2024-04-03 11:00:00,3392.7360350296367,3224.7849124259083,3224.7849124259083,3392.7360350296367,0.4987086344020652,,,2024-04-03 09:00:00
2024-04-03 11:00:00,ETHUSD,exit,short,-0.41821542429178565,0.0,3307.05,0.0,0.4011562128435174,,,,,,,,,,,2024-04-03 11:00:00
2024-04-03 14:30:00,ETHUSD,entry,short,0.0,-0.41492743780018065,3358.25,0.0,-3.3734975333293318,r_trailing_stop,3.0,2024-04-03 16:00:00,3405.594150530966,3235.689623672585,3235.689623672585,3405.594150530966,0.5567836640329934,,,2024-04-03 14:30:00
2024-04-03 16:00:00,ETHUSD,exit,short,-0.41492743780018065,0.0,3354.8,0.0,-3.6110544887724867,,,,,,,,,,,2024-04-03 16:00:00
2024-04-08 08:30:00,ETHUSD,entry,long,0.0,0.6078017855781619,3595.75,1.0,4.0,r_trailing_stop,1.0,2024-04-08 09:00:00,3648.8310350140555,3525.7975859943776,3648.8310350140555,3525.7975859943776,0.9839384002039823,,,2024-04-08 08:30:00
2024-04-08 09:00:00,ETHUSD,exit,long,0.6078017855781619,0.0,3616.55,1.0,4.0,,,,,,,,,,,2024-04-08 09:00:00
2024-04-08 09:30:00,ETHUSD,entry,long,0.0,0.5809172172460284,3618.45,0.0,3.6264569734359204,r_trailing_stop,2.0,2024-04-08 10:30:00,3710.087660736218,3579.3449357055124,3710.087660736218,3579.3449357055124,0.13889096948076857,,,2024-04-08 09:30:00
2024-04-08 10:30:00,ETHUSD,exit,long,0.5809172172460284,0.0,3619.05,0.0,4.0,,,,,,,,,,,2024-04-08 10:30:00
2024-04-08 15:30:00,ETHUSD,entry,long,0.0,0.5408754183788222,3629.1,0.0,3.1795509302278036,r_trailing_stop,3.0,2024-04-08 17:00:00,3727.021680929861,3586.2213276280554,3727.021680929861,3586.2213276280554,0.6666137769511516,,,2024-04-08 15:30:00
2024-04-08 17:00:00,ETHUSD,exit,long,0.5408754183788222,0.0,3643.2,0.0,2.7405789337723747,,,,,,,,,,,2024-04-08 17:00:00
2024-04-08 23:00:00,ETHUSD,entry,short,0.0,-0.558264200967284,3709.05,-1.0,-3.6210615027733457,r_trailing_stop,2.0,2024-04-09 00:00:00,3761.042354804976,3621.0691129875604,3621.0691129875604,3761.042354804976,0.5015249437364795,,,2024-04-08 23:00:00
2024-04-09 00:00:00,ETHUSD,exit,short,-0.558264200967284,0.0,3690.05,0.0,-3.0969534067033884,,,,,,,,,,,2024-04-09 00:00:00
2024-04-09 04:30:00,ETHUSD,entry,short,0.0,-0.5230934160610754,3696.15,0.0,-4.0,r_trailing_stop,5.0,2024-04-09 07:00:00,3733.892914898042,3585.692712754896,3585.692712754896,3733.892914898042,1.132696936795404,,,2024-04-09 04:30:00
2024-04-09 07:00:00,ETHUSD,exit,short,-0.5230934160610754,0.0,3644.05,0.0,-4.0,,,,,,,,,,,2024-04-09 07:00:00
2024-04-09 08:00:00,ETHUSD,entry,short,0.0,-0.5114580936984072,3608.85,0.0,-4.0,r_trailing_stop,1.0,2024-04-09 08:30:00,3684.87666767668,3535.3333308083006,3535.3333308083006,3684.87666767668,0.7599836768389833,,,2024-04-09 08:00:00
2024-04-09 08:30:00,ETHUSD,exit,short,-0.5114580936984072,0.0,3629.15,0.0,-4.0,,,,,,,,,,,2024-04-09 08:30:00
2024-04-14 15:00:00,ETHUSD,entry,long,0.0,0.2413225823319884,3063.15,0.0,2.2941386142629967,r_trailing_stop,1.0,2024-04-14 15:30:00,3225.2942507860253,2961.0522996855902,3225.2942507860253,2961.0522996855902,0.17107513436255667,,,2024-04-14 15:00:00
2024-04-14 15:30:00,ETHUSD,exit,long,0.2413225823319884,0.0,3057.15,0.0,2.4502646283685445,,,,,,,,,,,2024-04-14 15:30:00
2024-04-14 22:30:00,ETHUSD,entry,short,0.0,-0.2431402579551909,3158.35,0.0,2.721719541931043,r_trailing_stop,5.0,2024-04-15 01:00:00,3233.4198688535953,2960.8753278660124,2960.8753278660124,3233.4198688535953,0.39295779409327897,,,2024-04-14 22:30:00
2024-04-15 01:00:00,ETHUSD,exit,short,-0.2431402579551909,0.0,3126.45,0.0,2.751316752366867,,,,,,,,,,,2024-04-15 01:00:00
2024-04-16 02:00:00,ETHUSD,entry,long,0.0,0.26594602391877104,3059.85,0.0,0.11975842826830249,r_trailing_stop,3.0,2024-04-16 03:30:00,3253.8779216255994,3010.6588313497605,3253.8779216255994,3010.6588313497605,0.004086418540887489,,,2024-04-16 02:00:00
2024-04-16 03:30:00,ETHUSD,exit,long,0.26594602391877104,0.0,3074.05,0.0,-1.8445391683628591,,,,,,,,,,,2024-04-16 03:30:00
2024-04-16 04:30:00,ETHUSD,entry,long,0.0,0.26108408953398415,3028.1000000000004,1.0,0.8428594557382123,r_trailing_stop,7.0,2024-04-16 08:00:00,3209.8449624861123,2965.692015005555,3209.8449624861123,2965.692015005555,1.0392059060446395,,,2024-04-16 04:30:00
2024-04-16 08:00:00,ETHUSD,exit,long,0.26108408953398415,0.0,3089.65,0.0,-0.6508179029783954,,,,,,,,,,,2024-04-16 08:00:00
2024-04-26 10:30:00,ETHUSD,entry,short,0.0,-0.52808940135969,3123.35,0.0,0.41312857806838094,r_trailing_stop,1.0,2024-04-26 11:00:00,3175.9286179603077,3051.0534550992306,3051.0534550992306,3175.9286179603077,0.23131517668995638,,,2024-04-26 10:30:00
2024-04-26 11:00:00,ETHUSD,exit,short,-0.52808940135969,0.0,3127.3,0.0,0.2704642304699774,,,,,,,,,,,2024-04-26 11:00:00
2024-04-26 12:30:00,ETHUSD,entry,short,0.0,-0.5344996488495165,3130.05,0.0,-1.253534516997369,r_trailing_stop,1.0,2024-04-26 13:00:00,3172.113119485695,3048.867201285763,3048.867201285763,3172.113119485695,0.1710334127723874,,,2024-04-26 12:30:00
2024-04-26 13:00:00,ETHUSD,exit,short,-0.5344996488495165,0.0,3116.15,0.0,-1.84398191875724,,,,,,,,,,,2024-04-26 13:00:00
2024-04-27 12:30:00,ETHUSD,entry,long,0.0,0.5771286664074159,3137.3,0.0,4.0,r_trailing_stop,2.0,2024-04-27 13:30:00,3213.6081897758877,3099.6367240896448,3213.6081897758877,3099.6367240896448,0.18678561013072958,,,2024-04-27 12:30:00
2024-04-27 13:30:00,ETHUSD,exit,long,0.5771286664074159,0.0,3150.8,0.0,4.0,,,,,,,,,,,2024-04-27 13:30:00
2024-04-27 18:00:00,ETHUSD,entry,long,0.0,0.5479185480239275,3241.15,0.0,3.703731466830372,r_trailing_stop,1.0,2024-04-27 18:30:00,3346.935245099361,3222.0759019602556,3346.935245099361,3222.0759019602556,-0.48078440500139547,,,2024-04-27 18:00:00
2024-04-27 18:30:00,ETHUSD,exit,long,0.5479185480239275,0.0,3256.4,0.0,3.5078794275331155,,,,,,,,,,,2024-04-27 18:30:00
2024-05-02 08:30:00,ETHUSD,entry,short,0.0,-0.3453722100226412,2941.85,0.0,1.7864324165440209,stop_loss,5.0,2024-05-02 11:00:00,2992.9574703979306,2814.0813240051734,2814.0813240051734,2992.9574703979306,-1.0115124070007546,,,2024-05-02 08:30:00
2024-05-02 11:00:00,ETHUSD,exit,short,-0.3453722100226412,0.0,2990.95,-1.0,-0.09697063325737568,,,,,,,,,,,2024-05-02 11:00:00
2024-05-02 11:30:00,ETHUSD,entry,short,0.0,-0.36254288893931047,2995.45,-1.0,-0.3063901576919305,r_trailing_stop,5.0,2024-05-02 14:00:00,3040.5511777848005,2867.297055537999,2867.297055537999,3040.5511777848005,0.4126550195240878,,,2024-05-02 11:30:00
2024-05-02 14:00:00,ETHUSD,exit,short,-0.36254288893931047,0.0,2974.85,-1.0,1.8126187533387157,,,,,,,,,,,2024-05-02 14:00:00
2024-05-02 14:30:00,ETHUSD,entry,short,0.0,-0.3639326596587701,2993.5,-1.0,0.7793734190784695,stop_loss,23.0,2024-05-03 02:00:00,3024.3016570201144,2852.620857449714,2852.620857449714,3024.3016570201144,-1.0121310886552923,,,2024-05-02 14:30:00
2024-05-03 02:00:00,ETHUSD,exit,short,-0.3639326596587701,0.0,3019.3,0.0,1.6520708824410943,,,,,,,,,,,2024-05-03 02:00:00
2024-05-13 06:00:00,ETHUSD,entry,long,0.0,0.7234972753396112,2892.25,0.0,3.423594110465528,r_trailing_stop,2.0,2024-05-13 07:00:00,2933.4835001310335,2850.066599947587,2933.4835001310335,2850.066599947587,1.725174164328041,,,2024-05-13 06:00:00
2024-05-13 07:00:00,ETHUSD,exit,long,0.7234972753396112,0.0,2927.15,0.0,1.9943759544277475,,,,,,,,,,,2024-05-13 07:00:00
2024-05-16 08:30:00,ETHUSD,entry,short,0.0,-0.6691068292102329,3009.7,0.0,-4.0,r_trailing_stop,2.0,2024-05-16 09:30:00,3038.403759655729,2943.8906008606778,2943.8906008606778,3038.403759655729,0.136902859212324,,,2024-05-16 08:30:00
2024-05-16 09:30:00,ETHUSD,exit,short,-0.6691068292102329,0.0,3009.75,0.0,-4.0,,,,,,,,,,,2024-05-16 09:30:00
2024-05-16 12:30:00,ETHUSD,entry,short,0.0,-0.6741497009860398,2980.45,0.0,-2.023351434067513,r_trailing_stop,1.0,2024-05-16 13:00:00,3020.293785458524,2927.0405363536906,2927.0405363536906,3020.293785458524,0.4256189957886256,,,2024-05-16 12:30:00
2024-05-16 13:00:00,ETHUSD,exit,short,-0.6741497009860398,0.0,2975.35,0.0,-2.587286529062739,,,,,,,,,,,2024-05-16 13:00:00
2024-05-16 17:30:00,ETHUSD,entry,long,0.0,0.592344682593696,2947.15,0.0,-0.006644792137185479,r_trailing_stop,3.0,2024-05-16 19:00:00,3001.0694295992607,2897.3022281602953,3001.0694295992607,2897.3022281602953,0.6611680934986143,,,2024-05-16 17:30:00
2024-05-16 19:00:00,ETHUSD,exit,long,0.592344682593696,0.0,2955.05,0.0,4.0,,,,,,,,,,,2024-05-16 19:00:00
2024-05-17 08:30:00,ETHUSD,entry,long,0.0,0.6142334631218286,3028.25,1.0,4.0,stop_loss,3.0,2024-05-17 10:00:00,3122.4854593897007,3018.27581624412,3122.4854593897007,3018.27581624412,-1.0204744487707276,,,2024-05-17 08:30:00
2024-05-17 10:00:00,ETHUSD,exit,long,0.6142334631218286,0.0,3034.55,1.0,3.868008505344441,,,,,,,,,,,2024-05-17 10:00:00
2024-05-17 10:30:00,ETHUSD,entry,long,0.0,0.6123999305703818,3037.05,0.0,3.6830717189743236,r_trailing_stop,5.0,2024-05-17 13:00:00,3108.6727549970615,3004.620898001175,3108.6727549970615,3004.620898001175,1.3946053448290028,,,2024-05-17 10:30:00
2024-05-17 13:00:00,ETHUSD,exit,long,0.6123999305703818,0.0,3072.0,1.0,1.2911322132209766,,,,,,,,,,,2024-05-17 13:00:00
2024-05-17 13:30:00,ETHUSD,entry,long,0.0,0.5979434620080956,3059.45,0.0,3.1720491650575156,r_trailing_stop,2.0,2024-05-17 14:30:00,3148.8078707312234,3040.9268517075107,3148.8078707312234,3040.9268517075107,0.44866395139257875,,,2024-05-17 13:30:00
2024-05-17 14:30:00,ETHUSD,exit,long,0.5979434620080956,0.0,3092.55,0.0,0.4622970026696923,,,,,,,,,,,2024-05-17 14:30:00
2024-05-18 02:00:00,ETHUSD,entry,short,0.0,-0.6462652549604809,3103.65,0.0,0.7538158876457182,r_trailing_stop,2.0,2024-05-18 03:00:00,3137.3092027141247,3036.301993214688,3036.301993214688,3137.3092027141247,0.25340427379720404,,,2024-05-18 02:00:00
2024-05-18 03:00:00,ETHUSD,exit,short,-0.6462652549604809,0.0,3113.1,-1.0,-0.2739885022304456,,,,,,,,,,,2024-05-18 03:00:00
2024-05-18 03:30:00,ETHUSD,entry,short,0.0,-0.6397152070473768,3114.9,0.0,-0.237978842254244,r_trailing_stop,6.0,2024-05-18 06:30:00,3142.197367507033,3040.0065812324174,3040.0065812324174,3142.197367507033,0.44448608643289383,,,2024-05-18 03:30:00
2024-05-18 06:30:00,ETHUSD,exit,short,-0.6397152070473768,0.0,3100.15,0.0,0.9312292750286816,,,,,,,,,,,2024-05-18 06:30:00
2024-05-22 12:00:00,ETHUSD,entry,long,0.0,0.38223763311671555,3712.45,1.0,1.0797902967231119,r_trailing_stop,1.0,2024-05-22 12:30:00,3835.3767915134786,3632.619283394609,3835.3767915134786,3632.619283394609,0.28101172001820673,,,2024-05-22 12:00:00
2024-05-22 12:30:00,ETHUSD,exit,long,0.38223763311671555,0.0,3667.05,1.0,3.1280267094195517,,,,,,,,,,,2024-05-22 12:30:00
2024-05-22 13:00:00,ETHUSD,entry,long,0.0,0.3694244689364554,3688.85,1.0,2.033104915022627,r_trailing_stop,1.0,2024-05-22 13:30:00,3815.7376742743886,3607.2949302902443,3815.7376742743886,3607.2949302902443,0.3522294803661005,,,2024-05-22 13:00:00
2024-05-22 13:30:00,ETHUSD,exit,long,0.3694244689364554,0.0,3694.6,1.0,2.170733711067183,,,,,,,,,,,2024-05-22 13:30:00
2024-05-22 14:00:00,ETHUSD,entry,long,0.0,0.3707238508940483,3707.8,0.0,2.0133993187676533,r_trailing_stop,1.0,2024-05-22 14:30:00,3845.285159030929,3635.9359363876283,3845.285159030929,3635.9359363876283,0.17656131956591756,,,2024-05-22 14:00:00
2024-05-22 14:30:00,ETHUSD,exit,long,0.3707238508940483,0.0,3744.45,0.0,0.717235237154366,,,,,,,,,,,2024-05-22 14:30:00
2024-05-22 22:00:00,ETHUSD,entry,short,0.0,-0.36217403352343236,3757.75,0.0,2.345345563238006,r_trailing_stop,4.0,2024-05-23 00:00:00,3835.4550332288254,3616.6874169279354,3616.6874169279354,3835.4550332288254,0.36182428209360207,,,2024-05-22 22:00:00
2024-05-23 00:00:00,ETHUSD,exit,short,-0.36217403352343236,0.0,3743.95,0.0,4.0,,,,,,,,,,,2024-05-23 00:00:00
2024-05-23 11:30:00,ETHUSD,entry,short,0.0,-0.4067385935393194,3917.65,-1.0,-4.0,stop_loss,1.0,2024-05-23 12:00:00,3931.2994821716566,3731.2762945708587,3731.2762945708587,3931.2994821716566,-1.0135579531179773,,,2024-05-23 11:30:00
2024-05-23 12:00:00,ETHUSD,exit,short,-0.4067385935393194,0.0,3932.95,-1.0,-4.0,,,,,,,,,,,2024-05-23 12:00:00
2024-05-23 12:30:00,ETHUSD,entry,short,0.0,-0.4001019340177359,3865.55,-1.0,-1.6610496910565045,r_trailing_stop,1.0,2024-05-23 13:00:00,3991.776970601082,3785.3575734972956,3785.3575734972956,3991.776970601082,1.1371123222590562,,,2024-05-23 12:30:00
2024-05-23 13:00:00,ETHUSD,exit,short,-0.4001019340177359,0.0,3849.45,0.0,-1.2859123997407778,,,,,,,,,,,2024-05-23 13:00:00
2024-05-27 05:30:00,ETHUSD,entry,long,0.0,0.547706183426731,3904.65,0.0,1.4715638713282395,r_trailing_stop,1.0,2024-05-27 06:00:00,3994.6345564370044,3845.5561774251983,3994.6345564370044,3845.5561774251983,0.3386000754503786,,,2024-05-27 05:30:00
2024-05-27 06:00:00,ETHUSD,exit,long,0.547706183426731,0.0,3910.15,0.0,1.0360861645483297,,,,,,,,,,,2024-05-27 06:00:00
2024-05-27 07:00:00,ETHUSD,entry,long,0.0,0.544170184112103,3909.55,0.0,0.37520805509904936,r_trailing_stop,1.0,2024-05-27 07:30:00,4000.464313986688,3850.224274405325,4000.464313986688,3850.224274405325,0.18847006484860385,,,2024-05-27 07:00:00
2024-05-27 07:30:00,ETHUSD,exit,long,0.544170184112103,0.0,3911.95,0.0,-2.0324651779809675,,,,,,,,,,,2024-05-27 07:30:00
2024-05-28 03:30:00,ETHUSD,entry,long,0.0,0.4988804969809079,3848.4,0.0,0.45556118503560045,r_trailing_stop,7.0,2024-05-28 07:00:00,3961.2783926693724,3799.3986429322513,3961.2783926693724,3799.3986429322513,0.12153887436546651,,,2024-05-28 03:30:00
2024-05-28 07:00:00,ETHUSD,exit,long,0.4988804969809079,0.0,3848.2,0.0,-1.4230396868897088,,,,,,,,,,,2024-05-28 07:00:00
2024-05-28 10:30:00,ETHUSD,entry,short,0.0,-0.5130681417020183,3896.6,-1.0,-1.562062313247219,r_trailing_stop,1.0,2024-05-28 11:00:00,3957.2930467659608,3797.1923830850983,3797.1923830850983,3957.2930467659608,0.13843022520671894,,,2024-05-28 10:30:00
2024-05-28 11:00:00,ETHUSD,exit,short,-0.5130681417020183,0.0,3900.05,-1.0,-2.099069888916409,,,,,,,,,,,2024-05-28 11:00:00
2024-05-28 11:30:00,ETHUSD,entry,short,0.0,-0.5105911270831167,3901.8,0.0,-2.586667154720593,r_trailing_stop,4.0,2024-05-28 13:30:00,3946.284521515667,3785.863696210831,3785.863696210831,3946.284521515667,-0.07810902964868151,,,2024-05-28 11:30:00
2024-05-28 13:30:00,ETHUSD,exit,short,-0.5105911270831167,0.0,3859.2,0.0,-0.7051123570053428,,,,,,,,,,,2024-05-28 13:30:00
2024-05-30 12:30:00,ETHUSD,entry,long,0.0,0.5366440904311112,3764.05,1.0,-0.5444921557402252,r_trailing_stop,2.0,2024-05-30 13:30:00,3857.6449406202883,3710.7920237518847,3857.6449406202883,3710.7920237518847,0.39586457636857464,,,2024-05-30 12:30:00
2024-05-30 13:30:00,ETHUSD,exit,long,0.5366440904311112,0.0,3787.9,0.0,-1.8480348628232417,,,,,,,,,,,2024-05-30 13:30:00
2024-05-30 17:30:00,ETHUSD,entry,long,0.0,0.5336888809952128,3811.4,0.0,-3.0135174588312372,stop_loss,4.0,2024-05-30 19:30:00,3920.6318282841703,3770.5772686863315,3920.6318282841703,3770.5772686863315,-1.0177896293665072,,,2024-05-30 17:30:00
2024-05-30 19:30:00,ETHUSD,exit,long,0.5336888809952128,0.0,3763.2,1.0,-1.5739273929264703,,,,,,,,,,,2024-05-30 19:30:00
2024-05-30 20:00:00,ETHUSD,entry,long,0.0,0.5157912954422197,3745.05,1.0,-0.5105037957953803,max_holding_close,23.0,2024-05-31 07:30:00,3872.7425216144884,3719.522991354205,3872.7425216144884,3719.522991354205,-0.8064201070849278,,,2024-05-30 20:00:00
2024-05-31 07:30:00,ETHUSD,exit,long,0.5157912954422197,0.0,3728.75,0.0,2.9389581328775165,,,,,,,,,,,2024-05-31 07:30:00
2024-06-06 05:30:00,ETHUSD,entry,long,0.0,0.8286491024732583,3847.25,0.0,-1.0809287543360775,r_trailing_stop,15.0,2024-06-06 13:00:00,3919.7426477415256,3822.17294090339,3919.7426477415256,3822.17294090339,-0.22671006931174448,,,2024-06-06 05:30:00
2024-06-06 13:00:00,ETHUSD,exit,long,0.8286491024732583,0.0,3838.85,0.0,-2.7198058660638,,,,,,,,,,,2024-06-06 13:00:00
2024-06-06 20:30:00,ETHUSD,entry,long,0.0,0.8258017877318824,3799.95,0.0,0.775943992032728,r_trailing_stop,1.0,2024-06-06 21:00:00,3859.5039923801437,3763.108403047943,3859.5039923801437,3763.108403047943,0.12369117875037122,,,2024-06-06 20:30:00
2024-06-06 21:00:00,ETHUSD,exit,long,0.8258017877318824,0.0,3796.25,0.0,1.1052881537790111,,,,,,,,,,,2024-06-06 21:00:00
2024-06-08 15:00:00,ETHUSD,entry,long,0.0,0.8049692871110222,3692.25,0.0,-1.5473465312851158,stop_loss,23.0,2024-06-09 02:30:00,3764.923124587117,3668.5007501651535,3764.923124587117,3668.5007501651535,-1.0268323095703673,,,2024-06-08 15:00:00
2024-06-09 02:30:00,ETHUSD,exit,long,0.8049692871110222,0.0,3668.55,0.0,2.1420533922837506,,,,,,,,,,,2024-06-09 02:30:00
2024-06-10 19:30:00,ETHUSD,entry,short,0.0,-1.0,3668.15,0.0,-4.0,r_trailing_stop,2.0,2024-06-10 20:30:00,3703.2531885084,3629.042028729001,3629.042028729001,3703.2531885084,0.7340212060009117,,,2024-06-10 19:30:00
2024-06-10 20:30:00,ETHUSD,exit,short,-1.0,0.0,3671.35,0.0,-4.0,,,,,,,,,,,2024-06-10 20:30:00
2024-06-12 10:00:00,ETHUSD,entry,short,0.0,-0.6454795740854384,3546.45,-1.0,0.9543700353045691,stop_loss,5.0,2024-06-12 12:30:00,3571.5432174656075,3456.4169563359815,3456.4169563359815,3571.5432174656075,-1.021515985802848,,,2024-06-12 10:00:00
2024-06-12 12:30:00,ETHUSD,exit,short,-0.6454795740854384,0.0,3638.35,0.0,-4.0,,,,,,,,,,,2024-06-12 12:30:00
2024-06-17 08:00:00,ETHUSD,entry,long,0.0,0.7018295797738202,3551.95,0.0,-1.4441921169948713,stop_loss,3.0,2024-06-17 09:30:00,3628.0690714320867,3521.7823714271653,3628.0690714320867,3521.7823714271653,-1.023394319325794,,,2024-06-17 08:00:00
2024-06-17 09:30:00,ETHUSD,exit,long,0.7018295797738202,0.0,3512.2,0.0,0.7822843554286287,,,,,,,,,,,2024-06-17 09:30:00
2024-06-17 15:30:00,ETHUSD,entry,long,0.0,0.6095952724000883,3496.6,1.0,-3.1584376451481804,stop_loss,1.0,2024-06-17 16:00:00,3597.7007684846876,3476.739692606125,3597.7007684846876,3476.739692606125,-1.0203198424133362,,,2024-06-17 15:30:00
2024-06-17 16:00:00,ETHUSD,exit,long,0.6095952724000883,0.0,3507.35,0.0,-2.924151971174687,,,,,,,,,,,2024-06-17 16:00:00
2024-06-17 20:30:00,ETHUSD,entry,long,0.0,0.5420837702291132,3514.75,1.0,-3.384139460982442,stop_loss,7.0,2024-06-18 00:00:00,3627.8841641608624,3491.126334335655,3627.8841641608624,3491.126334335655,-1.0180694590076371,,,2024-06-17 20:30:00
2024-06-18 00:00:00,ETHUSD,exit,long,0.5420837702291132,0.0,3498.3,0.0,-4.0,,,,,,,,,,,2024-06-18 00:00:00
2024-06-19 11:00:00,ETHUSD,entry,short,0.0,-0.4853376766081354,3544.65,-1.0,0.8853340862512241,r_trailing_stop,2.0,2024-06-19 12:00:00,3604.162449536752,3450.11887615812,3450.11887615812,3604.162449536752,0.5086735738556233,,,2024-06-19 11:00:00
2024-06-19 12:00:00,ETHUSD,exit,short,-0.4853376766081354,0.0,3537.55,0.0,0.7196005712223409,,,,,,,,,,,2024-06-19 12:00:00
2024-06-19 14:30:00,ETHUSD,entry,short,0.0,-0.4899929216874686,3520.1000000000004,0.0,1.4597026113097868,stop_loss,5.0,2024-06-19 17:00:00,3560.8251120389905,3410.062219902524,3410.062219902524,3560.8251120389905,-1.0163330973895823,,,2024-06-19 14:30:00
2024-06-19 17:00:00,ETHUSD,exit,short,-0.4899929216874686,0.0,3570.8,-1.0,0.1834916708752318,,,,,,,,,,,2024-06-19 17:00:00
2024-06-19 17:30:00,ETHUSD,entry,short,0.0,-0.4976293924673206,3561.35,0.0,0.9180343418474269,r_trailing_stop,5.0,2024-06-19 20:00:00,3613.803124120692,3463.1171896982705,3463.1171896982705,3613.803124120692,0.5466699683400762,,,2024-06-19 17:30:00
2024-06-19 20:00:00,ETHUSD,exit,short,-0.4976293924673206,0.0,3551.5,-1.0,2.2796255663121783,,,,,,,,,,,2024-06-19 20:00:00
2024-06-19 20:30:00,ETHUSD,entry,short,0.0,-0.5107943496557256,3552.9,0.0,1.649098405285747,r_trailing_stop,12.0,2024-06-20 02:30:00,3593.2679634315896,3447.255091421027,3447.255091421027,3593.2679634315896,0.01892925577000075,,,2024-06-19 20:30:00
2024-06-20 02:30:00,ETHUSD,exit,short,-0.5107943496557256,0.0,3551.4,0.0,-1.4983658276381582,,,,,,,,,,,2024-06-20 02:30:00
2024-06-24 11:30:00,ETHUSD,entry,long,0.0,0.5804514486169293,3320.75,0.0,1.8029471026705817,r_trailing_stop,1.0,2024-06-24 12:00:00,3392.6645123519,3273.0141950592397,3392.6645123519,3273.0141950592397,0.24992966561487648,,,2024-06-24 11:30:00
2024-06-24 12:00:00,ETHUSD,exit,long,0.5804514486169293,0.0,3330.3,0.0,1.0869330205287402,,,,,,,,,,,2024-06-24 12:00:00
2024-06-24 14:30:00,ETHUSD,entry,long,0.0,0.5652120080106746,3307.75,0.0,2.0711474268088854,stop_loss,2.0,2024-06-24 15:30:00,3402.4112416144226,3279.2655033542305,3402.4112416144226,3279.2655033542305,-1.0188404002670226,,,2024-06-24 14:30:00
2024-06-24 15:30:00,ETHUSD,exit,long,0.5652120080106746,0.0,3279.75,0.0,4.0,,,,,,,,,,,2024-06-24 15:30:00
2024-06-25 17:00:00,ETHUSD,entry,short,0.0,-0.5253688797729117,3402.25,0.0,-1.143708073077893,stop_loss,3.0,2024-06-25 18:30:00,3421.787423687475,3286.556440781313,3286.556440781313,3421.787423687475,-1.0175122959924303,,,2024-06-25 17:00:00
2024-06-25 18:30:00,ETHUSD,exit,short,-0.5253688797729117,0.0,3417.35,0.0,-1.4685836769406815,,,,,,,,,,,2024-06-25 18:30:00
2024-06-25 19:30:00,ETHUSD,entry,short,0.0,-0.5232797241188183,3416.15,0.0,-0.7476880053282992,r_trailing_stop,5.0,2024-06-25 22:00:00,3454.7131837723314,3317.6420405691724,3317.6420405691724,3454.7131837723314,0.1283006185622115,,,2024-06-25 19:30:00
2024-06-25 22:00:00,ETHUSD,exit,short,-0.5232797241188183,0.0,3412.5,0.0,-2.216885644310438,,,,,,,,,,,2024-06-25 22:00:00
2024-06-26 08:00:00,ETHUSD,entry,short,0.0,-0.607645798044257,3387.65,0.0,-0.43825915781451147,r_trailing_stop,1.0,2024-06-26 08:30:00,3435.339469499653,3317.776326250867,3317.776326250867,3435.339469499653,0.35494842189423487,,,2024-06-26 08:00:00
2024-06-26 08:30:00,ETHUSD,exit,short,-0.607645798044257,0.0,3384.05,0.0,0.3532518261236722,,,,,,,,,,,2024-06-26 08:30:00
2024-06-26 14:00:00,ETHUSD,entry,short,0.0,-0.648528625974562,3380.05,0.0,0.0223362108449589,r_trailing_stop,2.0,2024-06-26 15:00:00,3419.3952624692583,3309.686843826855,3309.686843826855,3419.3952624692583,0.2707364787929946,,,2024-06-26 14:00:00
2024-06-26 15:00:00,ETHUSD,exit,short,-0.648528625974562,0.0,3358.25,0.0,1.6470570372107707,,,,,,,,,,,2024-06-26 15:00:00
2024-07-01 02:00:00,ETHUSD,entry,short,0.0,-0.8768196707433704,3502.15,-1.0,-3.491824290976784,r_trailing_stop,1.0,2024-07-01 02:30:00,3539.1031784398947,3454.9170539002635,3454.9170539002635,3539.1031784398947,0.5153992446768975,,,2024-07-01 02:00:00
2024-07-01 02:30:00,ETHUSD,exit,short,-0.8768196707433704,0.0,3497.85,-1.0,-2.529708338379355,,,,,,,,,,,2024-07-01 02:30:00
2024-07-01 03:00:00,ETHUSD,entry,short,0.0,-0.853556927513486,3503.95,0.0,-3.0725504090201348,r_trailing_stop,4.0,2024-07-01 05:00:00,3524.6029284317046,3438.4926789207384,3438.4926789207384,3524.6029284317046,0.4716124076153901,,,2024-07-01 03:00:00
2024-07-01 05:00:00,ETHUSD,exit,short,-0.853556927513486,0.0,3483.85,0.0,-1.106042748804429,,,,,,,,,,,2024-07-01 05:00:00
2024-07-01 09:00:00,ETHUSD,entry,short,0.0,-0.8954987026116166,3476.95,-1.0,-1.5383517572374599,r_trailing_stop,3.0,2024-07-01 10:30:00,3504.1723118460036,3422.5442203849902,3422.5442203849902,3504.1723118460036,0.221808392320815,,,2024-07-01 09:00:00
2024-07-01 10:30:00,ETHUSD,exit,short,-0.8954987026116166,0.0,3467.5,-1.0,-2.2428202721015533,,,,,,,,,,,2024-07-01 10:30:00
2024-07-01 11:00:00,ETHUSD,entry,short,0.0,-0.8973437786755231,3461.0,0.0,-2.118919983267799,r_trailing_stop,2.0,2024-07-01 12:00:00,3490.6347598372026,3409.488100406993,3409.488100406993,3490.6347598372026,0.2549190248898355,,,2024-07-01 11:00:00
2024-07-01 12:00:00,ETHUSD,exit,short,-0.8973437786755231,0.0,3468.1000000000004,-1.0,-2.155399392231435,,,,,,,,,,,2024-07-01 12:00:00
2024-07-01 12:30:00,ETHUSD,entry,short,0.0,-0.9060776642103349,3469.65,0.0,-2.398509512849922,r_trailing_stop,3.0,2024-07-01 14:00:00,3491.0152499139076,3410.636875215231,3410.636875215231,3491.0152499139076,0.3725798775139105,,,2024-07-01 12:30:00
2024-07-01 14:00:00,ETHUSD,exit,short,-0.9060776642103349,0.0,3459.2,0.0,-1.0491853356535974,,,,,,,,,,,2024-07-01 14:00:00
2024-07-02 07:30:00,ETHUSD,entry,long,0.0,0.905624741251869,3436.45,0.0,-2.1060575525672873,r_trailing_stop,7.0,2024-07-02 11:00:00,3498.451258521981,3418.6494965912075,3498.451258521981,3418.6494965912075,0.1013866711074324,,,2024-07-02 07:30:00
2024-07-02 11:00:00,ETHUSD,exit,long,0.905624741251869,0.0,3447.65,0.0,-2.2638509659765496,,,,,,,,,,,2024-07-02 11:00:00
2024-07-02 15:00:00,ETHUSD,entry,long,0.0,0.8519777631118789,3408.2,0.0,-4.0,r_trailing_stop,2.0,2024-07-02 16:00:00,3467.4418826675856,3383.4532469329656,3467.4418826675856,3383.4532469329656,0.11960427081690227,,,2024-07-02 15:00:00
2024-07-02 16:00:00,ETHUSD,exit,long,0.8519777631118789,0.0,3409.85,0.0,-4.0,,,,,,,,,,,2024-07-02 16:00:00
2024-07-02 18:30:00,ETHUSD,entry,long,0.0,0.8839911980288458,3426.25,0.0,-4.0,stop_loss,14.0,2024-07-03 01:30:00,3485.710364169511,3404.285854332196,3485.710364169511,3404.285854332196,-1.0294663732676281,,,2024-07-02 18:30:00
2024-07-03 01:30:00,ETHUSD,exit,long,0.8839911980288458,0.0,3391.7,0.0,-4.0,,,,,,,,,,,2024-07-03 01:30:00
2024-07-06 07:30:00,ETHUSD,entry,short,0.0,-0.35683795595015827,3004.65,0.0,2.150342232968539,r_trailing_stop,4.0,2024-07-06 09:30:00,3060.5603672517464,2883.424081870634,2883.424081870634,3060.5603672517464,0.16788415927768482,,,2024-07-06 07:30:00
2024-07-06 09:30:00,ETHUSD,exit,short,-0.35683795595015827,0.0,3004.45,0.0,2.1864585407014667,,,,,,,,,,,2024-07-06 09:30:00
2024-07-06 16:30:00,ETHUSD,entry,short,0.0,-0.4175236813393523,3051.05,-1.0,-0.9593701775759746,max_holding_close,23.0,2024-07-07 04:00:00,3083.939737409586,2931.025656476035,2931.025656476035,3083.939737409586,-0.14896061148154072,,,2024-07-06 16:30:00
2024-07-07 04:00:00,ETHUSD,exit,short,-0.4175236813393523,0.0,3046.15,0.0,-3.730832983625574,,,,,,,,,,,2024-07-07 04:00:00
2024-07-15 09:00:00,ETHUSD,entry,long,0.0,0.6297518591628543,3353.45,1.0,4.0,r_trailing_stop,12.0,2024-07-15 15:00:00,3433.5814632589927,3321.7474146964028,3433.5814632589927,3321.7474146964028,0.40657100158129716,,,2024-07-15 09:00:00
2024-07-15 15:00:00,ETHUSD,exit,long,0.6297518591628543,0.0,3374.45,-1.0,4.0,,,,,,,,,,,2024-07-15 15:00:00
2024-07-15 15:30:00,ETHUSD,entry,short,0.0,-0.6234188525038308,3367.85,0.0,4.0,r_trailing_stop,2.0,2024-07-15 16:30:00,3406.8763999655844,3293.2090000860394,3293.2090000860394,3406.8763999655844,-0.21014890835292224,,,2024-07-15 15:30:00
2024-07-15 16:30:00,ETHUSD,exit,short,-0.6234188525038308,0.0,3391.8,-1.0,4.0,,,,,,,,,,,2024-07-15 16:30:00
2024-07-15 17:00:00,ETHUSD,entry,short,0.0,-0.6121636192547996,3388.35,-1.0,2.8063054419962277,r_trailing_stop,1.0,2024-07-15 17:30:00,3423.4283712396395,3307.1290719009003,3307.1290719009003,3423.4283712396395,0.047307765663956926,,,2024-07-15 17:00:00
2024-07-15 17:30:00,ETHUSD,exit,short,-0.6121636192547996,0.0,3384.55,0.0,1.878073434825394,,,,,,,,,,,2024-07-15 17:30:00
2024-07-15 18:30:00,ETHUSD,entry,short,0.0,-0.6032153513460068,3397.4,-1.0,0.08504438193502306,r_trailing_stop,2.0,2024-07-15 19:30:00,3433.970259969309,3315.5993500767277,3315.5993500767277,3433.970259969309,0.15121584642248587,,,2024-07-15 18:30:00
2024-07-15 19:30:00,ETHUSD,exit,short,-0.6032153513460068,0.0,3407.45,0.0,-1.6632331311024169,,,,,,,,,,,2024-07-15 19:30:00
2024-07-15 20:30:00,ETHUSD,entry,short,0.0,-0.5610119089562826,3434.45,-1.0,-3.2267830529280705,r_trailing_stop,2.0,2024-07-15 21:30:00,3475.5272941547446,3346.8067646131385,3346.8067646131385,3475.5272941547446,0.21390526894351752,,,2024-07-15 20:30:00
2024-07-15 21:30:00,ETHUSD,exit,short,-0.5610119089562826,0.0,3421.15,0.0,-1.4255693052769811,,,,,,,,,,,2024-07-15 21:30:00
2024-07-15 23:00:00,ETHUSD,entry,short,0.0,-0.5399218755381975,3485.55,-1.0,-3.695045694352686,r_trailing_stop,8.0,2024-07-16 03:00:00,3512.656140896259,3377.534647759353,3377.534647759353,3512.656140896259,0.16202577762974144,,,2024-07-15 23:00:00
2024-07-16 03:00:00,ETHUSD,exit,short,-0.5399218755381975,0.0,3464.65,0.0,-0.880804596812427,,,,,,,,,,,2024-07-16 03:00:00
2024-07-18 02:30:00,ETHUSD,entry,short,0.0,-0.5069267489401078,3424.55,0.0,0.36421906020504496,stop_loss,12.0,2024-07-18 08:30:00,3458.910875349119,3317.2978116272016,3317.2978116272016,3458.910875349119,-1.0168975582980035,,,2024-07-18 02:30:00
2024-07-18 08:30:00,ETHUSD,exit,short,-0.5069267489401078,0.0,3458.95,0.0,-2.35777407627313,,,,,,,,,,,2024-07-18 08:30:00
2024-07-24 20:00:00,ETHUSD,entry,short,0.0,-0.501161524597475,3371.2,0.0,-4.0,r_trailing_stop,3.0,2024-07-24 21:30:00,3402.6046863832044,3261.7132840419886,3261.7132840419886,3402.6046863832044,0.586951039068532,,,2024-07-24 20:00:00
2024-07-24 21:30:00,ETHUSD,exit,short,-0.501161524597475,0.0,3336.15,0.0,-4.0,,,,,,,,,,,2024-07-24 21:30:00
2024-07-26 20:00:00,ETHUSD,entry,short,0.0,-0.48904217932669936,3264.25,0.0,0.5374001432517932,r_trailing_stop,2.0,2024-07-26 21:00:00,3314.8262891435065,3174.209277141234,3174.209277141234,3314.8262891435065,0.30120131304318576,,,2024-07-26 20:00:00
2024-07-26 21:00:00,ETHUSD,exit,short,-0.48904217932669936,0.0,3267.55,-1.0,0.5906821038973358,,,,,,,,,,,2024-07-26 21:00:00
2024-07-26 21:30:00,ETHUSD,entry,short,0.0,-0.49278723377239475,3265.2,0.0,0.601563518276051,r_trailing_stop,8.0,2024-07-27 01:30:00,3307.283903998323,3168.040240004193,3168.040240004193,3307.283903998323,0.14328336613473552,,,2024-07-26 21:30:00
2024-07-27 01:30:00,ETHUSD,exit,short,-0.49278723377239475,0.0,3247.25,0.0,3.829606355412602,,,,,,,,,,,2024-07-27 01:30:00
2024-07-27 20:30:00,ETHUSD,entry,long,0.0,0.5272070313791432,3242.45,1.0,-0.7514738928324926,r_trailing_stop,1.0,2024-07-27 21:00:00,3321.84795870753,3193.190816516988,3321.84795870753,3193.190816516988,0.3061550593255377,,,2024-07-27 20:30:00
2024-07-27 21:00:00,ETHUSD,exit,long,0.5272070313791432,0.0,3287.35,0.0,-2.8529235126823353,,,,,,,,,,,2024-07-27 21:00:00
2024-08-06 08:30:00,ETHUSD,entry,short,0.0,-0.1712104037614541,2461.55,-1.0,0.6303337540677547,r_trailing_stop,2.0,2024-08-06 09:30:00,2573.534891760349,2268.562770599127,2268.562770599127,2573.534891760349,0.24074033290321106,,,2024-08-06 08:30:00
2024-08-06 09:30:00,ETHUSD,exit,short,-0.1712104037614541,0.0,2463.5,0.0,0.7036408799196663,,,,,,,,,,,2024-08-06 09:30:00
2024-08-06 13:00:00,ETHUSD,entry,short,0.0,-0.1801925106695476,2457.45,-1.0,-0.24335317130564268,stop_loss,2.0,2024-08-06 14:00:00,2521.4014346217737,2237.021413445566,2237.021413445566,2521.4014346217737,-1.0060064170223182,,,2024-08-06 13:00:00
2024-08-06 14:00:00,ETHUSD,exit,short,-0.1801925106695476,0.0,2529.65,-1.0,-0.20432559015772944,,,,,,,,,,,2024-08-06 14:00:00
2024-08-06 14:30:00,ETHUSD,entry,short,0.0,-0.18030426423041776,2524.45,-1.0,-0.6784485076491872,r_trailing_stop,3.0,2024-08-06 16:00:00,2613.93270119559,2319.2932470110245,2319.2932470110245,2613.93270119559,0.011808245469462061,,,2024-08-06 14:30:00
2024-08-06 16:00:00,ETHUSD,exit,short,-0.18030426423041776,0.0,2515.9,0.0,0.08203505917636197,,,,,,,,,,,2024-08-06 16:00:00
2024-08-06 17:00:00,ETHUSD,entry,short,0.0,-0.1836903442781013,2526.25,0.0,-0.10006929221570555,r_trailing_stop,2.0,2024-08-06 18:00:00,2614.3429692994805,2324.9175767512993,2324.9175767512993,2614.3429692994805,0.34723007872438705,,,2024-08-06 17:00:00
2024-08-06 18:00:00,ETHUSD,exit,short,-0.1836903442781013,0.0,2505.6000000000004,0.0,-0.0036670619224540768,,,,,,,,,,,2024-08-06 18:00:00
2024-08-07 01:30:00,ETHUSD,entry,long,0.0,0.19543480666868376,2500.75,0.0,-1.3644890322011558,r_trailing_stop,1.0,2024-08-07 02:00:00,2635.511878985772,2372.5052484056914,2635.511878985772,2372.5052484056914,0.5026971167358627,,,2024-08-07 01:30:00
2024-08-07 02:00:00,ETHUSD,exit,long,0.19543480666868376,0.0,2521.05,0.0,-2.914533423053307,,,,,,,,,,,2024-08-07 02:00:00
2024-08-07 11:00:00,ETHUSD,entry,short,0.0,-0.222366170235517,2483.95,0.0,-3.9462402669333176,r_trailing_stop,3.0,2024-08-07 12:30:00,2577.4693836816587,2340.4515407958534,2340.4515407958534,2577.4693836816587,0.5267607599949746,,,2024-08-07 11:00:00
2024-08-07 12:30:00,ETHUSD,exit,short,-0.222366170235517,0.0,2469.65,0.0,-3.5071245514534315,,,,,,,,,,,2024-08-07 12:30:00
2024-08-07 13:30:00,ETHUSD,entry,short,0.0,-0.2235944312849255,2448.9,0.0,-0.2496703374643124,r_trailing_stop,1.0,2024-08-07 14:00:00,2531.865332986973,2300.2866675325668,2300.2866675325668,2531.865332986973,0.18008208878130272,,,2024-08-07 13:30:00
2024-08-07 14:00:00,ETHUSD,exit,short,-0.2235944312849255,0.0,2410.05,0.0,1.5539403892936063,,,,,,,,,,,2024-08-07 14:00:00
2024-08-07 16:00:00,ETHUSD,entry,long,0.0,0.21182737822882622,2395.45,0.0,1.1033431612231719,stop_loss,5.0,2024-08-07 18:30:00,2583.8167231905272,2344.603310723789,2583.8167231905272,2344.603310723789,-1.0070609126076235,,,2024-08-07 16:00:00
2024-08-07 18:30:00,ETHUSD,exit,long,0.21182737822882622,0.0,2344.45,0.0,2.643555567763213,,,,,,,,,,,2024-08-07 18:30:00
2024-08-14 10:30:00,ETHUSD,entry,short,0.0,-0.39731540058639697,2743.3,-1.0,-3.5255236653867805,r_trailing_stop,5.0,2024-08-14 13:00:00,2782.8496033773754,2637.9509915565604,2637.9509915565604,2782.8496033773754,0.1920721299553658,,,2024-08-14 10:30:00
2024-08-14 13:00:00,ETHUSD,exit,short,-0.39731540058639697,0.0,2721.45,0.0,-3.227159736772893,,,,,,,,,,,2024-08-14 13:00:00
2024-08-15 22:00:00,ETHUSD,entry,long,0.0,0.3605299062743818,2576.95,0.0,1.8434260235000632,r_trailing_stop,2.0,2024-08-15 23:00:00,2679.634116527997,2529.786353388801,2679.634116527997,2529.786353388801,0.07557123151369029,,,2024-08-15 22:00:00
2024-08-15 23:00:00,ETHUSD,exit,long,0.3605299062743818,0.0,2577.65,0.0,1.992693105831022,,,,,,,,,,,2024-08-15 23:00:00
2024-08-21 14:00:00,ETHUSD,entry,long,0.0,0.5820456056193374,2601.25,1.0,0.937440169316591,r_trailing_stop,1.0,2024-08-21 14:30:00,2661.20945160361,2567.606219358556,2661.20945160361,2567.606219358556,0.2423415779127416,,,2024-08-21 14:00:00
2024-08-21 14:30:00,ETHUSD,exit,long,0.5820456056193374,0.0,2590.85,0.0,0.8493720154706532,,,,,,,,,,,2024-08-21 14:30:00
2024-08-24 20:30:00,ETHUSD,entry,long,0.0,0.5776812522019081,2791.75,0.0,-2.7534459192145406,stop_loss,1.0,2024-08-24 21:00:00,2878.8089509172596,2776.806419633096,2878.8089509172596,2776.806419633096,-1.019256041740053,,,2024-08-24 20:30:00
2024-08-24 21:00:00,ETHUSD,exit,long,0.5776812522019081,0.0,2772.75,1.0,-1.5759980762612773,,,,,,,,,,,2024-08-24 21:00:00
2024-08-29 13:00:00,ETHUSD,entry,short,0.0,-0.42078532326192786,2568.2,0.0,-2.5866207697055317,r_trailing_stop,2.0,2024-08-29 14:00:00,2609.840680844849,2481.4232978878777,2481.4232978878777,2609.840680844849,0.043209064631529584,,,2024-08-29 13:00:00
2024-08-29 14:00:00,ETHUSD,exit,short,-0.42078532326192786,0.0,2565.05,0.0,-2.4004150412298135,,,,,,,,,,,2024-08-29 14:00:00
2024-09-03 15:00:00,ETHUSD,entry,short,0.0,-0.5721557067560004,2446.85,0.0,-4.0,r_trailing_stop,7.0,2024-09-03 18:30:00,2471.549311588984,2381.77672102754,2381.77672102754,2471.549311588984,-0.10289476935255515,,,2024-09-03 15:00:00
2024-09-03 18:30:00,ETHUSD,exit,short,-0.5721557067560004,0.0,2451.95,0.0,-4.0,,,,,,,,,,,2024-09-03 18:30:00
2024-09-05 03:30:00,ETHUSD,entry,short,0.0,-0.47818608286424846,2405.55,0.0,-2.2525436638903464,r_trailing_stop,1.0,2024-09-05 04:00:00,2448.5927902231924,2342.393024442019,2342.393024442019,2448.5927902231924,0.19381757083619144,,,2024-09-05 03:30:00
2024-09-05 04:00:00,ETHUSD,exit,short,-0.47818608286424846,0.0,2414.25,-1.0,-2.6985028927006867,,,,,,,,,,,2024-09-05 04:00:00
2024-09-05 04:30:00,ETHUSD,entry,short,0.0,-0.4766971171092245,2414.05,0.0,-2.574510469454542,r_trailing_stop,2.0,2024-09-05 05:30:00,2444.9409956239165,2338.572510940209,2338.572510940209,2444.9409956239165,0.043338165563867645,,,2024-09-05 04:30:00
2024-09-05 05:30:00,ETHUSD,exit,short,-0.4766971171092245,0.0,2409.55,0.0,-1.0970785895170216,,,,,,,,,,,2024-09-05 05:30:00
2024-09-05 17:30:00,ETHUSD,entry,long,0.0,0.4567162249665498,2393.25,0.0,-0.5747061741734528,r_trailing_stop,3.0,2024-09-05 19:00:00,2456.7723614348565,2347.4010554260576,2456.7723614348565,2347.4010554260576,0.2836156785753007,,,2024-09-05 17:30:00
2024-09-05 19:00:00,ETHUSD,exit,long,0.4567162249665498,0.0,2375.45,0.0,-2.465019056418814,,,,,,,,,,,2024-09-05 19:00:00
2024-09-15 21:30:00,ETHUSD,entry,long,0.0,0.7541004053854592,2353.25,0.0,-4.0,r_trailing_stop,1.0,2024-09-15 22:00:00,2388.2283465293935,2323.018661388243,2388.2283465293935,2323.018661388243,0.390360581094175,,,2024-09-15 21:30:00
2024-09-15 22:00:00,ETHUSD,exit,long,0.7541004053854592,0.0,2346.85,0.0,-4.0,,,,,,,,,,,2024-09-15 22:00:00
2024-09-16 02:00:00,ETHUSD,entry,long,0.0,0.5837737254969477,2278.05,0.0,0.6984561407775468,stop_loss,1.0,2024-09-16 02:30:00,2335.9688207484314,2254.042471700627,2335.9688207484314,2254.042471700627,-1.0194591241832316,,,2024-09-16 02:00:00
2024-09-16 02:30:00,ETHUSD,exit,long,0.5837737254969477,0.0,2261.05,0.0,1.396722098410875,,,,,,,,,,,2024-09-16 02:30:00
2024-09-16 03:30:00,ETHUSD,entry,long,0.0,0.5599109683939258,2278.45,0.0,0.729518811287882,r_trailing_stop,4.0,2024-09-16 05:30:00,2333.6369122492615,2248.3952351002954,2333.6369122492615,2248.3952351002954,0.5274306712833876,,,2024-09-16 03:30:00
2024-09-16 05:30:00,ETHUSD,exit,long,0.5599109683939258,0.0,2293.15,0.0,1.0792789940507512,,,,,,,,,,,2024-09-16 05:30:00
2024-09-16 06:30:00,ETHUSD,entry,long,0.0,0.5860668799053625,2291.45,0.0,-0.14632748413974686,r_trailing_stop,4.0,2024-09-16 08:30:00,2354.3031068221435,2272.0487572711427,2354.3031068221435,2272.0487572711427,1.4388738369954093,,,2024-09-16 06:30:00
2024-09-16 08:30:00,ETHUSD,exit,long,0.5860668799053625,0.0,2315.85,1.0,-3.4409298557766244,,,,,,,,,,,2024-09-16 08:30:00
2024-09-16 09:00:00,ETHUSD,entry,long,0.0,0.574664231992535,2304.85,1.0,-1.8568395226735486,stop_loss,1.0,2024-09-16 09:30:00,2376.1961667634314,2291.5715332946274,2376.1961667634314,2291.5715332946274,-1.019155474399751,,,2024-09-16 09:00:00
2024-09-16 09:30:00,ETHUSD,exit,long,0.574664231992535,0.0,2291.85,1.0,-0.11379275152771753,,,,,,,,,,,2024-09-16 09:30:00
2024-09-16 10:00:00,ETHUSD,entry,long,0.0,0.5588484177291229,2299.05,0.0,-1.2327700222908655,r_trailing_stop,2.0,2024-09-16 11:00:00,2353.262655148399,2267.1449379406404,2353.262655148399,2267.1449379406404,0.3044136123681143,,,2024-09-16 10:00:00
2024-09-16 11:00:00,ETHUSD,exit,long,0.5588484177291229,0.0,2304.45,0.0,-0.8311141582139993,,,,,,,,,,,2024-09-16 11:00:00
2024-09-16 12:30:00,ETHUSD,entry,long,0.0,0.5772301722054007,2301.55,1.0,-2.397982288571318,stop_loss,3.0,2024-09-16 14:00:00,2364.179926005844,2280.3480295976624,2364.179926005844,2280.3480295976624,-1.0192410057401908,,,2024-09-16 12:30:00
2024-09-16 14:00:00,ETHUSD,exit,long,0.5772301722054007,0.0,2286.25,0.0,-0.35108976585342583,,,,,,,,,,,2024-09-16 14:00:00
