{
  "could_have_been_profitable": {
    "loser_was_positive_rate": 0.9929078014184397,
    "avg_mfe_r_of_losers": 1.286016558122904,
    "median_mfe_r_of_losers": 1.026332524280196,
    "avg_mfe_r_before_loss": 1.286016558122904,
    "median_mfe_r_before_loss": 1.026332524280196,
    "loser_reached_0_5r_rate": 0.75177304964539,
    "loser_reached_1r_rate": 0.5177304964539007,
    "loser_reached_1_5r_rate": 0.3475177304964539,
    "loser_reached_2r_rate": 0.2198581560283688
  },
  "capture_giveback": {
    "avg_capture_ratio": -5.7892699892049295,
    "median_capture_ratio": 0.1296272779276826,
    "avg_giveback_r": 2.854506885183926,
    "median_giveback_r": 2.1385233224899025,
    "avg_giveback_r_winners": 1.8574288724088068,
    "avg_giveback_r_losers": 4.0708006312642135,
    "median_giveback_r_winners": 1.5508070464865336,
    "median_giveback_r_losers": 3.202249736191807
  },
  "mae_before_win": {
    "winner_had_negative_mae_rate": 0.9767441860465116,
    "winner_had_mae_below_minus_0_25r_rate": 0.7965116279069767,
    "winner_had_mae_below_minus_0_5r_rate": 0.6918604651162791,
    "winner_had_mae_below_minus_1r_rate": 0.48255813953488375,
    "avg_mae_r_of_winners": -1.2559924036098773,
    "median_mae_r_of_winners": -0.9680278581688015,
    "p90_abs_mae_r_of_winners": 2.7746224857028152,
    "avg_mae_r": -2.870920197599228,
    "median_mae_r": -1.9884300796990706,
    "q10_mae_r": -6.552114777174089,
    "q25_mae_r": -3.978399801359157,
    "q75_mae_r": -0.8722167600994692,
    "q90_mae_r": -0.2352796666099618
  },
  "conditional_probabilities": {
    "prob_final_win": 0.549520766773163,
    "prob_final_loss": 0.4504792332268371,
    "prob_final_win_given_mae_gt_minus_0_5r": 1.0,
    "prob_final_win_given_mae_gt_minus_1r": 0.978021978021978,
    "prob_mfe_ge_0_5r": 0.8881789137380192,
    "prob_final_loss_given_mfe_ge_0_5r": 0.381294964028777,
    "prob_mfe_ge_1r": 0.7763578274760383,
    "prob_final_loss_given_mfe_ge_1r": 0.3004115226337449,
    "prob_mfe_ge_1_5r": 0.6645367412140575,
    "prob_final_loss_given_mfe_ge_1_5r": 0.23557692307692307,
    "prob_mfe_ge_2r": 0.5846645367412141,
    "prob_final_loss_given_mfe_ge_2r": 0.16939890710382513,
    "prob_stop_loss_given_mfe_ge_0_5r": 0.0,
    "prob_stop_loss_given_mfe_ge_1r": 0.0
  },
  "exit_reason_quality": {
    "position_exit": {
      "trade_count": 307,
      "avg_r": 0.3711095852775714,
      "median_r": 0.3037083186988812,
      "win_rate": 0.5439739413680782,
      "avg_mfe_r": 3.242133838458951,
      "avg_mae_r": -2.902753228183022,
      "avg_giveback_r": 2.87102425318138,
      "avg_bars_held": 24.104234527687296,
      "profit_factor": 1.291266906185779,
      "stop_after_positive_rate": 0.996742671009772,
      "stop_after_0_5r_rate": 0.8859934853420195,
      "stop_after_1r_rate": 0.7719869706840391
    },
    "reversal": {
      "trade_count": 6,
      "avg_r": 3.8020777544582494,
      "median_r": 2.162322381420213,
      "win_rate": 0.8333333333333334,
      "avg_mfe_r": 5.811445977105765,
      "avg_mae_r": -1.242130132728445,
      "avg_giveback_r": 2.009368222647515,
      "avg_bars_held": 24.0,
      "profit_factor": 16.217569206968694,
      "stop_after_positive_rate": 1.0,
      "stop_after_0_5r_rate": 1.0,
      "stop_after_1r_rate": 1.0
    }
  },
  "timing": {
    "avg_time_to_mfe": 11.86261980830671,
    "median_time_to_mfe": 12.0,
    "avg_time_to_mae": 10.063897763578275,
    "median_time_to_mae": 8.0,
    "prob_mfe_ge_0_5r_within_1_bar": 0.06070287539936102,
    "prob_mfe_ge_0_5r_within_2_bars": 0.0926517571884984,
    "prob_mfe_ge_1r_within_4_bars": 0.09584664536741214,
    "avg_r_by_bars_held_bucket": {
      "1": null,
      "2": null,
      "3-4": null,
      "5-8": null,
      "9-16": null,
      "17+": 0.4368789431532392
    },
    "win_rate_by_bars_held_bucket": {
      "1": null,
      "2": null,
      "3-4": null,
      "5-8": null,
      "9-16": null,
      "17+": 0.549520766773163
    }
  },
  "warnings": [],
  "trade_ledger_construction": {
    "ledger_source": "position_transitions",
    "trade_count": 313,
    "position_transition_count": 626,
    "fallback_price_risk_distance_count": 0,
    "end_of_data_exit_count": 0,
    "skipped_missing_price_count": 0,
    "warnings": []
  },
  "path_construction": {
    "trade_count": 313,
    "path_trade_count": 313,
    "skipped_trade_paths_missing_risk": 0,
    "skipped_trade_paths_missing_asset_frame": 0,
    "skipped_trade_paths_missing_timestamps": 0,
    "truncated": false,
    "warnings": []
  },
  "counterfactual": {
    "counterfactual.baseline.trade_count": 313,
    "counterfactual.baseline.avg_r": 0.4368789431532392,
    "counterfactual.baseline.median_r": 0.32808539304174006,
    "counterfactual.baseline.win_rate": 0.549520766773163,
    "counterfactual.baseline.profit_factor": 1.3482529559506573,
    "counterfactual.breakeven_after_0_5r.trade_count": 313,
    "counterfactual.breakeven_after_0_5r.avg_r": -0.134987290977787,
    "counterfactual.breakeven_after_0_5r.median_r": 0.0,
    "counterfactual.breakeven_after_0_5r.win_rate": 0.009584664536741214,
    "counterfactual.breakeven_after_0_5r.profit_factor": 0.19556556447928083,
    "counterfactual.breakeven_after_1_0r.trade_count": 313,
    "counterfactual.breakeven_after_1_0r.avg_r": -0.1691231821262533,
    "counterfactual.breakeven_after_1_0r.median_r": 0.0,
    "counterfactual.breakeven_after_1_0r.win_rate": 0.10223642172523961,
    "counterfactual.breakeven_after_1_0r.profit_factor": 0.6684047616987941,
    "counterfactual.exit_at_first_0_5r.trade_count": 313,
    "counterfactual.exit_at_first_0_5r.avg_r": 0.30983181387547537,
    "counterfactual.exit_at_first_0_5r.median_r": 0.5,
    "counterfactual.exit_at_first_0_5r.win_rate": 0.9552715654952076,
    "counterfactual.exit_at_first_0_5r.profit_factor": 2.8463914528241956,
    "counterfactual.exit_at_first_1_0r.trade_count": 313,
    "counterfactual.exit_at_first_1_0r.avg_r": 0.34304787330402625,
    "counterfactual.exit_at_first_1_0r.median_r": 1.0,
    "counterfactual.exit_at_first_1_0r.win_rate": 0.8562300319488818,
    "counterfactual.exit_at_first_1_0r.profit_factor": 1.67260466523183,
    "counterfactual.partial_50pct_at_1r.trade_count": 313,
    "counterfactual.partial_50pct_at_1r.avg_r": 0.3899634082286327,
    "counterfactual.partial_50pct_at_1r.median_r": 0.6518541593494406,
    "counterfactual.partial_50pct_at_1r.win_rate": 0.6741214057507987,
    "counterfactual.partial_50pct_at_1r.profit_factor": 1.5140027152544062,
    "counterfactual.time_exit_after_4_bars_if_mfe_lt_0_3r.trade_count": 313,
    "counterfactual.time_exit_after_4_bars_if_mfe_lt_0_3r.avg_r": 0.3973918293950763,
    "counterfactual.time_exit_after_4_bars_if_mfe_lt_0_3r.median_r": 0.2701802895298566,
    "counterfactual.time_exit_after_4_bars_if_mfe_lt_0_3r.win_rate": 0.5399361022364217,
    "counterfactual.time_exit_after_4_bars_if_mfe_lt_0_3r.profit_factor": 1.3127699519106186,
    "counterfactual.trail_0_5r_after_1_0r.trade_count": 313,
    "counterfactual.trail_0_5r_after_1_0r.avg_r": 0.5025970763565193,
    "counterfactual.trail_0_5r_after_1_0r.median_r": 0.814615678205884,
    "counterfactual.trail_0_5r_after_1_0r.win_rate": 0.8562300319488818,
    "counterfactual.trail_0_5r_after_1_0r.profit_factor": 1.9854284623116643,
    "counterfactual.best_policy_by_avg_r": "trail_0_5r_after_1_0r",
    "counterfactual.best_policy_by_profit_factor": "exit_at_first_0_5r"
  }
}